<?xml version="1.0" encoding="UTF-8"?>
<gpx version="1.1" creator="compostel-brouter" xmlns="http://www.topografix.com/GPX/1/1">
  <metadata><name>ES-25-Villaviciosa</name></metadata>
  <trk><name>ES-25-Villaviciosa</name><trkseg>
<trkpt lon="-5.055699" lat="43.461957"><ele>39.75</ele></trkpt>
<trkpt lon="-5.055733" lat="43.461799"><ele>44.5</ele></trkpt>
<trkpt lon="-5.055802" lat="43.461716"><ele>46.0</ele></trkpt>
<trkpt lon="-5.055911" lat="43.461650"><ele>46.25</ele></trkpt>
<trkpt lon="-5.055984" lat="43.461586"><ele>46.75</ele></trkpt>
<trkpt lon="-5.056076" lat="43.461407"><ele>50.0</ele></trkpt>
<trkpt lon="-5.056129" lat="43.461349"><ele>49.75</ele></trkpt>
<trkpt lon="-5.056222" lat="43.461188"><ele>47.5</ele></trkpt>
<trkpt lon="-5.056216" lat="43.461127"><ele>46.75</ele></trkpt>
<trkpt lon="-5.056168" lat="43.461031"><ele>47.5</ele></trkpt>
<trkpt lon="-5.056109" lat="43.461007"><ele>48.5</ele></trkpt>
<trkpt lon="-5.057273" lat="43.461125"><ele>27.75</ele></trkpt>
<trkpt lon="-5.057704" lat="43.461197"><ele>21.0</ele></trkpt>
<trkpt lon="-5.057758" lat="43.461218"><ele>19.5</ele></trkpt>
<trkpt lon="-5.057794" lat="43.461240"><ele>18.25</ele></trkpt>
<trkpt lon="-5.057823" lat="43.461280"><ele>16.5</ele></trkpt>
<trkpt lon="-5.057877" lat="43.461476"><ele>11.75</ele></trkpt>
<trkpt lon="-5.057889" lat="43.461512"><ele>11.25</ele></trkpt>
<trkpt lon="-5.057953" lat="43.461434"><ele>10.5</ele></trkpt>
<trkpt lon="-5.058037" lat="43.461496"><ele>8.0</ele></trkpt>
<trkpt lon="-5.058070" lat="43.461512"><ele>7.5</ele></trkpt>
<trkpt lon="-5.058216" lat="43.461619"><ele>5.5</ele></trkpt>
<trkpt lon="-5.058327" lat="43.461737"><ele>4.75</ele></trkpt>
<trkpt lon="-5.058489" lat="43.461932"><ele>4.0</ele></trkpt>
<trkpt lon="-5.058752" lat="43.461815"><ele>3.5</ele></trkpt>
<trkpt lon="-5.058740" lat="43.461789"><ele>3.75</ele></trkpt>
<trkpt lon="-5.058866" lat="43.461738"><ele>3.75</ele></trkpt>
<trkpt lon="-5.058867" lat="43.461718"><ele>3.75</ele></trkpt>
<trkpt lon="-5.058872" lat="43.461703"><ele>3.75</ele></trkpt>
<trkpt lon="-5.059035" lat="43.461624"><ele>3.5</ele></trkpt>
<trkpt lon="-5.059047" lat="43.461633"><ele>3.25</ele></trkpt>
<trkpt lon="-5.059149" lat="43.461586"><ele>3.25</ele></trkpt>
<trkpt lon="-5.059512" lat="43.461448"><ele>2.75</ele></trkpt>
<trkpt lon="-5.059646" lat="43.461618"><ele>3.0</ele></trkpt>
<trkpt lon="-5.059869" lat="43.461899"><ele>3.0</ele></trkpt>
<trkpt lon="-5.060032" lat="43.462108"><ele>3.0</ele></trkpt>
<trkpt lon="-5.060108" lat="43.462140"><ele>3.0</ele></trkpt>
<trkpt lon="-5.060141" lat="43.462079"><ele>3.0</ele></trkpt>
<trkpt lon="-5.060194" lat="43.462021"><ele>3.0</ele></trkpt>
<trkpt lon="-5.060241" lat="43.462066"><ele>3.0</ele></trkpt>
<trkpt lon="-5.060337" lat="43.462086"><ele>3.0</ele></trkpt>
<trkpt lon="-5.060367" lat="43.462028"><ele>3.0</ele></trkpt>
<trkpt lon="-5.060415" lat="43.461980"><ele>3.25</ele></trkpt>
<trkpt lon="-5.060518" lat="43.461935"><ele>3.75</ele></trkpt>
<trkpt lon="-5.060624" lat="43.461917"><ele>3.75</ele></trkpt>
<trkpt lon="-5.060757" lat="43.461885"><ele>3.25</ele></trkpt>
<trkpt lon="-5.060864" lat="43.461732"><ele>2.75</ele></trkpt>
<trkpt lon="-5.060969" lat="43.461726"><ele>2.5</ele></trkpt>
<trkpt lon="-5.060984" lat="43.461702"><ele>2.25</ele></trkpt>
<trkpt lon="-5.060983" lat="43.461646"><ele>2.25</ele></trkpt>
<trkpt lon="-5.061046" lat="43.461665"><ele>2.25</ele></trkpt>
<trkpt lon="-5.061054" lat="43.461652"><ele>2.25</ele></trkpt>
<trkpt lon="-5.063493" lat="43.462439"><ele>2.5</ele></trkpt>
<trkpt lon="-5.063487" lat="43.462447"><ele>2.5</ele></trkpt>
<trkpt lon="-5.063575" lat="43.462475"><ele>2.5</ele></trkpt>
<trkpt lon="-5.063526" lat="43.462553"><ele>2.5</ele></trkpt>
<trkpt lon="-5.064139" lat="43.462758"><ele>2.75</ele></trkpt>
<trkpt lon="-5.064123" lat="43.462920"><ele>3.5</ele></trkpt>
<trkpt lon="-5.063999" lat="43.463086"><ele>2.5</ele></trkpt>
<trkpt lon="-5.063928" lat="43.463193"><ele>2.25</ele></trkpt>
<trkpt lon="-5.063890" lat="43.463288"><ele>2.5</ele></trkpt>
<trkpt lon="-5.063904" lat="43.463347"><ele>3.0</ele></trkpt>
<trkpt lon="-5.063980" lat="43.463319"><ele>3.25</ele></trkpt>
<trkpt lon="-5.064025" lat="43.463286"><ele>3.25</ele></trkpt>
<trkpt lon="-5.064093" lat="43.463190"><ele>3.75</ele></trkpt>
<trkpt lon="-5.064151" lat="43.463214"><ele>4.25</ele></trkpt>
<trkpt lon="-5.064225" lat="43.463244"><ele>4.0</ele></trkpt>
<trkpt lon="-5.064874" lat="43.463525"><ele>3.5</ele></trkpt>
<trkpt lon="-5.065234" lat="43.463677"><ele>3.5</ele></trkpt>
<trkpt lon="-5.065817" lat="43.463953"><ele>3.5</ele></trkpt>
<trkpt lon="-5.066014" lat="43.464012"><ele>4.0</ele></trkpt>
<trkpt lon="-5.066282" lat="43.464059"><ele>4.25</ele></trkpt>
<trkpt lon="-5.066373" lat="43.464042"><ele>4.25</ele></trkpt>
<trkpt lon="-5.066406" lat="43.464118"><ele>4.0</ele></trkpt>
<trkpt lon="-5.066425" lat="43.464164"><ele>4.0</ele></trkpt>
<trkpt lon="-5.066453" lat="43.464232"><ele>4.0</ele></trkpt>
<trkpt lon="-5.066696" lat="43.464895"><ele>5.0</ele></trkpt>
<trkpt lon="-5.066897" lat="43.465405"><ele>5.0</ele></trkpt>
<trkpt lon="-5.067091" lat="43.465369"><ele>5.5</ele></trkpt>
<trkpt lon="-5.067938" lat="43.465277"><ele>6.0</ele></trkpt>
<trkpt lon="-5.068279" lat="43.465260"><ele>6.0</ele></trkpt>
<trkpt lon="-5.069464" lat="43.465230"><ele>5.5</ele></trkpt>
<trkpt lon="-5.069847" lat="43.465240"><ele>5.25</ele></trkpt>
<trkpt lon="-5.070425" lat="43.465276"><ele>6.0</ele></trkpt>
<trkpt lon="-5.070915" lat="43.465330"><ele>6.0</ele></trkpt>
<trkpt lon="-5.071301" lat="43.465386"><ele>4.75</ele></trkpt>
<trkpt lon="-5.071860" lat="43.465485"><ele>4.75</ele></trkpt>
<trkpt lon="-5.072277" lat="43.465575"><ele>5.75</ele></trkpt>
<trkpt lon="-5.073565" lat="43.465932"><ele>4.5</ele></trkpt>
<trkpt lon="-5.074530" lat="43.466261"><ele>4.5</ele></trkpt>
<trkpt lon="-5.074780" lat="43.466366"><ele>4.5</ele></trkpt>
<trkpt lon="-5.074993" lat="43.466470"><ele>4.75</ele></trkpt>
<trkpt lon="-5.075254" lat="43.465760"><ele>5.0</ele></trkpt>
<trkpt lon="-5.075299" lat="43.465758"><ele>5.0</ele></trkpt>
<trkpt lon="-5.075344" lat="43.465742"><ele>5.0</ele></trkpt>
<trkpt lon="-5.075378" lat="43.465712"><ele>5.0</ele></trkpt>
<trkpt lon="-5.075390" lat="43.465683"><ele>5.0</ele></trkpt>
<trkpt lon="-5.075518" lat="43.465738"><ele>5.0</ele></trkpt>
<trkpt lon="-5.076330" lat="43.466124"><ele>5.0</ele></trkpt>
<trkpt lon="-5.077239" lat="43.466565"><ele>4.0</ele></trkpt>
<trkpt lon="-5.077423" lat="43.466658"><ele>4.0</ele></trkpt>
<trkpt lon="-5.077577" lat="43.466737"><ele>4.0</ele></trkpt>
<trkpt lon="-5.077645" lat="43.466772"><ele>4.0</ele></trkpt>
<trkpt lon="-5.077797" lat="43.466840"><ele>3.75</ele></trkpt>
<trkpt lon="-5.078148" lat="43.467006"><ele>3.75</ele></trkpt>
<trkpt lon="-5.078402" lat="43.467098"><ele>4.75</ele></trkpt>
<trkpt lon="-5.078866" lat="43.467206"><ele>3.0</ele></trkpt>
<trkpt lon="-5.079093" lat="43.467245"><ele>3.0</ele></trkpt>
<trkpt lon="-5.079200" lat="43.467263"><ele>3.25</ele></trkpt>
<trkpt lon="-5.079638" lat="43.467331"><ele>4.0</ele></trkpt>
<trkpt lon="-5.080193" lat="43.467391"><ele>4.0</ele></trkpt>
<trkpt lon="-5.080317" lat="43.467403"><ele>4.0</ele></trkpt>
<trkpt lon="-5.081030" lat="43.467479"><ele>3.25</ele></trkpt>
<trkpt lon="-5.081406" lat="43.467520"><ele>3.25</ele></trkpt>
<trkpt lon="-5.082511" lat="43.467641"><ele>5.0</ele></trkpt>
<trkpt lon="-5.082531" lat="43.467642"><ele>5.0</ele></trkpt>
<trkpt lon="-5.082785" lat="43.467659"><ele>5.0</ele></trkpt>
<trkpt lon="-5.083562" lat="43.467696"><ele>3.5</ele></trkpt>
<trkpt lon="-5.085376" lat="43.467817"><ele>3.0</ele></trkpt>
<trkpt lon="-5.085546" lat="43.467821"><ele>3.0</ele></trkpt>
<trkpt lon="-5.087673" lat="43.467898"><ele>5.75</ele></trkpt>
<trkpt lon="-5.087673" lat="43.467937"><ele>6.0</ele></trkpt>
<trkpt lon="-5.087687" lat="43.467973"><ele>6.0</ele></trkpt>
<trkpt lon="-5.087713" lat="43.468007"><ele>6.0</ele></trkpt>
<trkpt lon="-5.087751" lat="43.468033"><ele>6.0</ele></trkpt>
<trkpt lon="-5.087797" lat="43.468052"><ele>6.0</ele></trkpt>
<trkpt lon="-5.087848" lat="43.468062"><ele>6.5</ele></trkpt>
<trkpt lon="-5.087900" lat="43.468062"><ele>6.75</ele></trkpt>
<trkpt lon="-5.087951" lat="43.468052"><ele>6.5</ele></trkpt>
<trkpt lon="-5.087996" lat="43.468032"><ele>6.5</ele></trkpt>
<trkpt lon="-5.088033" lat="43.468005"><ele>6.5</ele></trkpt>
<trkpt lon="-5.088158" lat="43.467999"><ele>7.0</ele></trkpt>
<trkpt lon="-5.088267" lat="43.468005"><ele>7.25</ele></trkpt>
<trkpt lon="-5.088576" lat="43.468070"><ele>9.25</ele></trkpt>
<trkpt lon="-5.088802" lat="43.468140"><ele>11.0</ele></trkpt>
<trkpt lon="-5.088959" lat="43.468210"><ele>12.25</ele></trkpt>
<trkpt lon="-5.089619" lat="43.468640"><ele>18.0</ele></trkpt>
<trkpt lon="-5.089765" lat="43.468748"><ele>18.5</ele></trkpt>
<trkpt lon="-5.089878" lat="43.468869"><ele>19.0</ele></trkpt>
<trkpt lon="-5.090095" lat="43.469142"><ele>20.25</ele></trkpt>
<trkpt lon="-5.090166" lat="43.469288"><ele>20.25</ele></trkpt>
<trkpt lon="-5.090177" lat="43.469341"><ele>20.5</ele></trkpt>
<trkpt lon="-5.090174" lat="43.469413"><ele>21.75</ele></trkpt>
<trkpt lon="-5.090153" lat="43.469478"><ele>22.75</ele></trkpt>
<trkpt lon="-5.090144" lat="43.469561"><ele>23.5</ele></trkpt>
<trkpt lon="-5.090148" lat="43.469595"><ele>23.5</ele></trkpt>
<trkpt lon="-5.090197" lat="43.469671"><ele>23.0</ele></trkpt>
<trkpt lon="-5.090286" lat="43.469761"><ele>22.75</ele></trkpt>
<trkpt lon="-5.090461" lat="43.469888"><ele>24.0</ele></trkpt>
<trkpt lon="-5.090575" lat="43.469944"><ele>24.0</ele></trkpt>
<trkpt lon="-5.090781" lat="43.470021"><ele>24.5</ele></trkpt>
<trkpt lon="-5.091110" lat="43.470093"><ele>28.0</ele></trkpt>
<trkpt lon="-5.091986" lat="43.470309"><ele>36.25</ele></trkpt>
<trkpt lon="-5.092142" lat="43.470366"><ele>38.5</ele></trkpt>
<trkpt lon="-5.092380" lat="43.470497"><ele>40.25</ele></trkpt>
<trkpt lon="-5.092506" lat="43.470585"><ele>41.75</ele></trkpt>
<trkpt lon="-5.092689" lat="43.470774"><ele>44.5</ele></trkpt>
<trkpt lon="-5.092724" lat="43.470835"><ele>45.75</ele></trkpt>
<trkpt lon="-5.092768" lat="43.470965"><ele>45.0</ele></trkpt>
<trkpt lon="-5.092775" lat="43.471058"><ele>45.0</ele></trkpt>
<trkpt lon="-5.092767" lat="43.471147"><ele>45.5</ele></trkpt>
<trkpt lon="-5.092778" lat="43.471285"><ele>46.75</ele></trkpt>
<trkpt lon="-5.092807" lat="43.471367"><ele>47.75</ele></trkpt>
<trkpt lon="-5.092866" lat="43.471444"><ele>49.25</ele></trkpt>
<trkpt lon="-5.092919" lat="43.471494"><ele>50.0</ele></trkpt>
<trkpt lon="-5.093069" lat="43.471594"><ele>50.5</ele></trkpt>
<trkpt lon="-5.093213" lat="43.471680"><ele>51.75</ele></trkpt>
<trkpt lon="-5.093791" lat="43.471916"><ele>56.75</ele></trkpt>
<trkpt lon="-5.094139" lat="43.472036"><ele>59.75</ele></trkpt>
<trkpt lon="-5.095028" lat="43.472461"><ele>67.25</ele></trkpt>
<trkpt lon="-5.095255" lat="43.472566"><ele>69.25</ele></trkpt>
<trkpt lon="-5.095535" lat="43.472661"><ele>71.25</ele></trkpt>
<trkpt lon="-5.095859" lat="43.472701"><ele>72.25</ele></trkpt>
<trkpt lon="-5.096116" lat="43.472715"><ele>73.25</ele></trkpt>
<trkpt lon="-5.097152" lat="43.472737"><ele>81.25</ele></trkpt>
<trkpt lon="-5.097502" lat="43.472778"><ele>84.0</ele></trkpt>
<trkpt lon="-5.097626" lat="43.472792"><ele>84.5</ele></trkpt>
<trkpt lon="-5.098105" lat="43.472848"><ele>85.5</ele></trkpt>
<trkpt lon="-5.098288" lat="43.472840"><ele>85.75</ele></trkpt>
<trkpt lon="-5.098698" lat="43.472832"><ele>85.25</ele></trkpt>
<trkpt lon="-5.098986" lat="43.472840"><ele>83.75</ele></trkpt>
<trkpt lon="-5.099327" lat="43.472829"><ele>80.5</ele></trkpt>
<trkpt lon="-5.099993" lat="43.472831"><ele>77.25</ele></trkpt>
<trkpt lon="-5.100491" lat="43.472899"><ele>75.25</ele></trkpt>
<trkpt lon="-5.100821" lat="43.472842"><ele>76.75</ele></trkpt>
<trkpt lon="-5.101390" lat="43.472704"><ele>78.75</ele></trkpt>
<trkpt lon="-5.101962" lat="43.472738"><ele>77.25</ele></trkpt>
<trkpt lon="-5.102298" lat="43.472725"><ele>77.0</ele></trkpt>
<trkpt lon="-5.103264" lat="43.472842"><ele>73.25</ele></trkpt>
<trkpt lon="-5.103877" lat="43.473067"><ele>72.75</ele></trkpt>
<trkpt lon="-5.104096" lat="43.473113"><ele>72.25</ele></trkpt>
<trkpt lon="-5.104384" lat="43.473125"><ele>73.0</ele></trkpt>
<trkpt lon="-5.106430" lat="43.473049"><ele>80.0</ele></trkpt>
<trkpt lon="-5.107137" lat="43.473148"><ele>82.75</ele></trkpt>
<trkpt lon="-5.107588" lat="43.473346"><ele>85.0</ele></trkpt>
<trkpt lon="-5.108093" lat="43.473458"><ele>85.25</ele></trkpt>
<trkpt lon="-5.109038" lat="43.473496"><ele>85.25</ele></trkpt>
<trkpt lon="-5.109915" lat="43.473572"><ele>87.5</ele></trkpt>
<trkpt lon="-5.110158" lat="43.473568"><ele>88.0</ele></trkpt>
<trkpt lon="-5.110560" lat="43.473503"><ele>89.75</ele></trkpt>
<trkpt lon="-5.110936" lat="43.473397"><ele>91.0</ele></trkpt>
<trkpt lon="-5.111244" lat="43.473385"><ele>93.25</ele></trkpt>
<trkpt lon="-5.111442" lat="43.473317"><ele>94.25</ele></trkpt>
<trkpt lon="-5.112110" lat="43.472845"><ele>95.75</ele></trkpt>
<trkpt lon="-5.112795" lat="43.472599"><ele>98.25</ele></trkpt>
<trkpt lon="-5.112882" lat="43.472528"><ele>98.25</ele></trkpt>
<trkpt lon="-5.113178" lat="43.472183"><ele>99.5</ele></trkpt>
<trkpt lon="-5.113268" lat="43.472028"><ele>100.75</ele></trkpt>
<trkpt lon="-5.113434" lat="43.472260"><ele>102.25</ele></trkpt>
<trkpt lon="-5.113471" lat="43.472327"><ele>103.25</ele></trkpt>
<trkpt lon="-5.113522" lat="43.472349"><ele>104.25</ele></trkpt>
<trkpt lon="-5.113552" lat="43.472354"><ele>104.5</ele></trkpt>
<trkpt lon="-5.113773" lat="43.472358"><ele>107.0</ele></trkpt>
<trkpt lon="-5.114195" lat="43.472411"><ele>111.25</ele></trkpt>
<trkpt lon="-5.114439" lat="43.472488"><ele>112.75</ele></trkpt>
<trkpt lon="-5.114582" lat="43.472540"><ele>113.25</ele></trkpt>
<trkpt lon="-5.114716" lat="43.472600"><ele>114.0</ele></trkpt>
<trkpt lon="-5.114794" lat="43.472651"><ele>115.0</ele></trkpt>
<trkpt lon="-5.114904" lat="43.472678"><ele>115.0</ele></trkpt>
<trkpt lon="-5.114949" lat="43.472678"><ele>115.0</ele></trkpt>
<trkpt lon="-5.115134" lat="43.472670"><ele>115.0</ele></trkpt>
<trkpt lon="-5.115185" lat="43.472655"><ele>115.0</ele></trkpt>
<trkpt lon="-5.115255" lat="43.472602"><ele>114.75</ele></trkpt>
<trkpt lon="-5.115276" lat="43.472538"><ele>114.25</ele></trkpt>
<trkpt lon="-5.115351" lat="43.472370"><ele>115.75</ele></trkpt>
<trkpt lon="-5.115408" lat="43.472258"><ele>117.25</ele></trkpt>
<trkpt lon="-5.115448" lat="43.472211"><ele>117.75</ele></trkpt>
<trkpt lon="-5.115791" lat="43.472170"><ele>122.75</ele></trkpt>
<trkpt lon="-5.115920" lat="43.472166"><ele>124.25</ele></trkpt>
<trkpt lon="-5.116084" lat="43.472152"><ele>125.5</ele></trkpt>
<trkpt lon="-5.116204" lat="43.472162"><ele>126.25</ele></trkpt>
<trkpt lon="-5.116355" lat="43.472187"><ele>127.0</ele></trkpt>
<trkpt lon="-5.116725" lat="43.472137"><ele>126.75</ele></trkpt>
<trkpt lon="-5.117009" lat="43.472156"><ele>127.5</ele></trkpt>
<trkpt lon="-5.117159" lat="43.472145"><ele>128.0</ele></trkpt>
<trkpt lon="-5.118157" lat="43.472005"><ele>130.0</ele></trkpt>
<trkpt lon="-5.118522" lat="43.471968"><ele>130.25</ele></trkpt>
<trkpt lon="-5.118643" lat="43.471979"><ele>130.25</ele></trkpt>
<trkpt lon="-5.118962" lat="43.472051"><ele>129.0</ele></trkpt>
<trkpt lon="-5.119109" lat="43.472119"><ele>127.5</ele></trkpt>
<trkpt lon="-5.119190" lat="43.472180"><ele>127.5</ele></trkpt>
<trkpt lon="-5.119348" lat="43.472219"><ele>128.5</ele></trkpt>
<trkpt lon="-5.119399" lat="43.472213"><ele>128.5</ele></trkpt>
<trkpt lon="-5.119528" lat="43.472213"><ele>128.25</ele></trkpt>
<trkpt lon="-5.119882" lat="43.472240"><ele>128.0</ele></trkpt>
<trkpt lon="-5.120163" lat="43.472279"><ele>127.0</ele></trkpt>
<trkpt lon="-5.120477" lat="43.472347"><ele>125.0</ele></trkpt>
<trkpt lon="-5.120794" lat="43.472429"><ele>121.25</ele></trkpt>
<trkpt lon="-5.121070" lat="43.472532"><ele>119.25</ele></trkpt>
<trkpt lon="-5.121124" lat="43.472585"><ele>118.75</ele></trkpt>
<trkpt lon="-5.121244" lat="43.472664"><ele>116.25</ele></trkpt>
<trkpt lon="-5.121286" lat="43.473096"><ele>110.75</ele></trkpt>
<trkpt lon="-5.121361" lat="43.473326"><ele>106.0</ele></trkpt>
<trkpt lon="-5.121479" lat="43.473478"><ele>106.5</ele></trkpt>
<trkpt lon="-5.121824" lat="43.473659"><ele>103.25</ele></trkpt>
<trkpt lon="-5.122057" lat="43.473694"><ele>101.75</ele></trkpt>
<trkpt lon="-5.122229" lat="43.473698"><ele>100.25</ele></trkpt>
<trkpt lon="-5.122527" lat="43.473664"><ele>96.75</ele></trkpt>
<trkpt lon="-5.122675" lat="43.473678"><ele>96.25</ele></trkpt>
<trkpt lon="-5.122840" lat="43.473707"><ele>96.0</ele></trkpt>
<trkpt lon="-5.122985" lat="43.473766"><ele>96.25</ele></trkpt>
<trkpt lon="-5.123379" lat="43.473969"><ele>95.0</ele></trkpt>
<trkpt lon="-5.123613" lat="43.474123"><ele>94.0</ele></trkpt>
<trkpt lon="-5.123812" lat="43.474226"><ele>92.0</ele></trkpt>
<trkpt lon="-5.124055" lat="43.474325"><ele>88.5</ele></trkpt>
<trkpt lon="-5.124221" lat="43.474450"><ele>87.0</ele></trkpt>
<trkpt lon="-5.124341" lat="43.474525"><ele>87.5</ele></trkpt>
<trkpt lon="-5.124543" lat="43.474533"><ele>86.0</ele></trkpt>
<trkpt lon="-5.124699" lat="43.474531"><ele>85.0</ele></trkpt>
<trkpt lon="-5.124887" lat="43.474519"><ele>83.0</ele></trkpt>
<trkpt lon="-5.125007" lat="43.474496"><ele>81.25</ele></trkpt>
<trkpt lon="-5.125260" lat="43.474533"><ele>79.75</ele></trkpt>
<trkpt lon="-5.125428" lat="43.474502"><ele>76.25</ele></trkpt>
<trkpt lon="-5.125705" lat="43.474426"><ele>71.0</ele></trkpt>
<trkpt lon="-5.125747" lat="43.474445"><ele>70.75</ele></trkpt>
<trkpt lon="-5.126109" lat="43.474799"><ele>67.5</ele></trkpt>
<trkpt lon="-5.126336" lat="43.475149"><ele>63.5</ele></trkpt>
<trkpt lon="-5.126568" lat="43.475379"><ele>60.25</ele></trkpt>
<trkpt lon="-5.126930" lat="43.475589"><ele>55.75</ele></trkpt>
<trkpt lon="-5.127402" lat="43.475967"><ele>49.25</ele></trkpt>
<trkpt lon="-5.127637" lat="43.476254"><ele>44.5</ele></trkpt>
<trkpt lon="-5.127615" lat="43.476590"><ele>42.75</ele></trkpt>
<trkpt lon="-5.127644" lat="43.476726"><ele>42.25</ele></trkpt>
<trkpt lon="-5.127822" lat="43.476833"><ele>41.5</ele></trkpt>
<trkpt lon="-5.128026" lat="43.476865"><ele>40.5</ele></trkpt>
<trkpt lon="-5.128227" lat="43.476871"><ele>40.25</ele></trkpt>
<trkpt lon="-5.128568" lat="43.476811"><ele>36.75</ele></trkpt>
<trkpt lon="-5.128983" lat="43.476824"><ele>35.25</ele></trkpt>
<trkpt lon="-5.129385" lat="43.476800"><ele>31.75</ele></trkpt>
<trkpt lon="-5.129617" lat="43.476835"><ele>29.75</ele></trkpt>
<trkpt lon="-5.129948" lat="43.477010"><ele>25.75</ele></trkpt>
<trkpt lon="-5.130272" lat="43.477299"><ele>22.75</ele></trkpt>
<trkpt lon="-5.131064" lat="43.477613"><ele>15.0</ele></trkpt>
<trkpt lon="-5.131259" lat="43.477672"><ele>12.25</ele></trkpt>
<trkpt lon="-5.131290" lat="43.477622"><ele>11.75</ele></trkpt>
<trkpt lon="-5.131519" lat="43.477419"><ele>9.0</ele></trkpt>
<trkpt lon="-5.131572" lat="43.477339"><ele>8.5</ele></trkpt>
<trkpt lon="-5.131601" lat="43.477285"><ele>8.25</ele></trkpt>
<trkpt lon="-5.131618" lat="43.477219"><ele>7.75</ele></trkpt>
<trkpt lon="-5.131589" lat="43.477148"><ele>7.5</ele></trkpt>
<trkpt lon="-5.131673" lat="43.477092"><ele>7.5</ele></trkpt>
<trkpt lon="-5.132215" lat="43.476963"><ele>7.0</ele></trkpt>
<trkpt lon="-5.132354" lat="43.476912"><ele>6.25</ele></trkpt>
<trkpt lon="-5.132463" lat="43.476845"><ele>6.0</ele></trkpt>
<trkpt lon="-5.132551" lat="43.476770"><ele>6.0</ele></trkpt>
<trkpt lon="-5.132597" lat="43.476701"><ele>6.0</ele></trkpt>
<trkpt lon="-5.132682" lat="43.476301"><ele>7.0</ele></trkpt>
<trkpt lon="-5.132732" lat="43.476167"><ele>7.0</ele></trkpt>
<trkpt lon="-5.132867" lat="43.475970"><ele>7.5</ele></trkpt>
<trkpt lon="-5.132943" lat="43.475894"><ele>7.25</ele></trkpt>
<trkpt lon="-5.133411" lat="43.475516"><ele>7.0</ele></trkpt>
<trkpt lon="-5.133554" lat="43.475392"><ele>7.25</ele></trkpt>
<trkpt lon="-5.133597" lat="43.475329"><ele>7.0</ele></trkpt>
<trkpt lon="-5.133605" lat="43.475257"><ele>7.0</ele></trkpt>
<trkpt lon="-5.133584" lat="43.475186"><ele>7.25</ele></trkpt>
<trkpt lon="-5.134203" lat="43.474956"><ele>7.75</ele></trkpt>
<trkpt lon="-5.134279" lat="43.474911"><ele>7.75</ele></trkpt>
<trkpt lon="-5.134317" lat="43.474870"><ele>7.75</ele></trkpt>
<trkpt lon="-5.134368" lat="43.474796"><ele>8.0</ele></trkpt>
<trkpt lon="-5.134451" lat="43.474701"><ele>8.0</ele></trkpt>
<trkpt lon="-5.134644" lat="43.474438"><ele>8.25</ele></trkpt>
<trkpt lon="-5.134700" lat="43.474392"><ele>9.25</ele></trkpt>
<trkpt lon="-5.134761" lat="43.474364"><ele>10.5</ele></trkpt>
<trkpt lon="-5.134844" lat="43.474347"><ele>11.75</ele></trkpt>
<trkpt lon="-5.134935" lat="43.474347"><ele>12.75</ele></trkpt>
<trkpt lon="-5.135739" lat="43.474522"><ele>21.0</ele></trkpt>
<trkpt lon="-5.135922" lat="43.474544"><ele>22.5</ele></trkpt>
<trkpt lon="-5.136035" lat="43.474547"><ele>23.25</ele></trkpt>
<trkpt lon="-5.136201" lat="43.474520"><ele>25.0</ele></trkpt>
<trkpt lon="-5.136361" lat="43.474473"><ele>26.5</ele></trkpt>
<trkpt lon="-5.136546" lat="43.474396"><ele>29.5</ele></trkpt>
<trkpt lon="-5.136922" lat="43.474219"><ele>36.25</ele></trkpt>
<trkpt lon="-5.137185" lat="43.474121"><ele>40.25</ele></trkpt>
<trkpt lon="-5.137874" lat="43.473980"><ele>48.0</ele></trkpt>
<trkpt lon="-5.138018" lat="43.473934"><ele>49.0</ele></trkpt>
<trkpt lon="-5.138295" lat="43.473823"><ele>51.0</ele></trkpt>
<trkpt lon="-5.138519" lat="43.473767"><ele>52.5</ele></trkpt>
<trkpt lon="-5.138690" lat="43.473705"><ele>53.75</ele></trkpt>
<trkpt lon="-5.138792" lat="43.473644"><ele>55.0</ele></trkpt>
<trkpt lon="-5.139017" lat="43.473419"><ele>59.0</ele></trkpt>
<trkpt lon="-5.139152" lat="43.473311"><ele>60.75</ele></trkpt>
<trkpt lon="-5.139236" lat="43.473265"><ele>62.75</ele></trkpt>
<trkpt lon="-5.139414" lat="43.473232"><ele>64.25</ele></trkpt>
<trkpt lon="-5.139884" lat="43.473122"><ele>69.75</ele></trkpt>
<trkpt lon="-5.140402" lat="43.472919"><ele>80.25</ele></trkpt>
<trkpt lon="-5.140889" lat="43.472820"><ele>84.5</ele></trkpt>
<trkpt lon="-5.141075" lat="43.472762"><ele>85.75</ele></trkpt>
<trkpt lon="-5.141199" lat="43.472701"><ele>87.0</ele></trkpt>
<trkpt lon="-5.141233" lat="43.472619"><ele>87.5</ele></trkpt>
<trkpt lon="-5.141247" lat="43.472546"><ele>87.75</ele></trkpt>
<trkpt lon="-5.141333" lat="43.472494"><ele>87.5</ele></trkpt>
<trkpt lon="-5.142053" lat="43.472196"><ele>96.5</ele></trkpt>
<trkpt lon="-5.142802" lat="43.472032"><ele>106.25</ele></trkpt>
<trkpt lon="-5.142909" lat="43.472014"><ele>107.75</ele></trkpt>
<trkpt lon="-5.143029" lat="43.472019"><ele>108.0</ele></trkpt>
<trkpt lon="-5.143418" lat="43.472091"><ele>112.75</ele></trkpt>
<trkpt lon="-5.143505" lat="43.472088"><ele>114.0</ele></trkpt>
<trkpt lon="-5.143827" lat="43.472000"><ele>116.5</ele></trkpt>
<trkpt lon="-5.144339" lat="43.471991"><ele>120.5</ele></trkpt>
<trkpt lon="-5.144581" lat="43.471981"><ele>123.25</ele></trkpt>
<trkpt lon="-5.145111" lat="43.472135"><ele>128.75</ele></trkpt>
<trkpt lon="-5.146032" lat="43.472079"><ele>140.25</ele></trkpt>
<trkpt lon="-5.146316" lat="43.472147"><ele>141.5</ele></trkpt>
<trkpt lon="-5.146553" lat="43.472161"><ele>143.75</ele></trkpt>
<trkpt lon="-5.146917" lat="43.472079"><ele>147.5</ele></trkpt>
<trkpt lon="-5.147126" lat="43.471891"><ele>149.75</ele></trkpt>
<trkpt lon="-5.147373" lat="43.471327"><ele>157.5</ele></trkpt>
<trkpt lon="-5.147677" lat="43.470941"><ele>163.75</ele></trkpt>
<trkpt lon="-5.147921" lat="43.470534"><ele>171.0</ele></trkpt>
<trkpt lon="-5.148317" lat="43.470222"><ele>175.0</ele></trkpt>
<trkpt lon="-5.148617" lat="43.469957"><ele>179.5</ele></trkpt>
<trkpt lon="-5.148896" lat="43.469615"><ele>185.25</ele></trkpt>
<trkpt lon="-5.149797" lat="43.468930"><ele>195.5</ele></trkpt>
<trkpt lon="-5.150023" lat="43.468571"><ele>201.0</ele></trkpt>
<trkpt lon="-5.149858" lat="43.468188"><ele>204.75</ele></trkpt>
<trkpt lon="-5.149851" lat="43.468026"><ele>205.5</ele></trkpt>
<trkpt lon="-5.149950" lat="43.467520"><ele>207.75</ele></trkpt>
<trkpt lon="-5.149952" lat="43.467360"><ele>209.5</ele></trkpt>
<trkpt lon="-5.149862" lat="43.467170"><ele>212.0</ele></trkpt>
<trkpt lon="-5.149551" lat="43.466601"><ele>216.5</ele></trkpt>
<trkpt lon="-5.149465" lat="43.465971"><ele>221.0</ele></trkpt>
<trkpt lon="-5.149273" lat="43.465145"><ele>225.5</ele></trkpt>
<trkpt lon="-5.149305" lat="43.464867"><ele>227.25</ele></trkpt>
<trkpt lon="-5.149380" lat="43.464639"><ele>229.0</ele></trkpt>
<trkpt lon="-5.149612" lat="43.464246"><ele>232.25</ele></trkpt>
<trkpt lon="-5.150031" lat="43.463845"><ele>237.0</ele></trkpt>
<trkpt lon="-5.150186" lat="43.463747"><ele>238.25</ele></trkpt>
<trkpt lon="-5.150327" lat="43.463641"><ele>240.0</ele></trkpt>
<trkpt lon="-5.150669" lat="43.463361"><ele>243.5</ele></trkpt>
<trkpt lon="-5.150815" lat="43.463221"><ele>244.75</ele></trkpt>
<trkpt lon="-5.151225" lat="43.463400"><ele>248.75</ele></trkpt>
<trkpt lon="-5.151610" lat="43.463514"><ele>252.0</ele></trkpt>
<trkpt lon="-5.151974" lat="43.463592"><ele>253.5</ele></trkpt>
<trkpt lon="-5.152392" lat="43.463604"><ele>257.0</ele></trkpt>
<trkpt lon="-5.152776" lat="43.463531"><ele>263.25</ele></trkpt>
<trkpt lon="-5.153473" lat="43.463425"><ele>276.5</ele></trkpt>
<trkpt lon="-5.154710" lat="43.462533"><ele>297.0</ele></trkpt>
<trkpt lon="-5.154848" lat="43.462325"><ele>299.5</ele></trkpt>
<trkpt lon="-5.155062" lat="43.462033"><ele>304.5</ele></trkpt>
<trkpt lon="-5.155405" lat="43.461512"><ele>313.5</ele></trkpt>
<trkpt lon="-5.155742" lat="43.461526"><ele>313.5</ele></trkpt>
<trkpt lon="-5.156339" lat="43.461321"><ele>309.25</ele></trkpt>
<trkpt lon="-5.157052" lat="43.460986"><ele>296.75</ele></trkpt>
<trkpt lon="-5.157731" lat="43.460631"><ele>294.75</ele></trkpt>
<trkpt lon="-5.158256" lat="43.460337"><ele>298.0</ele></trkpt>
<trkpt lon="-5.159300" lat="43.459566"><ele>313.0</ele></trkpt>
<trkpt lon="-5.161271" lat="43.458406"><ele>353.75</ele></trkpt>
<trkpt lon="-5.161803" lat="43.458034"><ele>365.0</ele></trkpt>
<trkpt lon="-5.162205" lat="43.457677"><ele>375.25</ele></trkpt>
<trkpt lon="-5.162553" lat="43.457426"><ele>380.25</ele></trkpt>
<trkpt lon="-5.162670" lat="43.457223"><ele>387.5</ele></trkpt>
<trkpt lon="-5.162516" lat="43.457126"><ele>387.0</ele></trkpt>
<trkpt lon="-5.162602" lat="43.457103"><ele>387.5</ele></trkpt>
<trkpt lon="-5.162703" lat="43.457067"><ele>389.0</ele></trkpt>
<trkpt lon="-5.162944" lat="43.456952"><ele>396.25</ele></trkpt>
<trkpt lon="-5.163279" lat="43.456924"><ele>400.5</ele></trkpt>
<trkpt lon="-5.163887" lat="43.456906"><ele>404.75</ele></trkpt>
<trkpt lon="-5.164073" lat="43.456908"><ele>406.5</ele></trkpt>
<trkpt lon="-5.164186" lat="43.456960"><ele>406.0</ele></trkpt>
<trkpt lon="-5.164426" lat="43.457153"><ele>407.75</ele></trkpt>
<trkpt lon="-5.164496" lat="43.457279"><ele>408.5</ele></trkpt>
<trkpt lon="-5.164519" lat="43.457389"><ele>408.75</ele></trkpt>
<trkpt lon="-5.164524" lat="43.457488"><ele>408.75</ele></trkpt>
<trkpt lon="-5.164454" lat="43.457726"><ele>413.5</ele></trkpt>
<trkpt lon="-5.164351" lat="43.457935"><ele>416.0</ele></trkpt>
<trkpt lon="-5.164308" lat="43.458065"><ele>418.0</ele></trkpt>
<trkpt lon="-5.164305" lat="43.458181"><ele>417.75</ele></trkpt>
<trkpt lon="-5.164366" lat="43.458226"><ele>418.75</ele></trkpt>
<trkpt lon="-5.164386" lat="43.458205"><ele>419.25</ele></trkpt>
<trkpt lon="-5.164767" lat="43.457956"><ele>425.75</ele></trkpt>
<trkpt lon="-5.164845" lat="43.457916"><ele>427.75</ele></trkpt>
<trkpt lon="-5.165191" lat="43.457806"><ele>437.0</ele></trkpt>
<trkpt lon="-5.165363" lat="43.457699"><ele>439.75</ele></trkpt>
<trkpt lon="-5.165559" lat="43.457528"><ele>445.25</ele></trkpt>
<trkpt lon="-5.165774" lat="43.457369"><ele>449.75</ele></trkpt>
<trkpt lon="-5.166069" lat="43.457184"><ele>455.75</ele></trkpt>
<trkpt lon="-5.166170" lat="43.457146"><ele>457.0</ele></trkpt>
<trkpt lon="-5.166311" lat="43.457110"><ele>458.25</ele></trkpt>
<trkpt lon="-5.166451" lat="43.457089"><ele>458.75</ele></trkpt>
<trkpt lon="-5.166561" lat="43.457054"><ele>460.25</ele></trkpt>
<trkpt lon="-5.166760" lat="43.457042"><ele>460.25</ele></trkpt>
<trkpt lon="-5.167364" lat="43.456987"><ele>462.0</ele></trkpt>
<trkpt lon="-5.167597" lat="43.456959"><ele>462.0</ele></trkpt>
<trkpt lon="-5.167753" lat="43.456921"><ele>462.75</ele></trkpt>
<trkpt lon="-5.167993" lat="43.456842"><ele>465.25</ele></trkpt>
<trkpt lon="-5.168364" lat="43.456769"><ele>466.0</ele></trkpt>
<trkpt lon="-5.169006" lat="43.456626"><ele>469.75</ele></trkpt>
<trkpt lon="-5.169145" lat="43.456586"><ele>471.25</ele></trkpt>
<trkpt lon="-5.169282" lat="43.456587"><ele>470.5</ele></trkpt>
<trkpt lon="-5.169457" lat="43.456504"><ele>474.0</ele></trkpt>
<trkpt lon="-5.169751" lat="43.456474"><ele>473.25</ele></trkpt>
<trkpt lon="-5.169878" lat="43.456425"><ele>475.5</ele></trkpt>
<trkpt lon="-5.170326" lat="43.456377"><ele>476.0</ele></trkpt>
<trkpt lon="-5.170863" lat="43.456342"><ele>471.5</ele></trkpt>
<trkpt lon="-5.170948" lat="43.456320"><ele>471.0</ele></trkpt>
<trkpt lon="-5.171013" lat="43.456295"><ele>470.75</ele></trkpt>
<trkpt lon="-5.171110" lat="43.456220"><ele>471.25</ele></trkpt>
<trkpt lon="-5.171145" lat="43.456175"><ele>471.5</ele></trkpt>
<trkpt lon="-5.171162" lat="43.456125"><ele>472.5</ele></trkpt>
<trkpt lon="-5.171147" lat="43.456086"><ele>473.0</ele></trkpt>
<trkpt lon="-5.171101" lat="43.456020"><ele>473.25</ele></trkpt>
<trkpt lon="-5.170956" lat="43.455891"><ele>475.0</ele></trkpt>
<trkpt lon="-5.170895" lat="43.455867"><ele>476.5</ele></trkpt>
<trkpt lon="-5.170808" lat="43.455796"><ele>477.75</ele></trkpt>
<trkpt lon="-5.170750" lat="43.455694"><ele>477.75</ele></trkpt>
<trkpt lon="-5.170699" lat="43.455626"><ele>478.5</ele></trkpt>
<trkpt lon="-5.170668" lat="43.455558"><ele>478.75</ele></trkpt>
<trkpt lon="-5.170493" lat="43.455075"><ele>482.25</ele></trkpt>
<trkpt lon="-5.170475" lat="43.455000"><ele>482.25</ele></trkpt>
<trkpt lon="-5.170482" lat="43.454872"><ele>479.75</ele></trkpt>
<trkpt lon="-5.170315" lat="43.454725"><ele>482.0</ele></trkpt>
<trkpt lon="-5.170248" lat="43.454643"><ele>482.0</ele></trkpt>
<trkpt lon="-5.170241" lat="43.454607"><ele>481.5</ele></trkpt>
<trkpt lon="-5.170400" lat="43.454486"><ele>479.5</ele></trkpt>
<trkpt lon="-5.170533" lat="43.454436"><ele>479.25</ele></trkpt>
<trkpt lon="-5.170706" lat="43.454359"><ele>480.25</ele></trkpt>
<trkpt lon="-5.170864" lat="43.454278"><ele>482.5</ele></trkpt>
<trkpt lon="-5.171059" lat="43.454263"><ele>481.75</ele></trkpt>
<trkpt lon="-5.171358" lat="43.454175"><ele>482.0</ele></trkpt>
<trkpt lon="-5.171457" lat="43.454154"><ele>481.75</ele></trkpt>
<trkpt lon="-5.171514" lat="43.454128"><ele>483.0</ele></trkpt>
<trkpt lon="-5.171629" lat="43.454115"><ele>482.5</ele></trkpt>
<trkpt lon="-5.171754" lat="43.454093"><ele>482.0</ele></trkpt>
<trkpt lon="-5.171958" lat="43.454038"><ele>482.5</ele></trkpt>
<trkpt lon="-5.172057" lat="43.454017"><ele>482.25</ele></trkpt>
<trkpt lon="-5.172283" lat="43.453980"><ele>482.0</ele></trkpt>
<trkpt lon="-5.172419" lat="43.453982"><ele>481.0</ele></trkpt>
<trkpt lon="-5.172488" lat="43.453973"><ele>481.25</ele></trkpt>
<trkpt lon="-5.172736" lat="43.453924"><ele>479.75</ele></trkpt>
<trkpt lon="-5.172862" lat="43.453881"><ele>479.0</ele></trkpt>
<trkpt lon="-5.172981" lat="43.453834"><ele>478.0</ele></trkpt>
<trkpt lon="-5.173259" lat="43.453691"><ele>475.0</ele></trkpt>
<trkpt lon="-5.173581" lat="43.453457"><ele>472.75</ele></trkpt>
<trkpt lon="-5.173697" lat="43.453361"><ele>471.5</ele></trkpt>
<trkpt lon="-5.173906" lat="43.453203"><ele>469.0</ele></trkpt>
<trkpt lon="-5.173951" lat="43.453176"><ele>468.5</ele></trkpt>
<trkpt lon="-5.174076" lat="43.453120"><ele>466.75</ele></trkpt>
<trkpt lon="-5.174103" lat="43.453096"><ele>467.0</ele></trkpt>
<trkpt lon="-5.174254" lat="43.453069"><ele>464.75</ele></trkpt>
<trkpt lon="-5.174422" lat="43.453056"><ele>463.25</ele></trkpt>
<trkpt lon="-5.174465" lat="43.453045"><ele>463.5</ele></trkpt>
<trkpt lon="-5.174499" lat="43.453047"><ele>463.0</ele></trkpt>
<trkpt lon="-5.174570" lat="43.453058"><ele>461.75</ele></trkpt>
<trkpt lon="-5.174790" lat="43.453067"><ele>460.0</ele></trkpt>
<trkpt lon="-5.174909" lat="43.453080"><ele>459.0</ele></trkpt>
<trkpt lon="-5.175010" lat="43.453107"><ele>457.25</ele></trkpt>
<trkpt lon="-5.175188" lat="43.453169"><ele>453.5</ele></trkpt>
<trkpt lon="-5.175404" lat="43.453228"><ele>449.75</ele></trkpt>
<trkpt lon="-5.175514" lat="43.453241"><ele>448.75</ele></trkpt>
<trkpt lon="-5.175611" lat="43.453241"><ele>447.5</ele></trkpt>
<trkpt lon="-5.175653" lat="43.453234"><ele>447.0</ele></trkpt>
<trkpt lon="-5.175720" lat="43.453203"><ele>446.75</ele></trkpt>
<trkpt lon="-5.175789" lat="43.453171"><ele>446.5</ele></trkpt>
<trkpt lon="-5.175970" lat="43.453060"><ele>444.25</ele></trkpt>
<trkpt lon="-5.176003" lat="43.453027"><ele>443.5</ele></trkpt>
<trkpt lon="-5.176026" lat="43.452982"><ele>442.75</ele></trkpt>
<trkpt lon="-5.176032" lat="43.452941"><ele>442.75</ele></trkpt>
<trkpt lon="-5.176034" lat="43.452799"><ele>443.0</ele></trkpt>
<trkpt lon="-5.176053" lat="43.452731"><ele>442.75</ele></trkpt>
<trkpt lon="-5.176030" lat="43.452652"><ele>444.5</ele></trkpt>
<trkpt lon="-5.176050" lat="43.452611"><ele>444.0</ele></trkpt>
<trkpt lon="-5.176082" lat="43.452578"><ele>443.25</ele></trkpt>
<trkpt lon="-5.176110" lat="43.452564"><ele>442.25</ele></trkpt>
<trkpt lon="-5.176155" lat="43.452474"><ele>441.25</ele></trkpt>
<trkpt lon="-5.176317" lat="43.452222"><ele>438.0</ele></trkpt>
<trkpt lon="-5.176403" lat="43.452149"><ele>436.5</ele></trkpt>
<trkpt lon="-5.176574" lat="43.451954"><ele>436.0</ele></trkpt>
<trkpt lon="-5.176666" lat="43.451886"><ele>435.5</ele></trkpt>
<trkpt lon="-5.176752" lat="43.451838"><ele>435.25</ele></trkpt>
<trkpt lon="-5.176920" lat="43.451789"><ele>433.75</ele></trkpt>
<trkpt lon="-5.177276" lat="43.451720"><ele>431.75</ele></trkpt>
<trkpt lon="-5.177478" lat="43.451699"><ele>430.0</ele></trkpt>
<trkpt lon="-5.177566" lat="43.451698"><ele>430.0</ele></trkpt>
<trkpt lon="-5.177784" lat="43.451730"><ele>429.0</ele></trkpt>
<trkpt lon="-5.178062" lat="43.451758"><ele>424.75</ele></trkpt>
<trkpt lon="-5.178153" lat="43.451741"><ele>424.0</ele></trkpt>
<trkpt lon="-5.178226" lat="43.451712"><ele>423.75</ele></trkpt>
<trkpt lon="-5.178323" lat="43.451452"><ele>426.25</ele></trkpt>
<trkpt lon="-5.178346" lat="43.451334"><ele>427.5</ele></trkpt>
<trkpt lon="-5.178409" lat="43.451219"><ele>427.25</ele></trkpt>
<trkpt lon="-5.178514" lat="43.450979"><ele>429.0</ele></trkpt>
<trkpt lon="-5.178584" lat="43.450919"><ele>428.25</ele></trkpt>
<trkpt lon="-5.178723" lat="43.450817"><ele>427.75</ele></trkpt>
<trkpt lon="-5.179036" lat="43.450656"><ele>427.5</ele></trkpt>
<trkpt lon="-5.179106" lat="43.450614"><ele>427.25</ele></trkpt>
<trkpt lon="-5.179187" lat="43.450545"><ele>427.25</ele></trkpt>
<trkpt lon="-5.179220" lat="43.450506"><ele>426.75</ele></trkpt>
<trkpt lon="-5.179257" lat="43.450367"><ele>428.0</ele></trkpt>
<trkpt lon="-5.179304" lat="43.450257"><ele>428.25</ele></trkpt>
<trkpt lon="-5.179339" lat="43.450151"><ele>427.75</ele></trkpt>
<trkpt lon="-5.179372" lat="43.449970"><ele>428.25</ele></trkpt>
<trkpt lon="-5.179590" lat="43.449547"><ele>430.5</ele></trkpt>
<trkpt lon="-5.179721" lat="43.449394"><ele>431.75</ele></trkpt>
<trkpt lon="-5.179796" lat="43.449350"><ele>433.0</ele></trkpt>
<trkpt lon="-5.180110" lat="43.449253"><ele>434.25</ele></trkpt>
<trkpt lon="-5.180261" lat="43.449264"><ele>432.0</ele></trkpt>
<trkpt lon="-5.180366" lat="43.449264"><ele>430.75</ele></trkpt>
<trkpt lon="-5.180467" lat="43.449251"><ele>430.5</ele></trkpt>
<trkpt lon="-5.180575" lat="43.449229"><ele>430.75</ele></trkpt>
<trkpt lon="-5.181091" lat="43.449050"><ele>433.75</ele></trkpt>
<trkpt lon="-5.181250" lat="43.448984"><ele>437.25</ele></trkpt>
<trkpt lon="-5.181289" lat="43.448981"><ele>437.5</ele></trkpt>
<trkpt lon="-5.181575" lat="43.449070"><ele>434.25</ele></trkpt>
<trkpt lon="-5.181792" lat="43.449123"><ele>433.0</ele></trkpt>
<trkpt lon="-5.181993" lat="43.449137"><ele>433.0</ele></trkpt>
<trkpt lon="-5.182138" lat="43.449125"><ele>433.75</ele></trkpt>
<trkpt lon="-5.182241" lat="43.449109"><ele>433.75</ele></trkpt>
<trkpt lon="-5.182301" lat="43.449096"><ele>433.25</ele></trkpt>
<trkpt lon="-5.182385" lat="43.449065"><ele>432.75</ele></trkpt>
<trkpt lon="-5.182502" lat="43.448996"><ele>433.0</ele></trkpt>
<trkpt lon="-5.182508" lat="43.448941"><ele>434.75</ele></trkpt>
<trkpt lon="-5.182563" lat="43.448893"><ele>434.5</ele></trkpt>
<trkpt lon="-5.182866" lat="43.448486"><ele>435.75</ele></trkpt>
<trkpt lon="-5.183016" lat="43.448279"><ele>436.5</ele></trkpt>
<trkpt lon="-5.183217" lat="43.447981"><ele>437.75</ele></trkpt>
<trkpt lon="-5.183403" lat="43.447794"><ele>436.0</ele></trkpt>
<trkpt lon="-5.183712" lat="43.447588"><ele>440.25</ele></trkpt>
<trkpt lon="-5.183838" lat="43.447581"><ele>441.0</ele></trkpt>
<trkpt lon="-5.184375" lat="43.447615"><ele>435.75</ele></trkpt>
<trkpt lon="-5.184618" lat="43.447652"><ele>435.75</ele></trkpt>
<trkpt lon="-5.184868" lat="43.447681"><ele>436.25</ele></trkpt>
<trkpt lon="-5.184888" lat="43.447708"><ele>436.0</ele></trkpt>
<trkpt lon="-5.184924" lat="43.447730"><ele>435.5</ele></trkpt>
<trkpt lon="-5.184958" lat="43.447740"><ele>435.5</ele></trkpt>
<trkpt lon="-5.185013" lat="43.447746"><ele>435.0</ele></trkpt>
<trkpt lon="-5.185060" lat="43.447741"><ele>434.0</ele></trkpt>
<trkpt lon="-5.185124" lat="43.447721"><ele>433.25</ele></trkpt>
<trkpt lon="-5.185255" lat="43.447657"><ele>433.25</ele></trkpt>
<trkpt lon="-5.185594" lat="43.447469"><ele>430.0</ele></trkpt>
<trkpt lon="-5.185822" lat="43.447320"><ele>426.0</ele></trkpt>
<trkpt lon="-5.186329" lat="43.446857"><ele>422.75</ele></trkpt>
<trkpt lon="-5.186417" lat="43.446792"><ele>421.75</ele></trkpt>
<trkpt lon="-5.186522" lat="43.446729"><ele>419.75</ele></trkpt>
<trkpt lon="-5.186653" lat="43.446666"><ele>417.5</ele></trkpt>
<trkpt lon="-5.186788" lat="43.446607"><ele>417.75</ele></trkpt>
<trkpt lon="-5.186949" lat="43.446554"><ele>416.75</ele></trkpt>
<trkpt lon="-5.187044" lat="43.446530"><ele>416.0</ele></trkpt>
<trkpt lon="-5.187179" lat="43.446513"><ele>414.5</ele></trkpt>
<trkpt lon="-5.187494" lat="43.446492"><ele>414.25</ele></trkpt>
<trkpt lon="-5.187575" lat="43.446483"><ele>412.75</ele></trkpt>
<trkpt lon="-5.187741" lat="43.446451"><ele>410.25</ele></trkpt>
<trkpt lon="-5.188276" lat="43.446332"><ele>404.75</ele></trkpt>
<trkpt lon="-5.188701" lat="43.446260"><ele>402.5</ele></trkpt>
<trkpt lon="-5.188860" lat="43.446249"><ele>400.75</ele></trkpt>
<trkpt lon="-5.189557" lat="43.446231"><ele>399.25</ele></trkpt>
<trkpt lon="-5.189836" lat="43.446239"><ele>399.25</ele></trkpt>
<trkpt lon="-5.190077" lat="43.446255"><ele>398.75</ele></trkpt>
<trkpt lon="-5.190379" lat="43.446294"><ele>398.0</ele></trkpt>
<trkpt lon="-5.189903" lat="43.446400"><ele>389.75</ele></trkpt>
<trkpt lon="-5.189098" lat="43.446509"><ele>385.25</ele></trkpt>
<trkpt lon="-5.188615" lat="43.446590"><ele>381.0</ele></trkpt>
<trkpt lon="-5.188149" lat="43.446770"><ele>378.75</ele></trkpt>
<trkpt lon="-5.187762" lat="43.446988"><ele>377.0</ele></trkpt>
<trkpt lon="-5.187398" lat="43.447249"><ele>369.0</ele></trkpt>
<trkpt lon="-5.187376" lat="43.447494"><ele>362.0</ele></trkpt>
<trkpt lon="-5.187263" lat="43.447634"><ele>362.25</ele></trkpt>
<trkpt lon="-5.187258" lat="43.447868"><ele>356.75</ele></trkpt>
<trkpt lon="-5.187108" lat="43.448261"><ele>352.0</ele></trkpt>
<trkpt lon="-5.186893" lat="43.448417"><ele>352.5</ele></trkpt>
<trkpt lon="-5.186856" lat="43.448623"><ele>349.25</ele></trkpt>
<trkpt lon="-5.186679" lat="43.448799"><ele>349.25</ele></trkpt>
<trkpt lon="-5.186346" lat="43.448896"><ele>351.25</ele></trkpt>
<trkpt lon="-5.185778" lat="43.449336"><ele>350.0</ele></trkpt>
<trkpt lon="-5.185558" lat="43.449332"><ele>350.0</ele></trkpt>
<trkpt lon="-5.185236" lat="43.449231"><ele>347.75</ele></trkpt>
<trkpt lon="-5.185000" lat="43.449180"><ele>345.25</ele></trkpt>
<trkpt lon="-5.184769" lat="43.449215"><ele>343.5</ele></trkpt>
<trkpt lon="-5.184501" lat="43.449313"><ele>340.5</ele></trkpt>
<trkpt lon="-5.184367" lat="43.449465"><ele>340.0</ele></trkpt>
<trkpt lon="-5.184238" lat="43.449924"><ele>330.75</ele></trkpt>
<trkpt lon="-5.184093" lat="43.450142"><ele>327.5</ele></trkpt>
<trkpt lon="-5.183632" lat="43.450559"><ele>319.0</ele></trkpt>
<trkpt lon="-5.183337" lat="43.450797"><ele>313.0</ele></trkpt>
<trkpt lon="-5.183015" lat="43.450871"><ele>311.25</ele></trkpt>
<trkpt lon="-5.182682" lat="43.450855"><ele>312.25</ele></trkpt>
<trkpt lon="-5.182409" lat="43.450894"><ele>309.25</ele></trkpt>
<trkpt lon="-5.182183" lat="43.450824"><ele>312.25</ele></trkpt>
<trkpt lon="-5.181792" lat="43.450828"><ele>309.75</ele></trkpt>
<trkpt lon="-5.181684" lat="43.450863"><ele>310.75</ele></trkpt>
<trkpt lon="-5.181642" lat="43.451003"><ele>316.0</ele></trkpt>
<trkpt lon="-5.181845" lat="43.451116"><ele>312.0</ele></trkpt>
<trkpt lon="-5.182039" lat="43.451170"><ele>308.25</ele></trkpt>
<trkpt lon="-5.182232" lat="43.451353"><ele>310.75</ele></trkpt>
<trkpt lon="-5.182618" lat="43.451700"><ele>312.75</ele></trkpt>
<trkpt lon="-5.182612" lat="43.451883"><ele>313.75</ele></trkpt>
<trkpt lon="-5.182511" lat="43.452327"><ele>313.75</ele></trkpt>
<trkpt lon="-5.182269" lat="43.452611"><ele>315.5</ele></trkpt>
<trkpt lon="-5.181990" lat="43.453005"><ele>313.25</ele></trkpt>
<trkpt lon="-5.181910" lat="43.453022"><ele>313.0</ele></trkpt>
<trkpt lon="-5.181824" lat="43.452977"><ele>312.0</ele></trkpt>
<trkpt lon="-5.181781" lat="43.452890"><ele>314.0</ele></trkpt>
<trkpt lon="-5.181676" lat="43.452753"><ele>316.75</ele></trkpt>
<trkpt lon="-5.181569" lat="43.452681"><ele>320.25</ele></trkpt>
<trkpt lon="-5.181427" lat="43.452666"><ele>320.25</ele></trkpt>
<trkpt lon="-5.181296" lat="43.452674"><ele>321.25</ele></trkpt>
<trkpt lon="-5.180941" lat="43.452831"><ele>321.75</ele></trkpt>
<trkpt lon="-5.180751" lat="43.452944"><ele>321.5</ele></trkpt>
<trkpt lon="-5.180545" lat="43.453042"><ele>321.0</ele></trkpt>
<trkpt lon="-5.180306" lat="43.453117"><ele>321.0</ele></trkpt>
<trkpt lon="-5.179976" lat="43.453149"><ele>323.0</ele></trkpt>
<trkpt lon="-5.179316" lat="43.453141"><ele>331.25</ele></trkpt>
<trkpt lon="-5.179201" lat="43.453158"><ele>333.0</ele></trkpt>
<trkpt lon="-5.179093" lat="43.453260"><ele>330.5</ele></trkpt>
<trkpt lon="-5.178914" lat="43.453398"><ele>328.5</ele></trkpt>
<trkpt lon="-5.178766" lat="43.453456"><ele>329.25</ele></trkpt>
<trkpt lon="-5.178613" lat="43.453464"><ele>333.25</ele></trkpt>
<trkpt lon="-5.178514" lat="43.453480"><ele>335.0</ele></trkpt>
<trkpt lon="-5.178463" lat="43.453521"><ele>335.25</ele></trkpt>
<trkpt lon="-5.178479" lat="43.453604"><ele>332.25</ele></trkpt>
<trkpt lon="-5.178731" lat="43.453780"><ele>328.75</ele></trkpt>
<trkpt lon="-5.178967" lat="43.453972"><ele>329.25</ele></trkpt>
<trkpt lon="-5.179139" lat="43.454027"><ele>328.75</ele></trkpt>
<trkpt lon="-5.179517" lat="43.454085"><ele>327.5</ele></trkpt>
<trkpt lon="-5.179670" lat="43.454126"><ele>326.0</ele></trkpt>
<trkpt lon="-5.179769" lat="43.454227"><ele>327.5</ele></trkpt>
<trkpt lon="-5.179855" lat="43.454367"><ele>330.0</ele></trkpt>
<trkpt lon="-5.180021" lat="43.454504"><ele>329.5</ele></trkpt>
<trkpt lon="-5.180274" lat="43.454652"><ele>327.5</ele></trkpt>
<trkpt lon="-5.180252" lat="43.454815"><ele>329.5</ele></trkpt>
<trkpt lon="-5.180113" lat="43.455080"><ele>330.0</ele></trkpt>
<trkpt lon="-5.179898" lat="43.455318"><ele>328.25</ele></trkpt>
<trkpt lon="-5.179394" lat="43.455489"><ele>328.75</ele></trkpt>
<trkpt lon="-5.178514" lat="43.455512"><ele>331.75</ele></trkpt>
<trkpt lon="-5.178238" lat="43.455557"><ele>330.25</ele></trkpt>
<trkpt lon="-5.177972" lat="43.455616"><ele>329.0</ele></trkpt>
<trkpt lon="-5.177653" lat="43.455657"><ele>329.75</ele></trkpt>
<trkpt lon="-5.177436" lat="43.455649"><ele>328.75</ele></trkpt>
<trkpt lon="-5.177149" lat="43.455446"><ele>329.5</ele></trkpt>
<trkpt lon="-5.177001" lat="43.455213"><ele>331.75</ele></trkpt>
<trkpt lon="-5.176886" lat="43.455121"><ele>333.0</ele></trkpt>
<trkpt lon="-5.176749" lat="43.455104"><ele>333.0</ele></trkpt>
<trkpt lon="-5.176559" lat="43.455127"><ele>330.75</ele></trkpt>
<trkpt lon="-5.176379" lat="43.455104"><ele>330.5</ele></trkpt>
<trkpt lon="-5.175987" lat="43.454956"><ele>328.25</ele></trkpt>
<trkpt lon="-5.175542" lat="43.454854"><ele>327.0</ele></trkpt>
<trkpt lon="-5.175487" lat="43.454885"><ele>329.75</ele></trkpt>
<trkpt lon="-5.175471" lat="43.454948"><ele>329.25</ele></trkpt>
<trkpt lon="-5.175515" lat="43.455049"><ele>324.5</ele></trkpt>
<trkpt lon="-5.175548" lat="43.455252"><ele>321.5</ele></trkpt>
<trkpt lon="-5.175440" lat="43.455501"><ele>321.25</ele></trkpt>
<trkpt lon="-5.175279" lat="43.455750"><ele>319.25</ele></trkpt>
<trkpt lon="-5.175118" lat="43.455859"><ele>317.75</ele></trkpt>
<trkpt lon="-5.174888" lat="43.455933"><ele>316.75</ele></trkpt>
<trkpt lon="-5.174759" lat="43.455921"><ele>320.0</ele></trkpt>
<trkpt lon="-5.174410" lat="43.455921"><ele>325.5</ele></trkpt>
<trkpt lon="-5.174190" lat="43.455980"><ele>324.5</ele></trkpt>
<trkpt lon="-5.174153" lat="43.456028"><ele>324.25</ele></trkpt>
<trkpt lon="-5.174233" lat="43.456132"><ele>321.25</ele></trkpt>
<trkpt lon="-5.174386" lat="43.456217"><ele>321.5</ele></trkpt>
<trkpt lon="-5.174898" lat="43.456408"><ele>319.25</ele></trkpt>
<trkpt lon="-5.175172" lat="43.456474"><ele>318.75</ele></trkpt>
<trkpt lon="-5.175379" lat="43.456554"><ele>318.0</ele></trkpt>
<trkpt lon="-5.175577" lat="43.456673"><ele>316.25</ele></trkpt>
<trkpt lon="-5.175668" lat="43.456790"><ele>313.75</ele></trkpt>
<trkpt lon="-5.175666" lat="43.456879"><ele>314.25</ele></trkpt>
<trkpt lon="-5.175617" lat="43.456982"><ele>314.75</ele></trkpt>
<trkpt lon="-5.175403" lat="43.457165"><ele>313.75</ele></trkpt>
<trkpt lon="-5.175102" lat="43.457409"><ele>312.25</ele></trkpt>
<trkpt lon="-5.174797" lat="43.457600"><ele>312.25</ele></trkpt>
<trkpt lon="-5.174754" lat="43.457829"><ele>307.75</ele></trkpt>
<trkpt lon="-5.174142" lat="43.458433"><ele>306.25</ele></trkpt>
<trkpt lon="-5.173868" lat="43.458668"><ele>305.25</ele></trkpt>
<trkpt lon="-5.173493" lat="43.459052"><ele>304.25</ele></trkpt>
<trkpt lon="-5.173160" lat="43.459321"><ele>303.75</ele></trkpt>
<trkpt lon="-5.173276" lat="43.459461"><ele>299.25</ele></trkpt>
<trkpt lon="-5.173349" lat="43.459521"><ele>298.0</ele></trkpt>
<trkpt lon="-5.173572" lat="43.459372"><ele>296.0</ele></trkpt>
<trkpt lon="-5.173885" lat="43.459218"><ele>291.0</ele></trkpt>
<trkpt lon="-5.174177" lat="43.459061"><ele>286.5</ele></trkpt>
<trkpt lon="-5.174394" lat="43.458953"><ele>283.25</ele></trkpt>
<trkpt lon="-5.174642" lat="43.458885"><ele>278.0</ele></trkpt>
<trkpt lon="-5.174988" lat="43.458825"><ele>273.5</ele></trkpt>
<trkpt lon="-5.175168" lat="43.458777"><ele>272.25</ele></trkpt>
<trkpt lon="-5.175628" lat="43.458705"><ele>266.25</ele></trkpt>
<trkpt lon="-5.175902" lat="43.458607"><ele>263.5</ele></trkpt>
<trkpt lon="-5.176038" lat="43.458517"><ele>262.25</ele></trkpt>
<trkpt lon="-5.176340" lat="43.458276"><ele>258.5</ele></trkpt>
<trkpt lon="-5.176623" lat="43.458148"><ele>255.5</ele></trkpt>
<trkpt lon="-5.176924" lat="43.458045"><ele>251.5</ele></trkpt>
<trkpt lon="-5.177219" lat="43.457973"><ele>248.5</ele></trkpt>
<trkpt lon="-5.177582" lat="43.457903"><ele>246.0</ele></trkpt>
<trkpt lon="-5.177656" lat="43.457857"><ele>244.75</ele></trkpt>
<trkpt lon="-5.177681" lat="43.457817"><ele>244.5</ele></trkpt>
<trkpt lon="-5.177669" lat="43.457756"><ele>244.75</ele></trkpt>
<trkpt lon="-5.177601" lat="43.457572"><ele>244.0</ele></trkpt>
<trkpt lon="-5.177628" lat="43.457520"><ele>242.75</ele></trkpt>
<trkpt lon="-5.177703" lat="43.457504"><ele>241.25</ele></trkpt>
<trkpt lon="-5.177771" lat="43.457517"><ele>240.0</ele></trkpt>
<trkpt lon="-5.177976" lat="43.457617"><ele>238.25</ele></trkpt>
<trkpt lon="-5.178360" lat="43.457829"><ele>231.25</ele></trkpt>
<trkpt lon="-5.178688" lat="43.457950"><ele>226.75</ele></trkpt>
<trkpt lon="-5.178849" lat="43.458038"><ele>223.0</ele></trkpt>
<trkpt lon="-5.179077" lat="43.458191"><ele>221.75</ele></trkpt>
<trkpt lon="-5.179336" lat="43.458338"><ele>216.75</ele></trkpt>
<trkpt lon="-5.179556" lat="43.458475"><ele>213.5</ele></trkpt>
<trkpt lon="-5.179799" lat="43.458549"><ele>210.25</ele></trkpt>
<trkpt lon="-5.180355" lat="43.458589"><ele>202.25</ele></trkpt>
<trkpt lon="-5.180494" lat="43.458552"><ele>200.75</ele></trkpt>
<trkpt lon="-5.180684" lat="43.458530"><ele>198.25</ele></trkpt>
<trkpt lon="-5.180844" lat="43.458526"><ele>196.0</ele></trkpt>
<trkpt lon="-5.180994" lat="43.458559"><ele>194.75</ele></trkpt>
<trkpt lon="-5.181199" lat="43.458675"><ele>193.0</ele></trkpt>
<trkpt lon="-5.181949" lat="43.458877"><ele>186.25</ele></trkpt>
<trkpt lon="-5.182324" lat="43.459051"><ele>183.5</ele></trkpt>
<trkpt lon="-5.182473" lat="43.459218"><ele>181.75</ele></trkpt>
<trkpt lon="-5.182596" lat="43.459317"><ele>179.75</ele></trkpt>
<trkpt lon="-5.182785" lat="43.459437"><ele>175.75</ele></trkpt>
<trkpt lon="-5.183166" lat="43.459746"><ele>172.0</ele></trkpt>
<trkpt lon="-5.183251" lat="43.459839"><ele>171.0</ele></trkpt>
<trkpt lon="-5.183646" lat="43.460153"><ele>169.5</ele></trkpt>
<trkpt lon="-5.183806" lat="43.460281"><ele>167.25</ele></trkpt>
<trkpt lon="-5.184200" lat="43.460625"><ele>159.0</ele></trkpt>
<trkpt lon="-5.184378" lat="43.460677"><ele>157.5</ele></trkpt>
<trkpt lon="-5.184569" lat="43.460756"><ele>154.25</ele></trkpt>
<trkpt lon="-5.184853" lat="43.461004"><ele>147.0</ele></trkpt>
<trkpt lon="-5.184892" lat="43.461040"><ele>146.0</ele></trkpt>
<trkpt lon="-5.185943" lat="43.461523"><ele>133.0</ele></trkpt>
<trkpt lon="-5.185995" lat="43.461563"><ele>133.25</ele></trkpt>
<trkpt lon="-5.186033" lat="43.461610"><ele>133.75</ele></trkpt>
<trkpt lon="-5.186086" lat="43.461752"><ele>135.0</ele></trkpt>
<trkpt lon="-5.186091" lat="43.461815"><ele>135.75</ele></trkpt>
<trkpt lon="-5.186296" lat="43.461824"><ele>132.75</ele></trkpt>
<trkpt lon="-5.186321" lat="43.461901"><ele>132.75</ele></trkpt>
<trkpt lon="-5.186361" lat="43.461952"><ele>132.5</ele></trkpt>
<trkpt lon="-5.186406" lat="43.462036"><ele>132.75</ele></trkpt>
<trkpt lon="-5.186480" lat="43.462120"><ele>132.75</ele></trkpt>
<trkpt lon="-5.186554" lat="43.462266"><ele>132.5</ele></trkpt>
<trkpt lon="-5.186651" lat="43.462334"><ele>131.5</ele></trkpt>
<trkpt lon="-5.186734" lat="43.462330"><ele>130.75</ele></trkpt>
<trkpt lon="-5.186957" lat="43.462321"><ele>129.5</ele></trkpt>
<trkpt lon="-5.187068" lat="43.462332"><ele>129.25</ele></trkpt>
<trkpt lon="-5.187382" lat="43.462384"><ele>129.25</ele></trkpt>
<trkpt lon="-5.187361" lat="43.462478"><ele>129.25</ele></trkpt>
<trkpt lon="-5.187281" lat="43.462663"><ele>130.25</ele></trkpt>
<trkpt lon="-5.187262" lat="43.462741"><ele>130.75</ele></trkpt>
<trkpt lon="-5.187261" lat="43.462820"><ele>131.25</ele></trkpt>
<trkpt lon="-5.187280" lat="43.462957"><ele>132.25</ele></trkpt>
<trkpt lon="-5.187332" lat="43.463110"><ele>133.0</ele></trkpt>
<trkpt lon="-5.187414" lat="43.463279"><ele>133.0</ele></trkpt>
<trkpt lon="-5.187438" lat="43.463352"><ele>132.75</ele></trkpt>
<trkpt lon="-5.187451" lat="43.463470"><ele>132.5</ele></trkpt>
<trkpt lon="-5.187439" lat="43.463616"><ele>132.25</ele></trkpt>
<trkpt lon="-5.187319" lat="43.464001"><ele>130.5</ele></trkpt>
<trkpt lon="-5.187282" lat="43.464086"><ele>130.25</ele></trkpt>
<trkpt lon="-5.187457" lat="43.464650"><ele>130.0</ele></trkpt>
<trkpt lon="-5.187506" lat="43.465090"><ele>128.5</ele></trkpt>
<trkpt lon="-5.187543" lat="43.465206"><ele>128.25</ele></trkpt>
<trkpt lon="-5.187789" lat="43.465635"><ele>124.5</ele></trkpt>
<trkpt lon="-5.187909" lat="43.465914"><ele>122.5</ele></trkpt>
<trkpt lon="-5.187937" lat="43.466009"><ele>121.75</ele></trkpt>
<trkpt lon="-5.187965" lat="43.466574"><ele>113.75</ele></trkpt>
<trkpt lon="-5.187976" lat="43.466633"><ele>112.5</ele></trkpt>
<trkpt lon="-5.188008" lat="43.466694"><ele>111.5</ele></trkpt>
<trkpt lon="-5.188071" lat="43.466758"><ele>111.0</ele></trkpt>
<trkpt lon="-5.188135" lat="43.466807"><ele>111.0</ele></trkpt>
<trkpt lon="-5.188501" lat="43.466945"><ele>108.25</ele></trkpt>
<trkpt lon="-5.188587" lat="43.466987"><ele>107.75</ele></trkpt>
<trkpt lon="-5.188641" lat="43.467044"><ele>108.0</ele></trkpt>
<trkpt lon="-5.188685" lat="43.467119"><ele>108.25</ele></trkpt>
<trkpt lon="-5.188747" lat="43.467339"><ele>107.75</ele></trkpt>
<trkpt lon="-5.188750" lat="43.467453"><ele>107.25</ele></trkpt>
<trkpt lon="-5.188703" lat="43.467732"><ele>104.75</ele></trkpt>
<trkpt lon="-5.188711" lat="43.467836"><ele>104.0</ele></trkpt>
<trkpt lon="-5.188741" lat="43.467901"><ele>103.25</ele></trkpt>
<trkpt lon="-5.188803" lat="43.467964"><ele>102.75</ele></trkpt>
<trkpt lon="-5.188890" lat="43.468012"><ele>102.0</ele></trkpt>
<trkpt lon="-5.189519" lat="43.468177"><ele>97.5</ele></trkpt>
<trkpt lon="-5.189597" lat="43.468206"><ele>97.0</ele></trkpt>
<trkpt lon="-5.189648" lat="43.468243"><ele>96.0</ele></trkpt>
<trkpt lon="-5.189708" lat="43.468308"><ele>94.5</ele></trkpt>
<trkpt lon="-5.189741" lat="43.468379"><ele>93.5</ele></trkpt>
<trkpt lon="-5.189740" lat="43.468455"><ele>93.0</ele></trkpt>
<trkpt lon="-5.189717" lat="43.468522"><ele>92.5</ele></trkpt>
<trkpt lon="-5.189686" lat="43.468581"><ele>91.75</ele></trkpt>
<trkpt lon="-5.189637" lat="43.468649"><ele>90.75</ele></trkpt>
<trkpt lon="-5.189463" lat="43.468825"><ele>88.25</ele></trkpt>
<trkpt lon="-5.189382" lat="43.468903"><ele>87.25</ele></trkpt>
<trkpt lon="-5.189307" lat="43.468988"><ele>86.25</ele></trkpt>
<trkpt lon="-5.189238" lat="43.469104"><ele>85.5</ele></trkpt>
<trkpt lon="-5.189217" lat="43.469237"><ele>84.5</ele></trkpt>
<trkpt lon="-5.189705" lat="43.469242"><ele>86.0</ele></trkpt>
<trkpt lon="-5.190026" lat="43.469220"><ele>84.0</ele></trkpt>
<trkpt lon="-5.190365" lat="43.469143"><ele>81.0</ele></trkpt>
<trkpt lon="-5.190869" lat="43.468992"><ele>79.0</ele></trkpt>
<trkpt lon="-5.191082" lat="43.468984"><ele>78.25</ele></trkpt>
<trkpt lon="-5.191225" lat="43.469019"><ele>79.25</ele></trkpt>
<trkpt lon="-5.191352" lat="43.469122"><ele>79.25</ele></trkpt>
<trkpt lon="-5.191445" lat="43.469179"><ele>79.0</ele></trkpt>
<trkpt lon="-5.191594" lat="43.469194"><ele>79.5</ele></trkpt>
<trkpt lon="-5.191820" lat="43.469182"><ele>79.25</ele></trkpt>
<trkpt lon="-5.192088" lat="43.469253"><ele>78.5</ele></trkpt>
<trkpt lon="-5.192395" lat="43.469474"><ele>78.0</ele></trkpt>
<trkpt lon="-5.192531" lat="43.469527"><ele>77.0</ele></trkpt>
<trkpt lon="-5.193392" lat="43.469759"><ele>69.75</ele></trkpt>
<trkpt lon="-5.193541" lat="43.469767"><ele>68.25</ele></trkpt>
<trkpt lon="-5.193671" lat="43.469716"><ele>68.0</ele></trkpt>
<trkpt lon="-5.194100" lat="43.469417"><ele>67.75</ele></trkpt>
<trkpt lon="-5.194432" lat="43.469310"><ele>63.5</ele></trkpt>
<trkpt lon="-5.194529" lat="43.469301"><ele>62.75</ele></trkpt>
<trkpt lon="-5.194679" lat="43.469374"><ele>60.5</ele></trkpt>
<trkpt lon="-5.195212" lat="43.469391"><ele>58.25</ele></trkpt>
<trkpt lon="-5.195506" lat="43.469441"><ele>55.25</ele></trkpt>
<trkpt lon="-5.195677" lat="43.469513"><ele>54.5</ele></trkpt>
<trkpt lon="-5.195846" lat="43.469743"><ele>46.25</ele></trkpt>
<trkpt lon="-5.196161" lat="43.470008"><ele>38.25</ele></trkpt>
<trkpt lon="-5.196476" lat="43.470287"><ele>30.75</ele></trkpt>
<trkpt lon="-5.196589" lat="43.470239"><ele>31.75</ele></trkpt>
<trkpt lon="-5.196823" lat="43.470122"><ele>31.25</ele></trkpt>
<trkpt lon="-5.196966" lat="43.470068"><ele>29.75</ele></trkpt>
<trkpt lon="-5.197116" lat="43.470042"><ele>28.25</ele></trkpt>
<trkpt lon="-5.197303" lat="43.470041"><ele>26.75</ele></trkpt>
<trkpt lon="-5.197387" lat="43.470069"><ele>27.0</ele></trkpt>
<trkpt lon="-5.197512" lat="43.470124"><ele>28.5</ele></trkpt>
<trkpt lon="-5.197166" lat="43.470360"><ele>25.0</ele></trkpt>
<trkpt lon="-5.197083" lat="43.470497"><ele>24.5</ele></trkpt>
<trkpt lon="-5.197100" lat="43.470791"><ele>24.5</ele></trkpt>
<trkpt lon="-5.197192" lat="43.470899"><ele>25.75</ele></trkpt>
<trkpt lon="-5.197404" lat="43.471021"><ele>31.5</ele></trkpt>
<trkpt lon="-5.197512" lat="43.471020"><ele>34.5</ele></trkpt>
<trkpt lon="-5.198047" lat="43.470873"><ele>40.25</ele></trkpt>
<trkpt lon="-5.199765" lat="43.470764"><ele>37.75</ele></trkpt>
<trkpt lon="-5.200183" lat="43.470718"><ele>36.75</ele></trkpt>
<trkpt lon="-5.200218" lat="43.470775"><ele>35.25</ele></trkpt>
<trkpt lon="-5.200500" lat="43.470891"><ele>33.5</ele></trkpt>
<trkpt lon="-5.201095" lat="43.471107"><ele>33.0</ele></trkpt>
<trkpt lon="-5.202200" lat="43.471625"><ele>26.0</ele></trkpt>
<trkpt lon="-5.203412" lat="43.472263"><ele>19.5</ele></trkpt>
<trkpt lon="-5.203440" lat="43.472278"><ele>19.25</ele></trkpt>
<trkpt lon="-5.204507" lat="43.472798"><ele>15.75</ele></trkpt>
<trkpt lon="-5.204752" lat="43.472932"><ele>14.75</ele></trkpt>
<trkpt lon="-5.205024" lat="43.473057"><ele>15.0</ele></trkpt>
<trkpt lon="-5.205141" lat="43.473140"><ele>15.0</ele></trkpt>
<trkpt lon="-5.205511" lat="43.473502"><ele>14.0</ele></trkpt>
<trkpt lon="-5.206004" lat="43.473692"><ele>13.5</ele></trkpt>
<trkpt lon="-5.206221" lat="43.473824"><ele>13.0</ele></trkpt>
<trkpt lon="-5.206295" lat="43.473857"><ele>13.0</ele></trkpt>
<trkpt lon="-5.206453" lat="43.473909"><ele>12.25</ele></trkpt>
<trkpt lon="-5.206790" lat="43.474155"><ele>9.5</ele></trkpt>
<trkpt lon="-5.207199" lat="43.474107"><ele>5.0</ele></trkpt>
<trkpt lon="-5.207414" lat="43.474054"><ele>4.75</ele></trkpt>
<trkpt lon="-5.207681" lat="43.474024"><ele>5.0</ele></trkpt>
<trkpt lon="-5.207831" lat="43.473978"><ele>5.5</ele></trkpt>
<trkpt lon="-5.208096" lat="43.473920"><ele>6.25</ele></trkpt>
<trkpt lon="-5.208219" lat="43.473838"><ele>6.5</ele></trkpt>
<trkpt lon="-5.208296" lat="43.473814"><ele>6.25</ele></trkpt>
<trkpt lon="-5.208398" lat="43.473841"><ele>6.25</ele></trkpt>
<trkpt lon="-5.208503" lat="43.473909"><ele>6.25</ele></trkpt>
<trkpt lon="-5.208661" lat="43.473930"><ele>6.25</ele></trkpt>
<trkpt lon="-5.208968" lat="43.473941"><ele>5.5</ele></trkpt>
<trkpt lon="-5.209164" lat="43.473964"><ele>5.75</ele></trkpt>
<trkpt lon="-5.209434" lat="43.473959"><ele>5.75</ele></trkpt>
<trkpt lon="-5.209537" lat="43.473970"><ele>6.25</ele></trkpt>
<trkpt lon="-5.209613" lat="43.473982"><ele>6.5</ele></trkpt>
<trkpt lon="-5.209688" lat="43.474016"><ele>6.5</ele></trkpt>
<trkpt lon="-5.209950" lat="43.474098"><ele>8.0</ele></trkpt>
<trkpt lon="-5.210072" lat="43.474056"><ele>8.5</ele></trkpt>
<trkpt lon="-5.210406" lat="43.473987"><ele>8.75</ele></trkpt>
<trkpt lon="-5.210933" lat="43.473987"><ele>8.0</ele></trkpt>
<trkpt lon="-5.211212" lat="43.474005"><ele>7.25</ele></trkpt>
<trkpt lon="-5.211478" lat="43.474034"><ele>6.5</ele></trkpt>
<trkpt lon="-5.211710" lat="43.474079"><ele>5.75</ele></trkpt>
<trkpt lon="-5.211987" lat="43.474085"><ele>5.25</ele></trkpt>
<trkpt lon="-5.212222" lat="43.474080"><ele>3.75</ele></trkpt>
<trkpt lon="-5.212403" lat="43.474067"><ele>4.0</ele></trkpt>
<trkpt lon="-5.212525" lat="43.474057"><ele>4.0</ele></trkpt>
<trkpt lon="-5.212661" lat="43.474030"><ele>4.25</ele></trkpt>
<trkpt lon="-5.214972" lat="43.473276"><ele>5.0</ele></trkpt>
<trkpt lon="-5.215109" lat="43.473259"><ele>4.5</ele></trkpt>
<trkpt lon="-5.215345" lat="43.473267"><ele>4.0</ele></trkpt>
<trkpt lon="-5.215428" lat="43.473261"><ele>3.75</ele></trkpt>
<trkpt lon="-5.215617" lat="43.473128"><ele>4.5</ele></trkpt>
<trkpt lon="-5.215703" lat="43.473045"><ele>5.5</ele></trkpt>
<trkpt lon="-5.215724" lat="43.473021"><ele>5.75</ele></trkpt>
<trkpt lon="-5.215780" lat="43.473042"><ele>5.75</ele></trkpt>
<trkpt lon="-5.216220" lat="43.473245"><ele>4.75</ele></trkpt>
<trkpt lon="-5.216322" lat="43.473298"><ele>6.5</ele></trkpt>
<trkpt lon="-5.216365" lat="43.473391"><ele>6.75</ele></trkpt>
<trkpt lon="-5.216410" lat="43.473486"><ele>5.5</ele></trkpt>
<trkpt lon="-5.216554" lat="43.473654"><ele>4.0</ele></trkpt>
<trkpt lon="-5.216625" lat="43.473751"><ele>4.0</ele></trkpt>
<trkpt lon="-5.216627" lat="43.473890"><ele>4.0</ele></trkpt>
<trkpt lon="-5.216676" lat="43.474024"><ele>4.25</ele></trkpt>
<trkpt lon="-5.216743" lat="43.474148"><ele>4.75</ele></trkpt>
<trkpt lon="-5.216786" lat="43.474247"><ele>4.75</ele></trkpt>
<trkpt lon="-5.216859" lat="43.474467"><ele>4.5</ele></trkpt>
<trkpt lon="-5.216922" lat="43.474573"><ele>4.25</ele></trkpt>
<trkpt lon="-5.216983" lat="43.474608"><ele>4.5</ele></trkpt>
<trkpt lon="-5.217077" lat="43.474648"><ele>5.5</ele></trkpt>
<trkpt lon="-5.217213" lat="43.474700"><ele>7.5</ele></trkpt>
<trkpt lon="-5.218048" lat="43.474835"><ele>8.0</ele></trkpt>
<trkpt lon="-5.218332" lat="43.475017"><ele>9.0</ele></trkpt>
<trkpt lon="-5.218713" lat="43.475226"><ele>10.0</ele></trkpt>
<trkpt lon="-5.218851" lat="43.475332"><ele>10.25</ele></trkpt>
<trkpt lon="-5.219118" lat="43.475486"><ele>10.75</ele></trkpt>
<trkpt lon="-5.219447" lat="43.475655"><ele>10.75</ele></trkpt>
<trkpt lon="-5.219912" lat="43.475817"><ele>10.0</ele></trkpt>
<trkpt lon="-5.220183" lat="43.475902"><ele>9.75</ele></trkpt>
<trkpt lon="-5.220392" lat="43.475945"><ele>10.25</ele></trkpt>
<trkpt lon="-5.220792" lat="43.476009"><ele>10.75</ele></trkpt>
<trkpt lon="-5.221125" lat="43.476048"><ele>11.25</ele></trkpt>
<trkpt lon="-5.221324" lat="43.476057"><ele>11.25</ele></trkpt>
<trkpt lon="-5.221419" lat="43.476034"><ele>11.5</ele></trkpt>
<trkpt lon="-5.221497" lat="43.475977"><ele>12.0</ele></trkpt>
<trkpt lon="-5.221719" lat="43.475734"><ele>13.75</ele></trkpt>
<trkpt lon="-5.222222" lat="43.475960"><ele>14.5</ele></trkpt>
<trkpt lon="-5.224857" lat="43.477150"><ele>12.75</ele></trkpt>
<trkpt lon="-5.225967" lat="43.477660"><ele>10.25</ele></trkpt>
<trkpt lon="-5.229222" lat="43.479139"><ele>10.5</ele></trkpt>
<trkpt lon="-5.229794" lat="43.479399"><ele>9.5</ele></trkpt>
<trkpt lon="-5.229816" lat="43.479355"><ele>10.0</ele></trkpt>
<trkpt lon="-5.229969" lat="43.479255"><ele>10.5</ele></trkpt>
<trkpt lon="-5.230045" lat="43.479179"><ele>10.75</ele></trkpt>
<trkpt lon="-5.230138" lat="43.479112"><ele>11.25</ele></trkpt>
<trkpt lon="-5.230446" lat="43.478977"><ele>12.5</ele></trkpt>
<trkpt lon="-5.230616" lat="43.478890"><ele>12.5</ele></trkpt>
<trkpt lon="-5.230941" lat="43.478699"><ele>13.75</ele></trkpt>
<trkpt lon="-5.231074" lat="43.478643"><ele>13.75</ele></trkpt>
<trkpt lon="-5.231300" lat="43.478582"><ele>12.5</ele></trkpt>
<trkpt lon="-5.231547" lat="43.478556"><ele>12.0</ele></trkpt>
<trkpt lon="-5.231844" lat="43.478616"><ele>11.0</ele></trkpt>
<trkpt lon="-5.232103" lat="43.478680"><ele>11.75</ele></trkpt>
<trkpt lon="-5.232215" lat="43.478759"><ele>11.75</ele></trkpt>
<trkpt lon="-5.232457" lat="43.479031"><ele>11.75</ele></trkpt>
<trkpt lon="-5.232578" lat="43.479207"><ele>11.75</ele></trkpt>
<trkpt lon="-5.232685" lat="43.479338"><ele>11.75</ele></trkpt>
<trkpt lon="-5.232857" lat="43.479523"><ele>12.25</ele></trkpt>
<trkpt lon="-5.233058" lat="43.479650"><ele>13.75</ele></trkpt>
<trkpt lon="-5.233196" lat="43.479679"><ele>14.75</ele></trkpt>
<trkpt lon="-5.233452" lat="43.479671"><ele>16.25</ele></trkpt>
<trkpt lon="-5.233824" lat="43.479703"><ele>18.5</ele></trkpt>
<trkpt lon="-5.234088" lat="43.479718"><ele>21.0</ele></trkpt>
<trkpt lon="-5.234393" lat="43.479721"><ele>23.5</ele></trkpt>
<trkpt lon="-5.234657" lat="43.479732"><ele>25.5</ele></trkpt>
<trkpt lon="-5.234900" lat="43.479721"><ele>25.75</ele></trkpt>
<trkpt lon="-5.235015" lat="43.479710"><ele>25.75</ele></trkpt>
<trkpt lon="-5.235693" lat="43.479648"><ele>28.5</ele></trkpt>
<trkpt lon="-5.235760" lat="43.479635"><ele>28.5</ele></trkpt>
<trkpt lon="-5.235848" lat="43.479617"><ele>28.5</ele></trkpt>
<trkpt lon="-5.236589" lat="43.479584"><ele>28.25</ele></trkpt>
<trkpt lon="-5.236727" lat="43.479586"><ele>28.25</ele></trkpt>
<trkpt lon="-5.236932" lat="43.479613"><ele>28.5</ele></trkpt>
<trkpt lon="-5.237199" lat="43.479593"><ele>28.5</ele></trkpt>
<trkpt lon="-5.237689" lat="43.479496"><ele>28.0</ele></trkpt>
<trkpt lon="-5.237829" lat="43.479466"><ele>28.25</ele></trkpt>
<trkpt lon="-5.238013" lat="43.479410"><ele>28.5</ele></trkpt>
<trkpt lon="-5.238095" lat="43.479363"><ele>28.75</ele></trkpt>
<trkpt lon="-5.238277" lat="43.479210"><ele>29.0</ele></trkpt>
<trkpt lon="-5.238539" lat="43.479134"><ele>29.5</ele></trkpt>
<trkpt lon="-5.238772" lat="43.479162"><ele>31.0</ele></trkpt>
<trkpt lon="-5.239005" lat="43.479173"><ele>32.75</ele></trkpt>
<trkpt lon="-5.239241" lat="43.479200"><ele>35.0</ele></trkpt>
<trkpt lon="-5.239690" lat="43.479288"><ele>39.0</ele></trkpt>
<trkpt lon="-5.240387" lat="43.479464"><ele>43.75</ele></trkpt>
<trkpt lon="-5.241036" lat="43.479615"><ele>48.0</ele></trkpt>
<trkpt lon="-5.241810" lat="43.479815"><ele>52.75</ele></trkpt>
<trkpt lon="-5.242141" lat="43.479875"><ele>54.5</ele></trkpt>
<trkpt lon="-5.242613" lat="43.479873"><ele>55.5</ele></trkpt>
<trkpt lon="-5.242977" lat="43.479854"><ele>55.5</ele></trkpt>
<trkpt lon="-5.243281" lat="43.479839"><ele>55.0</ele></trkpt>
<trkpt lon="-5.244032" lat="43.479835"><ele>54.0</ele></trkpt>
<trkpt lon="-5.244498" lat="43.479861"><ele>51.25</ele></trkpt>
<trkpt lon="-5.244771" lat="43.479910"><ele>50.25</ele></trkpt>
<trkpt lon="-5.245140" lat="43.480273"><ele>49.0</ele></trkpt>
<trkpt lon="-5.245273" lat="43.480470"><ele>48.75</ele></trkpt>
<trkpt lon="-5.245440" lat="43.480689"><ele>49.25</ele></trkpt>
<trkpt lon="-5.245465" lat="43.480831"><ele>50.5</ele></trkpt>
<trkpt lon="-5.245485" lat="43.481011"><ele>52.0</ele></trkpt>
<trkpt lon="-5.245580" lat="43.481135"><ele>52.75</ele></trkpt>
<trkpt lon="-5.245782" lat="43.481223"><ele>52.25</ele></trkpt>
<trkpt lon="-5.246038" lat="43.481286"><ele>51.75</ele></trkpt>
<trkpt lon="-5.246224" lat="43.481288"><ele>51.25</ele></trkpt>
<trkpt lon="-5.246545" lat="43.481302"><ele>50.25</ele></trkpt>
<trkpt lon="-5.246816" lat="43.481335"><ele>49.75</ele></trkpt>
<trkpt lon="-5.247074" lat="43.481358"><ele>48.5</ele></trkpt>
<trkpt lon="-5.247631" lat="43.481380"><ele>43.5</ele></trkpt>
<trkpt lon="-5.248069" lat="43.481338"><ele>43.0</ele></trkpt>
<trkpt lon="-5.248361" lat="43.481357"><ele>41.5</ele></trkpt>
<trkpt lon="-5.248569" lat="43.481440"><ele>40.0</ele></trkpt>
<trkpt lon="-5.248823" lat="43.481498"><ele>40.0</ele></trkpt>
<trkpt lon="-5.249209" lat="43.481553"><ele>38.75</ele></trkpt>
<trkpt lon="-5.249619" lat="43.481558"><ele>38.0</ele></trkpt>
<trkpt lon="-5.249926" lat="43.481533"><ele>36.75</ele></trkpt>
<trkpt lon="-5.250373" lat="43.481539"><ele>36.25</ele></trkpt>
<trkpt lon="-5.250750" lat="43.481597"><ele>37.5</ele></trkpt>
<trkpt lon="-5.250941" lat="43.481681"><ele>38.5</ele></trkpt>
<trkpt lon="-5.251203" lat="43.481745"><ele>39.75</ele></trkpt>
<trkpt lon="-5.251444" lat="43.481792"><ele>40.5</ele></trkpt>
<trkpt lon="-5.251571" lat="43.481836"><ele>41.25</ele></trkpt>
<trkpt lon="-5.251753" lat="43.481870"><ele>42.25</ele></trkpt>
<trkpt lon="-5.252025" lat="43.481871"><ele>42.5</ele></trkpt>
<trkpt lon="-5.252176" lat="43.481873"><ele>42.5</ele></trkpt>
<trkpt lon="-5.252360" lat="43.481890"><ele>42.25</ele></trkpt>
<trkpt lon="-5.252476" lat="43.481919"><ele>41.75</ele></trkpt>
<trkpt lon="-5.252590" lat="43.481971"><ele>41.5</ele></trkpt>
<trkpt lon="-5.252779" lat="43.482080"><ele>40.75</ele></trkpt>
<trkpt lon="-5.252983" lat="43.482244"><ele>39.75</ele></trkpt>
<trkpt lon="-5.253061" lat="43.482343"><ele>39.25</ele></trkpt>
<trkpt lon="-5.253195" lat="43.482441"><ele>38.75</ele></trkpt>
<trkpt lon="-5.253302" lat="43.482491"><ele>38.0</ele></trkpt>
<trkpt lon="-5.253422" lat="43.482529"><ele>37.5</ele></trkpt>
<trkpt lon="-5.253687" lat="43.482582"><ele>36.25</ele></trkpt>
<trkpt lon="-5.254296" lat="43.482639"><ele>35.25</ele></trkpt>
<trkpt lon="-5.254539" lat="43.482678"><ele>35.0</ele></trkpt>
<trkpt lon="-5.254778" lat="43.482768"><ele>34.25</ele></trkpt>
<trkpt lon="-5.255176" lat="43.482892"><ele>33.5</ele></trkpt>
<trkpt lon="-5.255298" lat="43.482903"><ele>33.0</ele></trkpt>
<trkpt lon="-5.255482" lat="43.482893"><ele>31.5</ele></trkpt>
<trkpt lon="-5.255638" lat="43.482876"><ele>31.0</ele></trkpt>
<trkpt lon="-5.255769" lat="43.482922"><ele>30.5</ele></trkpt>
<trkpt lon="-5.256611" lat="43.482981"><ele>28.0</ele></trkpt>
<trkpt lon="-5.256989" lat="43.482960"><ele>26.75</ele></trkpt>
<trkpt lon="-5.257465" lat="43.483027"><ele>25.25</ele></trkpt>
<trkpt lon="-5.258101" lat="43.483135"><ele>24.5</ele></trkpt>
<trkpt lon="-5.258456" lat="43.483235"><ele>24.25</ele></trkpt>
<trkpt lon="-5.258972" lat="43.483285"><ele>24.0</ele></trkpt>
<trkpt lon="-5.259390" lat="43.483368"><ele>23.75</ele></trkpt>
<trkpt lon="-5.260810" lat="43.483605"><ele>24.0</ele></trkpt>
<trkpt lon="-5.261311" lat="43.483621"><ele>23.75</ele></trkpt>
<trkpt lon="-5.261362" lat="43.483622"><ele>23.75</ele></trkpt>
<trkpt lon="-5.261792" lat="43.483730"><ele>24.0</ele></trkpt>
<trkpt lon="-5.262533" lat="43.484035"><ele>24.0</ele></trkpt>
<trkpt lon="-5.262867" lat="43.484159"><ele>23.25</ele></trkpt>
<trkpt lon="-5.263407" lat="43.484306"><ele>23.25</ele></trkpt>
<trkpt lon="-5.263680" lat="43.484364"><ele>23.0</ele></trkpt>
<trkpt lon="-5.263935" lat="43.484436"><ele>23.0</ele></trkpt>
<trkpt lon="-5.264130" lat="43.484524"><ele>22.25</ele></trkpt>
<trkpt lon="-5.264431" lat="43.484567"><ele>22.0</ele></trkpt>
<trkpt lon="-5.264926" lat="43.484673"><ele>23.75</ele></trkpt>
<trkpt lon="-5.265328" lat="43.484711"><ele>22.75</ele></trkpt>
<trkpt lon="-5.265539" lat="43.484696"><ele>22.0</ele></trkpt>
<trkpt lon="-5.265845" lat="43.484670"><ele>20.5</ele></trkpt>
<trkpt lon="-5.266274" lat="43.484655"><ele>17.75</ele></trkpt>
<trkpt lon="-5.266460" lat="43.484636"><ele>16.25</ele></trkpt>
<trkpt lon="-5.266501" lat="43.484592"><ele>15.75</ele></trkpt>
<trkpt lon="-5.266507" lat="43.484521"><ele>15.0</ele></trkpt>
<trkpt lon="-5.266487" lat="43.484430"><ele>14.5</ele></trkpt>
<trkpt lon="-5.266364" lat="43.484164"><ele>15.0</ele></trkpt>
<trkpt lon="-5.266244" lat="43.483940"><ele>15.0</ele></trkpt>
<trkpt lon="-5.266278" lat="43.483932"><ele>15.0</ele></trkpt>
<trkpt lon="-5.266432" lat="43.483921"><ele>14.75</ele></trkpt>
<trkpt lon="-5.266764" lat="43.483921"><ele>13.5</ele></trkpt>
<trkpt lon="-5.267172" lat="43.483925"><ele>13.0</ele></trkpt>
<trkpt lon="-5.268671" lat="43.483940"><ele>11.75</ele></trkpt>
<trkpt lon="-5.269079" lat="43.483948"><ele>11.0</ele></trkpt>
<trkpt lon="-5.269143" lat="43.483949"><ele>11.0</ele></trkpt>
<trkpt lon="-5.269240" lat="43.483998"><ele>11.25</ele></trkpt>
<trkpt lon="-5.269273" lat="43.484027"><ele>11.25</ele></trkpt>
<trkpt lon="-5.269316" lat="43.484076"><ele>11.25</ele></trkpt>
<trkpt lon="-5.269354" lat="43.484099"><ele>11.0</ele></trkpt>
<trkpt lon="-5.269403" lat="43.484117"><ele>11.0</ele></trkpt>
<trkpt lon="-5.269448" lat="43.484125"><ele>10.75</ele></trkpt>
<trkpt lon="-5.269539" lat="43.484119"><ele>10.5</ele></trkpt>
<trkpt lon="-5.269599" lat="43.484099"><ele>10.5</ele></trkpt>
<trkpt lon="-5.269626" lat="43.484083"><ele>10.5</ele></trkpt>
<trkpt lon="-5.269655" lat="43.484058"><ele>10.5</ele></trkpt>
<trkpt lon="-5.269727" lat="43.483998"><ele>10.5</ele></trkpt>
<trkpt lon="-5.269766" lat="43.483979"><ele>10.5</ele></trkpt>
<trkpt lon="-5.269810" lat="43.483967"><ele>10.75</ele></trkpt>
<trkpt lon="-5.269860" lat="43.483968"><ele>10.75</ele></trkpt>
<trkpt lon="-5.270853" lat="43.483987"><ele>9.25</ele></trkpt>
<trkpt lon="-5.271415" lat="43.484001"><ele>9.25</ele></trkpt>
<trkpt lon="-5.271486" lat="43.484003"><ele>9.5</ele></trkpt>
<trkpt lon="-5.271866" lat="43.483984"><ele>9.25</ele></trkpt>
<trkpt lon="-5.272047" lat="43.483946"><ele>9.5</ele></trkpt>
<trkpt lon="-5.272093" lat="43.483917"><ele>9.25</ele></trkpt>
<trkpt lon="-5.272105" lat="43.483882"><ele>8.75</ele></trkpt>
<trkpt lon="-5.272220" lat="43.483873"><ele>8.75</ele></trkpt>
<trkpt lon="-5.272261" lat="43.483875"><ele>9.0</ele></trkpt>
<trkpt lon="-5.272304" lat="43.483885"><ele>9.5</ele></trkpt>
<trkpt lon="-5.272602" lat="43.483982"><ele>12.0</ele></trkpt>
<trkpt lon="-5.272849" lat="43.484071"><ele>11.0</ele></trkpt>
<trkpt lon="-5.273073" lat="43.484162"><ele>8.75</ele></trkpt>
<trkpt lon="-5.273289" lat="43.484262"><ele>11.5</ele></trkpt>
<trkpt lon="-5.273388" lat="43.484312"><ele>11.5</ele></trkpt>
<trkpt lon="-5.273484" lat="43.484371"><ele>10.75</ele></trkpt>
<trkpt lon="-5.273566" lat="43.484432"><ele>9.25</ele></trkpt>
<trkpt lon="-5.273686" lat="43.484438"><ele>7.5</ele></trkpt>
<trkpt lon="-5.273794" lat="43.484481"><ele>8.0</ele></trkpt>
<trkpt lon="-5.274193" lat="43.484753"><ele>7.0</ele></trkpt>
<trkpt lon="-5.274311" lat="43.484814"><ele>6.75</ele></trkpt>
<trkpt lon="-5.274451" lat="43.484860"><ele>6.5</ele></trkpt>
<trkpt lon="-5.274547" lat="43.484909"><ele>6.75</ele></trkpt>
<trkpt lon="-5.274624" lat="43.484995"><ele>7.0</ele></trkpt>
<trkpt lon="-5.274666" lat="43.485020"><ele>7.0</ele></trkpt>
<trkpt lon="-5.275201" lat="43.485273"><ele>6.25</ele></trkpt>
<trkpt lon="-5.275240" lat="43.485302"><ele>6.0</ele></trkpt>
<trkpt lon="-5.275313" lat="43.485375"><ele>6.25</ele></trkpt>
<trkpt lon="-5.275338" lat="43.485434"><ele>6.25</ele></trkpt>
<trkpt lon="-5.275375" lat="43.485428"><ele>6.25</ele></trkpt>
<trkpt lon="-5.275567" lat="43.485377"><ele>6.25</ele></trkpt>
<trkpt lon="-5.275601" lat="43.485368"><ele>6.25</ele></trkpt>
<trkpt lon="-5.275478" lat="43.485167"><ele>6.5</ele></trkpt>
<trkpt lon="-5.275234" lat="43.484839"><ele>7.0</ele></trkpt>
<trkpt lon="-5.275161" lat="43.484757"><ele>7.5</ele></trkpt>
<trkpt lon="-5.275100" lat="43.484650"><ele>8.0</ele></trkpt>
<trkpt lon="-5.275083" lat="43.484535"><ele>7.75</ele></trkpt>
<trkpt lon="-5.275100" lat="43.484399"><ele>7.5</ele></trkpt>
<trkpt lon="-5.275204" lat="43.483873"><ele>7.0</ele></trkpt>
<trkpt lon="-5.275222" lat="43.483751"><ele>7.25</ele></trkpt>
<trkpt lon="-5.275218" lat="43.483620"><ele>7.75</ele></trkpt>
<trkpt lon="-5.275187" lat="43.483449"><ele>7.75</ele></trkpt>
<trkpt lon="-5.275033" lat="43.483172"><ele>7.75</ele></trkpt>
<trkpt lon="-5.274982" lat="43.483031"><ele>8.0</ele></trkpt>
<trkpt lon="-5.274955" lat="43.482903"><ele>8.5</ele></trkpt>
<trkpt lon="-5.274978" lat="43.482794"><ele>8.75</ele></trkpt>
<trkpt lon="-5.275014" lat="43.482701"><ele>9.0</ele></trkpt>
<trkpt lon="-5.275299" lat="43.482302"><ele>9.75</ele></trkpt>
<trkpt lon="-5.275337" lat="43.481980"><ele>9.75</ele></trkpt>
<trkpt lon="-5.275266" lat="43.481197"><ele>9.75</ele></trkpt>
<trkpt lon="-5.275231" lat="43.480931"><ele>9.75</ele></trkpt>
<trkpt lon="-5.275196" lat="43.480570"><ele>10.75</ele></trkpt>
<trkpt lon="-5.275043" lat="43.480431"><ele>11.75</ele></trkpt>
<trkpt lon="-5.275047" lat="43.480071"><ele>11.75</ele></trkpt>
<trkpt lon="-5.275091" lat="43.479967"><ele>11.5</ele></trkpt>
<trkpt lon="-5.275253" lat="43.479905"><ele>12.0</ele></trkpt>
<trkpt lon="-5.275842" lat="43.479919"><ele>12.0</ele></trkpt>
<trkpt lon="-5.276359" lat="43.479943"><ele>10.75</ele></trkpt>
<trkpt lon="-5.276609" lat="43.479967"><ele>10.75</ele></trkpt>
<trkpt lon="-5.276905" lat="43.480025"><ele>12.0</ele></trkpt>
<trkpt lon="-5.277302" lat="43.480135"><ele>15.25</ele></trkpt>
<trkpt lon="-5.277994" lat="43.480234"><ele>16.75</ele></trkpt>
<trkpt lon="-5.278528" lat="43.480279"><ele>21.0</ele></trkpt>
<trkpt lon="-5.278872" lat="43.480335"><ele>21.5</ele></trkpt>
<trkpt lon="-5.278892" lat="43.480214"><ele>23.0</ele></trkpt>
<trkpt lon="-5.281060" lat="43.480734"><ele>30.0</ele></trkpt>
<trkpt lon="-5.281764" lat="43.480903"><ele>28.25</ele></trkpt>
<trkpt lon="-5.282406" lat="43.481032"><ele>30.5</ele></trkpt>
<trkpt lon="-5.285291" lat="43.481357"><ele>39.0</ele></trkpt>
<trkpt lon="-5.285732" lat="43.481361"><ele>41.75</ele></trkpt>
<trkpt lon="-5.286860" lat="43.481168"><ele>39.25</ele></trkpt>
<trkpt lon="-5.287942" lat="43.480863"><ele>37.25</ele></trkpt>
<trkpt lon="-5.288628" lat="43.480646"><ele>34.25</ele></trkpt>
<trkpt lon="-5.289048" lat="43.480634"><ele>28.25</ele></trkpt>
<trkpt lon="-5.289465" lat="43.480686"><ele>24.25</ele></trkpt>
<trkpt lon="-5.289889" lat="43.480754"><ele>24.25</ele></trkpt>
<trkpt lon="-5.290376" lat="43.480773"><ele>23.5</ele></trkpt>
<trkpt lon="-5.290846" lat="43.480744"><ele>19.75</ele></trkpt>
<trkpt lon="-5.291279" lat="43.480705"><ele>18.75</ele></trkpt>
<trkpt lon="-5.291636" lat="43.480638"><ele>18.25</ele></trkpt>
<trkpt lon="-5.292267" lat="43.480481"><ele>17.0</ele></trkpt>
<trkpt lon="-5.292889" lat="43.480382"><ele>16.75</ele></trkpt>
<trkpt lon="-5.293508" lat="43.480301"><ele>16.75</ele></trkpt>
<trkpt lon="-5.294367" lat="43.480242"><ele>18.5</ele></trkpt>
<trkpt lon="-5.295223" lat="43.480236"><ele>19.75</ele></trkpt>
<trkpt lon="-5.296187" lat="43.480252"><ele>17.75</ele></trkpt>
<trkpt lon="-5.297131" lat="43.480364"><ele>18.75</ele></trkpt>
<trkpt lon="-5.298047" lat="43.480544"><ele>17.25</ele></trkpt>
<trkpt lon="-5.298743" lat="43.480704"><ele>17.25</ele></trkpt>
<trkpt lon="-5.301272" lat="43.481324"><ele>19.5</ele></trkpt>
<trkpt lon="-5.301286" lat="43.481288"><ele>20.0</ele></trkpt>
<trkpt lon="-5.301258" lat="43.481242"><ele>20.5</ele></trkpt>
<trkpt lon="-5.301066" lat="43.481134"><ele>20.75</ele></trkpt>
<trkpt lon="-5.301000" lat="43.481077"><ele>21.25</ele></trkpt>
<trkpt lon="-5.300862" lat="43.480841"><ele>25.0</ele></trkpt>
<trkpt lon="-5.300816" lat="43.480790"><ele>26.25</ele></trkpt>
<trkpt lon="-5.300688" lat="43.480666"><ele>28.75</ele></trkpt>
<trkpt lon="-5.300583" lat="43.480505"><ele>32.0</ele></trkpt>
<trkpt lon="-5.300473" lat="43.480395"><ele>34.25</ele></trkpt>
<trkpt lon="-5.300385" lat="43.480320"><ele>35.75</ele></trkpt>
<trkpt lon="-5.300354" lat="43.480275"><ele>36.75</ele></trkpt>
<trkpt lon="-5.300355" lat="43.480242"><ele>37.25</ele></trkpt>
<trkpt lon="-5.300401" lat="43.480213"><ele>38.25</ele></trkpt>
<trkpt lon="-5.300672" lat="43.480135"><ele>42.5</ele></trkpt>
<trkpt lon="-5.300778" lat="43.480110"><ele>43.75</ele></trkpt>
<trkpt lon="-5.300831" lat="43.480052"><ele>45.0</ele></trkpt>
<trkpt lon="-5.300951" lat="43.479832"><ele>48.25</ele></trkpt>
<trkpt lon="-5.301295" lat="43.479567"><ele>52.0</ele></trkpt>
<trkpt lon="-5.301563" lat="43.479123"><ele>58.0</ele></trkpt>
<trkpt lon="-5.301784" lat="43.478943"><ele>58.75</ele></trkpt>
<trkpt lon="-5.302521" lat="43.478485"><ele>60.75</ele></trkpt>
<trkpt lon="-5.302711" lat="43.478306"><ele>61.75</ele></trkpt>
<trkpt lon="-5.303483" lat="43.478080"><ele>62.5</ele></trkpt>
<trkpt lon="-5.303730" lat="43.477948"><ele>62.5</ele></trkpt>
<trkpt lon="-5.303998" lat="43.477745"><ele>63.5</ele></trkpt>
<trkpt lon="-5.304593" lat="43.477649"><ele>63.0</ele></trkpt>
<trkpt lon="-5.305353" lat="43.477430"><ele>66.5</ele></trkpt>
<trkpt lon="-5.305712" lat="43.477473"><ele>66.0</ele></trkpt>
<trkpt lon="-5.305930" lat="43.477527"><ele>65.25</ele></trkpt>
<trkpt lon="-5.306227" lat="43.477545"><ele>64.25</ele></trkpt>
<trkpt lon="-5.306549" lat="43.477618"><ele>63.75</ele></trkpt>
<trkpt lon="-5.307067" lat="43.477660"><ele>69.5</ele></trkpt>
<trkpt lon="-5.307582" lat="43.477979"><ele>72.0</ele></trkpt>
<trkpt lon="-5.308462" lat="43.478337"><ele>76.75</ele></trkpt>
<trkpt lon="-5.309107" lat="43.478484"><ele>76.0</ele></trkpt>
<trkpt lon="-5.309252" lat="43.478538"><ele>76.0</ele></trkpt>
<trkpt lon="-5.309784" lat="43.478786"><ele>74.0</ele></trkpt>
<trkpt lon="-5.310020" lat="43.478927"><ele>74.0</ele></trkpt>
<trkpt lon="-5.310118" lat="43.479002"><ele>74.75</ele></trkpt>
<trkpt lon="-5.310209" lat="43.479115"><ele>75.75</ele></trkpt>
<trkpt lon="-5.310287" lat="43.479294"><ele>76.0</ele></trkpt>
<trkpt lon="-5.310285" lat="43.479176"><ele>77.0</ele></trkpt>
<trkpt lon="-5.310332" lat="43.479076"><ele>77.5</ele></trkpt>
<trkpt lon="-5.310433" lat="43.478988"><ele>78.25</ele></trkpt>
<trkpt lon="-5.310725" lat="43.478825"><ele>80.5</ele></trkpt>
<trkpt lon="-5.311134" lat="43.478624"><ele>82.0</ele></trkpt>
<trkpt lon="-5.311273" lat="43.478572"><ele>81.75</ele></trkpt>
<trkpt lon="-5.311409" lat="43.478561"><ele>81.5</ele></trkpt>
<trkpt lon="-5.311537" lat="43.478591"><ele>80.75</ele></trkpt>
<trkpt lon="-5.311748" lat="43.478716"><ele>80.5</ele></trkpt>
<trkpt lon="-5.312164" lat="43.478999"><ele>80.0</ele></trkpt>
<trkpt lon="-5.312257" lat="43.479045"><ele>80.0</ele></trkpt>
<trkpt lon="-5.312361" lat="43.479074"><ele>80.25</ele></trkpt>
<trkpt lon="-5.312559" lat="43.479090"><ele>79.25</ele></trkpt>
<trkpt lon="-5.312688" lat="43.479112"><ele>78.75</ele></trkpt>
<trkpt lon="-5.312890" lat="43.479187"><ele>78.5</ele></trkpt>
<trkpt lon="-5.312984" lat="43.479207"><ele>78.25</ele></trkpt>
<trkpt lon="-5.313376" lat="43.479250"><ele>78.5</ele></trkpt>
<trkpt lon="-5.313463" lat="43.479252"><ele>78.0</ele></trkpt>
<trkpt lon="-5.313538" lat="43.479239"><ele>77.5</ele></trkpt>
<trkpt lon="-5.313897" lat="43.479143"><ele>75.75</ele></trkpt>
<trkpt lon="-5.313975" lat="43.479114"><ele>76.25</ele></trkpt>
<trkpt lon="-5.314210" lat="43.478969"><ele>77.25</ele></trkpt>
<trkpt lon="-5.314344" lat="43.478921"><ele>77.75</ele></trkpt>
<trkpt lon="-5.314515" lat="43.478881"><ele>78.25</ele></trkpt>
<trkpt lon="-5.314674" lat="43.478862"><ele>79.25</ele></trkpt>
<trkpt lon="-5.314790" lat="43.478838"><ele>80.25</ele></trkpt>
<trkpt lon="-5.314933" lat="43.478770"><ele>81.75</ele></trkpt>
<trkpt lon="-5.315066" lat="43.478682"><ele>82.5</ele></trkpt>
<trkpt lon="-5.315221" lat="43.478544"><ele>84.5</ele></trkpt>
<trkpt lon="-5.315318" lat="43.478481"><ele>86.0</ele></trkpt>
<trkpt lon="-5.315406" lat="43.478484"><ele>86.75</ele></trkpt>
<trkpt lon="-5.315484" lat="43.478518"><ele>87.25</ele></trkpt>
<trkpt lon="-5.315629" lat="43.478634"><ele>88.75</ele></trkpt>
<trkpt lon="-5.315734" lat="43.478697"><ele>90.5</ele></trkpt>
<trkpt lon="-5.316028" lat="43.478826"><ele>93.0</ele></trkpt>
<trkpt lon="-5.316235" lat="43.478896"><ele>94.0</ele></trkpt>
<trkpt lon="-5.316472" lat="43.478942"><ele>95.75</ele></trkpt>
<trkpt lon="-5.316655" lat="43.478938"><ele>96.25</ele></trkpt>
<trkpt lon="-5.316834" lat="43.478882"><ele>95.25</ele></trkpt>
<trkpt lon="-5.316953" lat="43.478816"><ele>94.5</ele></trkpt>
<trkpt lon="-5.317225" lat="43.478595"><ele>92.75</ele></trkpt>
<trkpt lon="-5.317341" lat="43.478556"><ele>91.5</ele></trkpt>
<trkpt lon="-5.317464" lat="43.478551"><ele>90.75</ele></trkpt>
<trkpt lon="-5.317540" lat="43.478590"><ele>90.25</ele></trkpt>
<trkpt lon="-5.317687" lat="43.478717"><ele>89.5</ele></trkpt>
<trkpt lon="-5.317796" lat="43.478772"><ele>89.0</ele></trkpt>
<trkpt lon="-5.317902" lat="43.478804"><ele>88.25</ele></trkpt>
<trkpt lon="-5.318102" lat="43.478835"><ele>86.25</ele></trkpt>
<trkpt lon="-5.318277" lat="43.478888"><ele>84.75</ele></trkpt>
<trkpt lon="-5.318386" lat="43.478947"><ele>83.75</ele></trkpt>
<trkpt lon="-5.318486" lat="43.478979"><ele>82.5</ele></trkpt>
<trkpt lon="-5.318610" lat="43.478995"><ele>80.75</ele></trkpt>
<trkpt lon="-5.319015" lat="43.478993"><ele>76.5</ele></trkpt>
<trkpt lon="-5.319181" lat="43.479008"><ele>76.0</ele></trkpt>
<trkpt lon="-5.319546" lat="43.479094"><ele>74.5</ele></trkpt>
<trkpt lon="-5.319750" lat="43.479113"><ele>72.75</ele></trkpt>
<trkpt lon="-5.320043" lat="43.479108"><ele>70.25</ele></trkpt>
<trkpt lon="-5.320427" lat="43.479139"><ele>67.25</ele></trkpt>
<trkpt lon="-5.320564" lat="43.479127"><ele>66.0</ele></trkpt>
<trkpt lon="-5.320712" lat="43.479081"><ele>64.75</ele></trkpt>
<trkpt lon="-5.321168" lat="43.478874"><ele>59.75</ele></trkpt>
<trkpt lon="-5.321345" lat="43.478809"><ele>59.0</ele></trkpt>
<trkpt lon="-5.321628" lat="43.478732"><ele>57.0</ele></trkpt>
<trkpt lon="-5.321924" lat="43.478679"><ele>54.25</ele></trkpt>
<trkpt lon="-5.322109" lat="43.478673"><ele>52.0</ele></trkpt>
<trkpt lon="-5.322270" lat="43.478698"><ele>50.5</ele></trkpt>
<trkpt lon="-5.322674" lat="43.478584"><ele>45.75</ele></trkpt>
<trkpt lon="-5.323052" lat="43.478456"><ele>48.5</ele></trkpt>
<trkpt lon="-5.323191" lat="43.478446"><ele>50.0</ele></trkpt>
<trkpt lon="-5.323370" lat="43.478493"><ele>50.75</ele></trkpt>
<trkpt lon="-5.323500" lat="43.478498"><ele>49.25</ele></trkpt>
<trkpt lon="-5.323918" lat="43.478325"><ele>47.0</ele></trkpt>
<trkpt lon="-5.324044" lat="43.478329"><ele>47.0</ele></trkpt>
<trkpt lon="-5.324127" lat="43.478374"><ele>47.0</ele></trkpt>
<trkpt lon="-5.324309" lat="43.478544"><ele>49.75</ele></trkpt>
<trkpt lon="-5.324342" lat="43.478575"><ele>50.0</ele></trkpt>
<trkpt lon="-5.324422" lat="43.478827"><ele>50.0</ele></trkpt>
<trkpt lon="-5.324446" lat="43.478926"><ele>49.5</ele></trkpt>
<trkpt lon="-5.324850" lat="43.478902"><ele>49.75</ele></trkpt>
<trkpt lon="-5.325031" lat="43.478877"><ele>49.75</ele></trkpt>
<trkpt lon="-5.325195" lat="43.478827"><ele>49.5</ele></trkpt>
<trkpt lon="-5.325350" lat="43.478749"><ele>49.5</ele></trkpt>
<trkpt lon="-5.325577" lat="43.478593"><ele>50.0</ele></trkpt>
<trkpt lon="-5.325651" lat="43.478554"><ele>50.0</ele></trkpt>
<trkpt lon="-5.325766" lat="43.478516"><ele>50.0</ele></trkpt>
<trkpt lon="-5.325897" lat="43.478483"><ele>50.25</ele></trkpt>
<trkpt lon="-5.326262" lat="43.478440"><ele>51.5</ele></trkpt>
<trkpt lon="-5.326427" lat="43.478411"><ele>52.5</ele></trkpt>
<trkpt lon="-5.326581" lat="43.478355"><ele>53.0</ele></trkpt>
<trkpt lon="-5.326679" lat="43.478296"><ele>53.5</ele></trkpt>
<trkpt lon="-5.326785" lat="43.478203"><ele>53.5</ele></trkpt>
<trkpt lon="-5.326853" lat="43.478157"><ele>53.5</ele></trkpt>
<trkpt lon="-5.326957" lat="43.478122"><ele>53.0</ele></trkpt>
<trkpt lon="-5.327104" lat="43.478116"><ele>55.0</ele></trkpt>
<trkpt lon="-5.327478" lat="43.478130"><ele>56.5</ele></trkpt>
<trkpt lon="-5.327890" lat="43.478186"><ele>58.25</ele></trkpt>
<trkpt lon="-5.328088" lat="43.478205"><ele>59.5</ele></trkpt>
<trkpt lon="-5.328352" lat="43.478201"><ele>61.0</ele></trkpt>
<trkpt lon="-5.328514" lat="43.478182"><ele>61.25</ele></trkpt>
<trkpt lon="-5.328697" lat="43.478125"><ele>63.0</ele></trkpt>
<trkpt lon="-5.328997" lat="43.477982"><ele>65.25</ele></trkpt>
<trkpt lon="-5.329426" lat="43.477821"><ele>64.5</ele></trkpt>
<trkpt lon="-5.329461" lat="43.477808"><ele>64.25</ele></trkpt>
<trkpt lon="-5.329782" lat="43.477728"><ele>63.5</ele></trkpt>
<trkpt lon="-5.330040" lat="43.477680"><ele>62.25</ele></trkpt>
<trkpt lon="-5.330132" lat="43.477678"><ele>61.75</ele></trkpt>
<trkpt lon="-5.330293" lat="43.477700"><ele>61.25</ele></trkpt>
<trkpt lon="-5.330508" lat="43.477765"><ele>61.0</ele></trkpt>
<trkpt lon="-5.330744" lat="43.477784"><ele>61.5</ele></trkpt>
<trkpt lon="-5.330872" lat="43.477808"><ele>62.25</ele></trkpt>
<trkpt lon="-5.330958" lat="43.477848"><ele>63.5</ele></trkpt>
<trkpt lon="-5.331007" lat="43.477911"><ele>65.25</ele></trkpt>
<trkpt lon="-5.330998" lat="43.477997"><ele>66.25</ele></trkpt>
<trkpt lon="-5.330883" lat="43.478377"><ele>67.0</ele></trkpt>
<trkpt lon="-5.330883" lat="43.478452"><ele>66.25</ele></trkpt>
<trkpt lon="-5.330901" lat="43.478502"><ele>66.25</ele></trkpt>
<trkpt lon="-5.330954" lat="43.478547"><ele>67.25</ele></trkpt>
<trkpt lon="-5.331031" lat="43.478574"><ele>68.5</ele></trkpt>
<trkpt lon="-5.331199" lat="43.478580"><ele>71.5</ele></trkpt>
<trkpt lon="-5.331587" lat="43.478568"><ele>75.5</ele></trkpt>
<trkpt lon="-5.331873" lat="43.478569"><ele>77.75</ele></trkpt>
<trkpt lon="-5.333324" lat="43.478648"><ele>88.25</ele></trkpt>
<trkpt lon="-5.334017" lat="43.478658"><ele>94.5</ele></trkpt>
<trkpt lon="-5.334215" lat="43.478652"><ele>96.5</ele></trkpt>
<trkpt lon="-5.335042" lat="43.478590"><ele>103.0</ele></trkpt>
<trkpt lon="-5.335423" lat="43.478570"><ele>106.5</ele></trkpt>
<trkpt lon="-5.335688" lat="43.478601"><ele>107.75</ele></trkpt>
<trkpt lon="-5.336276" lat="43.478751"><ele>109.5</ele></trkpt>
<trkpt lon="-5.336951" lat="43.478936"><ele>112.0</ele></trkpt>
<trkpt lon="-5.337131" lat="43.478997"><ele>112.25</ele></trkpt>
<trkpt lon="-5.337339" lat="43.479081"><ele>113.5</ele></trkpt>
<trkpt lon="-5.337810" lat="43.479332"><ele>116.5</ele></trkpt>
<trkpt lon="-5.337921" lat="43.479384"><ele>117.5</ele></trkpt>
<trkpt lon="-5.339101" lat="43.479804"><ele>122.25</ele></trkpt>
<trkpt lon="-5.339309" lat="43.479837"><ele>124.25</ele></trkpt>
<trkpt lon="-5.339891" lat="43.479948"><ele>129.75</ele></trkpt>
<trkpt lon="-5.340291" lat="43.480004"><ele>134.0</ele></trkpt>
<trkpt lon="-5.341400" lat="43.480314"><ele>145.0</ele></trkpt>
<trkpt lon="-5.341770" lat="43.480429"><ele>147.5</ele></trkpt>
<trkpt lon="-5.342019" lat="43.480496"><ele>151.0</ele></trkpt>
<trkpt lon="-5.342213" lat="43.480563"><ele>154.75</ele></trkpt>
<trkpt lon="-5.342551" lat="43.480637"><ele>156.25</ele></trkpt>
<trkpt lon="-5.342685" lat="43.480682"><ele>157.0</ele></trkpt>
<trkpt lon="-5.342830" lat="43.480754"><ele>158.0</ele></trkpt>
<trkpt lon="-5.342943" lat="43.480779"><ele>159.0</ele></trkpt>
<trkpt lon="-5.343053" lat="43.480783"><ele>160.0</ele></trkpt>
<trkpt lon="-5.343402" lat="43.480822"><ele>161.75</ele></trkpt>
<trkpt lon="-5.343528" lat="43.480885"><ele>161.75</ele></trkpt>
<trkpt lon="-5.343689" lat="43.481017"><ele>161.5</ele></trkpt>
<trkpt lon="-5.343787" lat="43.481081"><ele>161.25</ele></trkpt>
<trkpt lon="-5.343870" lat="43.481178"><ele>161.0</ele></trkpt>
<trkpt lon="-5.343977" lat="43.481325"><ele>161.75</ele></trkpt>
<trkpt lon="-5.343957" lat="43.481439"><ele>162.5</ele></trkpt>
<trkpt lon="-5.344043" lat="43.481483"><ele>163.25</ele></trkpt>
<trkpt lon="-5.344139" lat="43.481548"><ele>164.5</ele></trkpt>
<trkpt lon="-5.344179" lat="43.481608"><ele>165.25</ele></trkpt>
<trkpt lon="-5.344276" lat="43.481801"><ele>166.25</ele></trkpt>
<trkpt lon="-5.344339" lat="43.481971"><ele>168.25</ele></trkpt>
<trkpt lon="-5.344406" lat="43.482076"><ele>170.5</ele></trkpt>
<trkpt lon="-5.344506" lat="43.482188"><ele>172.5</ele></trkpt>
<trkpt lon="-5.344651" lat="43.482280"><ele>173.75</ele></trkpt>
<trkpt lon="-5.344791" lat="43.482320"><ele>174.0</ele></trkpt>
<trkpt lon="-5.345000" lat="43.482344"><ele>173.75</ele></trkpt>
<trkpt lon="-5.345153" lat="43.482337"><ele>173.75</ele></trkpt>
<trkpt lon="-5.345259" lat="43.482312"><ele>173.75</ele></trkpt>
<trkpt lon="-5.345504" lat="43.482213"><ele>175.25</ele></trkpt>
<trkpt lon="-5.345629" lat="43.482187"><ele>176.25</ele></trkpt>
<trkpt lon="-5.345773" lat="43.482177"><ele>177.0</ele></trkpt>
<trkpt lon="-5.345908" lat="43.482210"><ele>177.5</ele></trkpt>
<trkpt lon="-5.346040" lat="43.482207"><ele>177.0</ele></trkpt>
<trkpt lon="-5.346207" lat="43.482191"><ele>177.0</ele></trkpt>
<trkpt lon="-5.346270" lat="43.482179"><ele>177.0</ele></trkpt>
<trkpt lon="-5.346291" lat="43.482379"><ele>179.75</ele></trkpt>
<trkpt lon="-5.346527" lat="43.482483"><ele>180.75</ele></trkpt>
<trkpt lon="-5.346571" lat="43.482502"><ele>181.0</ele></trkpt>
<trkpt lon="-5.346737" lat="43.482553"><ele>182.0</ele></trkpt>
<trkpt lon="-5.346903" lat="43.482570"><ele>182.25</ele></trkpt>
<trkpt lon="-5.347080" lat="43.482557"><ele>182.0</ele></trkpt>
<trkpt lon="-5.347283" lat="43.482512"><ele>181.5</ele></trkpt>
<trkpt lon="-5.347497" lat="43.482482"><ele>181.25</ele></trkpt>
<trkpt lon="-5.347790" lat="43.482483"><ele>179.25</ele></trkpt>
<trkpt lon="-5.348118" lat="43.482504"><ele>177.75</ele></trkpt>
<trkpt lon="-5.348427" lat="43.482558"><ele>177.5</ele></trkpt>
<trkpt lon="-5.348694" lat="43.482664"><ele>177.0</ele></trkpt>
<trkpt lon="-5.348985" lat="43.482833"><ele>175.5</ele></trkpt>
<trkpt lon="-5.349335" lat="43.483008"><ele>174.75</ele></trkpt>
<trkpt lon="-5.349541" lat="43.483087"><ele>175.25</ele></trkpt>
<trkpt lon="-5.349657" lat="43.483116"><ele>174.75</ele></trkpt>
<trkpt lon="-5.349812" lat="43.483120"><ele>174.75</ele></trkpt>
<trkpt lon="-5.350122" lat="43.483107"><ele>174.75</ele></trkpt>
<trkpt lon="-5.350248" lat="43.483113"><ele>174.75</ele></trkpt>
<trkpt lon="-5.351491" lat="43.483293"><ele>177.5</ele></trkpt>
<trkpt lon="-5.351807" lat="43.483364"><ele>178.0</ele></trkpt>
<trkpt lon="-5.352210" lat="43.483497"><ele>175.5</ele></trkpt>
<trkpt lon="-5.352786" lat="43.483728"><ele>169.25</ele></trkpt>
<trkpt lon="-5.352917" lat="43.483767"><ele>168.75</ele></trkpt>
<trkpt lon="-5.353490" lat="43.483895"><ele>167.25</ele></trkpt>
<trkpt lon="-5.353641" lat="43.483914"><ele>166.0</ele></trkpt>
<trkpt lon="-5.353991" lat="43.483939"><ele>161.75</ele></trkpt>
<trkpt lon="-5.354178" lat="43.483963"><ele>160.25</ele></trkpt>
<trkpt lon="-5.354414" lat="43.484025"><ele>158.25</ele></trkpt>
<trkpt lon="-5.354595" lat="43.484093"><ele>156.0</ele></trkpt>
<trkpt lon="-5.354732" lat="43.484167"><ele>156.75</ele></trkpt>
<trkpt lon="-5.354810" lat="43.484249"><ele>155.25</ele></trkpt>
<trkpt lon="-5.354886" lat="43.484394"><ele>154.5</ele></trkpt>
<trkpt lon="-5.354933" lat="43.484556"><ele>153.0</ele></trkpt>
<trkpt lon="-5.354944" lat="43.484661"><ele>151.75</ele></trkpt>
<trkpt lon="-5.354974" lat="43.484721"><ele>150.5</ele></trkpt>
<trkpt lon="-5.355059" lat="43.484805"><ele>148.25</ele></trkpt>
<trkpt lon="-5.355211" lat="43.484838"><ele>146.0</ele></trkpt>
<trkpt lon="-5.355327" lat="43.484839"><ele>144.5</ele></trkpt>
<trkpt lon="-5.355482" lat="43.484805"><ele>143.25</ele></trkpt>
<trkpt lon="-5.355748" lat="43.484729"><ele>143.0</ele></trkpt>
<trkpt lon="-5.356084" lat="43.484695"><ele>141.0</ele></trkpt>
<trkpt lon="-5.356459" lat="43.484695"><ele>140.25</ele></trkpt>
<trkpt lon="-5.356659" lat="43.484727"><ele>140.75</ele></trkpt>
<trkpt lon="-5.356927" lat="43.484797"><ele>140.0</ele></trkpt>
<trkpt lon="-5.357199" lat="43.484885"><ele>140.25</ele></trkpt>
<trkpt lon="-5.357567" lat="43.484966"><ele>142.75</ele></trkpt>
<trkpt lon="-5.358353" lat="43.485123"><ele>145.5</ele></trkpt>
<trkpt lon="-5.358535" lat="43.485172"><ele>145.75</ele></trkpt>
<trkpt lon="-5.358585" lat="43.485221"><ele>145.75</ele></trkpt>
<trkpt lon="-5.358654" lat="43.485324"><ele>145.0</ele></trkpt>
<trkpt lon="-5.358687" lat="43.485355"><ele>144.25</ele></trkpt>
<trkpt lon="-5.358797" lat="43.485418"><ele>143.75</ele></trkpt>
<trkpt lon="-5.358985" lat="43.485493"><ele>143.0</ele></trkpt>
<trkpt lon="-5.359038" lat="43.485560"><ele>141.75</ele></trkpt>
<trkpt lon="-5.359359" lat="43.485751"><ele>136.25</ele></trkpt>
<trkpt lon="-5.359703" lat="43.485913"><ele>132.5</ele></trkpt>
<trkpt lon="-5.360317" lat="43.486228"><ele>126.0</ele></trkpt>
<trkpt lon="-5.360443" lat="43.486413"><ele>123.25</ele></trkpt>
<trkpt lon="-5.360666" lat="43.486701"><ele>115.5</ele></trkpt>
<trkpt lon="-5.360690" lat="43.486842"><ele>112.25</ele></trkpt>
<trkpt lon="-5.360642" lat="43.486926"><ele>110.75</ele></trkpt>
<trkpt lon="-5.360540" lat="43.486975"><ele>110.0</ele></trkpt>
<trkpt lon="-5.360160" lat="43.487091"><ele>103.75</ele></trkpt>
<trkpt lon="-5.360030" lat="43.487182"><ele>99.25</ele></trkpt>
<trkpt lon="-5.360063" lat="43.487284"><ele>96.75</ele></trkpt>
<trkpt lon="-5.360262" lat="43.487458"><ele>93.0</ele></trkpt>
<trkpt lon="-5.360448" lat="43.487574"><ele>88.5</ele></trkpt>
<trkpt lon="-5.360625" lat="43.487591"><ele>85.0</ele></trkpt>
<trkpt lon="-5.361039" lat="43.487568"><ele>77.5</ele></trkpt>
<trkpt lon="-5.361337" lat="43.487595"><ele>76.25</ele></trkpt>
<trkpt lon="-5.361390" lat="43.487792"><ele>78.25</ele></trkpt>
<trkpt lon="-5.361310" lat="43.487969"><ele>78.25</ele></trkpt>
<trkpt lon="-5.361148" lat="43.488178"><ele>74.25</ele></trkpt>
<trkpt lon="-5.361078" lat="43.488573"><ele>75.0</ele></trkpt>
<trkpt lon="-5.361041" lat="43.488914"><ele>75.5</ele></trkpt>
<trkpt lon="-5.361070" lat="43.489088"><ele>71.75</ele></trkpt>
<trkpt lon="-5.361189" lat="43.489518"><ele>61.75</ele></trkpt>
<trkpt lon="-5.361477" lat="43.489978"><ele>54.5</ele></trkpt>
<trkpt lon="-5.361680" lat="43.490270"><ele>49.25</ele></trkpt>
<trkpt lon="-5.361794" lat="43.490349"><ele>47.5</ele></trkpt>
<trkpt lon="-5.361910" lat="43.490354"><ele>47.5</ele></trkpt>
<trkpt lon="-5.362158" lat="43.490331"><ele>46.5</ele></trkpt>
<trkpt lon="-5.362223" lat="43.490314"><ele>46.0</ele></trkpt>
<trkpt lon="-5.362291" lat="43.490337"><ele>46.75</ele></trkpt>
<trkpt lon="-5.362333" lat="43.490387"><ele>47.25</ele></trkpt>
<trkpt lon="-5.362383" lat="43.490500"><ele>47.75</ele></trkpt>
<trkpt lon="-5.362503" lat="43.490645"><ele>47.75</ele></trkpt>
<trkpt lon="-5.362539" lat="43.490729"><ele>47.0</ele></trkpt>
<trkpt lon="-5.362971" lat="43.490845"><ele>52.25</ele></trkpt>
<trkpt lon="-5.363189" lat="43.490923"><ele>55.25</ele></trkpt>
<trkpt lon="-5.363600" lat="43.491133"><ele>58.5</ele></trkpt>
<trkpt lon="-5.363689" lat="43.491183"><ele>59.25</ele></trkpt>
<trkpt lon="-5.363980" lat="43.491402"><ele>58.5</ele></trkpt>
<trkpt lon="-5.364076" lat="43.491475"><ele>58.5</ele></trkpt>
<trkpt lon="-5.364187" lat="43.491576"><ele>58.5</ele></trkpt>
<trkpt lon="-5.364299" lat="43.491697"><ele>58.25</ele></trkpt>
<trkpt lon="-5.364236" lat="43.491751"><ele>56.75</ele></trkpt>
<trkpt lon="-5.364108" lat="43.491912"><ele>52.5</ele></trkpt>
<trkpt lon="-5.364073" lat="43.492046"><ele>49.5</ele></trkpt>
<trkpt lon="-5.364096" lat="43.492476"><ele>43.75</ele></trkpt>
<trkpt lon="-5.364075" lat="43.492577"><ele>42.25</ele></trkpt>
<trkpt lon="-5.364027" lat="43.492710"><ele>40.25</ele></trkpt>
<trkpt lon="-5.363980" lat="43.492763"><ele>39.0</ele></trkpt>
<trkpt lon="-5.363904" lat="43.492812"><ele>37.75</ele></trkpt>
<trkpt lon="-5.363963" lat="43.492937"><ele>37.5</ele></trkpt>
<trkpt lon="-5.363957" lat="43.493013"><ele>36.75</ele></trkpt>
<trkpt lon="-5.363908" lat="43.493083"><ele>35.75</ele></trkpt>
<trkpt lon="-5.363710" lat="43.493239"><ele>33.75</ele></trkpt>
<trkpt lon="-5.363599" lat="43.493377"><ele>31.75</ele></trkpt>
<trkpt lon="-5.363571" lat="43.493425"><ele>31.75</ele></trkpt>
<trkpt lon="-5.363547" lat="43.493504"><ele>31.75</ele></trkpt>
<trkpt lon="-5.363549" lat="43.493554"><ele>31.75</ele></trkpt>
<trkpt lon="-5.363588" lat="43.493602"><ele>31.75</ele></trkpt>
<trkpt lon="-5.363748" lat="43.493706"><ele>32.25</ele></trkpt>
<trkpt lon="-5.363870" lat="43.493854"><ele>32.75</ele></trkpt>
<trkpt lon="-5.363992" lat="43.494054"><ele>32.5</ele></trkpt>
<trkpt lon="-5.364024" lat="43.494090"><ele>32.75</ele></trkpt>
<trkpt lon="-5.364107" lat="43.494088"><ele>32.5</ele></trkpt>
<trkpt lon="-5.364366" lat="43.494117"><ele>33.0</ele></trkpt>
<trkpt lon="-5.364459" lat="43.494113"><ele>33.0</ele></trkpt>
<trkpt lon="-5.364663" lat="43.494089"><ele>31.75</ele></trkpt>
<trkpt lon="-5.364752" lat="43.494098"><ele>31.25</ele></trkpt>
<trkpt lon="-5.364865" lat="43.494146"><ele>29.5</ele></trkpt>
<trkpt lon="-5.364940" lat="43.494169"><ele>28.0</ele></trkpt>
<trkpt lon="-5.365295" lat="43.494224"><ele>27.0</ele></trkpt>
<trkpt lon="-5.365569" lat="43.494235"><ele>27.0</ele></trkpt>
<trkpt lon="-5.365643" lat="43.494244"><ele>27.5</ele></trkpt>
<trkpt lon="-5.365875" lat="43.494296"><ele>28.75</ele></trkpt>
<trkpt lon="-5.366329" lat="43.494310"><ele>28.0</ele></trkpt>
<trkpt lon="-5.366610" lat="43.494336"><ele>28.5</ele></trkpt>
<trkpt lon="-5.366867" lat="43.494334"><ele>28.25</ele></trkpt>
<trkpt lon="-5.366927" lat="43.494318"><ele>27.75</ele></trkpt>
<trkpt lon="-5.367086" lat="43.494237"><ele>25.5</ele></trkpt>
<trkpt lon="-5.367185" lat="43.494204"><ele>24.25</ele></trkpt>
<trkpt lon="-5.367239" lat="43.494202"><ele>24.25</ele></trkpt>
<trkpt lon="-5.367451" lat="43.494220"><ele>25.0</ele></trkpt>
<trkpt lon="-5.367794" lat="43.494218"><ele>25.0</ele></trkpt>
<trkpt lon="-5.368475" lat="43.494343"><ele>25.25</ele></trkpt>
<trkpt lon="-5.368770" lat="43.494348"><ele>25.0</ele></trkpt>
<trkpt lon="-5.369270" lat="43.494275"><ele>21.75</ele></trkpt>
<trkpt lon="-5.369400" lat="43.494263"><ele>21.0</ele></trkpt>
<trkpt lon="-5.369790" lat="43.494281"><ele>23.0</ele></trkpt>
<trkpt lon="-5.370334" lat="43.494283"><ele>22.25</ele></trkpt>
<trkpt lon="-5.370663" lat="43.494347"><ele>21.75</ele></trkpt>
<trkpt lon="-5.371083" lat="43.494451"><ele>18.5</ele></trkpt>
<trkpt lon="-5.371285" lat="43.494456"><ele>16.0</ele></trkpt>
<trkpt lon="-5.371570" lat="43.494503"><ele>16.5</ele></trkpt>
<trkpt lon="-5.371700" lat="43.494500"><ele>16.25</ele></trkpt>
<trkpt lon="-5.372017" lat="43.494414"><ele>16.5</ele></trkpt>
<trkpt lon="-5.372576" lat="43.494338"><ele>17.25</ele></trkpt>
<trkpt lon="-5.372946" lat="43.494350"><ele>16.75</ele></trkpt>
<trkpt lon="-5.373127" lat="43.494408"><ele>17.0</ele></trkpt>
<trkpt lon="-5.373301" lat="43.494415"><ele>15.0</ele></trkpt>
<trkpt lon="-5.373750" lat="43.494580"><ele>16.0</ele></trkpt>
<trkpt lon="-5.373829" lat="43.494599"><ele>15.5</ele></trkpt>
<trkpt lon="-5.374069" lat="43.494605"><ele>11.0</ele></trkpt>
<trkpt lon="-5.374109" lat="43.494633"><ele>10.25</ele></trkpt>
<trkpt lon="-5.374120" lat="43.494736"><ele>10.25</ele></trkpt>
<trkpt lon="-5.374090" lat="43.494917"><ele>10.75</ele></trkpt>
<trkpt lon="-5.374082" lat="43.495259"><ele>12.75</ele></trkpt>
<trkpt lon="-5.374095" lat="43.495287"><ele>12.75</ele></trkpt>
<trkpt lon="-5.374120" lat="43.495320"><ele>13.25</ele></trkpt>
<trkpt lon="-5.374172" lat="43.495354"><ele>13.0</ele></trkpt>
<trkpt lon="-5.374699" lat="43.495586"><ele>9.5</ele></trkpt>
<trkpt lon="-5.375215" lat="43.495832"><ele>8.5</ele></trkpt>
<trkpt lon="-5.375616" lat="43.496081"><ele>8.0</ele></trkpt>
<trkpt lon="-5.375719" lat="43.496164"><ele>8.5</ele></trkpt>
<trkpt lon="-5.375894" lat="43.496350"><ele>9.5</ele></trkpt>
<trkpt lon="-5.376006" lat="43.496430"><ele>8.5</ele></trkpt>
<trkpt lon="-5.376043" lat="43.496467"><ele>8.0</ele></trkpt>
<trkpt lon="-5.376059" lat="43.496504"><ele>7.75</ele></trkpt>
<trkpt lon="-5.376097" lat="43.497006"><ele>6.0</ele></trkpt>
<trkpt lon="-5.376125" lat="43.497167"><ele>6.0</ele></trkpt>
<trkpt lon="-5.376153" lat="43.497235"><ele>6.0</ele></trkpt>
<trkpt lon="-5.376228" lat="43.497325"><ele>6.25</ele></trkpt>
<trkpt lon="-5.376517" lat="43.497547"><ele>8.5</ele></trkpt>
<trkpt lon="-5.376618" lat="43.497673"><ele>8.5</ele></trkpt>
<trkpt lon="-5.376696" lat="43.497727"><ele>9.0</ele></trkpt>
<trkpt lon="-5.376848" lat="43.497779"><ele>9.75</ele></trkpt>
<trkpt lon="-5.376963" lat="43.497829"><ele>10.5</ele></trkpt>
<trkpt lon="-5.377270" lat="43.498015"><ele>12.5</ele></trkpt>
<trkpt lon="-5.377388" lat="43.498107"><ele>13.0</ele></trkpt>
<trkpt lon="-5.377638" lat="43.498347"><ele>13.25</ele></trkpt>
<trkpt lon="-5.378024" lat="43.498593"><ele>15.75</ele></trkpt>
<trkpt lon="-5.378175" lat="43.498741"><ele>15.25</ele></trkpt>
<trkpt lon="-5.378861" lat="43.499283"><ele>13.0</ele></trkpt>
<trkpt lon="-5.378971" lat="43.499409"><ele>12.75</ele></trkpt>
<trkpt lon="-5.379155" lat="43.499534"><ele>13.25</ele></trkpt>
<trkpt lon="-5.379775" lat="43.499785"><ele>12.5</ele></trkpt>
<trkpt lon="-5.380217" lat="43.499961"><ele>13.0</ele></trkpt>
<trkpt lon="-5.380474" lat="43.500029"><ele>13.5</ele></trkpt>
<trkpt lon="-5.380533" lat="43.500058"><ele>13.5</ele></trkpt>
<trkpt lon="-5.380771" lat="43.500329"><ele>10.5</ele></trkpt>
<trkpt lon="-5.380811" lat="43.500361"><ele>9.75</ele></trkpt>
<trkpt lon="-5.380878" lat="43.500381"><ele>9.25</ele></trkpt>
<trkpt lon="-5.380964" lat="43.500386"><ele>8.5</ele></trkpt>
<trkpt lon="-5.381344" lat="43.500357"><ele>8.75</ele></trkpt>
<trkpt lon="-5.381417" lat="43.500369"><ele>9.0</ele></trkpt>
<trkpt lon="-5.381530" lat="43.500420"><ele>9.5</ele></trkpt>
<trkpt lon="-5.381666" lat="43.500462"><ele>10.0</ele></trkpt>
<trkpt lon="-5.381943" lat="43.500508"><ele>11.25</ele></trkpt>
<trkpt lon="-5.382138" lat="43.500505"><ele>12.0</ele></trkpt>
<trkpt lon="-5.382493" lat="43.500554"><ele>12.0</ele></trkpt>
<trkpt lon="-5.382564" lat="43.500568"><ele>12.25</ele></trkpt>
<trkpt lon="-5.382856" lat="43.500585"><ele>13.5</ele></trkpt>
<trkpt lon="-5.383081" lat="43.500575"><ele>12.75</ele></trkpt>
<trkpt lon="-5.383147" lat="43.500591"><ele>12.75</ele></trkpt>
<trkpt lon="-5.383644" lat="43.500752"><ele>11.5</ele></trkpt>
<trkpt lon="-5.383865" lat="43.500811"><ele>11.0</ele></trkpt>
<trkpt lon="-5.384005" lat="43.500842"><ele>10.75</ele></trkpt>
<trkpt lon="-5.384436" lat="43.500909"><ele>10.25</ele></trkpt>
<trkpt lon="-5.384520" lat="43.500908"><ele>10.25</ele></trkpt>
<trkpt lon="-5.384798" lat="43.500927"><ele>10.5</ele></trkpt>
<trkpt lon="-5.385229" lat="43.500979"><ele>10.25</ele></trkpt>
<trkpt lon="-5.385573" lat="43.500994"><ele>10.25</ele></trkpt>
<trkpt lon="-5.385745" lat="43.500986"><ele>10.25</ele></trkpt>
<trkpt lon="-5.385951" lat="43.500958"><ele>10.5</ele></trkpt>
<trkpt lon="-5.386140" lat="43.500958"><ele>10.5</ele></trkpt>
<trkpt lon="-5.386333" lat="43.500978"><ele>10.25</ele></trkpt>
<trkpt lon="-5.386492" lat="43.500968"><ele>10.5</ele></trkpt>
<trkpt lon="-5.386679" lat="43.500976"><ele>10.75</ele></trkpt>
<trkpt lon="-5.386878" lat="43.500993"><ele>11.0</ele></trkpt>
<trkpt lon="-5.387030" lat="43.501031"><ele>10.5</ele></trkpt>
<trkpt lon="-5.387232" lat="43.501111"><ele>9.0</ele></trkpt>
<trkpt lon="-5.387410" lat="43.501160"><ele>8.75</ele></trkpt>
<trkpt lon="-5.387517" lat="43.501181"><ele>8.5</ele></trkpt>
<trkpt lon="-5.387641" lat="43.501185"><ele>8.5</ele></trkpt>
<trkpt lon="-5.387783" lat="43.501171"><ele>8.5</ele></trkpt>
<trkpt lon="-5.387925" lat="43.501172"><ele>8.5</ele></trkpt>
<trkpt lon="-5.388136" lat="43.501190"><ele>8.0</ele></trkpt>
<trkpt lon="-5.388355" lat="43.501230"><ele>7.5</ele></trkpt>
<trkpt lon="-5.388707" lat="43.501313"><ele>6.5</ele></trkpt>
<trkpt lon="-5.388787" lat="43.501301"><ele>6.0</ele></trkpt>
<trkpt lon="-5.388898" lat="43.501262"><ele>6.0</ele></trkpt>
<trkpt lon="-5.389179" lat="43.501144"><ele>5.5</ele></trkpt>
<trkpt lon="-5.389397" lat="43.501073"><ele>5.5</ele></trkpt>
<trkpt lon="-5.389510" lat="43.501065"><ele>5.25</ele></trkpt>
<trkpt lon="-5.389620" lat="43.501079"><ele>5.5</ele></trkpt>
<trkpt lon="-5.389855" lat="43.500783"><ele>6.75</ele></trkpt>
<trkpt lon="-5.389960" lat="43.500549"><ele>8.25</ele></trkpt>
<trkpt lon="-5.389974" lat="43.500373"><ele>9.5</ele></trkpt>
<trkpt lon="-5.389939" lat="43.500275"><ele>10.25</ele></trkpt>
<trkpt lon="-5.390159" lat="43.500224"><ele>10.5</ele></trkpt>
<trkpt lon="-5.390307" lat="43.500172"><ele>12.0</ele></trkpt>
<trkpt lon="-5.390410" lat="43.500153"><ele>13.0</ele></trkpt>
<trkpt lon="-5.390536" lat="43.500155"><ele>14.0</ele></trkpt>
<trkpt lon="-5.390882" lat="43.500226"><ele>15.25</ele></trkpt>
<trkpt lon="-5.391136" lat="43.500300"><ele>19.0</ele></trkpt>
<trkpt lon="-5.391390" lat="43.500396"><ele>23.25</ele></trkpt>
<trkpt lon="-5.391889" lat="43.500632"><ele>29.5</ele></trkpt>
<trkpt lon="-5.392035" lat="43.500678"><ele>30.25</ele></trkpt>
<trkpt lon="-5.392258" lat="43.500705"><ele>30.5</ele></trkpt>
<trkpt lon="-5.392597" lat="43.500719"><ele>30.75</ele></trkpt>
<trkpt lon="-5.393050" lat="43.500706"><ele>33.25</ele></trkpt>
<trkpt lon="-5.393329" lat="43.500683"><ele>35.75</ele></trkpt>
<trkpt lon="-5.393565" lat="43.500634"><ele>39.5</ele></trkpt>
<trkpt lon="-5.393773" lat="43.500551"><ele>44.0</ele></trkpt>
<trkpt lon="-5.394000" lat="43.500431"><ele>46.25</ele></trkpt>
<trkpt lon="-5.394339" lat="43.500214"><ele>49.0</ele></trkpt>
<trkpt lon="-5.394520" lat="43.500116"><ele>49.75</ele></trkpt>
<trkpt lon="-5.394953" lat="43.499981"><ele>49.5</ele></trkpt>
<trkpt lon="-5.395204" lat="43.499922"><ele>47.25</ele></trkpt>
<trkpt lon="-5.395427" lat="43.499895"><ele>46.25</ele></trkpt>
<trkpt lon="-5.395781" lat="43.499894"><ele>46.0</ele></trkpt>
<trkpt lon="-5.395950" lat="43.499870"><ele>47.0</ele></trkpt>
<trkpt lon="-5.396077" lat="43.499823"><ele>48.25</ele></trkpt>
<trkpt lon="-5.396353" lat="43.499750"><ele>51.25</ele></trkpt>
<trkpt lon="-5.396686" lat="43.499608"><ele>53.25</ele></trkpt>
<trkpt lon="-5.396799" lat="43.499549"><ele>53.75</ele></trkpt>
<trkpt lon="-5.397049" lat="43.499372"><ele>54.75</ele></trkpt>
<trkpt lon="-5.397339" lat="43.499128"><ele>56.0</ele></trkpt>
<trkpt lon="-5.397585" lat="43.498836"><ele>59.5</ele></trkpt>
<trkpt lon="-5.397683" lat="43.498775"><ele>61.25</ele></trkpt>
<trkpt lon="-5.397896" lat="43.498716"><ele>63.75</ele></trkpt>
<trkpt lon="-5.398181" lat="43.498718"><ele>65.25</ele></trkpt>
<trkpt lon="-5.398293" lat="43.498733"><ele>65.5</ele></trkpt>
<trkpt lon="-5.398558" lat="43.498805"><ele>67.25</ele></trkpt>
<trkpt lon="-5.398669" lat="43.498823"><ele>67.5</ele></trkpt>
<trkpt lon="-5.399040" lat="43.498815"><ele>68.5</ele></trkpt>
<trkpt lon="-5.399336" lat="43.498783"><ele>69.25</ele></trkpt>
<trkpt lon="-5.399682" lat="43.498691"><ele>69.75</ele></trkpt>
<trkpt lon="-5.399792" lat="43.498670"><ele>70.25</ele></trkpt>
<trkpt lon="-5.399880" lat="43.498672"><ele>70.5</ele></trkpt>
<trkpt lon="-5.400200" lat="43.498768"><ele>71.0</ele></trkpt>
<trkpt lon="-5.400320" lat="43.498794"><ele>71.25</ele></trkpt>
<trkpt lon="-5.400501" lat="43.498796"><ele>72.5</ele></trkpt>
<trkpt lon="-5.400739" lat="43.498788"><ele>74.25</ele></trkpt>
<trkpt lon="-5.400866" lat="43.498800"><ele>74.25</ele></trkpt>
<trkpt lon="-5.400909" lat="43.498811"><ele>74.25</ele></trkpt>
<trkpt lon="-5.401609" lat="43.499116"><ele>68.0</ele></trkpt>
<trkpt lon="-5.401776" lat="43.499124"><ele>68.0</ele></trkpt>
<trkpt lon="-5.401882" lat="43.499155"><ele>67.25</ele></trkpt>
<trkpt lon="-5.402007" lat="43.499226"><ele>66.0</ele></trkpt>
<trkpt lon="-5.402396" lat="43.499473"><ele>59.0</ele></trkpt>
<trkpt lon="-5.402636" lat="43.499468"><ele>56.25</ele></trkpt>
<trkpt lon="-5.402980" lat="43.499365"><ele>54.5</ele></trkpt>
<trkpt lon="-5.403142" lat="43.499373"><ele>54.25</ele></trkpt>
<trkpt lon="-5.403287" lat="43.499720"><ele>50.5</ele></trkpt>
<trkpt lon="-5.403539" lat="43.500138"><ele>48.75</ele></trkpt>
<trkpt lon="-5.403814" lat="43.500370"><ele>49.0</ele></trkpt>
<trkpt lon="-5.404255" lat="43.500620"><ele>46.5</ele></trkpt>
<trkpt lon="-5.404467" lat="43.500808"><ele>44.25</ele></trkpt>
<trkpt lon="-5.404908" lat="43.500913"><ele>48.25</ele></trkpt>
<trkpt lon="-5.405875" lat="43.501032"><ele>48.25</ele></trkpt>
<trkpt lon="-5.407059" lat="43.501128"><ele>49.75</ele></trkpt>
<trkpt lon="-5.408327" lat="43.501185"><ele>55.75</ele></trkpt>
<trkpt lon="-5.409346" lat="43.501202"><ele>46.25</ele></trkpt>
<trkpt lon="-5.409544" lat="43.501155"><ele>45.25</ele></trkpt>
<trkpt lon="-5.409690" lat="43.501091"><ele>45.0</ele></trkpt>
<trkpt lon="-5.409852" lat="43.500979"><ele>45.0</ele></trkpt>
<trkpt lon="-5.410035" lat="43.500888"><ele>43.75</ele></trkpt>
<trkpt lon="-5.410371" lat="43.500688"><ele>43.75</ele></trkpt>
<trkpt lon="-5.410552" lat="43.500552"><ele>44.0</ele></trkpt>
<trkpt lon="-5.410727" lat="43.500406"><ele>45.75</ele></trkpt>
<trkpt lon="-5.410811" lat="43.500317"><ele>46.5</ele></trkpt>
<trkpt lon="-5.410848" lat="43.500245"><ele>46.75</ele></trkpt>
<trkpt lon="-5.410887" lat="43.500121"><ele>46.5</ele></trkpt>
<trkpt lon="-5.410842" lat="43.500137"><ele>46.5</ele></trkpt>
<trkpt lon="-5.411052" lat="43.499879"><ele>43.75</ele></trkpt>
<trkpt lon="-5.411505" lat="43.499461"><ele>39.0</ele></trkpt>
<trkpt lon="-5.412586" lat="43.498694"><ele>31.5</ele></trkpt>
<trkpt lon="-5.412641" lat="43.498610"><ele>30.25</ele></trkpt>
<trkpt lon="-5.412768" lat="43.498447"><ele>26.5</ele></trkpt>
<trkpt lon="-5.412829" lat="43.498395"><ele>25.25</ele></trkpt>
<trkpt lon="-5.412985" lat="43.498301"><ele>23.5</ele></trkpt>
<trkpt lon="-5.413050" lat="43.498235"><ele>22.25</ele></trkpt>
<trkpt lon="-5.413225" lat="43.498105"><ele>18.75</ele></trkpt>
<trkpt lon="-5.413454" lat="43.497927"><ele>15.5</ele></trkpt>
<trkpt lon="-5.413528" lat="43.497851"><ele>14.75</ele></trkpt>
<trkpt lon="-5.413601" lat="43.497741"><ele>14.0</ele></trkpt>
<trkpt lon="-5.413655" lat="43.497628"><ele>15.75</ele></trkpt>
<trkpt lon="-5.413680" lat="43.497494"><ele>16.75</ele></trkpt>
<trkpt lon="-5.413630" lat="43.497361"><ele>17.0</ele></trkpt>
<trkpt lon="-5.413533" lat="43.497276"><ele>18.25</ele></trkpt>
<trkpt lon="-5.413452" lat="43.497190"><ele>19.5</ele></trkpt>
<trkpt lon="-5.413403" lat="43.497095"><ele>20.0</ele></trkpt>
<trkpt lon="-5.413388" lat="43.497008"><ele>19.75</ele></trkpt>
<trkpt lon="-5.413407" lat="43.496913"><ele>20.75</ele></trkpt>
<trkpt lon="-5.413479" lat="43.496821"><ele>22.25</ele></trkpt>
<trkpt lon="-5.413567" lat="43.496752"><ele>21.5</ele></trkpt>
<trkpt lon="-5.413672" lat="43.496710"><ele>20.25</ele></trkpt>
<trkpt lon="-5.413957" lat="43.496672"><ele>18.75</ele></trkpt>
<trkpt lon="-5.414047" lat="43.496643"><ele>20.0</ele></trkpt>
<trkpt lon="-5.414146" lat="43.496600"><ele>21.5</ele></trkpt>
<trkpt lon="-5.414238" lat="43.496525"><ele>23.25</ele></trkpt>
<trkpt lon="-5.414313" lat="43.496447"><ele>23.75</ele></trkpt>
<trkpt lon="-5.414601" lat="43.495986"><ele>22.5</ele></trkpt>
<trkpt lon="-5.414796" lat="43.495672"><ele>21.5</ele></trkpt>
<trkpt lon="-5.415096" lat="43.495243"><ele>21.5</ele></trkpt>
<trkpt lon="-5.415431" lat="43.494818"><ele>23.0</ele></trkpt>
<trkpt lon="-5.417098" lat="43.492584"><ele>38.75</ele></trkpt>
<trkpt lon="-5.417198" lat="43.492623"><ele>37.5</ele></trkpt>
<trkpt lon="-5.417925" lat="43.492910"><ele>33.25</ele></trkpt>
<trkpt lon="-5.418100" lat="43.492980"><ele>34.75</ele></trkpt>
<trkpt lon="-5.418244" lat="43.493006"><ele>33.75</ele></trkpt>
<trkpt lon="-5.418427" lat="43.493010"><ele>32.5</ele></trkpt>
<trkpt lon="-5.418960" lat="43.492992"><ele>29.0</ele></trkpt>
<trkpt lon="-5.419621" lat="43.492938"><ele>26.25</ele></trkpt>
<trkpt lon="-5.419954" lat="43.492899"><ele>24.75</ele></trkpt>
<trkpt lon="-5.420289" lat="43.492835"><ele>21.75</ele></trkpt>
<trkpt lon="-5.420681" lat="43.492722"><ele>17.5</ele></trkpt>
<trkpt lon="-5.420806" lat="43.492667"><ele>16.5</ele></trkpt>
<trkpt lon="-5.421314" lat="43.492377"><ele>13.0</ele></trkpt>
<trkpt lon="-5.421437" lat="43.492322"><ele>11.75</ele></trkpt>
<trkpt lon="-5.421522" lat="43.492298"><ele>10.75</ele></trkpt>
<trkpt lon="-5.421595" lat="43.492278"><ele>10.0</ele></trkpt>
<trkpt lon="-5.421804" lat="43.492247"><ele>8.0</ele></trkpt>
<trkpt lon="-5.421925" lat="43.492213"><ele>7.0</ele></trkpt>
<trkpt lon="-5.422049" lat="43.492158"><ele>6.0</ele></trkpt>
<trkpt lon="-5.422137" lat="43.492110"><ele>5.75</ele></trkpt>
<trkpt lon="-5.422241" lat="43.491960"><ele>4.75</ele></trkpt>
<trkpt lon="-5.422469" lat="43.491736"><ele>5.5</ele></trkpt>
<trkpt lon="-5.422784" lat="43.491457"><ele>7.5</ele></trkpt>
<trkpt lon="-5.422922" lat="43.491315"><ele>9.25</ele></trkpt>
<trkpt lon="-5.422997" lat="43.491213"><ele>10.5</ele></trkpt>
<trkpt lon="-5.423029" lat="43.491151"><ele>11.5</ele></trkpt>
<trkpt lon="-5.423045" lat="43.491031"><ele>12.5</ele></trkpt>
<trkpt lon="-5.423040" lat="43.490969"><ele>13.0</ele></trkpt>
<trkpt lon="-5.423028" lat="43.490975"><ele>13.25</ele></trkpt>
<trkpt lon="-5.422925" lat="43.490940"><ele>15.0</ele></trkpt>
<trkpt lon="-5.422787" lat="43.490954"><ele>17.0</ele></trkpt>
<trkpt lon="-5.422642" lat="43.490954"><ele>18.0</ele></trkpt>
<trkpt lon="-5.422408" lat="43.490940"><ele>20.0</ele></trkpt>
<trkpt lon="-5.422057" lat="43.490810"><ele>24.5</ele></trkpt>
<trkpt lon="-5.421961" lat="43.490690"><ele>25.75</ele></trkpt>
<trkpt lon="-5.421844" lat="43.490370"><ele>28.0</ele></trkpt>
<trkpt lon="-5.421782" lat="43.490235"><ele>29.25</ele></trkpt>
<trkpt lon="-5.421541" lat="43.489931"><ele>30.5</ele></trkpt>
<trkpt lon="-5.421334" lat="43.489621"><ele>31.75</ele></trkpt>
<trkpt lon="-5.421162" lat="43.489426"><ele>36.75</ele></trkpt>
<trkpt lon="-5.421025" lat="43.489286"><ele>37.5</ele></trkpt>
<trkpt lon="-5.420834" lat="43.489148"><ele>39.25</ele></trkpt>
<trkpt lon="-5.420974" lat="43.489176"><ele>38.25</ele></trkpt>
<trkpt lon="-5.421071" lat="43.489214"><ele>37.75</ele></trkpt>
<trkpt lon="-5.421199" lat="43.489324"><ele>36.5</ele></trkpt>
<trkpt lon="-5.421309" lat="43.489402"><ele>36.0</ele></trkpt>
<trkpt lon="-5.421441" lat="43.489427"><ele>34.75</ele></trkpt>
<trkpt lon="-5.421583" lat="43.489430"><ele>32.5</ele></trkpt>
<trkpt lon="-5.421924" lat="43.489362"><ele>28.5</ele></trkpt>
<trkpt lon="-5.422013" lat="43.489332"><ele>27.75</ele></trkpt>
<trkpt lon="-5.422096" lat="43.489264"><ele>26.75</ele></trkpt>
<trkpt lon="-5.422297" lat="43.489191"><ele>25.5</ele></trkpt>
<trkpt lon="-5.422409" lat="43.489181"><ele>26.25</ele></trkpt>
<trkpt lon="-5.422554" lat="43.489156"><ele>27.25</ele></trkpt>
<trkpt lon="-5.422718" lat="43.489100"><ele>29.0</ele></trkpt>
<trkpt lon="-5.423126" lat="43.488997"><ele>27.75</ele></trkpt>
<trkpt lon="-5.423320" lat="43.488965"><ele>26.5</ele></trkpt>
<trkpt lon="-5.423414" lat="43.488970"><ele>25.75</ele></trkpt>
<trkpt lon="-5.423705" lat="43.488938"><ele>23.75</ele></trkpt>
<trkpt lon="-5.423872" lat="43.488907"><ele>22.0</ele></trkpt>
<trkpt lon="-5.424313" lat="43.488756"><ele>19.25</ele></trkpt>
<trkpt lon="-5.424446" lat="43.488726"><ele>18.0</ele></trkpt>
<trkpt lon="-5.424808" lat="43.488691"><ele>16.75</ele></trkpt>
<trkpt lon="-5.425027" lat="43.488679"><ele>16.0</ele></trkpt>
<trkpt lon="-5.425181" lat="43.488645"><ele>14.25</ele></trkpt>
<trkpt lon="-5.425233" lat="43.488593"><ele>14.5</ele></trkpt>
<trkpt lon="-5.425293" lat="43.488553"><ele>14.5</ele></trkpt>
<trkpt lon="-5.425684" lat="43.488354"><ele>13.5</ele></trkpt>
<trkpt lon="-5.425751" lat="43.488288"><ele>12.5</ele></trkpt>
<trkpt lon="-5.425780" lat="43.488211"><ele>12.0</ele></trkpt>
<trkpt lon="-5.425790" lat="43.488078"><ele>12.25</ele></trkpt>
<trkpt lon="-5.426024" lat="43.488122"><ele>10.5</ele></trkpt>
<trkpt lon="-5.426156" lat="43.488010"><ele>11.25</ele></trkpt>
<trkpt lon="-5.426366" lat="43.487958"><ele>10.25</ele></trkpt>
<trkpt lon="-5.426596" lat="43.487841"><ele>9.75</ele></trkpt>
<trkpt lon="-5.426906" lat="43.487695"><ele>9.5</ele></trkpt>
<trkpt lon="-5.427361" lat="43.487499"><ele>9.0</ele></trkpt>
<trkpt lon="-5.427705" lat="43.487261"><ele>8.75</ele></trkpt>
<trkpt lon="-5.427773" lat="43.487214"><ele>9.0</ele></trkpt>
<trkpt lon="-5.427949" lat="43.487068"><ele>8.5</ele></trkpt>
<trkpt lon="-5.428291" lat="43.486707"><ele>9.0</ele></trkpt>
<trkpt lon="-5.428549" lat="43.486372"><ele>9.5</ele></trkpt>
<trkpt lon="-5.428665" lat="43.486204"><ele>9.25</ele></trkpt>
<trkpt lon="-5.429004" lat="43.485887"><ele>9.75</ele></trkpt>
<trkpt lon="-5.429267" lat="43.485698"><ele>9.25</ele></trkpt>
<trkpt lon="-5.429729" lat="43.485425"><ele>8.25</ele></trkpt>
<trkpt lon="-5.430048" lat="43.485219"><ele>9.0</ele></trkpt>
<trkpt lon="-5.430459" lat="43.484917"><ele>8.25</ele></trkpt>
<trkpt lon="-5.430500" lat="43.484885"><ele>8.25</ele></trkpt>
<trkpt lon="-5.430554" lat="43.484837"><ele>8.0</ele></trkpt>
<trkpt lon="-5.430620" lat="43.484781"><ele>7.75</ele></trkpt>
<trkpt lon="-5.430671" lat="43.484732"><ele>7.75</ele></trkpt>
<trkpt lon="-5.430720" lat="43.484684"><ele>8.0</ele></trkpt>
<trkpt lon="-5.430743" lat="43.484661"><ele>8.0</ele></trkpt>
<trkpt lon="-5.430785" lat="43.484687"><ele>8.0</ele></trkpt>
<trkpt lon="-5.431019" lat="43.484426"><ele>8.0</ele></trkpt>
<trkpt lon="-5.431269" lat="43.484086"><ele>8.75</ele></trkpt>
<trkpt lon="-5.431423" lat="43.483629"><ele>8.75</ele></trkpt>
<trkpt lon="-5.431526" lat="43.483257"><ele>10.0</ele></trkpt>
<trkpt lon="-5.431673" lat="43.483129"><ele>9.25</ele></trkpt>
<trkpt lon="-5.431760" lat="43.483053"><ele>9.0</ele></trkpt>
<trkpt lon="-5.431804" lat="43.483056"><ele>9.0</ele></trkpt>
<trkpt lon="-5.431810" lat="43.483061"><ele>9.0</ele></trkpt>
<trkpt lon="-5.431843" lat="43.483036"><ele>9.0</ele></trkpt>
<trkpt lon="-5.431868" lat="43.483017"><ele>9.0</ele></trkpt>
<trkpt lon="-5.431840" lat="43.482992"><ele>9.0</ele></trkpt>
<trkpt lon="-5.431849" lat="43.482983"><ele>9.0</ele></trkpt>
<trkpt lon="-5.432241" lat="43.482632"><ele>7.75</ele></trkpt>
<trkpt lon="-5.432424" lat="43.482480"><ele>7.25</ele></trkpt>
<trkpt lon="-5.432399" lat="43.482467"><ele>7.25</ele></trkpt>
<trkpt lon="-5.432303" lat="43.482412"><ele>7.5</ele></trkpt>
<trkpt lon="-5.432337" lat="43.482380"><ele>7.5</ele></trkpt>
<trkpt lon="-5.432373" lat="43.482354"><ele>7.25</ele></trkpt>
<trkpt lon="-5.432417" lat="43.482324"><ele>7.25</ele></trkpt>
<trkpt lon="-5.432603" lat="43.482165"><ele>7.0</ele></trkpt>
<trkpt lon="-5.432828" lat="43.481963"><ele>6.75</ele></trkpt>
<trkpt lon="-5.433044" lat="43.481773"><ele>6.0</ele></trkpt>
<trkpt lon="-5.433263" lat="43.481572"><ele>5.5</ele></trkpt>
<trkpt lon="-5.433325" lat="43.481529"><ele>5.5</ele></trkpt>
<trkpt lon="-5.433548" lat="43.481452"><ele>5.0</ele></trkpt>
<trkpt lon="-5.433886" lat="43.481332"><ele>5.0</ele></trkpt>
<trkpt lon="-5.433914" lat="43.481316"><ele>5.0</ele></trkpt>
<trkpt lon="-5.433927" lat="43.481289"><ele>5.0</ele></trkpt>
<trkpt lon="-5.433927" lat="43.481270"><ele>5.0</ele></trkpt>
<trkpt lon="-5.433924" lat="43.481258"><ele>5.0</ele></trkpt>
<trkpt lon="-5.433915" lat="43.481244"><ele>5.0</ele></trkpt>
<trkpt lon="-5.433880" lat="43.481230"><ele>5.0</ele></trkpt>
<trkpt lon="-5.433851" lat="43.481228"><ele>5.0</ele></trkpt>
<trkpt lon="-5.433855" lat="43.481210"><ele>5.0</ele></trkpt>
<trkpt lon="-5.433863" lat="43.481180"><ele>5.0</ele></trkpt>
<trkpt lon="-5.433954" lat="43.481185"><ele>5.0</ele></trkpt>
<trkpt lon="-5.433958" lat="43.481163"><ele>5.0</ele></trkpt>
<trkpt lon="-5.434007" lat="43.481166"><ele>5.0</ele></trkpt>
<trkpt lon="-5.434046" lat="43.481168"><ele>5.0</ele></trkpt>
<trkpt lon="-5.434039" lat="43.481199"><ele>5.0</ele></trkpt>
<trkpt lon="-5.434558" lat="43.481227"><ele>5.0</ele></trkpt>
<trkpt lon="-5.434992" lat="43.480997"><ele>5.0</ele></trkpt>
<trkpt lon="-5.435295" lat="43.481298"><ele>5.0</ele></trkpt>
<trkpt lon="-5.435325" lat="43.481319"><ele>5.0</ele></trkpt>
<trkpt lon="-5.435373" lat="43.481359"><ele>5.0</ele></trkpt>
<trkpt lon="-5.435653" lat="43.481174"><ele>5.0</ele></trkpt>
<trkpt lon="-5.435681" lat="43.481157"><ele>4.75</ele></trkpt>
<trkpt lon="-5.435694" lat="43.481148"><ele>5.0</ele></trkpt>
<trkpt lon="-5.435714" lat="43.481179"><ele>4.75</ele></trkpt>
<trkpt lon="-5.436012" lat="43.481010"><ele>4.5</ele></trkpt>
  </trkseg></trk></gpx>
