<?xml version="1.0" encoding="UTF-8"?>
<gpx version="1.1" creator="compostel-brouter" xmlns="http://www.topografix.com/GPX/1/1">
  <metadata><name>ES-28-Soto-de-Luina</name></metadata>
  <trk><name>ES-28-Soto-de-Luina</name><trkseg>
<trkpt lon="-5.924902" lat="43.555939"><ele>12.5</ele></trkpt>
<trkpt lon="-5.925116" lat="43.555753"><ele>16.5</ele></trkpt>
<trkpt lon="-5.925248" lat="43.555649"><ele>18.0</ele></trkpt>
<trkpt lon="-5.925453" lat="43.555508"><ele>20.25</ele></trkpt>
<trkpt lon="-5.925667" lat="43.555432"><ele>21.75</ele></trkpt>
<trkpt lon="-5.925815" lat="43.555385"><ele>22.5</ele></trkpt>
<trkpt lon="-5.926400" lat="43.555124"><ele>23.5</ele></trkpt>
<trkpt lon="-5.927199" lat="43.554498"><ele>21.75</ele></trkpt>
<trkpt lon="-5.927309" lat="43.554455"><ele>21.5</ele></trkpt>
<trkpt lon="-5.927436" lat="43.554461"><ele>21.0</ele></trkpt>
<trkpt lon="-5.927541" lat="43.554222"><ele>21.5</ele></trkpt>
<trkpt lon="-5.927595" lat="43.554098"><ele>22.0</ele></trkpt>
<trkpt lon="-5.927667" lat="43.554001"><ele>22.0</ele></trkpt>
<trkpt lon="-5.927749" lat="43.553889"><ele>22.0</ele></trkpt>
<trkpt lon="-5.927866" lat="43.553863"><ele>21.25</ele></trkpt>
<trkpt lon="-5.927989" lat="43.553856"><ele>20.5</ele></trkpt>
<trkpt lon="-5.928110" lat="43.553867"><ele>19.5</ele></trkpt>
<trkpt lon="-5.928394" lat="43.553944"><ele>17.25</ele></trkpt>
<trkpt lon="-5.928330" lat="43.553840"><ele>18.25</ele></trkpt>
<trkpt lon="-5.928293" lat="43.553744"><ele>19.25</ele></trkpt>
<trkpt lon="-5.928284" lat="43.553624"><ele>20.0</ele></trkpt>
<trkpt lon="-5.928300" lat="43.553536"><ele>20.5</ele></trkpt>
<trkpt lon="-5.928342" lat="43.553418"><ele>21.25</ele></trkpt>
<trkpt lon="-5.928396" lat="43.553380"><ele>21.5</ele></trkpt>
<trkpt lon="-5.928415" lat="43.553366"><ele>21.5</ele></trkpt>
<trkpt lon="-5.928973" lat="43.552984"><ele>22.25</ele></trkpt>
<trkpt lon="-5.929038" lat="43.552940"><ele>22.25</ele></trkpt>
<trkpt lon="-5.929124" lat="43.552880"><ele>22.5</ele></trkpt>
<trkpt lon="-5.929778" lat="43.552436"><ele>25.0</ele></trkpt>
<trkpt lon="-5.929938" lat="43.552317"><ele>25.5</ele></trkpt>
<trkpt lon="-5.930070" lat="43.552226"><ele>25.75</ele></trkpt>
<trkpt lon="-5.930136" lat="43.552183"><ele>26.0</ele></trkpt>
<trkpt lon="-5.930573" lat="43.551887"><ele>27.0</ele></trkpt>
<trkpt lon="-5.930642" lat="43.551819"><ele>27.0</ele></trkpt>
<trkpt lon="-5.930671" lat="43.551746"><ele>27.25</ele></trkpt>
<trkpt lon="-5.930691" lat="43.551587"><ele>27.5</ele></trkpt>
<trkpt lon="-5.930699" lat="43.551415"><ele>27.75</ele></trkpt>
<trkpt lon="-5.930687" lat="43.551249"><ele>28.5</ele></trkpt>
<trkpt lon="-5.930876" lat="43.551244"><ele>28.75</ele></trkpt>
<trkpt lon="-5.931284" lat="43.551250"><ele>31.25</ele></trkpt>
<trkpt lon="-5.931904" lat="43.551164"><ele>33.0</ele></trkpt>
<trkpt lon="-5.932012" lat="43.551117"><ele>33.25</ele></trkpt>
<trkpt lon="-5.932888" lat="43.550731"><ele>32.25</ele></trkpt>
<trkpt lon="-5.933129" lat="43.550591"><ele>31.25</ele></trkpt>
<trkpt lon="-5.933247" lat="43.550391"><ele>32.5</ele></trkpt>
<trkpt lon="-5.933427" lat="43.550060"><ele>36.5</ele></trkpt>
<trkpt lon="-5.933476" lat="43.549999"><ele>37.5</ele></trkpt>
<trkpt lon="-5.933728" lat="43.549679"><ele>40.5</ele></trkpt>
<trkpt lon="-5.934157" lat="43.549314"><ele>44.75</ele></trkpt>
<trkpt lon="-5.934479" lat="43.549197"><ele>47.0</ele></trkpt>
<trkpt lon="-5.934908" lat="43.549026"><ele>49.0</ele></trkpt>
<trkpt lon="-5.935262" lat="43.548832"><ele>50.75</ele></trkpt>
<trkpt lon="-5.935498" lat="43.548723"><ele>52.5</ele></trkpt>
<trkpt lon="-5.935856" lat="43.548665"><ele>55.75</ele></trkpt>
<trkpt lon="-5.936043" lat="43.548575"><ele>56.75</ele></trkpt>
<trkpt lon="-5.936246" lat="43.548208"><ele>56.25</ele></trkpt>
<trkpt lon="-5.936564" lat="43.547927"><ele>61.25</ele></trkpt>
<trkpt lon="-5.936991" lat="43.547386"><ele>65.25</ele></trkpt>
<trkpt lon="-5.937063" lat="43.547294"><ele>66.0</ele></trkpt>
<trkpt lon="-5.937460" lat="43.546301"><ele>68.25</ele></trkpt>
<trkpt lon="-5.937622" lat="43.546048"><ele>68.25</ele></trkpt>
<trkpt lon="-5.937963" lat="43.545789"><ele>69.5</ele></trkpt>
<trkpt lon="-5.938226" lat="43.545304"><ele>69.0</ele></trkpt>
<trkpt lon="-5.938638" lat="43.544936"><ele>71.0</ele></trkpt>
<trkpt lon="-5.938889" lat="43.544712"><ele>72.75</ele></trkpt>
<trkpt lon="-5.939435" lat="43.544391"><ele>76.5</ele></trkpt>
<trkpt lon="-5.939800" lat="43.544135"><ele>76.0</ele></trkpt>
<trkpt lon="-5.940178" lat="43.543714"><ele>76.5</ele></trkpt>
<trkpt lon="-5.940586" lat="43.543483"><ele>78.5</ele></trkpt>
<trkpt lon="-5.940778" lat="43.543390"><ele>79.0</ele></trkpt>
<trkpt lon="-5.942085" lat="43.543046"><ele>82.5</ele></trkpt>
<trkpt lon="-5.942525" lat="43.543046"><ele>84.25</ele></trkpt>
<trkpt lon="-5.943945" lat="43.543090"><ele>94.75</ele></trkpt>
<trkpt lon="-5.944379" lat="43.543144"><ele>99.75</ele></trkpt>
<trkpt lon="-5.945010" lat="43.543183"><ele>104.5</ele></trkpt>
<trkpt lon="-5.945358" lat="43.543217"><ele>107.25</ele></trkpt>
<trkpt lon="-5.945519" lat="43.543195"><ele>108.5</ele></trkpt>
<trkpt lon="-5.945687" lat="43.543143"><ele>109.5</ele></trkpt>
<trkpt lon="-5.946201" lat="43.543069"><ele>111.25</ele></trkpt>
<trkpt lon="-5.946398" lat="43.543040"><ele>112.0</ele></trkpt>
<trkpt lon="-5.946485" lat="43.543016"><ele>112.25</ele></trkpt>
<trkpt lon="-5.946781" lat="43.542928"><ele>112.75</ele></trkpt>
<trkpt lon="-5.947350" lat="43.542695"><ele>114.75</ele></trkpt>
<trkpt lon="-5.947712" lat="43.542566"><ele>116.5</ele></trkpt>
<trkpt lon="-5.947814" lat="43.542591"><ele>117.0</ele></trkpt>
<trkpt lon="-5.948071" lat="43.542652"><ele>117.0</ele></trkpt>
<trkpt lon="-5.948280" lat="43.542728"><ele>117.75</ele></trkpt>
<trkpt lon="-5.948499" lat="43.542738"><ele>118.0</ele></trkpt>
<trkpt lon="-5.948697" lat="43.542712"><ele>118.25</ele></trkpt>
<trkpt lon="-5.949678" lat="43.542391"><ele>117.0</ele></trkpt>
<trkpt lon="-5.949947" lat="43.542441"><ele>115.5</ele></trkpt>
<trkpt lon="-5.950310" lat="43.542435"><ele>112.5</ele></trkpt>
<trkpt lon="-5.950840" lat="43.542173"><ele>108.5</ele></trkpt>
<trkpt lon="-5.951312" lat="43.541784"><ele>104.75</ele></trkpt>
<trkpt lon="-5.951687" lat="43.541349"><ele>100.75</ele></trkpt>
<trkpt lon="-5.951752" lat="43.541240"><ele>99.5</ele></trkpt>
<trkpt lon="-5.952687" lat="43.541602"><ele>91.75</ele></trkpt>
<trkpt lon="-5.952975" lat="43.541668"><ele>92.5</ele></trkpt>
<trkpt lon="-5.953532" lat="43.541860"><ele>98.75</ele></trkpt>
<trkpt lon="-5.954595" lat="43.542010"><ele>110.0</ele></trkpt>
<trkpt lon="-5.955582" lat="43.542297"><ele>116.5</ele></trkpt>
<trkpt lon="-5.956135" lat="43.542295"><ele>115.75</ele></trkpt>
<trkpt lon="-5.956236" lat="43.542297"><ele>115.5</ele></trkpt>
<trkpt lon="-5.956622" lat="43.542165"><ele>115.0</ele></trkpt>
<trkpt lon="-5.956896" lat="43.542063"><ele>114.5</ele></trkpt>
<trkpt lon="-5.957459" lat="43.541854"><ele>110.25</ele></trkpt>
<trkpt lon="-5.958672" lat="43.541466"><ele>100.5</ele></trkpt>
<trkpt lon="-5.959023" lat="43.541387"><ele>96.5</ele></trkpt>
<trkpt lon="-5.959338" lat="43.541333"><ele>93.5</ele></trkpt>
<trkpt lon="-5.960013" lat="43.541465"><ele>90.0</ele></trkpt>
<trkpt lon="-5.960406" lat="43.541453"><ele>92.25</ele></trkpt>
<trkpt lon="-5.960860" lat="43.541421"><ele>93.5</ele></trkpt>
<trkpt lon="-5.961272" lat="43.541385"><ele>95.0</ele></trkpt>
<trkpt lon="-5.961637" lat="43.541254"><ele>97.0</ele></trkpt>
<trkpt lon="-5.961810" lat="43.541201"><ele>97.25</ele></trkpt>
<trkpt lon="-5.961926" lat="43.541193"><ele>97.0</ele></trkpt>
<trkpt lon="-5.962040" lat="43.541214"><ele>96.25</ele></trkpt>
<trkpt lon="-5.962159" lat="43.541245"><ele>95.25</ele></trkpt>
<trkpt lon="-5.962445" lat="43.541319"><ele>94.25</ele></trkpt>
<trkpt lon="-5.963218" lat="43.541496"><ele>91.75</ele></trkpt>
<trkpt lon="-5.963711" lat="43.541600"><ele>85.75</ele></trkpt>
<trkpt lon="-5.964465" lat="43.541691"><ele>79.5</ele></trkpt>
<trkpt lon="-5.965215" lat="43.541789"><ele>71.75</ele></trkpt>
<trkpt lon="-5.965293" lat="43.541825"><ele>69.75</ele></trkpt>
<trkpt lon="-5.965842" lat="43.542103"><ele>62.75</ele></trkpt>
<trkpt lon="-5.966246" lat="43.542184"><ele>62.5</ele></trkpt>
<trkpt lon="-5.966754" lat="43.542405"><ele>64.5</ele></trkpt>
<trkpt lon="-5.967480" lat="43.542250"><ele>75.5</ele></trkpt>
<trkpt lon="-5.968374" lat="43.541987"><ele>86.75</ele></trkpt>
<trkpt lon="-5.968770" lat="43.541785"><ele>92.0</ele></trkpt>
<trkpt lon="-5.969184" lat="43.541607"><ele>95.0</ele></trkpt>
<trkpt lon="-5.969692" lat="43.541516"><ele>98.75</ele></trkpt>
<trkpt lon="-5.969718" lat="43.541369"><ele>98.5</ele></trkpt>
<trkpt lon="-5.970050" lat="43.541047"><ele>102.75</ele></trkpt>
<trkpt lon="-5.971332" lat="43.540192"><ele>110.25</ele></trkpt>
<trkpt lon="-5.971498" lat="43.539982"><ele>110.5</ele></trkpt>
<trkpt lon="-5.971697" lat="43.539628"><ele>110.5</ele></trkpt>
<trkpt lon="-5.972051" lat="43.539632"><ele>108.75</ele></trkpt>
<trkpt lon="-5.972448" lat="43.539787"><ele>106.5</ele></trkpt>
<trkpt lon="-5.972866" lat="43.540067"><ele>100.25</ele></trkpt>
<trkpt lon="-5.973317" lat="43.540316"><ele>97.25</ele></trkpt>
<trkpt lon="-5.973556" lat="43.540503"><ele>96.25</ele></trkpt>
<trkpt lon="-5.973875" lat="43.540713"><ele>94.25</ele></trkpt>
<trkpt lon="-5.974325" lat="43.540936"><ele>86.0</ele></trkpt>
<trkpt lon="-5.974690" lat="43.540952"><ele>85.75</ele></trkpt>
<trkpt lon="-5.975012" lat="43.540874"><ele>83.75</ele></trkpt>
<trkpt lon="-5.975462" lat="43.540532"><ele>86.5</ele></trkpt>
<trkpt lon="-5.977317" lat="43.540045"><ele>66.25</ele></trkpt>
<trkpt lon="-5.977875" lat="43.539660"><ele>62.0</ele></trkpt>
<trkpt lon="-5.978102" lat="43.539568"><ele>59.75</ele></trkpt>
<trkpt lon="-5.978595" lat="43.539474"><ele>54.0</ele></trkpt>
<trkpt lon="-5.979046" lat="43.539474"><ele>49.25</ele></trkpt>
<trkpt lon="-5.979432" lat="43.539630"><ele>47.5</ele></trkpt>
<trkpt lon="-5.980519" lat="43.540004"><ele>49.25</ele></trkpt>
<trkpt lon="-5.980532" lat="43.540095"><ele>48.5</ele></trkpt>
<trkpt lon="-5.980672" lat="43.540320"><ele>49.25</ele></trkpt>
<trkpt lon="-5.980886" lat="43.540519"><ele>47.0</ele></trkpt>
<trkpt lon="-5.981111" lat="43.540680"><ele>45.75</ele></trkpt>
<trkpt lon="-5.981337" lat="43.540809"><ele>44.0</ele></trkpt>
<trkpt lon="-5.981604" lat="43.540831"><ele>44.5</ele></trkpt>
<trkpt lon="-5.981947" lat="43.540893"><ele>45.0</ele></trkpt>
<trkpt lon="-5.982072" lat="43.540902"><ele>45.25</ele></trkpt>
<trkpt lon="-5.982639" lat="43.540920"><ele>46.0</ele></trkpt>
<trkpt lon="-5.983021" lat="43.540986"><ele>45.5</ele></trkpt>
<trkpt lon="-5.983246" lat="43.540927"><ele>45.5</ele></trkpt>
<trkpt lon="-5.983589" lat="43.540814"><ele>46.25</ele></trkpt>
<trkpt lon="-5.983772" lat="43.540839"><ele>45.75</ele></trkpt>
<trkpt lon="-5.983867" lat="43.540867"><ele>45.75</ele></trkpt>
<trkpt lon="-5.984064" lat="43.540900"><ele>45.0</ele></trkpt>
<trkpt lon="-5.984302" lat="43.540990"><ele>45.0</ele></trkpt>
<trkpt lon="-5.984524" lat="43.541003"><ele>45.5</ele></trkpt>
<trkpt lon="-5.984674" lat="43.541030"><ele>46.0</ele></trkpt>
<trkpt lon="-5.984826" lat="43.541086"><ele>46.75</ele></trkpt>
<trkpt lon="-5.984943" lat="43.541162"><ele>47.5</ele></trkpt>
<trkpt lon="-5.985072" lat="43.541250"><ele>48.5</ele></trkpt>
<trkpt lon="-5.985203" lat="43.541355"><ele>49.5</ele></trkpt>
<trkpt lon="-5.985224" lat="43.541397"><ele>50.0</ele></trkpt>
<trkpt lon="-5.985777" lat="43.541120"><ele>49.75</ele></trkpt>
<trkpt lon="-5.986165" lat="43.540825"><ele>49.0</ele></trkpt>
<trkpt lon="-5.986478" lat="43.540676"><ele>49.0</ele></trkpt>
<trkpt lon="-5.986674" lat="43.540497"><ele>49.0</ele></trkpt>
<trkpt lon="-5.986898" lat="43.540343"><ele>49.75</ele></trkpt>
<trkpt lon="-5.987142" lat="43.540316"><ele>50.5</ele></trkpt>
<trkpt lon="-5.987558" lat="43.540238"><ele>52.5</ele></trkpt>
<trkpt lon="-5.987735" lat="43.540263"><ele>53.5</ele></trkpt>
<trkpt lon="-5.987924" lat="43.540373"><ele>55.5</ele></trkpt>
<trkpt lon="-5.988112" lat="43.539990"><ele>55.5</ele></trkpt>
<trkpt lon="-5.988585" lat="43.539378"><ele>56.75</ele></trkpt>
<trkpt lon="-5.988596" lat="43.539262"><ele>56.75</ele></trkpt>
<trkpt lon="-5.988862" lat="43.539120"><ele>57.0</ele></trkpt>
<trkpt lon="-5.989330" lat="43.538840"><ele>59.5</ele></trkpt>
<trkpt lon="-5.989506" lat="43.538750"><ele>60.25</ele></trkpt>
<trkpt lon="-5.989734" lat="43.538671"><ele>61.25</ele></trkpt>
<trkpt lon="-5.990188" lat="43.538545"><ele>62.75</ele></trkpt>
<trkpt lon="-5.990914" lat="43.538319"><ele>67.75</ele></trkpt>
<trkpt lon="-5.990959" lat="43.538305"><ele>68.25</ele></trkpt>
<trkpt lon="-5.991596" lat="43.538253"><ele>74.75</ele></trkpt>
<trkpt lon="-5.992025" lat="43.538206"><ele>77.5</ele></trkpt>
<trkpt lon="-5.992500" lat="43.538103"><ele>81.0</ele></trkpt>
<trkpt lon="-5.992716" lat="43.538054"><ele>82.25</ele></trkpt>
<trkpt lon="-5.992839" lat="43.538026"><ele>83.0</ele></trkpt>
<trkpt lon="-5.993706" lat="43.537996"><ele>90.0</ele></trkpt>
<trkpt lon="-5.994032" lat="43.538073"><ele>93.5</ele></trkpt>
<trkpt lon="-5.994313" lat="43.538239"><ele>98.0</ele></trkpt>
<trkpt lon="-5.994575" lat="43.538380"><ele>101.0</ele></trkpt>
<trkpt lon="-5.995001" lat="43.538518"><ele>105.5</ele></trkpt>
<trkpt lon="-5.995428" lat="43.538604"><ele>108.75</ele></trkpt>
<trkpt lon="-5.996750" lat="43.538293"><ele>119.25</ele></trkpt>
<trkpt lon="-5.997464" lat="43.538136"><ele>123.75</ele></trkpt>
<trkpt lon="-5.997712" lat="43.538100"><ele>124.0</ele></trkpt>
<trkpt lon="-5.997908" lat="43.538072"><ele>124.5</ele></trkpt>
<trkpt lon="-5.998726" lat="43.537866"><ele>126.5</ele></trkpt>
<trkpt lon="-5.998911" lat="43.537854"><ele>127.25</ele></trkpt>
<trkpt lon="-5.999157" lat="43.537898"><ele>128.75</ele></trkpt>
<trkpt lon="-5.999364" lat="43.537914"><ele>129.25</ele></trkpt>
<trkpt lon="-5.999519" lat="43.537797"><ele>130.0</ele></trkpt>
<trkpt lon="-5.999686" lat="43.537731"><ele>130.5</ele></trkpt>
<trkpt lon="-6.000052" lat="43.537672"><ele>131.5</ele></trkpt>
<trkpt lon="-6.000699" lat="43.538286"><ele>122.5</ele></trkpt>
<trkpt lon="-6.001159" lat="43.538488"><ele>127.0</ele></trkpt>
<trkpt lon="-6.001610" lat="43.538838"><ele>131.5</ele></trkpt>
<trkpt lon="-6.002589" lat="43.539208"><ele>135.5</ele></trkpt>
<trkpt lon="-6.002622" lat="43.539226"><ele>135.75</ele></trkpt>
<trkpt lon="-6.002854" lat="43.539133"><ele>136.75</ele></trkpt>
<trkpt lon="-6.003011" lat="43.539121"><ele>136.75</ele></trkpt>
<trkpt lon="-6.003257" lat="43.539128"><ele>137.5</ele></trkpt>
<trkpt lon="-6.003677" lat="43.539224"><ele>138.25</ele></trkpt>
<trkpt lon="-6.004046" lat="43.539326"><ele>139.0</ele></trkpt>
<trkpt lon="-6.004268" lat="43.539524"><ele>139.0</ele></trkpt>
<trkpt lon="-6.004485" lat="43.539756"><ele>138.75</ele></trkpt>
<trkpt lon="-6.004553" lat="43.539658"><ele>138.5</ele></trkpt>
<trkpt lon="-6.005215" lat="43.539940"><ele>136.0</ele></trkpt>
<trkpt lon="-6.005571" lat="43.540235"><ele>134.0</ele></trkpt>
<trkpt lon="-6.006161" lat="43.540515"><ele>132.75</ele></trkpt>
<trkpt lon="-6.006768" lat="43.540957"><ele>131.25</ele></trkpt>
<trkpt lon="-6.007300" lat="43.541019"><ele>132.0</ele></trkpt>
<trkpt lon="-6.007987" lat="43.541011"><ele>131.5</ele></trkpt>
<trkpt lon="-6.008457" lat="43.540977"><ele>130.75</ele></trkpt>
<trkpt lon="-6.009121" lat="43.540897"><ele>127.5</ele></trkpt>
<trkpt lon="-6.009784" lat="43.540857"><ele>122.75</ele></trkpt>
<trkpt lon="-6.010159" lat="43.540737"><ele>119.0</ele></trkpt>
<trkpt lon="-6.010336" lat="43.540653"><ele>116.0</ele></trkpt>
<trkpt lon="-6.010580" lat="43.540483"><ele>111.0</ele></trkpt>
<trkpt lon="-6.010818" lat="43.540438"><ele>108.5</ele></trkpt>
<trkpt lon="-6.011098" lat="43.540489"><ele>105.75</ele></trkpt>
<trkpt lon="-6.011538" lat="43.540676"><ele>102.25</ele></trkpt>
<trkpt lon="-6.011666" lat="43.540809"><ele>100.75</ele></trkpt>
<trkpt lon="-6.011793" lat="43.541002"><ele>97.75</ele></trkpt>
<trkpt lon="-6.012255" lat="43.540967"><ele>100.25</ele></trkpt>
<trkpt lon="-6.012411" lat="43.540908"><ele>103.0</ele></trkpt>
<trkpt lon="-6.012727" lat="43.540812"><ele>103.25</ele></trkpt>
<trkpt lon="-6.012918" lat="43.540733"><ele>102.0</ele></trkpt>
<trkpt lon="-6.013140" lat="43.540532"><ele>101.75</ele></trkpt>
<trkpt lon="-6.013304" lat="43.540411"><ele>102.5</ele></trkpt>
<trkpt lon="-6.013534" lat="43.540349"><ele>102.25</ele></trkpt>
<trkpt lon="-6.013711" lat="43.540265"><ele>101.5</ele></trkpt>
<trkpt lon="-6.013860" lat="43.540088"><ele>103.25</ele></trkpt>
<trkpt lon="-6.014000" lat="43.539879"><ele>104.0</ele></trkpt>
<trkpt lon="-6.014294" lat="43.539759"><ele>106.5</ele></trkpt>
<trkpt lon="-6.014491" lat="43.539644"><ele>110.0</ele></trkpt>
<trkpt lon="-6.014934" lat="43.539632"><ele>110.5</ele></trkpt>
<trkpt lon="-6.015248" lat="43.539551"><ele>110.5</ele></trkpt>
<trkpt lon="-6.015576" lat="43.539481"><ele>110.0</ele></trkpt>
<trkpt lon="-6.015870" lat="43.539386"><ele>112.75</ele></trkpt>
<trkpt lon="-6.016130" lat="43.539315"><ele>111.0</ele></trkpt>
<trkpt lon="-6.016491" lat="43.539268"><ele>108.25</ele></trkpt>
<trkpt lon="-6.016803" lat="43.539214"><ele>108.75</ele></trkpt>
<trkpt lon="-6.017133" lat="43.539149"><ele>109.75</ele></trkpt>
<trkpt lon="-6.017269" lat="43.539150"><ele>110.5</ele></trkpt>
<trkpt lon="-6.017370" lat="43.539185"><ele>111.5</ele></trkpt>
<trkpt lon="-6.017668" lat="43.539338"><ele>115.5</ele></trkpt>
<trkpt lon="-6.018256" lat="43.539612"><ele>122.25</ele></trkpt>
<trkpt lon="-6.018449" lat="43.539602"><ele>124.0</ele></trkpt>
<trkpt lon="-6.018628" lat="43.539544"><ele>126.5</ele></trkpt>
<trkpt lon="-6.018861" lat="43.539491"><ele>129.75</ele></trkpt>
<trkpt lon="-6.019048" lat="43.539497"><ele>131.0</ele></trkpt>
<trkpt lon="-6.019219" lat="43.539682"><ele>135.0</ele></trkpt>
<trkpt lon="-6.019261" lat="43.540010"><ele>136.0</ele></trkpt>
<trkpt lon="-6.020029" lat="43.539567"><ele>144.75</ele></trkpt>
<trkpt lon="-6.020125" lat="43.539542"><ele>146.25</ele></trkpt>
<trkpt lon="-6.020459" lat="43.539554"><ele>150.75</ele></trkpt>
<trkpt lon="-6.021164" lat="43.539665"><ele>153.5</ele></trkpt>
<trkpt lon="-6.021499" lat="43.539850"><ele>149.5</ele></trkpt>
<trkpt lon="-6.021793" lat="43.540058"><ele>145.25</ele></trkpt>
<trkpt lon="-6.022073" lat="43.540137"><ele>142.25</ele></trkpt>
<trkpt lon="-6.022381" lat="43.540274"><ele>138.25</ele></trkpt>
<trkpt lon="-6.022673" lat="43.540354"><ele>136.75</ele></trkpt>
<trkpt lon="-6.023081" lat="43.540627"><ele>130.75</ele></trkpt>
<trkpt lon="-6.023176" lat="43.540708"><ele>128.75</ele></trkpt>
<trkpt lon="-6.023215" lat="43.540803"><ele>126.75</ele></trkpt>
<trkpt lon="-6.023186" lat="43.540951"><ele>124.75</ele></trkpt>
<trkpt lon="-6.023199" lat="43.541003"><ele>124.0</ele></trkpt>
<trkpt lon="-6.023290" lat="43.541064"><ele>122.0</ele></trkpt>
<trkpt lon="-6.023557" lat="43.541019"><ele>119.25</ele></trkpt>
<trkpt lon="-6.023859" lat="43.540901"><ele>118.75</ele></trkpt>
<trkpt lon="-6.024295" lat="43.540864"><ele>114.75</ele></trkpt>
<trkpt lon="-6.024890" lat="43.541007"><ele>112.0</ele></trkpt>
<trkpt lon="-6.024932" lat="43.541006"><ele>112.0</ele></trkpt>
<trkpt lon="-6.025858" lat="43.540978"><ele>118.0</ele></trkpt>
<trkpt lon="-6.026290" lat="43.540980"><ele>116.5</ele></trkpt>
<trkpt lon="-6.026572" lat="43.540962"><ele>115.0</ele></trkpt>
<trkpt lon="-6.027571" lat="43.540755"><ele>113.0</ele></trkpt>
<trkpt lon="-6.028708" lat="43.540491"><ele>113.5</ele></trkpt>
<trkpt lon="-6.029353" lat="43.540152"><ele>113.25</ele></trkpt>
<trkpt lon="-6.029527" lat="43.540011"><ele>113.0</ele></trkpt>
<trkpt lon="-6.029608" lat="43.539881"><ele>114.25</ele></trkpt>
<trkpt lon="-6.029675" lat="43.539830"><ele>114.0</ele></trkpt>
<trkpt lon="-6.029827" lat="43.539764"><ele>112.75</ele></trkpt>
<trkpt lon="-6.030136" lat="43.539516"><ele>114.75</ele></trkpt>
<trkpt lon="-6.030690" lat="43.539054"><ele>113.25</ele></trkpt>
<trkpt lon="-6.030912" lat="43.538809"><ele>113.75</ele></trkpt>
<trkpt lon="-6.031311" lat="43.538154"><ele>114.0</ele></trkpt>
<trkpt lon="-6.032313" lat="43.536448"><ele>113.5</ele></trkpt>
<trkpt lon="-6.032570" lat="43.536234"><ele>111.75</ele></trkpt>
<trkpt lon="-6.032628" lat="43.536138"><ele>112.5</ele></trkpt>
<trkpt lon="-6.032621" lat="43.536105"><ele>113.0</ele></trkpt>
<trkpt lon="-6.032602" lat="43.536024"><ele>111.0</ele></trkpt>
<trkpt lon="-6.032396" lat="43.535928"><ele>112.5</ele></trkpt>
<trkpt lon="-6.032329" lat="43.535855"><ele>112.0</ele></trkpt>
<trkpt lon="-6.032315" lat="43.535799"><ele>112.0</ele></trkpt>
<trkpt lon="-6.032349" lat="43.535693"><ele>111.75</ele></trkpt>
<trkpt lon="-6.032356" lat="43.535603"><ele>111.75</ele></trkpt>
<trkpt lon="-6.032333" lat="43.535383"><ele>112.75</ele></trkpt>
<trkpt lon="-6.032458" lat="43.535041"><ele>112.5</ele></trkpt>
<trkpt lon="-6.032495" lat="43.534915"><ele>112.0</ele></trkpt>
<trkpt lon="-6.032490" lat="43.534837"><ele>112.0</ele></trkpt>
<trkpt lon="-6.032458" lat="43.534784"><ele>112.25</ele></trkpt>
<trkpt lon="-6.032288" lat="43.534609"><ele>113.5</ele></trkpt>
<trkpt lon="-6.032283" lat="43.534542"><ele>113.5</ele></trkpt>
<trkpt lon="-6.032349" lat="43.534474"><ele>113.0</ele></trkpt>
<trkpt lon="-6.032662" lat="43.534327"><ele>111.0</ele></trkpt>
<trkpt lon="-6.032753" lat="43.534254"><ele>111.0</ele></trkpt>
<trkpt lon="-6.032766" lat="43.534196"><ele>112.25</ele></trkpt>
<trkpt lon="-6.032825" lat="43.533937"><ele>112.0</ele></trkpt>
<trkpt lon="-6.032749" lat="43.533808"><ele>113.75</ele></trkpt>
<trkpt lon="-6.032734" lat="43.533738"><ele>114.25</ele></trkpt>
<trkpt lon="-6.032781" lat="43.533663"><ele>113.75</ele></trkpt>
<trkpt lon="-6.032976" lat="43.533546"><ele>111.75</ele></trkpt>
<trkpt lon="-6.033187" lat="43.533295"><ele>112.5</ele></trkpt>
<trkpt lon="-6.033233" lat="43.533182"><ele>113.25</ele></trkpt>
<trkpt lon="-6.033246" lat="43.532959"><ele>114.75</ele></trkpt>
<trkpt lon="-6.033275" lat="43.532863"><ele>114.25</ele></trkpt>
<trkpt lon="-6.033585" lat="43.532618"><ele>111.25</ele></trkpt>
<trkpt lon="-6.033643" lat="43.532480"><ele>112.75</ele></trkpt>
<trkpt lon="-6.033744" lat="43.532069"><ele>114.25</ele></trkpt>
<trkpt lon="-6.033909" lat="43.531924"><ele>112.5</ele></trkpt>
<trkpt lon="-6.034090" lat="43.531530"><ele>114.25</ele></trkpt>
<trkpt lon="-6.035296" lat="43.530122"><ele>114.5</ele></trkpt>
<trkpt lon="-6.035738" lat="43.529768"><ele>112.0</ele></trkpt>
<trkpt lon="-6.035828" lat="43.529586"><ele>112.5</ele></trkpt>
<trkpt lon="-6.036066" lat="43.529238"><ele>112.0</ele></trkpt>
<trkpt lon="-6.036161" lat="43.529200"><ele>110.75</ele></trkpt>
<trkpt lon="-6.036179" lat="43.529152"><ele>110.75</ele></trkpt>
<trkpt lon="-6.037022" lat="43.528701"><ele>112.0</ele></trkpt>
<trkpt lon="-6.037777" lat="43.528255"><ele>113.5</ele></trkpt>
<trkpt lon="-6.038187" lat="43.528160"><ele>113.5</ele></trkpt>
<trkpt lon="-6.038321" lat="43.528093"><ele>113.25</ele></trkpt>
<trkpt lon="-6.038719" lat="43.527864"><ele>113.25</ele></trkpt>
<trkpt lon="-6.039043" lat="43.527762"><ele>113.25</ele></trkpt>
<trkpt lon="-6.039413" lat="43.527692"><ele>113.0</ele></trkpt>
<trkpt lon="-6.039552" lat="43.527631"><ele>112.0</ele></trkpt>
<trkpt lon="-6.039679" lat="43.527414"><ele>112.0</ele></trkpt>
<trkpt lon="-6.039626" lat="43.527339"><ele>112.25</ele></trkpt>
<trkpt lon="-6.039477" lat="43.527227"><ele>113.5</ele></trkpt>
<trkpt lon="-6.039407" lat="43.527015"><ele>114.25</ele></trkpt>
<trkpt lon="-6.039429" lat="43.526906"><ele>114.25</ele></trkpt>
<trkpt lon="-6.039607" lat="43.526670"><ele>115.25</ele></trkpt>
<trkpt lon="-6.039957" lat="43.526498"><ele>116.5</ele></trkpt>
<trkpt lon="-6.040267" lat="43.526440"><ele>115.75</ele></trkpt>
<trkpt lon="-6.040799" lat="43.526148"><ele>114.5</ele></trkpt>
<trkpt lon="-6.041288" lat="43.525976"><ele>116.0</ele></trkpt>
<trkpt lon="-6.042053" lat="43.525559"><ele>126.0</ele></trkpt>
<trkpt lon="-6.042139" lat="43.525495"><ele>127.5</ele></trkpt>
<trkpt lon="-6.042213" lat="43.525236"><ele>129.5</ele></trkpt>
<trkpt lon="-6.042327" lat="43.525093"><ele>129.25</ele></trkpt>
<trkpt lon="-6.042719" lat="43.524847"><ele>129.5</ele></trkpt>
<trkpt lon="-6.042827" lat="43.524747"><ele>129.75</ele></trkpt>
<trkpt lon="-6.042921" lat="43.524474"><ele>130.5</ele></trkpt>
<trkpt lon="-6.042834" lat="43.524429"><ele>129.5</ele></trkpt>
<trkpt lon="-6.042770" lat="43.524371"><ele>128.5</ele></trkpt>
<trkpt lon="-6.042741" lat="43.524298"><ele>128.0</ele></trkpt>
<trkpt lon="-6.042707" lat="43.523522"><ele>124.0</ele></trkpt>
<trkpt lon="-6.042765" lat="43.523161"><ele>126.25</ele></trkpt>
<trkpt lon="-6.042884" lat="43.523216"><ele>126.75</ele></trkpt>
<trkpt lon="-6.042976" lat="43.523235"><ele>127.75</ele></trkpt>
<trkpt lon="-6.043093" lat="43.523225"><ele>128.75</ele></trkpt>
<trkpt lon="-6.043614" lat="43.523020"><ele>134.25</ele></trkpt>
<trkpt lon="-6.043732" lat="43.522954"><ele>136.0</ele></trkpt>
<trkpt lon="-6.043959" lat="43.522782"><ele>139.5</ele></trkpt>
<trkpt lon="-6.044177" lat="43.522596"><ele>143.25</ele></trkpt>
<trkpt lon="-6.044445" lat="43.522425"><ele>146.25</ele></trkpt>
<trkpt lon="-6.044906" lat="43.522332"><ele>150.75</ele></trkpt>
<trkpt lon="-6.045572" lat="43.522246"><ele>154.75</ele></trkpt>
<trkpt lon="-6.046001" lat="43.522083"><ele>157.5</ele></trkpt>
<trkpt lon="-6.046666" lat="43.521849"><ele>160.5</ele></trkpt>
<trkpt lon="-6.047160" lat="43.521624"><ele>165.0</ele></trkpt>
<trkpt lon="-6.047420" lat="43.521548"><ele>165.75</ele></trkpt>
<trkpt lon="-6.047633" lat="43.521486"><ele>166.25</ele></trkpt>
<trkpt lon="-6.047750" lat="43.521453"><ele>166.5</ele></trkpt>
<trkpt lon="-6.048426" lat="43.521406"><ele>170.25</ele></trkpt>
<trkpt lon="-6.048822" lat="43.521359"><ele>173.0</ele></trkpt>
<trkpt lon="-6.049198" lat="43.521196"><ele>175.75</ele></trkpt>
<trkpt lon="-6.050196" lat="43.521157"><ele>179.75</ele></trkpt>
<trkpt lon="-6.050920" lat="43.520969"><ele>180.0</ele></trkpt>
<trkpt lon="-6.050968" lat="43.520824"><ele>180.5</ele></trkpt>
<trkpt lon="-6.050934" lat="43.520739"><ele>180.5</ele></trkpt>
<trkpt lon="-6.050779" lat="43.520642"><ele>180.5</ele></trkpt>
<trkpt lon="-6.050075" lat="43.520095"><ele>180.25</ele></trkpt>
<trkpt lon="-6.049945" lat="43.519980"><ele>180.5</ele></trkpt>
<trkpt lon="-6.049767" lat="43.519807"><ele>181.0</ele></trkpt>
<trkpt lon="-6.049608" lat="43.519582"><ele>182.0</ele></trkpt>
<trkpt lon="-6.049241" lat="43.518986"><ele>182.25</ele></trkpt>
<trkpt lon="-6.049117" lat="43.518758"><ele>182.25</ele></trkpt>
<trkpt lon="-6.049069" lat="43.518628"><ele>182.75</ele></trkpt>
<trkpt lon="-6.049063" lat="43.518272"><ele>186.75</ele></trkpt>
<trkpt lon="-6.048992" lat="43.518188"><ele>187.0</ele></trkpt>
<trkpt lon="-6.048870" lat="43.518136"><ele>187.25</ele></trkpt>
<trkpt lon="-6.048719" lat="43.518169"><ele>188.5</ele></trkpt>
<trkpt lon="-6.048206" lat="43.518319"><ele>190.25</ele></trkpt>
<trkpt lon="-6.047472" lat="43.518476"><ele>194.5</ele></trkpt>
<trkpt lon="-6.047376" lat="43.518485"><ele>195.25</ele></trkpt>
<trkpt lon="-6.047331" lat="43.518473"><ele>195.75</ele></trkpt>
<trkpt lon="-6.047308" lat="43.518451"><ele>196.75</ele></trkpt>
<trkpt lon="-6.047321" lat="43.518403"><ele>198.0</ele></trkpt>
<trkpt lon="-6.047377" lat="43.518325"><ele>199.5</ele></trkpt>
<trkpt lon="-6.047588" lat="43.518142"><ele>201.75</ele></trkpt>
<trkpt lon="-6.047868" lat="43.518006"><ele>204.0</ele></trkpt>
<trkpt lon="-6.047966" lat="43.517939"><ele>204.75</ele></trkpt>
<trkpt lon="-6.048081" lat="43.517813"><ele>205.75</ele></trkpt>
<trkpt lon="-6.048259" lat="43.517535"><ele>209.5</ele></trkpt>
<trkpt lon="-6.048438" lat="43.517285"><ele>212.25</ele></trkpt>
<trkpt lon="-6.048488" lat="43.517134"><ele>214.5</ele></trkpt>
<trkpt lon="-6.048527" lat="43.516945"><ele>217.75</ele></trkpt>
<trkpt lon="-6.048574" lat="43.516866"><ele>218.75</ele></trkpt>
<trkpt lon="-6.049070" lat="43.516502"><ele>225.5</ele></trkpt>
<trkpt lon="-6.049197" lat="43.516458"><ele>226.0</ele></trkpt>
<trkpt lon="-6.049344" lat="43.516441"><ele>226.5</ele></trkpt>
<trkpt lon="-6.049516" lat="43.516430"><ele>227.5</ele></trkpt>
<trkpt lon="-6.049634" lat="43.516403"><ele>228.5</ele></trkpt>
<trkpt lon="-6.049682" lat="43.516375"><ele>228.75</ele></trkpt>
<trkpt lon="-6.049696" lat="43.516354"><ele>229.0</ele></trkpt>
<trkpt lon="-6.049692" lat="43.516302"><ele>229.5</ele></trkpt>
<trkpt lon="-6.049622" lat="43.516163"><ele>231.5</ele></trkpt>
<trkpt lon="-6.049603" lat="43.516079"><ele>232.75</ele></trkpt>
<trkpt lon="-6.049599" lat="43.515962"><ele>233.5</ele></trkpt>
<trkpt lon="-6.049569" lat="43.515818"><ele>234.5</ele></trkpt>
<trkpt lon="-6.049501" lat="43.515778"><ele>234.75</ele></trkpt>
<trkpt lon="-6.049311" lat="43.515706"><ele>234.75</ele></trkpt>
<trkpt lon="-6.049061" lat="43.515596"><ele>233.5</ele></trkpt>
<trkpt lon="-6.049044" lat="43.515557"><ele>232.75</ele></trkpt>
<trkpt lon="-6.049081" lat="43.515444"><ele>229.5</ele></trkpt>
<trkpt lon="-6.049249" lat="43.515148"><ele>221.75</ele></trkpt>
<trkpt lon="-6.049541" lat="43.514804"><ele>213.75</ele></trkpt>
<trkpt lon="-6.049649" lat="43.514661"><ele>212.0</ele></trkpt>
<trkpt lon="-6.049978" lat="43.514403"><ele>206.25</ele></trkpt>
<trkpt lon="-6.050030" lat="43.514344"><ele>205.75</ele></trkpt>
<trkpt lon="-6.050383" lat="43.514329"><ele>196.25</ele></trkpt>
<trkpt lon="-6.050910" lat="43.514286"><ele>183.0</ele></trkpt>
<trkpt lon="-6.051937" lat="43.514178"><ele>167.25</ele></trkpt>
<trkpt lon="-6.052354" lat="43.514173"><ele>163.5</ele></trkpt>
<trkpt lon="-6.053062" lat="43.514209"><ele>152.5</ele></trkpt>
<trkpt lon="-6.053536" lat="43.514268"><ele>146.25</ele></trkpt>
<trkpt lon="-6.053894" lat="43.514298"><ele>141.5</ele></trkpt>
<trkpt lon="-6.054152" lat="43.514221"><ele>139.25</ele></trkpt>
<trkpt lon="-6.054711" lat="43.513893"><ele>127.25</ele></trkpt>
<trkpt lon="-6.055095" lat="43.513701"><ele>123.5</ele></trkpt>
<trkpt lon="-6.055347" lat="43.513559"><ele>120.25</ele></trkpt>
<trkpt lon="-6.055552" lat="43.513484"><ele>118.5</ele></trkpt>
<trkpt lon="-6.055630" lat="43.513310"><ele>115.75</ele></trkpt>
<trkpt lon="-6.055606" lat="43.513109"><ele>114.25</ele></trkpt>
<trkpt lon="-6.055815" lat="43.513068"><ele>113.0</ele></trkpt>
<trkpt lon="-6.056039" lat="43.512899"><ele>115.5</ele></trkpt>
<trkpt lon="-6.056161" lat="43.512834"><ele>116.25</ele></trkpt>
<trkpt lon="-6.056243" lat="43.512769"><ele>117.5</ele></trkpt>
<trkpt lon="-6.056665" lat="43.512155"><ele>117.5</ele></trkpt>
<trkpt lon="-6.056744" lat="43.512026"><ele>117.0</ele></trkpt>
<trkpt lon="-6.056761" lat="43.511897"><ele>117.0</ele></trkpt>
<trkpt lon="-6.056713" lat="43.511700"><ele>117.5</ele></trkpt>
<trkpt lon="-6.056710" lat="43.511615"><ele>118.5</ele></trkpt>
<trkpt lon="-6.056746" lat="43.511567"><ele>119.0</ele></trkpt>
<trkpt lon="-6.056817" lat="43.511548"><ele>118.75</ele></trkpt>
<trkpt lon="-6.057067" lat="43.511529"><ele>116.75</ele></trkpt>
<trkpt lon="-6.057174" lat="43.511510"><ele>116.0</ele></trkpt>
<trkpt lon="-6.057303" lat="43.511470"><ele>115.75</ele></trkpt>
<trkpt lon="-6.057424" lat="43.511378"><ele>117.5</ele></trkpt>
<trkpt lon="-6.057643" lat="43.511158"><ele>116.25</ele></trkpt>
<trkpt lon="-6.057743" lat="43.511009"><ele>116.25</ele></trkpt>
<trkpt lon="-6.057803" lat="43.510787"><ele>116.5</ele></trkpt>
<trkpt lon="-6.057879" lat="43.510585"><ele>116.5</ele></trkpt>
<trkpt lon="-6.057894" lat="43.510431"><ele>116.25</ele></trkpt>
<trkpt lon="-6.057844" lat="43.510350"><ele>116.5</ele></trkpt>
<trkpt lon="-6.057810" lat="43.510273"><ele>116.75</ele></trkpt>
<trkpt lon="-6.057835" lat="43.510204"><ele>119.0</ele></trkpt>
<trkpt lon="-6.057964" lat="43.510134"><ele>119.0</ele></trkpt>
<trkpt lon="-6.058101" lat="43.510048"><ele>118.25</ele></trkpt>
<trkpt lon="-6.058197" lat="43.510006"><ele>118.25</ele></trkpt>
<trkpt lon="-6.058374" lat="43.510002"><ele>116.75</ele></trkpt>
<trkpt lon="-6.058547" lat="43.509982"><ele>116.5</ele></trkpt>
<trkpt lon="-6.058656" lat="43.509915"><ele>116.5</ele></trkpt>
<trkpt lon="-6.058770" lat="43.509791"><ele>117.0</ele></trkpt>
<trkpt lon="-6.058845" lat="43.509737"><ele>117.0</ele></trkpt>
<trkpt lon="-6.059018" lat="43.509696"><ele>116.25</ele></trkpt>
<trkpt lon="-6.059165" lat="43.509628"><ele>116.0</ele></trkpt>
<trkpt lon="-6.059333" lat="43.509451"><ele>118.0</ele></trkpt>
<trkpt lon="-6.059506" lat="43.509393"><ele>117.5</ele></trkpt>
<trkpt lon="-6.059611" lat="43.509328"><ele>117.75</ele></trkpt>
<trkpt lon="-6.059698" lat="43.509147"><ele>118.0</ele></trkpt>
<trkpt lon="-6.060309" lat="43.508765"><ele>117.25</ele></trkpt>
<trkpt lon="-6.060563" lat="43.508580"><ele>117.0</ele></trkpt>
<trkpt lon="-6.060656" lat="43.508340"><ele>118.0</ele></trkpt>
<trkpt lon="-6.060865" lat="43.508032"><ele>115.5</ele></trkpt>
<trkpt lon="-6.061029" lat="43.507867"><ele>115.0</ele></trkpt>
<trkpt lon="-6.061307" lat="43.507756"><ele>112.5</ele></trkpt>
<trkpt lon="-6.061583" lat="43.507725"><ele>110.5</ele></trkpt>
<trkpt lon="-6.061738" lat="43.507633"><ele>110.25</ele></trkpt>
<trkpt lon="-6.061762" lat="43.507619"><ele>110.25</ele></trkpt>
<trkpt lon="-6.062438" lat="43.507382"><ele>108.75</ele></trkpt>
<trkpt lon="-6.062694" lat="43.507247"><ele>103.75</ele></trkpt>
<trkpt lon="-6.063161" lat="43.507005"><ele>97.5</ele></trkpt>
<trkpt lon="-6.063719" lat="43.507016"><ele>94.75</ele></trkpt>
<trkpt lon="-6.063822" lat="43.506963"><ele>93.5</ele></trkpt>
<trkpt lon="-6.063926" lat="43.506922"><ele>92.25</ele></trkpt>
<trkpt lon="-6.063933" lat="43.506910"><ele>92.0</ele></trkpt>
<trkpt lon="-6.064238" lat="43.506914"><ele>90.0</ele></trkpt>
<trkpt lon="-6.064501" lat="43.506937"><ele>86.25</ele></trkpt>
<trkpt lon="-6.064778" lat="43.506930"><ele>82.25</ele></trkpt>
<trkpt lon="-6.065723" lat="43.506795"><ele>68.75</ele></trkpt>
<trkpt lon="-6.066023" lat="43.506740"><ele>64.0</ele></trkpt>
<trkpt lon="-6.066179" lat="43.506677"><ele>62.5</ele></trkpt>
<trkpt lon="-6.066364" lat="43.506586"><ele>60.75</ele></trkpt>
<trkpt lon="-6.066655" lat="43.506461"><ele>58.75</ele></trkpt>
<trkpt lon="-6.066904" lat="43.506363"><ele>55.5</ele></trkpt>
<trkpt lon="-6.066907" lat="43.506330"><ele>55.0</ele></trkpt>
<trkpt lon="-6.066940" lat="43.506241"><ele>53.75</ele></trkpt>
<trkpt lon="-6.066951" lat="43.506173"><ele>53.25</ele></trkpt>
<trkpt lon="-6.066928" lat="43.506152"><ele>53.25</ele></trkpt>
<trkpt lon="-6.066868" lat="43.506100"><ele>53.25</ele></trkpt>
<trkpt lon="-6.066768" lat="43.506069"><ele>53.5</ele></trkpt>
<trkpt lon="-6.066613" lat="43.505758"><ele>45.25</ele></trkpt>
<trkpt lon="-6.066356" lat="43.505678"><ele>48.0</ele></trkpt>
<trkpt lon="-6.065442" lat="43.505543"><ele>53.25</ele></trkpt>
<trkpt lon="-6.065252" lat="43.505551"><ele>55.0</ele></trkpt>
<trkpt lon="-6.065357" lat="43.505345"><ele>57.5</ele></trkpt>
<trkpt lon="-6.065806" lat="43.505480"><ele>50.75</ele></trkpt>
<trkpt lon="-6.066056" lat="43.505515"><ele>46.5</ele></trkpt>
<trkpt lon="-6.066182" lat="43.505482"><ele>46.75</ele></trkpt>
<trkpt lon="-6.066317" lat="43.505409"><ele>47.75</ele></trkpt>
<trkpt lon="-6.066416" lat="43.505312"><ele>48.5</ele></trkpt>
<trkpt lon="-6.066687" lat="43.505125"><ele>50.75</ele></trkpt>
<trkpt lon="-6.066921" lat="43.505078"><ele>46.25</ele></trkpt>
<trkpt lon="-6.067136" lat="43.505020"><ele>42.75</ele></trkpt>
<trkpt lon="-6.067380" lat="43.504928"><ele>40.5</ele></trkpt>
<trkpt lon="-6.067649" lat="43.504755"><ele>42.25</ele></trkpt>
<trkpt lon="-6.067969" lat="43.504587"><ele>41.0</ele></trkpt>
<trkpt lon="-6.068154" lat="43.504433"><ele>40.25</ele></trkpt>
<trkpt lon="-6.068388" lat="43.504256"><ele>40.0</ele></trkpt>
<trkpt lon="-6.068761" lat="43.503989"><ele>41.25</ele></trkpt>
<trkpt lon="-6.069168" lat="43.503720"><ele>41.0</ele></trkpt>
<trkpt lon="-6.069272" lat="43.503569"><ele>40.5</ele></trkpt>
<trkpt lon="-6.069317" lat="43.503443"><ele>40.0</ele></trkpt>
<trkpt lon="-6.069328" lat="43.503075"><ele>36.0</ele></trkpt>
<trkpt lon="-6.069345" lat="43.502941"><ele>33.0</ele></trkpt>
<trkpt lon="-6.069230" lat="43.502738"><ele>30.5</ele></trkpt>
<trkpt lon="-6.069225" lat="43.502626"><ele>27.5</ele></trkpt>
<trkpt lon="-6.069077" lat="43.502452"><ele>24.25</ele></trkpt>
<trkpt lon="-6.068864" lat="43.502331"><ele>21.5</ele></trkpt>
<trkpt lon="-6.068730" lat="43.502269"><ele>19.5</ele></trkpt>
<trkpt lon="-6.068620" lat="43.502167"><ele>16.75</ele></trkpt>
<trkpt lon="-6.068451" lat="43.501984"><ele>14.25</ele></trkpt>
<trkpt lon="-6.068357" lat="43.501869"><ele>13.75</ele></trkpt>
<trkpt lon="-6.068379" lat="43.501763"><ele>13.75</ele></trkpt>
<trkpt lon="-6.068408" lat="43.501674"><ele>13.5</ele></trkpt>
<trkpt lon="-6.068062" lat="43.501538"><ele>14.5</ele></trkpt>
<trkpt lon="-6.067869" lat="43.501507"><ele>14.25</ele></trkpt>
<trkpt lon="-6.067558" lat="43.501507"><ele>14.25</ele></trkpt>
<trkpt lon="-6.067289" lat="43.501476"><ele>16.0</ele></trkpt>
<trkpt lon="-6.066860" lat="43.501312"><ele>17.25</ele></trkpt>
<trkpt lon="-6.066566" lat="43.501293"><ele>19.0</ele></trkpt>
<trkpt lon="-6.066091" lat="43.501293"><ele>19.5</ele></trkpt>
<trkpt lon="-6.065931" lat="43.501301"><ele>19.25</ele></trkpt>
<trkpt lon="-6.065722" lat="43.501238"><ele>19.0</ele></trkpt>
<trkpt lon="-6.065284" lat="43.500955"><ele>20.5</ele></trkpt>
<trkpt lon="-6.065178" lat="43.500906"><ele>22.0</ele></trkpt>
<trkpt lon="-6.065082" lat="43.500890"><ele>23.0</ele></trkpt>
<trkpt lon="-6.064752" lat="43.500865"><ele>27.5</ele></trkpt>
<trkpt lon="-6.064642" lat="43.500836"><ele>28.5</ele></trkpt>
<trkpt lon="-6.064451" lat="43.500744"><ele>30.25</ele></trkpt>
<trkpt lon="-6.064075" lat="43.500323"><ele>35.0</ele></trkpt>
<trkpt lon="-6.063913" lat="43.500216"><ele>36.5</ele></trkpt>
<trkpt lon="-6.063524" lat="43.500021"><ele>40.25</ele></trkpt>
<trkpt lon="-6.063422" lat="43.499980"><ele>41.25</ele></trkpt>
<trkpt lon="-6.063365" lat="43.499918"><ele>42.5</ele></trkpt>
<trkpt lon="-6.063269" lat="43.499848"><ele>42.25</ele></trkpt>
<trkpt lon="-6.063220" lat="43.499739"><ele>43.5</ele></trkpt>
<trkpt lon="-6.063169" lat="43.499661"><ele>43.25</ele></trkpt>
<trkpt lon="-6.063064" lat="43.499314"><ele>43.0</ele></trkpt>
<trkpt lon="-6.063062" lat="43.499216"><ele>44.25</ele></trkpt>
<trkpt lon="-6.063137" lat="43.499113"><ele>48.25</ele></trkpt>
<trkpt lon="-6.063258" lat="43.499023"><ele>51.25</ele></trkpt>
<trkpt lon="-6.063387" lat="43.498902"><ele>53.5</ele></trkpt>
<trkpt lon="-6.063494" lat="43.498737"><ele>59.0</ele></trkpt>
<trkpt lon="-6.063674" lat="43.498620"><ele>62.0</ele></trkpt>
<trkpt lon="-6.063889" lat="43.498431"><ele>66.5</ele></trkpt>
<trkpt lon="-6.063943" lat="43.498337"><ele>68.0</ele></trkpt>
<trkpt lon="-6.063970" lat="43.498244"><ele>72.0</ele></trkpt>
<trkpt lon="-6.064080" lat="43.498125"><ele>76.0</ele></trkpt>
<trkpt lon="-6.064206" lat="43.498076"><ele>76.75</ele></trkpt>
<trkpt lon="-6.064405" lat="43.498045"><ele>77.25</ele></trkpt>
<trkpt lon="-6.064719" lat="43.497899"><ele>85.0</ele></trkpt>
<trkpt lon="-6.064838" lat="43.497903"><ele>86.5</ele></trkpt>
<trkpt lon="-6.064942" lat="43.497983"><ele>88.75</ele></trkpt>
<trkpt lon="-6.064889" lat="43.498324"><ele>89.5</ele></trkpt>
<trkpt lon="-6.065080" lat="43.498745"><ele>102.0</ele></trkpt>
<trkpt lon="-6.065233" lat="43.498883"><ele>106.5</ele></trkpt>
<trkpt lon="-6.065517" lat="43.498988"><ele>109.5</ele></trkpt>
<trkpt lon="-6.065813" lat="43.499027"><ele>110.25</ele></trkpt>
<trkpt lon="-6.066283" lat="43.499018"><ele>107.0</ele></trkpt>
<trkpt lon="-6.066856" lat="43.498795"><ele>113.5</ele></trkpt>
<trkpt lon="-6.067422" lat="43.498614"><ele>115.25</ele></trkpt>
<trkpt lon="-6.067917" lat="43.498435"><ele>111.75</ele></trkpt>
<trkpt lon="-6.068406" lat="43.498289"><ele>103.5</ele></trkpt>
<trkpt lon="-6.068564" lat="43.498185"><ele>100.25</ele></trkpt>
<trkpt lon="-6.068731" lat="43.498061"><ele>96.5</ele></trkpt>
<trkpt lon="-6.068795" lat="43.497967"><ele>93.75</ele></trkpt>
<trkpt lon="-6.068707" lat="43.497844"><ele>95.25</ele></trkpt>
<trkpt lon="-6.068379" lat="43.497591"><ele>105.5</ele></trkpt>
<trkpt lon="-6.067906" lat="43.497359"><ele>114.75</ele></trkpt>
<trkpt lon="-6.067678" lat="43.497285"><ele>119.0</ele></trkpt>
<trkpt lon="-6.067520" lat="43.497247"><ele>120.75</ele></trkpt>
<trkpt lon="-6.067672" lat="43.497072"><ele>121.0</ele></trkpt>
<trkpt lon="-6.067836" lat="43.496932"><ele>120.75</ele></trkpt>
<trkpt lon="-6.068018" lat="43.496784"><ele>125.25</ele></trkpt>
<trkpt lon="-6.068185" lat="43.496698"><ele>126.5</ele></trkpt>
<trkpt lon="-6.068289" lat="43.496652"><ele>127.5</ele></trkpt>
<trkpt lon="-6.068396" lat="43.496621"><ele>126.75</ele></trkpt>
<trkpt lon="-6.068711" lat="43.496547"><ele>122.25</ele></trkpt>
<trkpt lon="-6.069077" lat="43.496484"><ele>119.25</ele></trkpt>
<trkpt lon="-6.069192" lat="43.496452"><ele>118.5</ele></trkpt>
<trkpt lon="-6.069299" lat="43.496396"><ele>118.75</ele></trkpt>
<trkpt lon="-6.069374" lat="43.496320"><ele>119.0</ele></trkpt>
<trkpt lon="-6.069617" lat="43.495920"><ele>119.75</ele></trkpt>
<trkpt lon="-6.069801" lat="43.495572"><ele>119.5</ele></trkpt>
<trkpt lon="-6.069958" lat="43.495253"><ele>121.5</ele></trkpt>
<trkpt lon="-6.069995" lat="43.495203"><ele>120.5</ele></trkpt>
<trkpt lon="-6.070138" lat="43.494685"><ele>120.75</ele></trkpt>
<trkpt lon="-6.070401" lat="43.494266"><ele>116.5</ele></trkpt>
<trkpt lon="-6.070844" lat="43.493710"><ele>107.25</ele></trkpt>
<trkpt lon="-6.070945" lat="43.493572"><ele>105.5</ele></trkpt>
<trkpt lon="-6.071052" lat="43.493473"><ele>105.25</ele></trkpt>
<trkpt lon="-6.071152" lat="43.493440"><ele>106.0</ele></trkpt>
<trkpt lon="-6.071231" lat="43.493447"><ele>107.0</ele></trkpt>
<trkpt lon="-6.071394" lat="43.493214"><ele>122.75</ele></trkpt>
<trkpt lon="-6.071462" lat="43.493257"><ele>121.0</ele></trkpt>
<trkpt lon="-6.071569" lat="43.493348"><ele>118.5</ele></trkpt>
<trkpt lon="-6.071733" lat="43.493556"><ele>119.25</ele></trkpt>
<trkpt lon="-6.071882" lat="43.493783"><ele>119.25</ele></trkpt>
<trkpt lon="-6.071959" lat="43.493822"><ele>120.75</ele></trkpt>
<trkpt lon="-6.072048" lat="43.493810"><ele>120.25</ele></trkpt>
<trkpt lon="-6.072189" lat="43.493944"><ele>117.0</ele></trkpt>
<trkpt lon="-6.072252" lat="43.494031"><ele>114.75</ele></trkpt>
<trkpt lon="-6.072378" lat="43.494049"><ele>112.0</ele></trkpt>
<trkpt lon="-6.072640" lat="43.493871"><ele>109.25</ele></trkpt>
<trkpt lon="-6.072899" lat="43.493748"><ele>104.0</ele></trkpt>
<trkpt lon="-6.073050" lat="43.493685"><ele>99.75</ele></trkpt>
<trkpt lon="-6.073183" lat="43.493562"><ele>96.75</ele></trkpt>
<trkpt lon="-6.073891" lat="43.492682"><ele>78.75</ele></trkpt>
<trkpt lon="-6.073997" lat="43.492472"><ele>75.25</ele></trkpt>
<trkpt lon="-6.073923" lat="43.492060"><ele>74.75</ele></trkpt>
<trkpt lon="-6.073790" lat="43.491838"><ele>72.0</ele></trkpt>
<trkpt lon="-6.073313" lat="43.491364"><ele>65.75</ele></trkpt>
<trkpt lon="-6.073590" lat="43.491510"><ele>63.75</ele></trkpt>
<trkpt lon="-6.073815" lat="43.491581"><ele>61.5</ele></trkpt>
<trkpt lon="-6.073992" lat="43.491613"><ele>57.75</ele></trkpt>
<trkpt lon="-6.074120" lat="43.491617"><ele>55.0</ele></trkpt>
<trkpt lon="-6.074220" lat="43.491644"><ele>53.25</ele></trkpt>
<trkpt lon="-6.074424" lat="43.491743"><ele>52.25</ele></trkpt>
<trkpt lon="-6.074579" lat="43.491855"><ele>51.25</ele></trkpt>
<trkpt lon="-6.074709" lat="43.491878"><ele>48.75</ele></trkpt>
<trkpt lon="-6.074741" lat="43.491824"><ele>49.25</ele></trkpt>
<trkpt lon="-6.074862" lat="43.491780"><ele>50.25</ele></trkpt>
<trkpt lon="-6.075190" lat="43.491771"><ele>52.0</ele></trkpt>
<trkpt lon="-6.075350" lat="43.491807"><ele>52.25</ele></trkpt>
<trkpt lon="-6.075608" lat="43.491688"><ele>57.75</ele></trkpt>
<trkpt lon="-6.075880" lat="43.491607"><ele>63.5</ele></trkpt>
<trkpt lon="-6.076063" lat="43.491530"><ele>67.25</ele></trkpt>
<trkpt lon="-6.076253" lat="43.491477"><ele>70.25</ele></trkpt>
<trkpt lon="-6.076403" lat="43.491452"><ele>72.5</ele></trkpt>
<trkpt lon="-6.076671" lat="43.491419"><ele>73.75</ele></trkpt>
<trkpt lon="-6.076869" lat="43.491444"><ele>76.25</ele></trkpt>
<trkpt lon="-6.076979" lat="43.491481"><ele>77.75</ele></trkpt>
<trkpt lon="-6.077074" lat="43.491522"><ele>79.5</ele></trkpt>
<trkpt lon="-6.077237" lat="43.491652"><ele>80.75</ele></trkpt>
<trkpt lon="-6.077409" lat="43.491739"><ele>83.25</ele></trkpt>
<trkpt lon="-6.077550" lat="43.491782"><ele>85.0</ele></trkpt>
<trkpt lon="-6.077621" lat="43.491778"><ele>85.75</ele></trkpt>
<trkpt lon="-6.077725" lat="43.491731"><ele>88.5</ele></trkpt>
<trkpt lon="-6.077671" lat="43.491718"><ele>88.5</ele></trkpt>
<trkpt lon="-6.077606" lat="43.491682"><ele>89.0</ele></trkpt>
<trkpt lon="-6.077512" lat="43.491525"><ele>90.75</ele></trkpt>
<trkpt lon="-6.077490" lat="43.491381"><ele>92.75</ele></trkpt>
<trkpt lon="-6.077441" lat="43.491199"><ele>93.25</ele></trkpt>
<trkpt lon="-6.077382" lat="43.491037"><ele>93.5</ele></trkpt>
<trkpt lon="-6.077240" lat="43.490746"><ele>98.0</ele></trkpt>
<trkpt lon="-6.077461" lat="43.490685"><ele>97.0</ele></trkpt>
<trkpt lon="-6.077794" lat="43.490545"><ele>93.75</ele></trkpt>
<trkpt lon="-6.078037" lat="43.490418"><ele>92.75</ele></trkpt>
<trkpt lon="-6.078314" lat="43.490283"><ele>88.25</ele></trkpt>
<trkpt lon="-6.078748" lat="43.490108"><ele>83.25</ele></trkpt>
<trkpt lon="-6.079096" lat="43.489900"><ele>78.5</ele></trkpt>
<trkpt lon="-6.079259" lat="43.489795"><ele>76.25</ele></trkpt>
<trkpt lon="-6.079339" lat="43.489720"><ele>75.0</ele></trkpt>
<trkpt lon="-6.079436" lat="43.489578"><ele>72.75</ele></trkpt>
<trkpt lon="-6.079477" lat="43.489465"><ele>71.75</ele></trkpt>
<trkpt lon="-6.079514" lat="43.489322"><ele>70.5</ele></trkpt>
<trkpt lon="-6.079546" lat="43.489113"><ele>69.25</ele></trkpt>
<trkpt lon="-6.079573" lat="43.489023"><ele>68.25</ele></trkpt>
<trkpt lon="-6.079633" lat="43.488972"><ele>67.25</ele></trkpt>
<trkpt lon="-6.079707" lat="43.488922"><ele>66.0</ele></trkpt>
<trkpt lon="-6.079895" lat="43.488878"><ele>64.5</ele></trkpt>
<trkpt lon="-6.080072" lat="43.488873"><ele>63.0</ele></trkpt>
<trkpt lon="-6.080241" lat="43.488885"><ele>61.25</ele></trkpt>
<trkpt lon="-6.080397" lat="43.488878"><ele>60.5</ele></trkpt>
<trkpt lon="-6.080530" lat="43.488855"><ele>60.0</ele></trkpt>
<trkpt lon="-6.080572" lat="43.488864"><ele>59.75</ele></trkpt>
<trkpt lon="-6.080657" lat="43.488957"><ele>59.25</ele></trkpt>
<trkpt lon="-6.080848" lat="43.489286"><ele>56.25</ele></trkpt>
<trkpt lon="-6.080976" lat="43.489425"><ele>56.0</ele></trkpt>
<trkpt lon="-6.081022" lat="43.489545"><ele>54.75</ele></trkpt>
<trkpt lon="-6.081098" lat="43.489881"><ele>50.0</ele></trkpt>
<trkpt lon="-6.081179" lat="43.490126"><ele>47.25</ele></trkpt>
<trkpt lon="-6.081383" lat="43.490288"><ele>46.75</ele></trkpt>
<trkpt lon="-6.081845" lat="43.490610"><ele>46.25</ele></trkpt>
<trkpt lon="-6.082080" lat="43.490831"><ele>42.5</ele></trkpt>
<trkpt lon="-6.082188" lat="43.490907"><ele>41.75</ele></trkpt>
<trkpt lon="-6.082335" lat="43.490991"><ele>41.0</ele></trkpt>
<trkpt lon="-6.082503" lat="43.491072"><ele>38.0</ele></trkpt>
<trkpt lon="-6.082728" lat="43.491162"><ele>36.5</ele></trkpt>
<trkpt lon="-6.082928" lat="43.491217"><ele>35.75</ele></trkpt>
<trkpt lon="-6.083062" lat="43.491226"><ele>35.5</ele></trkpt>
<trkpt lon="-6.083290" lat="43.491214"><ele>33.75</ele></trkpt>
<trkpt lon="-6.083418" lat="43.491197"><ele>32.25</ele></trkpt>
<trkpt lon="-6.084262" lat="43.491011"><ele>28.0</ele></trkpt>
<trkpt lon="-6.085014" lat="43.490844"><ele>22.75</ele></trkpt>
<trkpt lon="-6.085396" lat="43.490738"><ele>22.75</ele></trkpt>
<trkpt lon="-6.085938" lat="43.490646"><ele>20.5</ele></trkpt>
<trkpt lon="-6.086288" lat="43.490569"><ele>19.5</ele></trkpt>
<trkpt lon="-6.086524" lat="43.490506"><ele>19.25</ele></trkpt>
<trkpt lon="-6.086954" lat="43.490441"><ele>17.0</ele></trkpt>
<trkpt lon="-6.087723" lat="43.490357"><ele>14.75</ele></trkpt>
<trkpt lon="-6.088028" lat="43.490350"><ele>13.25</ele></trkpt>
<trkpt lon="-6.088390" lat="43.490412"><ele>12.5</ele></trkpt>
<trkpt lon="-6.088557" lat="43.490457"><ele>12.0</ele></trkpt>
<trkpt lon="-6.088688" lat="43.490522"><ele>11.5</ele></trkpt>
<trkpt lon="-6.088852" lat="43.490578"><ele>11.5</ele></trkpt>
<trkpt lon="-6.089181" lat="43.490673"><ele>12.75</ele></trkpt>
<trkpt lon="-6.089422" lat="43.490727"><ele>13.0</ele></trkpt>
<trkpt lon="-6.089509" lat="43.490757"><ele>12.75</ele></trkpt>
<trkpt lon="-6.089529" lat="43.490759"><ele>13.0</ele></trkpt>
<trkpt lon="-6.089488" lat="43.490886"><ele>11.75</ele></trkpt>
<trkpt lon="-6.089490" lat="43.491032"><ele>10.5</ele></trkpt>
<trkpt lon="-6.089536" lat="43.491216"><ele>10.5</ele></trkpt>
<trkpt lon="-6.089565" lat="43.491344"><ele>10.75</ele></trkpt>
<trkpt lon="-6.089620" lat="43.491569"><ele>9.0</ele></trkpt>
<trkpt lon="-6.089729" lat="43.491569"><ele>9.0</ele></trkpt>
<trkpt lon="-6.089733" lat="43.491631"><ele>8.25</ele></trkpt>
<trkpt lon="-6.089933" lat="43.492150"><ele>7.75</ele></trkpt>
<trkpt lon="-6.090226" lat="43.492870"><ele>7.25</ele></trkpt>
<trkpt lon="-6.090354" lat="43.493248"><ele>7.25</ele></trkpt>
<trkpt lon="-6.090504" lat="43.493524"><ele>7.25</ele></trkpt>
<trkpt lon="-6.090533" lat="43.493567"><ele>7.0</ele></trkpt>
<trkpt lon="-6.090618" lat="43.493653"><ele>7.0</ele></trkpt>
<trkpt lon="-6.090740" lat="43.493712"><ele>7.0</ele></trkpt>
<trkpt lon="-6.092902" lat="43.494405"><ele>7.25</ele></trkpt>
<trkpt lon="-6.096274" lat="43.495492"><ele>8.0</ele></trkpt>
<trkpt lon="-6.096523" lat="43.495558"><ele>8.0</ele></trkpt>
<trkpt lon="-6.095700" lat="43.496569"><ele>7.0</ele></trkpt>
<trkpt lon="-6.095475" lat="43.496823"><ele>7.5</ele></trkpt>
<trkpt lon="-6.095450" lat="43.496866"><ele>7.5</ele></trkpt>
<trkpt lon="-6.095443" lat="43.496910"><ele>7.75</ele></trkpt>
<trkpt lon="-6.095785" lat="43.497132"><ele>7.5</ele></trkpt>
<trkpt lon="-6.095188" lat="43.497811"><ele>7.0</ele></trkpt>
<trkpt lon="-6.095155" lat="43.497858"><ele>7.75</ele></trkpt>
<trkpt lon="-6.095202" lat="43.497901"><ele>8.25</ele></trkpt>
<trkpt lon="-6.095335" lat="43.497944"><ele>8.75</ele></trkpt>
<trkpt lon="-6.095575" lat="43.497999"><ele>10.0</ele></trkpt>
<trkpt lon="-6.095927" lat="43.498234"><ele>11.5</ele></trkpt>
<trkpt lon="-6.096220" lat="43.498386"><ele>12.0</ele></trkpt>
<trkpt lon="-6.097185" lat="43.498635"><ele>7.25</ele></trkpt>
<trkpt lon="-6.097672" lat="43.498706"><ele>6.75</ele></trkpt>
<trkpt lon="-6.098183" lat="43.498721"><ele>5.75</ele></trkpt>
<trkpt lon="-6.099042" lat="43.498784"><ele>6.75</ele></trkpt>
<trkpt lon="-6.099958" lat="43.498909"><ele>7.0</ele></trkpt>
<trkpt lon="-6.101698" lat="43.499203"><ele>8.25</ele></trkpt>
<trkpt lon="-6.101971" lat="43.499244"><ele>8.0</ele></trkpt>
<trkpt lon="-6.102075" lat="43.499244"><ele>7.5</ele></trkpt>
<trkpt lon="-6.102331" lat="43.499275"><ele>7.5</ele></trkpt>
<trkpt lon="-6.102610" lat="43.499332"><ele>9.0</ele></trkpt>
<trkpt lon="-6.102876" lat="43.499410"><ele>10.0</ele></trkpt>
<trkpt lon="-6.103739" lat="43.499527"><ele>8.25</ele></trkpt>
<trkpt lon="-6.104037" lat="43.499575"><ele>8.5</ele></trkpt>
<trkpt lon="-6.104744" lat="43.499749"><ele>9.25</ele></trkpt>
<trkpt lon="-6.104864" lat="43.499770"><ele>8.75</ele></trkpt>
<trkpt lon="-6.104853" lat="43.499802"><ele>9.5</ele></trkpt>
<trkpt lon="-6.104782" lat="43.499813"><ele>10.0</ele></trkpt>
<trkpt lon="-6.104587" lat="43.499795"><ele>11.5</ele></trkpt>
<trkpt lon="-6.104486" lat="43.499811"><ele>12.75</ele></trkpt>
<trkpt lon="-6.104447" lat="43.499834"><ele>13.5</ele></trkpt>
<trkpt lon="-6.104437" lat="43.499861"><ele>14.0</ele></trkpt>
<trkpt lon="-6.104455" lat="43.499897"><ele>14.25</ele></trkpt>
<trkpt lon="-6.104597" lat="43.499925"><ele>13.25</ele></trkpt>
<trkpt lon="-6.104886" lat="43.500000"><ele>13.5</ele></trkpt>
<trkpt lon="-6.105347" lat="43.500105"><ele>15.25</ele></trkpt>
<trkpt lon="-6.105975" lat="43.500194"><ele>18.0</ele></trkpt>
<trkpt lon="-6.106665" lat="43.500356"><ele>22.5</ele></trkpt>
<trkpt lon="-6.106907" lat="43.500531"><ele>27.25</ele></trkpt>
<trkpt lon="-6.107375" lat="43.500457"><ele>24.0</ele></trkpt>
<trkpt lon="-6.107821" lat="43.500377"><ele>21.5</ele></trkpt>
<trkpt lon="-6.108038" lat="43.500359"><ele>21.5</ele></trkpt>
<trkpt lon="-6.108216" lat="43.500395"><ele>22.0</ele></trkpt>
<trkpt lon="-6.108442" lat="43.500466"><ele>22.5</ele></trkpt>
<trkpt lon="-6.108869" lat="43.500525"><ele>22.0</ele></trkpt>
<trkpt lon="-6.109131" lat="43.500601"><ele>21.5</ele></trkpt>
<trkpt lon="-6.109282" lat="43.500601"><ele>21.5</ele></trkpt>
<trkpt lon="-6.110389" lat="43.500421"><ele>23.5</ele></trkpt>
<trkpt lon="-6.110538" lat="43.500377"><ele>24.5</ele></trkpt>
<trkpt lon="-6.110584" lat="43.500343"><ele>25.0</ele></trkpt>
<trkpt lon="-6.110632" lat="43.500307"><ele>25.5</ele></trkpt>
<trkpt lon="-6.110760" lat="43.500361"><ele>27.0</ele></trkpt>
<trkpt lon="-6.110986" lat="43.500499"><ele>29.25</ele></trkpt>
<trkpt lon="-6.111277" lat="43.500701"><ele>31.75</ele></trkpt>
<trkpt lon="-6.111493" lat="43.500951"><ele>32.25</ele></trkpt>
<trkpt lon="-6.111622" lat="43.501042"><ele>33.0</ele></trkpt>
<trkpt lon="-6.111709" lat="43.501068"><ele>34.0</ele></trkpt>
<trkpt lon="-6.111757" lat="43.501083"><ele>34.75</ele></trkpt>
<trkpt lon="-6.111960" lat="43.501148"><ele>37.5</ele></trkpt>
<trkpt lon="-6.112962" lat="43.501460"><ele>51.25</ele></trkpt>
<trkpt lon="-6.113030" lat="43.501490"><ele>52.0</ele></trkpt>
<trkpt lon="-6.113116" lat="43.501556"><ele>52.25</ele></trkpt>
<trkpt lon="-6.113145" lat="43.501569"><ele>52.5</ele></trkpt>
<trkpt lon="-6.113176" lat="43.501574"><ele>53.0</ele></trkpt>
<trkpt lon="-6.113212" lat="43.501565"><ele>53.5</ele></trkpt>
<trkpt lon="-6.113241" lat="43.501545"><ele>54.25</ele></trkpt>
<trkpt lon="-6.113252" lat="43.501522"><ele>54.75</ele></trkpt>
<trkpt lon="-6.113252" lat="43.501490"><ele>55.25</ele></trkpt>
<trkpt lon="-6.113156" lat="43.501179"><ele>59.0</ele></trkpt>
<trkpt lon="-6.113422" lat="43.501400"><ele>59.0</ele></trkpt>
<trkpt lon="-6.113531" lat="43.501407"><ele>60.5</ele></trkpt>
<trkpt lon="-6.113676" lat="43.501439"><ele>62.5</ele></trkpt>
<trkpt lon="-6.114306" lat="43.501802"><ele>68.0</ele></trkpt>
<trkpt lon="-6.114473" lat="43.501952"><ele>69.5</ele></trkpt>
<trkpt lon="-6.114570" lat="43.502074"><ele>71.0</ele></trkpt>
<trkpt lon="-6.114598" lat="43.502109"><ele>71.25</ele></trkpt>
<trkpt lon="-6.114762" lat="43.502221"><ele>73.75</ele></trkpt>
<trkpt lon="-6.115068" lat="43.502406"><ele>77.75</ele></trkpt>
<trkpt lon="-6.115295" lat="43.502523"><ele>80.25</ele></trkpt>
<trkpt lon="-6.115461" lat="43.502632"><ele>83.0</ele></trkpt>
<trkpt lon="-6.115661" lat="43.502897"><ele>88.25</ele></trkpt>
<trkpt lon="-6.115692" lat="43.502966"><ele>89.75</ele></trkpt>
<trkpt lon="-6.115692" lat="43.503025"><ele>90.5</ele></trkpt>
<trkpt lon="-6.115671" lat="43.503104"><ele>90.5</ele></trkpt>
<trkpt lon="-6.115667" lat="43.503193"><ele>91.0</ele></trkpt>
<trkpt lon="-6.115691" lat="43.503271"><ele>92.0</ele></trkpt>
<trkpt lon="-6.115732" lat="43.503365"><ele>93.5</ele></trkpt>
<trkpt lon="-6.115785" lat="43.503446"><ele>95.5</ele></trkpt>
<trkpt lon="-6.115799" lat="43.503479"><ele>96.0</ele></trkpt>
<trkpt lon="-6.115804" lat="43.503523"><ele>96.5</ele></trkpt>
<trkpt lon="-6.115741" lat="43.503802"><ele>99.25</ele></trkpt>
<trkpt lon="-6.115689" lat="43.503877"><ele>99.5</ele></trkpt>
<trkpt lon="-6.115646" lat="43.503973"><ele>99.25</ele></trkpt>
<trkpt lon="-6.115831" lat="43.503817"><ele>101.5</ele></trkpt>
<trkpt lon="-6.116139" lat="43.503623"><ele>103.75</ele></trkpt>
<trkpt lon="-6.116423" lat="43.503446"><ele>106.75</ele></trkpt>
<trkpt lon="-6.116656" lat="43.503337"><ele>107.75</ele></trkpt>
<trkpt lon="-6.116834" lat="43.503310"><ele>110.0</ele></trkpt>
<trkpt lon="-6.117209" lat="43.503297"><ele>113.25</ele></trkpt>
<trkpt lon="-6.117424" lat="43.503259"><ele>114.0</ele></trkpt>
<trkpt lon="-6.117520" lat="43.503283"><ele>115.0</ele></trkpt>
<trkpt lon="-6.117658" lat="43.503336"><ele>116.5</ele></trkpt>
<trkpt lon="-6.117965" lat="43.503428"><ele>120.25</ele></trkpt>
<trkpt lon="-6.118137" lat="43.503436"><ele>121.0</ele></trkpt>
<trkpt lon="-6.118852" lat="43.503524"><ele>127.75</ele></trkpt>
<trkpt lon="-6.119595" lat="43.503534"><ele>130.25</ele></trkpt>
<trkpt lon="-6.120303" lat="43.503760"><ele>134.5</ele></trkpt>
<trkpt lon="-6.120615" lat="43.504114"><ele>143.25</ele></trkpt>
<trkpt lon="-6.121053" lat="43.504699"><ele>152.75</ele></trkpt>
<trkpt lon="-6.121478" lat="43.505238"><ele>157.0</ele></trkpt>
<trkpt lon="-6.121740" lat="43.505726"><ele>164.0</ele></trkpt>
<trkpt lon="-6.121988" lat="43.506270"><ele>169.0</ele></trkpt>
<trkpt lon="-6.121990" lat="43.506570"><ele>177.0</ele></trkpt>
<trkpt lon="-6.122219" lat="43.507187"><ele>186.0</ele></trkpt>
<trkpt lon="-6.122313" lat="43.507420"><ele>191.75</ele></trkpt>
<trkpt lon="-6.122418" lat="43.507637"><ele>196.5</ele></trkpt>
<trkpt lon="-6.122535" lat="43.507801"><ele>200.25</ele></trkpt>
<trkpt lon="-6.122850" lat="43.507785"><ele>207.25</ele></trkpt>
<trkpt lon="-6.123077" lat="43.507448"><ele>211.25</ele></trkpt>
<trkpt lon="-6.123265" lat="43.507327"><ele>216.0</ele></trkpt>
<trkpt lon="-6.123581" lat="43.507103"><ele>220.0</ele></trkpt>
<trkpt lon="-6.123769" lat="43.507199"><ele>223.25</ele></trkpt>
<trkpt lon="-6.124268" lat="43.507476"><ele>229.75</ele></trkpt>
<trkpt lon="-6.125115" lat="43.508038"><ele>244.25</ele></trkpt>
<trkpt lon="-6.125364" lat="43.508331"><ele>253.0</ele></trkpt>
<trkpt lon="-6.125502" lat="43.508564"><ele>260.25</ele></trkpt>
<trkpt lon="-6.125763" lat="43.508693"><ele>263.0</ele></trkpt>
<trkpt lon="-6.125945" lat="43.508749"><ele>265.25</ele></trkpt>
<trkpt lon="-6.126128" lat="43.508745"><ele>266.25</ele></trkpt>
<trkpt lon="-6.126350" lat="43.508677"><ele>271.75</ele></trkpt>
<trkpt lon="-6.126798" lat="43.508319"><ele>279.25</ele></trkpt>
<trkpt lon="-6.127020" lat="43.508179"><ele>282.25</ele></trkpt>
<trkpt lon="-6.127208" lat="43.508239"><ele>285.75</ele></trkpt>
<trkpt lon="-6.128592" lat="43.508970"><ele>294.25</ele></trkpt>
<trkpt lon="-6.128836" lat="43.509107"><ele>295.0</ele></trkpt>
<trkpt lon="-6.128974" lat="43.509319"><ele>297.25</ele></trkpt>
<trkpt lon="-6.129030" lat="43.509620"><ele>299.25</ele></trkpt>
<trkpt lon="-6.128969" lat="43.510163"><ele>299.75</ele></trkpt>
<trkpt lon="-6.128786" lat="43.510584"><ele>302.5</ele></trkpt>
<trkpt lon="-6.128830" lat="43.510881"><ele>296.75</ele></trkpt>
<trkpt lon="-6.128992" lat="43.511302"><ele>304.5</ele></trkpt>
<trkpt lon="-6.128976" lat="43.511443"><ele>307.0</ele></trkpt>
<trkpt lon="-6.128893" lat="43.511618"><ele>310.5</ele></trkpt>
<trkpt lon="-6.128912" lat="43.511787"><ele>313.5</ele></trkpt>
<trkpt lon="-6.129015" lat="43.511954"><ele>316.0</ele></trkpt>
<trkpt lon="-6.129306" lat="43.512065"><ele>319.25</ele></trkpt>
<trkpt lon="-6.129679" lat="43.512147"><ele>324.0</ele></trkpt>
<trkpt lon="-6.130213" lat="43.512208"><ele>328.0</ele></trkpt>
<trkpt lon="-6.130798" lat="43.512301"><ele>338.75</ele></trkpt>
<trkpt lon="-6.131002" lat="43.512480"><ele>342.5</ele></trkpt>
<trkpt lon="-6.131250" lat="43.512738"><ele>347.0</ele></trkpt>
<trkpt lon="-6.131363" lat="43.512979"><ele>349.75</ele></trkpt>
<trkpt lon="-6.131383" lat="43.513230"><ele>350.25</ele></trkpt>
<trkpt lon="-6.131810" lat="43.513326"><ele>352.5</ele></trkpt>
<trkpt lon="-6.132122" lat="43.513528"><ele>355.75</ele></trkpt>
<trkpt lon="-6.132522" lat="43.513865"><ele>360.0</ele></trkpt>
<trkpt lon="-6.132816" lat="43.514083"><ele>363.0</ele></trkpt>
<trkpt lon="-6.133064" lat="43.514219"><ele>365.25</ele></trkpt>
<trkpt lon="-6.133326" lat="43.514303"><ele>367.75</ele></trkpt>
<trkpt lon="-6.133552" lat="43.514429"><ele>369.0</ele></trkpt>
<trkpt lon="-6.133764" lat="43.514564"><ele>372.75</ele></trkpt>
<trkpt lon="-6.133853" lat="43.514788"><ele>373.5</ele></trkpt>
<trkpt lon="-6.133853" lat="43.515030"><ele>375.25</ele></trkpt>
<trkpt lon="-6.133798" lat="43.515302"><ele>377.25</ele></trkpt>
<trkpt lon="-6.133681" lat="43.515713"><ele>378.5</ele></trkpt>
<trkpt lon="-6.133644" lat="43.515937"><ele>377.75</ele></trkpt>
<trkpt lon="-6.133742" lat="43.516102"><ele>379.25</ele></trkpt>
<trkpt lon="-6.133853" lat="43.516272"><ele>378.0</ele></trkpt>
<trkpt lon="-6.134100" lat="43.516370"><ele>377.75</ele></trkpt>
<trkpt lon="-6.134359" lat="43.516500"><ele>376.75</ele></trkpt>
<trkpt lon="-6.135327" lat="43.517135"><ele>372.75</ele></trkpt>
<trkpt lon="-6.135403" lat="43.517263"><ele>372.75</ele></trkpt>
<trkpt lon="-6.135548" lat="43.517388"><ele>373.0</ele></trkpt>
<trkpt lon="-6.135580" lat="43.517402"><ele>373.0</ele></trkpt>
<trkpt lon="-6.135880" lat="43.517534"><ele>373.5</ele></trkpt>
<trkpt lon="-6.136160" lat="43.517666"><ele>376.0</ele></trkpt>
<trkpt lon="-6.136310" lat="43.517724"><ele>377.5</ele></trkpt>
<trkpt lon="-6.136361" lat="43.517790"><ele>379.0</ele></trkpt>
<trkpt lon="-6.136421" lat="43.518025"><ele>383.5</ele></trkpt>
<trkpt lon="-6.136480" lat="43.518114"><ele>385.25</ele></trkpt>
<trkpt lon="-6.136762" lat="43.518076"><ele>385.75</ele></trkpt>
<trkpt lon="-6.137435" lat="43.518133"><ele>390.0</ele></trkpt>
<trkpt lon="-6.137818" lat="43.518181"><ele>392.0</ele></trkpt>
<trkpt lon="-6.138158" lat="43.518252"><ele>394.25</ele></trkpt>
<trkpt lon="-6.139061" lat="43.518457"><ele>399.5</ele></trkpt>
<trkpt lon="-6.139294" lat="43.518464"><ele>399.0</ele></trkpt>
<trkpt lon="-6.139449" lat="43.518487"><ele>398.75</ele></trkpt>
<trkpt lon="-6.139547" lat="43.518524"><ele>399.25</ele></trkpt>
<trkpt lon="-6.139616" lat="43.518569"><ele>400.25</ele></trkpt>
<trkpt lon="-6.139694" lat="43.518663"><ele>402.0</ele></trkpt>
<trkpt lon="-6.139932" lat="43.519511"><ele>412.0</ele></trkpt>
<trkpt lon="-6.139952" lat="43.519654"><ele>414.0</ele></trkpt>
<trkpt lon="-6.140086" lat="43.519858"><ele>417.75</ele></trkpt>
<trkpt lon="-6.140367" lat="43.519970"><ele>419.0</ele></trkpt>
<trkpt lon="-6.140556" lat="43.519959"><ele>419.0</ele></trkpt>
<trkpt lon="-6.140810" lat="43.519895"><ele>421.0</ele></trkpt>
<trkpt lon="-6.141065" lat="43.519866"><ele>421.75</ele></trkpt>
<trkpt lon="-6.141704" lat="43.519873"><ele>423.0</ele></trkpt>
<trkpt lon="-6.142222" lat="43.519843"><ele>424.25</ele></trkpt>
<trkpt lon="-6.142439" lat="43.519838"><ele>424.75</ele></trkpt>
<trkpt lon="-6.143099" lat="43.519991"><ele>427.5</ele></trkpt>
<trkpt lon="-6.143433" lat="43.520098"><ele>429.5</ele></trkpt>
<trkpt lon="-6.143687" lat="43.520162"><ele>430.25</ele></trkpt>
<trkpt lon="-6.143990" lat="43.520085"><ele>430.0</ele></trkpt>
<trkpt lon="-6.144169" lat="43.520021"><ele>430.0</ele></trkpt>
<trkpt lon="-6.144419" lat="43.520174"><ele>432.0</ele></trkpt>
<trkpt lon="-6.144549" lat="43.519962"><ele>431.75</ele></trkpt>
<trkpt lon="-6.144594" lat="43.519803"><ele>430.75</ele></trkpt>
<trkpt lon="-6.144637" lat="43.519787"><ele>431.0</ele></trkpt>
<trkpt lon="-6.144893" lat="43.519649"><ele>430.5</ele></trkpt>
<trkpt lon="-6.145493" lat="43.519458"><ele>430.0</ele></trkpt>
<trkpt lon="-6.145622" lat="43.519428"><ele>429.75</ele></trkpt>
<trkpt lon="-6.145623" lat="43.519465"><ele>429.75</ele></trkpt>
<trkpt lon="-6.145647" lat="43.519560"><ele>429.25</ele></trkpt>
<trkpt lon="-6.145750" lat="43.519640"><ele>428.25</ele></trkpt>
<trkpt lon="-6.145987" lat="43.519699"><ele>425.5</ele></trkpt>
<trkpt lon="-6.147484" lat="43.519771"><ele>416.25</ele></trkpt>
<trkpt lon="-6.148026" lat="43.519773"><ele>412.75</ele></trkpt>
<trkpt lon="-6.148479" lat="43.519763"><ele>410.25</ele></trkpt>
<trkpt lon="-6.148942" lat="43.519740"><ele>408.25</ele></trkpt>
<trkpt lon="-6.149533" lat="43.519776"><ele>404.75</ele></trkpt>
<trkpt lon="-6.150171" lat="43.519655"><ele>402.75</ele></trkpt>
<trkpt lon="-6.150726" lat="43.519501"><ele>405.0</ele></trkpt>
<trkpt lon="-6.150928" lat="43.519524"><ele>405.25</ele></trkpt>
<trkpt lon="-6.151119" lat="43.519609"><ele>405.75</ele></trkpt>
<trkpt lon="-6.151204" lat="43.519673"><ele>404.75</ele></trkpt>
<trkpt lon="-6.151452" lat="43.519694"><ele>407.25</ele></trkpt>
<trkpt lon="-6.151707" lat="43.519670"><ele>409.25</ele></trkpt>
<trkpt lon="-6.151848" lat="43.519709"><ele>409.25</ele></trkpt>
<trkpt lon="-6.151915" lat="43.519889"><ele>407.75</ele></trkpt>
<trkpt lon="-6.151898" lat="43.520055"><ele>405.0</ele></trkpt>
<trkpt lon="-6.152032" lat="43.520194"><ele>406.25</ele></trkpt>
<trkpt lon="-6.152248" lat="43.520309"><ele>409.0</ele></trkpt>
<trkpt lon="-6.152386" lat="43.520399"><ele>412.5</ele></trkpt>
<trkpt lon="-6.152393" lat="43.520471"><ele>412.0</ele></trkpt>
<trkpt lon="-6.152237" lat="43.520630"><ele>405.25</ele></trkpt>
<trkpt lon="-6.152121" lat="43.520846"><ele>403.0</ele></trkpt>
<trkpt lon="-6.151979" lat="43.521274"><ele>398.5</ele></trkpt>
<trkpt lon="-6.151937" lat="43.521477"><ele>397.0</ele></trkpt>
<trkpt lon="-6.152046" lat="43.521754"><ele>396.0</ele></trkpt>
<trkpt lon="-6.152262" lat="43.521890"><ele>396.0</ele></trkpt>
<trkpt lon="-6.152588" lat="43.521947"><ele>395.75</ele></trkpt>
<trkpt lon="-6.153458" lat="43.521816"><ele>398.0</ele></trkpt>
<trkpt lon="-6.153936" lat="43.521700"><ele>398.75</ele></trkpt>
<trkpt lon="-6.154202" lat="43.521680"><ele>398.5</ele></trkpt>
<trkpt lon="-6.154506" lat="43.521708"><ele>397.75</ele></trkpt>
<trkpt lon="-6.154924" lat="43.521772"><ele>395.75</ele></trkpt>
<trkpt lon="-6.155493" lat="43.521770"><ele>396.0</ele></trkpt>
<trkpt lon="-6.156074" lat="43.521798"><ele>396.0</ele></trkpt>
<trkpt lon="-6.157373" lat="43.521849"><ele>394.75</ele></trkpt>
<trkpt lon="-6.157720" lat="43.521842"><ele>394.75</ele></trkpt>
<trkpt lon="-6.157921" lat="43.521947"><ele>392.75</ele></trkpt>
<trkpt lon="-6.158325" lat="43.522175"><ele>391.25</ele></trkpt>
<trkpt lon="-6.158470" lat="43.522347"><ele>389.75</ele></trkpt>
<trkpt lon="-6.158558" lat="43.522502"><ele>388.25</ele></trkpt>
<trkpt lon="-6.158629" lat="43.522504"><ele>389.0</ele></trkpt>
<trkpt lon="-6.158922" lat="43.522560"><ele>391.0</ele></trkpt>
<trkpt lon="-6.158942" lat="43.522630"><ele>391.0</ele></trkpt>
<trkpt lon="-6.159053" lat="43.523192"><ele>386.25</ele></trkpt>
<trkpt lon="-6.159325" lat="43.523703"><ele>385.75</ele></trkpt>
<trkpt lon="-6.159586" lat="43.524017"><ele>382.75</ele></trkpt>
<trkpt lon="-6.160049" lat="43.524236"><ele>381.75</ele></trkpt>
<trkpt lon="-6.160341" lat="43.524243"><ele>381.25</ele></trkpt>
<trkpt lon="-6.160875" lat="43.524141"><ele>379.25</ele></trkpt>
<trkpt lon="-6.161388" lat="43.523922"><ele>378.25</ele></trkpt>
<trkpt lon="-6.162247" lat="43.523348"><ele>373.25</ele></trkpt>
<trkpt lon="-6.162660" lat="43.523085"><ele>371.0</ele></trkpt>
<trkpt lon="-6.163347" lat="43.522461"><ele>366.0</ele></trkpt>
<trkpt lon="-6.163300" lat="43.522822"><ele>362.0</ele></trkpt>
<trkpt lon="-6.163144" lat="43.523183"><ele>360.5</ele></trkpt>
<trkpt lon="-6.162808" lat="43.524026"><ele>352.5</ele></trkpt>
<trkpt lon="-6.162536" lat="43.524366"><ele>351.75</ele></trkpt>
<trkpt lon="-6.161771" lat="43.525147"><ele>347.25</ele></trkpt>
<trkpt lon="-6.161645" lat="43.525399"><ele>345.0</ele></trkpt>
<trkpt lon="-6.161535" lat="43.527092"><ele>332.25</ele></trkpt>
<trkpt lon="-6.162191" lat="43.528165"><ele>326.25</ele></trkpt>
<trkpt lon="-6.163088" lat="43.528870"><ele>323.0</ele></trkpt>
<trkpt lon="-6.163451" lat="43.529095"><ele>323.0</ele></trkpt>
<trkpt lon="-6.163728" lat="43.529177"><ele>323.5</ele></trkpt>
<trkpt lon="-6.164422" lat="43.529252"><ele>324.5</ele></trkpt>
<trkpt lon="-6.164654" lat="43.529327"><ele>325.0</ele></trkpt>
<trkpt lon="-6.165102" lat="43.529502"><ele>324.5</ele></trkpt>
<trkpt lon="-6.165611" lat="43.529660"><ele>323.75</ele></trkpt>
<trkpt lon="-6.166226" lat="43.529882"><ele>323.75</ele></trkpt>
<trkpt lon="-6.167066" lat="43.530289"><ele>322.5</ele></trkpt>
<trkpt lon="-6.167547" lat="43.530583"><ele>322.0</ele></trkpt>
<trkpt lon="-6.168134" lat="43.531092"><ele>319.25</ele></trkpt>
<trkpt lon="-6.168198" lat="43.531264"><ele>318.0</ele></trkpt>
<trkpt lon="-6.168180" lat="43.531822"><ele>313.25</ele></trkpt>
<trkpt lon="-6.168180" lat="43.532054"><ele>311.25</ele></trkpt>
<trkpt lon="-6.168294" lat="43.532387"><ele>307.5</ele></trkpt>
<trkpt lon="-6.168308" lat="43.532521"><ele>306.25</ele></trkpt>
<trkpt lon="-6.168194" lat="43.533024"><ele>305.25</ele></trkpt>
<trkpt lon="-6.168130" lat="43.533197"><ele>303.0</ele></trkpt>
<trkpt lon="-6.168034" lat="43.533298"><ele>302.0</ele></trkpt>
<trkpt lon="-6.167867" lat="43.533421"><ele>302.5</ele></trkpt>
<trkpt lon="-6.167806" lat="43.533506"><ele>302.5</ele></trkpt>
<trkpt lon="-6.167785" lat="43.533663"><ele>301.75</ele></trkpt>
<trkpt lon="-6.167868" lat="43.534471"><ele>301.0</ele></trkpt>
<trkpt lon="-6.167944" lat="43.535082"><ele>300.0</ele></trkpt>
<trkpt lon="-6.167878" lat="43.535683"><ele>298.0</ele></trkpt>
<trkpt lon="-6.167785" lat="43.535980"><ele>295.25</ele></trkpt>
<trkpt lon="-6.167851" lat="43.536327"><ele>289.75</ele></trkpt>
<trkpt lon="-6.167982" lat="43.537693"><ele>270.25</ele></trkpt>
<trkpt lon="-6.167976" lat="43.537887"><ele>268.75</ele></trkpt>
<trkpt lon="-6.167837" lat="43.538380"><ele>264.75</ele></trkpt>
<trkpt lon="-6.167840" lat="43.538536"><ele>262.5</ele></trkpt>
<trkpt lon="-6.167917" lat="43.538692"><ele>261.0</ele></trkpt>
<trkpt lon="-6.168069" lat="43.538840"><ele>259.25</ele></trkpt>
<trkpt lon="-6.168266" lat="43.538984"><ele>258.25</ele></trkpt>
<trkpt lon="-6.168460" lat="43.539107"><ele>258.5</ele></trkpt>
<trkpt lon="-6.168685" lat="43.539116"><ele>258.5</ele></trkpt>
<trkpt lon="-6.169528" lat="43.539441"><ele>261.25</ele></trkpt>
<trkpt lon="-6.170105" lat="43.539752"><ele>259.75</ele></trkpt>
<trkpt lon="-6.170456" lat="43.540222"><ele>256.25</ele></trkpt>
<trkpt lon="-6.170519" lat="43.540495"><ele>257.25</ele></trkpt>
<trkpt lon="-6.171276" lat="43.540711"><ele>248.5</ele></trkpt>
<trkpt lon="-6.171634" lat="43.540738"><ele>244.0</ele></trkpt>
<trkpt lon="-6.171988" lat="43.540908"><ele>243.0</ele></trkpt>
<trkpt lon="-6.172387" lat="43.541192"><ele>240.5</ele></trkpt>
<trkpt lon="-6.172752" lat="43.541233"><ele>237.0</ele></trkpt>
<trkpt lon="-6.172984" lat="43.541300"><ele>235.5</ele></trkpt>
<trkpt lon="-6.173087" lat="43.541254"><ele>233.5</ele></trkpt>
<trkpt lon="-6.173304" lat="43.540865"><ele>229.0</ele></trkpt>
<trkpt lon="-6.173622" lat="43.540714"><ele>227.75</ele></trkpt>
<trkpt lon="-6.173661" lat="43.540594"><ele>225.0</ele></trkpt>
<trkpt lon="-6.173654" lat="43.540485"><ele>223.25</ele></trkpt>
<trkpt lon="-6.173538" lat="43.540311"><ele>219.0</ele></trkpt>
<trkpt lon="-6.173524" lat="43.540227"><ele>216.75</ele></trkpt>
<trkpt lon="-6.173576" lat="43.540076"><ele>214.75</ele></trkpt>
<trkpt lon="-6.174080" lat="43.539500"><ele>204.75</ele></trkpt>
<trkpt lon="-6.174488" lat="43.539130"><ele>196.5</ele></trkpt>
<trkpt lon="-6.174646" lat="43.539028"><ele>193.25</ele></trkpt>
<trkpt lon="-6.174865" lat="43.539023"><ele>192.75</ele></trkpt>
<trkpt lon="-6.175076" lat="43.539076"><ele>191.5</ele></trkpt>
<trkpt lon="-6.175259" lat="43.539135"><ele>189.25</ele></trkpt>
<trkpt lon="-6.175530" lat="43.539357"><ele>187.75</ele></trkpt>
<trkpt lon="-6.175706" lat="43.539428"><ele>185.75</ele></trkpt>
<trkpt lon="-6.176368" lat="43.539433"><ele>179.25</ele></trkpt>
<trkpt lon="-6.176927" lat="43.539372"><ele>172.5</ele></trkpt>
<trkpt lon="-6.177533" lat="43.539257"><ele>164.25</ele></trkpt>
<trkpt lon="-6.177843" lat="43.539242"><ele>161.5</ele></trkpt>
<trkpt lon="-6.178036" lat="43.539288"><ele>160.75</ele></trkpt>
<trkpt lon="-6.178184" lat="43.539390"><ele>158.75</ele></trkpt>
<trkpt lon="-6.178328" lat="43.539548"><ele>158.0</ele></trkpt>
<trkpt lon="-6.178624" lat="43.539755"><ele>153.75</ele></trkpt>
<trkpt lon="-6.179159" lat="43.540087"><ele>146.75</ele></trkpt>
<trkpt lon="-6.179342" lat="43.540283"><ele>144.25</ele></trkpt>
<trkpt lon="-6.179384" lat="43.540444"><ele>141.25</ele></trkpt>
<trkpt lon="-6.179381" lat="43.540852"><ele>137.25</ele></trkpt>
<trkpt lon="-6.179416" lat="43.541008"><ele>136.0</ele></trkpt>
<trkpt lon="-6.179572" lat="43.541229"><ele>128.75</ele></trkpt>
<trkpt lon="-6.179612" lat="43.541328"><ele>127.0</ele></trkpt>
<trkpt lon="-6.179607" lat="43.541457"><ele>126.75</ele></trkpt>
<trkpt lon="-6.179634" lat="43.541584"><ele>123.75</ele></trkpt>
<trkpt lon="-6.179641" lat="43.541674"><ele>122.0</ele></trkpt>
<trkpt lon="-6.179564" lat="43.541774"><ele>122.25</ele></trkpt>
<trkpt lon="-6.179486" lat="43.541950"><ele>119.0</ele></trkpt>
<trkpt lon="-6.179369" lat="43.542128"><ele>121.5</ele></trkpt>
<trkpt lon="-6.179353" lat="43.542189"><ele>120.5</ele></trkpt>
<trkpt lon="-6.179389" lat="43.542258"><ele>120.0</ele></trkpt>
<trkpt lon="-6.179458" lat="43.542310"><ele>120.0</ele></trkpt>
<trkpt lon="-6.179650" lat="43.542382"><ele>118.5</ele></trkpt>
<trkpt lon="-6.180001" lat="43.542440"><ele>111.75</ele></trkpt>
<trkpt lon="-6.180123" lat="43.542552"><ele>112.75</ele></trkpt>
<trkpt lon="-6.180403" lat="43.542731"><ele>109.75</ele></trkpt>
<trkpt lon="-6.180534" lat="43.542789"><ele>109.5</ele></trkpt>
<trkpt lon="-6.180636" lat="43.542805"><ele>109.75</ele></trkpt>
<trkpt lon="-6.180769" lat="43.542779"><ele>107.25</ele></trkpt>
<trkpt lon="-6.181023" lat="43.542761"><ele>106.75</ele></trkpt>
<trkpt lon="-6.181271" lat="43.542778"><ele>106.0</ele></trkpt>
<trkpt lon="-6.181390" lat="43.542844"><ele>105.75</ele></trkpt>
<trkpt lon="-6.181591" lat="43.543093"><ele>105.25</ele></trkpt>
<trkpt lon="-6.181946" lat="43.543307"><ele>102.0</ele></trkpt>
<trkpt lon="-6.182281" lat="43.543475"><ele>100.0</ele></trkpt>
<trkpt lon="-6.182608" lat="43.543560"><ele>96.5</ele></trkpt>
<trkpt lon="-6.182829" lat="43.543572"><ele>94.5</ele></trkpt>
<trkpt lon="-6.183081" lat="43.543594"><ele>92.75</ele></trkpt>
<trkpt lon="-6.183253" lat="43.543650"><ele>92.0</ele></trkpt>
<trkpt lon="-6.183436" lat="43.543760"><ele>90.25</ele></trkpt>
<trkpt lon="-6.183897" lat="43.544132"><ele>84.75</ele></trkpt>
<trkpt lon="-6.184144" lat="43.544300"><ele>85.0</ele></trkpt>
<trkpt lon="-6.184447" lat="43.544383"><ele>79.5</ele></trkpt>
<trkpt lon="-6.184970" lat="43.544480"><ele>72.25</ele></trkpt>
<trkpt lon="-6.185382" lat="43.544520"><ele>66.0</ele></trkpt>
<trkpt lon="-6.185467" lat="43.544575"><ele>65.0</ele></trkpt>
<trkpt lon="-6.185467" lat="43.544649"><ele>66.0</ele></trkpt>
<trkpt lon="-6.185061" lat="43.545270"><ele>54.0</ele></trkpt>
<trkpt lon="-6.184895" lat="43.545490"><ele>50.25</ele></trkpt>
<trkpt lon="-6.184933" lat="43.545567"><ele>47.25</ele></trkpt>
<trkpt lon="-6.185047" lat="43.545597"><ele>46.75</ele></trkpt>
<trkpt lon="-6.185167" lat="43.545592"><ele>44.25</ele></trkpt>
<trkpt lon="-6.185234" lat="43.545552"><ele>41.75</ele></trkpt>
<trkpt lon="-6.185344" lat="43.545415"><ele>41.5</ele></trkpt>
<trkpt lon="-6.185514" lat="43.545285"><ele>36.5</ele></trkpt>
<trkpt lon="-6.185615" lat="43.545261"><ele>35.5</ele></trkpt>
<trkpt lon="-6.185591" lat="43.545329"><ele>35.0</ele></trkpt>
<trkpt lon="-6.185593" lat="43.545469"><ele>35.25</ele></trkpt>
<trkpt lon="-6.185634" lat="43.545629"><ele>36.5</ele></trkpt>
<trkpt lon="-6.185860" lat="43.546044"><ele>34.75</ele></trkpt>
<trkpt lon="-6.185921" lat="43.546300"><ele>35.75</ele></trkpt>
<trkpt lon="-6.186027" lat="43.546644"><ele>36.5</ele></trkpt>
<trkpt lon="-6.186254" lat="43.547007"><ele>34.25</ele></trkpt>
<trkpt lon="-6.186436" lat="43.547391"><ele>31.75</ele></trkpt>
<trkpt lon="-6.186527" lat="43.547927"><ele>32.5</ele></trkpt>
<trkpt lon="-6.186580" lat="43.548083"><ele>31.5</ele></trkpt>
<trkpt lon="-6.187349" lat="43.549341"><ele>28.0</ele></trkpt>
<trkpt lon="-6.187948" lat="43.550876"><ele>25.0</ele></trkpt>
<trkpt lon="-6.188051" lat="43.551083"><ele>23.0</ele></trkpt>
<trkpt lon="-6.188153" lat="43.551046"><ele>22.75</ele></trkpt>
<trkpt lon="-6.188274" lat="43.550964"><ele>22.0</ele></trkpt>
<trkpt lon="-6.188364" lat="43.550892"><ele>21.25</ele></trkpt>
<trkpt lon="-6.188435" lat="43.550847"><ele>20.5</ele></trkpt>
<trkpt lon="-6.188513" lat="43.550839"><ele>20.25</ele></trkpt>
<trkpt lon="-6.188680" lat="43.550872"><ele>21.0</ele></trkpt>
<trkpt lon="-6.188823" lat="43.551033"><ele>21.0</ele></trkpt>
<trkpt lon="-6.188936" lat="43.551097"><ele>20.5</ele></trkpt>
<trkpt lon="-6.189129" lat="43.551129"><ele>20.75</ele></trkpt>
<trkpt lon="-6.189449" lat="43.551118"><ele>20.75</ele></trkpt>
<trkpt lon="-6.190146" lat="43.551062"><ele>20.5</ele></trkpt>
<trkpt lon="-6.190850" lat="43.551068"><ele>20.0</ele></trkpt>
<trkpt lon="-6.191471" lat="43.551110"><ele>22.75</ele></trkpt>
<trkpt lon="-6.191969" lat="43.551194"><ele>25.25</ele></trkpt>
<trkpt lon="-6.192459" lat="43.551344"><ele>26.25</ele></trkpt>
<trkpt lon="-6.192702" lat="43.551493"><ele>29.5</ele></trkpt>
<trkpt lon="-6.192799" lat="43.551666"><ele>25.75</ele></trkpt>
<trkpt lon="-6.192883" lat="43.551906"><ele>24.5</ele></trkpt>
<trkpt lon="-6.193148" lat="43.552357"><ele>23.25</ele></trkpt>
<trkpt lon="-6.193191" lat="43.552443"><ele>23.75</ele></trkpt>
<trkpt lon="-6.193212" lat="43.552660"><ele>21.5</ele></trkpt>
<trkpt lon="-6.193237" lat="43.552752"><ele>20.5</ele></trkpt>
<trkpt lon="-6.193435" lat="43.552663"><ele>22.75</ele></trkpt>
<trkpt lon="-6.193849" lat="43.552507"><ele>21.5</ele></trkpt>
<trkpt lon="-6.194091" lat="43.552433"><ele>21.5</ele></trkpt>
<trkpt lon="-6.194372" lat="43.552364"><ele>20.75</ele></trkpt>
<trkpt lon="-6.194770" lat="43.552384"><ele>16.75</ele></trkpt>
<trkpt lon="-6.194887" lat="43.552354"><ele>17.0</ele></trkpt>
<trkpt lon="-6.195163" lat="43.552284"><ele>16.5</ele></trkpt>
<trkpt lon="-6.195364" lat="43.552200"><ele>16.25</ele></trkpt>
<trkpt lon="-6.195522" lat="43.552157"><ele>16.5</ele></trkpt>
<trkpt lon="-6.195732" lat="43.552109"><ele>16.5</ele></trkpt>
<trkpt lon="-6.195785" lat="43.552037"><ele>16.75</ele></trkpt>
<trkpt lon="-6.196000" lat="43.551674"><ele>20.75</ele></trkpt>
<trkpt lon="-6.196215" lat="43.551528"><ele>22.25</ele></trkpt>
<trkpt lon="-6.196560" lat="43.551327"><ele>23.25</ele></trkpt>
<trkpt lon="-6.197059" lat="43.551147"><ele>22.5</ele></trkpt>
<trkpt lon="-6.197614" lat="43.550981"><ele>24.0</ele></trkpt>
<trkpt lon="-6.198288" lat="43.550859"><ele>23.0</ele></trkpt>
<trkpt lon="-6.198813" lat="43.550799"><ele>22.75</ele></trkpt>
<trkpt lon="-6.199312" lat="43.550694"><ele>23.75</ele></trkpt>
<trkpt lon="-6.199382" lat="43.550626"><ele>24.0</ele></trkpt>
<trkpt lon="-6.199460" lat="43.550437"><ele>25.5</ele></trkpt>
<trkpt lon="-6.199537" lat="43.550280"><ele>26.75</ele></trkpt>
<trkpt lon="-6.199655" lat="43.550206"><ele>27.5</ele></trkpt>
<trkpt lon="-6.199847" lat="43.550149"><ele>27.5</ele></trkpt>
<trkpt lon="-6.200707" lat="43.549934"><ele>28.0</ele></trkpt>
<trkpt lon="-6.201265" lat="43.549739"><ele>28.75</ele></trkpt>
<trkpt lon="-6.201780" lat="43.549399"><ele>35.0</ele></trkpt>
<trkpt lon="-6.201831" lat="43.549376"><ele>35.25</ele></trkpt>
<trkpt lon="-6.201930" lat="43.549344"><ele>36.0</ele></trkpt>
<trkpt lon="-6.202370" lat="43.549337"><ele>35.75</ele></trkpt>
<trkpt lon="-6.202724" lat="43.549265"><ele>36.25</ele></trkpt>
<trkpt lon="-6.203175" lat="43.549067"><ele>40.25</ele></trkpt>
<trkpt lon="-6.203832" lat="43.548666"><ele>44.75</ele></trkpt>
<trkpt lon="-6.204207" lat="43.548489"><ele>39.75</ele></trkpt>
<trkpt lon="-6.204259" lat="43.548478"><ele>39.25</ele></trkpt>
<trkpt lon="-6.204711" lat="43.548380"><ele>35.75</ele></trkpt>
<trkpt lon="-6.205033" lat="43.548227"><ele>35.25</ele></trkpt>
<trkpt lon="-6.205361" lat="43.548087"><ele>33.25</ele></trkpt>
<trkpt lon="-6.205676" lat="43.548018"><ele>32.25</ele></trkpt>
<trkpt lon="-6.205628" lat="43.547795"><ele>33.75</ele></trkpt>
<trkpt lon="-6.205617" lat="43.547629"><ele>34.75</ele></trkpt>
<trkpt lon="-6.205634" lat="43.547556"><ele>34.75</ele></trkpt>
<trkpt lon="-6.205704" lat="43.547523"><ele>34.25</ele></trkpt>
<trkpt lon="-6.205992" lat="43.547446"><ele>35.5</ele></trkpt>
<trkpt lon="-6.206132" lat="43.547385"><ele>37.0</ele></trkpt>
<trkpt lon="-6.206435" lat="43.547040"><ele>40.25</ele></trkpt>
<trkpt lon="-6.206524" lat="43.546939"><ele>41.0</ele></trkpt>
<trkpt lon="-6.207034" lat="43.546598"><ele>44.25</ele></trkpt>
<trkpt lon="-6.207232" lat="43.546452"><ele>46.25</ele></trkpt>
<trkpt lon="-6.207395" lat="43.546352"><ele>48.25</ele></trkpt>
<trkpt lon="-6.208126" lat="43.546206"><ele>48.25</ele></trkpt>
<trkpt lon="-6.208428" lat="43.546006"><ele>45.75</ele></trkpt>
<trkpt lon="-6.208685" lat="43.545787"><ele>41.75</ele></trkpt>
<trkpt lon="-6.209028" lat="43.545512"><ele>43.0</ele></trkpt>
<trkpt lon="-6.209266" lat="43.545288"><ele>40.25</ele></trkpt>
<trkpt lon="-6.209407" lat="43.544999"><ele>41.5</ele></trkpt>
<trkpt lon="-6.209526" lat="43.544812"><ele>43.25</ele></trkpt>
<trkpt lon="-6.209801" lat="43.544562"><ele>42.25</ele></trkpt>
<trkpt lon="-6.209894" lat="43.544412"><ele>43.0</ele></trkpt>
<trkpt lon="-6.209855" lat="43.544235"><ele>47.25</ele></trkpt>
<trkpt lon="-6.209971" lat="43.544055"><ele>48.5</ele></trkpt>
<trkpt lon="-6.210118" lat="43.543771"><ele>53.25</ele></trkpt>
<trkpt lon="-6.210362" lat="43.543533"><ele>56.25</ele></trkpt>
<trkpt lon="-6.210538" lat="43.543488"><ele>56.25</ele></trkpt>
<trkpt lon="-6.211295" lat="43.543373"><ele>54.25</ele></trkpt>
<trkpt lon="-6.211621" lat="43.543330"><ele>53.25</ele></trkpt>
<trkpt lon="-6.211737" lat="43.543370"><ele>52.0</ele></trkpt>
<trkpt lon="-6.211819" lat="43.543467"><ele>48.5</ele></trkpt>
<trkpt lon="-6.212042" lat="43.543520"><ele>47.5</ele></trkpt>
<trkpt lon="-6.212492" lat="43.543675"><ele>50.75</ele></trkpt>
<trkpt lon="-6.212621" lat="43.543759"><ele>49.0</ele></trkpt>
<trkpt lon="-6.212763" lat="43.543821"><ele>47.75</ele></trkpt>
<trkpt lon="-6.213108" lat="43.544022"><ele>46.75</ele></trkpt>
<trkpt lon="-6.213263" lat="43.544096"><ele>46.5</ele></trkpt>
<trkpt lon="-6.213326" lat="43.544109"><ele>46.5</ele></trkpt>
<trkpt lon="-6.213426" lat="43.544100"><ele>46.5</ele></trkpt>
<trkpt lon="-6.213460" lat="43.544082"><ele>46.75</ele></trkpt>
<trkpt lon="-6.213595" lat="43.544047"><ele>47.5</ele></trkpt>
<trkpt lon="-6.213737" lat="43.543993"><ele>48.75</ele></trkpt>
<trkpt lon="-6.213875" lat="43.543931"><ele>50.75</ele></trkpt>
<trkpt lon="-6.213983" lat="43.543836"><ele>51.25</ele></trkpt>
<trkpt lon="-6.214110" lat="43.543757"><ele>50.75</ele></trkpt>
<trkpt lon="-6.214129" lat="43.543657"><ele>52.5</ele></trkpt>
<trkpt lon="-6.214091" lat="43.543549"><ele>55.75</ele></trkpt>
<trkpt lon="-6.214047" lat="43.543354"><ele>61.25</ele></trkpt>
<trkpt lon="-6.213983" lat="43.543235"><ele>64.0</ele></trkpt>
<trkpt lon="-6.213811" lat="43.543024"><ele>66.25</ele></trkpt>
<trkpt lon="-6.213766" lat="43.542836"><ele>67.5</ele></trkpt>
<trkpt lon="-6.214035" lat="43.542668"><ele>68.5</ele></trkpt>
<trkpt lon="-6.214543" lat="43.542373"><ele>66.5</ele></trkpt>
<trkpt lon="-6.215021" lat="43.542192"><ele>64.75</ele></trkpt>
<trkpt lon="-6.215124" lat="43.542117"><ele>64.25</ele></trkpt>
<trkpt lon="-6.215217" lat="43.542067"><ele>63.75</ele></trkpt>
<trkpt lon="-6.215230" lat="43.542028"><ele>64.0</ele></trkpt>
<trkpt lon="-6.215213" lat="43.541976"><ele>64.25</ele></trkpt>
<trkpt lon="-6.215130" lat="43.541891"><ele>66.5</ele></trkpt>
<trkpt lon="-6.215071" lat="43.541844"><ele>68.5</ele></trkpt>
<trkpt lon="-6.215108" lat="43.541761"><ele>70.5</ele></trkpt>
<trkpt lon="-6.215310" lat="43.541657"><ele>70.5</ele></trkpt>
<trkpt lon="-6.215577" lat="43.541497"><ele>69.25</ele></trkpt>
<trkpt lon="-6.215765" lat="43.541372"><ele>70.0</ele></trkpt>
<trkpt lon="-6.215814" lat="43.541287"><ele>70.5</ele></trkpt>
<trkpt lon="-6.215850" lat="43.541167"><ele>72.0</ele></trkpt>
<trkpt lon="-6.215876" lat="43.541037"><ele>73.25</ele></trkpt>
<trkpt lon="-6.215925" lat="43.540936"><ele>73.75</ele></trkpt>
<trkpt lon="-6.216006" lat="43.540856"><ele>73.75</ele></trkpt>
<trkpt lon="-6.216172" lat="43.540771"><ele>73.75</ele></trkpt>
<trkpt lon="-6.216510" lat="43.540665"><ele>74.75</ele></trkpt>
<trkpt lon="-6.217118" lat="43.540419"><ele>76.25</ele></trkpt>
<trkpt lon="-6.217359" lat="43.540335"><ele>77.0</ele></trkpt>
<trkpt lon="-6.217736" lat="43.540302"><ele>79.25</ele></trkpt>
<trkpt lon="-6.217855" lat="43.540281"><ele>79.25</ele></trkpt>
<trkpt lon="-6.217950" lat="43.540314"><ele>78.25</ele></trkpt>
<trkpt lon="-6.218164" lat="43.540346"><ele>75.25</ele></trkpt>
<trkpt lon="-6.218280" lat="43.540373"><ele>73.5</ele></trkpt>
<trkpt lon="-6.218393" lat="43.540419"><ele>72.25</ele></trkpt>
<trkpt lon="-6.218549" lat="43.540521"><ele>72.25</ele></trkpt>
<trkpt lon="-6.218925" lat="43.540815"><ele>68.0</ele></trkpt>
<trkpt lon="-6.219001" lat="43.540881"><ele>66.0</ele></trkpt>
<trkpt lon="-6.219056" lat="43.540970"><ele>63.5</ele></trkpt>
<trkpt lon="-6.219096" lat="43.541015"><ele>62.5</ele></trkpt>
<trkpt lon="-6.219136" lat="43.541034"><ele>62.0</ele></trkpt>
<trkpt lon="-6.219199" lat="43.541041"><ele>61.0</ele></trkpt>
<trkpt lon="-6.219254" lat="43.541039"><ele>60.0</ele></trkpt>
<trkpt lon="-6.219304" lat="43.541006"><ele>59.25</ele></trkpt>
<trkpt lon="-6.219337" lat="43.540968"><ele>59.0</ele></trkpt>
<trkpt lon="-6.219372" lat="43.540850"><ele>59.25</ele></trkpt>
<trkpt lon="-6.219402" lat="43.540819"><ele>59.0</ele></trkpt>
<trkpt lon="-6.219455" lat="43.540795"><ele>58.25</ele></trkpt>
<trkpt lon="-6.219496" lat="43.540788"><ele>58.0</ele></trkpt>
<trkpt lon="-6.219520" lat="43.540829"><ele>57.25</ele></trkpt>
<trkpt lon="-6.219857" lat="43.541050"><ele>54.5</ele></trkpt>
<trkpt lon="-6.219985" lat="43.541073"><ele>54.75</ele></trkpt>
<trkpt lon="-6.220196" lat="43.541050"><ele>55.0</ele></trkpt>
<trkpt lon="-6.220491" lat="43.541113"><ele>58.0</ele></trkpt>
<trkpt lon="-6.220568" lat="43.541176"><ele>59.5</ele></trkpt>
<trkpt lon="-6.220722" lat="43.541617"><ele>65.75</ele></trkpt>
<trkpt lon="-6.220603" lat="43.542537"><ele>72.75</ele></trkpt>
<trkpt lon="-6.220714" lat="43.542640"><ele>73.0</ele></trkpt>
<trkpt lon="-6.221400" lat="43.542898"><ele>83.75</ele></trkpt>
<trkpt lon="-6.221787" lat="43.543073"><ele>86.25</ele></trkpt>
<trkpt lon="-6.222023" lat="43.543133"><ele>89.75</ele></trkpt>
<trkpt lon="-6.222341" lat="43.543204"><ele>93.25</ele></trkpt>
<trkpt lon="-6.222696" lat="43.543235"><ele>97.0</ele></trkpt>
<trkpt lon="-6.222828" lat="43.543222"><ele>98.5</ele></trkpt>
<trkpt lon="-6.223090" lat="43.543145"><ele>100.5</ele></trkpt>
<trkpt lon="-6.223353" lat="43.543058"><ele>100.75</ele></trkpt>
<trkpt lon="-6.223633" lat="43.543112"><ele>99.25</ele></trkpt>
<trkpt lon="-6.223699" lat="43.543130"><ele>98.75</ele></trkpt>
<trkpt lon="-6.223789" lat="43.542949"><ele>99.25</ele></trkpt>
<trkpt lon="-6.224150" lat="43.542530"><ele>98.0</ele></trkpt>
<trkpt lon="-6.224336" lat="43.542473"><ele>95.75</ele></trkpt>
<trkpt lon="-6.224827" lat="43.542370"><ele>91.5</ele></trkpt>
<trkpt lon="-6.224957" lat="43.542300"><ele>91.0</ele></trkpt>
<trkpt lon="-6.225129" lat="43.542227"><ele>89.5</ele></trkpt>
<trkpt lon="-6.225305" lat="43.542171"><ele>87.75</ele></trkpt>
<trkpt lon="-6.225416" lat="43.542145"><ele>86.75</ele></trkpt>
<trkpt lon="-6.225590" lat="43.542093"><ele>85.5</ele></trkpt>
<trkpt lon="-6.225926" lat="43.541978"><ele>84.5</ele></trkpt>
<trkpt lon="-6.226077" lat="43.541911"><ele>83.75</ele></trkpt>
<trkpt lon="-6.226162" lat="43.541852"><ele>84.0</ele></trkpt>
<trkpt lon="-6.226308" lat="43.541812"><ele>83.75</ele></trkpt>
<trkpt lon="-6.226284" lat="43.541680"><ele>85.0</ele></trkpt>
<trkpt lon="-6.226531" lat="43.541423"><ele>87.75</ele></trkpt>
<trkpt lon="-6.227340" lat="43.540920"><ele>92.75</ele></trkpt>
<trkpt lon="-6.227464" lat="43.540833"><ele>94.0</ele></trkpt>
<trkpt lon="-6.227520" lat="43.540759"><ele>96.5</ele></trkpt>
<trkpt lon="-6.227881" lat="43.540618"><ele>97.5</ele></trkpt>
<trkpt lon="-6.227956" lat="43.540524"><ele>98.75</ele></trkpt>
<trkpt lon="-6.228298" lat="43.540238"><ele>101.25</ele></trkpt>
<trkpt lon="-6.228449" lat="43.540189"><ele>102.25</ele></trkpt>
<trkpt lon="-6.228566" lat="43.540164"><ele>102.25</ele></trkpt>
<trkpt lon="-6.228754" lat="43.540178"><ele>101.75</ele></trkpt>
<trkpt lon="-6.228888" lat="43.540221"><ele>101.25</ele></trkpt>
<trkpt lon="-6.229196" lat="43.540389"><ele>103.5</ele></trkpt>
<trkpt lon="-6.229357" lat="43.540467"><ele>105.0</ele></trkpt>
<trkpt lon="-6.229499" lat="43.540479"><ele>106.25</ele></trkpt>
<trkpt lon="-6.229594" lat="43.540473"><ele>107.25</ele></trkpt>
<trkpt lon="-6.229846" lat="43.540457"><ele>109.0</ele></trkpt>
<trkpt lon="-6.230071" lat="43.540451"><ele>109.5</ele></trkpt>
<trkpt lon="-6.230714" lat="43.540547"><ele>104.0</ele></trkpt>
<trkpt lon="-6.230726" lat="43.540571"><ele>103.25</ele></trkpt>
<trkpt lon="-6.230723" lat="43.540594"><ele>103.0</ele></trkpt>
<trkpt lon="-6.230553" lat="43.540747"><ele>101.5</ele></trkpt>
<trkpt lon="-6.230488" lat="43.540826"><ele>100.25</ele></trkpt>
<trkpt lon="-6.230490" lat="43.540898"><ele>98.25</ele></trkpt>
<trkpt lon="-6.230365" lat="43.541048"><ele>95.5</ele></trkpt>
<trkpt lon="-6.230250" lat="43.541092"><ele>95.5</ele></trkpt>
<trkpt lon="-6.230493" lat="43.541102"><ele>92.75</ele></trkpt>
<trkpt lon="-6.230808" lat="43.541091"><ele>90.75</ele></trkpt>
<trkpt lon="-6.231073" lat="43.541151"><ele>88.25</ele></trkpt>
<trkpt lon="-6.231374" lat="43.541315"><ele>84.0</ele></trkpt>
<trkpt lon="-6.231591" lat="43.541504"><ele>81.75</ele></trkpt>
<trkpt lon="-6.231742" lat="43.541649"><ele>78.0</ele></trkpt>
<trkpt lon="-6.231987" lat="43.541866"><ele>74.75</ele></trkpt>
<trkpt lon="-6.232175" lat="43.541939"><ele>73.75</ele></trkpt>
<trkpt lon="-6.232427" lat="43.541995"><ele>73.75</ele></trkpt>
<trkpt lon="-6.232567" lat="43.541992"><ele>75.0</ele></trkpt>
<trkpt lon="-6.232701" lat="43.541900"><ele>79.0</ele></trkpt>
<trkpt lon="-6.232922" lat="43.541867"><ele>82.0</ele></trkpt>
<trkpt lon="-6.233113" lat="43.541881"><ele>84.0</ele></trkpt>
<trkpt lon="-6.233317" lat="43.541963"><ele>86.0</ele></trkpt>
<trkpt lon="-6.233510" lat="43.542003"><ele>88.25</ele></trkpt>
<trkpt lon="-6.233566" lat="43.542049"><ele>88.25</ele></trkpt>
<trkpt lon="-6.233988" lat="43.542237"><ele>89.25</ele></trkpt>
<trkpt lon="-6.234353" lat="43.542371"><ele>89.5</ele></trkpt>
<trkpt lon="-6.234544" lat="43.542400"><ele>89.5</ele></trkpt>
<trkpt lon="-6.234653" lat="43.542417"><ele>89.25</ele></trkpt>
<trkpt lon="-6.235295" lat="43.542447"><ele>89.5</ele></trkpt>
<trkpt lon="-6.235562" lat="43.542513"><ele>87.5</ele></trkpt>
<trkpt lon="-6.236022" lat="43.542692"><ele>81.75</ele></trkpt>
<trkpt lon="-6.236265" lat="43.542743"><ele>79.5</ele></trkpt>
<trkpt lon="-6.236508" lat="43.542734"><ele>78.75</ele></trkpt>
<trkpt lon="-6.236706" lat="43.542702"><ele>78.75</ele></trkpt>
<trkpt lon="-6.237489" lat="43.542726"><ele>77.0</ele></trkpt>
<trkpt lon="-6.237795" lat="43.542726"><ele>76.0</ele></trkpt>
<trkpt lon="-6.238035" lat="43.542767"><ele>76.0</ele></trkpt>
<trkpt lon="-6.238223" lat="43.542899"><ele>75.75</ele></trkpt>
<trkpt lon="-6.238378" lat="43.543038"><ele>75.5</ele></trkpt>
<trkpt lon="-6.238578" lat="43.543115"><ele>75.5</ele></trkpt>
<trkpt lon="-6.238853" lat="43.543154"><ele>74.5</ele></trkpt>
<trkpt lon="-6.238893" lat="43.543209"><ele>73.0</ele></trkpt>
<trkpt lon="-6.238940" lat="43.543240"><ele>72.25</ele></trkpt>
<trkpt lon="-6.239143" lat="43.543280"><ele>70.75</ele></trkpt>
<trkpt lon="-6.239346" lat="43.543339"><ele>69.5</ele></trkpt>
<trkpt lon="-6.239468" lat="43.543354"><ele>69.25</ele></trkpt>
<trkpt lon="-6.239590" lat="43.543354"><ele>68.25</ele></trkpt>
<trkpt lon="-6.239810" lat="43.543330"><ele>67.25</ele></trkpt>
<trkpt lon="-6.240066" lat="43.543274"><ele>67.75</ele></trkpt>
<trkpt lon="-6.240379" lat="43.543274"><ele>67.25</ele></trkpt>
<trkpt lon="-6.240473" lat="43.543280"><ele>67.5</ele></trkpt>
<trkpt lon="-6.240542" lat="43.543301"><ele>67.5</ele></trkpt>
<trkpt lon="-6.240908" lat="43.543569"><ele>70.75</ele></trkpt>
<trkpt lon="-6.241160" lat="43.543672"><ele>75.5</ele></trkpt>
<trkpt lon="-6.241383" lat="43.543743"><ele>78.25</ele></trkpt>
<trkpt lon="-6.241599" lat="43.543855"><ele>78.75</ele></trkpt>
<trkpt lon="-6.241668" lat="43.543876"><ele>79.0</ele></trkpt>
<trkpt lon="-6.241806" lat="43.544115"><ele>78.25</ele></trkpt>
<trkpt lon="-6.241891" lat="43.544251"><ele>77.0</ele></trkpt>
<trkpt lon="-6.241936" lat="43.544281"><ele>76.75</ele></trkpt>
<trkpt lon="-6.242097" lat="43.544335"><ele>75.25</ele></trkpt>
<trkpt lon="-6.242213" lat="43.544352"><ele>74.25</ele></trkpt>
<trkpt lon="-6.242307" lat="43.544356"><ele>73.5</ele></trkpt>
<trkpt lon="-6.242303" lat="43.544471"><ele>72.0</ele></trkpt>
<trkpt lon="-6.242234" lat="43.544734"><ele>68.5</ele></trkpt>
<trkpt lon="-6.242183" lat="43.544794"><ele>67.5</ele></trkpt>
<trkpt lon="-6.242129" lat="43.544833"><ele>67.0</ele></trkpt>
<trkpt lon="-6.242051" lat="43.544868"><ele>66.75</ele></trkpt>
<trkpt lon="-6.241930" lat="43.544905"><ele>66.5</ele></trkpt>
<trkpt lon="-6.241885" lat="43.544930"><ele>66.0</ele></trkpt>
<trkpt lon="-6.241871" lat="43.544961"><ele>65.5</ele></trkpt>
<trkpt lon="-6.241866" lat="43.545011"><ele>64.5</ele></trkpt>
<trkpt lon="-6.241863" lat="43.545100"><ele>64.0</ele></trkpt>
<trkpt lon="-6.241847" lat="43.545165"><ele>63.5</ele></trkpt>
<trkpt lon="-6.241834" lat="43.545229"><ele>63.25</ele></trkpt>
<trkpt lon="-6.241839" lat="43.545301"><ele>62.75</ele></trkpt>
<trkpt lon="-6.241866" lat="43.545365"><ele>62.0</ele></trkpt>
<trkpt lon="-6.241912" lat="43.545410"><ele>61.5</ele></trkpt>
<trkpt lon="-6.241998" lat="43.545466"><ele>60.5</ele></trkpt>
<trkpt lon="-6.242097" lat="43.545503"><ele>59.75</ele></trkpt>
<trkpt lon="-6.242304" lat="43.545558"><ele>58.5</ele></trkpt>
<trkpt lon="-6.242502" lat="43.545600"><ele>57.75</ele></trkpt>
<trkpt lon="-6.242564" lat="43.545635"><ele>57.25</ele></trkpt>
<trkpt lon="-6.242784" lat="43.545876"><ele>55.75</ele></trkpt>
<trkpt lon="-6.242843" lat="43.545923"><ele>55.5</ele></trkpt>
<trkpt lon="-6.242907" lat="43.545956"><ele>55.25</ele></trkpt>
<trkpt lon="-6.243149" lat="43.546003"><ele>54.75</ele></trkpt>
<trkpt lon="-6.243272" lat="43.546038"><ele>54.5</ele></trkpt>
<trkpt lon="-6.243696" lat="43.546359"><ele>53.25</ele></trkpt>
<trkpt lon="-6.243943" lat="43.546522"><ele>53.0</ele></trkpt>
<trkpt lon="-6.244198" lat="43.546656"><ele>50.75</ele></trkpt>
<trkpt lon="-6.244273" lat="43.546812"><ele>48.75</ele></trkpt>
<trkpt lon="-6.244302" lat="43.546907"><ele>47.75</ele></trkpt>
<trkpt lon="-6.244308" lat="43.546983"><ele>47.0</ele></trkpt>
<trkpt lon="-6.244286" lat="43.547132"><ele>45.75</ele></trkpt>
<trkpt lon="-6.244246" lat="43.547288"><ele>42.5</ele></trkpt>
<trkpt lon="-6.244243" lat="43.547331"><ele>41.0</ele></trkpt>
<trkpt lon="-6.244257" lat="43.547358"><ele>40.25</ele></trkpt>
<trkpt lon="-6.244544" lat="43.547490"><ele>40.5</ele></trkpt>
<trkpt lon="-6.244667" lat="43.547578"><ele>39.5</ele></trkpt>
<trkpt lon="-6.244906" lat="43.547767"><ele>35.75</ele></trkpt>
<trkpt lon="-6.245123" lat="43.547882"><ele>34.5</ele></trkpt>
<trkpt lon="-6.245137" lat="43.548032"><ele>31.75</ele></trkpt>
<trkpt lon="-6.245109" lat="43.548181"><ele>30.75</ele></trkpt>
<trkpt lon="-6.245034" lat="43.548361"><ele>30.0</ele></trkpt>
<trkpt lon="-6.245048" lat="43.548469"><ele>29.5</ele></trkpt>
<trkpt lon="-6.245207" lat="43.548720"><ele>29.25</ele></trkpt>
<trkpt lon="-6.245291" lat="43.548882"><ele>29.0</ele></trkpt>
<trkpt lon="-6.245254" lat="43.548950"><ele>29.0</ele></trkpt>
<trkpt lon="-6.245127" lat="43.548990"><ele>29.0</ele></trkpt>
<trkpt lon="-6.244642" lat="43.549193"><ele>28.5</ele></trkpt>
<trkpt lon="-6.244418" lat="43.549339"><ele>28.0</ele></trkpt>
<trkpt lon="-6.244025" lat="43.549688"><ele>27.5</ele></trkpt>
<trkpt lon="-6.243797" lat="43.549874"><ele>27.0</ele></trkpt>
<trkpt lon="-6.243297" lat="43.550236"><ele>26.75</ele></trkpt>
<trkpt lon="-6.243091" lat="43.550402"><ele>26.0</ele></trkpt>
<trkpt lon="-6.242979" lat="43.550547"><ele>26.0</ele></trkpt>
<trkpt lon="-6.242937" lat="43.550717"><ele>26.0</ele></trkpt>
<trkpt lon="-6.242863" lat="43.550811"><ele>26.0</ele></trkpt>
<trkpt lon="-6.242428" lat="43.551112"><ele>25.5</ele></trkpt>
<trkpt lon="-6.242153" lat="43.551204"><ele>25.25</ele></trkpt>
<trkpt lon="-6.241644" lat="43.551221"><ele>25.25</ele></trkpt>
<trkpt lon="-6.241261" lat="43.551261"><ele>25.0</ele></trkpt>
<trkpt lon="-6.241055" lat="43.551333"><ele>24.75</ele></trkpt>
<trkpt lon="-6.240826" lat="43.551437"><ele>24.0</ele></trkpt>
<trkpt lon="-6.240504" lat="43.551597"><ele>24.0</ele></trkpt>
<trkpt lon="-6.240252" lat="43.551674"><ele>24.0</ele></trkpt>
<trkpt lon="-6.240061" lat="43.551640"><ele>23.75</ele></trkpt>
<trkpt lon="-6.239958" lat="43.551681"><ele>24.0</ele></trkpt>
<trkpt lon="-6.239908" lat="43.551743"><ele>24.0</ele></trkpt>
<trkpt lon="-6.239799" lat="43.551878"><ele>24.0</ele></trkpt>
<trkpt lon="-6.239766" lat="43.551918"><ele>24.0</ele></trkpt>
<trkpt lon="-6.239634" lat="43.551968"><ele>24.25</ele></trkpt>
<trkpt lon="-6.240010" lat="43.552025"><ele>27.75</ele></trkpt>
<trkpt lon="-6.240379" lat="43.551998"><ele>30.0</ele></trkpt>
<trkpt lon="-6.240825" lat="43.551915"><ele>31.75</ele></trkpt>
<trkpt lon="-6.240987" lat="43.551913"><ele>34.0</ele></trkpt>
<trkpt lon="-6.241307" lat="43.551910"><ele>36.75</ele></trkpt>
<trkpt lon="-6.241719" lat="43.551950"><ele>39.25</ele></trkpt>
<trkpt lon="-6.242415" lat="43.552121"><ele>45.5</ele></trkpt>
<trkpt lon="-6.242844" lat="43.552189"><ele>49.75</ele></trkpt>
<trkpt lon="-6.244085" lat="43.551986"><ele>54.75</ele></trkpt>
<trkpt lon="-6.244524" lat="43.551961"><ele>57.0</ele></trkpt>
<trkpt lon="-6.244832" lat="43.551846"><ele>56.75</ele></trkpt>
<trkpt lon="-6.245043" lat="43.551743"><ele>57.0</ele></trkpt>
<trkpt lon="-6.245438" lat="43.551609"><ele>58.0</ele></trkpt>
<trkpt lon="-6.245796" lat="43.551526"><ele>62.75</ele></trkpt>
<trkpt lon="-6.246097" lat="43.551252"><ele>64.5</ele></trkpt>
<trkpt lon="-6.246325" lat="43.551142"><ele>67.75</ele></trkpt>
<trkpt lon="-6.246459" lat="43.551054"><ele>69.0</ele></trkpt>
<trkpt lon="-6.246611" lat="43.550933"><ele>71.25</ele></trkpt>
<trkpt lon="-6.246766" lat="43.550694"><ele>71.25</ele></trkpt>
<trkpt lon="-6.246844" lat="43.550682"><ele>72.25</ele></trkpt>
<trkpt lon="-6.246998" lat="43.550763"><ele>76.75</ele></trkpt>
<trkpt lon="-6.247080" lat="43.550781"><ele>80.25</ele></trkpt>
<trkpt lon="-6.247150" lat="43.550736"><ele>81.25</ele></trkpt>
<trkpt lon="-6.247184" lat="43.550667"><ele>79.75</ele></trkpt>
<trkpt lon="-6.247316" lat="43.550562"><ele>77.5</ele></trkpt>
<trkpt lon="-6.247497" lat="43.550534"><ele>79.25</ele></trkpt>
<trkpt lon="-6.247606" lat="43.550490"><ele>80.0</ele></trkpt>
<trkpt lon="-6.247787" lat="43.550282"><ele>79.25</ele></trkpt>
<trkpt lon="-6.247976" lat="43.550034"><ele>79.25</ele></trkpt>
<trkpt lon="-6.248189" lat="43.549728"><ele>80.75</ele></trkpt>
<trkpt lon="-6.248661" lat="43.549405"><ele>83.75</ele></trkpt>
<trkpt lon="-6.248891" lat="43.549361"><ele>86.75</ele></trkpt>
<trkpt lon="-6.249540" lat="43.549093"><ele>88.25</ele></trkpt>
<trkpt lon="-6.249711" lat="43.549026"><ele>88.75</ele></trkpt>
<trkpt lon="-6.249864" lat="43.548976"><ele>88.75</ele></trkpt>
<trkpt lon="-6.249997" lat="43.548985"><ele>90.25</ele></trkpt>
<trkpt lon="-6.250273" lat="43.549059"><ele>94.5</ele></trkpt>
<trkpt lon="-6.250628" lat="43.549110"><ele>100.0</ele></trkpt>
<trkpt lon="-6.250840" lat="43.549171"><ele>103.0</ele></trkpt>
<trkpt lon="-6.251016" lat="43.549207"><ele>106.0</ele></trkpt>
<trkpt lon="-6.251475" lat="43.549278"><ele>111.5</ele></trkpt>
<trkpt lon="-6.251708" lat="43.549384"><ele>116.25</ele></trkpt>
<trkpt lon="-6.251898" lat="43.549404"><ele>116.5</ele></trkpt>
<trkpt lon="-6.251964" lat="43.549532"><ele>118.5</ele></trkpt>
<trkpt lon="-6.251967" lat="43.549708"><ele>121.0</ele></trkpt>
<trkpt lon="-6.251867" lat="43.549839"><ele>123.0</ele></trkpt>
<trkpt lon="-6.251522" lat="43.550060"><ele>130.25</ele></trkpt>
<trkpt lon="-6.251389" lat="43.550079"><ele>133.25</ele></trkpt>
<trkpt lon="-6.251031" lat="43.550274"><ele>141.25</ele></trkpt>
<trkpt lon="-6.250862" lat="43.550392"><ele>145.0</ele></trkpt>
<trkpt lon="-6.250498" lat="43.550823"><ele>154.5</ele></trkpt>
<trkpt lon="-6.250354" lat="43.550983"><ele>157.0</ele></trkpt>
<trkpt lon="-6.250058" lat="43.551066"><ele>162.75</ele></trkpt>
<trkpt lon="-6.249936" lat="43.551357"><ele>169.0</ele></trkpt>
<trkpt lon="-6.249738" lat="43.551591"><ele>173.75</ele></trkpt>
<trkpt lon="-6.249498" lat="43.551821"><ele>178.25</ele></trkpt>
<trkpt lon="-6.249499" lat="43.552305"><ele>184.25</ele></trkpt>
<trkpt lon="-6.249464" lat="43.552431"><ele>186.0</ele></trkpt>
<trkpt lon="-6.249397" lat="43.552517"><ele>187.25</ele></trkpt>
<trkpt lon="-6.249304" lat="43.552570"><ele>188.75</ele></trkpt>
<trkpt lon="-6.249059" lat="43.552677"><ele>193.25</ele></trkpt>
<trkpt lon="-6.248776" lat="43.552812"><ele>196.25</ele></trkpt>
<trkpt lon="-6.248602" lat="43.552955"><ele>198.5</ele></trkpt>
<trkpt lon="-6.248456" lat="43.553099"><ele>200.75</ele></trkpt>
<trkpt lon="-6.248278" lat="43.553198"><ele>200.0</ele></trkpt>
<trkpt lon="-6.247954" lat="43.553347"><ele>200.75</ele></trkpt>
<trkpt lon="-6.247210" lat="43.553388"><ele>198.75</ele></trkpt>
<trkpt lon="-6.246434" lat="43.553633"><ele>195.25</ele></trkpt>
<trkpt lon="-6.245867" lat="43.554058"><ele>195.0</ele></trkpt>
<trkpt lon="-6.245528" lat="43.554403"><ele>195.25</ele></trkpt>
<trkpt lon="-6.245071" lat="43.554669"><ele>195.25</ele></trkpt>
<trkpt lon="-6.244361" lat="43.554908"><ele>193.5</ele></trkpt>
<trkpt lon="-6.243808" lat="43.555008"><ele>191.0</ele></trkpt>
<trkpt lon="-6.243255" lat="43.554949"><ele>187.5</ele></trkpt>
<trkpt lon="-6.242426" lat="43.554697"><ele>187.0</ele></trkpt>
<trkpt lon="-6.242254" lat="43.554729"><ele>186.75</ele></trkpt>
<trkpt lon="-6.242145" lat="43.554783"><ele>186.75</ele></trkpt>
<trkpt lon="-6.242098" lat="43.554866"><ele>186.25</ele></trkpt>
<trkpt lon="-6.242564" lat="43.555554"><ele>182.25</ele></trkpt>
<trkpt lon="-6.242698" lat="43.556644"><ele>175.75</ele></trkpt>
<trkpt lon="-6.243266" lat="43.558175"><ele>163.75</ele></trkpt>
<trkpt lon="-6.243176" lat="43.558275"><ele>161.25</ele></trkpt>
<trkpt lon="-6.242606" lat="43.558526"><ele>160.0</ele></trkpt>
  </trkseg></trk></gpx>
