<?xml version="1.0" encoding="UTF-8"?>
<gpx version="1.1" creator="compostel-brouter" xmlns="http://www.topografix.com/GPX/1/1">
  <metadata><name>ES-J25-variante-Picos-Covadonga</name></metadata>
  <trk><name>ES-J25-variante-Picos-Covadonga</name><trkseg>
<trkpt lon="-5.055699" lat="43.461957"><ele>39.75</ele></trkpt>
<trkpt lon="-5.055733" lat="43.461799"><ele>44.5</ele></trkpt>
<trkpt lon="-5.055802" lat="43.461716"><ele>46.0</ele></trkpt>
<trkpt lon="-5.055911" lat="43.461650"><ele>46.25</ele></trkpt>
<trkpt lon="-5.055984" lat="43.461586"><ele>46.75</ele></trkpt>
<trkpt lon="-5.056076" lat="43.461407"><ele>50.0</ele></trkpt>
<trkpt lon="-5.056129" lat="43.461349"><ele>49.75</ele></trkpt>
<trkpt lon="-5.056222" lat="43.461188"><ele>47.5</ele></trkpt>
<trkpt lon="-5.056216" lat="43.461127"><ele>46.75</ele></trkpt>
<trkpt lon="-5.056168" lat="43.461031"><ele>47.5</ele></trkpt>
<trkpt lon="-5.056109" lat="43.461007"><ele>48.5</ele></trkpt>
<trkpt lon="-5.057273" lat="43.461125"><ele>27.75</ele></trkpt>
<trkpt lon="-5.057704" lat="43.461197"><ele>21.0</ele></trkpt>
<trkpt lon="-5.057758" lat="43.461218"><ele>19.5</ele></trkpt>
<trkpt lon="-5.057794" lat="43.461240"><ele>18.25</ele></trkpt>
<trkpt lon="-5.057823" lat="43.461280"><ele>16.5</ele></trkpt>
<trkpt lon="-5.057877" lat="43.461476"><ele>11.75</ele></trkpt>
<trkpt lon="-5.057889" lat="43.461512"><ele>11.25</ele></trkpt>
<trkpt lon="-5.057953" lat="43.461434"><ele>10.5</ele></trkpt>
<trkpt lon="-5.058037" lat="43.461496"><ele>8.0</ele></trkpt>
<trkpt lon="-5.058070" lat="43.461512"><ele>7.5</ele></trkpt>
<trkpt lon="-5.058216" lat="43.461619"><ele>5.5</ele></trkpt>
<trkpt lon="-5.058327" lat="43.461737"><ele>4.75</ele></trkpt>
<trkpt lon="-5.058489" lat="43.461932"><ele>4.0</ele></trkpt>
<trkpt lon="-5.058752" lat="43.461815"><ele>3.5</ele></trkpt>
<trkpt lon="-5.058740" lat="43.461789"><ele>3.75</ele></trkpt>
<trkpt lon="-5.058866" lat="43.461738"><ele>3.75</ele></trkpt>
<trkpt lon="-5.058867" lat="43.461718"><ele>3.75</ele></trkpt>
<trkpt lon="-5.058872" lat="43.461703"><ele>3.75</ele></trkpt>
<trkpt lon="-5.059035" lat="43.461624"><ele>3.5</ele></trkpt>
<trkpt lon="-5.059047" lat="43.461633"><ele>3.25</ele></trkpt>
<trkpt lon="-5.059149" lat="43.461586"><ele>3.25</ele></trkpt>
<trkpt lon="-5.059512" lat="43.461448"><ele>2.75</ele></trkpt>
<trkpt lon="-5.059646" lat="43.461618"><ele>3.0</ele></trkpt>
<trkpt lon="-5.059869" lat="43.461899"><ele>3.0</ele></trkpt>
<trkpt lon="-5.060032" lat="43.462108"><ele>3.0</ele></trkpt>
<trkpt lon="-5.060108" lat="43.462140"><ele>3.0</ele></trkpt>
<trkpt lon="-5.060141" lat="43.462079"><ele>3.0</ele></trkpt>
<trkpt lon="-5.060194" lat="43.462021"><ele>3.0</ele></trkpt>
<trkpt lon="-5.060241" lat="43.462066"><ele>3.0</ele></trkpt>
<trkpt lon="-5.060337" lat="43.462086"><ele>3.0</ele></trkpt>
<trkpt lon="-5.060367" lat="43.462028"><ele>3.0</ele></trkpt>
<trkpt lon="-5.060415" lat="43.461980"><ele>3.25</ele></trkpt>
<trkpt lon="-5.060518" lat="43.461935"><ele>3.75</ele></trkpt>
<trkpt lon="-5.060624" lat="43.461917"><ele>3.75</ele></trkpt>
<trkpt lon="-5.060757" lat="43.461885"><ele>3.25</ele></trkpt>
<trkpt lon="-5.060864" lat="43.461732"><ele>2.75</ele></trkpt>
<trkpt lon="-5.060969" lat="43.461726"><ele>2.5</ele></trkpt>
<trkpt lon="-5.060984" lat="43.461702"><ele>2.25</ele></trkpt>
<trkpt lon="-5.060983" lat="43.461646"><ele>2.25</ele></trkpt>
<trkpt lon="-5.061046" lat="43.461665"><ele>2.25</ele></trkpt>
<trkpt lon="-5.061054" lat="43.461652"><ele>2.25</ele></trkpt>
<trkpt lon="-5.063493" lat="43.462439"><ele>2.5</ele></trkpt>
<trkpt lon="-5.063487" lat="43.462447"><ele>2.5</ele></trkpt>
<trkpt lon="-5.063575" lat="43.462475"><ele>2.5</ele></trkpt>
<trkpt lon="-5.063526" lat="43.462553"><ele>2.5</ele></trkpt>
<trkpt lon="-5.064139" lat="43.462758"><ele>2.75</ele></trkpt>
<trkpt lon="-5.064123" lat="43.462920"><ele>3.5</ele></trkpt>
<trkpt lon="-5.064249" lat="43.462889"><ele>4.25</ele></trkpt>
<trkpt lon="-5.064363" lat="43.462843"><ele>4.5</ele></trkpt>
<trkpt lon="-5.064429" lat="43.462803"><ele>4.75</ele></trkpt>
<trkpt lon="-5.064475" lat="43.462741"><ele>5.0</ele></trkpt>
<trkpt lon="-5.064486" lat="43.462719"><ele>5.0</ele></trkpt>
<trkpt lon="-5.064534" lat="43.462736"><ele>5.25</ele></trkpt>
<trkpt lon="-5.064730" lat="43.462798"><ele>6.0</ele></trkpt>
<trkpt lon="-5.064848" lat="43.462806"><ele>6.0</ele></trkpt>
<trkpt lon="-5.064901" lat="43.462808"><ele>6.0</ele></trkpt>
<trkpt lon="-5.064972" lat="43.462809"><ele>6.0</ele></trkpt>
<trkpt lon="-5.065129" lat="43.462794"><ele>5.5</ele></trkpt>
<trkpt lon="-5.065458" lat="43.462751"><ele>5.0</ele></trkpt>
<trkpt lon="-5.065495" lat="43.462742"><ele>5.0</ele></trkpt>
<trkpt lon="-5.066424" lat="43.462504"><ele>3.0</ele></trkpt>
<trkpt lon="-5.066776" lat="43.462331"><ele>3.75</ele></trkpt>
<trkpt lon="-5.066976" lat="43.462160"><ele>4.5</ele></trkpt>
<trkpt lon="-5.067167" lat="43.462000"><ele>5.0</ele></trkpt>
<trkpt lon="-5.067266" lat="43.461798"><ele>5.75</ele></trkpt>
<trkpt lon="-5.067245" lat="43.461577"><ele>5.25</ele></trkpt>
<trkpt lon="-5.067206" lat="43.461335"><ele>5.0</ele></trkpt>
<trkpt lon="-5.067168" lat="43.460720"><ele>4.25</ele></trkpt>
<trkpt lon="-5.067138" lat="43.460015"><ele>3.75</ele></trkpt>
<trkpt lon="-5.067184" lat="43.459829"><ele>3.5</ele></trkpt>
<trkpt lon="-5.067349" lat="43.459526"><ele>3.5</ele></trkpt>
<trkpt lon="-5.067369" lat="43.459376"><ele>3.5</ele></trkpt>
<trkpt lon="-5.067335" lat="43.459205"><ele>3.5</ele></trkpt>
<trkpt lon="-5.067218" lat="43.458798"><ele>3.75</ele></trkpt>
<trkpt lon="-5.067215" lat="43.458713"><ele>3.75</ele></trkpt>
<trkpt lon="-5.067228" lat="43.458553"><ele>4.0</ele></trkpt>
<trkpt lon="-5.067276" lat="43.458294"><ele>4.0</ele></trkpt>
<trkpt lon="-5.067280" lat="43.458265"><ele>4.0</ele></trkpt>
<trkpt lon="-5.067366" lat="43.457735"><ele>4.0</ele></trkpt>
<trkpt lon="-5.067544" lat="43.456844"><ele>4.75</ele></trkpt>
<trkpt lon="-5.067587" lat="43.456711"><ele>4.5</ele></trkpt>
<trkpt lon="-5.067666" lat="43.456595"><ele>4.5</ele></trkpt>
<trkpt lon="-5.067787" lat="43.456496"><ele>4.5</ele></trkpt>
<trkpt lon="-5.067856" lat="43.456477"><ele>4.5</ele></trkpt>
<trkpt lon="-5.067845" lat="43.456398"><ele>3.0</ele></trkpt>
<trkpt lon="-5.067856" lat="43.456350"><ele>2.75</ele></trkpt>
<trkpt lon="-5.067865" lat="43.456313"><ele>2.75</ele></trkpt>
<trkpt lon="-5.067767" lat="43.456236"><ele>2.75</ele></trkpt>
<trkpt lon="-5.067731" lat="43.456183"><ele>2.75</ele></trkpt>
<trkpt lon="-5.067285" lat="43.455163"><ele>2.75</ele></trkpt>
<trkpt lon="-5.067252" lat="43.455110"><ele>2.75</ele></trkpt>
<trkpt lon="-5.067200" lat="43.455081"><ele>2.75</ele></trkpt>
<trkpt lon="-5.067105" lat="43.455066"><ele>2.75</ele></trkpt>
<trkpt lon="-5.066629" lat="43.455039"><ele>2.75</ele></trkpt>
<trkpt lon="-5.066506" lat="43.455022"><ele>2.75</ele></trkpt>
<trkpt lon="-5.066058" lat="43.454999"><ele>2.25</ele></trkpt>
<trkpt lon="-5.065962" lat="43.455006"><ele>2.25</ele></trkpt>
<trkpt lon="-5.065398" lat="43.454972"><ele>1.75</ele></trkpt>
<trkpt lon="-5.065232" lat="43.454952"><ele>1.75</ele></trkpt>
<trkpt lon="-5.065134" lat="43.454946"><ele>1.75</ele></trkpt>
<trkpt lon="-5.065087" lat="43.454923"><ele>1.75</ele></trkpt>
<trkpt lon="-5.065022" lat="43.454879"><ele>1.75</ele></trkpt>
<trkpt lon="-5.064894" lat="43.454779"><ele>1.75</ele></trkpt>
<trkpt lon="-5.064843" lat="43.454725"><ele>1.75</ele></trkpt>
<trkpt lon="-5.064395" lat="43.454374"><ele>1.75</ele></trkpt>
<trkpt lon="-5.064247" lat="43.454266"><ele>1.75</ele></trkpt>
<trkpt lon="-5.064145" lat="43.454219"><ele>1.75</ele></trkpt>
<trkpt lon="-5.064075" lat="43.454221"><ele>1.75</ele></trkpt>
<trkpt lon="-5.063986" lat="43.454170"><ele>1.75</ele></trkpt>
<trkpt lon="-5.063848" lat="43.454105"><ele>1.75</ele></trkpt>
<trkpt lon="-5.063823" lat="43.454099"><ele>1.75</ele></trkpt>
<trkpt lon="-5.063761" lat="43.454053"><ele>1.75</ele></trkpt>
<trkpt lon="-5.063726" lat="43.454044"><ele>1.75</ele></trkpt>
<trkpt lon="-5.063465" lat="43.453879"><ele>1.75</ele></trkpt>
<trkpt lon="-5.062994" lat="43.453606"><ele>1.75</ele></trkpt>
<trkpt lon="-5.062512" lat="43.453311"><ele>1.75</ele></trkpt>
<trkpt lon="-5.062353" lat="43.453236"><ele>1.25</ele></trkpt>
<trkpt lon="-5.062123" lat="43.453053"><ele>2.25</ele></trkpt>
<trkpt lon="-5.062055" lat="43.452961"><ele>2.25</ele></trkpt>
<trkpt lon="-5.061769" lat="43.452748"><ele>2.5</ele></trkpt>
<trkpt lon="-5.061725" lat="43.452676"><ele>2.5</ele></trkpt>
<trkpt lon="-5.061818" lat="43.452539"><ele>2.0</ele></trkpt>
<trkpt lon="-5.062088" lat="43.452358"><ele>2.0</ele></trkpt>
<trkpt lon="-5.062026" lat="43.452295"><ele>2.0</ele></trkpt>
<trkpt lon="-5.062024" lat="43.452022"><ele>2.0</ele></trkpt>
<trkpt lon="-5.061904" lat="43.451536"><ele>2.0</ele></trkpt>
<trkpt lon="-5.061844" lat="43.450954"><ele>2.0</ele></trkpt>
<trkpt lon="-5.061725" lat="43.450579"><ele>2.0</ele></trkpt>
<trkpt lon="-5.061548" lat="43.450217"><ele>2.0</ele></trkpt>
<trkpt lon="-5.061525" lat="43.449940"><ele>2.0</ele></trkpt>
<trkpt lon="-5.061473" lat="43.449623"><ele>2.25</ele></trkpt>
<trkpt lon="-5.061298" lat="43.449163"><ele>2.0</ele></trkpt>
<trkpt lon="-5.061429" lat="43.449134"><ele>2.0</ele></trkpt>
<trkpt lon="-5.061723" lat="43.449095"><ele>2.25</ele></trkpt>
<trkpt lon="-5.061953" lat="43.448947"><ele>3.0</ele></trkpt>
<trkpt lon="-5.062111" lat="43.448824"><ele>3.0</ele></trkpt>
<trkpt lon="-5.062318" lat="43.448734"><ele>2.5</ele></trkpt>
<trkpt lon="-5.063544" lat="43.448065"><ele>2.25</ele></trkpt>
<trkpt lon="-5.063708" lat="43.447985"><ele>2.25</ele></trkpt>
<trkpt lon="-5.063986" lat="43.448236"><ele>2.25</ele></trkpt>
<trkpt lon="-5.064167" lat="43.448473"><ele>2.5</ele></trkpt>
<trkpt lon="-5.064224" lat="43.448516"><ele>2.5</ele></trkpt>
<trkpt lon="-5.064337" lat="43.448524"><ele>2.5</ele></trkpt>
<trkpt lon="-5.064861" lat="43.448425"><ele>2.0</ele></trkpt>
<trkpt lon="-5.065096" lat="43.448359"><ele>3.0</ele></trkpt>
<trkpt lon="-5.065421" lat="43.448201"><ele>4.5</ele></trkpt>
<trkpt lon="-5.065662" lat="43.447983"><ele>7.5</ele></trkpt>
<trkpt lon="-5.065703" lat="43.447964"><ele>8.0</ele></trkpt>
<trkpt lon="-5.065855" lat="43.447893"><ele>9.25</ele></trkpt>
<trkpt lon="-5.066531" lat="43.447634"><ele>12.5</ele></trkpt>
<trkpt lon="-5.067115" lat="43.447395"><ele>15.25</ele></trkpt>
<trkpt lon="-5.067483" lat="43.447255"><ele>19.75</ele></trkpt>
<trkpt lon="-5.067803" lat="43.447060"><ele>20.5</ele></trkpt>
<trkpt lon="-5.068114" lat="43.446932"><ele>20.25</ele></trkpt>
<trkpt lon="-5.068895" lat="43.446734"><ele>18.75</ele></trkpt>
<trkpt lon="-5.069207" lat="43.446620"><ele>18.75</ele></trkpt>
<trkpt lon="-5.069621" lat="43.446492"><ele>16.75</ele></trkpt>
<trkpt lon="-5.070149" lat="43.446675"><ele>14.25</ele></trkpt>
<trkpt lon="-5.070291" lat="43.446795"><ele>14.5</ele></trkpt>
<trkpt lon="-5.070514" lat="43.446862"><ele>14.75</ele></trkpt>
<trkpt lon="-5.070798" lat="43.446907"><ele>15.5</ele></trkpt>
<trkpt lon="-5.072056" lat="43.447391"><ele>22.0</ele></trkpt>
<trkpt lon="-5.071956" lat="43.447949"><ele>25.25</ele></trkpt>
<trkpt lon="-5.071998" lat="43.448199"><ele>25.75</ele></trkpt>
<trkpt lon="-5.072986" lat="43.448136"><ele>34.5</ele></trkpt>
<trkpt lon="-5.073507" lat="43.448297"><ele>41.0</ele></trkpt>
<trkpt lon="-5.073573" lat="43.448311"><ele>41.5</ele></trkpt>
<trkpt lon="-5.073632" lat="43.448306"><ele>42.25</ele></trkpt>
<trkpt lon="-5.073678" lat="43.448286"><ele>42.5</ele></trkpt>
<trkpt lon="-5.073713" lat="43.448255"><ele>43.25</ele></trkpt>
<trkpt lon="-5.073799" lat="43.448015"><ele>47.0</ele></trkpt>
<trkpt lon="-5.073865" lat="43.447938"><ele>48.0</ele></trkpt>
<trkpt lon="-5.073982" lat="43.447862"><ele>49.5</ele></trkpt>
<trkpt lon="-5.074052" lat="43.447842"><ele>50.5</ele></trkpt>
<trkpt lon="-5.074589" lat="43.447817"><ele>57.25</ele></trkpt>
<trkpt lon="-5.075025" lat="43.447889"><ele>63.25</ele></trkpt>
<trkpt lon="-5.075080" lat="43.447861"><ele>63.0</ele></trkpt>
<trkpt lon="-5.075447" lat="43.448277"><ele>71.5</ele></trkpt>
<trkpt lon="-5.075492" lat="43.448258"><ele>71.75</ele></trkpt>
<trkpt lon="-5.075595" lat="43.448258"><ele>73.0</ele></trkpt>
<trkpt lon="-5.075749" lat="43.448281"><ele>74.25</ele></trkpt>
<trkpt lon="-5.076006" lat="43.448422"><ele>76.0</ele></trkpt>
<trkpt lon="-5.076414" lat="43.448596"><ele>77.75</ele></trkpt>
<trkpt lon="-5.076477" lat="43.448717"><ele>77.25</ele></trkpt>
<trkpt lon="-5.076454" lat="43.448747"><ele>76.25</ele></trkpt>
<trkpt lon="-5.076581" lat="43.448800"><ele>77.0</ele></trkpt>
<trkpt lon="-5.076713" lat="43.448872"><ele>77.0</ele></trkpt>
<trkpt lon="-5.076957" lat="43.449128"><ele>79.25</ele></trkpt>
<trkpt lon="-5.077028" lat="43.449070"><ele>80.5</ele></trkpt>
<trkpt lon="-5.077005" lat="43.449005"><ele>80.75</ele></trkpt>
<trkpt lon="-5.076818" lat="43.448780"><ele>81.25</ele></trkpt>
<trkpt lon="-5.076741" lat="43.448617"><ele>83.75</ele></trkpt>
<trkpt lon="-5.076750" lat="43.448528"><ele>84.5</ele></trkpt>
<trkpt lon="-5.076792" lat="43.448453"><ele>85.25</ele></trkpt>
<trkpt lon="-5.077316" lat="43.448079"><ele>88.0</ele></trkpt>
<trkpt lon="-5.077542" lat="43.447931"><ele>88.5</ele></trkpt>
<trkpt lon="-5.077809" lat="43.447803"><ele>90.25</ele></trkpt>
<trkpt lon="-5.078924" lat="43.447635"><ele>96.5</ele></trkpt>
<trkpt lon="-5.079365" lat="43.447541"><ele>98.5</ele></trkpt>
<trkpt lon="-5.079708" lat="43.447393"><ele>101.0</ele></trkpt>
<trkpt lon="-5.079847" lat="43.447274"><ele>101.5</ele></trkpt>
<trkpt lon="-5.079799" lat="43.447050"><ele>103.75</ele></trkpt>
<trkpt lon="-5.079668" lat="43.446874"><ele>105.25</ele></trkpt>
<trkpt lon="-5.079359" lat="43.446565"><ele>107.5</ele></trkpt>
<trkpt lon="-5.079206" lat="43.446283"><ele>109.75</ele></trkpt>
<trkpt lon="-5.079238" lat="43.446173"><ele>110.25</ele></trkpt>
<trkpt lon="-5.079301" lat="43.446124"><ele>110.25</ele></trkpt>
<trkpt lon="-5.079557" lat="43.445985"><ele>109.75</ele></trkpt>
<trkpt lon="-5.079597" lat="43.445918"><ele>110.25</ele></trkpt>
<trkpt lon="-5.079557" lat="43.445805"><ele>112.0</ele></trkpt>
<trkpt lon="-5.079369" lat="43.445575"><ele>114.0</ele></trkpt>
<trkpt lon="-5.079377" lat="43.445503"><ele>114.75</ele></trkpt>
<trkpt lon="-5.079436" lat="43.445431"><ele>115.25</ele></trkpt>
<trkpt lon="-5.079853" lat="43.445253"><ele>116.25</ele></trkpt>
<trkpt lon="-5.080028" lat="43.445120"><ele>118.25</ele></trkpt>
<trkpt lon="-5.080456" lat="43.444966"><ele>120.25</ele></trkpt>
<trkpt lon="-5.080647" lat="43.444826"><ele>121.5</ele></trkpt>
<trkpt lon="-5.080800" lat="43.444662"><ele>123.0</ele></trkpt>
<trkpt lon="-5.080873" lat="43.444469"><ele>124.25</ele></trkpt>
<trkpt lon="-5.080867" lat="43.444296"><ele>126.75</ele></trkpt>
<trkpt lon="-5.081068" lat="43.444159"><ele>127.5</ele></trkpt>
<trkpt lon="-5.081157" lat="43.444162"><ele>127.75</ele></trkpt>
<trkpt lon="-5.081475" lat="43.444338"><ele>128.5</ele></trkpt>
<trkpt lon="-5.081653" lat="43.444400"><ele>128.0</ele></trkpt>
<trkpt lon="-5.081864" lat="43.444433"><ele>128.0</ele></trkpt>
<trkpt lon="-5.081965" lat="43.444414"><ele>128.75</ele></trkpt>
<trkpt lon="-5.082401" lat="43.444335"><ele>129.0</ele></trkpt>
<trkpt lon="-5.082483" lat="43.444264"><ele>130.75</ele></trkpt>
<trkpt lon="-5.082827" lat="43.444134"><ele>131.75</ele></trkpt>
<trkpt lon="-5.083492" lat="43.443946"><ele>137.5</ele></trkpt>
<trkpt lon="-5.083725" lat="43.443856"><ele>139.25</ele></trkpt>
<trkpt lon="-5.083831" lat="43.443731"><ele>140.75</ele></trkpt>
<trkpt lon="-5.083874" lat="43.443512"><ele>141.75</ele></trkpt>
<trkpt lon="-5.083850" lat="43.443382"><ele>141.25</ele></trkpt>
<trkpt lon="-5.083788" lat="43.443201"><ele>139.75</ele></trkpt>
<trkpt lon="-5.083547" lat="43.442856"><ele>135.0</ele></trkpt>
<trkpt lon="-5.083346" lat="43.442635"><ele>132.25</ele></trkpt>
<trkpt lon="-5.083158" lat="43.442455"><ele>128.5</ele></trkpt>
<trkpt lon="-5.083305" lat="43.442342"><ele>127.0</ele></trkpt>
<trkpt lon="-5.083526" lat="43.442259"><ele>125.5</ele></trkpt>
<trkpt lon="-5.083994" lat="43.442167"><ele>124.0</ele></trkpt>
<trkpt lon="-5.084196" lat="43.442107"><ele>123.0</ele></trkpt>
<trkpt lon="-5.084382" lat="43.442095"><ele>122.5</ele></trkpt>
<trkpt lon="-5.084484" lat="43.442114"><ele>122.5</ele></trkpt>
<trkpt lon="-5.084562" lat="43.442151"><ele>122.25</ele></trkpt>
<trkpt lon="-5.084688" lat="43.442156"><ele>122.0</ele></trkpt>
<trkpt lon="-5.085134" lat="43.442296"><ele>121.5</ele></trkpt>
<trkpt lon="-5.086204" lat="43.442544"><ele>123.0</ele></trkpt>
<trkpt lon="-5.086594" lat="43.442660"><ele>123.5</ele></trkpt>
<trkpt lon="-5.087310" lat="43.442989"><ele>124.0</ele></trkpt>
<trkpt lon="-5.087560" lat="43.443084"><ele>123.5</ele></trkpt>
<trkpt lon="-5.087978" lat="43.443137"><ele>122.25</ele></trkpt>
<trkpt lon="-5.088183" lat="43.443225"><ele>121.5</ele></trkpt>
<trkpt lon="-5.088179" lat="43.443312"><ele>121.5</ele></trkpt>
<trkpt lon="-5.088302" lat="43.443429"><ele>122.5</ele></trkpt>
<trkpt lon="-5.088416" lat="43.443516"><ele>124.5</ele></trkpt>
<trkpt lon="-5.088501" lat="43.443607"><ele>127.0</ele></trkpt>
<trkpt lon="-5.088535" lat="43.443724"><ele>129.75</ele></trkpt>
<trkpt lon="-5.088524" lat="43.443849"><ele>132.5</ele></trkpt>
<trkpt lon="-5.088548" lat="43.443944"><ele>134.25</ele></trkpt>
<trkpt lon="-5.088607" lat="43.444039"><ele>136.5</ele></trkpt>
<trkpt lon="-5.088792" lat="43.444179"><ele>139.5</ele></trkpt>
<trkpt lon="-5.088835" lat="43.444239"><ele>140.25</ele></trkpt>
<trkpt lon="-5.088858" lat="43.444447"><ele>141.75</ele></trkpt>
<trkpt lon="-5.088907" lat="43.444545"><ele>141.75</ele></trkpt>
<trkpt lon="-5.088976" lat="43.444590"><ele>142.5</ele></trkpt>
<trkpt lon="-5.089139" lat="43.444625"><ele>144.25</ele></trkpt>
<trkpt lon="-5.089315" lat="43.444641"><ele>144.5</ele></trkpt>
<trkpt lon="-5.090047" lat="43.444662"><ele>144.75</ele></trkpt>
<trkpt lon="-5.090289" lat="43.444641"><ele>145.5</ele></trkpt>
<trkpt lon="-5.090681" lat="43.444585"><ele>146.25</ele></trkpt>
<trkpt lon="-5.091042" lat="43.444513"><ele>147.0</ele></trkpt>
<trkpt lon="-5.091621" lat="43.444256"><ele>145.25</ele></trkpt>
<trkpt lon="-5.091757" lat="43.444162"><ele>146.0</ele></trkpt>
<trkpt lon="-5.092134" lat="43.443853"><ele>145.5</ele></trkpt>
<trkpt lon="-5.092208" lat="43.443715"><ele>144.75</ele></trkpt>
<trkpt lon="-5.092256" lat="43.443535"><ele>143.25</ele></trkpt>
<trkpt lon="-5.092407" lat="43.443200"><ele>142.25</ele></trkpt>
<trkpt lon="-5.092490" lat="43.443079"><ele>142.75</ele></trkpt>
<trkpt lon="-5.092616" lat="43.442999"><ele>143.5</ele></trkpt>
<trkpt lon="-5.092790" lat="43.442946"><ele>143.75</ele></trkpt>
<trkpt lon="-5.093162" lat="43.442870"><ele>144.0</ele></trkpt>
<trkpt lon="-5.093510" lat="43.442834"><ele>142.75</ele></trkpt>
<trkpt lon="-5.093724" lat="43.442772"><ele>142.0</ele></trkpt>
<trkpt lon="-5.094319" lat="43.442471"><ele>139.25</ele></trkpt>
<trkpt lon="-5.094879" lat="43.442221"><ele>136.25</ele></trkpt>
<trkpt lon="-5.095213" lat="43.442019"><ele>132.75</ele></trkpt>
<trkpt lon="-5.095412" lat="43.441907"><ele>130.25</ele></trkpt>
<trkpt lon="-5.095729" lat="43.441791"><ele>126.5</ele></trkpt>
<trkpt lon="-5.095934" lat="43.441760"><ele>126.25</ele></trkpt>
<trkpt lon="-5.096319" lat="43.441721"><ele>126.75</ele></trkpt>
<trkpt lon="-5.096484" lat="43.441638"><ele>127.25</ele></trkpt>
<trkpt lon="-5.096656" lat="43.441505"><ele>126.75</ele></trkpt>
<trkpt lon="-5.096855" lat="43.441408"><ele>128.5</ele></trkpt>
<trkpt lon="-5.097026" lat="43.441377"><ele>130.25</ele></trkpt>
<trkpt lon="-5.097405" lat="43.441552"><ele>133.5</ele></trkpt>
<trkpt lon="-5.097893" lat="43.441461"><ele>134.5</ele></trkpt>
<trkpt lon="-5.097950" lat="43.441322"><ele>134.75</ele></trkpt>
<trkpt lon="-5.097952" lat="43.441122"><ele>134.25</ele></trkpt>
<trkpt lon="-5.097936" lat="43.440766"><ele>134.5</ele></trkpt>
<trkpt lon="-5.098093" lat="43.440287"><ele>134.25</ele></trkpt>
<trkpt lon="-5.098438" lat="43.439950"><ele>137.5</ele></trkpt>
<trkpt lon="-5.098524" lat="43.439809"><ele>140.0</ele></trkpt>
<trkpt lon="-5.098577" lat="43.439882"><ele>140.0</ele></trkpt>
<trkpt lon="-5.098470" lat="43.440248"><ele>143.25</ele></trkpt>
<trkpt lon="-5.098488" lat="43.440310"><ele>144.0</ele></trkpt>
<trkpt lon="-5.098574" lat="43.440373"><ele>144.5</ele></trkpt>
<trkpt lon="-5.098727" lat="43.440397"><ele>145.5</ele></trkpt>
<trkpt lon="-5.098979" lat="43.440388"><ele>147.0</ele></trkpt>
<trkpt lon="-5.099171" lat="43.440332"><ele>148.5</ele></trkpt>
<trkpt lon="-5.099531" lat="43.440249"><ele>151.75</ele></trkpt>
<trkpt lon="-5.099804" lat="43.440159"><ele>155.0</ele></trkpt>
<trkpt lon="-5.100154" lat="43.440031"><ele>161.5</ele></trkpt>
<trkpt lon="-5.100525" lat="43.439919"><ele>167.25</ele></trkpt>
<trkpt lon="-5.100840" lat="43.439862"><ele>170.5</ele></trkpt>
<trkpt lon="-5.101304" lat="43.439806"><ele>176.25</ele></trkpt>
<trkpt lon="-5.101526" lat="43.439754"><ele>179.5</ele></trkpt>
<trkpt lon="-5.101747" lat="43.439630"><ele>183.75</ele></trkpt>
<trkpt lon="-5.101921" lat="43.439546"><ele>186.5</ele></trkpt>
<trkpt lon="-5.102026" lat="43.439465"><ele>189.0</ele></trkpt>
<trkpt lon="-5.102036" lat="43.439315"><ele>192.75</ele></trkpt>
<trkpt lon="-5.102070" lat="43.439231"><ele>194.75</ele></trkpt>
<trkpt lon="-5.102184" lat="43.439152"><ele>197.0</ele></trkpt>
<trkpt lon="-5.102287" lat="43.439053"><ele>199.25</ele></trkpt>
<trkpt lon="-5.102379" lat="43.438891"><ele>203.25</ele></trkpt>
<trkpt lon="-5.102480" lat="43.438764"><ele>206.5</ele></trkpt>
<trkpt lon="-5.102628" lat="43.438638"><ele>210.75</ele></trkpt>
<trkpt lon="-5.102745" lat="43.438525"><ele>214.75</ele></trkpt>
<trkpt lon="-5.102811" lat="43.438388"><ele>218.0</ele></trkpt>
<trkpt lon="-5.102863" lat="43.438225"><ele>221.0</ele></trkpt>
<trkpt lon="-5.102873" lat="43.438086"><ele>223.5</ele></trkpt>
<trkpt lon="-5.102829" lat="43.437904"><ele>227.25</ele></trkpt>
<trkpt lon="-5.102743" lat="43.437487"><ele>233.25</ele></trkpt>
<trkpt lon="-5.102716" lat="43.437414"><ele>233.5</ele></trkpt>
<trkpt lon="-5.103078" lat="43.437539"><ele>235.75</ele></trkpt>
<trkpt lon="-5.103170" lat="43.437546"><ele>236.5</ele></trkpt>
<trkpt lon="-5.103216" lat="43.437506"><ele>238.5</ele></trkpt>
<trkpt lon="-5.103154" lat="43.437421"><ele>241.0</ele></trkpt>
<trkpt lon="-5.102965" lat="43.437280"><ele>241.25</ele></trkpt>
<trkpt lon="-5.102965" lat="43.437230"><ele>242.5</ele></trkpt>
<trkpt lon="-5.103034" lat="43.437200"><ele>245.5</ele></trkpt>
<trkpt lon="-5.103487" lat="43.437281"><ele>252.5</ele></trkpt>
<trkpt lon="-5.103849" lat="43.437294"><ele>256.5</ele></trkpt>
<trkpt lon="-5.103958" lat="43.437267"><ele>258.5</ele></trkpt>
<trkpt lon="-5.104081" lat="43.437227"><ele>260.5</ele></trkpt>
<trkpt lon="-5.104171" lat="43.437185"><ele>263.25</ele></trkpt>
<trkpt lon="-5.104313" lat="43.437159"><ele>266.0</ele></trkpt>
<trkpt lon="-5.104391" lat="43.437154"><ele>267.0</ele></trkpt>
<trkpt lon="-5.104636" lat="43.437186"><ele>267.75</ele></trkpt>
<trkpt lon="-5.104986" lat="43.437195"><ele>270.75</ele></trkpt>
<trkpt lon="-5.105146" lat="43.437212"><ele>272.75</ele></trkpt>
<trkpt lon="-5.105375" lat="43.437259"><ele>275.5</ele></trkpt>
<trkpt lon="-5.105547" lat="43.437324"><ele>276.5</ele></trkpt>
<trkpt lon="-5.105733" lat="43.437374"><ele>278.75</ele></trkpt>
<trkpt lon="-5.106264" lat="43.437485"><ele>284.0</ele></trkpt>
<trkpt lon="-5.106402" lat="43.437501"><ele>286.0</ele></trkpt>
<trkpt lon="-5.106629" lat="43.437506"><ele>288.0</ele></trkpt>
<trkpt lon="-5.106883" lat="43.437522"><ele>291.25</ele></trkpt>
<trkpt lon="-5.106944" lat="43.437533"><ele>291.75</ele></trkpt>
<trkpt lon="-5.107270" lat="43.437533"><ele>296.0</ele></trkpt>
<trkpt lon="-5.107344" lat="43.437558"><ele>296.5</ele></trkpt>
<trkpt lon="-5.107455" lat="43.437585"><ele>297.5</ele></trkpt>
<trkpt lon="-5.107572" lat="43.437599"><ele>300.0</ele></trkpt>
<trkpt lon="-5.107797" lat="43.437675"><ele>302.25</ele></trkpt>
<trkpt lon="-5.107976" lat="43.437754"><ele>302.25</ele></trkpt>
<trkpt lon="-5.108332" lat="43.437870"><ele>308.75</ele></trkpt>
<trkpt lon="-5.108473" lat="43.437932"><ele>310.25</ele></trkpt>
<trkpt lon="-5.108550" lat="43.437976"><ele>311.0</ele></trkpt>
<trkpt lon="-5.108607" lat="43.438028"><ele>310.75</ele></trkpt>
<trkpt lon="-5.108630" lat="43.438060"><ele>310.75</ele></trkpt>
<trkpt lon="-5.108617" lat="43.438143"><ele>313.0</ele></trkpt>
<trkpt lon="-5.108599" lat="43.438175"><ele>313.25</ele></trkpt>
<trkpt lon="-5.108558" lat="43.438209"><ele>313.0</ele></trkpt>
<trkpt lon="-5.108418" lat="43.438295"><ele>310.75</ele></trkpt>
<trkpt lon="-5.108421" lat="43.438370"><ele>311.25</ele></trkpt>
<trkpt lon="-5.108460" lat="43.438414"><ele>311.5</ele></trkpt>
<trkpt lon="-5.108506" lat="43.438441"><ele>312.25</ele></trkpt>
<trkpt lon="-5.108582" lat="43.438460"><ele>314.0</ele></trkpt>
<trkpt lon="-5.108685" lat="43.438476"><ele>315.75</ele></trkpt>
<trkpt lon="-5.108932" lat="43.438535"><ele>319.25</ele></trkpt>
<trkpt lon="-5.109003" lat="43.438556"><ele>320.25</ele></trkpt>
<trkpt lon="-5.109171" lat="43.438621"><ele>322.5</ele></trkpt>
<trkpt lon="-5.109246" lat="43.438637"><ele>321.75</ele></trkpt>
<trkpt lon="-5.109310" lat="43.438623"><ele>322.5</ele></trkpt>
<trkpt lon="-5.109545" lat="43.438513"><ele>323.5</ele></trkpt>
<trkpt lon="-5.109642" lat="43.438366"><ele>323.75</ele></trkpt>
<trkpt lon="-5.109725" lat="43.438206"><ele>325.0</ele></trkpt>
<trkpt lon="-5.110155" lat="43.437875"><ele>322.0</ele></trkpt>
<trkpt lon="-5.110199" lat="43.437783"><ele>322.75</ele></trkpt>
<trkpt lon="-5.110296" lat="43.437540"><ele>321.0</ele></trkpt>
<trkpt lon="-5.110340" lat="43.437410"><ele>322.0</ele></trkpt>
<trkpt lon="-5.110479" lat="43.437323"><ele>319.0</ele></trkpt>
<trkpt lon="-5.110528" lat="43.437259"><ele>319.0</ele></trkpt>
<trkpt lon="-5.110579" lat="43.437125"><ele>319.0</ele></trkpt>
<trkpt lon="-5.110662" lat="43.436828"><ele>318.25</ele></trkpt>
<trkpt lon="-5.110746" lat="43.436578"><ele>316.25</ele></trkpt>
<trkpt lon="-5.110735" lat="43.436484"><ele>317.25</ele></trkpt>
<trkpt lon="-5.110749" lat="43.436392"><ele>316.75</ele></trkpt>
<trkpt lon="-5.110798" lat="43.436301"><ele>316.5</ele></trkpt>
<trkpt lon="-5.110949" lat="43.436163"><ele>313.25</ele></trkpt>
<trkpt lon="-5.110977" lat="43.436097"><ele>313.75</ele></trkpt>
<trkpt lon="-5.110963" lat="43.436016"><ele>314.0</ele></trkpt>
<trkpt lon="-5.110974" lat="43.435883"><ele>313.0</ele></trkpt>
<trkpt lon="-5.111012" lat="43.435810"><ele>311.25</ele></trkpt>
<trkpt lon="-5.111033" lat="43.435682"><ele>310.75</ele></trkpt>
<trkpt lon="-5.111086" lat="43.435542"><ele>309.5</ele></trkpt>
<trkpt lon="-5.111240" lat="43.435341"><ele>308.75</ele></trkpt>
<trkpt lon="-5.111272" lat="43.435288"><ele>308.25</ele></trkpt>
<trkpt lon="-5.111272" lat="43.435150"><ele>305.5</ele></trkpt>
<trkpt lon="-5.111247" lat="43.435097"><ele>305.5</ele></trkpt>
<trkpt lon="-5.111163" lat="43.435051"><ele>307.75</ele></trkpt>
<trkpt lon="-5.111103" lat="43.435008"><ele>308.5</ele></trkpt>
<trkpt lon="-5.111089" lat="43.434977"><ele>308.5</ele></trkpt>
<trkpt lon="-5.111107" lat="43.434756"><ele>307.25</ele></trkpt>
<trkpt lon="-5.111100" lat="43.434702"><ele>308.75</ele></trkpt>
<trkpt lon="-5.111159" lat="43.434680"><ele>309.75</ele></trkpt>
<trkpt lon="-5.111209" lat="43.434682"><ele>310.0</ele></trkpt>
<trkpt lon="-5.111335" lat="43.434735"><ele>307.25</ele></trkpt>
<trkpt lon="-5.111608" lat="43.434781"><ele>305.25</ele></trkpt>
<trkpt lon="-5.111741" lat="43.434786"><ele>302.25</ele></trkpt>
<trkpt lon="-5.111825" lat="43.434753"><ele>301.5</ele></trkpt>
<trkpt lon="-5.111874" lat="43.434659"><ele>304.75</ele></trkpt>
<trkpt lon="-5.111973" lat="43.434562"><ele>306.75</ele></trkpt>
<trkpt lon="-5.112050" lat="43.434540"><ele>308.75</ele></trkpt>
<trkpt lon="-5.112148" lat="43.434568"><ele>308.25</ele></trkpt>
<trkpt lon="-5.112299" lat="43.434702"><ele>302.25</ele></trkpt>
<trkpt lon="-5.112474" lat="43.434776"><ele>304.5</ele></trkpt>
<trkpt lon="-5.112603" lat="43.434847"><ele>302.5</ele></trkpt>
<trkpt lon="-5.112719" lat="43.434832"><ele>305.25</ele></trkpt>
<trkpt lon="-5.112800" lat="43.434870"><ele>304.5</ele></trkpt>
<trkpt lon="-5.112936" lat="43.435028"><ele>300.0</ele></trkpt>
<trkpt lon="-5.113084" lat="43.435173"><ele>296.75</ele></trkpt>
<trkpt lon="-5.113259" lat="43.435237"><ele>299.0</ele></trkpt>
<trkpt lon="-5.113410" lat="43.435278"><ele>300.25</ele></trkpt>
<trkpt lon="-5.113546" lat="43.435293"><ele>301.75</ele></trkpt>
<trkpt lon="-5.113662" lat="43.435334"><ele>302.0</ele></trkpt>
<trkpt lon="-5.113799" lat="43.435395"><ele>303.0</ele></trkpt>
<trkpt lon="-5.113914" lat="43.435471"><ele>303.0</ele></trkpt>
<trkpt lon="-5.114040" lat="43.435532"><ele>302.75</ele></trkpt>
<trkpt lon="-5.114577" lat="43.435634"><ele>303.5</ele></trkpt>
<trkpt lon="-5.114812" lat="43.435654"><ele>304.0</ele></trkpt>
<trkpt lon="-5.115134" lat="43.435662"><ele>305.0</ele></trkpt>
<trkpt lon="-5.115397" lat="43.435659"><ele>304.5</ele></trkpt>
<trkpt lon="-5.115505" lat="43.435629"><ele>305.25</ele></trkpt>
<trkpt lon="-5.115779" lat="43.435379"><ele>310.75</ele></trkpt>
<trkpt lon="-5.115940" lat="43.435143"><ele>315.25</ele></trkpt>
<trkpt lon="-5.116133" lat="43.434954"><ele>318.25</ele></trkpt>
<trkpt lon="-5.116301" lat="43.434725"><ele>323.0</ele></trkpt>
<trkpt lon="-5.116469" lat="43.434519"><ele>325.5</ele></trkpt>
<trkpt lon="-5.116662" lat="43.434061"><ele>335.5</ele></trkpt>
<trkpt lon="-5.116718" lat="43.433890"><ele>338.5</ele></trkpt>
<trkpt lon="-5.116694" lat="43.433745"><ele>341.75</ele></trkpt>
<trkpt lon="-5.116655" lat="43.433603"><ele>345.5</ele></trkpt>
<trkpt lon="-5.116627" lat="43.433389"><ele>349.25</ele></trkpt>
<trkpt lon="-5.116613" lat="43.433127"><ele>353.0</ele></trkpt>
<trkpt lon="-5.116631" lat="43.432962"><ele>357.0</ele></trkpt>
<trkpt lon="-5.116729" lat="43.432852"><ele>357.75</ele></trkpt>
<trkpt lon="-5.116844" lat="43.432674"><ele>359.75</ele></trkpt>
<trkpt lon="-5.116971" lat="43.432318"><ele>364.25</ele></trkpt>
<trkpt lon="-5.116981" lat="43.432145"><ele>367.5</ele></trkpt>
<trkpt lon="-5.116935" lat="43.432068"><ele>370.5</ele></trkpt>
<trkpt lon="-5.116921" lat="43.431976"><ele>372.25</ele></trkpt>
<trkpt lon="-5.116981" lat="43.431877"><ele>373.5</ele></trkpt>
<trkpt lon="-5.117107" lat="43.431712"><ele>377.0</ele></trkpt>
<trkpt lon="-5.117261" lat="43.431562"><ele>380.75</ele></trkpt>
<trkpt lon="-5.117339" lat="43.431511"><ele>383.5</ele></trkpt>
<trkpt lon="-5.117412" lat="43.431524"><ele>383.0</ele></trkpt>
<trkpt lon="-5.117654" lat="43.431623"><ele>380.0</ele></trkpt>
<trkpt lon="-5.118036" lat="43.431750"><ele>381.75</ele></trkpt>
<trkpt lon="-5.118215" lat="43.431831"><ele>381.75</ele></trkpt>
<trkpt lon="-5.118436" lat="43.431910"><ele>382.75</ele></trkpt>
<trkpt lon="-5.118828" lat="43.431964"><ele>386.0</ele></trkpt>
<trkpt lon="-5.118923" lat="43.431931"><ele>387.25</ele></trkpt>
<trkpt lon="-5.119024" lat="43.431798"><ele>388.5</ele></trkpt>
<trkpt lon="-5.119063" lat="43.431679"><ele>391.0</ele></trkpt>
<trkpt lon="-5.119101" lat="43.431396"><ele>392.0</ele></trkpt>
<trkpt lon="-5.119231" lat="43.431091"><ele>387.75</ele></trkpt>
<trkpt lon="-5.119308" lat="43.430831"><ele>387.25</ele></trkpt>
<trkpt lon="-5.119407" lat="43.430683"><ele>387.25</ele></trkpt>
<trkpt lon="-5.119452" lat="43.430615"><ele>387.75</ele></trkpt>
<trkpt lon="-5.119669" lat="43.430472"><ele>386.0</ele></trkpt>
<trkpt lon="-5.119883" lat="43.430315"><ele>388.25</ele></trkpt>
<trkpt lon="-5.120067" lat="43.430217"><ele>390.75</ele></trkpt>
<trkpt lon="-5.120345" lat="43.430177"><ele>389.25</ele></trkpt>
<trkpt lon="-5.120866" lat="43.430096"><ele>391.0</ele></trkpt>
<trkpt lon="-5.120996" lat="43.429978"><ele>397.5</ele></trkpt>
<trkpt lon="-5.121286" lat="43.429849"><ele>402.5</ele></trkpt>
<trkpt lon="-5.121405" lat="43.429783"><ele>405.75</ele></trkpt>
<trkpt lon="-5.121873" lat="43.429619"><ele>417.5</ele></trkpt>
<trkpt lon="-5.122037" lat="43.429577"><ele>421.5</ele></trkpt>
<trkpt lon="-5.122457" lat="43.429538"><ele>426.5</ele></trkpt>
<trkpt lon="-5.122801" lat="43.429539"><ele>428.0</ele></trkpt>
<trkpt lon="-5.122422" lat="43.429410"><ele>428.0</ele></trkpt>
<trkpt lon="-5.122140" lat="43.429302"><ele>424.0</ele></trkpt>
<trkpt lon="-5.121938" lat="43.429234"><ele>424.25</ele></trkpt>
<trkpt lon="-5.121801" lat="43.429141"><ele>424.0</ele></trkpt>
<trkpt lon="-5.121542" lat="43.429020"><ele>424.5</ele></trkpt>
<trkpt lon="-5.121413" lat="43.428900"><ele>422.5</ele></trkpt>
<trkpt lon="-5.121342" lat="43.428765"><ele>420.75</ele></trkpt>
<trkpt lon="-5.121293" lat="43.428619"><ele>417.25</ele></trkpt>
<trkpt lon="-5.121172" lat="43.428454"><ele>414.0</ele></trkpt>
<trkpt lon="-5.120929" lat="43.428275"><ele>410.5</ele></trkpt>
<trkpt lon="-5.120700" lat="43.428132"><ele>407.5</ele></trkpt>
<trkpt lon="-5.120518" lat="43.427977"><ele>404.5</ele></trkpt>
<trkpt lon="-5.120435" lat="43.427889"><ele>401.5</ele></trkpt>
<trkpt lon="-5.120341" lat="43.427835"><ele>399.5</ele></trkpt>
<trkpt lon="-5.120157" lat="43.427787"><ele>396.5</ele></trkpt>
<trkpt lon="-5.119996" lat="43.427763"><ele>394.25</ele></trkpt>
<trkpt lon="-5.119841" lat="43.427753"><ele>391.5</ele></trkpt>
<trkpt lon="-5.120332" lat="43.427680"><ele>392.25</ele></trkpt>
<trkpt lon="-5.120557" lat="43.427682"><ele>392.0</ele></trkpt>
<trkpt lon="-5.120727" lat="43.427758"><ele>392.25</ele></trkpt>
<trkpt lon="-5.120856" lat="43.427868"><ele>393.5</ele></trkpt>
<trkpt lon="-5.121050" lat="43.428016"><ele>393.75</ele></trkpt>
<trkpt lon="-5.121257" lat="43.428096"><ele>393.5</ele></trkpt>
<trkpt lon="-5.121423" lat="43.428101"><ele>391.25</ele></trkpt>
<trkpt lon="-5.121734" lat="43.428089"><ele>389.0</ele></trkpt>
<trkpt lon="-5.121824" lat="43.428166"><ele>388.75</ele></trkpt>
<trkpt lon="-5.121910" lat="43.428553"><ele>388.25</ele></trkpt>
<trkpt lon="-5.122079" lat="43.428687"><ele>387.5</ele></trkpt>
<trkpt lon="-5.122193" lat="43.428752"><ele>388.25</ele></trkpt>
<trkpt lon="-5.122400" lat="43.428805"><ele>387.25</ele></trkpt>
<trkpt lon="-5.122560" lat="43.428841"><ele>387.0</ele></trkpt>
<trkpt lon="-5.123075" lat="43.428922"><ele>385.75</ele></trkpt>
<trkpt lon="-5.123232" lat="43.428877"><ele>384.5</ele></trkpt>
<trkpt lon="-5.123524" lat="43.428752"><ele>382.0</ele></trkpt>
<trkpt lon="-5.123768" lat="43.428689"><ele>381.25</ele></trkpt>
<trkpt lon="-5.123959" lat="43.428665"><ele>382.25</ele></trkpt>
<trkpt lon="-5.124424" lat="43.428510"><ele>389.75</ele></trkpt>
<trkpt lon="-5.124486" lat="43.428327"><ele>382.0</ele></trkpt>
<trkpt lon="-5.124544" lat="43.428275"><ele>379.5</ele></trkpt>
<trkpt lon="-5.124671" lat="43.428244"><ele>378.25</ele></trkpt>
<trkpt lon="-5.124769" lat="43.428277"><ele>379.75</ele></trkpt>
<trkpt lon="-5.124806" lat="43.428280"><ele>379.25</ele></trkpt>
<trkpt lon="-5.124960" lat="43.428318"><ele>378.75</ele></trkpt>
<trkpt lon="-5.125250" lat="43.428403"><ele>377.25</ele></trkpt>
<trkpt lon="-5.125487" lat="43.428394"><ele>374.75</ele></trkpt>
<trkpt lon="-5.125894" lat="43.428320"><ele>372.25</ele></trkpt>
<trkpt lon="-5.126045" lat="43.428286"><ele>371.5</ele></trkpt>
<trkpt lon="-5.126190" lat="43.428244"><ele>371.75</ele></trkpt>
<trkpt lon="-5.126297" lat="43.428163"><ele>370.5</ele></trkpt>
<trkpt lon="-5.126371" lat="43.428040"><ele>368.5</ele></trkpt>
<trkpt lon="-5.126359" lat="43.427908"><ele>369.0</ele></trkpt>
<trkpt lon="-5.126304" lat="43.427821"><ele>366.75</ele></trkpt>
<trkpt lon="-5.126270" lat="43.427684"><ele>365.75</ele></trkpt>
<trkpt lon="-5.126282" lat="43.427396"><ele>366.5</ele></trkpt>
<trkpt lon="-5.126492" lat="43.426897"><ele>366.0</ele></trkpt>
<trkpt lon="-5.126587" lat="43.426691"><ele>366.25</ele></trkpt>
<trkpt lon="-5.126264" lat="43.426346"><ele>366.75</ele></trkpt>
<trkpt lon="-5.126267" lat="43.426172"><ele>369.0</ele></trkpt>
<trkpt lon="-5.126254" lat="43.425959"><ele>368.5</ele></trkpt>
<trkpt lon="-5.126264" lat="43.425897"><ele>368.5</ele></trkpt>
<trkpt lon="-5.126350" lat="43.425762"><ele>368.75</ele></trkpt>
<trkpt lon="-5.126443" lat="43.425596"><ele>367.0</ele></trkpt>
<trkpt lon="-5.126495" lat="43.425516"><ele>365.25</ele></trkpt>
<trkpt lon="-5.126538" lat="43.425400"><ele>362.5</ele></trkpt>
<trkpt lon="-5.126577" lat="43.425394"><ele>362.5</ele></trkpt>
<trkpt lon="-5.126409" lat="43.425315"><ele>360.0</ele></trkpt>
<trkpt lon="-5.126218" lat="43.425237"><ele>358.75</ele></trkpt>
<trkpt lon="-5.126071" lat="43.425092"><ele>357.75</ele></trkpt>
<trkpt lon="-5.125727" lat="43.424570"><ele>354.25</ele></trkpt>
<trkpt lon="-5.125580" lat="43.424250"><ele>350.75</ele></trkpt>
<trkpt lon="-5.125505" lat="43.424065"><ele>349.0</ele></trkpt>
<trkpt lon="-5.125464" lat="43.423926"><ele>348.25</ele></trkpt>
<trkpt lon="-5.125496" lat="43.423774"><ele>347.5</ele></trkpt>
<trkpt lon="-5.125770" lat="43.423399"><ele>349.25</ele></trkpt>
<trkpt lon="-5.126057" lat="43.423052"><ele>352.5</ele></trkpt>
<trkpt lon="-5.126241" lat="43.422866"><ele>352.25</ele></trkpt>
<trkpt lon="-5.126692" lat="43.422439"><ele>349.75</ele></trkpt>
<trkpt lon="-5.126965" lat="43.422108"><ele>346.25</ele></trkpt>
<trkpt lon="-5.127171" lat="43.421748"><ele>341.75</ele></trkpt>
<trkpt lon="-5.127414" lat="43.421130"><ele>334.0</ele></trkpt>
<trkpt lon="-5.127613" lat="43.420929"><ele>332.75</ele></trkpt>
<trkpt lon="-5.128126" lat="43.420649"><ele>328.25</ele></trkpt>
<trkpt lon="-5.128322" lat="43.420573"><ele>326.5</ele></trkpt>
<trkpt lon="-5.128389" lat="43.420496"><ele>324.25</ele></trkpt>
<trkpt lon="-5.128450" lat="43.420475"><ele>322.75</ele></trkpt>
<trkpt lon="-5.128561" lat="43.420384"><ele>320.0</ele></trkpt>
<trkpt lon="-5.128706" lat="43.420303"><ele>318.5</ele></trkpt>
<trkpt lon="-5.128879" lat="43.420235"><ele>315.75</ele></trkpt>
<trkpt lon="-5.129143" lat="43.420216"><ele>310.5</ele></trkpt>
<trkpt lon="-5.129340" lat="43.420169"><ele>306.0</ele></trkpt>
<trkpt lon="-5.129502" lat="43.420111"><ele>303.75</ele></trkpt>
<trkpt lon="-5.129780" lat="43.420036"><ele>303.0</ele></trkpt>
<trkpt lon="-5.129857" lat="43.419993"><ele>302.75</ele></trkpt>
<trkpt lon="-5.129990" lat="43.419982"><ele>300.75</ele></trkpt>
<trkpt lon="-5.130130" lat="43.419912"><ele>297.5</ele></trkpt>
<trkpt lon="-5.130423" lat="43.419720"><ele>293.75</ele></trkpt>
<trkpt lon="-5.130537" lat="43.419626"><ele>290.0</ele></trkpt>
<trkpt lon="-5.130789" lat="43.419349"><ele>286.75</ele></trkpt>
<trkpt lon="-5.131054" lat="43.419160"><ele>283.0</ele></trkpt>
<trkpt lon="-5.131202" lat="43.419074"><ele>282.5</ele></trkpt>
<trkpt lon="-5.131434" lat="43.418842"><ele>282.0</ele></trkpt>
<trkpt lon="-5.131579" lat="43.418734"><ele>279.0</ele></trkpt>
<trkpt lon="-5.131666" lat="43.418644"><ele>278.0</ele></trkpt>
<trkpt lon="-5.131920" lat="43.418497"><ele>279.0</ele></trkpt>
<trkpt lon="-5.132170" lat="43.418453"><ele>276.75</ele></trkpt>
<trkpt lon="-5.132360" lat="43.418383"><ele>274.0</ele></trkpt>
<trkpt lon="-5.132441" lat="43.418343"><ele>272.75</ele></trkpt>
<trkpt lon="-5.132576" lat="43.418253"><ele>270.0</ele></trkpt>
<trkpt lon="-5.132665" lat="43.418161"><ele>268.5</ele></trkpt>
<trkpt lon="-5.132724" lat="43.418079"><ele>267.75</ele></trkpt>
<trkpt lon="-5.132827" lat="43.417971"><ele>265.0</ele></trkpt>
<trkpt lon="-5.132885" lat="43.417931"><ele>263.75</ele></trkpt>
<trkpt lon="-5.132965" lat="43.417886"><ele>262.75</ele></trkpt>
<trkpt lon="-5.133056" lat="43.417846"><ele>261.75</ele></trkpt>
<trkpt lon="-5.133323" lat="43.417691"><ele>257.75</ele></trkpt>
<trkpt lon="-5.133535" lat="43.417602"><ele>255.5</ele></trkpt>
<trkpt lon="-5.133589" lat="43.417574"><ele>255.25</ele></trkpt>
<trkpt lon="-5.133879" lat="43.417372"><ele>250.5</ele></trkpt>
<trkpt lon="-5.134070" lat="43.417246"><ele>249.75</ele></trkpt>
<trkpt lon="-5.134161" lat="43.417198"><ele>249.75</ele></trkpt>
<trkpt lon="-5.134480" lat="43.417077"><ele>247.25</ele></trkpt>
<trkpt lon="-5.134931" lat="43.416920"><ele>246.0</ele></trkpt>
<trkpt lon="-5.135183" lat="43.416846"><ele>244.25</ele></trkpt>
<trkpt lon="-5.135373" lat="43.416804"><ele>243.25</ele></trkpt>
<trkpt lon="-5.135991" lat="43.416748"><ele>244.0</ele></trkpt>
<trkpt lon="-5.136055" lat="43.416742"><ele>244.5</ele></trkpt>
<trkpt lon="-5.136091" lat="43.416737"><ele>245.0</ele></trkpt>
<trkpt lon="-5.136203" lat="43.416705"><ele>246.25</ele></trkpt>
<trkpt lon="-5.136398" lat="43.416595"><ele>248.5</ele></trkpt>
<trkpt lon="-5.136544" lat="43.416528"><ele>248.75</ele></trkpt>
<trkpt lon="-5.137036" lat="43.416354"><ele>248.0</ele></trkpt>
<trkpt lon="-5.137244" lat="43.416294"><ele>247.25</ele></trkpt>
<trkpt lon="-5.137571" lat="43.416214"><ele>246.75</ele></trkpt>
<trkpt lon="-5.137647" lat="43.416211"><ele>246.25</ele></trkpt>
<trkpt lon="-5.137908" lat="43.416140"><ele>245.75</ele></trkpt>
<trkpt lon="-5.138077" lat="43.416115"><ele>245.5</ele></trkpt>
<trkpt lon="-5.138892" lat="43.416083"><ele>238.25</ele></trkpt>
<trkpt lon="-5.139007" lat="43.416018"><ele>237.25</ele></trkpt>
<trkpt lon="-5.139065" lat="43.415970"><ele>236.25</ele></trkpt>
<trkpt lon="-5.139100" lat="43.415903"><ele>235.25</ele></trkpt>
<trkpt lon="-5.139116" lat="43.415488"><ele>232.0</ele></trkpt>
<trkpt lon="-5.139101" lat="43.415376"><ele>230.5</ele></trkpt>
<trkpt lon="-5.139123" lat="43.415253"><ele>228.5</ele></trkpt>
<trkpt lon="-5.139183" lat="43.415105"><ele>226.25</ele></trkpt>
<trkpt lon="-5.139191" lat="43.415024"><ele>225.25</ele></trkpt>
<trkpt lon="-5.139164" lat="43.414867"><ele>223.75</ele></trkpt>
<trkpt lon="-5.139151" lat="43.414780"><ele>222.75</ele></trkpt>
<trkpt lon="-5.139148" lat="43.414697"><ele>222.0</ele></trkpt>
<trkpt lon="-5.139155" lat="43.414635"><ele>221.5</ele></trkpt>
<trkpt lon="-5.139198" lat="43.414543"><ele>221.5</ele></trkpt>
<trkpt lon="-5.139234" lat="43.414494"><ele>221.5</ele></trkpt>
<trkpt lon="-5.139289" lat="43.414441"><ele>222.0</ele></trkpt>
<trkpt lon="-5.139354" lat="43.414356"><ele>221.5</ele></trkpt>
<trkpt lon="-5.139407" lat="43.414271"><ele>221.25</ele></trkpt>
<trkpt lon="-5.139448" lat="43.414164"><ele>220.75</ele></trkpt>
<trkpt lon="-5.139463" lat="43.414041"><ele>218.75</ele></trkpt>
<trkpt lon="-5.139499" lat="43.413852"><ele>216.0</ele></trkpt>
<trkpt lon="-5.139629" lat="43.413521"><ele>211.5</ele></trkpt>
<trkpt lon="-5.139702" lat="43.413303"><ele>207.75</ele></trkpt>
<trkpt lon="-5.139783" lat="43.413172"><ele>206.25</ele></trkpt>
<trkpt lon="-5.139820" lat="43.413137"><ele>206.0</ele></trkpt>
<trkpt lon="-5.139883" lat="43.413104"><ele>206.5</ele></trkpt>
<trkpt lon="-5.140231" lat="43.412967"><ele>205.75</ele></trkpt>
<trkpt lon="-5.140342" lat="43.412943"><ele>204.75</ele></trkpt>
<trkpt lon="-5.140518" lat="43.412961"><ele>202.5</ele></trkpt>
<trkpt lon="-5.140725" lat="43.412968"><ele>199.0</ele></trkpt>
<trkpt lon="-5.140894" lat="43.412911"><ele>196.0</ele></trkpt>
<trkpt lon="-5.140952" lat="43.412870"><ele>194.75</ele></trkpt>
<trkpt lon="-5.140967" lat="43.412839"><ele>194.5</ele></trkpt>
<trkpt lon="-5.140957" lat="43.412758"><ele>194.5</ele></trkpt>
<trkpt lon="-5.140883" lat="43.412391"><ele>190.0</ele></trkpt>
<trkpt lon="-5.140818" lat="43.412298"><ele>189.0</ele></trkpt>
<trkpt lon="-5.140551" lat="43.412093"><ele>186.0</ele></trkpt>
<trkpt lon="-5.140490" lat="43.412068"><ele>184.5</ele></trkpt>
<trkpt lon="-5.140327" lat="43.412091"><ele>182.75</ele></trkpt>
<trkpt lon="-5.140161" lat="43.412137"><ele>182.25</ele></trkpt>
<trkpt lon="-5.140014" lat="43.412163"><ele>181.0</ele></trkpt>
<trkpt lon="-5.139856" lat="43.412183"><ele>178.5</ele></trkpt>
<trkpt lon="-5.139586" lat="43.412298"><ele>176.75</ele></trkpt>
<trkpt lon="-5.139478" lat="43.412362"><ele>177.0</ele></trkpt>
<trkpt lon="-5.139096" lat="43.412515"><ele>175.5</ele></trkpt>
<trkpt lon="-5.139053" lat="43.412517"><ele>175.0</ele></trkpt>
<trkpt lon="-5.138999" lat="43.412499"><ele>174.0</ele></trkpt>
<trkpt lon="-5.138975" lat="43.412478"><ele>173.5</ele></trkpt>
<trkpt lon="-5.138969" lat="43.412244"><ele>169.25</ele></trkpt>
<trkpt lon="-5.138980" lat="43.412045"><ele>166.5</ele></trkpt>
<trkpt lon="-5.139005" lat="43.411809"><ele>164.25</ele></trkpt>
<trkpt lon="-5.139037" lat="43.411686"><ele>162.75</ele></trkpt>
<trkpt lon="-5.139082" lat="43.411558"><ele>162.0</ele></trkpt>
<trkpt lon="-5.139171" lat="43.411461"><ele>159.5</ele></trkpt>
<trkpt lon="-5.139266" lat="43.411390"><ele>157.0</ele></trkpt>
<trkpt lon="-5.139607" lat="43.411019"><ele>151.5</ele></trkpt>
<trkpt lon="-5.140022" lat="43.410627"><ele>139.5</ele></trkpt>
<trkpt lon="-5.140214" lat="43.410468"><ele>135.0</ele></trkpt>
<trkpt lon="-5.140417" lat="43.410331"><ele>130.25</ele></trkpt>
<trkpt lon="-5.140599" lat="43.410162"><ele>127.0</ele></trkpt>
<trkpt lon="-5.140715" lat="43.410060"><ele>124.75</ele></trkpt>
<trkpt lon="-5.140775" lat="43.409993"><ele>123.25</ele></trkpt>
<trkpt lon="-5.140911" lat="43.409902"><ele>120.0</ele></trkpt>
<trkpt lon="-5.141153" lat="43.409726"><ele>114.5</ele></trkpt>
<trkpt lon="-5.141370" lat="43.409587"><ele>109.5</ele></trkpt>
<trkpt lon="-5.141551" lat="43.409454"><ele>104.5</ele></trkpt>
<trkpt lon="-5.141649" lat="43.409394"><ele>102.5</ele></trkpt>
<trkpt lon="-5.141717" lat="43.409308"><ele>102.0</ele></trkpt>
<trkpt lon="-5.141866" lat="43.409154"><ele>99.5</ele></trkpt>
<trkpt lon="-5.142055" lat="43.409014"><ele>94.5</ele></trkpt>
<trkpt lon="-5.142276" lat="43.408796"><ele>88.5</ele></trkpt>
<trkpt lon="-5.142395" lat="43.408602"><ele>85.0</ele></trkpt>
<trkpt lon="-5.142491" lat="43.408500"><ele>82.0</ele></trkpt>
<trkpt lon="-5.142584" lat="43.408483"><ele>78.75</ele></trkpt>
<trkpt lon="-5.142637" lat="43.408535"><ele>76.5</ele></trkpt>
<trkpt lon="-5.142742" lat="43.408407"><ele>74.25</ele></trkpt>
<trkpt lon="-5.142812" lat="43.408269"><ele>72.5</ele></trkpt>
<trkpt lon="-5.142827" lat="43.408179"><ele>72.0</ele></trkpt>
<trkpt lon="-5.142822" lat="43.408093"><ele>72.5</ele></trkpt>
<trkpt lon="-5.142751" lat="43.407863"><ele>74.25</ele></trkpt>
<trkpt lon="-5.142741" lat="43.407781"><ele>74.25</ele></trkpt>
<trkpt lon="-5.142756" lat="43.407691"><ele>74.25</ele></trkpt>
<trkpt lon="-5.142796" lat="43.407565"><ele>73.5</ele></trkpt>
<trkpt lon="-5.142976" lat="43.407315"><ele>70.25</ele></trkpt>
<trkpt lon="-5.143103" lat="43.407197"><ele>67.75</ele></trkpt>
<trkpt lon="-5.143243" lat="43.407040"><ele>67.0</ele></trkpt>
<trkpt lon="-5.143285" lat="43.406978"><ele>65.75</ele></trkpt>
<trkpt lon="-5.143475" lat="43.406458"><ele>63.0</ele></trkpt>
<trkpt lon="-5.143542" lat="43.406310"><ele>61.0</ele></trkpt>
<trkpt lon="-5.143673" lat="43.406099"><ele>56.75</ele></trkpt>
<trkpt lon="-5.143770" lat="43.405878"><ele>54.75</ele></trkpt>
<trkpt lon="-5.143783" lat="43.405835"><ele>54.5</ele></trkpt>
<trkpt lon="-5.143787" lat="43.405640"><ele>54.25</ele></trkpt>
<trkpt lon="-5.143799" lat="43.405561"><ele>53.25</ele></trkpt>
<trkpt lon="-5.143846" lat="43.405417"><ele>51.5</ele></trkpt>
<trkpt lon="-5.143933" lat="43.405246"><ele>47.5</ele></trkpt>
<trkpt lon="-5.143953" lat="43.405172"><ele>46.25</ele></trkpt>
<trkpt lon="-5.143958" lat="43.405120"><ele>45.75</ele></trkpt>
<trkpt lon="-5.143902" lat="43.404881"><ele>43.75</ele></trkpt>
<trkpt lon="-5.143868" lat="43.404817"><ele>43.0</ele></trkpt>
<trkpt lon="-5.143754" lat="43.404659"><ele>43.5</ele></trkpt>
<trkpt lon="-5.143716" lat="43.404586"><ele>43.25</ele></trkpt>
<trkpt lon="-5.143697" lat="43.404526"><ele>42.5</ele></trkpt>
<trkpt lon="-5.143697" lat="43.404489"><ele>41.5</ele></trkpt>
<trkpt lon="-5.143730" lat="43.404302"><ele>37.75</ele></trkpt>
<trkpt lon="-5.143718" lat="43.404239"><ele>37.5</ele></trkpt>
<trkpt lon="-5.143680" lat="43.404176"><ele>37.75</ele></trkpt>
<trkpt lon="-5.143390" lat="43.403893"><ele>35.75</ele></trkpt>
<trkpt lon="-5.143315" lat="43.403793"><ele>35.25</ele></trkpt>
<trkpt lon="-5.143191" lat="43.403581"><ele>33.25</ele></trkpt>
<trkpt lon="-5.143182" lat="43.403537"><ele>32.5</ele></trkpt>
<trkpt lon="-5.143205" lat="43.403496"><ele>31.0</ele></trkpt>
<trkpt lon="-5.143015" lat="43.403197"><ele>27.25</ele></trkpt>
<trkpt lon="-5.143004" lat="43.402800"><ele>25.75</ele></trkpt>
<trkpt lon="-5.142849" lat="43.402665"><ele>25.0</ele></trkpt>
<trkpt lon="-5.142746" lat="43.402661"><ele>24.5</ele></trkpt>
<trkpt lon="-5.142342" lat="43.402769"><ele>24.5</ele></trkpt>
<trkpt lon="-5.142044" lat="43.402732"><ele>26.75</ele></trkpt>
<trkpt lon="-5.141793" lat="43.402642"><ele>28.5</ele></trkpt>
<trkpt lon="-5.141576" lat="43.402293"><ele>28.5</ele></trkpt>
<trkpt lon="-5.141405" lat="43.402095"><ele>26.75</ele></trkpt>
<trkpt lon="-5.141271" lat="43.402053"><ele>24.75</ele></trkpt>
<trkpt lon="-5.140643" lat="43.402082"><ele>21.0</ele></trkpt>
<trkpt lon="-5.140637" lat="43.402067"><ele>20.5</ele></trkpt>
<trkpt lon="-5.140311" lat="43.401512"><ele>18.0</ele></trkpt>
<trkpt lon="-5.140257" lat="43.401420"><ele>19.5</ele></trkpt>
<trkpt lon="-5.140463" lat="43.401360"><ele>19.25</ele></trkpt>
<trkpt lon="-5.140929" lat="43.401164"><ele>19.25</ele></trkpt>
<trkpt lon="-5.141072" lat="43.401063"><ele>20.0</ele></trkpt>
<trkpt lon="-5.143244" lat="43.399178"><ele>21.5</ele></trkpt>
<trkpt lon="-5.143864" lat="43.398557"><ele>21.0</ele></trkpt>
<trkpt lon="-5.143836" lat="43.398223"><ele>21.5</ele></trkpt>
<trkpt lon="-5.143721" lat="43.398008"><ele>23.0</ele></trkpt>
<trkpt lon="-5.143726" lat="43.397954"><ele>23.0</ele></trkpt>
<trkpt lon="-5.143745" lat="43.397899"><ele>23.0</ele></trkpt>
<trkpt lon="-5.143814" lat="43.397778"><ele>22.75</ele></trkpt>
<trkpt lon="-5.143947" lat="43.397411"><ele>23.0</ele></trkpt>
<trkpt lon="-5.143958" lat="43.397331"><ele>23.0</ele></trkpt>
<trkpt lon="-5.143945" lat="43.397254"><ele>23.0</ele></trkpt>
<trkpt lon="-5.143896" lat="43.397127"><ele>23.25</ele></trkpt>
<trkpt lon="-5.143916" lat="43.397101"><ele>23.25</ele></trkpt>
<trkpt lon="-5.143988" lat="43.397076"><ele>23.5</ele></trkpt>
<trkpt lon="-5.144066" lat="43.397050"><ele>23.5</ele></trkpt>
<trkpt lon="-5.144120" lat="43.397018"><ele>23.5</ele></trkpt>
<trkpt lon="-5.144009" lat="43.396937"><ele>24.0</ele></trkpt>
<trkpt lon="-5.143906" lat="43.396819"><ele>24.25</ele></trkpt>
<trkpt lon="-5.143744" lat="43.396673"><ele>24.25</ele></trkpt>
<trkpt lon="-5.143518" lat="43.396516"><ele>24.25</ele></trkpt>
<trkpt lon="-5.143208" lat="43.396191"><ele>25.75</ele></trkpt>
<trkpt lon="-5.143021" lat="43.396107"><ele>26.25</ele></trkpt>
<trkpt lon="-5.142859" lat="43.396084"><ele>27.75</ele></trkpt>
<trkpt lon="-5.142763" lat="43.396050"><ele>29.0</ele></trkpt>
<trkpt lon="-5.142700" lat="43.395972"><ele>30.75</ele></trkpt>
<trkpt lon="-5.142663" lat="43.395772"><ele>31.5</ele></trkpt>
<trkpt lon="-5.142567" lat="43.395643"><ele>34.0</ele></trkpt>
<trkpt lon="-5.142346" lat="43.395488"><ele>38.25</ele></trkpt>
<trkpt lon="-5.142200" lat="43.395353"><ele>39.25</ele></trkpt>
<trkpt lon="-5.142084" lat="43.395130"><ele>38.5</ele></trkpt>
<trkpt lon="-5.142000" lat="43.394937"><ele>37.5</ele></trkpt>
<trkpt lon="-5.141885" lat="43.394814"><ele>38.5</ele></trkpt>
<trkpt lon="-5.141821" lat="43.394711"><ele>39.5</ele></trkpt>
<trkpt lon="-5.141749" lat="43.394487"><ele>41.25</ele></trkpt>
<trkpt lon="-5.141747" lat="43.394347"><ele>41.75</ele></trkpt>
<trkpt lon="-5.141834" lat="43.394227"><ele>39.25</ele></trkpt>
<trkpt lon="-5.141796" lat="43.394008"><ele>40.5</ele></trkpt>
<trkpt lon="-5.141851" lat="43.393727"><ele>38.0</ele></trkpt>
<trkpt lon="-5.141870" lat="43.393560"><ele>35.75</ele></trkpt>
<trkpt lon="-5.141832" lat="43.393428"><ele>35.0</ele></trkpt>
<trkpt lon="-5.141761" lat="43.393323"><ele>34.75</ele></trkpt>
<trkpt lon="-5.141671" lat="43.393228"><ele>35.75</ele></trkpt>
<trkpt lon="-5.141587" lat="43.393094"><ele>37.75</ele></trkpt>
<trkpt lon="-5.141499" lat="43.392826"><ele>39.25</ele></trkpt>
<trkpt lon="-5.141456" lat="43.392405"><ele>41.5</ele></trkpt>
<trkpt lon="-5.141325" lat="43.391966"><ele>44.75</ele></trkpt>
<trkpt lon="-5.141208" lat="43.391637"><ele>44.25</ele></trkpt>
<trkpt lon="-5.141158" lat="43.391438"><ele>45.25</ele></trkpt>
<trkpt lon="-5.141292" lat="43.391226"><ele>41.25</ele></trkpt>
<trkpt lon="-5.141369" lat="43.391077"><ele>38.75</ele></trkpt>
<trkpt lon="-5.141325" lat="43.390931"><ele>39.75</ele></trkpt>
<trkpt lon="-5.141231" lat="43.390807"><ele>40.5</ele></trkpt>
<trkpt lon="-5.141081" lat="43.390452"><ele>43.25</ele></trkpt>
<trkpt lon="-5.140893" lat="43.390099"><ele>43.25</ele></trkpt>
<trkpt lon="-5.140709" lat="43.389994"><ele>44.25</ele></trkpt>
<trkpt lon="-5.140471" lat="43.389955"><ele>46.5</ele></trkpt>
<trkpt lon="-5.140307" lat="43.389860"><ele>46.75</ele></trkpt>
<trkpt lon="-5.140136" lat="43.389648"><ele>46.0</ele></trkpt>
<trkpt lon="-5.140059" lat="43.389572"><ele>46.5</ele></trkpt>
<trkpt lon="-5.139740" lat="43.389434"><ele>50.5</ele></trkpt>
<trkpt lon="-5.139613" lat="43.389341"><ele>54.25</ele></trkpt>
<trkpt lon="-5.139425" lat="43.389042"><ele>56.5</ele></trkpt>
<trkpt lon="-5.139271" lat="43.388888"><ele>58.0</ele></trkpt>
<trkpt lon="-5.138634" lat="43.388715"><ele>63.25</ele></trkpt>
<trkpt lon="-5.138373" lat="43.388574"><ele>64.5</ele></trkpt>
<trkpt lon="-5.138055" lat="43.388472"><ele>67.5</ele></trkpt>
<trkpt lon="-5.137736" lat="43.388445"><ele>70.75</ele></trkpt>
<trkpt lon="-5.137291" lat="43.388474"><ele>74.25</ele></trkpt>
<trkpt lon="-5.136641" lat="43.388260"><ele>79.5</ele></trkpt>
<trkpt lon="-5.136578" lat="43.388250"><ele>79.5</ele></trkpt>
<trkpt lon="-5.136121" lat="43.388177"><ele>76.25</ele></trkpt>
<trkpt lon="-5.135749" lat="43.388199"><ele>76.0</ele></trkpt>
<trkpt lon="-5.135049" lat="43.388180"><ele>71.25</ele></trkpt>
<trkpt lon="-5.134523" lat="43.388199"><ele>69.5</ele></trkpt>
<trkpt lon="-5.134154" lat="43.388129"><ele>67.5</ele></trkpt>
<trkpt lon="-5.133843" lat="43.388009"><ele>65.5</ele></trkpt>
<trkpt lon="-5.133686" lat="43.387971"><ele>66.75</ele></trkpt>
<trkpt lon="-5.133453" lat="43.387979"><ele>66.75</ele></trkpt>
<trkpt lon="-5.133213" lat="43.388011"><ele>66.75</ele></trkpt>
<trkpt lon="-5.132570" lat="43.388133"><ele>71.75</ele></trkpt>
<trkpt lon="-5.132318" lat="43.388121"><ele>71.5</ele></trkpt>
<trkpt lon="-5.131913" lat="43.388019"><ele>70.75</ele></trkpt>
<trkpt lon="-5.131738" lat="43.387961"><ele>71.75</ele></trkpt>
<trkpt lon="-5.131541" lat="43.387883"><ele>72.25</ele></trkpt>
<trkpt lon="-5.131364" lat="43.387737"><ele>70.5</ele></trkpt>
<trkpt lon="-5.131072" lat="43.387589"><ele>70.5</ele></trkpt>
<trkpt lon="-5.130736" lat="43.387463"><ele>70.0</ele></trkpt>
<trkpt lon="-5.130380" lat="43.387363"><ele>71.0</ele></trkpt>
<trkpt lon="-5.129963" lat="43.387346"><ele>72.0</ele></trkpt>
<trkpt lon="-5.128831" lat="43.387418"><ele>80.25</ele></trkpt>
<trkpt lon="-5.127737" lat="43.387474"><ele>84.5</ele></trkpt>
<trkpt lon="-5.127584" lat="43.387486"><ele>84.5</ele></trkpt>
<trkpt lon="-5.126851" lat="43.387544"><ele>88.25</ele></trkpt>
<trkpt lon="-5.126532" lat="43.387554"><ele>92.5</ele></trkpt>
<trkpt lon="-5.126131" lat="43.387429"><ele>93.5</ele></trkpt>
<trkpt lon="-5.125985" lat="43.387333"><ele>93.5</ele></trkpt>
<trkpt lon="-5.125777" lat="43.387197"><ele>92.5</ele></trkpt>
<trkpt lon="-5.125355" lat="43.386875"><ele>91.75</ele></trkpt>
<trkpt lon="-5.124621" lat="43.386734"><ele>94.25</ele></trkpt>
<trkpt lon="-5.124095" lat="43.386659"><ele>96.5</ele></trkpt>
<trkpt lon="-5.123638" lat="43.386659"><ele>100.5</ele></trkpt>
<trkpt lon="-5.122924" lat="43.386477"><ele>99.0</ele></trkpt>
<trkpt lon="-5.122232" lat="43.386231"><ele>107.5</ele></trkpt>
<trkpt lon="-5.121927" lat="43.386009"><ele>103.75</ele></trkpt>
<trkpt lon="-5.121248" lat="43.385753"><ele>113.75</ele></trkpt>
<trkpt lon="-5.121089" lat="43.385511"><ele>109.0</ele></trkpt>
<trkpt lon="-5.120833" lat="43.385330"><ele>109.25</ele></trkpt>
<trkpt lon="-5.120265" lat="43.385189"><ele>112.75</ele></trkpt>
<trkpt lon="-5.119905" lat="43.385053"><ele>110.25</ele></trkpt>
<trkpt lon="-5.119531" lat="43.384988"><ele>111.25</ele></trkpt>
<trkpt lon="-5.118693" lat="43.384449"><ele>112.75</ele></trkpt>
<trkpt lon="-5.118444" lat="43.384253"><ele>113.75</ele></trkpt>
<trkpt lon="-5.117904" lat="43.383976"><ele>117.75</ele></trkpt>
<trkpt lon="-5.117675" lat="43.383850"><ele>116.75</ele></trkpt>
<trkpt lon="-5.117426" lat="43.383619"><ele>116.0</ele></trkpt>
<trkpt lon="-5.116740" lat="43.383397"><ele>118.5</ele></trkpt>
<trkpt lon="-5.116131" lat="43.383189"><ele>118.75</ele></trkpt>
<trkpt lon="-5.115826" lat="43.383139"><ele>120.25</ele></trkpt>
<trkpt lon="-5.115456" lat="43.383126"><ele>123.5</ele></trkpt>
<trkpt lon="-5.115435" lat="43.383089"><ele>123.0</ele></trkpt>
<trkpt lon="-5.115532" lat="43.383036"><ele>122.75</ele></trkpt>
<trkpt lon="-5.115764" lat="43.382857"><ele>124.5</ele></trkpt>
<trkpt lon="-5.115804" lat="43.382759"><ele>125.75</ele></trkpt>
<trkpt lon="-5.115805" lat="43.382676"><ele>126.25</ele></trkpt>
<trkpt lon="-5.115646" lat="43.382331"><ele>131.5</ele></trkpt>
<trkpt lon="-5.115411" lat="43.381916"><ele>135.5</ele></trkpt>
<trkpt lon="-5.115314" lat="43.381705"><ele>138.75</ele></trkpt>
<trkpt lon="-5.115314" lat="43.381536"><ele>140.25</ele></trkpt>
<trkpt lon="-5.115414" lat="43.381206"><ele>142.25</ele></trkpt>
<trkpt lon="-5.115508" lat="43.380768"><ele>147.0</ele></trkpt>
<trkpt lon="-5.115577" lat="43.380562"><ele>148.25</ele></trkpt>
<trkpt lon="-5.115566" lat="43.380353"><ele>150.0</ele></trkpt>
<trkpt lon="-5.115490" lat="43.380222"><ele>152.0</ele></trkpt>
<trkpt lon="-5.115386" lat="43.380044"><ele>152.75</ele></trkpt>
<trkpt lon="-5.115346" lat="43.379814"><ele>152.75</ele></trkpt>
<trkpt lon="-5.115513" lat="43.379394"><ele>151.75</ele></trkpt>
<trkpt lon="-5.116027" lat="43.378800"><ele>154.75</ele></trkpt>
<trkpt lon="-5.117060" lat="43.377744"><ele>164.25</ele></trkpt>
<trkpt lon="-5.117770" lat="43.377013"><ele>172.25</ele></trkpt>
<trkpt lon="-5.118647" lat="43.376176"><ele>187.25</ele></trkpt>
<trkpt lon="-5.118779" lat="43.375817"><ele>189.25</ele></trkpt>
<trkpt lon="-5.119014" lat="43.375408"><ele>194.25</ele></trkpt>
<trkpt lon="-5.119153" lat="43.375205"><ele>197.5</ele></trkpt>
<trkpt lon="-5.119208" lat="43.375189"><ele>199.25</ele></trkpt>
<trkpt lon="-5.119249" lat="43.375226"><ele>200.75</ele></trkpt>
<trkpt lon="-5.119304" lat="43.375529"><ele>202.75</ele></trkpt>
<trkpt lon="-5.119303" lat="43.375881"><ele>207.25</ele></trkpt>
<trkpt lon="-5.119347" lat="43.376041"><ele>209.25</ele></trkpt>
<trkpt lon="-5.119431" lat="43.376196"><ele>210.75</ele></trkpt>
<trkpt lon="-5.119572" lat="43.376369"><ele>212.0</ele></trkpt>
<trkpt lon="-5.120155" lat="43.376660"><ele>221.5</ele></trkpt>
<trkpt lon="-5.120571" lat="43.376810"><ele>228.75</ele></trkpt>
<trkpt lon="-5.120933" lat="43.376920"><ele>234.0</ele></trkpt>
<trkpt lon="-5.121017" lat="43.376906"><ele>236.5</ele></trkpt>
<trkpt lon="-5.120914" lat="43.376774"><ele>239.5</ele></trkpt>
<trkpt lon="-5.120796" lat="43.376643"><ele>241.5</ele></trkpt>
<trkpt lon="-5.120720" lat="43.376283"><ele>249.0</ele></trkpt>
<trkpt lon="-5.120779" lat="43.376119"><ele>253.75</ele></trkpt>
<trkpt lon="-5.120938" lat="43.375970"><ele>256.75</ele></trkpt>
<trkpt lon="-5.121112" lat="43.375774"><ele>261.25</ele></trkpt>
<trkpt lon="-5.121149" lat="43.375698"><ele>263.0</ele></trkpt>
<trkpt lon="-5.121247" lat="43.375546"><ele>267.0</ele></trkpt>
<trkpt lon="-5.121548" lat="43.375310"><ele>274.25</ele></trkpt>
<trkpt lon="-5.121778" lat="43.375151"><ele>281.0</ele></trkpt>
<trkpt lon="-5.121910" lat="43.375012"><ele>284.5</ele></trkpt>
<trkpt lon="-5.122089" lat="43.374872"><ele>287.25</ele></trkpt>
<trkpt lon="-5.122410" lat="43.374785"><ele>292.5</ele></trkpt>
<trkpt lon="-5.122882" lat="43.374747"><ele>298.5</ele></trkpt>
<trkpt lon="-5.123115" lat="43.374762"><ele>301.75</ele></trkpt>
<trkpt lon="-5.123269" lat="43.374826"><ele>305.0</ele></trkpt>
<trkpt lon="-5.123428" lat="43.374913"><ele>308.75</ele></trkpt>
<trkpt lon="-5.123695" lat="43.375014"><ele>312.0</ele></trkpt>
<trkpt lon="-5.123852" lat="43.375038"><ele>313.75</ele></trkpt>
<trkpt lon="-5.124176" lat="43.375007"><ele>317.5</ele></trkpt>
<trkpt lon="-5.124689" lat="43.374891"><ele>316.75</ele></trkpt>
<trkpt lon="-5.124902" lat="43.374825"><ele>318.5</ele></trkpt>
<trkpt lon="-5.124968" lat="43.374762"><ele>318.75</ele></trkpt>
<trkpt lon="-5.124945" lat="43.374630"><ele>317.75</ele></trkpt>
<trkpt lon="-5.124917" lat="43.374522"><ele>317.5</ele></trkpt>
<trkpt lon="-5.124955" lat="43.374470"><ele>319.75</ele></trkpt>
<trkpt lon="-5.125044" lat="43.374347"><ele>322.25</ele></trkpt>
<trkpt lon="-5.125175" lat="43.374218"><ele>324.0</ele></trkpt>
<trkpt lon="-5.125491" lat="43.373992"><ele>329.0</ele></trkpt>
<trkpt lon="-5.125583" lat="43.373806"><ele>330.75</ele></trkpt>
<trkpt lon="-5.125656" lat="43.373573"><ele>333.0</ele></trkpt>
<trkpt lon="-5.125752" lat="43.373459"><ele>333.5</ele></trkpt>
<trkpt lon="-5.125982" lat="43.373288"><ele>338.75</ele></trkpt>
<trkpt lon="-5.126096" lat="43.373087"><ele>341.5</ele></trkpt>
<trkpt lon="-5.126273" lat="43.372703"><ele>347.0</ele></trkpt>
<trkpt lon="-5.126460" lat="43.372355"><ele>353.0</ele></trkpt>
<trkpt lon="-5.126612" lat="43.372129"><ele>357.0</ele></trkpt>
<trkpt lon="-5.126883" lat="43.371822"><ele>364.0</ele></trkpt>
<trkpt lon="-5.127149" lat="43.371439"><ele>366.5</ele></trkpt>
<trkpt lon="-5.127206" lat="43.371340"><ele>365.5</ele></trkpt>
<trkpt lon="-5.127303" lat="43.371173"><ele>362.75</ele></trkpt>
<trkpt lon="-5.127376" lat="43.370807"><ele>357.75</ele></trkpt>
<trkpt lon="-5.127440" lat="43.370637"><ele>358.25</ele></trkpt>
<trkpt lon="-5.127531" lat="43.370538"><ele>356.0</ele></trkpt>
<trkpt lon="-5.127601" lat="43.370356"><ele>358.75</ele></trkpt>
<trkpt lon="-5.127742" lat="43.370149"><ele>360.75</ele></trkpt>
<trkpt lon="-5.127915" lat="43.369987"><ele>360.5</ele></trkpt>
<trkpt lon="-5.128038" lat="43.369885"><ele>358.5</ele></trkpt>
<trkpt lon="-5.128082" lat="43.369780"><ele>358.25</ele></trkpt>
<trkpt lon="-5.128048" lat="43.369651"><ele>358.75</ele></trkpt>
<trkpt lon="-5.127959" lat="43.369573"><ele>359.75</ele></trkpt>
<trkpt lon="-5.127894" lat="43.369501"><ele>359.75</ele></trkpt>
<trkpt lon="-5.127944" lat="43.369370"><ele>358.5</ele></trkpt>
<trkpt lon="-5.128035" lat="43.369256"><ele>357.5</ele></trkpt>
<trkpt lon="-5.128200" lat="43.369106"><ele>357.0</ele></trkpt>
<trkpt lon="-5.128336" lat="43.368999"><ele>355.25</ele></trkpt>
<trkpt lon="-5.128388" lat="43.368889"><ele>354.25</ele></trkpt>
<trkpt lon="-5.128359" lat="43.368744"><ele>351.0</ele></trkpt>
<trkpt lon="-5.128278" lat="43.368600"><ele>348.5</ele></trkpt>
<trkpt lon="-5.128242" lat="43.368237"><ele>339.25</ele></trkpt>
<trkpt lon="-5.128197" lat="43.367929"><ele>332.0</ele></trkpt>
<trkpt lon="-5.128310" lat="43.367530"><ele>321.0</ele></trkpt>
<trkpt lon="-5.128422" lat="43.367336"><ele>321.0</ele></trkpt>
<trkpt lon="-5.128694" lat="43.367270"><ele>315.0</ele></trkpt>
<trkpt lon="-5.129036" lat="43.367125"><ele>309.75</ele></trkpt>
<trkpt lon="-5.129402" lat="43.366913"><ele>303.0</ele></trkpt>
<trkpt lon="-5.129606" lat="43.366688"><ele>299.5</ele></trkpt>
<trkpt lon="-5.129766" lat="43.366291"><ele>291.25</ele></trkpt>
<trkpt lon="-5.129787" lat="43.365989"><ele>288.25</ele></trkpt>
<trkpt lon="-5.129781" lat="43.365704"><ele>286.25</ele></trkpt>
<trkpt lon="-5.129797" lat="43.365539"><ele>284.25</ele></trkpt>
<trkpt lon="-5.129855" lat="43.365307"><ele>279.75</ele></trkpt>
<trkpt lon="-5.130014" lat="43.365138"><ele>276.5</ele></trkpt>
<trkpt lon="-5.130184" lat="43.365041"><ele>272.75</ele></trkpt>
<trkpt lon="-5.130228" lat="43.364951"><ele>271.25</ele></trkpt>
<trkpt lon="-5.130187" lat="43.364837"><ele>269.5</ele></trkpt>
<trkpt lon="-5.130004" lat="43.364628"><ele>265.75</ele></trkpt>
<trkpt lon="-5.129682" lat="43.364425"><ele>263.0</ele></trkpt>
<trkpt lon="-5.129546" lat="43.364012"><ele>258.5</ele></trkpt>
<trkpt lon="-5.129577" lat="43.363782"><ele>252.25</ele></trkpt>
<trkpt lon="-5.129537" lat="43.363530"><ele>249.25</ele></trkpt>
<trkpt lon="-5.129481" lat="43.363176"><ele>246.5</ele></trkpt>
<trkpt lon="-5.129481" lat="43.362488"><ele>238.0</ele></trkpt>
<trkpt lon="-5.129564" lat="43.362201"><ele>234.0</ele></trkpt>
<trkpt lon="-5.129624" lat="43.362176"><ele>232.75</ele></trkpt>
<trkpt lon="-5.129646" lat="43.362181"><ele>232.5</ele></trkpt>
<trkpt lon="-5.129619" lat="43.362088"><ele>232.0</ele></trkpt>
<trkpt lon="-5.129589" lat="43.361959"><ele>231.0</ele></trkpt>
<trkpt lon="-5.129554" lat="43.361858"><ele>229.5</ele></trkpt>
<trkpt lon="-5.129455" lat="43.361720"><ele>228.0</ele></trkpt>
<trkpt lon="-5.129120" lat="43.361479"><ele>223.5</ele></trkpt>
<trkpt lon="-5.129043" lat="43.361400"><ele>222.0</ele></trkpt>
<trkpt lon="-5.128975" lat="43.361308"><ele>220.5</ele></trkpt>
<trkpt lon="-5.128938" lat="43.361160"><ele>217.75</ele></trkpt>
<trkpt lon="-5.128935" lat="43.361046"><ele>215.75</ele></trkpt>
<trkpt lon="-5.128856" lat="43.360900"><ele>213.0</ele></trkpt>
<trkpt lon="-5.128851" lat="43.360821"><ele>211.5</ele></trkpt>
<trkpt lon="-5.128863" lat="43.360570"><ele>205.25</ele></trkpt>
<trkpt lon="-5.128799" lat="43.360507"><ele>202.25</ele></trkpt>
<trkpt lon="-5.128666" lat="43.360459"><ele>199.75</ele></trkpt>
<trkpt lon="-5.128348" lat="43.360403"><ele>196.5</ele></trkpt>
<trkpt lon="-5.127921" lat="43.360424"><ele>193.5</ele></trkpt>
<trkpt lon="-5.127635" lat="43.360452"><ele>191.75</ele></trkpt>
<trkpt lon="-5.127094" lat="43.360605"><ele>183.5</ele></trkpt>
<trkpt lon="-5.126760" lat="43.360914"><ele>181.5</ele></trkpt>
<trkpt lon="-5.126592" lat="43.360970"><ele>179.0</ele></trkpt>
<trkpt lon="-5.126340" lat="43.361000"><ele>178.0</ele></trkpt>
<trkpt lon="-5.126169" lat="43.360968"><ele>177.0</ele></trkpt>
<trkpt lon="-5.125962" lat="43.360595"><ele>165.25</ele></trkpt>
<trkpt lon="-5.125863" lat="43.360352"><ele>161.0</ele></trkpt>
<trkpt lon="-5.125739" lat="43.360186"><ele>157.0</ele></trkpt>
<trkpt lon="-5.125593" lat="43.360047"><ele>153.5</ele></trkpt>
<trkpt lon="-5.125669" lat="43.359793"><ele>148.75</ele></trkpt>
<trkpt lon="-5.125758" lat="43.359635"><ele>145.75</ele></trkpt>
<trkpt lon="-5.125736" lat="43.359557"><ele>143.75</ele></trkpt>
<trkpt lon="-5.125660" lat="43.359524"><ele>142.5</ele></trkpt>
<trkpt lon="-5.125548" lat="43.359555"><ele>142.5</ele></trkpt>
<trkpt lon="-5.125303" lat="43.359598"><ele>137.75</ele></trkpt>
<trkpt lon="-5.125147" lat="43.359578"><ele>136.25</ele></trkpt>
<trkpt lon="-5.125093" lat="43.359490"><ele>134.75</ele></trkpt>
<trkpt lon="-5.125058" lat="43.359309"><ele>129.5</ele></trkpt>
<trkpt lon="-5.125167" lat="43.359194"><ele>127.5</ele></trkpt>
<trkpt lon="-5.125303" lat="43.359080"><ele>124.75</ele></trkpt>
<trkpt lon="-5.125405" lat="43.358979"><ele>121.5</ele></trkpt>
<trkpt lon="-5.125396" lat="43.358935"><ele>119.5</ele></trkpt>
<trkpt lon="-5.125240" lat="43.358990"><ele>119.5</ele></trkpt>
<trkpt lon="-5.124836" lat="43.359113"><ele>118.25</ele></trkpt>
<trkpt lon="-5.124610" lat="43.359127"><ele>117.0</ele></trkpt>
<trkpt lon="-5.124387" lat="43.359075"><ele>117.0</ele></trkpt>
<trkpt lon="-5.123723" lat="43.359085"><ele>126.0</ele></trkpt>
<trkpt lon="-5.124042" lat="43.358820"><ele>119.25</ele></trkpt>
<trkpt lon="-5.124627" lat="43.358822"><ele>114.25</ele></trkpt>
<trkpt lon="-5.124755" lat="43.358822"><ele>113.5</ele></trkpt>
<trkpt lon="-5.125167" lat="43.358704"><ele>111.5</ele></trkpt>
<trkpt lon="-5.125503" lat="43.358531"><ele>111.75</ele></trkpt>
<trkpt lon="-5.125722" lat="43.358507"><ele>111.0</ele></trkpt>
<trkpt lon="-5.125738" lat="43.358506"><ele>111.0</ele></trkpt>
<trkpt lon="-5.125909" lat="43.358554"><ele>109.75</ele></trkpt>
<trkpt lon="-5.126326" lat="43.358591"><ele>107.5</ele></trkpt>
<trkpt lon="-5.126763" lat="43.358537"><ele>100.5</ele></trkpt>
<trkpt lon="-5.126727" lat="43.358427"><ele>99.0</ele></trkpt>
<trkpt lon="-5.126807" lat="43.358364"><ele>97.25</ele></trkpt>
<trkpt lon="-5.127162" lat="43.358321"><ele>94.0</ele></trkpt>
<trkpt lon="-5.127406" lat="43.358284"><ele>93.25</ele></trkpt>
<trkpt lon="-5.127782" lat="43.358133"><ele>94.25</ele></trkpt>
<trkpt lon="-5.128110" lat="43.358049"><ele>87.75</ele></trkpt>
<trkpt lon="-5.129047" lat="43.357870"><ele>83.5</ele></trkpt>
<trkpt lon="-5.129516" lat="43.357819"><ele>78.75</ele></trkpt>
<trkpt lon="-5.129698" lat="43.357782"><ele>77.0</ele></trkpt>
<trkpt lon="-5.129799" lat="43.357726"><ele>76.75</ele></trkpt>
<trkpt lon="-5.130066" lat="43.357457"><ele>74.5</ele></trkpt>
<trkpt lon="-5.130181" lat="43.357303"><ele>73.5</ele></trkpt>
<trkpt lon="-5.130359" lat="43.356941"><ele>71.75</ele></trkpt>
<trkpt lon="-5.130401" lat="43.356562"><ele>69.5</ele></trkpt>
<trkpt lon="-5.130497" lat="43.355454"><ele>62.5</ele></trkpt>
<trkpt lon="-5.130501" lat="43.355322"><ele>62.0</ele></trkpt>
<trkpt lon="-5.130562" lat="43.355325"><ele>62.0</ele></trkpt>
<trkpt lon="-5.130654" lat="43.355358"><ele>62.5</ele></trkpt>
<trkpt lon="-5.131341" lat="43.356118"><ele>63.0</ele></trkpt>
<trkpt lon="-5.131642" lat="43.356252"><ele>63.5</ele></trkpt>
<trkpt lon="-5.132102" lat="43.356360"><ele>62.5</ele></trkpt>
<trkpt lon="-5.132259" lat="43.356412"><ele>61.75</ele></trkpt>
<trkpt lon="-5.132930" lat="43.355944"><ele>57.75</ele></trkpt>
<trkpt lon="-5.132653" lat="43.355532"><ele>58.0</ele></trkpt>
<trkpt lon="-5.131782" lat="43.354388"><ele>59.5</ele></trkpt>
<trkpt lon="-5.131675" lat="43.354192"><ele>60.75</ele></trkpt>
<trkpt lon="-5.131638" lat="43.354066"><ele>60.5</ele></trkpt>
<trkpt lon="-5.131611" lat="43.353984"><ele>60.5</ele></trkpt>
<trkpt lon="-5.131580" lat="43.353825"><ele>60.0</ele></trkpt>
<trkpt lon="-5.131627" lat="43.353771"><ele>59.25</ele></trkpt>
<trkpt lon="-5.131652" lat="43.353706"><ele>58.75</ele></trkpt>
<trkpt lon="-5.131654" lat="43.353671"><ele>58.5</ele></trkpt>
<trkpt lon="-5.131633" lat="43.353557"><ele>58.25</ele></trkpt>
<trkpt lon="-5.131628" lat="43.353477"><ele>58.25</ele></trkpt>
<trkpt lon="-5.131633" lat="43.353397"><ele>58.25</ele></trkpt>
<trkpt lon="-5.131671" lat="43.353256"><ele>58.0</ele></trkpt>
<trkpt lon="-5.131702" lat="43.353188"><ele>58.0</ele></trkpt>
<trkpt lon="-5.131737" lat="43.353046"><ele>58.25</ele></trkpt>
<trkpt lon="-5.131742" lat="43.352916"><ele>58.25</ele></trkpt>
<trkpt lon="-5.131699" lat="43.352574"><ele>59.5</ele></trkpt>
<trkpt lon="-5.131662" lat="43.352408"><ele>59.5</ele></trkpt>
<trkpt lon="-5.131634" lat="43.352335"><ele>59.5</ele></trkpt>
<trkpt lon="-5.131594" lat="43.352265"><ele>59.75</ele></trkpt>
<trkpt lon="-5.131549" lat="43.352207"><ele>60.0</ele></trkpt>
<trkpt lon="-5.131442" lat="43.352100"><ele>60.0</ele></trkpt>
<trkpt lon="-5.131336" lat="43.352013"><ele>60.0</ele></trkpt>
<trkpt lon="-5.131236" lat="43.351957"><ele>60.0</ele></trkpt>
<trkpt lon="-5.131109" lat="43.351910"><ele>60.25</ele></trkpt>
<trkpt lon="-5.131007" lat="43.351885"><ele>60.0</ele></trkpt>
<trkpt lon="-5.130904" lat="43.351870"><ele>60.0</ele></trkpt>
<trkpt lon="-5.130800" lat="43.351864"><ele>60.0</ele></trkpt>
<trkpt lon="-5.130402" lat="43.351870"><ele>61.25</ele></trkpt>
<trkpt lon="-5.130396" lat="43.351983"><ele>62.5</ele></trkpt>
<trkpt lon="-5.130350" lat="43.351983"><ele>63.0</ele></trkpt>
<trkpt lon="-5.130341" lat="43.351870"><ele>62.0</ele></trkpt>
<trkpt lon="-5.130214" lat="43.351875"><ele>62.0</ele></trkpt>
<trkpt lon="-5.130212" lat="43.351852"><ele>61.5</ele></trkpt>
<trkpt lon="-5.130198" lat="43.351552"><ele>60.5</ele></trkpt>
<trkpt lon="-5.130191" lat="43.351490"><ele>61.75</ele></trkpt>
<trkpt lon="-5.130206" lat="43.351218"><ele>64.0</ele></trkpt>
<trkpt lon="-5.130201" lat="43.350997"><ele>63.5</ele></trkpt>
<trkpt lon="-5.130206" lat="43.351218"><ele>64.0</ele></trkpt>
<trkpt lon="-5.129453" lat="43.351280"><ele>61.25</ele></trkpt>
<trkpt lon="-5.129537" lat="43.351665"><ele>60.0</ele></trkpt>
<trkpt lon="-5.129274" lat="43.351740"><ele>59.0</ele></trkpt>
<trkpt lon="-5.129040" lat="43.351783"><ele>59.0</ele></trkpt>
<trkpt lon="-5.128841" lat="43.351797"><ele>59.0</ele></trkpt>
<trkpt lon="-5.128627" lat="43.351794"><ele>59.5</ele></trkpt>
<trkpt lon="-5.128492" lat="43.351793"><ele>59.75</ele></trkpt>
<trkpt lon="-5.128287" lat="43.351780"><ele>60.25</ele></trkpt>
<trkpt lon="-5.128067" lat="43.351755"><ele>60.5</ele></trkpt>
<trkpt lon="-5.127353" lat="43.351638"><ele>61.0</ele></trkpt>
<trkpt lon="-5.126930" lat="43.351565"><ele>60.5</ele></trkpt>
<trkpt lon="-5.126905" lat="43.351620"><ele>60.0</ele></trkpt>
<trkpt lon="-5.126898" lat="43.351637"><ele>60.0</ele></trkpt>
<trkpt lon="-5.126786" lat="43.351895"><ele>60.25</ele></trkpt>
<trkpt lon="-5.126781" lat="43.351903"><ele>60.25</ele></trkpt>
<trkpt lon="-5.126729" lat="43.351896"><ele>60.5</ele></trkpt>
<trkpt lon="-5.126626" lat="43.351882"><ele>60.5</ele></trkpt>
<trkpt lon="-5.126033" lat="43.351773"><ele>59.75</ele></trkpt>
<trkpt lon="-5.125429" lat="43.351645"><ele>61.75</ele></trkpt>
<trkpt lon="-5.124924" lat="43.351526"><ele>60.25</ele></trkpt>
<trkpt lon="-5.124194" lat="43.351322"><ele>62.5</ele></trkpt>
<trkpt lon="-5.124192" lat="43.351356"><ele>62.75</ele></trkpt>
<trkpt lon="-5.124168" lat="43.351419"><ele>62.75</ele></trkpt>
<trkpt lon="-5.124161" lat="43.351478"><ele>62.5</ele></trkpt>
<trkpt lon="-5.124178" lat="43.351578"><ele>62.25</ele></trkpt>
<trkpt lon="-5.124160" lat="43.351580"><ele>62.25</ele></trkpt>
<trkpt lon="-5.124067" lat="43.351608"><ele>62.0</ele></trkpt>
<trkpt lon="-5.123108" lat="43.351591"><ele>62.5</ele></trkpt>
<trkpt lon="-5.122548" lat="43.351573"><ele>65.0</ele></trkpt>
<trkpt lon="-5.122442" lat="43.351544"><ele>64.75</ele></trkpt>
<trkpt lon="-5.122203" lat="43.351464"><ele>64.25</ele></trkpt>
<trkpt lon="-5.121665" lat="43.351345"><ele>66.0</ele></trkpt>
<trkpt lon="-5.121115" lat="43.351253"><ele>65.0</ele></trkpt>
<trkpt lon="-5.120868" lat="43.351229"><ele>64.5</ele></trkpt>
<trkpt lon="-5.120402" lat="43.351244"><ele>64.25</ele></trkpt>
<trkpt lon="-5.119580" lat="43.351223"><ele>66.75</ele></trkpt>
<trkpt lon="-5.119384" lat="43.351198"><ele>66.25</ele></trkpt>
<trkpt lon="-5.118155" lat="43.350927"><ele>67.0</ele></trkpt>
<trkpt lon="-5.117954" lat="43.350872"><ele>66.0</ele></trkpt>
<trkpt lon="-5.117747" lat="43.350831"><ele>66.0</ele></trkpt>
<trkpt lon="-5.117701" lat="43.350918"><ele>68.5</ele></trkpt>
<trkpt lon="-5.117617" lat="43.351120"><ele>72.0</ele></trkpt>
<trkpt lon="-5.117591" lat="43.351195"><ele>70.75</ele></trkpt>
<trkpt lon="-5.116998" lat="43.351076"><ele>68.5</ele></trkpt>
<trkpt lon="-5.116767" lat="43.351036"><ele>69.25</ele></trkpt>
<trkpt lon="-5.116487" lat="43.350987"><ele>69.75</ele></trkpt>
<trkpt lon="-5.116219" lat="43.350972"><ele>69.5</ele></trkpt>
<trkpt lon="-5.115681" lat="43.350962"><ele>69.0</ele></trkpt>
<trkpt lon="-5.115152" lat="43.350999"><ele>69.0</ele></trkpt>
<trkpt lon="-5.114226" lat="43.351134"><ele>70.25</ele></trkpt>
<trkpt lon="-5.112872" lat="43.351275"><ele>74.5</ele></trkpt>
<trkpt lon="-5.112051" lat="43.351349"><ele>75.25</ele></trkpt>
<trkpt lon="-5.111903" lat="43.351474"><ele>77.75</ele></trkpt>
<trkpt lon="-5.111832" lat="43.351561"><ele>78.5</ele></trkpt>
<trkpt lon="-5.111778" lat="43.351713"><ele>81.0</ele></trkpt>
<trkpt lon="-5.111670" lat="43.351811"><ele>81.5</ele></trkpt>
<trkpt lon="-5.111305" lat="43.352076"><ele>84.0</ele></trkpt>
<trkpt lon="-5.111222" lat="43.352137"><ele>84.5</ele></trkpt>
<trkpt lon="-5.110727" lat="43.352235"><ele>83.25</ele></trkpt>
<trkpt lon="-5.110394" lat="43.352157"><ele>79.75</ele></trkpt>
<trkpt lon="-5.109855" lat="43.352134"><ele>77.0</ele></trkpt>
<trkpt lon="-5.109387" lat="43.352056"><ele>73.25</ele></trkpt>
<trkpt lon="-5.108926" lat="43.352100"><ele>75.25</ele></trkpt>
<trkpt lon="-5.108074" lat="43.352046"><ele>75.0</ele></trkpt>
<trkpt lon="-5.107720" lat="43.352013"><ele>73.5</ele></trkpt>
<trkpt lon="-5.107367" lat="43.351989"><ele>72.5</ele></trkpt>
<trkpt lon="-5.106707" lat="43.351897"><ele>70.25</ele></trkpt>
<trkpt lon="-5.106187" lat="43.351941"><ele>71.0</ele></trkpt>
<trkpt lon="-5.105475" lat="43.352048"><ele>74.5</ele></trkpt>
<trkpt lon="-5.104912" lat="43.352123"><ele>78.0</ele></trkpt>
<trkpt lon="-5.104576" lat="43.352154"><ele>80.75</ele></trkpt>
<trkpt lon="-5.104279" lat="43.352117"><ele>79.75</ele></trkpt>
<trkpt lon="-5.103976" lat="43.352046"><ele>76.75</ele></trkpt>
<trkpt lon="-5.103602" lat="43.352046"><ele>77.75</ele></trkpt>
<trkpt lon="-5.103003" lat="43.352019"><ele>79.75</ele></trkpt>
<trkpt lon="-5.102713" lat="43.352053"><ele>81.5</ele></trkpt>
<trkpt lon="-5.101659" lat="43.352295"><ele>87.25</ele></trkpt>
<trkpt lon="-5.101309" lat="43.352363"><ele>90.5</ele></trkpt>
<trkpt lon="-5.101030" lat="43.352383"><ele>91.25</ele></trkpt>
<trkpt lon="-5.100740" lat="43.352326"><ele>87.5</ele></trkpt>
<trkpt lon="-5.100420" lat="43.352309"><ele>85.75</ele></trkpt>
<trkpt lon="-5.100080" lat="43.352312"><ele>87.0</ele></trkpt>
<trkpt lon="-5.099764" lat="43.352275"><ele>86.0</ele></trkpt>
<trkpt lon="-5.099407" lat="43.352194"><ele>83.5</ele></trkpt>
<trkpt lon="-5.098935" lat="43.352184"><ele>86.75</ele></trkpt>
<trkpt lon="-5.098454" lat="43.352205"><ele>86.0</ele></trkpt>
<trkpt lon="-5.097834" lat="43.352250"><ele>82.25</ele></trkpt>
<trkpt lon="-5.097507" lat="43.352312"><ele>84.0</ele></trkpt>
<trkpt lon="-5.097346" lat="43.352349"><ele>84.25</ele></trkpt>
<trkpt lon="-5.097208" lat="43.352339"><ele>81.75</ele></trkpt>
<trkpt lon="-5.096604" lat="43.352545"><ele>80.0</ele></trkpt>
<trkpt lon="-5.096115" lat="43.352679"><ele>81.75</ele></trkpt>
<trkpt lon="-5.095409" lat="43.352842"><ele>79.5</ele></trkpt>
<trkpt lon="-5.094887" lat="43.352913"><ele>81.5</ele></trkpt>
<trkpt lon="-5.094495" lat="43.352949"><ele>82.5</ele></trkpt>
<trkpt lon="-5.094173" lat="43.352930"><ele>81.5</ele></trkpt>
<trkpt lon="-5.093850" lat="43.352844"><ele>79.75</ele></trkpt>
<trkpt lon="-5.093590" lat="43.352756"><ele>77.25</ele></trkpt>
<trkpt lon="-5.093273" lat="43.352535"><ele>77.75</ele></trkpt>
<trkpt lon="-5.093140" lat="43.352413"><ele>77.25</ele></trkpt>
<trkpt lon="-5.093090" lat="43.352330"><ele>77.25</ele></trkpt>
<trkpt lon="-5.093059" lat="43.352032"><ele>76.75</ele></trkpt>
<trkpt lon="-5.092916" lat="43.351866"><ele>76.5</ele></trkpt>
<trkpt lon="-5.092304" lat="43.351080"><ele>76.75</ele></trkpt>
<trkpt lon="-5.092092" lat="43.350882"><ele>76.5</ele></trkpt>
<trkpt lon="-5.091785" lat="43.350720"><ele>78.0</ele></trkpt>
<trkpt lon="-5.091729" lat="43.350631"><ele>78.25</ele></trkpt>
<trkpt lon="-5.091613" lat="43.350530"><ele>78.5</ele></trkpt>
<trkpt lon="-5.091359" lat="43.350383"><ele>78.25</ele></trkpt>
<trkpt lon="-5.091017" lat="43.350246"><ele>78.75</ele></trkpt>
<trkpt lon="-5.090954" lat="43.350258"><ele>78.75</ele></trkpt>
<trkpt lon="-5.090780" lat="43.350289"><ele>79.0</ele></trkpt>
<trkpt lon="-5.089807" lat="43.350631"><ele>80.5</ele></trkpt>
<trkpt lon="-5.089244" lat="43.350773"><ele>82.5</ele></trkpt>
<trkpt lon="-5.088644" lat="43.350804"><ele>84.0</ele></trkpt>
<trkpt lon="-5.088176" lat="43.350904"><ele>85.75</ele></trkpt>
<trkpt lon="-5.087729" lat="43.350951"><ele>88.5</ele></trkpt>
<trkpt lon="-5.087334" lat="43.351025"><ele>90.75</ele></trkpt>
<trkpt lon="-5.087140" lat="43.351104"><ele>90.5</ele></trkpt>
<trkpt lon="-5.086957" lat="43.351229"><ele>90.75</ele></trkpt>
<trkpt lon="-5.086807" lat="43.351136"><ele>90.5</ele></trkpt>
<trkpt lon="-5.086677" lat="43.351011"><ele>90.5</ele></trkpt>
<trkpt lon="-5.086590" lat="43.350952"><ele>91.5</ele></trkpt>
<trkpt lon="-5.086240" lat="43.350673"><ele>92.25</ele></trkpt>
<trkpt lon="-5.084898" lat="43.349736"><ele>88.75</ele></trkpt>
<trkpt lon="-5.084746" lat="43.349557"><ele>88.75</ele></trkpt>
<trkpt lon="-5.084598" lat="43.349252"><ele>87.5</ele></trkpt>
<trkpt lon="-5.084388" lat="43.348984"><ele>86.25</ele></trkpt>
<trkpt lon="-5.084225" lat="43.348900"><ele>86.0</ele></trkpt>
<trkpt lon="-5.084046" lat="43.348742"><ele>85.25</ele></trkpt>
<trkpt lon="-5.083983" lat="43.348626"><ele>84.75</ele></trkpt>
<trkpt lon="-5.084004" lat="43.348547"><ele>84.0</ele></trkpt>
<trkpt lon="-5.084209" lat="43.348500"><ele>83.5</ele></trkpt>
<trkpt lon="-5.084242" lat="43.348367"><ele>83.0</ele></trkpt>
<trkpt lon="-5.084604" lat="43.348268"><ele>82.0</ele></trkpt>
<trkpt lon="-5.084914" lat="43.348234"><ele>81.75</ele></trkpt>
<trkpt lon="-5.084863" lat="43.348167"><ele>80.75</ele></trkpt>
<trkpt lon="-5.084685" lat="43.347836"><ele>81.25</ele></trkpt>
<trkpt lon="-5.084634" lat="43.347727"><ele>82.25</ele></trkpt>
<trkpt lon="-5.084590" lat="43.347687"><ele>82.5</ele></trkpt>
<trkpt lon="-5.084523" lat="43.347673"><ele>82.75</ele></trkpt>
<trkpt lon="-5.084177" lat="43.347713"><ele>83.5</ele></trkpt>
<trkpt lon="-5.084116" lat="43.347650"><ele>83.25</ele></trkpt>
<trkpt lon="-5.083741" lat="43.347723"><ele>84.5</ele></trkpt>
<trkpt lon="-5.083607" lat="43.347110"><ele>86.0</ele></trkpt>
<trkpt lon="-5.083581" lat="43.346943"><ele>86.0</ele></trkpt>
<trkpt lon="-5.083525" lat="43.346911"><ele>86.0</ele></trkpt>
<trkpt lon="-5.083546" lat="43.346411"><ele>86.0</ele></trkpt>
<trkpt lon="-5.083548" lat="43.346201"><ele>87.25</ele></trkpt>
<trkpt lon="-5.083531" lat="43.346029"><ele>88.0</ele></trkpt>
<trkpt lon="-5.083346" lat="43.345949"><ele>89.5</ele></trkpt>
<trkpt lon="-5.083140" lat="43.345730"><ele>90.5</ele></trkpt>
<trkpt lon="-5.083102" lat="43.345587"><ele>90.5</ele></trkpt>
<trkpt lon="-5.083216" lat="43.344945"><ele>89.5</ele></trkpt>
<trkpt lon="-5.083214" lat="43.344809"><ele>89.0</ele></trkpt>
<trkpt lon="-5.083248" lat="43.344774"><ele>88.5</ele></trkpt>
<trkpt lon="-5.083363" lat="43.344710"><ele>87.75</ele></trkpt>
<trkpt lon="-5.083255" lat="43.344621"><ele>88.25</ele></trkpt>
<trkpt lon="-5.083120" lat="43.344474"><ele>88.0</ele></trkpt>
<trkpt lon="-5.083074" lat="43.344362"><ele>88.0</ele></trkpt>
<trkpt lon="-5.083124" lat="43.344298"><ele>88.0</ele></trkpt>
<trkpt lon="-5.083288" lat="43.344252"><ele>86.75</ele></trkpt>
<trkpt lon="-5.083437" lat="43.344198"><ele>86.25</ele></trkpt>
<trkpt lon="-5.083583" lat="43.344147"><ele>86.75</ele></trkpt>
<trkpt lon="-5.083792" lat="43.344107"><ele>87.75</ele></trkpt>
<trkpt lon="-5.083730" lat="43.343856"><ele>87.75</ele></trkpt>
<trkpt lon="-5.083754" lat="43.343548"><ele>88.75</ele></trkpt>
<trkpt lon="-5.083821" lat="43.343083"><ele>89.25</ele></trkpt>
<trkpt lon="-5.083871" lat="43.342800"><ele>90.75</ele></trkpt>
<trkpt lon="-5.083909" lat="43.342485"><ele>91.0</ele></trkpt>
<trkpt lon="-5.084006" lat="43.342161"><ele>91.0</ele></trkpt>
<trkpt lon="-5.084175" lat="43.341726"><ele>92.75</ele></trkpt>
<trkpt lon="-5.084285" lat="43.341414"><ele>92.75</ele></trkpt>
<trkpt lon="-5.084426" lat="43.341046"><ele>94.5</ele></trkpt>
<trkpt lon="-5.084460" lat="43.340930"><ele>95.0</ele></trkpt>
<trkpt lon="-5.084517" lat="43.340685"><ele>95.5</ele></trkpt>
<trkpt lon="-5.084541" lat="43.340465"><ele>95.75</ele></trkpt>
<trkpt lon="-5.084576" lat="43.340137"><ele>96.0</ele></trkpt>
<trkpt lon="-5.084581" lat="43.340002"><ele>96.25</ele></trkpt>
<trkpt lon="-5.084571" lat="43.339895"><ele>96.5</ele></trkpt>
<trkpt lon="-5.084548" lat="43.339723"><ele>96.5</ele></trkpt>
<trkpt lon="-5.084491" lat="43.339422"><ele>97.0</ele></trkpt>
<trkpt lon="-5.084090" lat="43.337567"><ele>99.75</ele></trkpt>
<trkpt lon="-5.084004" lat="43.337145"><ele>100.25</ele></trkpt>
<trkpt lon="-5.083925" lat="43.336791"><ele>101.0</ele></trkpt>
<trkpt lon="-5.083916" lat="43.336739"><ele>101.0</ele></trkpt>
<trkpt lon="-5.083441" lat="43.334486"><ele>103.25</ele></trkpt>
<trkpt lon="-5.083362" lat="43.334151"><ele>105.0</ele></trkpt>
<trkpt lon="-5.083038" lat="43.332652"><ele>107.25</ele></trkpt>
<trkpt lon="-5.082922" lat="43.332397"><ele>110.5</ele></trkpt>
<trkpt lon="-5.082805" lat="43.332247"><ele>109.25</ele></trkpt>
<trkpt lon="-5.082711" lat="43.332154"><ele>110.0</ele></trkpt>
<trkpt lon="-5.082581" lat="43.332048"><ele>110.25</ele></trkpt>
<trkpt lon="-5.082481" lat="43.331976"><ele>109.0</ele></trkpt>
<trkpt lon="-5.081718" lat="43.331587"><ele>111.0</ele></trkpt>
<trkpt lon="-5.081147" lat="43.331312"><ele>111.0</ele></trkpt>
<trkpt lon="-5.081041" lat="43.331254"><ele>111.75</ele></trkpt>
<trkpt lon="-5.080953" lat="43.331193"><ele>112.0</ele></trkpt>
<trkpt lon="-5.080856" lat="43.331104"><ele>110.5</ele></trkpt>
<trkpt lon="-5.080791" lat="43.331027"><ele>109.75</ele></trkpt>
<trkpt lon="-5.080726" lat="43.330929"><ele>109.75</ele></trkpt>
<trkpt lon="-5.080667" lat="43.330827"><ele>110.0</ele></trkpt>
<trkpt lon="-5.080644" lat="43.330734"><ele>110.25</ele></trkpt>
<trkpt lon="-5.080644" lat="43.330646"><ele>110.5</ele></trkpt>
<trkpt lon="-5.080655" lat="43.330560"><ele>110.75</ele></trkpt>
<trkpt lon="-5.080660" lat="43.330526"><ele>111.0</ele></trkpt>
<trkpt lon="-5.080738" lat="43.330364"><ele>111.75</ele></trkpt>
<trkpt lon="-5.080790" lat="43.330281"><ele>112.0</ele></trkpt>
<trkpt lon="-5.081228" lat="43.329732"><ele>113.5</ele></trkpt>
<trkpt lon="-5.081261" lat="43.329679"><ele>114.25</ele></trkpt>
<trkpt lon="-5.081299" lat="43.329590"><ele>115.25</ele></trkpt>
<trkpt lon="-5.081319" lat="43.329498"><ele>116.0</ele></trkpt>
<trkpt lon="-5.081280" lat="43.329161"><ele>118.25</ele></trkpt>
<trkpt lon="-5.081227" lat="43.328985"><ele>117.5</ele></trkpt>
<trkpt lon="-5.081145" lat="43.328861"><ele>117.0</ele></trkpt>
<trkpt lon="-5.081079" lat="43.328738"><ele>117.25</ele></trkpt>
<trkpt lon="-5.080980" lat="43.328590"><ele>117.0</ele></trkpt>
<trkpt lon="-5.080915" lat="43.328517"><ele>117.25</ele></trkpt>
<trkpt lon="-5.080840" lat="43.328453"><ele>117.5</ele></trkpt>
<trkpt lon="-5.080696" lat="43.328368"><ele>118.0</ele></trkpt>
<trkpt lon="-5.080206" lat="43.328120"><ele>121.5</ele></trkpt>
<trkpt lon="-5.079875" lat="43.327936"><ele>121.25</ele></trkpt>
<trkpt lon="-5.079800" lat="43.327887"><ele>120.75</ele></trkpt>
<trkpt lon="-5.079601" lat="43.327702"><ele>120.5</ele></trkpt>
<trkpt lon="-5.079530" lat="43.327604"><ele>121.0</ele></trkpt>
<trkpt lon="-5.079472" lat="43.327497"><ele>120.5</ele></trkpt>
<trkpt lon="-5.079360" lat="43.327220"><ele>121.25</ele></trkpt>
<trkpt lon="-5.079241" lat="43.326858"><ele>122.25</ele></trkpt>
<trkpt lon="-5.079139" lat="43.326485"><ele>120.75</ele></trkpt>
<trkpt lon="-5.079119" lat="43.326410"><ele>120.5</ele></trkpt>
<trkpt lon="-5.079080" lat="43.326244"><ele>121.0</ele></trkpt>
<trkpt lon="-5.079046" lat="43.326095"><ele>121.25</ele></trkpt>
<trkpt lon="-5.078923" lat="43.325873"><ele>120.75</ele></trkpt>
<trkpt lon="-5.078904" lat="43.325801"><ele>120.0</ele></trkpt>
<trkpt lon="-5.078908" lat="43.325754"><ele>119.75</ele></trkpt>
<trkpt lon="-5.078938" lat="43.325700"><ele>120.25</ele></trkpt>
<trkpt lon="-5.079035" lat="43.325575"><ele>123.25</ele></trkpt>
<trkpt lon="-5.079068" lat="43.325497"><ele>123.75</ele></trkpt>
<trkpt lon="-5.079124" lat="43.325276"><ele>121.5</ele></trkpt>
<trkpt lon="-5.079121" lat="43.325227"><ele>121.25</ele></trkpt>
<trkpt lon="-5.079109" lat="43.325188"><ele>121.0</ele></trkpt>
<trkpt lon="-5.079076" lat="43.325117"><ele>120.75</ele></trkpt>
<trkpt lon="-5.079002" lat="43.325041"><ele>120.25</ele></trkpt>
<trkpt lon="-5.078921" lat="43.324974"><ele>120.25</ele></trkpt>
<trkpt lon="-5.078826" lat="43.324899"><ele>120.75</ele></trkpt>
<trkpt lon="-5.078715" lat="43.324823"><ele>121.5</ele></trkpt>
<trkpt lon="-5.078380" lat="43.324609"><ele>121.5</ele></trkpt>
<trkpt lon="-5.078281" lat="43.324539"><ele>122.0</ele></trkpt>
<trkpt lon="-5.078111" lat="43.324362"><ele>121.75</ele></trkpt>
<trkpt lon="-5.078038" lat="43.324244"><ele>121.75</ele></trkpt>
<trkpt lon="-5.077987" lat="43.324139"><ele>122.25</ele></trkpt>
<trkpt lon="-5.077956" lat="43.324016"><ele>122.25</ele></trkpt>
<trkpt lon="-5.077946" lat="43.323931"><ele>122.0</ele></trkpt>
<trkpt lon="-5.077952" lat="43.323691"><ele>122.5</ele></trkpt>
<trkpt lon="-5.077945" lat="43.323629"><ele>122.75</ele></trkpt>
<trkpt lon="-5.077919" lat="43.323552"><ele>122.75</ele></trkpt>
<trkpt lon="-5.077881" lat="43.323476"><ele>122.75</ele></trkpt>
<trkpt lon="-5.077815" lat="43.323391"><ele>122.75</ele></trkpt>
<trkpt lon="-5.077623" lat="43.323200"><ele>124.25</ele></trkpt>
<trkpt lon="-5.075012" lat="43.320592"><ele>134.0</ele></trkpt>
<trkpt lon="-5.074901" lat="43.320493"><ele>135.25</ele></trkpt>
<trkpt lon="-5.074406" lat="43.320131"><ele>135.75</ele></trkpt>
<trkpt lon="-5.074271" lat="43.319977"><ele>135.25</ele></trkpt>
<trkpt lon="-5.074200" lat="43.319821"><ele>135.75</ele></trkpt>
<trkpt lon="-5.074157" lat="43.319694"><ele>136.0</ele></trkpt>
<trkpt lon="-5.074119" lat="43.319368"><ele>136.25</ele></trkpt>
<trkpt lon="-5.074065" lat="43.319065"><ele>138.5</ele></trkpt>
<trkpt lon="-5.074036" lat="43.318963"><ele>139.5</ele></trkpt>
<trkpt lon="-5.073966" lat="43.318810"><ele>139.75</ele></trkpt>
<trkpt lon="-5.073825" lat="43.318587"><ele>137.0</ele></trkpt>
<trkpt lon="-5.073787" lat="43.318496"><ele>137.5</ele></trkpt>
<trkpt lon="-5.073760" lat="43.318380"><ele>138.5</ele></trkpt>
<trkpt lon="-5.073772" lat="43.318189"><ele>137.75</ele></trkpt>
<trkpt lon="-5.073924" lat="43.317889"><ele>139.25</ele></trkpt>
<trkpt lon="-5.073954" lat="43.317777"><ele>139.75</ele></trkpt>
<trkpt lon="-5.073950" lat="43.317682"><ele>139.75</ele></trkpt>
<trkpt lon="-5.073926" lat="43.317611"><ele>138.75</ele></trkpt>
<trkpt lon="-5.073865" lat="43.317508"><ele>137.5</ele></trkpt>
<trkpt lon="-5.073824" lat="43.317464"><ele>138.5</ele></trkpt>
<trkpt lon="-5.073722" lat="43.317395"><ele>138.75</ele></trkpt>
<trkpt lon="-5.073646" lat="43.317358"><ele>137.75</ele></trkpt>
<trkpt lon="-5.071911" lat="43.316816"><ele>141.25</ele></trkpt>
<trkpt lon="-5.071628" lat="43.316696"><ele>139.75</ele></trkpt>
<trkpt lon="-5.071403" lat="43.316561"><ele>140.5</ele></trkpt>
<trkpt lon="-5.071273" lat="43.316471"><ele>139.75</ele></trkpt>
<trkpt lon="-5.071092" lat="43.316310"><ele>139.75</ele></trkpt>
<trkpt lon="-5.070415" lat="43.315669"><ele>145.5</ele></trkpt>
<trkpt lon="-5.070329" lat="43.315603"><ele>145.0</ele></trkpt>
<trkpt lon="-5.070044" lat="43.315438"><ele>146.75</ele></trkpt>
<trkpt lon="-5.069777" lat="43.315344"><ele>145.25</ele></trkpt>
<trkpt lon="-5.069651" lat="43.315307"><ele>144.75</ele></trkpt>
<trkpt lon="-5.069343" lat="43.315231"><ele>147.25</ele></trkpt>
<trkpt lon="-5.069209" lat="43.315237"><ele>146.5</ele></trkpt>
<trkpt lon="-5.069156" lat="43.315257"><ele>145.75</ele></trkpt>
<trkpt lon="-5.069095" lat="43.315297"><ele>144.75</ele></trkpt>
<trkpt lon="-5.069073" lat="43.315325"><ele>144.5</ele></trkpt>
<trkpt lon="-5.069051" lat="43.315361"><ele>144.25</ele></trkpt>
<trkpt lon="-5.068980" lat="43.315342"><ele>144.5</ele></trkpt>
<trkpt lon="-5.068933" lat="43.315322"><ele>144.75</ele></trkpt>
<trkpt lon="-5.068968" lat="43.315252"><ele>145.5</ele></trkpt>
<trkpt lon="-5.068959" lat="43.315212"><ele>146.5</ele></trkpt>
<trkpt lon="-5.068933" lat="43.315176"><ele>147.25</ele></trkpt>
<trkpt lon="-5.068879" lat="43.315123"><ele>148.0</ele></trkpt>
<trkpt lon="-5.068790" lat="43.315092"><ele>147.75</ele></trkpt>
<trkpt lon="-5.068657" lat="43.315057"><ele>146.25</ele></trkpt>
<trkpt lon="-5.068471" lat="43.315017"><ele>145.75</ele></trkpt>
<trkpt lon="-5.068344" lat="43.315001"><ele>145.75</ele></trkpt>
<trkpt lon="-5.068173" lat="43.314933"><ele>145.75</ele></trkpt>
<trkpt lon="-5.068429" lat="43.315145"><ele>144.25</ele></trkpt>
<trkpt lon="-5.068401" lat="43.315165"><ele>144.0</ele></trkpt>
<trkpt lon="-5.068213" lat="43.315014"><ele>145.0</ele></trkpt>
<trkpt lon="-5.067992" lat="43.314856"><ele>145.5</ele></trkpt>
<trkpt lon="-5.068112" lat="43.314671"><ele>150.25</ele></trkpt>
<trkpt lon="-5.068071" lat="43.314501"><ele>155.5</ele></trkpt>
<trkpt lon="-5.068071" lat="43.314498"><ele>155.5</ele></trkpt>
<trkpt lon="-5.067933" lat="43.314438"><ele>154.0</ele></trkpt>
<trkpt lon="-5.067619" lat="43.314342"><ele>156.25</ele></trkpt>
<trkpt lon="-5.067584" lat="43.314302"><ele>158.75</ele></trkpt>
<trkpt lon="-5.067631" lat="43.314287"><ele>160.75</ele></trkpt>
<trkpt lon="-5.067749" lat="43.314315"><ele>160.5</ele></trkpt>
<trkpt lon="-5.067993" lat="43.314387"><ele>160.0</ele></trkpt>
<trkpt lon="-5.068332" lat="43.314525"><ele>163.5</ele></trkpt>
<trkpt lon="-5.068452" lat="43.314647"><ele>161.75</ele></trkpt>
<trkpt lon="-5.068907" lat="43.314794"><ele>165.5</ele></trkpt>
<trkpt lon="-5.069013" lat="43.314804"><ele>167.75</ele></trkpt>
<trkpt lon="-5.069028" lat="43.314763"><ele>171.25</ele></trkpt>
<trkpt lon="-5.068943" lat="43.314701"><ele>173.5</ele></trkpt>
<trkpt lon="-5.068612" lat="43.314581"><ele>172.5</ele></trkpt>
<trkpt lon="-5.068539" lat="43.314488"><ele>175.5</ele></trkpt>
<trkpt lon="-5.068483" lat="43.314394"><ele>178.25</ele></trkpt>
<trkpt lon="-5.068372" lat="43.314282"><ele>179.5</ele></trkpt>
<trkpt lon="-5.068267" lat="43.314234"><ele>179.25</ele></trkpt>
<trkpt lon="-5.067862" lat="43.314076"><ele>180.75</ele></trkpt>
<trkpt lon="-5.067814" lat="43.314037"><ele>180.75</ele></trkpt>
<trkpt lon="-5.067744" lat="43.313909"><ele>183.5</ele></trkpt>
<trkpt lon="-5.067666" lat="43.313864"><ele>184.25</ele></trkpt>
<trkpt lon="-5.067449" lat="43.313792"><ele>185.25</ele></trkpt>
<trkpt lon="-5.066940" lat="43.313537"><ele>189.5</ele></trkpt>
<trkpt lon="-5.066149" lat="43.313338"><ele>190.25</ele></trkpt>
<trkpt lon="-5.065961" lat="43.313299"><ele>193.5</ele></trkpt>
<trkpt lon="-5.065702" lat="43.313314"><ele>194.25</ele></trkpt>
<trkpt lon="-5.065442" lat="43.313268"><ele>198.0</ele></trkpt>
<trkpt lon="-5.065138" lat="43.313188"><ele>201.5</ele></trkpt>
<trkpt lon="-5.064890" lat="43.313074"><ele>203.0</ele></trkpt>
<trkpt lon="-5.064743" lat="43.312967"><ele>202.25</ele></trkpt>
<trkpt lon="-5.064638" lat="43.312821"><ele>204.25</ele></trkpt>
<trkpt lon="-5.064504" lat="43.312659"><ele>205.5</ele></trkpt>
<trkpt lon="-5.064351" lat="43.312556"><ele>206.5</ele></trkpt>
<trkpt lon="-5.063906" lat="43.312490"><ele>209.25</ele></trkpt>
<trkpt lon="-5.063557" lat="43.312407"><ele>211.0</ele></trkpt>
<trkpt lon="-5.063202" lat="43.312266"><ele>213.75</ele></trkpt>
<trkpt lon="-5.062931" lat="43.312149"><ele>215.5</ele></trkpt>
<trkpt lon="-5.062487" lat="43.311869"><ele>213.0</ele></trkpt>
<trkpt lon="-5.061870" lat="43.311475"><ele>211.5</ele></trkpt>
<trkpt lon="-5.061618" lat="43.311390"><ele>218.75</ele></trkpt>
<trkpt lon="-5.061218" lat="43.311390"><ele>219.5</ele></trkpt>
<trkpt lon="-5.060791" lat="43.311303"><ele>223.25</ele></trkpt>
<trkpt lon="-5.060531" lat="43.311207"><ele>220.75</ele></trkpt>
<trkpt lon="-5.060397" lat="43.311073"><ele>224.25</ele></trkpt>
<trkpt lon="-5.060239" lat="43.310842"><ele>225.75</ele></trkpt>
<trkpt lon="-5.060136" lat="43.310663"><ele>226.75</ele></trkpt>
<trkpt lon="-5.059952" lat="43.310517"><ele>227.75</ele></trkpt>
<trkpt lon="-5.059721" lat="43.310490"><ele>227.75</ele></trkpt>
<trkpt lon="-5.059396" lat="43.310352"><ele>228.75</ele></trkpt>
<trkpt lon="-5.059078" lat="43.310263"><ele>231.75</ele></trkpt>
<trkpt lon="-5.058922" lat="43.310142"><ele>233.25</ele></trkpt>
<trkpt lon="-5.058785" lat="43.309993"><ele>233.75</ele></trkpt>
<trkpt lon="-5.058682" lat="43.309900"><ele>233.5</ele></trkpt>
<trkpt lon="-5.058641" lat="43.309743"><ele>236.0</ele></trkpt>
<trkpt lon="-5.058563" lat="43.309514"><ele>236.25</ele></trkpt>
<trkpt lon="-5.058616" lat="43.309246"><ele>239.0</ele></trkpt>
<trkpt lon="-5.058769" lat="43.309034"><ele>244.75</ele></trkpt>
<trkpt lon="-5.058846" lat="43.308850"><ele>245.0</ele></trkpt>
<trkpt lon="-5.058848" lat="43.308659"><ele>245.75</ele></trkpt>
<trkpt lon="-5.058820" lat="43.308568"><ele>247.25</ele></trkpt>
<trkpt lon="-5.058689" lat="43.308428"><ele>251.5</ele></trkpt>
<trkpt lon="-5.058378" lat="43.308274"><ele>259.25</ele></trkpt>
<trkpt lon="-5.058060" lat="43.308219"><ele>258.0</ele></trkpt>
<trkpt lon="-5.057798" lat="43.308165"><ele>256.25</ele></trkpt>
<trkpt lon="-5.057383" lat="43.308104"><ele>256.0</ele></trkpt>
<trkpt lon="-5.056654" lat="43.308142"><ele>265.75</ele></trkpt>
<trkpt lon="-5.056186" lat="43.308211"><ele>261.25</ele></trkpt>
<trkpt lon="-5.055652" lat="43.308354"><ele>257.75</ele></trkpt>
<trkpt lon="-5.055618" lat="43.308318"><ele>258.25</ele></trkpt>
<trkpt lon="-5.055591" lat="43.308308"><ele>258.5</ele></trkpt>
<trkpt lon="-5.055561" lat="43.308305"><ele>258.5</ele></trkpt>
<trkpt lon="-5.055531" lat="43.308310"><ele>258.25</ele></trkpt>
<trkpt lon="-5.055505" lat="43.308267"><ele>259.0</ele></trkpt>
<trkpt lon="-5.055807" lat="43.308174"><ele>263.5</ele></trkpt>
<trkpt lon="-5.055854" lat="43.307997"><ele>270.5</ele></trkpt>
<trkpt lon="-5.055807" lat="43.308174"><ele>263.5</ele></trkpt>
<trkpt lon="-5.055505" lat="43.308267"><ele>259.0</ele></trkpt>
<trkpt lon="-5.055430" lat="43.308149"><ele>259.75</ele></trkpt>
<trkpt lon="-5.055195" lat="43.308282"><ele>257.75</ele></trkpt>
<trkpt lon="-5.055134" lat="43.308315"><ele>258.25</ele></trkpt>
<trkpt lon="-5.055151" lat="43.308347"><ele>258.25</ele></trkpt>
<trkpt lon="-5.054848" lat="43.308445"><ele>257.25</ele></trkpt>
<trkpt lon="-5.054356" lat="43.308605"><ele>258.25</ele></trkpt>
<trkpt lon="-5.054301" lat="43.308624"><ele>258.0</ele></trkpt>
<trkpt lon="-5.054311" lat="43.308639"><ele>258.25</ele></trkpt>
<trkpt lon="-5.054220" lat="43.308671"><ele>257.5</ele></trkpt>
<trkpt lon="-5.054201" lat="43.308641"><ele>256.75</ele></trkpt>
<trkpt lon="-5.054168" lat="43.308653"><ele>256.75</ele></trkpt>
<trkpt lon="-5.053928" lat="43.308748"><ele>254.75</ele></trkpt>
<trkpt lon="-5.053881" lat="43.308745"><ele>254.0</ele></trkpt>
<trkpt lon="-5.053899" lat="43.308712"><ele>252.75</ele></trkpt>
<trkpt lon="-5.054144" lat="43.308615"><ele>255.25</ele></trkpt>
<trkpt lon="-5.054158" lat="43.308589"><ele>254.5</ele></trkpt>
<trkpt lon="-5.054131" lat="43.308556"><ele>252.0</ele></trkpt>
<trkpt lon="-5.053869" lat="43.308672"><ele>250.5</ele></trkpt>
<trkpt lon="-5.053816" lat="43.308685"><ele>251.0</ele></trkpt>
<trkpt lon="-5.053763" lat="43.308686"><ele>250.75</ele></trkpt>
<trkpt lon="-5.053719" lat="43.308680"><ele>250.25</ele></trkpt>
<trkpt lon="-5.053688" lat="43.308663"><ele>249.25</ele></trkpt>
<trkpt lon="-5.053669" lat="43.308639"><ele>248.25</ele></trkpt>
<trkpt lon="-5.053661" lat="43.308607"><ele>246.75</ele></trkpt>
<trkpt lon="-5.053666" lat="43.308578"><ele>245.25</ele></trkpt>
<trkpt lon="-5.053683" lat="43.308557"><ele>244.25</ele></trkpt>
<trkpt lon="-5.053718" lat="43.308539"><ele>243.75</ele></trkpt>
<trkpt lon="-5.053870" lat="43.308499"><ele>243.0</ele></trkpt>
<trkpt lon="-5.054205" lat="43.308391"><ele>244.75</ele></trkpt>
<trkpt lon="-5.054274" lat="43.308357"><ele>244.75</ele></trkpt>
<trkpt lon="-5.054301" lat="43.308327"><ele>244.0</ele></trkpt>
<trkpt lon="-5.054442" lat="43.308090"><ele>241.75</ele></trkpt>
<trkpt lon="-5.054455" lat="43.308050"><ele>241.25</ele></trkpt>
<trkpt lon="-5.054450" lat="43.308009"><ele>242.0</ele></trkpt>
<trkpt lon="-5.054428" lat="43.307979"><ele>242.0</ele></trkpt>
<trkpt lon="-5.054388" lat="43.307944"><ele>242.0</ele></trkpt>
<trkpt lon="-5.054336" lat="43.307918"><ele>241.75</ele></trkpt>
<trkpt lon="-5.054025" lat="43.307828"><ele>237.5</ele></trkpt>
<trkpt lon="-5.053962" lat="43.307800"><ele>236.5</ele></trkpt>
<trkpt lon="-5.053929" lat="43.307779"><ele>236.0</ele></trkpt>
<trkpt lon="-5.053793" lat="43.307652"><ele>234.5</ele></trkpt>
<trkpt lon="-5.053720" lat="43.307688"><ele>231.75</ele></trkpt>
<trkpt lon="-5.053755" lat="43.307720"><ele>232.25</ele></trkpt>
<trkpt lon="-5.053646" lat="43.307668"><ele>230.25</ele></trkpt>
<trkpt lon="-5.053578" lat="43.307595"><ele>229.75</ele></trkpt>
<trkpt lon="-5.053685" lat="43.307536"><ele>234.0</ele></trkpt>
<trkpt lon="-5.053419" lat="43.307345"><ele>229.5</ele></trkpt>
<trkpt lon="-5.053372" lat="43.307322"><ele>229.25</ele></trkpt>
<trkpt lon="-5.053283" lat="43.307300"><ele>229.5</ele></trkpt>
<trkpt lon="-5.053222" lat="43.307298"><ele>230.0</ele></trkpt>
<trkpt lon="-5.053169" lat="43.307303"><ele>230.0</ele></trkpt>
<trkpt lon="-5.053070" lat="43.307322"><ele>229.75</ele></trkpt>
<trkpt lon="-5.053220" lat="43.307161"><ele>242.75</ele></trkpt>
<trkpt lon="-5.052912" lat="43.307301"><ele>232.75</ele></trkpt>
<trkpt lon="-5.052574" lat="43.307272"><ele>235.75</ele></trkpt>
<trkpt lon="-5.052421" lat="43.307159"><ele>241.25</ele></trkpt>
<trkpt lon="-5.052631" lat="43.307113"><ele>245.75</ele></trkpt>
<trkpt lon="-5.052762" lat="43.307021"><ele>253.0</ele></trkpt>
<trkpt lon="-5.052787" lat="43.306849"><ele>266.75</ele></trkpt>
<trkpt lon="-5.052662" lat="43.306629"><ele>279.25</ele></trkpt>
<trkpt lon="-5.052500" lat="43.306510"><ele>281.5</ele></trkpt>
<trkpt lon="-5.052579" lat="43.306456"><ele>287.0</ele></trkpt>
<trkpt lon="-5.052604" lat="43.306363"><ele>293.25</ele></trkpt>
<trkpt lon="-5.052806" lat="43.306400"><ele>298.0</ele></trkpt>
<trkpt lon="-5.052823" lat="43.306224"><ele>305.75</ele></trkpt>
<trkpt lon="-5.052759" lat="43.306047"><ele>311.25</ele></trkpt>
<trkpt lon="-5.052871" lat="43.306071"><ele>313.25</ele></trkpt>
<trkpt lon="-5.052939" lat="43.306002"><ele>318.25</ele></trkpt>
<trkpt lon="-5.053203" lat="43.306343"><ele>323.25</ele></trkpt>
<trkpt lon="-5.053246" lat="43.306096"><ele>330.0</ele></trkpt>
<trkpt lon="-5.053470" lat="43.306224"><ele>339.75</ele></trkpt>
<trkpt lon="-5.053533" lat="43.306035"><ele>345.25</ele></trkpt>
<trkpt lon="-5.053663" lat="43.306085"><ele>351.5</ele></trkpt>
<trkpt lon="-5.053843" lat="43.305445"><ele>373.5</ele></trkpt>
<trkpt lon="-5.053688" lat="43.305131"><ele>376.25</ele></trkpt>
<trkpt lon="-5.053850" lat="43.305128"><ele>383.75</ele></trkpt>
<trkpt lon="-5.054016" lat="43.305038"><ele>394.0</ele></trkpt>
<trkpt lon="-5.054200" lat="43.304632"><ele>415.5</ele></trkpt>
<trkpt lon="-5.053930" lat="43.304100"><ele>435.25</ele></trkpt>
<trkpt lon="-5.053657" lat="43.303967"><ele>432.75</ele></trkpt>
<trkpt lon="-5.053653" lat="43.303786"><ele>445.0</ele></trkpt>
<trkpt lon="-5.053582" lat="43.303603"><ele>455.25</ele></trkpt>
<trkpt lon="-5.053267" lat="43.303434"><ele>464.0</ele></trkpt>
<trkpt lon="-5.053234" lat="43.303305"><ele>471.75</ele></trkpt>
<trkpt lon="-5.053312" lat="43.303045"><ele>487.25</ele></trkpt>
<trkpt lon="-5.052856" lat="43.302748"><ele>493.0</ele></trkpt>
<trkpt lon="-5.052811" lat="43.302622"><ele>501.5</ele></trkpt>
<trkpt lon="-5.052552" lat="43.302439"><ele>505.25</ele></trkpt>
<trkpt lon="-5.052389" lat="43.302411"><ele>499.75</ele></trkpt>
<trkpt lon="-5.051839" lat="43.301759"><ele>518.5</ele></trkpt>
<trkpt lon="-5.052032" lat="43.300869"><ele>539.25</ele></trkpt>
<trkpt lon="-5.052174" lat="43.300771"><ele>538.0</ele></trkpt>
<trkpt lon="-5.052365" lat="43.300789"><ele>536.5</ele></trkpt>
<trkpt lon="-5.052669" lat="43.300760"><ele>533.5</ele></trkpt>
<trkpt lon="-5.052977" lat="43.300635"><ele>529.25</ele></trkpt>
<trkpt lon="-5.053170" lat="43.300463"><ele>527.75</ele></trkpt>
<trkpt lon="-5.053418" lat="43.299882"><ele>520.5</ele></trkpt>
<trkpt lon="-5.053060" lat="43.299434"><ele>519.0</ele></trkpt>
<trkpt lon="-5.052886" lat="43.299152"><ele>519.75</ele></trkpt>
<trkpt lon="-5.052692" lat="43.298811"><ele>521.0</ele></trkpt>
<trkpt lon="-5.052666" lat="43.298651"><ele>522.0</ele></trkpt>
<trkpt lon="-5.052741" lat="43.298495"><ele>521.5</ele></trkpt>
<trkpt lon="-5.053053" lat="43.298264"><ele>521.0</ele></trkpt>
<trkpt lon="-5.053370" lat="43.297999"><ele>521.25</ele></trkpt>
<trkpt lon="-5.053564" lat="43.297736"><ele>522.0</ele></trkpt>
<trkpt lon="-5.053812" lat="43.297499"><ele>523.0</ele></trkpt>
<trkpt lon="-5.053997" lat="43.297344"><ele>524.0</ele></trkpt>
<trkpt lon="-5.054715" lat="43.296637"><ele>526.5</ele></trkpt>
<trkpt lon="-5.055083" lat="43.296079"><ele>529.0</ele></trkpt>
<trkpt lon="-5.055219" lat="43.295944"><ele>529.5</ele></trkpt>
<trkpt lon="-5.055462" lat="43.295783"><ele>530.25</ele></trkpt>
<trkpt lon="-5.055695" lat="43.295655"><ele>532.0</ele></trkpt>
<trkpt lon="-5.055943" lat="43.295592"><ele>532.25</ele></trkpt>
<trkpt lon="-5.056202" lat="43.295514"><ele>533.5</ele></trkpt>
<trkpt lon="-5.056766" lat="43.295146"><ele>538.0</ele></trkpt>
<trkpt lon="-5.056876" lat="43.295061"><ele>538.5</ele></trkpt>
<trkpt lon="-5.057037" lat="43.294908"><ele>539.75</ele></trkpt>
<trkpt lon="-5.057170" lat="43.294843"><ele>540.5</ele></trkpt>
<trkpt lon="-5.057250" lat="43.294765"><ele>540.75</ele></trkpt>
<trkpt lon="-5.057319" lat="43.294668"><ele>542.75</ele></trkpt>
<trkpt lon="-5.057354" lat="43.294388"><ele>546.5</ele></trkpt>
<trkpt lon="-5.057488" lat="43.294124"><ele>547.25</ele></trkpt>
<trkpt lon="-5.057702" lat="43.293793"><ele>552.75</ele></trkpt>
<trkpt lon="-5.057900" lat="43.293595"><ele>556.0</ele></trkpt>
<trkpt lon="-5.057998" lat="43.293248"><ele>559.5</ele></trkpt>
<trkpt lon="-5.057843" lat="43.293072"><ele>561.0</ele></trkpt>
<trkpt lon="-5.057712" lat="43.293097"><ele>562.75</ele></trkpt>
<trkpt lon="-5.057676" lat="43.293045"><ele>565.25</ele></trkpt>
<trkpt lon="-5.057675" lat="43.292974"><ele>565.5</ele></trkpt>
<trkpt lon="-5.057614" lat="43.292895"><ele>567.25</ele></trkpt>
<trkpt lon="-5.057569" lat="43.292779"><ele>567.25</ele></trkpt>
<trkpt lon="-5.057188" lat="43.292577"><ele>575.25</ele></trkpt>
<trkpt lon="-5.057074" lat="43.292489"><ele>575.5</ele></trkpt>
<trkpt lon="-5.056953" lat="43.292467"><ele>579.25</ele></trkpt>
<trkpt lon="-5.056905" lat="43.292362"><ele>579.5</ele></trkpt>
<trkpt lon="-5.056796" lat="43.292270"><ele>581.75</ele></trkpt>
<trkpt lon="-5.056769" lat="43.292150"><ele>582.5</ele></trkpt>
<trkpt lon="-5.056395" lat="43.292038"><ele>592.75</ele></trkpt>
<trkpt lon="-5.055916" lat="43.291937"><ele>606.0</ele></trkpt>
<trkpt lon="-5.055818" lat="43.291753"><ele>610.25</ele></trkpt>
<trkpt lon="-5.055572" lat="43.291694"><ele>615.5</ele></trkpt>
<trkpt lon="-5.055184" lat="43.291574"><ele>625.25</ele></trkpt>
<trkpt lon="-5.055039" lat="43.291520"><ele>628.75</ele></trkpt>
<trkpt lon="-5.054935" lat="43.291642"><ele>632.25</ele></trkpt>
<trkpt lon="-5.054780" lat="43.291516"><ele>635.0</ele></trkpt>
<trkpt lon="-5.054560" lat="43.291637"><ele>640.5</ele></trkpt>
<trkpt lon="-5.052805" lat="43.290999"><ele>667.25</ele></trkpt>
<trkpt lon="-5.052650" lat="43.290927"><ele>668.75</ele></trkpt>
<trkpt lon="-5.052409" lat="43.290871"><ele>672.0</ele></trkpt>
<trkpt lon="-5.051743" lat="43.290754"><ele>683.0</ele></trkpt>
<trkpt lon="-5.051269" lat="43.290656"><ele>691.75</ele></trkpt>
<trkpt lon="-5.050842" lat="43.290460"><ele>699.0</ele></trkpt>
<trkpt lon="-5.050155" lat="43.290337"><ele>713.25</ele></trkpt>
<trkpt lon="-5.049541" lat="43.290345"><ele>727.75</ele></trkpt>
<trkpt lon="-5.049394" lat="43.290357"><ele>732.0</ele></trkpt>
<trkpt lon="-5.049207" lat="43.290342"><ele>737.0</ele></trkpt>
<trkpt lon="-5.049008" lat="43.290294"><ele>742.25</ele></trkpt>
<trkpt lon="-5.048802" lat="43.290184"><ele>747.5</ele></trkpt>
<trkpt lon="-5.048642" lat="43.290162"><ele>751.5</ele></trkpt>
<trkpt lon="-5.048497" lat="43.290092"><ele>754.25</ele></trkpt>
<trkpt lon="-5.048237" lat="43.290000"><ele>760.0</ele></trkpt>
<trkpt lon="-5.048147" lat="43.289892"><ele>763.5</ele></trkpt>
<trkpt lon="-5.047981" lat="43.289836"><ele>768.75</ele></trkpt>
<trkpt lon="-5.047617" lat="43.289854"><ele>783.75</ele></trkpt>
<trkpt lon="-5.047577" lat="43.289901"><ele>786.5</ele></trkpt>
<trkpt lon="-5.047522" lat="43.289896"><ele>789.0</ele></trkpt>
<trkpt lon="-5.047402" lat="43.289781"><ele>793.0</ele></trkpt>
<trkpt lon="-5.047326" lat="43.289678"><ele>795.75</ele></trkpt>
<trkpt lon="-5.047302" lat="43.289553"><ele>797.75</ele></trkpt>
<trkpt lon="-5.047216" lat="43.289352"><ele>801.0</ele></trkpt>
<trkpt lon="-5.047023" lat="43.289275"><ele>806.5</ele></trkpt>
<trkpt lon="-5.046829" lat="43.289216"><ele>812.25</ele></trkpt>
<trkpt lon="-5.046772" lat="43.289135"><ele>813.25</ele></trkpt>
<trkpt lon="-5.046761" lat="43.289025"><ele>813.75</ele></trkpt>
<trkpt lon="-5.046795" lat="43.288890"><ele>812.75</ele></trkpt>
<trkpt lon="-5.045826" lat="43.288042"><ele>824.5</ele></trkpt>
<trkpt lon="-5.045854" lat="43.287923"><ele>825.25</ele></trkpt>
<trkpt lon="-5.045777" lat="43.287752"><ele>829.0</ele></trkpt>
<trkpt lon="-5.045551" lat="43.287574"><ele>831.5</ele></trkpt>
<trkpt lon="-5.045172" lat="43.287419"><ele>836.5</ele></trkpt>
<trkpt lon="-5.044994" lat="43.287332"><ele>838.5</ele></trkpt>
<trkpt lon="-5.044820" lat="43.287273"><ele>839.5</ele></trkpt>
<trkpt lon="-5.044704" lat="43.287283"><ele>841.0</ele></trkpt>
<trkpt lon="-5.044466" lat="43.287324"><ele>843.75</ele></trkpt>
<trkpt lon="-5.044154" lat="43.287234"><ele>844.25</ele></trkpt>
<trkpt lon="-5.043999" lat="43.287238"><ele>844.75</ele></trkpt>
<trkpt lon="-5.043605" lat="43.287055"><ele>846.5</ele></trkpt>
<trkpt lon="-5.043401" lat="43.286990"><ele>849.25</ele></trkpt>
<trkpt lon="-5.043294" lat="43.286880"><ele>851.25</ele></trkpt>
<trkpt lon="-5.043064" lat="43.286725"><ele>854.5</ele></trkpt>
<trkpt lon="-5.042940" lat="43.286539"><ele>858.25</ele></trkpt>
<trkpt lon="-5.042872" lat="43.286344"><ele>861.75</ele></trkpt>
<trkpt lon="-5.041972" lat="43.285927"><ele>872.25</ele></trkpt>
<trkpt lon="-5.041018" lat="43.285582"><ele>874.5</ele></trkpt>
<trkpt lon="-5.040745" lat="43.285497"><ele>877.75</ele></trkpt>
<trkpt lon="-5.040444" lat="43.285440"><ele>882.5</ele></trkpt>
<trkpt lon="-5.040285" lat="43.285336"><ele>884.25</ele></trkpt>
<trkpt lon="-5.039695" lat="43.285290"><ele>888.75</ele></trkpt>
<trkpt lon="-5.039271" lat="43.285240"><ele>883.75</ele></trkpt>
<trkpt lon="-5.038774" lat="43.285216"><ele>878.75</ele></trkpt>
<trkpt lon="-5.037797" lat="43.285053"><ele>870.75</ele></trkpt>
<trkpt lon="-5.037485" lat="43.284978"><ele>866.75</ele></trkpt>
<trkpt lon="-5.037273" lat="43.284973"><ele>865.75</ele></trkpt>
<trkpt lon="-5.037011" lat="43.284918"><ele>867.0</ele></trkpt>
<trkpt lon="-5.036777" lat="43.284748"><ele>866.25</ele></trkpt>
<trkpt lon="-5.036555" lat="43.284627"><ele>869.25</ele></trkpt>
<trkpt lon="-5.036077" lat="43.284492"><ele>875.0</ele></trkpt>
<trkpt lon="-5.035956" lat="43.284478"><ele>876.25</ele></trkpt>
<trkpt lon="-5.035701" lat="43.284357"><ele>877.75</ele></trkpt>
<trkpt lon="-5.035529" lat="43.284349"><ele>881.0</ele></trkpt>
<trkpt lon="-5.035396" lat="43.284323"><ele>883.0</ele></trkpt>
<trkpt lon="-5.034580" lat="43.284103"><ele>888.75</ele></trkpt>
<trkpt lon="-5.034389" lat="43.284062"><ele>888.75</ele></trkpt>
<trkpt lon="-5.033868" lat="43.284020"><ele>889.5</ele></trkpt>
<trkpt lon="-5.033490" lat="43.284052"><ele>890.25</ele></trkpt>
<trkpt lon="-5.033217" lat="43.283992"><ele>891.0</ele></trkpt>
<trkpt lon="-5.032952" lat="43.283943"><ele>891.75</ele></trkpt>
<trkpt lon="-5.032729" lat="43.283935"><ele>893.0</ele></trkpt>
<trkpt lon="-5.032544" lat="43.283948"><ele>894.75</ele></trkpt>
<trkpt lon="-5.032339" lat="43.283803"><ele>895.75</ele></trkpt>
<trkpt lon="-5.031256" lat="43.283631"><ele>897.0</ele></trkpt>
<trkpt lon="-5.030156" lat="43.283370"><ele>911.25</ele></trkpt>
<trkpt lon="-5.029822" lat="43.283289"><ele>915.5</ele></trkpt>
<trkpt lon="-5.029481" lat="43.283278"><ele>920.75</ele></trkpt>
<trkpt lon="-5.029024" lat="43.283244"><ele>926.75</ele></trkpt>
<trkpt lon="-5.028542" lat="43.283162"><ele>930.25</ele></trkpt>
<trkpt lon="-5.028182" lat="43.283150"><ele>932.25</ele></trkpt>
<trkpt lon="-5.027820" lat="43.283207"><ele>934.75</ele></trkpt>
<trkpt lon="-5.027514" lat="43.283192"><ele>936.75</ele></trkpt>
<trkpt lon="-5.027003" lat="43.283080"><ele>940.75</ele></trkpt>
<trkpt lon="-5.026305" lat="43.282948"><ele>955.0</ele></trkpt>
<trkpt lon="-5.026216" lat="43.282918"><ele>956.25</ele></trkpt>
<trkpt lon="-5.026221" lat="43.282957"><ele>957.5</ele></trkpt>
<trkpt lon="-5.025865" lat="43.282909"><ele>966.0</ele></trkpt>
<trkpt lon="-5.025782" lat="43.282873"><ele>967.0</ele></trkpt>
<trkpt lon="-5.025801" lat="43.282953"><ele>969.75</ele></trkpt>
<trkpt lon="-5.025626" lat="43.282921"><ele>972.75</ele></trkpt>
<trkpt lon="-5.025492" lat="43.282937"><ele>977.0</ele></trkpt>
<trkpt lon="-5.025220" lat="43.282855"><ele>980.5</ele></trkpt>
<trkpt lon="-5.024695" lat="43.282743"><ele>989.5</ele></trkpt>
<trkpt lon="-5.024254" lat="43.282745"><ele>996.75</ele></trkpt>
<trkpt lon="-5.023952" lat="43.282687"><ele>998.25</ele></trkpt>
<trkpt lon="-5.023718" lat="43.282618"><ele>997.0</ele></trkpt>
<trkpt lon="-5.023498" lat="43.282590"><ele>995.5</ele></trkpt>
<trkpt lon="-5.023209" lat="43.282563"><ele>992.0</ele></trkpt>
<trkpt lon="-5.022986" lat="43.282497"><ele>986.0</ele></trkpt>
<trkpt lon="-5.022823" lat="43.282472"><ele>984.25</ele></trkpt>
<trkpt lon="-5.022671" lat="43.282380"><ele>983.0</ele></trkpt>
<trkpt lon="-5.022438" lat="43.282339"><ele>981.25</ele></trkpt>
<trkpt lon="-5.022373" lat="43.282287"><ele>980.0</ele></trkpt>
<trkpt lon="-5.022291" lat="43.282310"><ele>980.5</ele></trkpt>
<trkpt lon="-5.022185" lat="43.282299"><ele>980.0</ele></trkpt>
<trkpt lon="-5.022052" lat="43.282352"><ele>981.25</ele></trkpt>
<trkpt lon="-5.021705" lat="43.282300"><ele>976.25</ele></trkpt>
<trkpt lon="-5.021389" lat="43.282195"><ele>970.25</ele></trkpt>
<trkpt lon="-5.021224" lat="43.282175"><ele>970.25</ele></trkpt>
<trkpt lon="-5.021191" lat="43.282144"><ele>969.5</ele></trkpt>
<trkpt lon="-5.021088" lat="43.282110"><ele>968.5</ele></trkpt>
<trkpt lon="-5.021005" lat="43.282106"><ele>968.0</ele></trkpt>
<trkpt lon="-5.020908" lat="43.282132"><ele>968.5</ele></trkpt>
<trkpt lon="-5.020702" lat="43.282175"><ele>968.5</ele></trkpt>
<trkpt lon="-5.020530" lat="43.282157"><ele>966.5</ele></trkpt>
<trkpt lon="-5.020457" lat="43.282171"><ele>967.25</ele></trkpt>
<trkpt lon="-5.020376" lat="43.282171"><ele>967.75</ele></trkpt>
<trkpt lon="-5.020305" lat="43.282184"><ele>968.75</ele></trkpt>
<trkpt lon="-5.020202" lat="43.282165"><ele>967.75</ele></trkpt>
<trkpt lon="-5.020179" lat="43.282149"><ele>967.0</ele></trkpt>
<trkpt lon="-5.020061" lat="43.282158"><ele>967.0</ele></trkpt>
<trkpt lon="-5.019908" lat="43.282137"><ele>965.0</ele></trkpt>
<trkpt lon="-5.019720" lat="43.282077"><ele>960.5</ele></trkpt>
<trkpt lon="-5.018953" lat="43.281950"><ele>950.25</ele></trkpt>
<trkpt lon="-5.018592" lat="43.281923"><ele>950.5</ele></trkpt>
<trkpt lon="-5.018412" lat="43.281864"><ele>951.0</ele></trkpt>
<trkpt lon="-5.018063" lat="43.281770"><ele>953.0</ele></trkpt>
<trkpt lon="-5.017895" lat="43.281780"><ele>956.0</ele></trkpt>
<trkpt lon="-5.017800" lat="43.281734"><ele>955.0</ele></trkpt>
<trkpt lon="-5.017310" lat="43.281678"><ele>955.75</ele></trkpt>
<trkpt lon="-5.017060" lat="43.281655"><ele>955.25</ele></trkpt>
<trkpt lon="-5.016727" lat="43.281613"><ele>953.75</ele></trkpt>
<trkpt lon="-5.016599" lat="43.281542"><ele>951.75</ele></trkpt>
<trkpt lon="-5.016239" lat="43.281414"><ele>949.0</ele></trkpt>
<trkpt lon="-5.016004" lat="43.281352"><ele>948.0</ele></trkpt>
<trkpt lon="-5.015618" lat="43.281128"><ele>944.5</ele></trkpt>
<trkpt lon="-5.015417" lat="43.281067"><ele>943.5</ele></trkpt>
<trkpt lon="-5.014448" lat="43.280607"><ele>944.0</ele></trkpt>
<trkpt lon="-5.014288" lat="43.280556"><ele>943.0</ele></trkpt>
<trkpt lon="-5.014194" lat="43.280464"><ele>943.0</ele></trkpt>
<trkpt lon="-5.013978" lat="43.280363"><ele>942.5</ele></trkpt>
<trkpt lon="-5.013194" lat="43.280002"><ele>938.5</ele></trkpt>
<trkpt lon="-5.013141" lat="43.279878"><ele>938.5</ele></trkpt>
<trkpt lon="-5.013184" lat="43.279697"><ele>938.25</ele></trkpt>
<trkpt lon="-5.013214" lat="43.279618"><ele>938.75</ele></trkpt>
<trkpt lon="-5.013068" lat="43.279486"><ele>939.75</ele></trkpt>
<trkpt lon="-5.012767" lat="43.279294"><ele>942.5</ele></trkpt>
<trkpt lon="-5.012553" lat="43.279087"><ele>944.25</ele></trkpt>
<trkpt lon="-5.012320" lat="43.278971"><ele>945.5</ele></trkpt>
<trkpt lon="-5.012268" lat="43.278908"><ele>945.5</ele></trkpt>
<trkpt lon="-5.012097" lat="43.278791"><ele>945.5</ele></trkpt>
<trkpt lon="-5.011732" lat="43.278591"><ele>946.25</ele></trkpt>
<trkpt lon="-5.011271" lat="43.278302"><ele>947.0</ele></trkpt>
<trkpt lon="-5.010799" lat="43.277943"><ele>947.75</ele></trkpt>
<trkpt lon="-5.010650" lat="43.277803"><ele>948.25</ele></trkpt>
<trkpt lon="-5.010477" lat="43.277639"><ele>950.25</ele></trkpt>
<trkpt lon="-5.010230" lat="43.277424"><ele>954.25</ele></trkpt>
<trkpt lon="-5.009881" lat="43.277139"><ele>960.75</ele></trkpt>
<trkpt lon="-5.009715" lat="43.277021"><ele>964.0</ele></trkpt>
<trkpt lon="-5.009420" lat="43.276889"><ele>968.75</ele></trkpt>
<trkpt lon="-5.009087" lat="43.276682"><ele>974.0</ele></trkpt>
<trkpt lon="-5.008873" lat="43.276525"><ele>977.5</ele></trkpt>
<trkpt lon="-5.008583" lat="43.276342"><ele>984.5</ele></trkpt>
<trkpt lon="-5.008352" lat="43.276272"><ele>989.75</ele></trkpt>
<trkpt lon="-5.008165" lat="43.276272"><ele>991.75</ele></trkpt>
<trkpt lon="-5.007875" lat="43.276287"><ele>996.75</ele></trkpt>
<trkpt lon="-5.007809" lat="43.276269"><ele>998.25</ele></trkpt>
<trkpt lon="-5.007172" lat="43.276131"><ele>1014.25</ele></trkpt>
<trkpt lon="-5.006968" lat="43.276123"><ele>1020.75</ele></trkpt>
<trkpt lon="-5.006703" lat="43.276036"><ele>1030.75</ele></trkpt>
<trkpt lon="-5.006496" lat="43.275932"><ele>1036.0</ele></trkpt>
<trkpt lon="-5.006319" lat="43.275873"><ele>1039.0</ele></trkpt>
<trkpt lon="-5.005799" lat="43.275756"><ele>1049.25</ele></trkpt>
<trkpt lon="-5.005381" lat="43.275631"><ele>1057.5</ele></trkpt>
<trkpt lon="-5.005032" lat="43.275459"><ele>1065.0</ele></trkpt>
<trkpt lon="-5.005012" lat="43.275457"><ele>1065.0</ele></trkpt>
<trkpt lon="-5.004882" lat="43.275444"><ele>1066.5</ele></trkpt>
<trkpt lon="-5.004662" lat="43.275447"><ele>1068.5</ele></trkpt>
<trkpt lon="-5.004490" lat="43.275420"><ele>1071.25</ele></trkpt>
<trkpt lon="-5.004249" lat="43.275373"><ele>1074.75</ele></trkpt>
<trkpt lon="-5.003766" lat="43.275319"><ele>1079.0</ele></trkpt>
<trkpt lon="-5.003503" lat="43.275319"><ele>1080.75</ele></trkpt>
<trkpt lon="-5.003299" lat="43.275295"><ele>1082.75</ele></trkpt>
<trkpt lon="-5.002838" lat="43.275283"><ele>1085.5</ele></trkpt>
<trkpt lon="-5.002275" lat="43.275217"><ele>1096.25</ele></trkpt>
<trkpt lon="-5.001878" lat="43.275229"><ele>1097.25</ele></trkpt>
<trkpt lon="-5.001760" lat="43.275221"><ele>1098.0</ele></trkpt>
<trkpt lon="-5.001470" lat="43.275166"><ele>1101.75</ele></trkpt>
<trkpt lon="-5.001143" lat="43.275123"><ele>1105.25</ele></trkpt>
<trkpt lon="-5.000848" lat="43.275116"><ele>1105.5</ele></trkpt>
<trkpt lon="-5.000472" lat="43.275154"><ele>1105.25</ele></trkpt>
<trkpt lon="-5.000064" lat="43.275131"><ele>1108.25</ele></trkpt>
<trkpt lon="-4.999866" lat="43.275116"><ele>1110.0</ele></trkpt>
<trkpt lon="-4.999528" lat="43.275049"><ele>1113.25</ele></trkpt>
<trkpt lon="-4.999281" lat="43.274959"><ele>1119.0</ele></trkpt>
<trkpt lon="-4.999131" lat="43.274932"><ele>1119.75</ele></trkpt>
<trkpt lon="-4.999002" lat="43.274877"><ele>1122.25</ele></trkpt>
<trkpt lon="-4.998364" lat="43.274698"><ele>1128.25</ele></trkpt>
<trkpt lon="-4.998053" lat="43.274557"><ele>1132.0</ele></trkpt>
<trkpt lon="-4.997910" lat="43.274507"><ele>1133.75</ele></trkpt>
<trkpt lon="-4.997787" lat="43.274505"><ele>1134.25</ele></trkpt>
<trkpt lon="-4.997281" lat="43.274589"><ele>1134.75</ele></trkpt>
<trkpt lon="-4.997167" lat="43.274646"><ele>1134.0</ele></trkpt>
<trkpt lon="-4.996955" lat="43.274814"><ele>1131.5</ele></trkpt>
<trkpt lon="-4.996888" lat="43.274922"><ele>1129.75</ele></trkpt>
<trkpt lon="-4.996686" lat="43.274930"><ele>1129.25</ele></trkpt>
<trkpt lon="-4.996583" lat="43.274925"><ele>1128.25</ele></trkpt>
<trkpt lon="-4.996371" lat="43.274935"><ele>1125.5</ele></trkpt>
<trkpt lon="-4.996159" lat="43.274999"><ele>1123.0</ele></trkpt>
<trkpt lon="-4.996021" lat="43.274973"><ele>1122.75</ele></trkpt>
<trkpt lon="-4.995886" lat="43.274963"><ele>1121.75</ele></trkpt>
<trkpt lon="-4.995773" lat="43.274925"><ele>1121.25</ele></trkpt>
<trkpt lon="-4.995610" lat="43.274837"><ele>1120.25</ele></trkpt>
<trkpt lon="-4.995536" lat="43.274762"><ele>1119.5</ele></trkpt>
<trkpt lon="-4.995447" lat="43.274589"><ele>1117.5</ele></trkpt>
<trkpt lon="-4.995352" lat="43.274450"><ele>1115.0</ele></trkpt>
<trkpt lon="-4.995242" lat="43.274381"><ele>1112.5</ele></trkpt>
<trkpt lon="-4.995176" lat="43.274276"><ele>1110.25</ele></trkpt>
<trkpt lon="-4.995072" lat="43.274262"><ele>1108.5</ele></trkpt>
<trkpt lon="-4.994970" lat="43.274218"><ele>1106.5</ele></trkpt>
<trkpt lon="-4.994733" lat="43.274095"><ele>1102.25</ele></trkpt>
<trkpt lon="-4.994571" lat="43.274019"><ele>1098.25</ele></trkpt>
<trkpt lon="-4.994261" lat="43.273833"><ele>1090.0</ele></trkpt>
<trkpt lon="-4.994101" lat="43.273808"><ele>1087.5</ele></trkpt>
<trkpt lon="-4.993865" lat="43.273623"><ele>1082.75</ele></trkpt>
<trkpt lon="-4.993545" lat="43.273455"><ele>1075.75</ele></trkpt>
<trkpt lon="-4.993471" lat="43.273495"><ele>1075.75</ele></trkpt>
<trkpt lon="-4.993398" lat="43.273504"><ele>1075.0</ele></trkpt>
<trkpt lon="-4.993340" lat="43.273523"><ele>1074.75</ele></trkpt>
<trkpt lon="-4.993030" lat="43.273592"><ele>1073.5</ele></trkpt>
<trkpt lon="-4.992921" lat="43.273630"><ele>1073.5</ele></trkpt>
<trkpt lon="-4.992620" lat="43.273686"><ele>1074.75</ele></trkpt>
<trkpt lon="-4.992509" lat="43.273720"><ele>1076.25</ele></trkpt>
<trkpt lon="-4.992361" lat="43.273711"><ele>1076.0</ele></trkpt>
<trkpt lon="-4.992235" lat="43.273744"><ele>1077.5</ele></trkpt>
<trkpt lon="-4.992095" lat="43.273761"><ele>1079.0</ele></trkpt>
<trkpt lon="-4.991999" lat="43.273761"><ele>1079.5</ele></trkpt>
<trkpt lon="-4.991951" lat="43.273770"><ele>1080.25</ele></trkpt>
<trkpt lon="-4.991716" lat="43.273763"><ele>1079.5</ele></trkpt>
<trkpt lon="-4.991469" lat="43.273778"><ele>1080.25</ele></trkpt>
<trkpt lon="-4.990945" lat="43.273782"><ele>1080.0</ele></trkpt>
<trkpt lon="-4.990928" lat="43.273792"><ele>1080.5</ele></trkpt>
<trkpt lon="-4.990480" lat="43.273755"><ele>1077.75</ele></trkpt>
<trkpt lon="-4.990233" lat="43.273748"><ele>1076.5</ele></trkpt>
<trkpt lon="-4.990219" lat="43.273772"><ele>1077.25</ele></trkpt>
<trkpt lon="-4.990003" lat="43.273850"><ele>1078.0</ele></trkpt>
<trkpt lon="-4.989921" lat="43.273890"><ele>1078.25</ele></trkpt>
<trkpt lon="-4.989883" lat="43.273916"><ele>1078.5</ele></trkpt>
<trkpt lon="-4.989753" lat="43.274047"><ele>1079.0</ele></trkpt>
<trkpt lon="-4.989707" lat="43.274128"><ele>1079.25</ele></trkpt>
<trkpt lon="-4.989695" lat="43.274165"><ele>1079.5</ele></trkpt>
<trkpt lon="-4.989698" lat="43.274232"><ele>1079.75</ele></trkpt>
<trkpt lon="-4.989728" lat="43.274305"><ele>1080.5</ele></trkpt>
<trkpt lon="-4.989737" lat="43.274374"><ele>1081.0</ele></trkpt>
<trkpt lon="-4.989724" lat="43.274410"><ele>1080.75</ele></trkpt>
<trkpt lon="-4.989693" lat="43.274459"><ele>1080.75</ele></trkpt>
<trkpt lon="-4.989200" lat="43.274909"><ele>1083.25</ele></trkpt>
<trkpt lon="-4.989693" lat="43.274459"><ele>1080.75</ele></trkpt>
<trkpt lon="-4.989724" lat="43.274410"><ele>1080.75</ele></trkpt>
<trkpt lon="-4.989737" lat="43.274374"><ele>1081.0</ele></trkpt>
<trkpt lon="-4.989728" lat="43.274305"><ele>1080.5</ele></trkpt>
<trkpt lon="-4.989698" lat="43.274232"><ele>1079.75</ele></trkpt>
<trkpt lon="-4.989695" lat="43.274165"><ele>1079.5</ele></trkpt>
<trkpt lon="-4.989707" lat="43.274128"><ele>1079.25</ele></trkpt>
<trkpt lon="-4.989753" lat="43.274047"><ele>1079.0</ele></trkpt>
<trkpt lon="-4.989883" lat="43.273916"><ele>1078.5</ele></trkpt>
<trkpt lon="-4.989907" lat="43.273862"><ele>1077.5</ele></trkpt>
<trkpt lon="-4.989909" lat="43.273835"><ele>1077.0</ele></trkpt>
<trkpt lon="-4.989903" lat="43.273804"><ele>1076.25</ele></trkpt>
<trkpt lon="-4.989864" lat="43.273757"><ele>1075.0</ele></trkpt>
<trkpt lon="-4.989845" lat="43.273732"><ele>1074.5</ele></trkpt>
<trkpt lon="-4.989645" lat="43.273747"><ele>1074.0</ele></trkpt>
<trkpt lon="-4.989401" lat="43.273799"><ele>1073.25</ele></trkpt>
<trkpt lon="-4.988951" lat="43.273911"><ele>1072.25</ele></trkpt>
<trkpt lon="-4.988834" lat="43.273912"><ele>1071.75</ele></trkpt>
<trkpt lon="-4.988666" lat="43.273871"><ele>1071.0</ele></trkpt>
<trkpt lon="-4.988635" lat="43.273876"><ele>1071.0</ele></trkpt>
<trkpt lon="-4.988381" lat="43.273780"><ele>1071.25</ele></trkpt>
<trkpt lon="-4.988296" lat="43.273728"><ele>1071.75</ele></trkpt>
<trkpt lon="-4.988249" lat="43.273688"><ele>1072.5</ele></trkpt>
<trkpt lon="-4.988285" lat="43.273660"><ele>1072.25</ele></trkpt>
<trkpt lon="-4.988231" lat="43.273603"><ele>1073.25</ele></trkpt>
<trkpt lon="-4.988179" lat="43.273531"><ele>1074.0</ele></trkpt>
<trkpt lon="-4.988131" lat="43.273445"><ele>1074.75</ele></trkpt>
<trkpt lon="-4.988061" lat="43.273286"><ele>1075.75</ele></trkpt>
<trkpt lon="-4.987994" lat="43.273066"><ele>1077.5</ele></trkpt>
<trkpt lon="-4.987872" lat="43.272502"><ele>1082.75</ele></trkpt>
<trkpt lon="-4.987791" lat="43.272331"><ele>1085.0</ele></trkpt>
<trkpt lon="-4.987666" lat="43.272141"><ele>1086.25</ele></trkpt>
<trkpt lon="-4.987495" lat="43.271955"><ele>1088.75</ele></trkpt>
<trkpt lon="-4.987340" lat="43.271777"><ele>1091.0</ele></trkpt>
<trkpt lon="-4.987228" lat="43.271675"><ele>1091.75</ele></trkpt>
<trkpt lon="-4.987086" lat="43.271601"><ele>1092.75</ele></trkpt>
<trkpt lon="-4.986980" lat="43.271565"><ele>1093.75</ele></trkpt>
<trkpt lon="-4.986887" lat="43.271548"><ele>1095.0</ele></trkpt>
<trkpt lon="-4.986816" lat="43.271546"><ele>1095.75</ele></trkpt>
<trkpt lon="-4.986684" lat="43.271558"><ele>1097.5</ele></trkpt>
<trkpt lon="-4.986627" lat="43.271557"><ele>1098.25</ele></trkpt>
<trkpt lon="-4.986532" lat="43.271538"><ele>1099.75</ele></trkpt>
<trkpt lon="-4.986332" lat="43.271561"><ele>1102.75</ele></trkpt>
<trkpt lon="-4.986290" lat="43.271555"><ele>1103.75</ele></trkpt>
<trkpt lon="-4.986226" lat="43.271535"><ele>1105.25</ele></trkpt>
<trkpt lon="-4.986187" lat="43.271473"><ele>1107.0</ele></trkpt>
<trkpt lon="-4.986169" lat="43.271425"><ele>1108.0</ele></trkpt>
<trkpt lon="-4.986151" lat="43.271339"><ele>1110.0</ele></trkpt>
<trkpt lon="-4.986168" lat="43.271105"><ele>1115.25</ele></trkpt>
<trkpt lon="-4.986163" lat="43.271082"><ele>1115.75</ele></trkpt>
<trkpt lon="-4.986146" lat="43.271063"><ele>1116.5</ele></trkpt>
<trkpt lon="-4.986128" lat="43.271061"><ele>1117.0</ele></trkpt>
<trkpt lon="-4.986103" lat="43.271069"><ele>1117.75</ele></trkpt>
<trkpt lon="-4.986026" lat="43.271136"><ele>1118.5</ele></trkpt>
<trkpt lon="-4.985924" lat="43.271210"><ele>1119.75</ele></trkpt>
<trkpt lon="-4.985795" lat="43.271331"><ele>1122.25</ele></trkpt>
<trkpt lon="-4.985400" lat="43.271791"><ele>1133.25</ele></trkpt>
<trkpt lon="-4.985319" lat="43.271872"><ele>1135.5</ele></trkpt>
<trkpt lon="-4.985256" lat="43.271959"><ele>1136.75</ele></trkpt>
<trkpt lon="-4.984738" lat="43.272468"><ele>1149.75</ele></trkpt>
<trkpt lon="-4.984589" lat="43.272637"><ele>1152.5</ele></trkpt>
<trkpt lon="-4.984552" lat="43.272650"><ele>1153.5</ele></trkpt>
<trkpt lon="-4.984530" lat="43.272646"><ele>1154.25</ele></trkpt>
<trkpt lon="-4.984511" lat="43.272634"><ele>1155.0</ele></trkpt>
<trkpt lon="-4.984503" lat="43.272617"><ele>1155.5</ele></trkpt>
<trkpt lon="-4.984497" lat="43.272473"><ele>1157.25</ele></trkpt>
<trkpt lon="-4.984468" lat="43.272265"><ele>1158.5</ele></trkpt>
<trkpt lon="-4.984418" lat="43.272248"><ele>1158.25</ele></trkpt>
<trkpt lon="-4.984371" lat="43.272232"><ele>1156.75</ele></trkpt>
<trkpt lon="-4.984324" lat="43.272206"><ele>1155.5</ele></trkpt>
<trkpt lon="-4.984274" lat="43.272152"><ele>1154.0</ele></trkpt>
<trkpt lon="-4.984129" lat="43.272052"><ele>1151.0</ele></trkpt>
<trkpt lon="-4.984073" lat="43.272033"><ele>1150.0</ele></trkpt>
<trkpt lon="-4.983988" lat="43.272030"><ele>1148.75</ele></trkpt>
<trkpt lon="-4.983683" lat="43.272055"><ele>1146.25</ele></trkpt>
<trkpt lon="-4.983464" lat="43.272083"><ele>1144.25</ele></trkpt>
<trkpt lon="-4.983403" lat="43.272092"><ele>1143.75</ele></trkpt>
<trkpt lon="-4.983310" lat="43.272122"><ele>1142.5</ele></trkpt>
<trkpt lon="-4.983265" lat="43.272134"><ele>1141.25</ele></trkpt>
<trkpt lon="-4.983248" lat="43.272133"><ele>1140.75</ele></trkpt>
<trkpt lon="-4.983225" lat="43.272119"><ele>1139.75</ele></trkpt>
<trkpt lon="-4.983226" lat="43.272021"><ele>1139.0</ele></trkpt>
<trkpt lon="-4.983218" lat="43.271948"><ele>1138.25</ele></trkpt>
<trkpt lon="-4.983167" lat="43.271575"><ele>1131.0</ele></trkpt>
<trkpt lon="-4.983148" lat="43.271524"><ele>1129.75</ele></trkpt>
<trkpt lon="-4.983135" lat="43.271508"><ele>1129.25</ele></trkpt>
<trkpt lon="-4.983108" lat="43.271494"><ele>1128.5</ele></trkpt>
<trkpt lon="-4.982987" lat="43.271465"><ele>1125.75</ele></trkpt>
<trkpt lon="-4.982951" lat="43.271463"><ele>1125.25</ele></trkpt>
<trkpt lon="-4.982921" lat="43.271468"><ele>1125.0</ele></trkpt>
<trkpt lon="-4.982897" lat="43.271480"><ele>1124.75</ele></trkpt>
<trkpt lon="-4.982787" lat="43.271589"><ele>1123.75</ele></trkpt>
<trkpt lon="-4.982718" lat="43.271629"><ele>1123.5</ele></trkpt>
<trkpt lon="-4.982694" lat="43.271655"><ele>1123.5</ele></trkpt>
<trkpt lon="-4.982478" lat="43.271633"><ele>1122.5</ele></trkpt>
<trkpt lon="-4.982410" lat="43.271643"><ele>1122.25</ele></trkpt>
<trkpt lon="-4.982349" lat="43.271660"><ele>1121.75</ele></trkpt>
<trkpt lon="-4.982314" lat="43.271680"><ele>1121.5</ele></trkpt>
<trkpt lon="-4.982303" lat="43.271671"><ele>1121.5</ele></trkpt>
<trkpt lon="-4.981061" lat="43.270630"><ele>1113.5</ele></trkpt>
<trkpt lon="-4.980850" lat="43.270497"><ele>1113.5</ele></trkpt>
<trkpt lon="-4.980763" lat="43.270421"><ele>1113.75</ele></trkpt>
<trkpt lon="-4.980440" lat="43.270390"><ele>1115.25</ele></trkpt>
<trkpt lon="-4.979666" lat="43.270527"><ele>1119.5</ele></trkpt>
<trkpt lon="-4.979399" lat="43.270695"><ele>1118.75</ele></trkpt>
<trkpt lon="-4.979255" lat="43.270689"><ele>1120.5</ele></trkpt>
<trkpt lon="-4.978826" lat="43.270788"><ele>1127.0</ele></trkpt>
<trkpt lon="-4.978429" lat="43.270857"><ele>1134.75</ele></trkpt>
<trkpt lon="-4.977826" lat="43.270874"><ele>1148.5</ele></trkpt>
<trkpt lon="-4.977454" lat="43.270805"><ele>1156.25</ele></trkpt>
<trkpt lon="-4.977154" lat="43.270732"><ele>1157.75</ele></trkpt>
<trkpt lon="-4.976998" lat="43.270680"><ele>1157.5</ele></trkpt>
<trkpt lon="-4.976674" lat="43.270539"><ele>1158.5</ele></trkpt>
<trkpt lon="-4.976414" lat="43.270441"><ele>1159.75</ele></trkpt>
<trkpt lon="-4.976208" lat="43.270446"><ele>1159.5</ele></trkpt>
<trkpt lon="-4.975989" lat="43.270458"><ele>1159.25</ele></trkpt>
<trkpt lon="-4.975830" lat="43.270482"><ele>1158.25</ele></trkpt>
<trkpt lon="-4.975659" lat="43.270556"><ele>1157.25</ele></trkpt>
<trkpt lon="-4.975338" lat="43.270669"><ele>1156.0</ele></trkpt>
<trkpt lon="-4.975047" lat="43.270747"><ele>1155.5</ele></trkpt>
<trkpt lon="-4.974688" lat="43.270964"><ele>1154.0</ele></trkpt>
<trkpt lon="-4.974095" lat="43.271076"><ele>1155.5</ele></trkpt>
<trkpt lon="-4.973723" lat="43.271096"><ele>1156.25</ele></trkpt>
<trkpt lon="-4.973278" lat="43.270996"><ele>1155.5</ele></trkpt>
<trkpt lon="-4.972675" lat="43.271017"><ele>1154.25</ele></trkpt>
<trkpt lon="-4.971862" lat="43.271133"><ele>1156.25</ele></trkpt>
<trkpt lon="-4.971399" lat="43.271071"><ele>1162.0</ele></trkpt>
<trkpt lon="-4.971096" lat="43.271065"><ele>1163.25</ele></trkpt>
<trkpt lon="-4.970892" lat="43.270976"><ele>1165.75</ele></trkpt>
<trkpt lon="-4.970436" lat="43.270937"><ele>1164.5</ele></trkpt>
<trkpt lon="-4.969351" lat="43.271218"><ele>1148.75</ele></trkpt>
<trkpt lon="-4.969222" lat="43.271162"><ele>1147.0</ele></trkpt>
<trkpt lon="-4.969156" lat="43.271143"><ele>1146.0</ele></trkpt>
<trkpt lon="-4.968893" lat="43.271095"><ele>1143.5</ele></trkpt>
<trkpt lon="-4.968740" lat="43.271063"><ele>1143.25</ele></trkpt>
<trkpt lon="-4.968559" lat="43.271052"><ele>1142.25</ele></trkpt>
<trkpt lon="-4.968423" lat="43.271072"><ele>1141.0</ele></trkpt>
<trkpt lon="-4.968274" lat="43.271106"><ele>1139.25</ele></trkpt>
<trkpt lon="-4.968174" lat="43.271109"><ele>1138.25</ele></trkpt>
<trkpt lon="-4.968058" lat="43.271089"><ele>1137.0</ele></trkpt>
<trkpt lon="-4.968006" lat="43.271072"><ele>1136.5</ele></trkpt>
<trkpt lon="-4.967798" lat="43.270980"><ele>1133.25</ele></trkpt>
<trkpt lon="-4.967692" lat="43.270950"><ele>1132.0</ele></trkpt>
<trkpt lon="-4.967292" lat="43.270930"><ele>1128.75</ele></trkpt>
<trkpt lon="-4.967224" lat="43.270930"><ele>1128.0</ele></trkpt>
<trkpt lon="-4.967065" lat="43.270944"><ele>1126.25</ele></trkpt>
<trkpt lon="-4.966991" lat="43.270943"><ele>1125.5</ele></trkpt>
<trkpt lon="-4.966491" lat="43.270902"><ele>1120.5</ele></trkpt>
<trkpt lon="-4.966408" lat="43.270904"><ele>1119.25</ele></trkpt>
<trkpt lon="-4.966337" lat="43.270922"><ele>1118.25</ele></trkpt>
<trkpt lon="-4.966223" lat="43.270975"><ele>1116.75</ele></trkpt>
<trkpt lon="-4.966187" lat="43.270986"><ele>1116.5</ele></trkpt>
<trkpt lon="-4.966132" lat="43.270984"><ele>1116.5</ele></trkpt>
<trkpt lon="-4.966080" lat="43.270962"><ele>1115.75</ele></trkpt>
<trkpt lon="-4.966062" lat="43.270944"><ele>1115.5</ele></trkpt>
<trkpt lon="-4.965970" lat="43.270774"><ele>1113.25</ele></trkpt>
<trkpt lon="-4.965950" lat="43.270746"><ele>1113.0</ele></trkpt>
<trkpt lon="-4.965896" lat="43.270702"><ele>1112.0</ele></trkpt>
<trkpt lon="-4.965814" lat="43.270673"><ele>1110.75</ele></trkpt>
<trkpt lon="-4.965494" lat="43.270595"><ele>1106.25</ele></trkpt>
<trkpt lon="-4.965321" lat="43.270594"><ele>1104.25</ele></trkpt>
<trkpt lon="-4.965225" lat="43.270600"><ele>1103.0</ele></trkpt>
<trkpt lon="-4.965120" lat="43.270615"><ele>1101.5</ele></trkpt>
<trkpt lon="-4.964769" lat="43.270685"><ele>1095.25</ele></trkpt>
<trkpt lon="-4.964582" lat="43.270732"><ele>1092.5</ele></trkpt>
<trkpt lon="-4.964436" lat="43.270756"><ele>1090.5</ele></trkpt>
<trkpt lon="-4.964301" lat="43.270754"><ele>1088.75</ele></trkpt>
<trkpt lon="-4.964041" lat="43.270720"><ele>1085.0</ele></trkpt>
<trkpt lon="-4.963840" lat="43.270710"><ele>1082.5</ele></trkpt>
<trkpt lon="-4.963784" lat="43.270693"><ele>1081.75</ele></trkpt>
<trkpt lon="-4.963766" lat="43.270676"><ele>1081.25</ele></trkpt>
<trkpt lon="-4.963755" lat="43.270645"><ele>1081.0</ele></trkpt>
<trkpt lon="-4.963758" lat="43.270627"><ele>1080.75</ele></trkpt>
<trkpt lon="-4.963792" lat="43.270586"><ele>1080.5</ele></trkpt>
<trkpt lon="-4.963964" lat="43.270418"><ele>1078.75</ele></trkpt>
<trkpt lon="-4.963997" lat="43.270365"><ele>1078.0</ele></trkpt>
<trkpt lon="-4.964008" lat="43.270322"><ele>1077.5</ele></trkpt>
<trkpt lon="-4.964002" lat="43.270276"><ele>1076.5</ele></trkpt>
<trkpt lon="-4.963970" lat="43.270230"><ele>1075.0</ele></trkpt>
<trkpt lon="-4.963943" lat="43.270207"><ele>1074.25</ele></trkpt>
<trkpt lon="-4.963884" lat="43.270176"><ele>1073.0</ele></trkpt>
<trkpt lon="-4.963669" lat="43.270106"><ele>1071.5</ele></trkpt>
<trkpt lon="-4.963579" lat="43.270084"><ele>1071.5</ele></trkpt>
<trkpt lon="-4.963110" lat="43.270009"><ele>1068.25</ele></trkpt>
<trkpt lon="-4.963003" lat="43.270004"><ele>1067.5</ele></trkpt>
<trkpt lon="-4.962900" lat="43.270012"><ele>1066.5</ele></trkpt>
<trkpt lon="-4.962841" lat="43.270021"><ele>1066.0</ele></trkpt>
<trkpt lon="-4.962690" lat="43.270063"><ele>1064.0</ele></trkpt>
<trkpt lon="-4.962447" lat="43.270153"><ele>1061.0</ele></trkpt>
<trkpt lon="-4.962361" lat="43.270191"><ele>1059.75</ele></trkpt>
<trkpt lon="-4.962308" lat="43.270225"><ele>1059.0</ele></trkpt>
<trkpt lon="-4.962267" lat="43.270271"><ele>1058.5</ele></trkpt>
<trkpt lon="-4.962232" lat="43.270318"><ele>1057.75</ele></trkpt>
<trkpt lon="-4.961936" lat="43.270507"><ele>1054.75</ele></trkpt>
<trkpt lon="-4.961604" lat="43.270646"><ele>1053.25</ele></trkpt>
<trkpt lon="-4.961098" lat="43.270876"><ele>1053.75</ele></trkpt>
<trkpt lon="-4.960704" lat="43.270894"><ele>1055.75</ele></trkpt>
<trkpt lon="-4.960362" lat="43.271023"><ele>1056.25</ele></trkpt>
<trkpt lon="-4.960223" lat="43.271151"><ele>1057.5</ele></trkpt>
<trkpt lon="-4.960128" lat="43.271577"><ele>1059.5</ele></trkpt>
<trkpt lon="-4.959933" lat="43.272029"><ele>1065.0</ele></trkpt>
<trkpt lon="-4.959925" lat="43.272425"><ele>1069.0</ele></trkpt>
<trkpt lon="-4.959936" lat="43.272528"><ele>1069.25</ele></trkpt>
<trkpt lon="-4.959948" lat="43.272658"><ele>1067.0</ele></trkpt>
<trkpt lon="-4.959936" lat="43.272950"><ele>1061.5</ele></trkpt>
<trkpt lon="-4.959911" lat="43.273095"><ele>1059.0</ele></trkpt>
<trkpt lon="-4.959862" lat="43.273272"><ele>1055.75</ele></trkpt>
<trkpt lon="-4.959805" lat="43.273401"><ele>1054.25</ele></trkpt>
<trkpt lon="-4.959753" lat="43.273438"><ele>1054.5</ele></trkpt>
<trkpt lon="-4.959691" lat="43.273439"><ele>1054.25</ele></trkpt>
<trkpt lon="-4.959508" lat="43.273372"><ele>1052.0</ele></trkpt>
<trkpt lon="-4.958880" lat="43.273193"><ele>1043.25</ele></trkpt>
<trkpt lon="-4.958841" lat="43.273188"><ele>1043.25</ele></trkpt>
<trkpt lon="-4.958819" lat="43.273154"><ele>1043.5</ele></trkpt>
<trkpt lon="-4.958466" lat="43.273093"><ele>1043.5</ele></trkpt>
<trkpt lon="-4.958152" lat="43.272969"><ele>1043.0</ele></trkpt>
<trkpt lon="-4.958027" lat="43.272844"><ele>1042.25</ele></trkpt>
<trkpt lon="-4.957921" lat="43.272467"><ele>1042.5</ele></trkpt>
<trkpt lon="-4.957889" lat="43.272252"><ele>1041.5</ele></trkpt>
<trkpt lon="-4.957709" lat="43.271866"><ele>1038.5</ele></trkpt>
<trkpt lon="-4.957461" lat="43.271224"><ele>1034.5</ele></trkpt>
<trkpt lon="-4.957323" lat="43.271006"><ele>1031.5</ele></trkpt>
<trkpt lon="-4.957138" lat="43.270914"><ele>1026.75</ele></trkpt>
<trkpt lon="-4.956977" lat="43.270768"><ele>1023.75</ele></trkpt>
<trkpt lon="-4.956676" lat="43.270573"><ele>1019.75</ele></trkpt>
<trkpt lon="-4.956448" lat="43.270433"><ele>1016.0</ele></trkpt>
<trkpt lon="-4.956185" lat="43.270291"><ele>1010.75</ele></trkpt>
<trkpt lon="-4.956018" lat="43.270377"><ele>1009.25</ele></trkpt>
<trkpt lon="-4.955897" lat="43.270385"><ele>1010.5</ele></trkpt>
<trkpt lon="-4.955707" lat="43.270430"><ele>1012.5</ele></trkpt>
<trkpt lon="-4.955568" lat="43.270376"><ele>1013.75</ele></trkpt>
<trkpt lon="-4.955422" lat="43.270339"><ele>1014.25</ele></trkpt>
<trkpt lon="-4.955218" lat="43.270246"><ele>1015.0</ele></trkpt>
<trkpt lon="-4.955161" lat="43.270202"><ele>1016.0</ele></trkpt>
<trkpt lon="-4.955075" lat="43.270174"><ele>1017.25</ele></trkpt>
<trkpt lon="-4.954965" lat="43.270155"><ele>1018.5</ele></trkpt>
<trkpt lon="-4.954746" lat="43.270158"><ele>1019.75</ele></trkpt>
<trkpt lon="-4.954556" lat="43.270129"><ele>1020.75</ele></trkpt>
<trkpt lon="-4.954493" lat="43.270090"><ele>1021.0</ele></trkpt>
<trkpt lon="-4.954433" lat="43.270079"><ele>1021.0</ele></trkpt>
<trkpt lon="-4.954368" lat="43.270104"><ele>1020.25</ele></trkpt>
<trkpt lon="-4.954193" lat="43.270113"><ele>1017.75</ele></trkpt>
<trkpt lon="-4.954037" lat="43.270106"><ele>1016.25</ele></trkpt>
<trkpt lon="-4.953885" lat="43.270084"><ele>1014.5</ele></trkpt>
<trkpt lon="-4.953700" lat="43.270070"><ele>1014.5</ele></trkpt>
<trkpt lon="-4.953548" lat="43.270073"><ele>1014.25</ele></trkpt>
<trkpt lon="-4.953407" lat="43.270040"><ele>1013.25</ele></trkpt>
<trkpt lon="-4.953225" lat="43.269982"><ele>1013.25</ele></trkpt>
<trkpt lon="-4.953019" lat="43.269900"><ele>1014.25</ele></trkpt>
<trkpt lon="-4.952561" lat="43.269676"><ele>1013.75</ele></trkpt>
<trkpt lon="-4.952190" lat="43.269564"><ele>1015.0</ele></trkpt>
<trkpt lon="-4.952023" lat="43.269491"><ele>1015.0</ele></trkpt>
<trkpt lon="-4.951639" lat="43.269253"><ele>1016.75</ele></trkpt>
<trkpt lon="-4.951456" lat="43.269151"><ele>1017.75</ele></trkpt>
<trkpt lon="-4.951348" lat="43.269104"><ele>1019.25</ele></trkpt>
<trkpt lon="-4.951146" lat="43.269062"><ele>1022.0</ele></trkpt>
<trkpt lon="-4.951013" lat="43.269052"><ele>1022.75</ele></trkpt>
<trkpt lon="-4.950838" lat="43.269057"><ele>1023.0</ele></trkpt>
<trkpt lon="-4.950654" lat="43.269079"><ele>1025.0</ele></trkpt>
<trkpt lon="-4.950570" lat="43.269109"><ele>1026.0</ele></trkpt>
<trkpt lon="-4.950503" lat="43.269179"><ele>1028.0</ele></trkpt>
<trkpt lon="-4.950321" lat="43.269198"><ele>1031.0</ele></trkpt>
<trkpt lon="-4.950231" lat="43.269177"><ele>1031.5</ele></trkpt>
<trkpt lon="-4.950170" lat="43.269177"><ele>1032.25</ele></trkpt>
<trkpt lon="-4.950087" lat="43.269205"><ele>1033.5</ele></trkpt>
<trkpt lon="-4.950047" lat="43.269260"><ele>1034.5</ele></trkpt>
<trkpt lon="-4.949929" lat="43.269307"><ele>1035.75</ele></trkpt>
<trkpt lon="-4.949900" lat="43.269379"><ele>1036.25</ele></trkpt>
<trkpt lon="-4.949792" lat="43.269442"><ele>1036.25</ele></trkpt>
<trkpt lon="-4.949403" lat="43.269184"><ele>1037.25</ele></trkpt>
<trkpt lon="-4.948760" lat="43.268876"><ele>1044.75</ele></trkpt>
<trkpt lon="-4.948308" lat="43.268757"><ele>1055.5</ele></trkpt>
<trkpt lon="-4.947985" lat="43.268728"><ele>1061.0</ele></trkpt>
<trkpt lon="-4.947497" lat="43.268532"><ele>1072.75</ele></trkpt>
<trkpt lon="-4.946842" lat="43.268378"><ele>1089.75</ele></trkpt>
<trkpt lon="-4.946482" lat="43.267959"><ele>1096.75</ele></trkpt>
<trkpt lon="-4.946118" lat="43.267761"><ele>1103.0</ele></trkpt>
<trkpt lon="-4.945531" lat="43.267517"><ele>1112.75</ele></trkpt>
<trkpt lon="-4.944677" lat="43.267482"><ele>1124.25</ele></trkpt>
<trkpt lon="-4.943980" lat="43.267854"><ele>1137.25</ele></trkpt>
<trkpt lon="-4.943894" lat="43.267978"><ele>1140.0</ele></trkpt>
<trkpt lon="-4.943699" lat="43.268192"><ele>1139.0</ele></trkpt>
<trkpt lon="-4.943633" lat="43.268194"><ele>1138.25</ele></trkpt>
<trkpt lon="-4.943526" lat="43.268148"><ele>1139.0</ele></trkpt>
<trkpt lon="-4.943460" lat="43.268070"><ele>1141.0</ele></trkpt>
<trkpt lon="-4.943359" lat="43.268008"><ele>1143.25</ele></trkpt>
<trkpt lon="-4.943221" lat="43.267987"><ele>1142.25</ele></trkpt>
<trkpt lon="-4.943079" lat="43.268001"><ele>1139.5</ele></trkpt>
<trkpt lon="-4.942674" lat="43.268018"><ele>1137.75</ele></trkpt>
<trkpt lon="-4.942240" lat="43.268097"><ele>1140.75</ele></trkpt>
<trkpt lon="-4.942078" lat="43.268136"><ele>1143.0</ele></trkpt>
<trkpt lon="-4.941832" lat="43.268255"><ele>1146.0</ele></trkpt>
<trkpt lon="-4.941654" lat="43.268378"><ele>1148.25</ele></trkpt>
<trkpt lon="-4.941203" lat="43.268768"><ele>1166.75</ele></trkpt>
<trkpt lon="-4.941028" lat="43.269001"><ele>1170.75</ele></trkpt>
<trkpt lon="-4.940762" lat="43.269279"><ele>1171.75</ele></trkpt>
<trkpt lon="-4.940666" lat="43.269317"><ele>1171.5</ele></trkpt>
<trkpt lon="-4.940523" lat="43.269270"><ele>1172.0</ele></trkpt>
<trkpt lon="-4.940404" lat="43.269249"><ele>1172.5</ele></trkpt>
<trkpt lon="-4.940242" lat="43.269272"><ele>1173.75</ele></trkpt>
<trkpt lon="-4.940142" lat="43.269305"><ele>1174.5</ele></trkpt>
<trkpt lon="-4.940061" lat="43.269308"><ele>1175.5</ele></trkpt>
<trkpt lon="-4.939940" lat="43.269356"><ele>1175.75</ele></trkpt>
<trkpt lon="-4.939800" lat="43.269378"><ele>1176.75</ele></trkpt>
<trkpt lon="-4.939726" lat="43.269378"><ele>1177.5</ele></trkpt>
<trkpt lon="-4.939509" lat="43.269412"><ele>1178.5</ele></trkpt>
<trkpt lon="-4.939465" lat="43.269434"><ele>1178.0</ele></trkpt>
<trkpt lon="-4.939393" lat="43.269434"><ele>1179.25</ele></trkpt>
<trkpt lon="-4.939292" lat="43.269456"><ele>1180.25</ele></trkpt>
<trkpt lon="-4.939154" lat="43.269465"><ele>1182.5</ele></trkpt>
<trkpt lon="-4.939043" lat="43.269539"><ele>1182.0</ele></trkpt>
<trkpt lon="-4.938957" lat="43.269565"><ele>1182.5</ele></trkpt>
<trkpt lon="-4.938918" lat="43.269559"><ele>1183.25</ele></trkpt>
<trkpt lon="-4.938854" lat="43.269586"><ele>1182.75</ele></trkpt>
<trkpt lon="-4.938706" lat="43.269590"><ele>1182.75</ele></trkpt>
<trkpt lon="-4.938627" lat="43.269645"><ele>1179.25</ele></trkpt>
<trkpt lon="-4.938500" lat="43.269646"><ele>1179.25</ele></trkpt>
<trkpt lon="-4.938447" lat="43.269637"><ele>1180.0</ele></trkpt>
<trkpt lon="-4.937817" lat="43.269796"><ele>1174.75</ele></trkpt>
<trkpt lon="-4.937655" lat="43.269865"><ele>1176.75</ele></trkpt>
<trkpt lon="-4.937510" lat="43.269834"><ele>1183.0</ele></trkpt>
<trkpt lon="-4.937473" lat="43.269882"><ele>1182.5</ele></trkpt>
<trkpt lon="-4.937201" lat="43.269965"><ele>1188.5</ele></trkpt>
<trkpt lon="-4.936779" lat="43.270024"><ele>1196.25</ele></trkpt>
<trkpt lon="-4.936729" lat="43.270037"><ele>1197.5</ele></trkpt>
<trkpt lon="-4.936581" lat="43.270043"><ele>1200.25</ele></trkpt>
<trkpt lon="-4.936392" lat="43.270006"><ele>1203.0</ele></trkpt>
<trkpt lon="-4.936206" lat="43.269952"><ele>1204.5</ele></trkpt>
<trkpt lon="-4.935932" lat="43.269737"><ele>1205.25</ele></trkpt>
<trkpt lon="-4.935570" lat="43.269531"><ele>1207.25</ele></trkpt>
<trkpt lon="-4.935434" lat="43.269518"><ele>1207.0</ele></trkpt>
<trkpt lon="-4.935378" lat="43.269479"><ele>1207.25</ele></trkpt>
<trkpt lon="-4.935227" lat="43.269406"><ele>1208.75</ele></trkpt>
<trkpt lon="-4.935078" lat="43.269353"><ele>1210.75</ele></trkpt>
<trkpt lon="-4.934924" lat="43.269361"><ele>1211.0</ele></trkpt>
<trkpt lon="-4.934838" lat="43.269382"><ele>1211.0</ele></trkpt>
<trkpt lon="-4.934714" lat="43.269328"><ele>1214.25</ele></trkpt>
<trkpt lon="-4.934637" lat="43.269345"><ele>1214.25</ele></trkpt>
<trkpt lon="-4.934503" lat="43.269412"><ele>1213.25</ele></trkpt>
<trkpt lon="-4.934426" lat="43.269491"><ele>1212.5</ele></trkpt>
<trkpt lon="-4.934205" lat="43.269455"><ele>1215.25</ele></trkpt>
<trkpt lon="-4.934041" lat="43.269462"><ele>1216.75</ele></trkpt>
<trkpt lon="-4.933916" lat="43.269414"><ele>1219.0</ele></trkpt>
<trkpt lon="-4.933755" lat="43.269563"><ele>1221.0</ele></trkpt>
<trkpt lon="-4.933368" lat="43.269473"><ele>1222.5</ele></trkpt>
<trkpt lon="-4.933148" lat="43.269429"><ele>1220.75</ele></trkpt>
<trkpt lon="-4.932915" lat="43.269418"><ele>1220.5</ele></trkpt>
<trkpt lon="-4.932725" lat="43.269432"><ele>1221.5</ele></trkpt>
<trkpt lon="-4.932532" lat="43.269438"><ele>1225.5</ele></trkpt>
<trkpt lon="-4.932391" lat="43.269424"><ele>1228.75</ele></trkpt>
<trkpt lon="-4.932205" lat="43.269415"><ele>1233.0</ele></trkpt>
<trkpt lon="-4.931981" lat="43.269431"><ele>1235.75</ele></trkpt>
<trkpt lon="-4.931752" lat="43.269407"><ele>1238.75</ele></trkpt>
<trkpt lon="-4.931534" lat="43.269376"><ele>1242.0</ele></trkpt>
<trkpt lon="-4.931356" lat="43.269410"><ele>1245.25</ele></trkpt>
<trkpt lon="-4.931256" lat="43.269368"><ele>1248.25</ele></trkpt>
<trkpt lon="-4.930965" lat="43.269287"><ele>1254.5</ele></trkpt>
<trkpt lon="-4.930251" lat="43.268887"><ele>1247.0</ele></trkpt>
<trkpt lon="-4.930093" lat="43.268813"><ele>1247.75</ele></trkpt>
<trkpt lon="-4.929883" lat="43.268743"><ele>1248.75</ele></trkpt>
<trkpt lon="-4.929642" lat="43.268708"><ele>1249.0</ele></trkpt>
<trkpt lon="-4.929430" lat="43.268749"><ele>1252.25</ele></trkpt>
<trkpt lon="-4.929306" lat="43.268828"><ele>1254.0</ele></trkpt>
<trkpt lon="-4.929118" lat="43.268881"><ele>1257.0</ele></trkpt>
<trkpt lon="-4.928953" lat="43.268873"><ele>1260.75</ele></trkpt>
<trkpt lon="-4.928787" lat="43.268845"><ele>1265.25</ele></trkpt>
<trkpt lon="-4.928584" lat="43.268769"><ele>1270.75</ele></trkpt>
<trkpt lon="-4.928301" lat="43.268688"><ele>1272.25</ele></trkpt>
<trkpt lon="-4.927773" lat="43.268649"><ele>1275.25</ele></trkpt>
<trkpt lon="-4.927209" lat="43.268649"><ele>1279.75</ele></trkpt>
<trkpt lon="-4.927002" lat="43.268307"><ele>1279.0</ele></trkpt>
<trkpt lon="-4.926113" lat="43.268075"><ele>1296.75</ele></trkpt>
<trkpt lon="-4.925348" lat="43.268005"><ele>1311.75</ele></trkpt>
<trkpt lon="-4.924837" lat="43.267872"><ele>1325.75</ele></trkpt>
<trkpt lon="-4.923992" lat="43.267680"><ele>1345.75</ele></trkpt>
<trkpt lon="-4.922660" lat="43.267564"><ele>1382.25</ele></trkpt>
<trkpt lon="-4.922429" lat="43.267442"><ele>1387.0</ele></trkpt>
<trkpt lon="-4.921759" lat="43.267407"><ele>1401.5</ele></trkpt>
<trkpt lon="-4.921065" lat="43.267163"><ele>1420.0</ele></trkpt>
<trkpt lon="-4.920418" lat="43.267373"><ele>1439.25</ele></trkpt>
<trkpt lon="-4.920213" lat="43.267335"><ele>1442.5</ele></trkpt>
<trkpt lon="-4.919919" lat="43.267054"><ele>1447.75</ele></trkpt>
<trkpt lon="-4.919077" lat="43.266861"><ele>1469.25</ele></trkpt>
<trkpt lon="-4.918725" lat="43.266725"><ele>1475.25</ele></trkpt>
<trkpt lon="-4.918227" lat="43.266604"><ele>1473.75</ele></trkpt>
<trkpt lon="-4.917949" lat="43.266570"><ele>1469.0</ele></trkpt>
<trkpt lon="-4.917666" lat="43.266633"><ele>1463.0</ele></trkpt>
<trkpt lon="-4.917418" lat="43.266649"><ele>1460.75</ele></trkpt>
<trkpt lon="-4.916993" lat="43.266416"><ele>1458.75</ele></trkpt>
<trkpt lon="-4.916701" lat="43.266327"><ele>1461.25</ele></trkpt>
<trkpt lon="-4.916473" lat="43.266250"><ele>1463.5</ele></trkpt>
<trkpt lon="-4.916229" lat="43.266195"><ele>1464.5</ele></trkpt>
<trkpt lon="-4.915997" lat="43.266093"><ele>1462.75</ele></trkpt>
<trkpt lon="-4.915835" lat="43.265972"><ele>1464.25</ele></trkpt>
<trkpt lon="-4.915707" lat="43.265905"><ele>1465.75</ele></trkpt>
<trkpt lon="-4.915465" lat="43.265847"><ele>1469.25</ele></trkpt>
<trkpt lon="-4.915174" lat="43.265754"><ele>1471.75</ele></trkpt>
<trkpt lon="-4.914841" lat="43.265723"><ele>1474.75</ele></trkpt>
<trkpt lon="-4.914483" lat="43.265652"><ele>1480.75</ele></trkpt>
<trkpt lon="-4.913281" lat="43.265720"><ele>1498.0</ele></trkpt>
<trkpt lon="-4.912796" lat="43.265639"><ele>1494.25</ele></trkpt>
<trkpt lon="-4.912211" lat="43.265500"><ele>1502.75</ele></trkpt>
<trkpt lon="-4.911332" lat="43.265363"><ele>1507.25</ele></trkpt>
<trkpt lon="-4.910839" lat="43.265331"><ele>1512.5</ele></trkpt>
<trkpt lon="-4.910317" lat="43.265321"><ele>1522.25</ele></trkpt>
<trkpt lon="-4.909408" lat="43.265187"><ele>1535.5</ele></trkpt>
<trkpt lon="-4.908095" lat="43.265088"><ele>1543.25</ele></trkpt>
<trkpt lon="-4.907694" lat="43.264999"><ele>1543.25</ele></trkpt>
<trkpt lon="-4.907253" lat="43.264873"><ele>1543.75</ele></trkpt>
<trkpt lon="-4.907113" lat="43.264761"><ele>1546.5</ele></trkpt>
<trkpt lon="-4.906830" lat="43.264680"><ele>1546.75</ele></trkpt>
<trkpt lon="-4.906495" lat="43.264672"><ele>1551.0</ele></trkpt>
<trkpt lon="-4.906149" lat="43.264723"><ele>1554.25</ele></trkpt>
<trkpt lon="-4.905855" lat="43.264825"><ele>1557.5</ele></trkpt>
<trkpt lon="-4.905473" lat="43.264825"><ele>1560.25</ele></trkpt>
<trkpt lon="-4.905345" lat="43.264747"><ele>1558.5</ele></trkpt>
<trkpt lon="-4.905009" lat="43.264576"><ele>1554.5</ele></trkpt>
<trkpt lon="-4.904656" lat="43.264539"><ele>1548.25</ele></trkpt>
<trkpt lon="-4.904477" lat="43.264486"><ele>1545.0</ele></trkpt>
<trkpt lon="-4.904421" lat="43.264429"><ele>1543.75</ele></trkpt>
<trkpt lon="-4.904242" lat="43.264303"><ele>1544.25</ele></trkpt>
<trkpt lon="-4.904051" lat="43.264282"><ele>1544.5</ele></trkpt>
<trkpt lon="-4.903844" lat="43.264299"><ele>1546.75</ele></trkpt>
<trkpt lon="-4.903475" lat="43.264221"><ele>1552.0</ele></trkpt>
<trkpt lon="-4.902999" lat="43.264083"><ele>1563.0</ele></trkpt>
<trkpt lon="-4.902573" lat="43.263948"><ele>1559.25</ele></trkpt>
<trkpt lon="-4.901985" lat="43.263801"><ele>1540.75</ele></trkpt>
<trkpt lon="-4.901048" lat="43.263599"><ele>1543.75</ele></trkpt>
<trkpt lon="-4.900983" lat="43.263717"><ele>1547.25</ele></trkpt>
<trkpt lon="-4.900904" lat="43.263771"><ele>1550.25</ele></trkpt>
<trkpt lon="-4.900756" lat="43.263826"><ele>1556.0</ele></trkpt>
<trkpt lon="-4.900451" lat="43.263860"><ele>1565.0</ele></trkpt>
<trkpt lon="-4.900453" lat="43.264076"><ele>1577.0</ele></trkpt>
<trkpt lon="-4.900349" lat="43.264111"><ele>1583.0</ele></trkpt>
<trkpt lon="-4.900379" lat="43.264244"><ele>1588.25</ele></trkpt>
<trkpt lon="-4.900447" lat="43.264326"><ele>1589.25</ele></trkpt>
<trkpt lon="-4.900585" lat="43.264438"><ele>1591.5</ele></trkpt>
<trkpt lon="-4.900404" lat="43.264544"><ele>1591.5</ele></trkpt>
<trkpt lon="-4.900173" lat="43.264644"><ele>1595.5</ele></trkpt>
<trkpt lon="-4.900061" lat="43.264813"><ele>1597.75</ele></trkpt>
<trkpt lon="-4.899649" lat="43.265013"><ele>1602.75</ele></trkpt>
<trkpt lon="-4.899254" lat="43.265188"><ele>1601.25</ele></trkpt>
<trkpt lon="-4.898731" lat="43.265238"><ele>1599.5</ele></trkpt>
<trkpt lon="-4.898044" lat="43.265244"><ele>1603.5</ele></trkpt>
<trkpt lon="-4.897529" lat="43.265357"><ele>1613.25</ele></trkpt>
<trkpt lon="-4.897151" lat="43.265169"><ele>1605.75</ele></trkpt>
<trkpt lon="-4.896868" lat="43.265257"><ele>1608.25</ele></trkpt>
<trkpt lon="-4.896319" lat="43.265557"><ele>1614.25</ele></trkpt>
<trkpt lon="-4.895598" lat="43.265544"><ele>1631.25</ele></trkpt>
<trkpt lon="-4.895031" lat="43.265544"><ele>1648.25</ele></trkpt>
<trkpt lon="-4.894499" lat="43.265557"><ele>1666.0</ele></trkpt>
<trkpt lon="-4.894130" lat="43.265651"><ele>1674.25</ele></trkpt>
<trkpt lon="-4.893461" lat="43.265882"><ele>1688.0</ele></trkpt>
<trkpt lon="-4.892911" lat="43.266026"><ele>1691.75</ele></trkpt>
<trkpt lon="-4.892276" lat="43.265976"><ele>1698.5</ele></trkpt>
<trkpt lon="-4.891813" lat="43.266001"><ele>1697.0</ele></trkpt>
<trkpt lon="-4.891195" lat="43.266119"><ele>1686.0</ele></trkpt>
<trkpt lon="-4.890534" lat="43.266407"><ele>1686.0</ele></trkpt>
<trkpt lon="-4.890233" lat="43.266401"><ele>1684.25</ele></trkpt>
<trkpt lon="-4.889607" lat="43.266107"><ele>1682.0</ele></trkpt>
<trkpt lon="-4.889401" lat="43.266113"><ele>1678.75</ele></trkpt>
<trkpt lon="-4.889324" lat="43.266219"><ele>1676.0</ele></trkpt>
<trkpt lon="-4.888268" lat="43.266338"><ele>1679.5</ele></trkpt>
<trkpt lon="-4.888041" lat="43.266428"><ele>1684.0</ele></trkpt>
<trkpt lon="-4.887805" lat="43.266409"><ele>1692.0</ele></trkpt>
<trkpt lon="-4.887298" lat="43.266304"><ele>1691.5</ele></trkpt>
<trkpt lon="-4.887044" lat="43.266125"><ele>1692.0</ele></trkpt>
<trkpt lon="-4.886506" lat="43.266109"><ele>1682.0</ele></trkpt>
<trkpt lon="-4.886087" lat="43.266026"><ele>1679.5</ele></trkpt>
<trkpt lon="-4.885748" lat="43.265947"><ele>1676.0</ele></trkpt>
<trkpt lon="-4.885670" lat="43.266267"><ele>1674.75</ele></trkpt>
<trkpt lon="-4.885399" lat="43.266448"><ele>1661.5</ele></trkpt>
<trkpt lon="-4.884894" lat="43.266503"><ele>1652.25</ele></trkpt>
<trkpt lon="-4.884541" lat="43.266530"><ele>1655.0</ele></trkpt>
<trkpt lon="-4.884345" lat="43.266711"><ele>1646.5</ele></trkpt>
<trkpt lon="-4.883924" lat="43.266947"><ele>1636.75</ele></trkpt>
<trkpt lon="-4.883781" lat="43.267062"><ele>1631.75</ele></trkpt>
<trkpt lon="-4.883653" lat="43.267188"><ele>1630.5</ele></trkpt>
<trkpt lon="-4.883638" lat="43.267495"><ele>1623.5</ele></trkpt>
<trkpt lon="-4.883615" lat="43.267692"><ele>1621.75</ele></trkpt>
<trkpt lon="-4.883419" lat="43.267939"><ele>1613.5</ele></trkpt>
<trkpt lon="-4.883148" lat="43.268163"><ele>1602.0</ele></trkpt>
<trkpt lon="-4.882990" lat="43.268416"><ele>1590.0</ele></trkpt>
<trkpt lon="-4.882825" lat="43.268564"><ele>1582.0</ele></trkpt>
<trkpt lon="-4.882464" lat="43.268728"><ele>1571.25</ele></trkpt>
<trkpt lon="-4.882373" lat="43.268898"><ele>1565.75</ele></trkpt>
<trkpt lon="-4.881530" lat="43.268903"><ele>1539.5</ele></trkpt>
<trkpt lon="-4.881169" lat="43.268942"><ele>1530.5</ele></trkpt>
<trkpt lon="-4.880537" lat="43.269172"><ele>1537.5</ele></trkpt>
<trkpt lon="-4.879912" lat="43.269122"><ele>1538.25</ele></trkpt>
<trkpt lon="-4.879539" lat="43.269160"><ele>1537.5</ele></trkpt>
<trkpt lon="-4.879325" lat="43.269168"><ele>1535.5</ele></trkpt>
<trkpt lon="-4.878983" lat="43.269098"><ele>1526.5</ele></trkpt>
<trkpt lon="-4.878720" lat="43.269020"><ele>1521.25</ele></trkpt>
<trkpt lon="-4.878458" lat="43.269028"><ele>1517.0</ele></trkpt>
<trkpt lon="-4.878244" lat="43.269335"><ele>1504.25</ele></trkpt>
<trkpt lon="-4.878127" lat="43.269602"><ele>1498.5</ele></trkpt>
<trkpt lon="-4.877659" lat="43.269477"><ele>1494.5</ele></trkpt>
<trkpt lon="-4.877345" lat="43.269306"><ele>1493.0</ele></trkpt>
<trkpt lon="-4.876950" lat="43.269069"><ele>1486.0</ele></trkpt>
<trkpt lon="-4.876230" lat="43.268571"><ele>1483.0</ele></trkpt>
<trkpt lon="-4.875718" lat="43.268302"><ele>1482.0</ele></trkpt>
<trkpt lon="-4.875324" lat="43.268145"><ele>1484.5</ele></trkpt>
<trkpt lon="-4.874862" lat="43.267970"><ele>1493.25</ele></trkpt>
<trkpt lon="-4.874493" lat="43.267889"><ele>1496.75</ele></trkpt>
<trkpt lon="-4.874086" lat="43.267737"><ele>1503.5</ele></trkpt>
<trkpt lon="-4.873815" lat="43.267652"><ele>1509.25</ele></trkpt>
<trkpt lon="-4.873292" lat="43.267598"><ele>1525.5</ele></trkpt>
<trkpt lon="-4.872737" lat="43.267746"><ele>1537.0</ele></trkpt>
<trkpt lon="-4.872596" lat="43.267750"><ele>1537.75</ele></trkpt>
<trkpt lon="-4.872239" lat="43.267638"><ele>1541.5</ele></trkpt>
<trkpt lon="-4.871814" lat="43.267652"><ele>1543.75</ele></trkpt>
<trkpt lon="-4.871272" lat="43.267652"><ele>1548.0</ele></trkpt>
<trkpt lon="-4.870736" lat="43.267674"><ele>1543.25</ele></trkpt>
<trkpt lon="-4.870354" lat="43.267526"><ele>1544.5</ele></trkpt>
<trkpt lon="-4.869584" lat="43.267113"><ele>1523.25</ele></trkpt>
<trkpt lon="-4.869270" lat="43.267055"><ele>1517.75</ele></trkpt>
<trkpt lon="-4.868752" lat="43.266790"><ele>1509.25</ele></trkpt>
<trkpt lon="-4.868502" lat="43.266753"><ele>1505.0</ele></trkpt>
<trkpt lon="-4.868221" lat="43.266636"><ele>1504.5</ele></trkpt>
<trkpt lon="-4.867919" lat="43.266461"><ele>1498.0</ele></trkpt>
<trkpt lon="-4.867607" lat="43.266325"><ele>1484.5</ele></trkpt>
<trkpt lon="-4.867107" lat="43.266143"><ele>1462.5</ele></trkpt>
<trkpt lon="-4.866207" lat="43.265787"><ele>1426.0</ele></trkpt>
<trkpt lon="-4.865546" lat="43.265575"><ele>1408.25</ele></trkpt>
<trkpt lon="-4.865322" lat="43.265575"><ele>1402.0</ele></trkpt>
<trkpt lon="-4.865145" lat="43.265484"><ele>1402.25</ele></trkpt>
<trkpt lon="-4.864854" lat="43.265393"><ele>1397.0</ele></trkpt>
<trkpt lon="-4.864625" lat="43.265404"><ele>1391.25</ele></trkpt>
<trkpt lon="-4.864370" lat="43.265305"><ele>1378.25</ele></trkpt>
<trkpt lon="-4.864151" lat="43.265287"><ele>1374.0</ele></trkpt>
<trkpt lon="-4.864021" lat="43.265328"><ele>1373.25</ele></trkpt>
<trkpt lon="-4.863667" lat="43.265385"><ele>1366.0</ele></trkpt>
<trkpt lon="-4.863542" lat="43.265370"><ele>1363.75</ele></trkpt>
<trkpt lon="-4.863397" lat="43.265256"><ele>1363.5</ele></trkpt>
<trkpt lon="-4.863194" lat="43.265161"><ele>1363.0</ele></trkpt>
<trkpt lon="-4.863069" lat="43.265184"><ele>1360.5</ele></trkpt>
<trkpt lon="-4.862918" lat="43.265294"><ele>1353.0</ele></trkpt>
<trkpt lon="-4.862850" lat="43.265453"><ele>1352.25</ele></trkpt>
<trkpt lon="-4.862902" lat="43.265692"><ele>1349.75</ele></trkpt>
<trkpt lon="-4.862855" lat="43.265809"><ele>1341.75</ele></trkpt>
<trkpt lon="-4.862705" lat="43.265900"><ele>1334.75</ele></trkpt>
<trkpt lon="-4.862632" lat="43.265874"><ele>1332.75</ele></trkpt>
<trkpt lon="-4.862267" lat="43.265654"><ele>1326.25</ele></trkpt>
<trkpt lon="-4.861924" lat="43.265476"><ele>1321.5</ele></trkpt>
<trkpt lon="-4.861575" lat="43.265180"><ele>1324.0</ele></trkpt>
<trkpt lon="-4.861357" lat="43.265093"><ele>1317.75</ele></trkpt>
<trkpt lon="-4.861105" lat="43.265094"><ele>1312.5</ele></trkpt>
<trkpt lon="-4.860779" lat="43.264938"><ele>1307.75</ele></trkpt>
<trkpt lon="-4.860436" lat="43.264813"><ele>1305.25</ele></trkpt>
<trkpt lon="-4.860311" lat="43.264699"><ele>1301.0</ele></trkpt>
<trkpt lon="-4.860259" lat="43.264627"><ele>1301.25</ele></trkpt>
<trkpt lon="-4.859723" lat="43.264377"><ele>1289.0</ele></trkpt>
<trkpt lon="-4.859353" lat="43.264066"><ele>1285.75</ele></trkpt>
<trkpt lon="-4.859088" lat="43.263994"><ele>1286.75</ele></trkpt>
<trkpt lon="-4.858823" lat="43.263944"><ele>1286.25</ele></trkpt>
<trkpt lon="-4.858076" lat="43.263694"><ele>1272.75</ele></trkpt>
<trkpt lon="-4.857836" lat="43.263552"><ele>1267.5</ele></trkpt>
<trkpt lon="-4.857755" lat="43.263311"><ele>1257.5</ele></trkpt>
<trkpt lon="-4.857676" lat="43.262922"><ele>1240.25</ele></trkpt>
<trkpt lon="-4.857546" lat="43.262841"><ele>1234.5</ele></trkpt>
<trkpt lon="-4.856845" lat="43.262707"><ele>1213.25</ele></trkpt>
<trkpt lon="-4.855877" lat="43.262618"><ele>1202.25</ele></trkpt>
<trkpt lon="-4.855938" lat="43.262422"><ele>1190.0</ele></trkpt>
<trkpt lon="-4.855825" lat="43.262297"><ele>1182.5</ele></trkpt>
<trkpt lon="-4.855871" lat="43.262131"><ele>1172.0</ele></trkpt>
<trkpt lon="-4.856206" lat="43.262029"><ele>1164.0</ele></trkpt>
<trkpt lon="-4.856797" lat="43.262003"><ele>1157.0</ele></trkpt>
<trkpt lon="-4.856857" lat="43.261885"><ele>1146.5</ele></trkpt>
<trkpt lon="-4.856026" lat="43.261667"><ele>1133.5</ele></trkpt>
<trkpt lon="-4.856477" lat="43.261508"><ele>1118.25</ele></trkpt>
<trkpt lon="-4.856109" lat="43.261194"><ele>1100.75</ele></trkpt>
<trkpt lon="-4.856583" lat="43.261076"><ele>1088.5</ele></trkpt>
<trkpt lon="-4.856234" lat="43.260681"><ele>1066.25</ele></trkpt>
<trkpt lon="-4.857168" lat="43.260363"><ele>1026.5</ele></trkpt>
<trkpt lon="-4.857386" lat="43.260397"><ele>1023.0</ele></trkpt>
<trkpt lon="-4.857525" lat="43.260154"><ele>1003.0</ele></trkpt>
<trkpt lon="-4.857263" lat="43.260014"><ele>993.25</ele></trkpt>
<trkpt lon="-4.857402" lat="43.259818"><ele>980.25</ele></trkpt>
<trkpt lon="-4.857168" lat="43.259691"><ele>969.5</ele></trkpt>
<trkpt lon="-4.856900" lat="43.259293"><ele>943.5</ele></trkpt>
<trkpt lon="-4.856438" lat="43.258552"><ele>893.75</ele></trkpt>
<trkpt lon="-4.856306" lat="43.258395"><ele>885.0</ele></trkpt>
<trkpt lon="-4.856702" lat="43.258265"><ele>877.0</ele></trkpt>
<trkpt lon="-4.856574" lat="43.257859"><ele>852.5</ele></trkpt>
<trkpt lon="-4.856032" lat="43.257718"><ele>837.25</ele></trkpt>
<trkpt lon="-4.855650" lat="43.257538"><ele>826.5</ele></trkpt>
<trkpt lon="-4.855366" lat="43.257295"><ele>814.75</ele></trkpt>
<trkpt lon="-4.855114" lat="43.256964"><ele>799.0</ele></trkpt>
<trkpt lon="-4.854795" lat="43.256690"><ele>786.75</ele></trkpt>
<trkpt lon="-4.854396" lat="43.256192"><ele>765.25</ele></trkpt>
<trkpt lon="-4.854390" lat="43.256151"><ele>763.25</ele></trkpt>
<trkpt lon="-4.854295" lat="43.255518"><ele>740.0</ele></trkpt>
<trkpt lon="-4.854615" lat="43.255462"><ele>731.5</ele></trkpt>
<trkpt lon="-4.854586" lat="43.255286"><ele>723.25</ele></trkpt>
<trkpt lon="-4.854641" lat="43.255219"><ele>715.25</ele></trkpt>
<trkpt lon="-4.854933" lat="43.255195"><ele>709.75</ele></trkpt>
<trkpt lon="-4.855108" lat="43.255111"><ele>703.25</ele></trkpt>
<trkpt lon="-4.855218" lat="43.255058"><ele>700.25</ele></trkpt>
<trkpt lon="-4.855475" lat="43.254877"><ele>692.75</ele></trkpt>
<trkpt lon="-4.855563" lat="43.254778"><ele>688.5</ele></trkpt>
<trkpt lon="-4.855615" lat="43.254576"><ele>680.75</ele></trkpt>
<trkpt lon="-4.855733" lat="43.254392"><ele>673.25</ele></trkpt>
<trkpt lon="-4.855780" lat="43.254361"><ele>672.25</ele></trkpt>
<trkpt lon="-4.856064" lat="43.254330"><ele>666.5</ele></trkpt>
<trkpt lon="-4.856133" lat="43.254339"><ele>665.25</ele></trkpt>
<trkpt lon="-4.856537" lat="43.254256"><ele>651.0</ele></trkpt>
<trkpt lon="-4.856611" lat="43.254173"><ele>645.5</ele></trkpt>
<trkpt lon="-4.856632" lat="43.254071"><ele>640.25</ele></trkpt>
<trkpt lon="-4.856605" lat="43.253800"><ele>626.0</ele></trkpt>
<trkpt lon="-4.856677" lat="43.253428"><ele>601.5</ele></trkpt>
<trkpt lon="-4.856804" lat="43.253324"><ele>593.75</ele></trkpt>
<trkpt lon="-4.856793" lat="43.253212"><ele>586.0</ele></trkpt>
<trkpt lon="-4.856656" lat="43.253164"><ele>583.75</ele></trkpt>
<trkpt lon="-4.856656" lat="43.253092"><ele>578.75</ele></trkpt>
<trkpt lon="-4.856741" lat="43.253040"><ele>574.5</ele></trkpt>
<trkpt lon="-4.856672" lat="43.252963"><ele>570.5</ele></trkpt>
<trkpt lon="-4.856698" lat="43.252923"><ele>568.0</ele></trkpt>
<trkpt lon="-4.856468" lat="43.252694"><ele>557.5</ele></trkpt>
<trkpt lon="-4.856244" lat="43.252557"><ele>551.0</ele></trkpt>
<trkpt lon="-4.855986" lat="43.252435"><ele>544.75</ele></trkpt>
<trkpt lon="-4.855795" lat="43.252286"><ele>537.25</ele></trkpt>
<trkpt lon="-4.855658" lat="43.252241"><ele>533.25</ele></trkpt>
<trkpt lon="-4.855803" lat="43.252037"><ele>526.25</ele></trkpt>
<trkpt lon="-4.855668" lat="43.252041"><ele>524.25</ele></trkpt>
<trkpt lon="-4.855522" lat="43.252055"><ele>520.25</ele></trkpt>
<trkpt lon="-4.855097" lat="43.252127"><ele>492.0</ele></trkpt>
<trkpt lon="-4.855006" lat="43.252149"><ele>490.0</ele></trkpt>
<trkpt lon="-4.854802" lat="43.252215"><ele>506.0</ele></trkpt>
<trkpt lon="-4.854438" lat="43.252257"><ele>502.0</ele></trkpt>
<trkpt lon="-4.854233" lat="43.252267"><ele>499.5</ele></trkpt>
<trkpt lon="-4.854177" lat="43.252264"><ele>498.5</ele></trkpt>
<trkpt lon="-4.854040" lat="43.252231"><ele>497.0</ele></trkpt>
<trkpt lon="-4.853957" lat="43.252203"><ele>492.5</ele></trkpt>
<trkpt lon="-4.853631" lat="43.252075"><ele>485.75</ele></trkpt>
<trkpt lon="-4.853534" lat="43.252047"><ele>485.75</ele></trkpt>
<trkpt lon="-4.853300" lat="43.252004"><ele>487.5</ele></trkpt>
<trkpt lon="-4.852991" lat="43.251933"><ele>481.0</ele></trkpt>
<trkpt lon="-4.852927" lat="43.251906"><ele>475.5</ele></trkpt>
<trkpt lon="-4.852737" lat="43.251795"><ele>472.0</ele></trkpt>
<trkpt lon="-4.852678" lat="43.251781"><ele>472.5</ele></trkpt>
<trkpt lon="-4.852610" lat="43.251775"><ele>474.5</ele></trkpt>
<trkpt lon="-4.852551" lat="43.251790"><ele>477.0</ele></trkpt>
<trkpt lon="-4.852426" lat="43.251863"><ele>477.75</ele></trkpt>
<trkpt lon="-4.852276" lat="43.251970"><ele>474.75</ele></trkpt>
<trkpt lon="-4.852197" lat="43.252041"><ele>472.5</ele></trkpt>
<trkpt lon="-4.852170" lat="43.252072"><ele>471.5</ele></trkpt>
<trkpt lon="-4.852155" lat="43.252113"><ele>471.0</ele></trkpt>
<trkpt lon="-4.852151" lat="43.252214"><ele>471.25</ele></trkpt>
<trkpt lon="-4.852132" lat="43.252257"><ele>471.5</ele></trkpt>
<trkpt lon="-4.852087" lat="43.252305"><ele>471.0</ele></trkpt>
<trkpt lon="-4.852007" lat="43.252373"><ele>469.75</ele></trkpt>
<trkpt lon="-4.851624" lat="43.252560"><ele>462.0</ele></trkpt>
<trkpt lon="-4.851535" lat="43.252595"><ele>460.0</ele></trkpt>
<trkpt lon="-4.851079" lat="43.252806"><ele>453.5</ele></trkpt>
<trkpt lon="-4.850964" lat="43.252849"><ele>452.0</ele></trkpt>
<trkpt lon="-4.850807" lat="43.252879"><ele>449.5</ele></trkpt>
<trkpt lon="-4.850632" lat="43.252888"><ele>447.5</ele></trkpt>
<trkpt lon="-4.850527" lat="43.252902"><ele>446.5</ele></trkpt>
<trkpt lon="-4.850397" lat="43.252905"><ele>443.75</ele></trkpt>
<trkpt lon="-4.850362" lat="43.252963"><ele>443.75</ele></trkpt>
<trkpt lon="-4.850349" lat="43.252967"><ele>443.25</ele></trkpt>
<trkpt lon="-4.850339" lat="43.252962"><ele>443.0</ele></trkpt>
<trkpt lon="-4.850313" lat="43.252904"><ele>441.75</ele></trkpt>
<trkpt lon="-4.850290" lat="43.252908"><ele>441.25</ele></trkpt>
<trkpt lon="-4.850254" lat="43.252975"><ele>439.75</ele></trkpt>
<trkpt lon="-4.850235" lat="43.252963"><ele>439.0</ele></trkpt>
<trkpt lon="-4.850203" lat="43.252896"><ele>437.75</ele></trkpt>
<trkpt lon="-4.850184" lat="43.252874"><ele>437.25</ele></trkpt>
<trkpt lon="-4.850148" lat="43.252871"><ele>435.75</ele></trkpt>
<trkpt lon="-4.850116" lat="43.252882"><ele>434.5</ele></trkpt>
<trkpt lon="-4.850103" lat="43.252909"><ele>433.75</ele></trkpt>
<trkpt lon="-4.850087" lat="43.253023"><ele>432.25</ele></trkpt>
<trkpt lon="-4.849922" lat="43.253198"><ele>428.5</ele></trkpt>
<trkpt lon="-4.849868" lat="43.253244"><ele>428.0</ele></trkpt>
<trkpt lon="-4.849779" lat="43.253297"><ele>427.0</ele></trkpt>
<trkpt lon="-4.849701" lat="43.253333"><ele>426.25</ele></trkpt>
<trkpt lon="-4.849569" lat="43.253374"><ele>425.25</ele></trkpt>
<trkpt lon="-4.849460" lat="43.253399"><ele>424.75</ele></trkpt>
<trkpt lon="-4.849379" lat="43.253405"><ele>424.0</ele></trkpt>
<trkpt lon="-4.849258" lat="43.253387"><ele>421.25</ele></trkpt>
<trkpt lon="-4.849208" lat="43.253388"><ele>420.75</ele></trkpt>
<trkpt lon="-4.849164" lat="43.253399"><ele>421.0</ele></trkpt>
<trkpt lon="-4.848915" lat="43.253502"><ele>423.0</ele></trkpt>
<trkpt lon="-4.848881" lat="43.253504"><ele>422.75</ele></trkpt>
<trkpt lon="-4.848829" lat="43.253493"><ele>423.25</ele></trkpt>
<trkpt lon="-4.848612" lat="43.253429"><ele>422.75</ele></trkpt>
<trkpt lon="-4.848471" lat="43.253453"><ele>421.75</ele></trkpt>
<trkpt lon="-4.848431" lat="43.253456"><ele>421.25</ele></trkpt>
<trkpt lon="-4.848330" lat="43.253444"><ele>417.5</ele></trkpt>
<trkpt lon="-4.848275" lat="43.253447"><ele>416.0</ele></trkpt>
<trkpt lon="-4.848227" lat="43.253456"><ele>415.25</ele></trkpt>
<trkpt lon="-4.848200" lat="43.253470"><ele>416.0</ele></trkpt>
<trkpt lon="-4.848154" lat="43.253482"><ele>416.0</ele></trkpt>
<trkpt lon="-4.848063" lat="43.253491"><ele>413.75</ele></trkpt>
<trkpt lon="-4.848004" lat="43.253486"><ele>412.5</ele></trkpt>
<trkpt lon="-4.847906" lat="43.253464"><ele>408.75</ele></trkpt>
<trkpt lon="-4.847744" lat="43.253453"><ele>405.5</ele></trkpt>
<trkpt lon="-4.847700" lat="43.253456"><ele>404.5</ele></trkpt>
<trkpt lon="-4.847661" lat="43.253481"><ele>406.0</ele></trkpt>
<trkpt lon="-4.847574" lat="43.253522"><ele>407.5</ele></trkpt>
<trkpt lon="-4.847506" lat="43.253536"><ele>406.5</ele></trkpt>
<trkpt lon="-4.847439" lat="43.253540"><ele>407.25</ele></trkpt>
<trkpt lon="-4.847202" lat="43.253516"><ele>408.0</ele></trkpt>
<trkpt lon="-4.846993" lat="43.253472"><ele>409.0</ele></trkpt>
<trkpt lon="-4.846925" lat="43.253470"><ele>409.75</ele></trkpt>
<trkpt lon="-4.846796" lat="43.253477"><ele>408.75</ele></trkpt>
<trkpt lon="-4.846652" lat="43.253469"><ele>405.75</ele></trkpt>
<trkpt lon="-4.846423" lat="43.253437"><ele>399.75</ele></trkpt>
<trkpt lon="-4.846296" lat="43.253397"><ele>395.75</ele></trkpt>
<trkpt lon="-4.845986" lat="43.253371"><ele>394.25</ele></trkpt>
<trkpt lon="-4.845891" lat="43.253346"><ele>393.25</ele></trkpt>
<trkpt lon="-4.845855" lat="43.253333"><ele>392.5</ele></trkpt>
<trkpt lon="-4.845702" lat="43.253229"><ele>388.25</ele></trkpt>
<trkpt lon="-4.845582" lat="43.253170"><ele>386.0</ele></trkpt>
<trkpt lon="-4.845540" lat="43.253157"><ele>385.25</ele></trkpt>
<trkpt lon="-4.845396" lat="43.253029"><ele>373.75</ele></trkpt>
<trkpt lon="-4.845377" lat="43.253020"><ele>372.75</ele></trkpt>
<trkpt lon="-4.845322" lat="43.253033"><ele>373.75</ele></trkpt>
<trkpt lon="-4.845227" lat="43.253087"><ele>376.5</ele></trkpt>
<trkpt lon="-4.845142" lat="43.253153"><ele>380.0</ele></trkpt>
<trkpt lon="-4.845066" lat="43.253158"><ele>378.0</ele></trkpt>
<trkpt lon="-4.844952" lat="43.253145"><ele>374.5</ele></trkpt>
<trkpt lon="-4.844914" lat="43.253131"><ele>372.75</ele></trkpt>
<trkpt lon="-4.844896" lat="43.253115"><ele>371.0</ele></trkpt>
<trkpt lon="-4.844852" lat="43.253016"><ele>361.25</ele></trkpt>
<trkpt lon="-4.844829" lat="43.252999"><ele>359.75</ele></trkpt>
<trkpt lon="-4.844779" lat="43.252996"><ele>359.75</ele></trkpt>
<trkpt lon="-4.844702" lat="43.253006"><ele>360.25</ele></trkpt>
<trkpt lon="-4.844674" lat="43.253027"><ele>361.5</ele></trkpt>
<trkpt lon="-4.844516" lat="43.253054"><ele>359.0</ele></trkpt>
<trkpt lon="-4.844286" lat="43.253056"><ele>352.25</ele></trkpt>
<trkpt lon="-4.844270" lat="43.253049"><ele>351.5</ele></trkpt>
<trkpt lon="-4.844278" lat="43.253033"><ele>350.75</ele></trkpt>
<trkpt lon="-4.844343" lat="43.253011"><ele>350.75</ele></trkpt>
<trkpt lon="-4.844357" lat="43.253001"><ele>350.25</ele></trkpt>
<trkpt lon="-4.844346" lat="43.252990"><ele>349.5</ele></trkpt>
<trkpt lon="-4.844261" lat="43.252973"><ele>347.5</ele></trkpt>
<trkpt lon="-4.844215" lat="43.252973"><ele>347.0</ele></trkpt>
<trkpt lon="-4.844185" lat="43.252995"><ele>347.5</ele></trkpt>
<trkpt lon="-4.844146" lat="43.253039"><ele>347.25</ele></trkpt>
<trkpt lon="-4.844030" lat="43.253109"><ele>346.75</ele></trkpt>
<trkpt lon="-4.843888" lat="43.253220"><ele>343.75</ele></trkpt>
<trkpt lon="-4.843848" lat="43.253231"><ele>342.25</ele></trkpt>
<trkpt lon="-4.843619" lat="43.253298"><ele>335.75</ele></trkpt>
<trkpt lon="-4.843530" lat="43.253336"><ele>335.5</ele></trkpt>
<trkpt lon="-4.843315" lat="43.253379"><ele>332.75</ele></trkpt>
<trkpt lon="-4.843195" lat="43.253365"><ele>329.75</ele></trkpt>
<trkpt lon="-4.842978" lat="43.253386"><ele>330.5</ele></trkpt>
<trkpt lon="-4.842647" lat="43.253330"><ele>326.0</ele></trkpt>
<trkpt lon="-4.842607" lat="43.253316"><ele>325.25</ele></trkpt>
<trkpt lon="-4.842551" lat="43.253284"><ele>323.0</ele></trkpt>
<trkpt lon="-4.842519" lat="43.253278"><ele>323.0</ele></trkpt>
<trkpt lon="-4.842422" lat="43.253278"><ele>321.25</ele></trkpt>
<trkpt lon="-4.842334" lat="43.253286"><ele>319.5</ele></trkpt>
<trkpt lon="-4.842047" lat="43.253402"><ele>320.75</ele></trkpt>
<trkpt lon="-4.842004" lat="43.253414"><ele>320.25</ele></trkpt>
<trkpt lon="-4.841732" lat="43.253442"><ele>318.0</ele></trkpt>
<trkpt lon="-4.841664" lat="43.253439"><ele>317.0</ele></trkpt>
<trkpt lon="-4.841575" lat="43.253408"><ele>314.25</ele></trkpt>
<trkpt lon="-4.841493" lat="43.253399"><ele>313.25</ele></trkpt>
<trkpt lon="-4.841437" lat="43.253383"><ele>311.75</ele></trkpt>
<trkpt lon="-4.841383" lat="43.253374"><ele>310.75</ele></trkpt>
<trkpt lon="-4.841281" lat="43.253371"><ele>308.5</ele></trkpt>
<trkpt lon="-4.841137" lat="43.253422"><ele>310.0</ele></trkpt>
<trkpt lon="-4.841068" lat="43.253441"><ele>311.75</ele></trkpt>
<trkpt lon="-4.841040" lat="43.253441"><ele>312.0</ele></trkpt>
<trkpt lon="-4.840988" lat="43.253420"><ele>311.0</ele></trkpt>
<trkpt lon="-4.840915" lat="43.253379"><ele>308.5</ele></trkpt>
<trkpt lon="-4.840762" lat="43.253352"><ele>308.75</ele></trkpt>
<trkpt lon="-4.840716" lat="43.253338"><ele>308.25</ele></trkpt>
<trkpt lon="-4.840669" lat="43.253311"><ele>307.75</ele></trkpt>
<trkpt lon="-4.840623" lat="43.253249"><ele>306.0</ele></trkpt>
<trkpt lon="-4.840584" lat="43.253214"><ele>305.5</ele></trkpt>
<trkpt lon="-4.840475" lat="43.253212"><ele>303.75</ele></trkpt>
<trkpt lon="-4.840374" lat="43.253220"><ele>301.25</ele></trkpt>
<trkpt lon="-4.840288" lat="43.253242"><ele>300.0</ele></trkpt>
<trkpt lon="-4.840263" lat="43.253257"><ele>299.75</ele></trkpt>
<trkpt lon="-4.840196" lat="43.253331"><ele>300.5</ele></trkpt>
<trkpt lon="-4.840121" lat="43.253356"><ele>299.25</ele></trkpt>
<trkpt lon="-4.839928" lat="43.253442"><ele>299.5</ele></trkpt>
<trkpt lon="-4.839771" lat="43.253480"><ele>299.75</ele></trkpt>
<trkpt lon="-4.839661" lat="43.253467"><ele>300.25</ele></trkpt>
<trkpt lon="-4.839576" lat="43.253445"><ele>301.0</ele></trkpt>
<trkpt lon="-4.839504" lat="43.253419"><ele>300.25</ele></trkpt>
<trkpt lon="-4.839461" lat="43.253387"><ele>297.5</ele></trkpt>
<trkpt lon="-4.839420" lat="43.253376"><ele>296.5</ele></trkpt>
<trkpt lon="-4.839374" lat="43.253378"><ele>297.0</ele></trkpt>
<trkpt lon="-4.839323" lat="43.253358"><ele>294.75</ele></trkpt>
<trkpt lon="-4.839196" lat="43.253328"><ele>292.0</ele></trkpt>
<trkpt lon="-4.839032" lat="43.253325"><ele>288.25</ele></trkpt>
<trkpt lon="-4.838987" lat="43.253332"><ele>287.5</ele></trkpt>
<trkpt lon="-4.838967" lat="43.253343"><ele>288.0</ele></trkpt>
<trkpt lon="-4.838796" lat="43.253591"><ele>294.0</ele></trkpt>
<trkpt lon="-4.838678" lat="43.253702"><ele>287.0</ele></trkpt>
<trkpt lon="-4.838533" lat="43.253767"><ele>280.25</ele></trkpt>
<trkpt lon="-4.838496" lat="43.253806"><ele>281.0</ele></trkpt>
<trkpt lon="-4.838440" lat="43.253847"><ele>281.25</ele></trkpt>
<trkpt lon="-4.838257" lat="43.253869"><ele>276.75</ele></trkpt>
<trkpt lon="-4.838093" lat="43.253902"><ele>275.5</ele></trkpt>
<trkpt lon="-4.838017" lat="43.253907"><ele>273.75</ele></trkpt>
<trkpt lon="-4.837918" lat="43.253936"><ele>272.0</ele></trkpt>
<trkpt lon="-4.837747" lat="43.254000"><ele>269.0</ele></trkpt>
<trkpt lon="-4.837694" lat="43.254031"><ele>268.5</ele></trkpt>
<trkpt lon="-4.837603" lat="43.254064"><ele>266.5</ele></trkpt>
<trkpt lon="-4.837584" lat="43.254066"><ele>265.75</ele></trkpt>
<trkpt lon="-4.837577" lat="43.254053"><ele>264.75</ele></trkpt>
<trkpt lon="-4.837781" lat="43.253838"><ele>261.5</ele></trkpt>
<trkpt lon="-4.837848" lat="43.253787"><ele>260.5</ele></trkpt>
<trkpt lon="-4.837972" lat="43.253712"><ele>257.75</ele></trkpt>
<trkpt lon="-4.837763" lat="43.253745"><ele>256.25</ele></trkpt>
<trkpt lon="-4.837670" lat="43.253785"><ele>253.75</ele></trkpt>
<trkpt lon="-4.837562" lat="43.253842"><ele>252.5</ele></trkpt>
<trkpt lon="-4.836868" lat="43.254409"><ele>250.25</ele></trkpt>
<trkpt lon="-4.836845" lat="43.254363"><ele>246.5</ele></trkpt>
<trkpt lon="-4.836844" lat="43.254335"><ele>244.75</ele></trkpt>
<trkpt lon="-4.836854" lat="43.254304"><ele>243.5</ele></trkpt>
<trkpt lon="-4.836928" lat="43.254212"><ele>242.5</ele></trkpt>
<trkpt lon="-4.836999" lat="43.254157"><ele>242.75</ele></trkpt>
<trkpt lon="-4.837030" lat="43.254115"><ele>242.5</ele></trkpt>
<trkpt lon="-4.837057" lat="43.254048"><ele>241.5</ele></trkpt>
<trkpt lon="-4.837066" lat="43.253991"><ele>240.0</ele></trkpt>
<trkpt lon="-4.837063" lat="43.253959"><ele>238.75</ele></trkpt>
<trkpt lon="-4.837083" lat="43.253914"><ele>238.25</ele></trkpt>
<trkpt lon="-4.837107" lat="43.253884"><ele>238.0</ele></trkpt>
<trkpt lon="-4.837095" lat="43.253877"><ele>237.25</ele></trkpt>
<trkpt lon="-4.836950" lat="43.253888"><ele>232.0</ele></trkpt>
<trkpt lon="-4.836970" lat="43.253872"><ele>232.5</ele></trkpt>
<trkpt lon="-4.837035" lat="43.253842"><ele>234.0</ele></trkpt>
<trkpt lon="-4.837037" lat="43.253819"><ele>233.25</ele></trkpt>
<trkpt lon="-4.837019" lat="43.253788"><ele>231.75</ele></trkpt>
<trkpt lon="-4.836944" lat="43.253679"><ele>228.75</ele></trkpt>
<trkpt lon="-4.836903" lat="43.253631"><ele>228.5</ele></trkpt>
<trkpt lon="-4.836812" lat="43.253623"><ele>229.5</ele></trkpt>
<trkpt lon="-4.836715" lat="43.253625"><ele>230.75</ele></trkpt>
<trkpt lon="-4.836669" lat="43.253644"><ele>230.25</ele></trkpt>
<trkpt lon="-4.836443" lat="43.253643"><ele>234.25</ele></trkpt>
<trkpt lon="-4.836398" lat="43.253659"><ele>234.5</ele></trkpt>
<trkpt lon="-4.836353" lat="43.253656"><ele>234.25</ele></trkpt>
<trkpt lon="-4.836440" lat="43.253568"><ele>237.75</ele></trkpt>
<trkpt lon="-4.836491" lat="43.253470"><ele>243.5</ele></trkpt>
<trkpt lon="-4.836420" lat="43.253472"><ele>244.0</ele></trkpt>
<trkpt lon="-4.836356" lat="43.253488"><ele>242.75</ele></trkpt>
<trkpt lon="-4.836329" lat="43.253474"><ele>242.75</ele></trkpt>
<trkpt lon="-4.836344" lat="43.253446"><ele>245.0</ele></trkpt>
<trkpt lon="-4.836373" lat="43.253428"><ele>246.75</ele></trkpt>
<trkpt lon="-4.836362" lat="43.253409"><ele>247.5</ele></trkpt>
<trkpt lon="-4.836259" lat="43.253407"><ele>245.0</ele></trkpt>
<trkpt lon="-4.836239" lat="43.253374"><ele>246.25</ele></trkpt>
<trkpt lon="-4.836208" lat="43.253348"><ele>246.75</ele></trkpt>
<trkpt lon="-4.836181" lat="43.253311"><ele>247.5</ele></trkpt>
<trkpt lon="-4.836145" lat="43.253255"><ele>247.75</ele></trkpt>
<trkpt lon="-4.836158" lat="43.253216"><ele>249.25</ele></trkpt>
<trkpt lon="-4.836131" lat="43.253177"><ele>249.0</ele></trkpt>
<trkpt lon="-4.836142" lat="43.253112"><ele>251.25</ele></trkpt>
<trkpt lon="-4.836139" lat="43.253052"><ele>252.5</ele></trkpt>
<trkpt lon="-4.836105" lat="43.253006"><ele>253.5</ele></trkpt>
<trkpt lon="-4.836074" lat="43.252945"><ele>255.25</ele></trkpt>
<trkpt lon="-4.836023" lat="43.252905"><ele>254.75</ele></trkpt>
<trkpt lon="-4.835883" lat="43.252700"><ele>256.5</ele></trkpt>
<trkpt lon="-4.835822" lat="43.252534"><ele>259.0</ele></trkpt>
<trkpt lon="-4.835772" lat="43.252488"><ele>257.5</ele></trkpt>
<trkpt lon="-4.835748" lat="43.252447"><ele>256.75</ele></trkpt>
<trkpt lon="-4.835745" lat="43.252400"><ele>257.0</ele></trkpt>
<trkpt lon="-4.835709" lat="43.252356"><ele>255.5</ele></trkpt>
<trkpt lon="-4.835676" lat="43.252257"><ele>254.75</ele></trkpt>
<trkpt lon="-4.835674" lat="43.252209"><ele>255.25</ele></trkpt>
<trkpt lon="-4.835727" lat="43.252006"><ele>259.0</ele></trkpt>
<trkpt lon="-4.835741" lat="43.251907"><ele>259.5</ele></trkpt>
<trkpt lon="-4.835752" lat="43.251876"><ele>260.0</ele></trkpt>
<trkpt lon="-4.835736" lat="43.251859"><ele>259.5</ele></trkpt>
<trkpt lon="-4.835712" lat="43.251856"><ele>259.0</ele></trkpt>
<trkpt lon="-4.835586" lat="43.251881"><ele>255.25</ele></trkpt>
<trkpt lon="-4.835552" lat="43.251866"><ele>255.0</ele></trkpt>
<trkpt lon="-4.835547" lat="43.251816"><ele>256.5</ele></trkpt>
<trkpt lon="-4.835553" lat="43.251746"><ele>258.0</ele></trkpt>
<trkpt lon="-4.835605" lat="43.251609"><ele>261.5</ele></trkpt>
<trkpt lon="-4.835560" lat="43.251523"><ele>264.0</ele></trkpt>
<trkpt lon="-4.835609" lat="43.251311"><ele>269.75</ele></trkpt>
<trkpt lon="-4.835601" lat="43.251288"><ele>270.25</ele></trkpt>
<trkpt lon="-4.835576" lat="43.251289"><ele>270.0</ele></trkpt>
<trkpt lon="-4.835537" lat="43.251342"><ele>269.75</ele></trkpt>
<trkpt lon="-4.835513" lat="43.251350"><ele>270.75</ele></trkpt>
<trkpt lon="-4.835514" lat="43.251292"><ele>271.75</ele></trkpt>
<trkpt lon="-4.835487" lat="43.251207"><ele>275.25</ele></trkpt>
<trkpt lon="-4.835471" lat="43.251204"><ele>276.25</ele></trkpt>
<trkpt lon="-4.835463" lat="43.251180"><ele>277.25</ele></trkpt>
<trkpt lon="-4.835462" lat="43.251116"><ele>278.75</ele></trkpt>
<trkpt lon="-4.835438" lat="43.251102"><ele>280.75</ele></trkpt>
<trkpt lon="-4.835405" lat="43.251101"><ele>283.0</ele></trkpt>
<trkpt lon="-4.835370" lat="43.251164"><ele>283.25</ele></trkpt>
<trkpt lon="-4.835347" lat="43.251229"><ele>282.75</ele></trkpt>
<trkpt lon="-4.835297" lat="43.251259"><ele>284.5</ele></trkpt>
<trkpt lon="-4.835286" lat="43.251246"><ele>285.5</ele></trkpt>
<trkpt lon="-4.835296" lat="43.251188"><ele>287.0</ele></trkpt>
<trkpt lon="-4.835276" lat="43.251180"><ele>288.5</ele></trkpt>
<trkpt lon="-4.835249" lat="43.251197"><ele>289.75</ele></trkpt>
<trkpt lon="-4.835232" lat="43.251217"><ele>290.25</ele></trkpt>
<trkpt lon="-4.835208" lat="43.251208"><ele>292.0</ele></trkpt>
<trkpt lon="-4.835262" lat="43.251108"><ele>292.0</ele></trkpt>
<trkpt lon="-4.835239" lat="43.251052"><ele>296.5</ele></trkpt>
<trkpt lon="-4.835130" lat="43.251109"><ele>300.0</ele></trkpt>
<trkpt lon="-4.835154" lat="43.250964"><ele>305.25</ele></trkpt>
<trkpt lon="-4.835174" lat="43.250915"><ele>306.75</ele></trkpt>
<trkpt lon="-4.835216" lat="43.250891"><ele>306.0</ele></trkpt>
<trkpt lon="-4.835269" lat="43.250888"><ele>304.0</ele></trkpt>
<trkpt lon="-4.835256" lat="43.250873"><ele>305.5</ele></trkpt>
<trkpt lon="-4.835206" lat="43.250856"><ele>308.25</ele></trkpt>
<trkpt lon="-4.835119" lat="43.250857"><ele>311.5</ele></trkpt>
<trkpt lon="-4.835092" lat="43.250867"><ele>312.25</ele></trkpt>
<trkpt lon="-4.835086" lat="43.250852"><ele>313.0</ele></trkpt>
<trkpt lon="-4.835116" lat="43.250802"><ele>313.75</ele></trkpt>
<trkpt lon="-4.835113" lat="43.250699"><ele>317.0</ele></trkpt>
<trkpt lon="-4.835122" lat="43.250649"><ele>318.5</ele></trkpt>
<trkpt lon="-4.835190" lat="43.250599"><ele>319.25</ele></trkpt>
<trkpt lon="-4.835209" lat="43.250571"><ele>320.0</ele></trkpt>
<trkpt lon="-4.835252" lat="43.250544"><ele>320.0</ele></trkpt>
<trkpt lon="-4.835280" lat="43.250507"><ele>318.5</ele></trkpt>
<trkpt lon="-4.835287" lat="43.250472"><ele>317.25</ele></trkpt>
<trkpt lon="-4.835330" lat="43.250448"><ele>312.5</ele></trkpt>
<trkpt lon="-4.835369" lat="43.250412"><ele>308.0</ele></trkpt>
<trkpt lon="-4.835377" lat="43.250361"><ele>306.25</ele></trkpt>
<trkpt lon="-4.835342" lat="43.250316"><ele>308.75</ele></trkpt>
<trkpt lon="-4.835276" lat="43.250291"><ele>314.25</ele></trkpt>
<trkpt lon="-4.835168" lat="43.250194"><ele>315.5</ele></trkpt>
<trkpt lon="-4.835119" lat="43.250139"><ele>315.75</ele></trkpt>
<trkpt lon="-4.835099" lat="43.250094"><ele>315.25</ele></trkpt>
<trkpt lon="-4.835086" lat="43.250032"><ele>313.75</ele></trkpt>
<trkpt lon="-4.835028" lat="43.249911"><ele>314.0</ele></trkpt>
<trkpt lon="-4.834957" lat="43.249743"><ele>315.25</ele></trkpt>
<trkpt lon="-4.834906" lat="43.249682"><ele>319.25</ele></trkpt>
<trkpt lon="-4.834838" lat="43.249624"><ele>322.75</ele></trkpt>
<trkpt lon="-4.834734" lat="43.249466"><ele>317.5</ele></trkpt>
<trkpt lon="-4.834695" lat="43.249338"><ele>319.75</ele></trkpt>
<trkpt lon="-4.834708" lat="43.249269"><ele>318.0</ele></trkpt>
<trkpt lon="-4.834702" lat="43.249214"><ele>318.75</ele></trkpt>
<trkpt lon="-4.834654" lat="43.249191"><ele>323.5</ele></trkpt>
<trkpt lon="-4.834610" lat="43.249127"><ele>326.75</ele></trkpt>
<trkpt lon="-4.834604" lat="43.249092"><ele>326.5</ele></trkpt>
<trkpt lon="-4.834516" lat="43.248979"><ele>327.75</ele></trkpt>
<trkpt lon="-4.834382" lat="43.248892"><ele>329.0</ele></trkpt>
<trkpt lon="-4.834252" lat="43.248777"><ele>333.75</ele></trkpt>
<trkpt lon="-4.834223" lat="43.248738"><ele>333.75</ele></trkpt>
<trkpt lon="-4.834203" lat="43.248731"><ele>334.25</ele></trkpt>
<trkpt lon="-4.834181" lat="43.248732"><ele>335.25</ele></trkpt>
<trkpt lon="-4.834196" lat="43.248858"><ele>339.0</ele></trkpt>
<trkpt lon="-4.834196" lat="43.248935"><ele>342.5</ele></trkpt>
<trkpt lon="-4.834165" lat="43.248950"><ele>345.0</ele></trkpt>
<trkpt lon="-4.834113" lat="43.248916"><ele>348.25</ele></trkpt>
<trkpt lon="-4.834097" lat="43.248864"><ele>347.5</ele></trkpt>
<trkpt lon="-4.834078" lat="43.248855"><ele>348.75</ele></trkpt>
<trkpt lon="-4.834080" lat="43.249015"><ele>355.5</ele></trkpt>
<trkpt lon="-4.834118" lat="43.249050"><ele>354.0</ele></trkpt>
<trkpt lon="-4.834232" lat="43.249128"><ele>350.75</ele></trkpt>
<trkpt lon="-4.834395" lat="43.249227"><ele>348.5</ele></trkpt>
<trkpt lon="-4.834420" lat="43.249252"><ele>348.5</ele></trkpt>
<trkpt lon="-4.834405" lat="43.249271"><ele>350.25</ele></trkpt>
<trkpt lon="-4.834320" lat="43.249242"><ele>353.25</ele></trkpt>
<trkpt lon="-4.834199" lat="43.249189"><ele>356.0</ele></trkpt>
<trkpt lon="-4.834153" lat="43.249197"><ele>359.0</ele></trkpt>
<trkpt lon="-4.834084" lat="43.249198"><ele>364.0</ele></trkpt>
<trkpt lon="-4.834027" lat="43.249165"><ele>365.75</ele></trkpt>
<trkpt lon="-4.833906" lat="43.249037"><ele>370.75</ele></trkpt>
<trkpt lon="-4.833889" lat="43.248987"><ele>370.75</ele></trkpt>
<trkpt lon="-4.833889" lat="43.248922"><ele>368.75</ele></trkpt>
<trkpt lon="-4.833836" lat="43.248762"><ele>368.5</ele></trkpt>
<trkpt lon="-4.833809" lat="43.248774"><ele>371.75</ele></trkpt>
<trkpt lon="-4.833812" lat="43.248837"><ele>373.5</ele></trkpt>
<trkpt lon="-4.833756" lat="43.248996"><ele>384.0</ele></trkpt>
<trkpt lon="-4.833757" lat="43.249115"><ele>388.0</ele></trkpt>
<trkpt lon="-4.833741" lat="43.249117"><ele>389.5</ele></trkpt>
<trkpt lon="-4.833718" lat="43.249101"><ele>391.5</ele></trkpt>
<trkpt lon="-4.833676" lat="43.249019"><ele>392.75</ele></trkpt>
<trkpt lon="-4.833639" lat="43.248978"><ele>394.75</ele></trkpt>
<trkpt lon="-4.833610" lat="43.248922"><ele>395.25</ele></trkpt>
<trkpt lon="-4.833610" lat="43.248830"><ele>394.0</ele></trkpt>
<trkpt lon="-4.833502" lat="43.248611"><ele>403.25</ele></trkpt>
<trkpt lon="-4.833415" lat="43.248523"><ele>399.5</ele></trkpt>
<trkpt lon="-4.833311" lat="43.248442"><ele>399.75</ele></trkpt>
<trkpt lon="-4.833223" lat="43.248411"><ele>403.75</ele></trkpt>
<trkpt lon="-4.833050" lat="43.248363"><ele>414.0</ele></trkpt>
<trkpt lon="-4.832878" lat="43.248327"><ele>419.75</ele></trkpt>
<trkpt lon="-4.832762" lat="43.248243"><ele>417.25</ele></trkpt>
<trkpt lon="-4.832585" lat="43.248085"><ele>416.5</ele></trkpt>
<trkpt lon="-4.832528" lat="43.248063"><ele>419.75</ele></trkpt>
<trkpt lon="-4.832450" lat="43.248079"><ele>427.75</ele></trkpt>
<trkpt lon="-4.832396" lat="43.248071"><ele>431.5</ele></trkpt>
<trkpt lon="-4.832358" lat="43.248033"><ele>432.75</ele></trkpt>
<trkpt lon="-4.832236" lat="43.247727"><ele>436.25</ele></trkpt>
<trkpt lon="-4.832208" lat="43.247673"><ele>436.75</ele></trkpt>
<trkpt lon="-4.832127" lat="43.247571"><ele>441.75</ele></trkpt>
<trkpt lon="-4.832046" lat="43.247452"><ele>447.0</ele></trkpt>
<trkpt lon="-4.832023" lat="43.247386"><ele>447.0</ele></trkpt>
<trkpt lon="-4.832043" lat="43.247325"><ele>442.25</ele></trkpt>
<trkpt lon="-4.832037" lat="43.247292"><ele>441.5</ele></trkpt>
  </trkseg></trk></gpx>
