<?xml version="1.0" encoding="UTF-8"?>
<gpx version="1.1" creator="compostel-brouter" xmlns="http://www.topografix.com/GPX/1/1">
  <metadata><name>ES-J21-variante-Picos-Liebana</name></metadata>
  <trk><name>ES-J21-variante-Picos-Liebana</name><trkseg>
<trkpt lon="-4.397331" lat="43.385194"><ele>2.0</ele></trkpt>
<trkpt lon="-4.397749" lat="43.385185"><ele>2.0</ele></trkpt>
<trkpt lon="-4.397756" lat="43.385291"><ele>2.0</ele></trkpt>
<trkpt lon="-4.397769" lat="43.385290"><ele>2.0</ele></trkpt>
<trkpt lon="-4.397761" lat="43.385145"><ele>2.0</ele></trkpt>
<trkpt lon="-4.397806" lat="43.385145"><ele>2.0</ele></trkpt>
<trkpt lon="-4.397918" lat="43.385144"><ele>2.5</ele></trkpt>
<trkpt lon="-4.397938" lat="43.385120"><ele>2.5</ele></trkpt>
<trkpt lon="-4.398043" lat="43.385041"><ele>2.25</ele></trkpt>
<trkpt lon="-4.398258" lat="43.384914"><ele>2.25</ele></trkpt>
<trkpt lon="-4.398246" lat="43.384904"><ele>2.25</ele></trkpt>
<trkpt lon="-4.398592" lat="43.384699"><ele>2.25</ele></trkpt>
<trkpt lon="-4.398832" lat="43.384553"><ele>2.25</ele></trkpt>
<trkpt lon="-4.398728" lat="43.384433"><ele>2.25</ele></trkpt>
<trkpt lon="-4.398715" lat="43.384439"><ele>2.25</ele></trkpt>
<trkpt lon="-4.396811" lat="43.382192"><ele>3.75</ele></trkpt>
<trkpt lon="-4.396799" lat="43.382153"><ele>3.75</ele></trkpt>
<trkpt lon="-4.396798" lat="43.382103"><ele>3.75</ele></trkpt>
<trkpt lon="-4.396801" lat="43.382078"><ele>3.75</ele></trkpt>
<trkpt lon="-4.396822" lat="43.382032"><ele>3.75</ele></trkpt>
<trkpt lon="-4.396868" lat="43.381984"><ele>3.75</ele></trkpt>
<trkpt lon="-4.397007" lat="43.381895"><ele>4.0</ele></trkpt>
<trkpt lon="-4.397139" lat="43.381814"><ele>4.0</ele></trkpt>
<trkpt lon="-4.397195" lat="43.381780"><ele>4.0</ele></trkpt>
<trkpt lon="-4.397224" lat="43.381759"><ele>4.0</ele></trkpt>
<trkpt lon="-4.397228" lat="43.381723"><ele>4.0</ele></trkpt>
<trkpt lon="-4.397064" lat="43.381545"><ele>4.25</ele></trkpt>
<trkpt lon="-4.397103" lat="43.381529"><ele>4.25</ele></trkpt>
<trkpt lon="-4.397130" lat="43.381518"><ele>4.5</ele></trkpt>
<trkpt lon="-4.397170" lat="43.381499"><ele>4.5</ele></trkpt>
<trkpt lon="-4.397222" lat="43.381492"><ele>4.5</ele></trkpt>
<trkpt lon="-4.397254" lat="43.381487"><ele>4.5</ele></trkpt>
<trkpt lon="-4.397257" lat="43.381467"><ele>4.5</ele></trkpt>
<trkpt lon="-4.397281" lat="43.381452"><ele>4.75</ele></trkpt>
<trkpt lon="-4.397273" lat="43.381406"><ele>4.75</ele></trkpt>
<trkpt lon="-4.397276" lat="43.381361"><ele>5.0</ele></trkpt>
<trkpt lon="-4.397290" lat="43.381293"><ele>5.5</ele></trkpt>
<trkpt lon="-4.397482" lat="43.381233"><ele>7.0</ele></trkpt>
<trkpt lon="-4.397481" lat="43.381177"><ele>7.75</ele></trkpt>
<trkpt lon="-4.397551" lat="43.381178"><ele>8.25</ele></trkpt>
<trkpt lon="-4.397598" lat="43.381195"><ele>8.75</ele></trkpt>
<trkpt lon="-4.397847" lat="43.381437"><ele>11.5</ele></trkpt>
<trkpt lon="-4.397904" lat="43.381477"><ele>11.5</ele></trkpt>
<trkpt lon="-4.397975" lat="43.381510"><ele>12.0</ele></trkpt>
<trkpt lon="-4.398042" lat="43.381531"><ele>13.0</ele></trkpt>
<trkpt lon="-4.398233" lat="43.381575"><ele>15.0</ele></trkpt>
<trkpt lon="-4.398819" lat="43.381673"><ele>23.25</ele></trkpt>
<trkpt lon="-4.399016" lat="43.381704"><ele>24.75</ele></trkpt>
<trkpt lon="-4.399085" lat="43.381672"><ele>26.0</ele></trkpt>
<trkpt lon="-4.399543" lat="43.381495"><ele>31.25</ele></trkpt>
<trkpt lon="-4.399663" lat="43.381446"><ele>32.5</ele></trkpt>
<trkpt lon="-4.399929" lat="43.381320"><ele>35.0</ele></trkpt>
<trkpt lon="-4.400258" lat="43.381141"><ele>39.5</ele></trkpt>
<trkpt lon="-4.400308" lat="43.381111"><ele>40.25</ele></trkpt>
<trkpt lon="-4.400345" lat="43.381085"><ele>40.75</ele></trkpt>
<trkpt lon="-4.400485" lat="43.380978"><ele>42.0</ele></trkpt>
<trkpt lon="-4.400579" lat="43.380897"><ele>42.5</ele></trkpt>
<trkpt lon="-4.400640" lat="43.380835"><ele>42.75</ele></trkpt>
<trkpt lon="-4.400791" lat="43.380647"><ele>44.25</ele></trkpt>
<trkpt lon="-4.400855" lat="43.380608"><ele>45.0</ele></trkpt>
<trkpt lon="-4.400918" lat="43.380589"><ele>45.25</ele></trkpt>
<trkpt lon="-4.400998" lat="43.380586"><ele>45.5</ele></trkpt>
<trkpt lon="-4.401448" lat="43.380627"><ele>45.75</ele></trkpt>
<trkpt lon="-4.401461" lat="43.380560"><ele>45.5</ele></trkpt>
<trkpt lon="-4.401487" lat="43.380485"><ele>45.5</ele></trkpt>
<trkpt lon="-4.401549" lat="43.380342"><ele>45.25</ele></trkpt>
<trkpt lon="-4.401627" lat="43.380221"><ele>45.25</ele></trkpt>
<trkpt lon="-4.401681" lat="43.380167"><ele>45.75</ele></trkpt>
<trkpt lon="-4.401751" lat="43.380111"><ele>46.0</ele></trkpt>
<trkpt lon="-4.401811" lat="43.380074"><ele>46.5</ele></trkpt>
<trkpt lon="-4.402646" lat="43.379592"><ele>53.75</ele></trkpt>
<trkpt lon="-4.402664" lat="43.379582"><ele>53.75</ele></trkpt>
<trkpt lon="-4.403243" lat="43.379222"><ele>54.5</ele></trkpt>
<trkpt lon="-4.403399" lat="43.379141"><ele>54.75</ele></trkpt>
<trkpt lon="-4.403639" lat="43.379059"><ele>54.5</ele></trkpt>
<trkpt lon="-4.403805" lat="43.378989"><ele>53.0</ele></trkpt>
<trkpt lon="-4.403908" lat="43.378917"><ele>51.75</ele></trkpt>
<trkpt lon="-4.404015" lat="43.378819"><ele>50.25</ele></trkpt>
<trkpt lon="-4.404093" lat="43.378722"><ele>49.5</ele></trkpt>
<trkpt lon="-4.404222" lat="43.378585"><ele>48.0</ele></trkpt>
<trkpt lon="-4.404371" lat="43.378439"><ele>46.5</ele></trkpt>
<trkpt lon="-4.404483" lat="43.378354"><ele>46.25</ele></trkpt>
<trkpt lon="-4.404613" lat="43.378295"><ele>45.75</ele></trkpt>
<trkpt lon="-4.404813" lat="43.378233"><ele>44.75</ele></trkpt>
<trkpt lon="-4.404970" lat="43.378204"><ele>44.5</ele></trkpt>
<trkpt lon="-4.405164" lat="43.378195"><ele>44.0</ele></trkpt>
<trkpt lon="-4.405448" lat="43.378205"><ele>43.75</ele></trkpt>
<trkpt lon="-4.406411" lat="43.378272"><ele>45.5</ele></trkpt>
<trkpt lon="-4.406534" lat="43.378260"><ele>46.0</ele></trkpt>
<trkpt lon="-4.406658" lat="43.378230"><ele>46.5</ele></trkpt>
<trkpt lon="-4.406757" lat="43.378179"><ele>46.75</ele></trkpt>
<trkpt lon="-4.406876" lat="43.378076"><ele>47.0</ele></trkpt>
<trkpt lon="-4.407113" lat="43.377778"><ele>44.5</ele></trkpt>
<trkpt lon="-4.407214" lat="43.377606"><ele>44.25</ele></trkpt>
<trkpt lon="-4.407344" lat="43.377412"><ele>44.5</ele></trkpt>
<trkpt lon="-4.407477" lat="43.377282"><ele>45.25</ele></trkpt>
<trkpt lon="-4.407640" lat="43.377137"><ele>47.0</ele></trkpt>
<trkpt lon="-4.407741" lat="43.377052"><ele>47.5</ele></trkpt>
<trkpt lon="-4.407804" lat="43.376979"><ele>47.25</ele></trkpt>
<trkpt lon="-4.407847" lat="43.376890"><ele>47.25</ele></trkpt>
<trkpt lon="-4.407913" lat="43.376714"><ele>46.5</ele></trkpt>
<trkpt lon="-4.407965" lat="43.376639"><ele>45.75</ele></trkpt>
<trkpt lon="-4.408045" lat="43.376545"><ele>45.5</ele></trkpt>
<trkpt lon="-4.408159" lat="43.376458"><ele>45.25</ele></trkpt>
<trkpt lon="-4.408322" lat="43.376382"><ele>46.0</ele></trkpt>
<trkpt lon="-4.408696" lat="43.376237"><ele>47.0</ele></trkpt>
<trkpt lon="-4.409056" lat="43.376078"><ele>47.75</ele></trkpt>
<trkpt lon="-4.409182" lat="43.376013"><ele>47.75</ele></trkpt>
<trkpt lon="-4.409347" lat="43.375902"><ele>47.75</ele></trkpt>
<trkpt lon="-4.409672" lat="43.375658"><ele>46.0</ele></trkpt>
<trkpt lon="-4.409794" lat="43.375529"><ele>44.5</ele></trkpt>
<trkpt lon="-4.409982" lat="43.375292"><ele>44.0</ele></trkpt>
<trkpt lon="-4.410195" lat="43.374937"><ele>43.25</ele></trkpt>
<trkpt lon="-4.410310" lat="43.374782"><ele>44.25</ele></trkpt>
<trkpt lon="-4.410381" lat="43.374703"><ele>45.25</ele></trkpt>
<trkpt lon="-4.410485" lat="43.374602"><ele>46.75</ele></trkpt>
<trkpt lon="-4.410573" lat="43.374503"><ele>48.75</ele></trkpt>
<trkpt lon="-4.410689" lat="43.374363"><ele>51.25</ele></trkpt>
<trkpt lon="-4.410722" lat="43.374303"><ele>52.25</ele></trkpt>
<trkpt lon="-4.410693" lat="43.374158"><ele>54.5</ele></trkpt>
<trkpt lon="-4.410602" lat="43.373910"><ele>57.75</ele></trkpt>
<trkpt lon="-4.410602" lat="43.373827"><ele>57.5</ele></trkpt>
<trkpt lon="-4.410617" lat="43.373765"><ele>56.75</ele></trkpt>
<trkpt lon="-4.410827" lat="43.373304"><ele>55.25</ele></trkpt>
<trkpt lon="-4.411063" lat="43.372881"><ele>54.25</ele></trkpt>
<trkpt lon="-4.411077" lat="43.372758"><ele>54.25</ele></trkpt>
<trkpt lon="-4.411062" lat="43.372630"><ele>55.0</ele></trkpt>
<trkpt lon="-4.411024" lat="43.372536"><ele>55.0</ele></trkpt>
<trkpt lon="-4.410976" lat="43.372472"><ele>55.0</ele></trkpt>
<trkpt lon="-4.410898" lat="43.372396"><ele>55.0</ele></trkpt>
<trkpt lon="-4.410731" lat="43.372274"><ele>56.5</ele></trkpt>
<trkpt lon="-4.410421" lat="43.372088"><ele>59.5</ele></trkpt>
<trkpt lon="-4.410138" lat="43.371847"><ele>56.25</ele></trkpt>
<trkpt lon="-4.410036" lat="43.371783"><ele>55.0</ele></trkpt>
<trkpt lon="-4.409605" lat="43.371620"><ele>55.0</ele></trkpt>
<trkpt lon="-4.409484" lat="43.371543"><ele>54.0</ele></trkpt>
<trkpt lon="-4.409426" lat="43.371459"><ele>52.5</ele></trkpt>
<trkpt lon="-4.409412" lat="43.371354"><ele>50.75</ele></trkpt>
<trkpt lon="-4.409418" lat="43.371265"><ele>50.25</ele></trkpt>
<trkpt lon="-4.409496" lat="43.371013"><ele>46.75</ele></trkpt>
<trkpt lon="-4.409697" lat="43.370465"><ele>46.25</ele></trkpt>
<trkpt lon="-4.409740" lat="43.370356"><ele>46.75</ele></trkpt>
<trkpt lon="-4.409772" lat="43.370249"><ele>46.0</ele></trkpt>
<trkpt lon="-4.409783" lat="43.370171"><ele>45.25</ele></trkpt>
<trkpt lon="-4.409705" lat="43.369657"><ele>42.5</ele></trkpt>
<trkpt lon="-4.409667" lat="43.369432"><ele>41.0</ele></trkpt>
<trkpt lon="-4.409858" lat="43.369420"><ele>40.5</ele></trkpt>
<trkpt lon="-4.410038" lat="43.369430"><ele>39.75</ele></trkpt>
<trkpt lon="-4.410402" lat="43.369521"><ele>38.5</ele></trkpt>
<trkpt lon="-4.410770" lat="43.369593"><ele>36.75</ele></trkpt>
<trkpt lon="-4.411181" lat="43.369718"><ele>32.5</ele></trkpt>
<trkpt lon="-4.412022" lat="43.369688"><ele>27.75</ele></trkpt>
<trkpt lon="-4.412538" lat="43.369656"><ele>26.75</ele></trkpt>
<trkpt lon="-4.413844" lat="43.369592"><ele>19.75</ele></trkpt>
<trkpt lon="-4.414174" lat="43.369588"><ele>17.75</ele></trkpt>
<trkpt lon="-4.414359" lat="43.369595"><ele>17.0</ele></trkpt>
<trkpt lon="-4.414876" lat="43.369675"><ele>15.5</ele></trkpt>
<trkpt lon="-4.415094" lat="43.369675"><ele>14.25</ele></trkpt>
<trkpt lon="-4.415413" lat="43.369639"><ele>12.5</ele></trkpt>
<trkpt lon="-4.415825" lat="43.369499"><ele>10.0</ele></trkpt>
<trkpt lon="-4.415916" lat="43.369487"><ele>10.0</ele></trkpt>
<trkpt lon="-4.416098" lat="43.369463"><ele>10.0</ele></trkpt>
<trkpt lon="-4.416210" lat="43.369449"><ele>10.25</ele></trkpt>
<trkpt lon="-4.416564" lat="43.369456"><ele>10.75</ele></trkpt>
<trkpt lon="-4.416795" lat="43.369479"><ele>11.0</ele></trkpt>
<trkpt lon="-4.417157" lat="43.369551"><ele>10.75</ele></trkpt>
<trkpt lon="-4.417580" lat="43.369562"><ele>11.0</ele></trkpt>
<trkpt lon="-4.417809" lat="43.369560"><ele>11.25</ele></trkpt>
<trkpt lon="-4.417912" lat="43.369531"><ele>12.25</ele></trkpt>
<trkpt lon="-4.418001" lat="43.369461"><ele>14.5</ele></trkpt>
<trkpt lon="-4.418068" lat="43.369453"><ele>14.75</ele></trkpt>
<trkpt lon="-4.418850" lat="43.369484"><ele>15.0</ele></trkpt>
<trkpt lon="-4.419062" lat="43.369482"><ele>15.25</ele></trkpt>
<trkpt lon="-4.419301" lat="43.369488"><ele>13.75</ele></trkpt>
<trkpt lon="-4.419539" lat="43.369483"><ele>12.25</ele></trkpt>
<trkpt lon="-4.419608" lat="43.369502"><ele>12.0</ele></trkpt>
<trkpt lon="-4.419823" lat="43.369649"><ele>11.0</ele></trkpt>
<trkpt lon="-4.419920" lat="43.369658"><ele>10.75</ele></trkpt>
<trkpt lon="-4.420693" lat="43.369661"><ele>10.0</ele></trkpt>
<trkpt lon="-4.421706" lat="43.369633"><ele>5.75</ele></trkpt>
<trkpt lon="-4.421879" lat="43.369629"><ele>5.25</ele></trkpt>
<trkpt lon="-4.422218" lat="43.369498"><ele>4.25</ele></trkpt>
<trkpt lon="-4.422876" lat="43.369347"><ele>9.5</ele></trkpt>
<trkpt lon="-4.422940" lat="43.369326"><ele>11.25</ele></trkpt>
<trkpt lon="-4.423413" lat="43.369207"><ele>21.5</ele></trkpt>
<trkpt lon="-4.424013" lat="43.369077"><ele>29.0</ele></trkpt>
<trkpt lon="-4.424984" lat="43.368795"><ele>44.75</ele></trkpt>
<trkpt lon="-4.425645" lat="43.368619"><ele>55.0</ele></trkpt>
<trkpt lon="-4.426311" lat="43.368553"><ele>58.5</ele></trkpt>
<trkpt lon="-4.426603" lat="43.368503"><ele>59.75</ele></trkpt>
<trkpt lon="-4.427459" lat="43.368295"><ele>66.5</ele></trkpt>
<trkpt lon="-4.427918" lat="43.368191"><ele>69.5</ele></trkpt>
<trkpt lon="-4.428430" lat="43.368086"><ele>73.75</ele></trkpt>
<trkpt lon="-4.428689" lat="43.368050"><ele>76.25</ele></trkpt>
<trkpt lon="-4.428992" lat="43.367988"><ele>79.0</ele></trkpt>
<trkpt lon="-4.429275" lat="43.367900"><ele>81.25</ele></trkpt>
<trkpt lon="-4.429600" lat="43.367816"><ele>83.0</ele></trkpt>
<trkpt lon="-4.430291" lat="43.367660"><ele>87.75</ele></trkpt>
<trkpt lon="-4.430500" lat="43.367576"><ele>89.75</ele></trkpt>
<trkpt lon="-4.430764" lat="43.367450"><ele>93.75</ele></trkpt>
<trkpt lon="-4.431150" lat="43.367296"><ele>98.75</ele></trkpt>
<trkpt lon="-4.431499" lat="43.367188"><ele>104.5</ele></trkpt>
<trkpt lon="-4.431843" lat="43.367110"><ele>109.25</ele></trkpt>
<trkpt lon="-4.432141" lat="43.367054"><ele>112.25</ele></trkpt>
<trkpt lon="-4.432529" lat="43.367011"><ele>114.5</ele></trkpt>
<trkpt lon="-4.432826" lat="43.366988"><ele>116.25</ele></trkpt>
<trkpt lon="-4.433077" lat="43.366956"><ele>117.25</ele></trkpt>
<trkpt lon="-4.433432" lat="43.366863"><ele>118.25</ele></trkpt>
<trkpt lon="-4.433861" lat="43.366677"><ele>120.75</ele></trkpt>
<trkpt lon="-4.434329" lat="43.366407"><ele>122.25</ele></trkpt>
<trkpt lon="-4.434679" lat="43.366217"><ele>122.25</ele></trkpt>
<trkpt lon="-4.434855" lat="43.366111"><ele>122.5</ele></trkpt>
<trkpt lon="-4.435089" lat="43.365887"><ele>119.0</ele></trkpt>
<trkpt lon="-4.435265" lat="43.365781"><ele>117.5</ele></trkpt>
<trkpt lon="-4.435474" lat="43.365695"><ele>116.0</ele></trkpt>
<trkpt lon="-4.435879" lat="43.365587"><ele>115.25</ele></trkpt>
<trkpt lon="-4.436369" lat="43.365496"><ele>117.75</ele></trkpt>
<trkpt lon="-4.436622" lat="43.365495"><ele>117.75</ele></trkpt>
<trkpt lon="-4.438024" lat="43.365487"><ele>120.5</ele></trkpt>
<trkpt lon="-4.438244" lat="43.365206"><ele>122.25</ele></trkpt>
<trkpt lon="-4.438289" lat="43.365168"><ele>122.0</ele></trkpt>
<trkpt lon="-4.438419" lat="43.365124"><ele>122.5</ele></trkpt>
<trkpt lon="-4.438729" lat="43.365053"><ele>125.25</ele></trkpt>
<trkpt lon="-4.439403" lat="43.364939"><ele>128.0</ele></trkpt>
<trkpt lon="-4.439598" lat="43.364892"><ele>126.75</ele></trkpt>
<trkpt lon="-4.439835" lat="43.364810"><ele>125.0</ele></trkpt>
<trkpt lon="-4.440113" lat="43.364683"><ele>122.75</ele></trkpt>
<trkpt lon="-4.440234" lat="43.364662"><ele>122.0</ele></trkpt>
<trkpt lon="-4.440472" lat="43.364663"><ele>120.75</ele></trkpt>
<trkpt lon="-4.440841" lat="43.364689"><ele>119.5</ele></trkpt>
<trkpt lon="-4.441228" lat="43.364670"><ele>118.0</ele></trkpt>
<trkpt lon="-4.441369" lat="43.364630"><ele>117.0</ele></trkpt>
<trkpt lon="-4.441697" lat="43.364518"><ele>114.5</ele></trkpt>
<trkpt lon="-4.441836" lat="43.364510"><ele>115.0</ele></trkpt>
<trkpt lon="-4.441929" lat="43.364521"><ele>115.5</ele></trkpt>
<trkpt lon="-4.442011" lat="43.364510"><ele>115.0</ele></trkpt>
<trkpt lon="-4.442099" lat="43.364470"><ele>114.0</ele></trkpt>
<trkpt lon="-4.442225" lat="43.364379"><ele>112.0</ele></trkpt>
<trkpt lon="-4.442409" lat="43.364298"><ele>110.75</ele></trkpt>
<trkpt lon="-4.443052" lat="43.364084"><ele>110.0</ele></trkpt>
<trkpt lon="-4.443226" lat="43.364057"><ele>109.75</ele></trkpt>
<trkpt lon="-4.443358" lat="43.364019"><ele>109.25</ele></trkpt>
<trkpt lon="-4.443448" lat="43.363948"><ele>109.0</ele></trkpt>
<trkpt lon="-4.443608" lat="43.363778"><ele>108.0</ele></trkpt>
<trkpt lon="-4.443704" lat="43.363702"><ele>107.75</ele></trkpt>
<trkpt lon="-4.443797" lat="43.363648"><ele>107.75</ele></trkpt>
<trkpt lon="-4.443972" lat="43.363587"><ele>107.75</ele></trkpt>
<trkpt lon="-4.444351" lat="43.363522"><ele>108.0</ele></trkpt>
<trkpt lon="-4.444432" lat="43.363496"><ele>108.0</ele></trkpt>
<trkpt lon="-4.444675" lat="43.363342"><ele>108.0</ele></trkpt>
<trkpt lon="-4.444791" lat="43.363276"><ele>108.25</ele></trkpt>
<trkpt lon="-4.444901" lat="43.363224"><ele>108.75</ele></trkpt>
<trkpt lon="-4.444964" lat="43.363182"><ele>109.0</ele></trkpt>
<trkpt lon="-4.444994" lat="43.363130"><ele>109.25</ele></trkpt>
<trkpt lon="-4.445009" lat="43.362975"><ele>110.0</ele></trkpt>
<trkpt lon="-4.445836" lat="43.362980"><ele>110.25</ele></trkpt>
<trkpt lon="-4.447050" lat="43.362998"><ele>112.0</ele></trkpt>
<trkpt lon="-4.447486" lat="43.362948"><ele>112.25</ele></trkpt>
<trkpt lon="-4.447913" lat="43.362909"><ele>112.75</ele></trkpt>
<trkpt lon="-4.448048" lat="43.362921"><ele>112.75</ele></trkpt>
<trkpt lon="-4.448157" lat="43.362924"><ele>113.0</ele></trkpt>
<trkpt lon="-4.448480" lat="43.362932"><ele>113.0</ele></trkpt>
<trkpt lon="-4.448644" lat="43.362929"><ele>113.0</ele></trkpt>
<trkpt lon="-4.448899" lat="43.362891"><ele>114.0</ele></trkpt>
<trkpt lon="-4.449098" lat="43.362879"><ele>114.0</ele></trkpt>
<trkpt lon="-4.449123" lat="43.362873"><ele>114.0</ele></trkpt>
<trkpt lon="-4.449184" lat="43.362856"><ele>113.75</ele></trkpt>
<trkpt lon="-4.449249" lat="43.362831"><ele>113.75</ele></trkpt>
<trkpt lon="-4.449752" lat="43.362834"><ele>114.25</ele></trkpt>
<trkpt lon="-4.450335" lat="43.362821"><ele>117.0</ele></trkpt>
<trkpt lon="-4.450634" lat="43.362838"><ele>118.0</ele></trkpt>
<trkpt lon="-4.450727" lat="43.362876"><ele>118.25</ele></trkpt>
<trkpt lon="-4.450774" lat="43.362944"><ele>118.0</ele></trkpt>
<trkpt lon="-4.450928" lat="43.362910"><ele>118.75</ele></trkpt>
<trkpt lon="-4.451095" lat="43.362864"><ele>119.5</ele></trkpt>
<trkpt lon="-4.451204" lat="43.362851"><ele>120.25</ele></trkpt>
<trkpt lon="-4.451276" lat="43.362771"><ele>121.0</ele></trkpt>
<trkpt lon="-4.451349" lat="43.362611"><ele>119.25</ele></trkpt>
<trkpt lon="-4.451525" lat="43.362616"><ele>120.25</ele></trkpt>
<trkpt lon="-4.452003" lat="43.362612"><ele>121.5</ele></trkpt>
<trkpt lon="-4.452518" lat="43.362662"><ele>121.0</ele></trkpt>
<trkpt lon="-4.452726" lat="43.362684"><ele>120.75</ele></trkpt>
<trkpt lon="-4.452914" lat="43.362663"><ele>120.25</ele></trkpt>
<trkpt lon="-4.453150" lat="43.362621"><ele>120.0</ele></trkpt>
<trkpt lon="-4.453350" lat="43.362598"><ele>120.0</ele></trkpt>
<trkpt lon="-4.453579" lat="43.362585"><ele>120.0</ele></trkpt>
<trkpt lon="-4.453773" lat="43.362582"><ele>119.5</ele></trkpt>
<trkpt lon="-4.454764" lat="43.362657"><ele>117.25</ele></trkpt>
<trkpt lon="-4.454955" lat="43.362605"><ele>116.5</ele></trkpt>
<trkpt lon="-4.455262" lat="43.362560"><ele>115.25</ele></trkpt>
<trkpt lon="-4.455442" lat="43.362525"><ele>115.5</ele></trkpt>
<trkpt lon="-4.455593" lat="43.362475"><ele>115.25</ele></trkpt>
<trkpt lon="-4.455774" lat="43.362437"><ele>114.5</ele></trkpt>
<trkpt lon="-4.455882" lat="43.362429"><ele>114.25</ele></trkpt>
<trkpt lon="-4.456332" lat="43.362443"><ele>113.0</ele></trkpt>
<trkpt lon="-4.456513" lat="43.362436"><ele>112.5</ele></trkpt>
<trkpt lon="-4.456725" lat="43.362405"><ele>111.75</ele></trkpt>
<trkpt lon="-4.456904" lat="43.362397"><ele>112.5</ele></trkpt>
<trkpt lon="-4.457115" lat="43.362420"><ele>113.0</ele></trkpt>
<trkpt lon="-4.457349" lat="43.362428"><ele>113.25</ele></trkpt>
<trkpt lon="-4.457490" lat="43.362421"><ele>113.25</ele></trkpt>
<trkpt lon="-4.457672" lat="43.362445"><ele>113.0</ele></trkpt>
<trkpt lon="-4.457809" lat="43.362479"><ele>113.0</ele></trkpt>
<trkpt lon="-4.457947" lat="43.362498"><ele>113.0</ele></trkpt>
<trkpt lon="-4.458140" lat="43.362513"><ele>112.25</ele></trkpt>
<trkpt lon="-4.458263" lat="43.362501"><ele>112.0</ele></trkpt>
<trkpt lon="-4.458407" lat="43.362447"><ele>111.75</ele></trkpt>
<trkpt lon="-4.458544" lat="43.362379"><ele>111.0</ele></trkpt>
<trkpt lon="-4.458676" lat="43.362329"><ele>109.75</ele></trkpt>
<trkpt lon="-4.458798" lat="43.362298"><ele>108.5</ele></trkpt>
<trkpt lon="-4.458941" lat="43.362282"><ele>107.75</ele></trkpt>
<trkpt lon="-4.459144" lat="43.362281"><ele>106.75</ele></trkpt>
<trkpt lon="-4.459658" lat="43.362319"><ele>106.0</ele></trkpt>
<trkpt lon="-4.459903" lat="43.362301"><ele>106.75</ele></trkpt>
<trkpt lon="-4.460074" lat="43.362263"><ele>106.75</ele></trkpt>
<trkpt lon="-4.460188" lat="43.362201"><ele>106.0</ele></trkpt>
<trkpt lon="-4.460283" lat="43.362116"><ele>105.5</ele></trkpt>
<trkpt lon="-4.460341" lat="43.362025"><ele>104.5</ele></trkpt>
<trkpt lon="-4.460366" lat="43.361937"><ele>103.5</ele></trkpt>
<trkpt lon="-4.460273" lat="43.361825"><ele>102.25</ele></trkpt>
<trkpt lon="-4.460230" lat="43.361744"><ele>100.25</ele></trkpt>
<trkpt lon="-4.460225" lat="43.361684"><ele>98.75</ele></trkpt>
<trkpt lon="-4.460268" lat="43.361619"><ele>98.75</ele></trkpt>
<trkpt lon="-4.460342" lat="43.361555"><ele>99.25</ele></trkpt>
<trkpt lon="-4.460489" lat="43.361517"><ele>100.0</ele></trkpt>
<trkpt lon="-4.460584" lat="43.361510"><ele>100.25</ele></trkpt>
<trkpt lon="-4.460663" lat="43.361483"><ele>99.5</ele></trkpt>
<trkpt lon="-4.460754" lat="43.361443"><ele>99.0</ele></trkpt>
<trkpt lon="-4.460820" lat="43.361380"><ele>99.0</ele></trkpt>
<trkpt lon="-4.460907" lat="43.361268"><ele>98.75</ele></trkpt>
<trkpt lon="-4.460961" lat="43.361210"><ele>98.5</ele></trkpt>
<trkpt lon="-4.460980" lat="43.361078"><ele>98.0</ele></trkpt>
<trkpt lon="-4.460975" lat="43.361018"><ele>96.5</ele></trkpt>
<trkpt lon="-4.460776" lat="43.360678"><ele>92.25</ele></trkpt>
<trkpt lon="-4.460758" lat="43.360632"><ele>91.25</ele></trkpt>
<trkpt lon="-4.460766" lat="43.360561"><ele>89.75</ele></trkpt>
<trkpt lon="-4.460809" lat="43.360479"><ele>89.5</ele></trkpt>
<trkpt lon="-4.460969" lat="43.360279"><ele>88.75</ele></trkpt>
<trkpt lon="-4.461026" lat="43.360222"><ele>88.5</ele></trkpt>
<trkpt lon="-4.461093" lat="43.360169"><ele>88.5</ele></trkpt>
<trkpt lon="-4.461181" lat="43.360110"><ele>88.0</ele></trkpt>
<trkpt lon="-4.461315" lat="43.360041"><ele>88.25</ele></trkpt>
<trkpt lon="-4.461536" lat="43.359947"><ele>89.25</ele></trkpt>
<trkpt lon="-4.461706" lat="43.359888"><ele>90.5</ele></trkpt>
<trkpt lon="-4.461859" lat="43.359851"><ele>92.25</ele></trkpt>
<trkpt lon="-4.462009" lat="43.359827"><ele>93.5</ele></trkpt>
<trkpt lon="-4.462338" lat="43.359804"><ele>95.0</ele></trkpt>
<trkpt lon="-4.462448" lat="43.359776"><ele>95.25</ele></trkpt>
<trkpt lon="-4.462533" lat="43.359724"><ele>95.75</ele></trkpt>
<trkpt lon="-4.462705" lat="43.359578"><ele>96.5</ele></trkpt>
<trkpt lon="-4.462835" lat="43.359515"><ele>97.0</ele></trkpt>
<trkpt lon="-4.463036" lat="43.359441"><ele>98.0</ele></trkpt>
<trkpt lon="-4.463363" lat="43.359356"><ele>100.25</ele></trkpt>
<trkpt lon="-4.463727" lat="43.359286"><ele>102.0</ele></trkpt>
<trkpt lon="-4.463996" lat="43.359207"><ele>103.0</ele></trkpt>
<trkpt lon="-4.464092" lat="43.359166"><ele>103.5</ele></trkpt>
<trkpt lon="-4.464153" lat="43.359118"><ele>103.0</ele></trkpt>
<trkpt lon="-4.464184" lat="43.359009"><ele>102.75</ele></trkpt>
<trkpt lon="-4.464227" lat="43.358916"><ele>103.0</ele></trkpt>
<trkpt lon="-4.464232" lat="43.358861"><ele>103.25</ele></trkpt>
<trkpt lon="-4.464304" lat="43.358750"><ele>104.0</ele></trkpt>
<trkpt lon="-4.464456" lat="43.358692"><ele>105.5</ele></trkpt>
<trkpt lon="-4.464698" lat="43.358646"><ele>107.5</ele></trkpt>
<trkpt lon="-4.465165" lat="43.358723"><ele>109.75</ele></trkpt>
<trkpt lon="-4.465548" lat="43.358761"><ele>111.75</ele></trkpt>
<trkpt lon="-4.465885" lat="43.358784"><ele>114.0</ele></trkpt>
<trkpt lon="-4.466179" lat="43.358776"><ele>115.25</ele></trkpt>
<trkpt lon="-4.466368" lat="43.358803"><ele>115.0</ele></trkpt>
<trkpt lon="-4.466494" lat="43.358795"><ele>115.25</ele></trkpt>
<trkpt lon="-4.466887" lat="43.358666"><ele>115.75</ele></trkpt>
<trkpt lon="-4.467008" lat="43.358620"><ele>115.5</ele></trkpt>
<trkpt lon="-4.467134" lat="43.358631"><ele>115.0</ele></trkpt>
<trkpt lon="-4.467244" lat="43.358700"><ele>115.25</ele></trkpt>
<trkpt lon="-4.467297" lat="43.358845"><ele>116.0</ele></trkpt>
<trkpt lon="-4.467334" lat="43.358914"><ele>116.0</ele></trkpt>
<trkpt lon="-4.467449" lat="43.358960"><ele>117.0</ele></trkpt>
<trkpt lon="-4.467727" lat="43.358967"><ele>119.25</ele></trkpt>
<trkpt lon="-4.467895" lat="43.358982"><ele>120.0</ele></trkpt>
<trkpt lon="-4.468242" lat="43.359078"><ele>119.25</ele></trkpt>
<trkpt lon="-4.468646" lat="43.359147"><ele>119.0</ele></trkpt>
<trkpt lon="-4.468893" lat="43.359162"><ele>118.0</ele></trkpt>
<trkpt lon="-4.469250" lat="43.359280"><ele>116.75</ele></trkpt>
<trkpt lon="-4.469449" lat="43.359334"><ele>115.5</ele></trkpt>
<trkpt lon="-4.469691" lat="43.359379"><ele>114.5</ele></trkpt>
<trkpt lon="-4.469990" lat="43.359452"><ele>113.75</ele></trkpt>
<trkpt lon="-4.470148" lat="43.359483"><ele>112.75</ele></trkpt>
<trkpt lon="-4.470342" lat="43.359448"><ele>112.5</ele></trkpt>
<trkpt lon="-4.470541" lat="43.359521"><ele>111.0</ele></trkpt>
<trkpt lon="-4.470814" lat="43.359597"><ele>110.25</ele></trkpt>
<trkpt lon="-4.471129" lat="43.359727"><ele>110.75</ele></trkpt>
<trkpt lon="-4.471497" lat="43.359895"><ele>108.25</ele></trkpt>
<trkpt lon="-4.471833" lat="43.360063"><ele>106.25</ele></trkpt>
<trkpt lon="-4.472027" lat="43.360192"><ele>104.75</ele></trkpt>
<trkpt lon="-4.472164" lat="43.360334"><ele>103.5</ele></trkpt>
<trkpt lon="-4.472269" lat="43.360406"><ele>102.75</ele></trkpt>
<trkpt lon="-4.472305" lat="43.360448"><ele>102.5</ele></trkpt>
<trkpt lon="-4.472584" lat="43.360479"><ele>100.75</ele></trkpt>
<trkpt lon="-4.472731" lat="43.360548"><ele>99.25</ele></trkpt>
<trkpt lon="-4.473146" lat="43.360761"><ele>94.25</ele></trkpt>
<trkpt lon="-4.473361" lat="43.360841"><ele>91.5</ele></trkpt>
<trkpt lon="-4.473497" lat="43.360971"><ele>89.25</ele></trkpt>
<trkpt lon="-4.473881" lat="43.361204"><ele>84.25</ele></trkpt>
<trkpt lon="-4.474038" lat="43.361265"><ele>82.0</ele></trkpt>
<trkpt lon="-4.474122" lat="43.361322"><ele>80.75</ele></trkpt>
<trkpt lon="-4.474211" lat="43.361494"><ele>78.5</ele></trkpt>
<trkpt lon="-4.474306" lat="43.361570"><ele>77.0</ele></trkpt>
<trkpt lon="-4.474584" lat="43.361696"><ele>74.25</ele></trkpt>
<trkpt lon="-4.475366" lat="43.362029"><ele>67.0</ele></trkpt>
<trkpt lon="-4.475545" lat="43.362078"><ele>66.0</ele></trkpt>
<trkpt lon="-4.475813" lat="43.362128"><ele>64.5</ele></trkpt>
<trkpt lon="-4.475960" lat="43.362204"><ele>64.0</ele></trkpt>
<trkpt lon="-4.476159" lat="43.362254"><ele>62.0</ele></trkpt>
<trkpt lon="-4.476800" lat="43.362479"><ele>58.75</ele></trkpt>
<trkpt lon="-4.477057" lat="43.362494"><ele>56.5</ele></trkpt>
<trkpt lon="-4.477461" lat="43.362632"><ele>55.0</ele></trkpt>
<trkpt lon="-4.477897" lat="43.362800"><ele>53.0</ele></trkpt>
<trkpt lon="-4.478075" lat="43.362845"><ele>52.25</ele></trkpt>
<trkpt lon="-4.478401" lat="43.362979"><ele>50.0</ele></trkpt>
<trkpt lon="-4.478753" lat="43.363105"><ele>44.5</ele></trkpt>
<trkpt lon="-4.479535" lat="43.363540"><ele>34.5</ele></trkpt>
<trkpt lon="-4.480123" lat="43.363746"><ele>30.25</ele></trkpt>
<trkpt lon="-4.480312" lat="43.363887"><ele>27.0</ele></trkpt>
<trkpt lon="-4.480495" lat="43.363911"><ele>28.0</ele></trkpt>
<trkpt lon="-4.480634" lat="43.363938"><ele>28.5</ele></trkpt>
<trkpt lon="-4.480818" lat="43.363960"><ele>28.75</ele></trkpt>
<trkpt lon="-4.480995" lat="43.363963"><ele>29.0</ele></trkpt>
<trkpt lon="-4.481114" lat="43.363943"><ele>29.5</ele></trkpt>
<trkpt lon="-4.481305" lat="43.363932"><ele>28.5</ele></trkpt>
<trkpt lon="-4.481479" lat="43.363932"><ele>26.5</ele></trkpt>
<trkpt lon="-4.481879" lat="43.363889"><ele>22.5</ele></trkpt>
<trkpt lon="-4.481988" lat="43.363895"><ele>21.75</ele></trkpt>
<trkpt lon="-4.482132" lat="43.363912"><ele>21.75</ele></trkpt>
<trkpt lon="-4.482451" lat="43.363988"><ele>18.75</ele></trkpt>
<trkpt lon="-4.482597" lat="43.364017"><ele>17.0</ele></trkpt>
<trkpt lon="-4.482821" lat="43.364052"><ele>14.25</ele></trkpt>
<trkpt lon="-4.483141" lat="43.364067"><ele>11.5</ele></trkpt>
<trkpt lon="-4.483618" lat="43.363999"><ele>10.75</ele></trkpt>
<trkpt lon="-4.483795" lat="43.363911"><ele>9.75</ele></trkpt>
<trkpt lon="-4.484077" lat="43.363721"><ele>9.75</ele></trkpt>
<trkpt lon="-4.484177" lat="43.363669"><ele>9.25</ele></trkpt>
<trkpt lon="-4.484301" lat="43.363680"><ele>8.25</ele></trkpt>
<trkpt lon="-4.484661" lat="43.363775"><ele>6.75</ele></trkpt>
<trkpt lon="-4.484743" lat="43.363735"><ele>7.0</ele></trkpt>
<trkpt lon="-4.485060" lat="43.363580"><ele>8.75</ele></trkpt>
<trkpt lon="-4.485121" lat="43.363552"><ele>9.5</ele></trkpt>
<trkpt lon="-4.485289" lat="43.363647"><ele>8.75</ele></trkpt>
<trkpt lon="-4.485414" lat="43.363692"><ele>8.75</ele></trkpt>
<trkpt lon="-4.485598" lat="43.363790"><ele>8.0</ele></trkpt>
<trkpt lon="-4.485684" lat="43.363909"><ele>6.75</ele></trkpt>
<trkpt lon="-4.485762" lat="43.363982"><ele>6.25</ele></trkpt>
<trkpt lon="-4.485804" lat="43.364065"><ele>5.75</ele></trkpt>
<trkpt lon="-4.485913" lat="43.364176"><ele>4.75</ele></trkpt>
<trkpt lon="-4.486014" lat="43.364267"><ele>4.5</ele></trkpt>
<trkpt lon="-4.487162" lat="43.363817"><ele>6.0</ele></trkpt>
<trkpt lon="-4.487229" lat="43.363798"><ele>6.0</ele></trkpt>
<trkpt lon="-4.487260" lat="43.363813"><ele>6.0</ele></trkpt>
<trkpt lon="-4.487338" lat="43.363850"><ele>5.75</ele></trkpt>
<trkpt lon="-4.487899" lat="43.363767"><ele>4.25</ele></trkpt>
<trkpt lon="-4.488314" lat="43.363761"><ele>4.25</ele></trkpt>
<trkpt lon="-4.488432" lat="43.363743"><ele>4.5</ele></trkpt>
<trkpt lon="-4.488551" lat="43.363711"><ele>4.75</ele></trkpt>
<trkpt lon="-4.489411" lat="43.363422"><ele>5.75</ele></trkpt>
<trkpt lon="-4.489895" lat="43.363307"><ele>6.75</ele></trkpt>
<trkpt lon="-4.489983" lat="43.363291"><ele>6.75</ele></trkpt>
<trkpt lon="-4.490068" lat="43.363283"><ele>7.0</ele></trkpt>
<trkpt lon="-4.490237" lat="43.363284"><ele>7.0</ele></trkpt>
<trkpt lon="-4.490651" lat="43.363206"><ele>7.5</ele></trkpt>
<trkpt lon="-4.490744" lat="43.363163"><ele>8.0</ele></trkpt>
<trkpt lon="-4.491006" lat="43.362964"><ele>8.5</ele></trkpt>
<trkpt lon="-4.491156" lat="43.362808"><ele>8.25</ele></trkpt>
<trkpt lon="-4.491209" lat="43.362772"><ele>8.25</ele></trkpt>
<trkpt lon="-4.491681" lat="43.362646"><ele>8.75</ele></trkpt>
<trkpt lon="-4.491591" lat="43.362480"><ele>9.0</ele></trkpt>
<trkpt lon="-4.490988" lat="43.361369"><ele>7.75</ele></trkpt>
<trkpt lon="-4.490644" lat="43.360715"><ele>7.75</ele></trkpt>
<trkpt lon="-4.490557" lat="43.360572"><ele>9.75</ele></trkpt>
<trkpt lon="-4.490459" lat="43.360478"><ele>8.25</ele></trkpt>
<trkpt lon="-4.490349" lat="43.360408"><ele>7.25</ele></trkpt>
<trkpt lon="-4.490295" lat="43.360386"><ele>7.25</ele></trkpt>
<trkpt lon="-4.490216" lat="43.360365"><ele>7.5</ele></trkpt>
<trkpt lon="-4.490085" lat="43.360351"><ele>8.25</ele></trkpt>
<trkpt lon="-4.490067" lat="43.360318"><ele>8.25</ele></trkpt>
<trkpt lon="-4.490039" lat="43.360247"><ele>8.5</ele></trkpt>
<trkpt lon="-4.489965" lat="43.360087"><ele>8.0</ele></trkpt>
<trkpt lon="-4.489787" lat="43.359771"><ele>9.0</ele></trkpt>
<trkpt lon="-4.489759" lat="43.359703"><ele>9.25</ele></trkpt>
<trkpt lon="-4.489709" lat="43.359613"><ele>9.25</ele></trkpt>
<trkpt lon="-4.489647" lat="43.359535"><ele>9.75</ele></trkpt>
<trkpt lon="-4.489623" lat="43.359480"><ele>9.75</ele></trkpt>
<trkpt lon="-4.489626" lat="43.359454"><ele>9.75</ele></trkpt>
<trkpt lon="-4.489651" lat="43.359428"><ele>9.0</ele></trkpt>
<trkpt lon="-4.489652" lat="43.359412"><ele>9.0</ele></trkpt>
<trkpt lon="-4.489575" lat="43.359279"><ele>9.25</ele></trkpt>
<trkpt lon="-4.489568" lat="43.359251"><ele>9.25</ele></trkpt>
<trkpt lon="-4.489509" lat="43.359170"><ele>9.75</ele></trkpt>
<trkpt lon="-4.489456" lat="43.359116"><ele>10.0</ele></trkpt>
<trkpt lon="-4.489428" lat="43.359054"><ele>9.75</ele></trkpt>
<trkpt lon="-4.489371" lat="43.358995"><ele>10.75</ele></trkpt>
<trkpt lon="-4.489339" lat="43.358929"><ele>11.25</ele></trkpt>
<trkpt lon="-4.489301" lat="43.358875"><ele>11.75</ele></trkpt>
<trkpt lon="-4.489231" lat="43.358718"><ele>10.75</ele></trkpt>
<trkpt lon="-4.489053" lat="43.358497"><ele>12.0</ele></trkpt>
<trkpt lon="-4.488986" lat="43.358386"><ele>12.25</ele></trkpt>
<trkpt lon="-4.488782" lat="43.358287"><ele>17.0</ele></trkpt>
<trkpt lon="-4.488760" lat="43.358255"><ele>17.5</ele></trkpt>
<trkpt lon="-4.488753" lat="43.358212"><ele>17.5</ele></trkpt>
<trkpt lon="-4.488725" lat="43.358143"><ele>18.0</ele></trkpt>
<trkpt lon="-4.488686" lat="43.358094"><ele>19.0</ele></trkpt>
<trkpt lon="-4.488648" lat="43.358060"><ele>20.5</ele></trkpt>
<trkpt lon="-4.488615" lat="43.357972"><ele>18.5</ele></trkpt>
<trkpt lon="-4.488623" lat="43.357920"><ele>16.25</ele></trkpt>
<trkpt lon="-4.488662" lat="43.357794"><ele>10.75</ele></trkpt>
<trkpt lon="-4.488684" lat="43.357751"><ele>9.75</ele></trkpt>
<trkpt lon="-4.488707" lat="43.357728"><ele>9.25</ele></trkpt>
<trkpt lon="-4.488797" lat="43.357680"><ele>8.0</ele></trkpt>
<trkpt lon="-4.488869" lat="43.357651"><ele>7.0</ele></trkpt>
<trkpt lon="-4.489017" lat="43.357653"><ele>7.0</ele></trkpt>
<trkpt lon="-4.489050" lat="43.357646"><ele>7.0</ele></trkpt>
<trkpt lon="-4.489123" lat="43.357621"><ele>7.0</ele></trkpt>
<trkpt lon="-4.489323" lat="43.357516"><ele>7.25</ele></trkpt>
<trkpt lon="-4.489448" lat="43.357462"><ele>7.25</ele></trkpt>
<trkpt lon="-4.489593" lat="43.357438"><ele>7.25</ele></trkpt>
<trkpt lon="-4.489822" lat="43.357343"><ele>8.25</ele></trkpt>
<trkpt lon="-4.490032" lat="43.357280"><ele>9.0</ele></trkpt>
<trkpt lon="-4.490250" lat="43.357255"><ele>8.0</ele></trkpt>
<trkpt lon="-4.490378" lat="43.357224"><ele>8.5</ele></trkpt>
<trkpt lon="-4.490561" lat="43.357228"><ele>9.75</ele></trkpt>
<trkpt lon="-4.490730" lat="43.357255"><ele>9.5</ele></trkpt>
<trkpt lon="-4.491023" lat="43.357283"><ele>9.5</ele></trkpt>
<trkpt lon="-4.491128" lat="43.357285"><ele>9.75</ele></trkpt>
<trkpt lon="-4.491296" lat="43.357265"><ele>9.5</ele></trkpt>
<trkpt lon="-4.491388" lat="43.357246"><ele>9.75</ele></trkpt>
<trkpt lon="-4.491466" lat="43.357240"><ele>9.75</ele></trkpt>
<trkpt lon="-4.492038" lat="43.357262"><ele>10.0</ele></trkpt>
<trkpt lon="-4.492192" lat="43.357257"><ele>9.0</ele></trkpt>
<trkpt lon="-4.492384" lat="43.357263"><ele>9.25</ele></trkpt>
<trkpt lon="-4.492489" lat="43.357251"><ele>9.75</ele></trkpt>
<trkpt lon="-4.492716" lat="43.357252"><ele>9.0</ele></trkpt>
<trkpt lon="-4.493009" lat="43.357230"><ele>8.75</ele></trkpt>
<trkpt lon="-4.493159" lat="43.357240"><ele>8.75</ele></trkpt>
<trkpt lon="-4.493265" lat="43.357262"><ele>8.5</ele></trkpt>
<trkpt lon="-4.493353" lat="43.357308"><ele>8.25</ele></trkpt>
<trkpt lon="-4.493434" lat="43.357332"><ele>8.25</ele></trkpt>
<trkpt lon="-4.493580" lat="43.357350"><ele>8.5</ele></trkpt>
<trkpt lon="-4.493736" lat="43.357335"><ele>8.75</ele></trkpt>
<trkpt lon="-4.494027" lat="43.357435"><ele>8.0</ele></trkpt>
<trkpt lon="-4.494354" lat="43.357503"><ele>8.5</ele></trkpt>
<trkpt lon="-4.494423" lat="43.357522"><ele>8.75</ele></trkpt>
<trkpt lon="-4.494798" lat="43.357560"><ele>8.75</ele></trkpt>
<trkpt lon="-4.494964" lat="43.357566"><ele>9.75</ele></trkpt>
<trkpt lon="-4.495137" lat="43.357588"><ele>10.5</ele></trkpt>
<trkpt lon="-4.495817" lat="43.357709"><ele>9.5</ele></trkpt>
<trkpt lon="-4.496083" lat="43.357735"><ele>9.25</ele></trkpt>
<trkpt lon="-4.496539" lat="43.357744"><ele>10.0</ele></trkpt>
<trkpt lon="-4.496701" lat="43.357740"><ele>10.25</ele></trkpt>
<trkpt lon="-4.496815" lat="43.357732"><ele>10.25</ele></trkpt>
<trkpt lon="-4.496923" lat="43.357713"><ele>10.25</ele></trkpt>
<trkpt lon="-4.497429" lat="43.357658"><ele>11.0</ele></trkpt>
<trkpt lon="-4.497828" lat="43.357657"><ele>10.75</ele></trkpt>
<trkpt lon="-4.498090" lat="43.357633"><ele>11.25</ele></trkpt>
<trkpt lon="-4.498583" lat="43.357445"><ele>12.0</ele></trkpt>
<trkpt lon="-4.498660" lat="43.357404"><ele>12.0</ele></trkpt>
<trkpt lon="-4.498896" lat="43.357306"><ele>12.25</ele></trkpt>
<trkpt lon="-4.499108" lat="43.357233"><ele>12.75</ele></trkpt>
<trkpt lon="-4.499233" lat="43.357194"><ele>12.5</ele></trkpt>
<trkpt lon="-4.499319" lat="43.357107"><ele>12.0</ele></trkpt>
<trkpt lon="-4.499367" lat="43.357010"><ele>12.0</ele></trkpt>
<trkpt lon="-4.499363" lat="43.356859"><ele>11.75</ele></trkpt>
<trkpt lon="-4.499308" lat="43.356754"><ele>11.25</ele></trkpt>
<trkpt lon="-4.499229" lat="43.356689"><ele>11.5</ele></trkpt>
<trkpt lon="-4.499064" lat="43.356594"><ele>12.0</ele></trkpt>
<trkpt lon="-4.498689" lat="43.356353"><ele>11.75</ele></trkpt>
<trkpt lon="-4.498506" lat="43.356215"><ele>11.75</ele></trkpt>
<trkpt lon="-4.498443" lat="43.356148"><ele>11.25</ele></trkpt>
<trkpt lon="-4.498419" lat="43.356093"><ele>11.0</ele></trkpt>
<trkpt lon="-4.498386" lat="43.356052"><ele>11.0</ele></trkpt>
<trkpt lon="-4.498272" lat="43.356010"><ele>11.25</ele></trkpt>
<trkpt lon="-4.498212" lat="43.355981"><ele>11.5</ele></trkpt>
<trkpt lon="-4.498176" lat="43.355943"><ele>11.75</ele></trkpt>
<trkpt lon="-4.498136" lat="43.355917"><ele>12.0</ele></trkpt>
<trkpt lon="-4.497974" lat="43.355771"><ele>12.25</ele></trkpt>
<trkpt lon="-4.497917" lat="43.355701"><ele>11.75</ele></trkpt>
<trkpt lon="-4.497856" lat="43.355652"><ele>11.5</ele></trkpt>
<trkpt lon="-4.497810" lat="43.355623"><ele>11.25</ele></trkpt>
<trkpt lon="-4.497662" lat="43.355551"><ele>11.75</ele></trkpt>
<trkpt lon="-4.497569" lat="43.355515"><ele>12.0</ele></trkpt>
<trkpt lon="-4.497368" lat="43.355375"><ele>11.75</ele></trkpt>
<trkpt lon="-4.497217" lat="43.355218"><ele>12.25</ele></trkpt>
<trkpt lon="-4.497082" lat="43.355106"><ele>11.75</ele></trkpt>
<trkpt lon="-4.496977" lat="43.355032"><ele>11.75</ele></trkpt>
<trkpt lon="-4.496764" lat="43.354862"><ele>12.0</ele></trkpt>
<trkpt lon="-4.496730" lat="43.354819"><ele>12.0</ele></trkpt>
<trkpt lon="-4.496702" lat="43.354717"><ele>11.75</ele></trkpt>
<trkpt lon="-4.496684" lat="43.354599"><ele>11.75</ele></trkpt>
<trkpt lon="-4.496636" lat="43.354424"><ele>12.0</ele></trkpt>
<trkpt lon="-4.496577" lat="43.354312"><ele>12.5</ele></trkpt>
<trkpt lon="-4.496526" lat="43.354257"><ele>13.0</ele></trkpt>
<trkpt lon="-4.496462" lat="43.354114"><ele>13.25</ele></trkpt>
<trkpt lon="-4.496258" lat="43.353888"><ele>13.25</ele></trkpt>
<trkpt lon="-4.496229" lat="43.353865"><ele>13.25</ele></trkpt>
<trkpt lon="-4.496154" lat="43.353767"><ele>13.25</ele></trkpt>
<trkpt lon="-4.496110" lat="43.353724"><ele>13.25</ele></trkpt>
<trkpt lon="-4.495999" lat="43.353592"><ele>13.25</ele></trkpt>
<trkpt lon="-4.495923" lat="43.353538"><ele>13.0</ele></trkpt>
<trkpt lon="-4.495714" lat="43.353332"><ele>12.25</ele></trkpt>
<trkpt lon="-4.495649" lat="43.353256"><ele>12.5</ele></trkpt>
<trkpt lon="-4.495592" lat="43.353141"><ele>12.75</ele></trkpt>
<trkpt lon="-4.495561" lat="43.353114"><ele>12.75</ele></trkpt>
<trkpt lon="-4.495517" lat="43.353095"><ele>13.0</ele></trkpt>
<trkpt lon="-4.495442" lat="43.353072"><ele>13.0</ele></trkpt>
<trkpt lon="-4.495410" lat="43.353069"><ele>13.0</ele></trkpt>
<trkpt lon="-4.495375" lat="43.353053"><ele>12.75</ele></trkpt>
<trkpt lon="-4.495325" lat="43.352979"><ele>12.5</ele></trkpt>
<trkpt lon="-4.495269" lat="43.352875"><ele>12.25</ele></trkpt>
<trkpt lon="-4.495157" lat="43.352803"><ele>13.25</ele></trkpt>
<trkpt lon="-4.495104" lat="43.352788"><ele>13.75</ele></trkpt>
<trkpt lon="-4.495056" lat="43.352766"><ele>14.25</ele></trkpt>
<trkpt lon="-4.495015" lat="43.352738"><ele>14.5</ele></trkpt>
<trkpt lon="-4.494996" lat="43.352715"><ele>14.5</ele></trkpt>
<trkpt lon="-4.494957" lat="43.352571"><ele>13.75</ele></trkpt>
<trkpt lon="-4.494957" lat="43.352530"><ele>13.5</ele></trkpt>
<trkpt lon="-4.494902" lat="43.352391"><ele>14.0</ele></trkpt>
<trkpt lon="-4.494876" lat="43.352297"><ele>14.25</ele></trkpt>
<trkpt lon="-4.494842" lat="43.352251"><ele>14.5</ele></trkpt>
<trkpt lon="-4.494792" lat="43.352206"><ele>15.0</ele></trkpt>
<trkpt lon="-4.494693" lat="43.352049"><ele>15.5</ele></trkpt>
<trkpt lon="-4.494671" lat="43.351988"><ele>15.5</ele></trkpt>
<trkpt lon="-4.494629" lat="43.351907"><ele>16.0</ele></trkpt>
<trkpt lon="-4.494560" lat="43.351645"><ele>17.5</ele></trkpt>
<trkpt lon="-4.494521" lat="43.351536"><ele>17.75</ele></trkpt>
<trkpt lon="-4.494466" lat="43.351443"><ele>17.75</ele></trkpt>
<trkpt lon="-4.494428" lat="43.351361"><ele>18.0</ele></trkpt>
<trkpt lon="-4.494410" lat="43.351252"><ele>17.75</ele></trkpt>
<trkpt lon="-4.494424" lat="43.351184"><ele>17.25</ele></trkpt>
<trkpt lon="-4.494390" lat="43.351040"><ele>16.5</ele></trkpt>
<trkpt lon="-4.494363" lat="43.350999"><ele>16.5</ele></trkpt>
<trkpt lon="-4.494300" lat="43.350941"><ele>16.5</ele></trkpt>
<trkpt lon="-4.494245" lat="43.350872"><ele>16.75</ele></trkpt>
<trkpt lon="-4.494192" lat="43.350790"><ele>17.25</ele></trkpt>
<trkpt lon="-4.494166" lat="43.350698"><ele>17.0</ele></trkpt>
<trkpt lon="-4.494130" lat="43.350621"><ele>17.25</ele></trkpt>
<trkpt lon="-4.494070" lat="43.350496"><ele>18.0</ele></trkpt>
<trkpt lon="-4.494039" lat="43.350463"><ele>18.5</ele></trkpt>
<trkpt lon="-4.493951" lat="43.350167"><ele>17.5</ele></trkpt>
<trkpt lon="-4.493914" lat="43.350097"><ele>16.75</ele></trkpt>
<trkpt lon="-4.493896" lat="43.350025"><ele>15.5</ele></trkpt>
<trkpt lon="-4.493868" lat="43.349982"><ele>15.5</ele></trkpt>
<trkpt lon="-4.493823" lat="43.349932"><ele>16.75</ele></trkpt>
<trkpt lon="-4.493812" lat="43.349839"><ele>16.5</ele></trkpt>
<trkpt lon="-4.493773" lat="43.349734"><ele>16.75</ele></trkpt>
<trkpt lon="-4.493769" lat="43.349663"><ele>16.75</ele></trkpt>
<trkpt lon="-4.493781" lat="43.349601"><ele>16.25</ele></trkpt>
<trkpt lon="-4.493808" lat="43.349541"><ele>15.75</ele></trkpt>
<trkpt lon="-4.493826" lat="43.349478"><ele>15.5</ele></trkpt>
<trkpt lon="-4.493931" lat="43.349232"><ele>15.25</ele></trkpt>
<trkpt lon="-4.493955" lat="43.349131"><ele>15.25</ele></trkpt>
<trkpt lon="-4.493989" lat="43.349040"><ele>14.75</ele></trkpt>
<trkpt lon="-4.493946" lat="43.348598"><ele>15.25</ele></trkpt>
<trkpt lon="-4.493911" lat="43.348481"><ele>14.75</ele></trkpt>
<trkpt lon="-4.493851" lat="43.348353"><ele>14.25</ele></trkpt>
<trkpt lon="-4.493811" lat="43.348293"><ele>14.25</ele></trkpt>
<trkpt lon="-4.493761" lat="43.348251"><ele>14.5</ele></trkpt>
<trkpt lon="-4.493389" lat="43.347998"><ele>15.25</ele></trkpt>
<trkpt lon="-4.493265" lat="43.347904"><ele>15.5</ele></trkpt>
<trkpt lon="-4.493097" lat="43.347764"><ele>16.25</ele></trkpt>
<trkpt lon="-4.492985" lat="43.347699"><ele>16.25</ele></trkpt>
<trkpt lon="-4.492811" lat="43.347584"><ele>16.25</ele></trkpt>
<trkpt lon="-4.492694" lat="43.347490"><ele>16.5</ele></trkpt>
<trkpt lon="-4.492614" lat="43.347406"><ele>16.5</ele></trkpt>
<trkpt lon="-4.492419" lat="43.347243"><ele>16.5</ele></trkpt>
<trkpt lon="-4.492210" lat="43.347097"><ele>16.5</ele></trkpt>
<trkpt lon="-4.491858" lat="43.346804"><ele>17.75</ele></trkpt>
<trkpt lon="-4.491363" lat="43.346376"><ele>18.0</ele></trkpt>
<trkpt lon="-4.490936" lat="43.345976"><ele>17.5</ele></trkpt>
<trkpt lon="-4.490815" lat="43.345843"><ele>18.0</ele></trkpt>
<trkpt lon="-4.490692" lat="43.345690"><ele>17.0</ele></trkpt>
<trkpt lon="-4.490545" lat="43.345524"><ele>17.5</ele></trkpt>
<trkpt lon="-4.490295" lat="43.345260"><ele>18.5</ele></trkpt>
<trkpt lon="-4.490228" lat="43.345140"><ele>17.25</ele></trkpt>
<trkpt lon="-4.490110" lat="43.345022"><ele>17.5</ele></trkpt>
<trkpt lon="-4.489945" lat="43.344814"><ele>18.75</ele></trkpt>
<trkpt lon="-4.489895" lat="43.344763"><ele>19.75</ele></trkpt>
<trkpt lon="-4.489852" lat="43.344702"><ele>21.25</ele></trkpt>
<trkpt lon="-4.489831" lat="43.344591"><ele>21.75</ele></trkpt>
<trkpt lon="-4.489833" lat="43.344542"><ele>21.75</ele></trkpt>
<trkpt lon="-4.489823" lat="43.344483"><ele>22.25</ele></trkpt>
<trkpt lon="-4.489809" lat="43.344409"><ele>22.25</ele></trkpt>
<trkpt lon="-4.489784" lat="43.344332"><ele>21.75</ele></trkpt>
<trkpt lon="-4.489684" lat="43.344184"><ele>22.5</ele></trkpt>
<trkpt lon="-4.489685" lat="43.344127"><ele>21.5</ele></trkpt>
<trkpt lon="-4.489606" lat="43.343915"><ele>23.0</ele></trkpt>
<trkpt lon="-4.489529" lat="43.343821"><ele>25.75</ele></trkpt>
<trkpt lon="-4.489489" lat="43.343731"><ele>26.75</ele></trkpt>
<trkpt lon="-4.489463" lat="43.343662"><ele>26.75</ele></trkpt>
<trkpt lon="-4.489462" lat="43.343581"><ele>26.5</ele></trkpt>
<trkpt lon="-4.489704" lat="43.343113"><ele>22.0</ele></trkpt>
<trkpt lon="-4.489763" lat="43.342982"><ele>28.25</ele></trkpt>
<trkpt lon="-4.489817" lat="43.342905"><ele>32.0</ele></trkpt>
<trkpt lon="-4.490124" lat="43.342575"><ele>24.5</ele></trkpt>
<trkpt lon="-4.490227" lat="43.342426"><ele>20.25</ele></trkpt>
<trkpt lon="-4.490309" lat="43.342254"><ele>19.0</ele></trkpt>
<trkpt lon="-4.490364" lat="43.342007"><ele>19.75</ele></trkpt>
<trkpt lon="-4.490466" lat="43.341830"><ele>20.25</ele></trkpt>
<trkpt lon="-4.490506" lat="43.341722"><ele>21.25</ele></trkpt>
<trkpt lon="-4.490581" lat="43.341616"><ele>23.0</ele></trkpt>
<trkpt lon="-4.490581" lat="43.341508"><ele>26.25</ele></trkpt>
<trkpt lon="-4.490563" lat="43.341371"><ele>30.5</ele></trkpt>
<trkpt lon="-4.490563" lat="43.341277"><ele>30.0</ele></trkpt>
<trkpt lon="-4.490573" lat="43.341217"><ele>29.5</ele></trkpt>
<trkpt lon="-4.490493" lat="43.340969"><ele>27.25</ele></trkpt>
<trkpt lon="-4.490438" lat="43.340847"><ele>26.0</ele></trkpt>
<trkpt lon="-4.490303" lat="43.340616"><ele>24.75</ele></trkpt>
<trkpt lon="-4.490195" lat="43.340539"><ele>26.25</ele></trkpt>
<trkpt lon="-4.490149" lat="43.340476"><ele>25.75</ele></trkpt>
<trkpt lon="-4.490052" lat="43.340393"><ele>25.0</ele></trkpt>
<trkpt lon="-4.490005" lat="43.340338"><ele>23.5</ele></trkpt>
<trkpt lon="-4.489889" lat="43.340197"><ele>24.25</ele></trkpt>
<trkpt lon="-4.489816" lat="43.340038"><ele>22.25</ele></trkpt>
<trkpt lon="-4.489784" lat="43.339950"><ele>21.0</ele></trkpt>
<trkpt lon="-4.489723" lat="43.339861"><ele>20.0</ele></trkpt>
<trkpt lon="-4.489699" lat="43.339802"><ele>20.0</ele></trkpt>
<trkpt lon="-4.489643" lat="43.339781"><ele>21.75</ele></trkpt>
<trkpt lon="-4.489593" lat="43.339754"><ele>22.5</ele></trkpt>
<trkpt lon="-4.489541" lat="43.339675"><ele>21.75</ele></trkpt>
<trkpt lon="-4.489503" lat="43.339598"><ele>21.25</ele></trkpt>
<trkpt lon="-4.489479" lat="43.339582"><ele>21.25</ele></trkpt>
<trkpt lon="-4.489443" lat="43.339571"><ele>21.0</ele></trkpt>
<trkpt lon="-4.489371" lat="43.339551"><ele>20.5</ele></trkpt>
<trkpt lon="-4.489354" lat="43.339535"><ele>20.25</ele></trkpt>
<trkpt lon="-4.489355" lat="43.339514"><ele>20.25</ele></trkpt>
<trkpt lon="-4.489374" lat="43.339478"><ele>19.75</ele></trkpt>
<trkpt lon="-4.489423" lat="43.339433"><ele>19.5</ele></trkpt>
<trkpt lon="-4.489465" lat="43.339344"><ele>19.5</ele></trkpt>
<trkpt lon="-4.489460" lat="43.339232"><ele>20.25</ele></trkpt>
<trkpt lon="-4.489492" lat="43.339164"><ele>20.25</ele></trkpt>
<trkpt lon="-4.489545" lat="43.339112"><ele>22.5</ele></trkpt>
<trkpt lon="-4.489642" lat="43.339055"><ele>23.5</ele></trkpt>
<trkpt lon="-4.489741" lat="43.339018"><ele>22.75</ele></trkpt>
<trkpt lon="-4.489897" lat="43.338994"><ele>22.5</ele></trkpt>
<trkpt lon="-4.490197" lat="43.338939"><ele>22.5</ele></trkpt>
<trkpt lon="-4.490344" lat="43.338899"><ele>22.25</ele></trkpt>
<trkpt lon="-4.490766" lat="43.338810"><ele>24.75</ele></trkpt>
<trkpt lon="-4.490885" lat="43.338828"><ele>23.75</ele></trkpt>
<trkpt lon="-4.491151" lat="43.338852"><ele>22.25</ele></trkpt>
<trkpt lon="-4.491324" lat="43.338878"><ele>22.75</ele></trkpt>
<trkpt lon="-4.491406" lat="43.338879"><ele>23.0</ele></trkpt>
<trkpt lon="-4.491579" lat="43.338877"><ele>23.0</ele></trkpt>
<trkpt lon="-4.491710" lat="43.338859"><ele>23.25</ele></trkpt>
<trkpt lon="-4.491933" lat="43.338846"><ele>22.75</ele></trkpt>
<trkpt lon="-4.492180" lat="43.338826"><ele>24.0</ele></trkpt>
<trkpt lon="-4.492286" lat="43.338842"><ele>23.5</ele></trkpt>
<trkpt lon="-4.492429" lat="43.338855"><ele>22.75</ele></trkpt>
<trkpt lon="-4.492511" lat="43.338848"><ele>22.75</ele></trkpt>
<trkpt lon="-4.492619" lat="43.338820"><ele>22.5</ele></trkpt>
<trkpt lon="-4.492672" lat="43.338797"><ele>22.5</ele></trkpt>
<trkpt lon="-4.492745" lat="43.338794"><ele>22.25</ele></trkpt>
<trkpt lon="-4.492963" lat="43.338834"><ele>21.75</ele></trkpt>
<trkpt lon="-4.493123" lat="43.338873"><ele>21.25</ele></trkpt>
<trkpt lon="-4.493225" lat="43.338885"><ele>21.0</ele></trkpt>
<trkpt lon="-4.493370" lat="43.338868"><ele>21.25</ele></trkpt>
<trkpt lon="-4.493450" lat="43.338845"><ele>21.75</ele></trkpt>
<trkpt lon="-4.493606" lat="43.338794"><ele>22.5</ele></trkpt>
<trkpt lon="-4.493680" lat="43.338754"><ele>23.25</ele></trkpt>
<trkpt lon="-4.493845" lat="43.338665"><ele>24.0</ele></trkpt>
<trkpt lon="-4.493954" lat="43.338564"><ele>23.75</ele></trkpt>
<trkpt lon="-4.494071" lat="43.338395"><ele>22.5</ele></trkpt>
<trkpt lon="-4.494109" lat="43.338360"><ele>22.0</ele></trkpt>
<trkpt lon="-4.494136" lat="43.338334"><ele>21.5</ele></trkpt>
<trkpt lon="-4.494194" lat="43.338279"><ele>21.25</ele></trkpt>
<trkpt lon="-4.494267" lat="43.338189"><ele>21.5</ele></trkpt>
<trkpt lon="-4.494429" lat="43.338065"><ele>21.75</ele></trkpt>
<trkpt lon="-4.494751" lat="43.337860"><ele>21.25</ele></trkpt>
<trkpt lon="-4.495033" lat="43.337654"><ele>21.75</ele></trkpt>
<trkpt lon="-4.495311" lat="43.337428"><ele>23.25</ele></trkpt>
<trkpt lon="-4.495416" lat="43.337371"><ele>24.0</ele></trkpt>
<trkpt lon="-4.495618" lat="43.337308"><ele>24.0</ele></trkpt>
<trkpt lon="-4.495731" lat="43.337231"><ele>24.5</ele></trkpt>
<trkpt lon="-4.495775" lat="43.337161"><ele>25.75</ele></trkpt>
<trkpt lon="-4.495829" lat="43.337099"><ele>27.0</ele></trkpt>
<trkpt lon="-4.495926" lat="43.337063"><ele>27.25</ele></trkpt>
<trkpt lon="-4.496436" lat="43.336917"><ele>27.75</ele></trkpt>
<trkpt lon="-4.496697" lat="43.336829"><ele>27.0</ele></trkpt>
<trkpt lon="-4.497010" lat="43.336679"><ele>27.75</ele></trkpt>
<trkpt lon="-4.497112" lat="43.336639"><ele>26.75</ele></trkpt>
<trkpt lon="-4.497102" lat="43.336600"><ele>27.5</ele></trkpt>
<trkpt lon="-4.497505" lat="43.336540"><ele>26.5</ele></trkpt>
<trkpt lon="-4.497649" lat="43.336481"><ele>28.5</ele></trkpt>
<trkpt lon="-4.497813" lat="43.336494"><ele>28.25</ele></trkpt>
<trkpt lon="-4.498149" lat="43.336537"><ele>28.5</ele></trkpt>
<trkpt lon="-4.498748" lat="43.336665"><ele>29.5</ele></trkpt>
<trkpt lon="-4.499337" lat="43.336769"><ele>30.75</ele></trkpt>
<trkpt lon="-4.499456" lat="43.336772"><ele>31.25</ele></trkpt>
<trkpt lon="-4.499566" lat="43.336746"><ele>32.75</ele></trkpt>
<trkpt lon="-4.499709" lat="43.336684"><ele>35.25</ele></trkpt>
<trkpt lon="-4.499826" lat="43.336600"><ele>36.75</ele></trkpt>
<trkpt lon="-4.500008" lat="43.336328"><ele>39.25</ele></trkpt>
<trkpt lon="-4.500035" lat="43.336307"><ele>39.75</ele></trkpt>
<trkpt lon="-4.500077" lat="43.336287"><ele>40.25</ele></trkpt>
<trkpt lon="-4.500252" lat="43.336254"><ele>41.75</ele></trkpt>
<trkpt lon="-4.500700" lat="43.336226"><ele>43.25</ele></trkpt>
<trkpt lon="-4.500939" lat="43.336245"><ele>43.75</ele></trkpt>
<trkpt lon="-4.501223" lat="43.336299"><ele>43.75</ele></trkpt>
<trkpt lon="-4.501414" lat="43.336304"><ele>44.0</ele></trkpt>
<trkpt lon="-4.501876" lat="43.336289"><ele>45.5</ele></trkpt>
<trkpt lon="-4.502087" lat="43.336297"><ele>46.25</ele></trkpt>
<trkpt lon="-4.502302" lat="43.336344"><ele>46.25</ele></trkpt>
<trkpt lon="-4.502457" lat="43.336357"><ele>46.5</ele></trkpt>
<trkpt lon="-4.502624" lat="43.336349"><ele>47.0</ele></trkpt>
<trkpt lon="-4.503355" lat="43.336257"><ele>50.0</ele></trkpt>
<trkpt lon="-4.503731" lat="43.336184"><ele>53.25</ele></trkpt>
<trkpt lon="-4.504003" lat="43.336170"><ele>55.0</ele></trkpt>
<trkpt lon="-4.504662" lat="43.336195"><ele>53.75</ele></trkpt>
<trkpt lon="-4.505072" lat="43.336179"><ele>55.75</ele></trkpt>
<trkpt lon="-4.505796" lat="43.336126"><ele>50.75</ele></trkpt>
<trkpt lon="-4.506322" lat="43.336064"><ele>51.25</ele></trkpt>
<trkpt lon="-4.506547" lat="43.336066"><ele>48.75</ele></trkpt>
<trkpt lon="-4.506799" lat="43.336090"><ele>44.75</ele></trkpt>
<trkpt lon="-4.506929" lat="43.336086"><ele>43.25</ele></trkpt>
<trkpt lon="-4.507014" lat="43.336067"><ele>42.5</ele></trkpt>
<trkpt lon="-4.507080" lat="43.336024"><ele>42.25</ele></trkpt>
<trkpt lon="-4.507120" lat="43.335964"><ele>42.5</ele></trkpt>
<trkpt lon="-4.507168" lat="43.335778"><ele>43.5</ele></trkpt>
<trkpt lon="-4.507197" lat="43.335923"><ele>42.25</ele></trkpt>
<trkpt lon="-4.507235" lat="43.335981"><ele>41.25</ele></trkpt>
<trkpt lon="-4.507301" lat="43.336011"><ele>40.25</ele></trkpt>
<trkpt lon="-4.507359" lat="43.336024"><ele>39.75</ele></trkpt>
<trkpt lon="-4.507543" lat="43.336026"><ele>38.0</ele></trkpt>
<trkpt lon="-4.507587" lat="43.336037"><ele>37.5</ele></trkpt>
<trkpt lon="-4.507644" lat="43.336103"><ele>36.0</ele></trkpt>
<trkpt lon="-4.507638" lat="43.336152"><ele>35.25</ele></trkpt>
<trkpt lon="-4.507508" lat="43.336292"><ele>33.0</ele></trkpt>
<trkpt lon="-4.507473" lat="43.336343"><ele>31.75</ele></trkpt>
<trkpt lon="-4.507462" lat="43.336388"><ele>30.75</ele></trkpt>
<trkpt lon="-4.507473" lat="43.336491"><ele>29.75</ele></trkpt>
<trkpt lon="-4.507566" lat="43.336490"><ele>29.75</ele></trkpt>
<trkpt lon="-4.507675" lat="43.336459"><ele>30.0</ele></trkpt>
<trkpt lon="-4.507914" lat="43.336410"><ele>29.75</ele></trkpt>
<trkpt lon="-4.508087" lat="43.336383"><ele>29.0</ele></trkpt>
<trkpt lon="-4.508313" lat="43.336258"><ele>30.75</ele></trkpt>
<trkpt lon="-4.508717" lat="43.336098"><ele>30.25</ele></trkpt>
<trkpt lon="-4.508924" lat="43.336025"><ele>30.25</ele></trkpt>
<trkpt lon="-4.509034" lat="43.335974"><ele>30.25</ele></trkpt>
<trkpt lon="-4.509100" lat="43.335908"><ele>30.25</ele></trkpt>
<trkpt lon="-4.509117" lat="43.335866"><ele>30.5</ele></trkpt>
<trkpt lon="-4.509131" lat="43.335730"><ele>30.25</ele></trkpt>
<trkpt lon="-4.509146" lat="43.335667"><ele>30.25</ele></trkpt>
<trkpt lon="-4.509176" lat="43.335620"><ele>29.75</ele></trkpt>
<trkpt lon="-4.509265" lat="43.335567"><ele>29.75</ele></trkpt>
<trkpt lon="-4.509342" lat="43.335506"><ele>30.25</ele></trkpt>
<trkpt lon="-4.509544" lat="43.335380"><ele>30.75</ele></trkpt>
<trkpt lon="-4.509708" lat="43.335249"><ele>31.0</ele></trkpt>
<trkpt lon="-4.509768" lat="43.335183"><ele>30.75</ele></trkpt>
<trkpt lon="-4.509797" lat="43.335141"><ele>30.75</ele></trkpt>
<trkpt lon="-4.509844" lat="43.335012"><ele>31.0</ele></trkpt>
<trkpt lon="-4.509879" lat="43.334948"><ele>31.0</ele></trkpt>
<trkpt lon="-4.509902" lat="43.334870"><ele>31.25</ele></trkpt>
<trkpt lon="-4.509999" lat="43.334659"><ele>32.0</ele></trkpt>
<trkpt lon="-4.510025" lat="43.334533"><ele>32.25</ele></trkpt>
<trkpt lon="-4.510078" lat="43.334369"><ele>32.0</ele></trkpt>
<trkpt lon="-4.510062" lat="43.334102"><ele>32.5</ele></trkpt>
<trkpt lon="-4.509993" lat="43.333620"><ele>33.0</ele></trkpt>
<trkpt lon="-4.509941" lat="43.333396"><ele>33.0</ele></trkpt>
<trkpt lon="-4.509927" lat="43.333336"><ele>33.25</ele></trkpt>
<trkpt lon="-4.509900" lat="43.333303"><ele>33.75</ele></trkpt>
<trkpt lon="-4.509875" lat="43.333090"><ele>34.0</ele></trkpt>
<trkpt lon="-4.509841" lat="43.332995"><ele>34.75</ele></trkpt>
<trkpt lon="-4.509755" lat="43.332875"><ele>36.0</ele></trkpt>
<trkpt lon="-4.509574" lat="43.332735"><ele>38.5</ele></trkpt>
<trkpt lon="-4.509560" lat="43.332663"><ele>37.75</ele></trkpt>
<trkpt lon="-4.509535" lat="43.332618"><ele>38.0</ele></trkpt>
<trkpt lon="-4.509482" lat="43.332553"><ele>39.0</ele></trkpt>
<trkpt lon="-4.509439" lat="43.332479"><ele>39.25</ele></trkpt>
<trkpt lon="-4.509413" lat="43.332447"><ele>39.0</ele></trkpt>
<trkpt lon="-4.509354" lat="43.332397"><ele>39.5</ele></trkpt>
<trkpt lon="-4.509327" lat="43.332337"><ele>38.75</ele></trkpt>
<trkpt lon="-4.509301" lat="43.332321"><ele>39.25</ele></trkpt>
<trkpt lon="-4.509272" lat="43.332283"><ele>39.5</ele></trkpt>
<trkpt lon="-4.509238" lat="43.332144"><ele>37.5</ele></trkpt>
<trkpt lon="-4.509256" lat="43.332077"><ele>35.0</ele></trkpt>
<trkpt lon="-4.509254" lat="43.332048"><ele>34.25</ele></trkpt>
<trkpt lon="-4.509238" lat="43.332025"><ele>34.0</ele></trkpt>
<trkpt lon="-4.509118" lat="43.331976"><ele>35.5</ele></trkpt>
<trkpt lon="-4.509061" lat="43.331945"><ele>37.5</ele></trkpt>
<trkpt lon="-4.509049" lat="43.331905"><ele>37.25</ele></trkpt>
<trkpt lon="-4.509052" lat="43.331873"><ele>36.5</ele></trkpt>
<trkpt lon="-4.509040" lat="43.331854"><ele>36.5</ele></trkpt>
<trkpt lon="-4.509017" lat="43.331825"><ele>36.5</ele></trkpt>
<trkpt lon="-4.508980" lat="43.331805"><ele>37.0</ele></trkpt>
<trkpt lon="-4.508934" lat="43.331797"><ele>38.25</ele></trkpt>
<trkpt lon="-4.508890" lat="43.331760"><ele>37.5</ele></trkpt>
<trkpt lon="-4.508828" lat="43.331632"><ele>36.75</ele></trkpt>
<trkpt lon="-4.508790" lat="43.331580"><ele>37.75</ele></trkpt>
<trkpt lon="-4.508759" lat="43.331556"><ele>38.75</ele></trkpt>
<trkpt lon="-4.508740" lat="43.331519"><ele>38.25</ele></trkpt>
<trkpt lon="-4.508741" lat="43.331465"><ele>36.0</ele></trkpt>
<trkpt lon="-4.508707" lat="43.331402"><ele>34.0</ele></trkpt>
<trkpt lon="-4.508643" lat="43.331311"><ele>33.75</ele></trkpt>
<trkpt lon="-4.508540" lat="43.331109"><ele>33.25</ele></trkpt>
<trkpt lon="-4.508469" lat="43.330900"><ele>33.25</ele></trkpt>
<trkpt lon="-4.508340" lat="43.330665"><ele>32.25</ele></trkpt>
<trkpt lon="-4.508277" lat="43.330603"><ele>33.25</ele></trkpt>
<trkpt lon="-4.508218" lat="43.330502"><ele>33.75</ele></trkpt>
<trkpt lon="-4.508145" lat="43.330426"><ele>35.25</ele></trkpt>
<trkpt lon="-4.508091" lat="43.330308"><ele>35.5</ele></trkpt>
<trkpt lon="-4.508084" lat="43.330243"><ele>34.75</ele></trkpt>
<trkpt lon="-4.508022" lat="43.330142"><ele>34.25</ele></trkpt>
<trkpt lon="-4.507970" lat="43.330085"><ele>34.5</ele></trkpt>
<trkpt lon="-4.507941" lat="43.330014"><ele>34.0</ele></trkpt>
<trkpt lon="-4.507862" lat="43.329897"><ele>34.25</ele></trkpt>
<trkpt lon="-4.507788" lat="43.329805"><ele>33.5</ele></trkpt>
<trkpt lon="-4.507769" lat="43.329753"><ele>32.75</ele></trkpt>
<trkpt lon="-4.507736" lat="43.329694"><ele>32.75</ele></trkpt>
<trkpt lon="-4.507705" lat="43.329658"><ele>33.0</ele></trkpt>
<trkpt lon="-4.507664" lat="43.329636"><ele>33.75</ele></trkpt>
<trkpt lon="-4.507608" lat="43.329619"><ele>34.5</ele></trkpt>
<trkpt lon="-4.507550" lat="43.329639"><ele>35.75</ele></trkpt>
<trkpt lon="-4.507532" lat="43.329682"><ele>37.25</ele></trkpt>
<trkpt lon="-4.507498" lat="43.329727"><ele>39.0</ele></trkpt>
<trkpt lon="-4.507455" lat="43.329736"><ele>39.5</ele></trkpt>
<trkpt lon="-4.507383" lat="43.329736"><ele>40.0</ele></trkpt>
<trkpt lon="-4.507229" lat="43.329752"><ele>41.25</ele></trkpt>
<trkpt lon="-4.507129" lat="43.329795"><ele>41.75</ele></trkpt>
<trkpt lon="-4.507087" lat="43.329840"><ele>42.25</ele></trkpt>
<trkpt lon="-4.507036" lat="43.329936"><ele>42.75</ele></trkpt>
<trkpt lon="-4.507026" lat="43.329981"><ele>43.0</ele></trkpt>
<trkpt lon="-4.507029" lat="43.330020"><ele>43.5</ele></trkpt>
<trkpt lon="-4.507050" lat="43.330057"><ele>44.0</ele></trkpt>
<trkpt lon="-4.507137" lat="43.330140"><ele>44.75</ele></trkpt>
<trkpt lon="-4.507159" lat="43.330211"><ele>45.25</ele></trkpt>
<trkpt lon="-4.506909" lat="43.330132"><ele>46.0</ele></trkpt>
<trkpt lon="-4.506733" lat="43.330043"><ele>44.75</ele></trkpt>
<trkpt lon="-4.506515" lat="43.329955"><ele>43.25</ele></trkpt>
<trkpt lon="-4.506417" lat="43.329932"><ele>43.0</ele></trkpt>
<trkpt lon="-4.506294" lat="43.329915"><ele>42.75</ele></trkpt>
<trkpt lon="-4.505843" lat="43.329899"><ele>40.75</ele></trkpt>
<trkpt lon="-4.505681" lat="43.329980"><ele>40.75</ele></trkpt>
<trkpt lon="-4.505323" lat="43.330066"><ele>40.5</ele></trkpt>
<trkpt lon="-4.504985" lat="43.330068"><ele>40.0</ele></trkpt>
<trkpt lon="-4.504780" lat="43.330019"><ele>40.0</ele></trkpt>
<trkpt lon="-4.504518" lat="43.330158"><ele>38.75</ele></trkpt>
<trkpt lon="-4.504355" lat="43.330233"><ele>38.25</ele></trkpt>
<trkpt lon="-4.504211" lat="43.330377"><ele>37.5</ele></trkpt>
<trkpt lon="-4.504013" lat="43.330600"><ele>39.5</ele></trkpt>
<trkpt lon="-4.503780" lat="43.330756"><ele>39.0</ele></trkpt>
<trkpt lon="-4.503410" lat="43.330915"><ele>39.25</ele></trkpt>
<trkpt lon="-4.503229" lat="43.331049"><ele>40.25</ele></trkpt>
<trkpt lon="-4.503085" lat="43.331140"><ele>42.5</ele></trkpt>
<trkpt lon="-4.502867" lat="43.331266"><ele>48.0</ele></trkpt>
<trkpt lon="-4.502733" lat="43.331392"><ele>55.0</ele></trkpt>
<trkpt lon="-4.502568" lat="43.331478"><ele>62.25</ele></trkpt>
<trkpt lon="-4.502297" lat="43.331491"><ele>66.25</ele></trkpt>
<trkpt lon="-4.502070" lat="43.331509"><ele>71.0</ele></trkpt>
<trkpt lon="-4.501779" lat="43.331463"><ele>72.0</ele></trkpt>
<trkpt lon="-4.501499" lat="43.331448"><ele>75.0</ele></trkpt>
<trkpt lon="-4.501289" lat="43.331449"><ele>78.75</ele></trkpt>
<trkpt lon="-4.501026" lat="43.331485"><ele>88.0</ele></trkpt>
<trkpt lon="-4.500826" lat="43.331473"><ele>90.75</ele></trkpt>
<trkpt lon="-4.500696" lat="43.331472"><ele>95.0</ele></trkpt>
<trkpt lon="-4.500564" lat="43.331436"><ele>97.75</ele></trkpt>
<trkpt lon="-4.500434" lat="43.331421"><ele>99.25</ele></trkpt>
<trkpt lon="-4.500274" lat="43.331408"><ele>101.5</ele></trkpt>
<trkpt lon="-4.500196" lat="43.331423"><ele>102.75</ele></trkpt>
<trkpt lon="-4.499983" lat="43.331355"><ele>102.75</ele></trkpt>
<trkpt lon="-4.499723" lat="43.331257"><ele>103.0</ele></trkpt>
<trkpt lon="-4.499488" lat="43.331190"><ele>104.25</ele></trkpt>
<trkpt lon="-4.499382" lat="43.331177"><ele>105.5</ele></trkpt>
<trkpt lon="-4.499260" lat="43.331147"><ele>107.0</ele></trkpt>
<trkpt lon="-4.499219" lat="43.331144"><ele>107.5</ele></trkpt>
<trkpt lon="-4.499219" lat="43.331073"><ele>106.5</ele></trkpt>
<trkpt lon="-4.499177" lat="43.330999"><ele>105.75</ele></trkpt>
<trkpt lon="-4.499024" lat="43.330971"><ele>105.75</ele></trkpt>
<trkpt lon="-4.498899" lat="43.330925"><ele>106.5</ele></trkpt>
<trkpt lon="-4.498824" lat="43.330876"><ele>107.5</ele></trkpt>
<trkpt lon="-4.498438" lat="43.330846"><ele>110.75</ele></trkpt>
<trkpt lon="-4.498316" lat="43.330824"><ele>111.75</ele></trkpt>
<trkpt lon="-4.497989" lat="43.330741"><ele>113.5</ele></trkpt>
<trkpt lon="-4.497853" lat="43.330736"><ele>114.5</ele></trkpt>
<trkpt lon="-4.497645" lat="43.330756"><ele>116.5</ele></trkpt>
<trkpt lon="-4.497504" lat="43.330781"><ele>118.25</ele></trkpt>
<trkpt lon="-4.497380" lat="43.330770"><ele>119.25</ele></trkpt>
<trkpt lon="-4.497241" lat="43.330747"><ele>120.25</ele></trkpt>
<trkpt lon="-4.497106" lat="43.330684"><ele>119.5</ele></trkpt>
<trkpt lon="-4.496713" lat="43.330523"><ele>115.25</ele></trkpt>
<trkpt lon="-4.496361" lat="43.330440"><ele>113.0</ele></trkpt>
<trkpt lon="-4.496153" lat="43.330414"><ele>114.5</ele></trkpt>
<trkpt lon="-4.496015" lat="43.330362"><ele>113.75</ele></trkpt>
<trkpt lon="-4.495949" lat="43.330298"><ele>111.5</ele></trkpt>
<trkpt lon="-4.495713" lat="43.330174"><ele>107.25</ele></trkpt>
<trkpt lon="-4.495640" lat="43.330089"><ele>101.5</ele></trkpt>
<trkpt lon="-4.495572" lat="43.330056"><ele>100.0</ele></trkpt>
<trkpt lon="-4.495457" lat="43.330013"><ele>98.5</ele></trkpt>
<trkpt lon="-4.495384" lat="43.329955"><ele>95.5</ele></trkpt>
<trkpt lon="-4.495280" lat="43.329822"><ele>90.75</ele></trkpt>
<trkpt lon="-4.495031" lat="43.329640"><ele>83.75</ele></trkpt>
<trkpt lon="-4.494954" lat="43.329591"><ele>81.25</ele></trkpt>
<trkpt lon="-4.494874" lat="43.329552"><ele>79.0</ele></trkpt>
<trkpt lon="-4.494697" lat="43.329487"><ele>75.75</ele></trkpt>
<trkpt lon="-4.494502" lat="43.329448"><ele>76.0</ele></trkpt>
<trkpt lon="-4.494333" lat="43.329378"><ele>73.5</ele></trkpt>
<trkpt lon="-4.494092" lat="43.329331"><ele>73.5</ele></trkpt>
<trkpt lon="-4.493857" lat="43.329253"><ele>70.75</ele></trkpt>
<trkpt lon="-4.493504" lat="43.329072"><ele>64.0</ele></trkpt>
<trkpt lon="-4.493404" lat="43.329001"><ele>62.25</ele></trkpt>
<trkpt lon="-4.493390" lat="43.328916"><ele>58.25</ele></trkpt>
<trkpt lon="-4.493601" lat="43.328979"><ele>57.5</ele></trkpt>
<trkpt lon="-4.493670" lat="43.328985"><ele>57.5</ele></trkpt>
<trkpt lon="-4.493944" lat="43.328979"><ele>55.75</ele></trkpt>
<trkpt lon="-4.494175" lat="43.328988"><ele>53.5</ele></trkpt>
<trkpt lon="-4.494277" lat="43.329015"><ele>52.75</ele></trkpt>
<trkpt lon="-4.494711" lat="43.329170"><ele>48.5</ele></trkpt>
<trkpt lon="-4.494751" lat="43.329177"><ele>48.5</ele></trkpt>
<trkpt lon="-4.494791" lat="43.329173"><ele>48.0</ele></trkpt>
<trkpt lon="-4.494880" lat="43.329133"><ele>46.0</ele></trkpt>
<trkpt lon="-4.495260" lat="43.328947"><ele>42.75</ele></trkpt>
<trkpt lon="-4.495359" lat="43.328899"><ele>45.25</ele></trkpt>
<trkpt lon="-4.495418" lat="43.328848"><ele>47.5</ele></trkpt>
<trkpt lon="-4.495430" lat="43.328785"><ele>49.5</ele></trkpt>
<trkpt lon="-4.495390" lat="43.328673"><ele>51.25</ele></trkpt>
<trkpt lon="-4.495308" lat="43.328515"><ele>50.5</ele></trkpt>
<trkpt lon="-4.495276" lat="43.328420"><ele>49.5</ele></trkpt>
<trkpt lon="-4.495264" lat="43.328310"><ele>49.0</ele></trkpt>
<trkpt lon="-4.495291" lat="43.328129"><ele>47.0</ele></trkpt>
<trkpt lon="-4.495291" lat="43.328053"><ele>45.75</ele></trkpt>
<trkpt lon="-4.495276" lat="43.327581"><ele>47.25</ele></trkpt>
<trkpt lon="-4.495236" lat="43.327386"><ele>49.5</ele></trkpt>
<trkpt lon="-4.495156" lat="43.327281"><ele>50.25</ele></trkpt>
<trkpt lon="-4.494990" lat="43.327153"><ele>50.75</ele></trkpt>
<trkpt lon="-4.494787" lat="43.327064"><ele>49.25</ele></trkpt>
<trkpt lon="-4.494228" lat="43.326864"><ele>48.25</ele></trkpt>
<trkpt lon="-4.494072" lat="43.326802"><ele>49.0</ele></trkpt>
<trkpt lon="-4.493950" lat="43.326777"><ele>49.0</ele></trkpt>
<trkpt lon="-4.493663" lat="43.326771"><ele>48.75</ele></trkpt>
<trkpt lon="-4.493480" lat="43.326741"><ele>49.5</ele></trkpt>
<trkpt lon="-4.493315" lat="43.326651"><ele>51.0</ele></trkpt>
<trkpt lon="-4.493121" lat="43.326507"><ele>52.0</ele></trkpt>
<trkpt lon="-4.492672" lat="43.326277"><ele>54.5</ele></trkpt>
<trkpt lon="-4.492493" lat="43.326212"><ele>54.0</ele></trkpt>
<trkpt lon="-4.492400" lat="43.326200"><ele>53.75</ele></trkpt>
<trkpt lon="-4.492324" lat="43.326191"><ele>53.5</ele></trkpt>
<trkpt lon="-4.492156" lat="43.326225"><ele>53.0</ele></trkpt>
<trkpt lon="-4.492068" lat="43.326251"><ele>53.25</ele></trkpt>
<trkpt lon="-4.491927" lat="43.326291"><ele>53.5</ele></trkpt>
<trkpt lon="-4.491722" lat="43.326322"><ele>54.25</ele></trkpt>
<trkpt lon="-4.491575" lat="43.326351"><ele>54.75</ele></trkpt>
<trkpt lon="-4.491308" lat="43.326301"><ele>56.5</ele></trkpt>
<trkpt lon="-4.490810" lat="43.326277"><ele>58.0</ele></trkpt>
<trkpt lon="-4.490679" lat="43.326282"><ele>57.75</ele></trkpt>
<trkpt lon="-4.490546" lat="43.326269"><ele>57.75</ele></trkpt>
<trkpt lon="-4.490489" lat="43.326216"><ele>58.25</ele></trkpt>
<trkpt lon="-4.490451" lat="43.326083"><ele>59.5</ele></trkpt>
<trkpt lon="-4.490426" lat="43.325900"><ele>60.5</ele></trkpt>
<trkpt lon="-4.490399" lat="43.325801"><ele>61.0</ele></trkpt>
<trkpt lon="-4.490335" lat="43.325687"><ele>61.25</ele></trkpt>
<trkpt lon="-4.490236" lat="43.325558"><ele>61.75</ele></trkpt>
<trkpt lon="-4.490118" lat="43.325457"><ele>62.5</ele></trkpt>
<trkpt lon="-4.489911" lat="43.325381"><ele>63.25</ele></trkpt>
<trkpt lon="-4.489663" lat="43.325324"><ele>63.75</ele></trkpt>
<trkpt lon="-4.489414" lat="43.325233"><ele>65.25</ele></trkpt>
<trkpt lon="-4.489182" lat="43.325132"><ele>66.5</ele></trkpt>
<trkpt lon="-4.488990" lat="43.325001"><ele>67.75</ele></trkpt>
<trkpt lon="-4.488916" lat="43.324895"><ele>69.0</ele></trkpt>
<trkpt lon="-4.488835" lat="43.324753"><ele>70.25</ele></trkpt>
<trkpt lon="-4.488803" lat="43.324678"><ele>70.75</ele></trkpt>
<trkpt lon="-4.488805" lat="43.324593"><ele>71.75</ele></trkpt>
<trkpt lon="-4.488827" lat="43.324531"><ele>73.0</ele></trkpt>
<trkpt lon="-4.488866" lat="43.324484"><ele>74.0</ele></trkpt>
<trkpt lon="-4.488924" lat="43.324441"><ele>75.0</ele></trkpt>
<trkpt lon="-4.489174" lat="43.324332"><ele>78.75</ele></trkpt>
<trkpt lon="-4.489402" lat="43.324207"><ele>81.25</ele></trkpt>
<trkpt lon="-4.489527" lat="43.324158"><ele>82.5</ele></trkpt>
<trkpt lon="-4.489680" lat="43.324131"><ele>83.75</ele></trkpt>
<trkpt lon="-4.490058" lat="43.324084"><ele>86.5</ele></trkpt>
<trkpt lon="-4.490272" lat="43.324038"><ele>89.5</ele></trkpt>
<trkpt lon="-4.490548" lat="43.323962"><ele>92.25</ele></trkpt>
<trkpt lon="-4.490865" lat="43.323831"><ele>95.75</ele></trkpt>
<trkpt lon="-4.491518" lat="43.323548"><ele>101.25</ele></trkpt>
<trkpt lon="-4.491814" lat="43.323447"><ele>103.75</ele></trkpt>
<trkpt lon="-4.491873" lat="43.323405"><ele>105.0</ele></trkpt>
<trkpt lon="-4.491877" lat="43.323361"><ele>106.25</ele></trkpt>
<trkpt lon="-4.492033" lat="43.323357"><ele>105.75</ele></trkpt>
<trkpt lon="-4.492113" lat="43.323311"><ele>106.5</ele></trkpt>
<trkpt lon="-4.492210" lat="43.323231"><ele>109.25</ele></trkpt>
<trkpt lon="-4.492308" lat="43.323187"><ele>110.75</ele></trkpt>
<trkpt lon="-4.492592" lat="43.323152"><ele>111.75</ele></trkpt>
<trkpt lon="-4.493173" lat="43.323146"><ele>117.25</ele></trkpt>
<trkpt lon="-4.493965" lat="43.323281"><ele>124.25</ele></trkpt>
<trkpt lon="-4.494223" lat="43.323307"><ele>127.25</ele></trkpt>
<trkpt lon="-4.494552" lat="43.323242"><ele>132.0</ele></trkpt>
<trkpt lon="-4.494686" lat="43.323199"><ele>133.75</ele></trkpt>
<trkpt lon="-4.494749" lat="43.323171"><ele>134.5</ele></trkpt>
<trkpt lon="-4.494933" lat="43.322989"><ele>138.0</ele></trkpt>
<trkpt lon="-4.494949" lat="43.322948"><ele>138.5</ele></trkpt>
<trkpt lon="-4.494944" lat="43.322911"><ele>139.25</ele></trkpt>
<trkpt lon="-4.494931" lat="43.322882"><ele>139.75</ele></trkpt>
<trkpt lon="-4.494840" lat="43.322810"><ele>142.0</ele></trkpt>
<trkpt lon="-4.494797" lat="43.322764"><ele>143.25</ele></trkpt>
<trkpt lon="-4.494774" lat="43.322717"><ele>143.75</ele></trkpt>
<trkpt lon="-4.494780" lat="43.322677"><ele>144.0</ele></trkpt>
<trkpt lon="-4.494934" lat="43.322309"><ele>146.5</ele></trkpt>
<trkpt lon="-4.494999" lat="43.322199"><ele>147.25</ele></trkpt>
<trkpt lon="-4.495103" lat="43.322094"><ele>148.0</ele></trkpt>
<trkpt lon="-4.495325" lat="43.321970"><ele>148.5</ele></trkpt>
<trkpt lon="-4.495457" lat="43.321919"><ele>149.0</ele></trkpt>
<trkpt lon="-4.495604" lat="43.321889"><ele>148.75</ele></trkpt>
<trkpt lon="-4.496291" lat="43.321798"><ele>147.0</ele></trkpt>
<trkpt lon="-4.496483" lat="43.321755"><ele>147.25</ele></trkpt>
<trkpt lon="-4.496366" lat="43.321370"><ele>145.0</ele></trkpt>
<trkpt lon="-4.496381" lat="43.321305"><ele>144.5</ele></trkpt>
<trkpt lon="-4.496401" lat="43.321219"><ele>144.25</ele></trkpt>
<trkpt lon="-4.496681" lat="43.320871"><ele>144.75</ele></trkpt>
<trkpt lon="-4.496821" lat="43.320792"><ele>145.0</ele></trkpt>
<trkpt lon="-4.496915" lat="43.320476"><ele>146.0</ele></trkpt>
<trkpt lon="-4.497252" lat="43.320187"><ele>148.0</ele></trkpt>
<trkpt lon="-4.497327" lat="43.320075"><ele>149.25</ele></trkpt>
<trkpt lon="-4.497400" lat="43.319858"><ele>150.5</ele></trkpt>
<trkpt lon="-4.497459" lat="43.319800"><ele>150.75</ele></trkpt>
<trkpt lon="-4.497503" lat="43.319764"><ele>150.75</ele></trkpt>
<trkpt lon="-4.497580" lat="43.319739"><ele>150.5</ele></trkpt>
<trkpt lon="-4.497696" lat="43.319727"><ele>150.25</ele></trkpt>
<trkpt lon="-4.497863" lat="43.319726"><ele>149.25</ele></trkpt>
<trkpt lon="-4.497949" lat="43.319673"><ele>148.5</ele></trkpt>
<trkpt lon="-4.497887" lat="43.319606"><ele>148.75</ele></trkpt>
<trkpt lon="-4.497867" lat="43.319536"><ele>148.5</ele></trkpt>
<trkpt lon="-4.497878" lat="43.319455"><ele>148.25</ele></trkpt>
<trkpt lon="-4.497937" lat="43.319368"><ele>148.75</ele></trkpt>
<trkpt lon="-4.498009" lat="43.319323"><ele>149.25</ele></trkpt>
<trkpt lon="-4.498141" lat="43.319269"><ele>149.0</ele></trkpt>
<trkpt lon="-4.498552" lat="43.319177"><ele>147.0</ele></trkpt>
<trkpt lon="-4.499535" lat="43.318981"><ele>146.25</ele></trkpt>
<trkpt lon="-4.499694" lat="43.318957"><ele>146.0</ele></trkpt>
<trkpt lon="-4.499909" lat="43.318943"><ele>145.75</ele></trkpt>
<trkpt lon="-4.500645" lat="43.318915"><ele>143.75</ele></trkpt>
<trkpt lon="-4.500839" lat="43.318896"><ele>143.75</ele></trkpt>
<trkpt lon="-4.501076" lat="43.318837"><ele>144.5</ele></trkpt>
<trkpt lon="-4.501183" lat="43.318784"><ele>144.0</ele></trkpt>
<trkpt lon="-4.501395" lat="43.318655"><ele>143.25</ele></trkpt>
<trkpt lon="-4.501482" lat="43.318561"><ele>143.0</ele></trkpt>
<trkpt lon="-4.501552" lat="43.318462"><ele>143.0</ele></trkpt>
<trkpt lon="-4.501594" lat="43.318382"><ele>143.0</ele></trkpt>
<trkpt lon="-4.501789" lat="43.318333"><ele>142.0</ele></trkpt>
<trkpt lon="-4.502895" lat="43.317479"><ele>130.0</ele></trkpt>
<trkpt lon="-4.504099" lat="43.318099"><ele>126.75</ele></trkpt>
<trkpt lon="-4.504575" lat="43.318324"><ele>127.25</ele></trkpt>
<trkpt lon="-4.505145" lat="43.318650"><ele>126.25</ele></trkpt>
<trkpt lon="-4.505404" lat="43.318773"><ele>124.75</ele></trkpt>
<trkpt lon="-4.507422" lat="43.319778"><ele>102.75</ele></trkpt>
<trkpt lon="-4.507533" lat="43.319864"><ele>103.25</ele></trkpt>
<trkpt lon="-4.508037" lat="43.319904"><ele>101.0</ele></trkpt>
<trkpt lon="-4.508291" lat="43.319911"><ele>98.25</ele></trkpt>
<trkpt lon="-4.508925" lat="43.319961"><ele>95.0</ele></trkpt>
<trkpt lon="-4.509551" lat="43.320022"><ele>90.5</ele></trkpt>
<trkpt lon="-4.509911" lat="43.320052"><ele>87.75</ele></trkpt>
<trkpt lon="-4.510343" lat="43.320087"><ele>84.5</ele></trkpt>
<trkpt lon="-4.510615" lat="43.320123"><ele>82.5</ele></trkpt>
<trkpt lon="-4.510733" lat="43.320146"><ele>81.75</ele></trkpt>
<trkpt lon="-4.510896" lat="43.320203"><ele>81.75</ele></trkpt>
<trkpt lon="-4.511007" lat="43.320249"><ele>82.5</ele></trkpt>
<trkpt lon="-4.511362" lat="43.320452"><ele>83.25</ele></trkpt>
<trkpt lon="-4.511489" lat="43.320505"><ele>83.25</ele></trkpt>
<trkpt lon="-4.511745" lat="43.320581"><ele>84.0</ele></trkpt>
<trkpt lon="-4.512107" lat="43.320667"><ele>84.75</ele></trkpt>
<trkpt lon="-4.512478" lat="43.320732"><ele>83.75</ele></trkpt>
<trkpt lon="-4.512824" lat="43.320767"><ele>86.5</ele></trkpt>
<trkpt lon="-4.513055" lat="43.320774"><ele>88.25</ele></trkpt>
<trkpt lon="-4.513219" lat="43.320767"><ele>89.0</ele></trkpt>
<trkpt lon="-4.513377" lat="43.320743"><ele>90.0</ele></trkpt>
<trkpt lon="-4.513783" lat="43.320869"><ele>95.5</ele></trkpt>
<trkpt lon="-4.513838" lat="43.320893"><ele>96.25</ele></trkpt>
<trkpt lon="-4.513929" lat="43.321030"><ele>98.0</ele></trkpt>
<trkpt lon="-4.514120" lat="43.321077"><ele>100.25</ele></trkpt>
<trkpt lon="-4.514228" lat="43.320875"><ele>99.25</ele></trkpt>
<trkpt lon="-4.514324" lat="43.320830"><ele>98.75</ele></trkpt>
<trkpt lon="-4.514405" lat="43.320810"><ele>98.5</ele></trkpt>
<trkpt lon="-4.514765" lat="43.320779"><ele>96.5</ele></trkpt>
<trkpt lon="-4.515299" lat="43.320804"><ele>96.0</ele></trkpt>
<trkpt lon="-4.515464" lat="43.320704"><ele>93.0</ele></trkpt>
<trkpt lon="-4.515984" lat="43.320577"><ele>89.5</ele></trkpt>
<trkpt lon="-4.517553" lat="43.320527"><ele>83.25</ele></trkpt>
<trkpt lon="-4.517630" lat="43.320500"><ele>83.5</ele></trkpt>
<trkpt lon="-4.517680" lat="43.320461"><ele>83.75</ele></trkpt>
<trkpt lon="-4.517697" lat="43.320429"><ele>83.75</ele></trkpt>
<trkpt lon="-4.517772" lat="43.320446"><ele>83.75</ele></trkpt>
<trkpt lon="-4.517844" lat="43.320402"><ele>84.0</ele></trkpt>
<trkpt lon="-4.519143" lat="43.320080"><ele>85.25</ele></trkpt>
<trkpt lon="-4.519234" lat="43.320079"><ele>86.0</ele></trkpt>
<trkpt lon="-4.519318" lat="43.320088"><ele>87.0</ele></trkpt>
<trkpt lon="-4.519457" lat="43.320118"><ele>88.5</ele></trkpt>
<trkpt lon="-4.519621" lat="43.320130"><ele>89.5</ele></trkpt>
<trkpt lon="-4.519778" lat="43.320149"><ele>90.75</ele></trkpt>
<trkpt lon="-4.520034" lat="43.320208"><ele>92.25</ele></trkpt>
<trkpt lon="-4.520408" lat="43.320256"><ele>94.0</ele></trkpt>
<trkpt lon="-4.520480" lat="43.320258"><ele>94.25</ele></trkpt>
<trkpt lon="-4.520541" lat="43.320243"><ele>94.25</ele></trkpt>
<trkpt lon="-4.520616" lat="43.320203"><ele>94.0</ele></trkpt>
<trkpt lon="-4.520834" lat="43.320127"><ele>92.5</ele></trkpt>
<trkpt lon="-4.520955" lat="43.320083"><ele>92.0</ele></trkpt>
<trkpt lon="-4.521121" lat="43.320008"><ele>91.0</ele></trkpt>
<trkpt lon="-4.521206" lat="43.319955"><ele>90.75</ele></trkpt>
<trkpt lon="-4.521384" lat="43.319794"><ele>89.25</ele></trkpt>
<trkpt lon="-4.521715" lat="43.319631"><ele>88.25</ele></trkpt>
<trkpt lon="-4.521974" lat="43.319529"><ele>89.0</ele></trkpt>
<trkpt lon="-4.522059" lat="43.319509"><ele>89.0</ele></trkpt>
<trkpt lon="-4.522136" lat="43.319500"><ele>89.25</ele></trkpt>
<trkpt lon="-4.522276" lat="43.319494"><ele>89.75</ele></trkpt>
<trkpt lon="-4.522448" lat="43.319472"><ele>89.5</ele></trkpt>
<trkpt lon="-4.522704" lat="43.319477"><ele>89.75</ele></trkpt>
<trkpt lon="-4.522854" lat="43.319465"><ele>89.75</ele></trkpt>
<trkpt lon="-4.522907" lat="43.319448"><ele>89.5</ele></trkpt>
<trkpt lon="-4.522964" lat="43.319418"><ele>89.75</ele></trkpt>
<trkpt lon="-4.523022" lat="43.319341"><ele>90.75</ele></trkpt>
<trkpt lon="-4.523188" lat="43.318984"><ele>93.25</ele></trkpt>
<trkpt lon="-4.523242" lat="43.318913"><ele>93.0</ele></trkpt>
<trkpt lon="-4.523496" lat="43.318653"><ele>97.5</ele></trkpt>
<trkpt lon="-4.523678" lat="43.318510"><ele>99.25</ele></trkpt>
<trkpt lon="-4.523862" lat="43.318382"><ele>101.5</ele></trkpt>
<trkpt lon="-4.523976" lat="43.318283"><ele>104.25</ele></trkpt>
<trkpt lon="-4.524046" lat="43.318199"><ele>105.5</ele></trkpt>
<trkpt lon="-4.524084" lat="43.318117"><ele>105.75</ele></trkpt>
<trkpt lon="-4.524093" lat="43.318026"><ele>105.25</ele></trkpt>
<trkpt lon="-4.524111" lat="43.317950"><ele>104.75</ele></trkpt>
<trkpt lon="-4.524220" lat="43.317658"><ele>104.25</ele></trkpt>
<trkpt lon="-4.524224" lat="43.317451"><ele>103.25</ele></trkpt>
<trkpt lon="-4.524253" lat="43.317303"><ele>102.5</ele></trkpt>
<trkpt lon="-4.524295" lat="43.317226"><ele>102.75</ele></trkpt>
<trkpt lon="-4.524348" lat="43.317167"><ele>102.75</ele></trkpt>
<trkpt lon="-4.524430" lat="43.317126"><ele>103.0</ele></trkpt>
<trkpt lon="-4.524550" lat="43.317099"><ele>102.25</ele></trkpt>
<trkpt lon="-4.524655" lat="43.317096"><ele>102.0</ele></trkpt>
<trkpt lon="-4.524798" lat="43.317107"><ele>101.5</ele></trkpt>
<trkpt lon="-4.525084" lat="43.317160"><ele>100.0</ele></trkpt>
<trkpt lon="-4.525139" lat="43.317164"><ele>99.75</ele></trkpt>
<trkpt lon="-4.525189" lat="43.317155"><ele>99.0</ele></trkpt>
<trkpt lon="-4.525230" lat="43.317136"><ele>98.5</ele></trkpt>
<trkpt lon="-4.525465" lat="43.316979"><ele>96.5</ele></trkpt>
<trkpt lon="-4.525565" lat="43.316940"><ele>96.0</ele></trkpt>
<trkpt lon="-4.525702" lat="43.316913"><ele>97.0</ele></trkpt>
<trkpt lon="-4.525961" lat="43.316816"><ele>100.5</ele></trkpt>
<trkpt lon="-4.526059" lat="43.316768"><ele>101.5</ele></trkpt>
<trkpt lon="-4.526107" lat="43.316723"><ele>102.25</ele></trkpt>
<trkpt lon="-4.526132" lat="43.316664"><ele>102.75</ele></trkpt>
<trkpt lon="-4.526138" lat="43.316431"><ele>105.0</ele></trkpt>
<trkpt lon="-4.526126" lat="43.316370"><ele>105.5</ele></trkpt>
<trkpt lon="-4.526048" lat="43.316199"><ele>106.5</ele></trkpt>
<trkpt lon="-4.526031" lat="43.316114"><ele>106.75</ele></trkpt>
<trkpt lon="-4.526050" lat="43.316052"><ele>105.5</ele></trkpt>
<trkpt lon="-4.526079" lat="43.315996"><ele>104.25</ele></trkpt>
<trkpt lon="-4.526273" lat="43.315785"><ele>103.0</ele></trkpt>
<trkpt lon="-4.526328" lat="43.315750"><ele>103.0</ele></trkpt>
<trkpt lon="-4.526385" lat="43.315742"><ele>103.0</ele></trkpt>
<trkpt lon="-4.526220" lat="43.315596"><ele>103.5</ele></trkpt>
<trkpt lon="-4.525976" lat="43.315361"><ele>104.0</ele></trkpt>
<trkpt lon="-4.525912" lat="43.315277"><ele>104.0</ele></trkpt>
<trkpt lon="-4.525821" lat="43.315132"><ele>104.5</ele></trkpt>
<trkpt lon="-4.525655" lat="43.314799"><ele>109.5</ele></trkpt>
<trkpt lon="-4.525615" lat="43.314765"><ele>110.0</ele></trkpt>
<trkpt lon="-4.525623" lat="43.314590"><ele>113.0</ele></trkpt>
<trkpt lon="-4.525648" lat="43.314433"><ele>115.0</ele></trkpt>
<trkpt lon="-4.525620" lat="43.314301"><ele>116.5</ele></trkpt>
<trkpt lon="-4.525658" lat="43.314195"><ele>116.0</ele></trkpt>
<trkpt lon="-4.525680" lat="43.314165"><ele>115.75</ele></trkpt>
<trkpt lon="-4.525929" lat="43.313833"><ele>117.0</ele></trkpt>
<trkpt lon="-4.525981" lat="43.313690"><ele>117.75</ele></trkpt>
<trkpt lon="-4.526134" lat="43.313136"><ele>121.75</ele></trkpt>
<trkpt lon="-4.526283" lat="43.312974"><ele>123.25</ele></trkpt>
<trkpt lon="-4.526338" lat="43.312904"><ele>124.0</ele></trkpt>
<trkpt lon="-4.526346" lat="43.312842"><ele>125.25</ele></trkpt>
<trkpt lon="-4.526338" lat="43.312627"><ele>127.5</ele></trkpt>
<trkpt lon="-4.526377" lat="43.312525"><ele>127.75</ele></trkpt>
<trkpt lon="-4.526395" lat="43.312442"><ele>127.75</ele></trkpt>
<trkpt lon="-4.526388" lat="43.312204"><ele>129.0</ele></trkpt>
<trkpt lon="-4.526401" lat="43.312114"><ele>129.5</ele></trkpt>
<trkpt lon="-4.526437" lat="43.312024"><ele>129.0</ele></trkpt>
<trkpt lon="-4.526505" lat="43.311916"><ele>127.25</ele></trkpt>
<trkpt lon="-4.526782" lat="43.311387"><ele>123.5</ele></trkpt>
<trkpt lon="-4.526853" lat="43.311273"><ele>123.75</ele></trkpt>
<trkpt lon="-4.526895" lat="43.311207"><ele>123.5</ele></trkpt>
<trkpt lon="-4.527370" lat="43.310817"><ele>125.25</ele></trkpt>
<trkpt lon="-4.527555" lat="43.310592"><ele>127.0</ele></trkpt>
<trkpt lon="-4.527622" lat="43.310483"><ele>127.75</ele></trkpt>
<trkpt lon="-4.527624" lat="43.310370"><ele>128.75</ele></trkpt>
<trkpt lon="-4.527596" lat="43.310226"><ele>129.75</ele></trkpt>
<trkpt lon="-4.527677" lat="43.310237"><ele>128.75</ele></trkpt>
<trkpt lon="-4.527724" lat="43.310161"><ele>127.5</ele></trkpt>
<trkpt lon="-4.527723" lat="43.310071"><ele>126.75</ele></trkpt>
<trkpt lon="-4.527734" lat="43.309993"><ele>125.75</ele></trkpt>
<trkpt lon="-4.527873" lat="43.309862"><ele>125.75</ele></trkpt>
<trkpt lon="-4.528020" lat="43.309818"><ele>126.25</ele></trkpt>
<trkpt lon="-4.528118" lat="43.309761"><ele>127.0</ele></trkpt>
<trkpt lon="-4.528351" lat="43.309534"><ele>130.75</ele></trkpt>
<trkpt lon="-4.528441" lat="43.309458"><ele>133.25</ele></trkpt>
<trkpt lon="-4.529061" lat="43.309163"><ele>144.75</ele></trkpt>
<trkpt lon="-4.529154" lat="43.309135"><ele>146.0</ele></trkpt>
<trkpt lon="-4.529369" lat="43.309118"><ele>149.75</ele></trkpt>
<trkpt lon="-4.529463" lat="43.309088"><ele>150.0</ele></trkpt>
<trkpt lon="-4.529593" lat="43.309031"><ele>149.5</ele></trkpt>
<trkpt lon="-4.529738" lat="43.309015"><ele>151.5</ele></trkpt>
<trkpt lon="-4.529891" lat="43.308989"><ele>153.5</ele></trkpt>
<trkpt lon="-4.530071" lat="43.308921"><ele>154.0</ele></trkpt>
<trkpt lon="-4.530172" lat="43.308905"><ele>154.5</ele></trkpt>
<trkpt lon="-4.530422" lat="43.308960"><ele>159.5</ele></trkpt>
<trkpt lon="-4.530665" lat="43.308974"><ele>162.0</ele></trkpt>
<trkpt lon="-4.530784" lat="43.308969"><ele>163.25</ele></trkpt>
<trkpt lon="-4.531008" lat="43.308921"><ele>164.75</ele></trkpt>
<trkpt lon="-4.531124" lat="43.308905"><ele>165.75</ele></trkpt>
<trkpt lon="-4.531397" lat="43.308897"><ele>168.25</ele></trkpt>
<trkpt lon="-4.531456" lat="43.308884"><ele>169.0</ele></trkpt>
<trkpt lon="-4.531596" lat="43.308810"><ele>170.25</ele></trkpt>
<trkpt lon="-4.531930" lat="43.308664"><ele>170.25</ele></trkpt>
<trkpt lon="-4.531984" lat="43.308620"><ele>169.75</ele></trkpt>
<trkpt lon="-4.532008" lat="43.308546"><ele>170.75</ele></trkpt>
<trkpt lon="-4.531997" lat="43.308469"><ele>171.25</ele></trkpt>
<trkpt lon="-4.531940" lat="43.308344"><ele>171.75</ele></trkpt>
<trkpt lon="-4.531930" lat="43.308255"><ele>172.75</ele></trkpt>
<trkpt lon="-4.531979" lat="43.308173"><ele>174.5</ele></trkpt>
<trkpt lon="-4.532047" lat="43.308113"><ele>175.25</ele></trkpt>
<trkpt lon="-4.532117" lat="43.308086"><ele>175.75</ele></trkpt>
<trkpt lon="-4.532198" lat="43.308073"><ele>175.75</ele></trkpt>
<trkpt lon="-4.532680" lat="43.308163"><ele>182.25</ele></trkpt>
<trkpt lon="-4.533108" lat="43.308235"><ele>188.25</ele></trkpt>
<trkpt lon="-4.533538" lat="43.308179"><ele>193.75</ele></trkpt>
<trkpt lon="-4.533669" lat="43.308170"><ele>195.5</ele></trkpt>
<trkpt lon="-4.533814" lat="43.308179"><ele>197.0</ele></trkpt>
<trkpt lon="-4.533976" lat="43.308202"><ele>199.0</ele></trkpt>
<trkpt lon="-4.534254" lat="43.308271"><ele>202.0</ele></trkpt>
<trkpt lon="-4.534547" lat="43.308362"><ele>203.75</ele></trkpt>
<trkpt lon="-4.534625" lat="43.308378"><ele>204.0</ele></trkpt>
<trkpt lon="-4.534717" lat="43.308372"><ele>204.75</ele></trkpt>
<trkpt lon="-4.534943" lat="43.308300"><ele>208.25</ele></trkpt>
<trkpt lon="-4.534979" lat="43.308275"><ele>208.75</ele></trkpt>
<trkpt lon="-4.535008" lat="43.308237"><ele>209.0</ele></trkpt>
<trkpt lon="-4.535077" lat="43.308017"><ele>211.5</ele></trkpt>
<trkpt lon="-4.535113" lat="43.307973"><ele>213.25</ele></trkpt>
<trkpt lon="-4.535199" lat="43.307935"><ele>215.5</ele></trkpt>
<trkpt lon="-4.535326" lat="43.307911"><ele>218.25</ele></trkpt>
<trkpt lon="-4.535971" lat="43.307918"><ele>227.25</ele></trkpt>
<trkpt lon="-4.536281" lat="43.307895"><ele>231.0</ele></trkpt>
<trkpt lon="-4.536745" lat="43.307825"><ele>235.25</ele></trkpt>
<trkpt lon="-4.537423" lat="43.307663"><ele>240.0</ele></trkpt>
<trkpt lon="-4.537635" lat="43.307575"><ele>241.75</ele></trkpt>
<trkpt lon="-4.537713" lat="43.307520"><ele>243.0</ele></trkpt>
<trkpt lon="-4.537834" lat="43.307465"><ele>245.25</ele></trkpt>
<trkpt lon="-4.537970" lat="43.307447"><ele>247.0</ele></trkpt>
<trkpt lon="-4.538251" lat="43.307432"><ele>249.25</ele></trkpt>
<trkpt lon="-4.538311" lat="43.307450"><ele>249.5</ele></trkpt>
<trkpt lon="-4.538349" lat="43.307483"><ele>249.5</ele></trkpt>
<trkpt lon="-4.538367" lat="43.307532"><ele>250.0</ele></trkpt>
<trkpt lon="-4.538338" lat="43.307744"><ele>252.5</ele></trkpt>
<trkpt lon="-4.538365" lat="43.307822"><ele>253.25</ele></trkpt>
<trkpt lon="-4.538423" lat="43.307881"><ele>254.0</ele></trkpt>
<trkpt lon="-4.538498" lat="43.307916"><ele>254.75</ele></trkpt>
<trkpt lon="-4.538579" lat="43.307941"><ele>255.25</ele></trkpt>
<trkpt lon="-4.538824" lat="43.307942"><ele>259.0</ele></trkpt>
<trkpt lon="-4.538900" lat="43.307921"><ele>260.5</ele></trkpt>
<trkpt lon="-4.539054" lat="43.307809"><ele>263.5</ele></trkpt>
<trkpt lon="-4.539145" lat="43.307754"><ele>263.75</ele></trkpt>
<trkpt lon="-4.539252" lat="43.307717"><ele>264.75</ele></trkpt>
<trkpt lon="-4.539402" lat="43.307681"><ele>266.5</ele></trkpt>
<trkpt lon="-4.539665" lat="43.307660"><ele>270.0</ele></trkpt>
<trkpt lon="-4.539837" lat="43.307676"><ele>272.25</ele></trkpt>
<trkpt lon="-4.540047" lat="43.307710"><ele>275.5</ele></trkpt>
<trkpt lon="-4.540131" lat="43.307736"><ele>276.5</ele></trkpt>
<trkpt lon="-4.540172" lat="43.307782"><ele>276.75</ele></trkpt>
<trkpt lon="-4.540181" lat="43.307843"><ele>277.5</ele></trkpt>
<trkpt lon="-4.540158" lat="43.307918"><ele>278.0</ele></trkpt>
<trkpt lon="-4.540120" lat="43.307973"><ele>278.25</ele></trkpt>
<trkpt lon="-4.539969" lat="43.308111"><ele>279.25</ele></trkpt>
<trkpt lon="-4.539944" lat="43.308165"><ele>279.75</ele></trkpt>
<trkpt lon="-4.539971" lat="43.308217"><ele>280.75</ele></trkpt>
<trkpt lon="-4.540020" lat="43.308262"><ele>282.0</ele></trkpt>
<trkpt lon="-4.540111" lat="43.308290"><ele>283.25</ele></trkpt>
<trkpt lon="-4.540225" lat="43.308307"><ele>284.75</ele></trkpt>
<trkpt lon="-4.540486" lat="43.308301"><ele>288.25</ele></trkpt>
<trkpt lon="-4.540620" lat="43.308265"><ele>289.75</ele></trkpt>
<trkpt lon="-4.540758" lat="43.308263"><ele>292.5</ele></trkpt>
<trkpt lon="-4.540757" lat="43.308287"><ele>292.75</ele></trkpt>
<trkpt lon="-4.540540" lat="43.308422"><ele>291.5</ele></trkpt>
<trkpt lon="-4.540123" lat="43.308608"><ele>290.25</ele></trkpt>
<trkpt lon="-4.539973" lat="43.308621"><ele>290.25</ele></trkpt>
<trkpt lon="-4.539832" lat="43.308625"><ele>290.5</ele></trkpt>
<trkpt lon="-4.539649" lat="43.308654"><ele>291.5</ele></trkpt>
<trkpt lon="-4.539534" lat="43.308693"><ele>292.5</ele></trkpt>
<trkpt lon="-4.539377" lat="43.308798"><ele>294.5</ele></trkpt>
<trkpt lon="-4.539314" lat="43.308861"><ele>295.75</ele></trkpt>
<trkpt lon="-4.539242" lat="43.308960"><ele>298.0</ele></trkpt>
<trkpt lon="-4.539188" lat="43.309141"><ele>301.75</ele></trkpt>
<trkpt lon="-4.539085" lat="43.309595"><ele>307.75</ele></trkpt>
<trkpt lon="-4.539097" lat="43.309643"><ele>308.5</ele></trkpt>
<trkpt lon="-4.539138" lat="43.309684"><ele>309.25</ele></trkpt>
<trkpt lon="-4.539191" lat="43.309677"><ele>310.0</ele></trkpt>
<trkpt lon="-4.539289" lat="43.309585"><ele>311.5</ele></trkpt>
<trkpt lon="-4.539439" lat="43.309486"><ele>314.75</ele></trkpt>
<trkpt lon="-4.539664" lat="43.309460"><ele>320.25</ele></trkpt>
<trkpt lon="-4.539903" lat="43.309441"><ele>324.25</ele></trkpt>
<trkpt lon="-4.540109" lat="43.309443"><ele>326.5</ele></trkpt>
<trkpt lon="-4.540199" lat="43.309467"><ele>327.5</ele></trkpt>
<trkpt lon="-4.540227" lat="43.309511"><ele>328.0</ele></trkpt>
<trkpt lon="-4.540202" lat="43.309848"><ele>330.5</ele></trkpt>
<trkpt lon="-4.540252" lat="43.310001"><ele>333.5</ele></trkpt>
<trkpt lon="-4.540311" lat="43.310142"><ele>335.5</ele></trkpt>
<trkpt lon="-4.540389" lat="43.310207"><ele>337.25</ele></trkpt>
<trkpt lon="-4.540378" lat="43.310162"><ele>336.75</ele></trkpt>
<trkpt lon="-4.540391" lat="43.310105"><ele>336.75</ele></trkpt>
<trkpt lon="-4.540446" lat="43.310050"><ele>337.75</ele></trkpt>
<trkpt lon="-4.540585" lat="43.309951"><ele>340.0</ele></trkpt>
<trkpt lon="-4.540755" lat="43.309852"><ele>342.75</ele></trkpt>
<trkpt lon="-4.541046" lat="43.309724"><ele>346.5</ele></trkpt>
<trkpt lon="-4.541117" lat="43.309705"><ele>347.5</ele></trkpt>
<trkpt lon="-4.541174" lat="43.309695"><ele>348.0</ele></trkpt>
<trkpt lon="-4.541577" lat="43.309693"><ele>353.0</ele></trkpt>
<trkpt lon="-4.541902" lat="43.309672"><ele>356.0</ele></trkpt>
<trkpt lon="-4.542041" lat="43.309696"><ele>357.5</ele></trkpt>
<trkpt lon="-4.542215" lat="43.309748"><ele>360.25</ele></trkpt>
<trkpt lon="-4.542293" lat="43.309756"><ele>361.75</ele></trkpt>
<trkpt lon="-4.542365" lat="43.309753"><ele>362.75</ele></trkpt>
<trkpt lon="-4.542437" lat="43.309733"><ele>362.5</ele></trkpt>
<trkpt lon="-4.542508" lat="43.309689"><ele>362.75</ele></trkpt>
<trkpt lon="-4.542576" lat="43.309636"><ele>364.25</ele></trkpt>
<trkpt lon="-4.542617" lat="43.309576"><ele>365.0</ele></trkpt>
<trkpt lon="-4.542724" lat="43.309379"><ele>365.75</ele></trkpt>
<trkpt lon="-4.542776" lat="43.309318"><ele>366.5</ele></trkpt>
<trkpt lon="-4.542840" lat="43.309256"><ele>367.25</ele></trkpt>
<trkpt lon="-4.542959" lat="43.309163"><ele>368.75</ele></trkpt>
<trkpt lon="-4.543204" lat="43.308900"><ele>374.0</ele></trkpt>
<trkpt lon="-4.543261" lat="43.308863"><ele>374.5</ele></trkpt>
<trkpt lon="-4.543408" lat="43.308809"><ele>377.25</ele></trkpt>
<trkpt lon="-4.543789" lat="43.308546"><ele>381.5</ele></trkpt>
<trkpt lon="-4.543891" lat="43.308495"><ele>381.75</ele></trkpt>
<trkpt lon="-4.544085" lat="43.308351"><ele>381.25</ele></trkpt>
<trkpt lon="-4.544218" lat="43.308186"><ele>381.25</ele></trkpt>
<trkpt lon="-4.544267" lat="43.308163"><ele>381.5</ele></trkpt>
<trkpt lon="-4.544427" lat="43.308128"><ele>383.25</ele></trkpt>
<trkpt lon="-4.544549" lat="43.308088"><ele>385.0</ele></trkpt>
<trkpt lon="-4.544597" lat="43.308060"><ele>385.5</ele></trkpt>
<trkpt lon="-4.544661" lat="43.307999"><ele>386.5</ele></trkpt>
<trkpt lon="-4.544721" lat="43.307904"><ele>387.25</ele></trkpt>
<trkpt lon="-4.544790" lat="43.307743"><ele>387.5</ele></trkpt>
<trkpt lon="-4.544837" lat="43.307688"><ele>388.25</ele></trkpt>
<trkpt lon="-4.545058" lat="43.307504"><ele>389.0</ele></trkpt>
<trkpt lon="-4.545222" lat="43.307356"><ele>386.75</ele></trkpt>
<trkpt lon="-4.545429" lat="43.307070"><ele>383.25</ele></trkpt>
<trkpt lon="-4.545459" lat="43.307000"><ele>383.25</ele></trkpt>
<trkpt lon="-4.545490" lat="43.306715"><ele>382.0</ele></trkpt>
<trkpt lon="-4.545587" lat="43.306464"><ele>382.5</ele></trkpt>
<trkpt lon="-4.545656" lat="43.306396"><ele>383.25</ele></trkpt>
<trkpt lon="-4.545737" lat="43.306348"><ele>384.25</ele></trkpt>
<trkpt lon="-4.546041" lat="43.306194"><ele>387.5</ele></trkpt>
<trkpt lon="-4.546142" lat="43.306132"><ele>388.5</ele></trkpt>
<trkpt lon="-4.546336" lat="43.305954"><ele>391.25</ele></trkpt>
<trkpt lon="-4.546376" lat="43.305892"><ele>392.0</ele></trkpt>
<trkpt lon="-4.546473" lat="43.305610"><ele>393.25</ele></trkpt>
<trkpt lon="-4.546519" lat="43.305539"><ele>393.75</ele></trkpt>
<trkpt lon="-4.546731" lat="43.305345"><ele>395.25</ele></trkpt>
<trkpt lon="-4.546920" lat="43.305118"><ele>397.5</ele></trkpt>
<trkpt lon="-4.546959" lat="43.305026"><ele>398.25</ele></trkpt>
<trkpt lon="-4.546973" lat="43.304634"><ele>400.25</ele></trkpt>
<trkpt lon="-4.546985" lat="43.304579"><ele>400.5</ele></trkpt>
<trkpt lon="-4.547023" lat="43.304508"><ele>400.75</ele></trkpt>
<trkpt lon="-4.547187" lat="43.304290"><ele>400.25</ele></trkpt>
<trkpt lon="-4.547207" lat="43.304235"><ele>400.5</ele></trkpt>
<trkpt lon="-4.547213" lat="43.304081"><ele>401.0</ele></trkpt>
<trkpt lon="-4.547263" lat="43.303900"><ele>400.25</ele></trkpt>
<trkpt lon="-4.547265" lat="43.303833"><ele>399.75</ele></trkpt>
<trkpt lon="-4.547227" lat="43.303555"><ele>398.75</ele></trkpt>
<trkpt lon="-4.547235" lat="43.303495"><ele>398.75</ele></trkpt>
<trkpt lon="-4.547272" lat="43.303369"><ele>398.0</ele></trkpt>
<trkpt lon="-4.547416" lat="43.303132"><ele>396.75</ele></trkpt>
<trkpt lon="-4.547660" lat="43.302861"><ele>397.5</ele></trkpt>
<trkpt lon="-4.547933" lat="43.302507"><ele>403.25</ele></trkpt>
<trkpt lon="-4.548448" lat="43.301804"><ele>414.0</ele></trkpt>
<trkpt lon="-4.548527" lat="43.301687"><ele>416.5</ele></trkpt>
<trkpt lon="-4.548522" lat="43.301591"><ele>418.5</ele></trkpt>
<trkpt lon="-4.548478" lat="43.301485"><ele>420.75</ele></trkpt>
<trkpt lon="-4.548476" lat="43.301437"><ele>421.75</ele></trkpt>
<trkpt lon="-4.548487" lat="43.301394"><ele>422.75</ele></trkpt>
<trkpt lon="-4.548515" lat="43.301351"><ele>423.75</ele></trkpt>
<trkpt lon="-4.548559" lat="43.301312"><ele>424.75</ele></trkpt>
<trkpt lon="-4.548617" lat="43.301289"><ele>425.5</ele></trkpt>
<trkpt lon="-4.549162" lat="43.301196"><ele>431.5</ele></trkpt>
<trkpt lon="-4.549238" lat="43.301195"><ele>432.25</ele></trkpt>
<trkpt lon="-4.549307" lat="43.301204"><ele>433.0</ele></trkpt>
<trkpt lon="-4.549469" lat="43.301247"><ele>433.75</ele></trkpt>
<trkpt lon="-4.549550" lat="43.301253"><ele>434.25</ele></trkpt>
<trkpt lon="-4.549648" lat="43.301250"><ele>435.25</ele></trkpt>
<trkpt lon="-4.550082" lat="43.301110"><ele>440.5</ele></trkpt>
<trkpt lon="-4.550112" lat="43.301082"><ele>442.0</ele></trkpt>
<trkpt lon="-4.550122" lat="43.301057"><ele>443.0</ele></trkpt>
<trkpt lon="-4.550106" lat="43.301033"><ele>444.0</ele></trkpt>
<trkpt lon="-4.549761" lat="43.300866"><ele>448.25</ele></trkpt>
<trkpt lon="-4.550069" lat="43.300702"><ele>456.0</ele></trkpt>
<trkpt lon="-4.550253" lat="43.300645"><ele>458.25</ele></trkpt>
<trkpt lon="-4.550455" lat="43.300530"><ele>460.25</ele></trkpt>
<trkpt lon="-4.550593" lat="43.300406"><ele>462.5</ele></trkpt>
<trkpt lon="-4.550818" lat="43.300339"><ele>464.0</ele></trkpt>
<trkpt lon="-4.551013" lat="43.300232"><ele>466.5</ele></trkpt>
<trkpt lon="-4.551264" lat="43.299942"><ele>474.5</ele></trkpt>
<trkpt lon="-4.551422" lat="43.299886"><ele>476.5</ele></trkpt>
<trkpt lon="-4.551742" lat="43.299726"><ele>480.5</ele></trkpt>
<trkpt lon="-4.552076" lat="43.299532"><ele>484.75</ele></trkpt>
<trkpt lon="-4.552349" lat="43.299440"><ele>484.25</ele></trkpt>
<trkpt lon="-4.552760" lat="43.299354"><ele>482.75</ele></trkpt>
<trkpt lon="-4.553048" lat="43.299282"><ele>483.25</ele></trkpt>
<trkpt lon="-4.553429" lat="43.299122"><ele>485.25</ele></trkpt>
<trkpt lon="-4.553763" lat="43.299028"><ele>487.25</ele></trkpt>
<trkpt lon="-4.554076" lat="43.298989"><ele>487.5</ele></trkpt>
<trkpt lon="-4.554416" lat="43.298985"><ele>488.25</ele></trkpt>
<trkpt lon="-4.555150" lat="43.298892"><ele>492.75</ele></trkpt>
<trkpt lon="-4.555714" lat="43.298726"><ele>500.75</ele></trkpt>
<trkpt lon="-4.556107" lat="43.298654"><ele>503.25</ele></trkpt>
<trkpt lon="-4.556667" lat="43.298665"><ele>504.5</ele></trkpt>
<trkpt lon="-4.557485" lat="43.298606"><ele>513.0</ele></trkpt>
<trkpt lon="-4.557609" lat="43.298610"><ele>514.5</ele></trkpt>
<trkpt lon="-4.557711" lat="43.298641"><ele>514.75</ele></trkpt>
<trkpt lon="-4.557811" lat="43.298689"><ele>514.25</ele></trkpt>
<trkpt lon="-4.557940" lat="43.298716"><ele>514.75</ele></trkpt>
<trkpt lon="-4.558469" lat="43.298729"><ele>520.75</ele></trkpt>
<trkpt lon="-4.558736" lat="43.298774"><ele>522.0</ele></trkpt>
<trkpt lon="-4.559466" lat="43.298690"><ele>530.0</ele></trkpt>
<trkpt lon="-4.559663" lat="43.298727"><ele>529.5</ele></trkpt>
<trkpt lon="-4.559811" lat="43.298720"><ele>529.75</ele></trkpt>
<trkpt lon="-4.560409" lat="43.298611"><ele>530.0</ele></trkpt>
<trkpt lon="-4.560494" lat="43.298569"><ele>530.25</ele></trkpt>
<trkpt lon="-4.560570" lat="43.298491"><ele>531.25</ele></trkpt>
<trkpt lon="-4.559978" lat="43.298451"><ele>535.5</ele></trkpt>
<trkpt lon="-4.559696" lat="43.298339"><ele>541.0</ele></trkpt>
<trkpt lon="-4.559314" lat="43.298239"><ele>544.5</ele></trkpt>
<trkpt lon="-4.559172" lat="43.298184"><ele>545.0</ele></trkpt>
<trkpt lon="-4.559153" lat="43.298161"><ele>545.5</ele></trkpt>
<trkpt lon="-4.559153" lat="43.298139"><ele>546.0</ele></trkpt>
<trkpt lon="-4.559168" lat="43.298113"><ele>546.75</ele></trkpt>
<trkpt lon="-4.559218" lat="43.298092"><ele>547.25</ele></trkpt>
<trkpt lon="-4.559616" lat="43.297991"><ele>551.75</ele></trkpt>
<trkpt lon="-4.559871" lat="43.297885"><ele>555.75</ele></trkpt>
<trkpt lon="-4.559953" lat="43.297864"><ele>556.0</ele></trkpt>
<trkpt lon="-4.560580" lat="43.297763"><ele>560.0</ele></trkpt>
<trkpt lon="-4.560698" lat="43.297753"><ele>562.5</ele></trkpt>
<trkpt lon="-4.560883" lat="43.297685"><ele>566.25</ele></trkpt>
<trkpt lon="-4.561034" lat="43.297642"><ele>566.0</ele></trkpt>
<trkpt lon="-4.561927" lat="43.297443"><ele>571.5</ele></trkpt>
<trkpt lon="-4.562057" lat="43.297433"><ele>573.0</ele></trkpt>
<trkpt lon="-4.562262" lat="43.297435"><ele>574.25</ele></trkpt>
<trkpt lon="-4.562333" lat="43.297423"><ele>575.25</ele></trkpt>
<trkpt lon="-4.562383" lat="43.297408"><ele>576.0</ele></trkpt>
<trkpt lon="-4.562398" lat="43.297388"><ele>577.25</ele></trkpt>
<trkpt lon="-4.562378" lat="43.297369"><ele>578.0</ele></trkpt>
<trkpt lon="-4.562059" lat="43.297256"><ele>581.5</ele></trkpt>
<trkpt lon="-4.561999" lat="43.297226"><ele>582.25</ele></trkpt>
<trkpt lon="-4.561881" lat="43.297137"><ele>582.5</ele></trkpt>
<trkpt lon="-4.561737" lat="43.296953"><ele>586.75</ele></trkpt>
<trkpt lon="-4.561657" lat="43.296891"><ele>589.0</ele></trkpt>
<trkpt lon="-4.561517" lat="43.296807"><ele>590.0</ele></trkpt>
<trkpt lon="-4.561487" lat="43.296782"><ele>590.5</ele></trkpt>
<trkpt lon="-4.561269" lat="43.296515"><ele>598.5</ele></trkpt>
<trkpt lon="-4.561095" lat="43.296377"><ele>602.0</ele></trkpt>
<trkpt lon="-4.560920" lat="43.296150"><ele>606.5</ele></trkpt>
<trkpt lon="-4.560918" lat="43.296120"><ele>607.75</ele></trkpt>
<trkpt lon="-4.560929" lat="43.296102"><ele>608.5</ele></trkpt>
<trkpt lon="-4.560952" lat="43.296095"><ele>609.5</ele></trkpt>
<trkpt lon="-4.560976" lat="43.296096"><ele>610.0</ele></trkpt>
<trkpt lon="-4.561240" lat="43.296159"><ele>613.0</ele></trkpt>
<trkpt lon="-4.561312" lat="43.296161"><ele>614.0</ele></trkpt>
<trkpt lon="-4.561358" lat="43.296152"><ele>615.0</ele></trkpt>
<trkpt lon="-4.561479" lat="43.296081"><ele>618.25</ele></trkpt>
<trkpt lon="-4.561524" lat="43.296068"><ele>619.0</ele></trkpt>
<trkpt lon="-4.561715" lat="43.296056"><ele>621.25</ele></trkpt>
<trkpt lon="-4.562187" lat="43.295973"><ele>631.0</ele></trkpt>
<trkpt lon="-4.562252" lat="43.295971"><ele>631.75</ele></trkpt>
<trkpt lon="-4.562370" lat="43.295978"><ele>632.25</ele></trkpt>
<trkpt lon="-4.562467" lat="43.295971"><ele>633.25</ele></trkpt>
<trkpt lon="-4.562576" lat="43.295940"><ele>635.25</ele></trkpt>
<trkpt lon="-4.562764" lat="43.295924"><ele>637.25</ele></trkpt>
<trkpt lon="-4.562987" lat="43.295873"><ele>640.0</ele></trkpt>
<trkpt lon="-4.563039" lat="43.295850"><ele>641.0</ele></trkpt>
<trkpt lon="-4.563062" lat="43.295833"><ele>641.75</ele></trkpt>
<trkpt lon="-4.563072" lat="43.295814"><ele>642.25</ele></trkpt>
<trkpt lon="-4.563014" lat="43.295706"><ele>645.75</ele></trkpt>
<trkpt lon="-4.562968" lat="43.295596"><ele>649.25</ele></trkpt>
<trkpt lon="-4.562947" lat="43.295573"><ele>650.0</ele></trkpt>
<trkpt lon="-4.562737" lat="43.295466"><ele>652.75</ele></trkpt>
<trkpt lon="-4.562620" lat="43.295349"><ele>654.75</ele></trkpt>
<trkpt lon="-4.562446" lat="43.295231"><ele>658.5</ele></trkpt>
<trkpt lon="-4.562296" lat="43.295147"><ele>660.5</ele></trkpt>
<trkpt lon="-4.562266" lat="43.295121"><ele>661.0</ele></trkpt>
<trkpt lon="-4.562261" lat="43.295090"><ele>661.5</ele></trkpt>
<trkpt lon="-4.562282" lat="43.295070"><ele>662.0</ele></trkpt>
<trkpt lon="-4.562384" lat="43.295014"><ele>664.25</ele></trkpt>
<trkpt lon="-4.562486" lat="43.294825"><ele>670.25</ele></trkpt>
<trkpt lon="-4.562475" lat="43.294782"><ele>671.0</ele></trkpt>
<trkpt lon="-4.562440" lat="43.294723"><ele>672.25</ele></trkpt>
<trkpt lon="-4.562414" lat="43.294701"><ele>672.5</ele></trkpt>
<trkpt lon="-4.562588" lat="43.294692"><ele>674.75</ele></trkpt>
<trkpt lon="-4.562681" lat="43.294703"><ele>676.0</ele></trkpt>
<trkpt lon="-4.562849" lat="43.294753"><ele>677.25</ele></trkpt>
<trkpt lon="-4.562964" lat="43.294773"><ele>678.5</ele></trkpt>
<trkpt lon="-4.563108" lat="43.294768"><ele>681.25</ele></trkpt>
<trkpt lon="-4.563228" lat="43.294744"><ele>683.75</ele></trkpt>
<trkpt lon="-4.563331" lat="43.294676"><ele>685.5</ele></trkpt>
<trkpt lon="-4.563413" lat="43.294683"><ele>685.75</ele></trkpt>
<trkpt lon="-4.563840" lat="43.294610"><ele>687.25</ele></trkpt>
<trkpt lon="-4.564176" lat="43.294517"><ele>691.0</ele></trkpt>
<trkpt lon="-4.564415" lat="43.294406"><ele>690.0</ele></trkpt>
<trkpt lon="-4.564604" lat="43.294330"><ele>687.75</ele></trkpt>
<trkpt lon="-4.564973" lat="43.294157"><ele>690.5</ele></trkpt>
<trkpt lon="-4.565001" lat="43.293979"><ele>694.25</ele></trkpt>
<trkpt lon="-4.565182" lat="43.293827"><ele>698.0</ele></trkpt>
<trkpt lon="-4.565210" lat="43.293684"><ele>702.25</ele></trkpt>
<trkpt lon="-4.565350" lat="43.293564"><ele>704.75</ele></trkpt>
<trkpt lon="-4.565638" lat="43.293453"><ele>707.25</ele></trkpt>
<trkpt lon="-4.565868" lat="43.293463"><ele>707.75</ele></trkpt>
<trkpt lon="-4.566066" lat="43.293421"><ele>708.5</ele></trkpt>
<trkpt lon="-4.566176" lat="43.293300"><ele>712.0</ele></trkpt>
<trkpt lon="-4.566364" lat="43.293188"><ele>716.25</ele></trkpt>
<trkpt lon="-4.566499" lat="43.293178"><ele>716.0</ele></trkpt>
<trkpt lon="-4.566656" lat="43.293117"><ele>714.75</ele></trkpt>
<trkpt lon="-4.566736" lat="43.292897"><ele>715.25</ele></trkpt>
<trkpt lon="-4.566860" lat="43.292723"><ele>715.25</ele></trkpt>
<trkpt lon="-4.567114" lat="43.292530"><ele>716.0</ele></trkpt>
<trkpt lon="-4.567299" lat="43.292511"><ele>716.25</ele></trkpt>
<trkpt lon="-4.567681" lat="43.292458"><ele>721.0</ele></trkpt>
<trkpt lon="-4.568174" lat="43.292463"><ele>730.25</ele></trkpt>
<trkpt lon="-4.568390" lat="43.292541"><ele>733.5</ele></trkpt>
<trkpt lon="-4.568643" lat="43.292610"><ele>738.25</ele></trkpt>
<trkpt lon="-4.568871" lat="43.292699"><ele>744.0</ele></trkpt>
<trkpt lon="-4.568915" lat="43.292804"><ele>742.75</ele></trkpt>
<trkpt lon="-4.569106" lat="43.292868"><ele>745.5</ele></trkpt>
<trkpt lon="-4.569381" lat="43.292896"><ele>750.0</ele></trkpt>
<trkpt lon="-4.569707" lat="43.292875"><ele>755.25</ele></trkpt>
<trkpt lon="-4.570193" lat="43.293026"><ele>756.5</ele></trkpt>
<trkpt lon="-4.570391" lat="43.293020"><ele>757.0</ele></trkpt>
<trkpt lon="-4.570829" lat="43.293084"><ele>756.75</ele></trkpt>
<trkpt lon="-4.571186" lat="43.293092"><ele>756.25</ele></trkpt>
<trkpt lon="-4.571509" lat="43.293143"><ele>754.5</ele></trkpt>
<trkpt lon="-4.571796" lat="43.293092"><ele>756.75</ele></trkpt>
<trkpt lon="-4.571901" lat="43.292910"><ele>761.75</ele></trkpt>
<trkpt lon="-4.572119" lat="43.292841"><ele>762.0</ele></trkpt>
<trkpt lon="-4.572485" lat="43.292645"><ele>764.75</ele></trkpt>
<trkpt lon="-4.572681" lat="43.292638"><ele>764.75</ele></trkpt>
<trkpt lon="-4.572916" lat="43.292496"><ele>761.5</ele></trkpt>
<trkpt lon="-4.573076" lat="43.292508"><ele>760.0</ele></trkpt>
<trkpt lon="-4.573320" lat="43.292632"><ele>761.25</ele></trkpt>
<trkpt lon="-4.573717" lat="43.292768"><ele>759.25</ele></trkpt>
<trkpt lon="-4.573821" lat="43.292884"><ele>759.0</ele></trkpt>
<trkpt lon="-4.574046" lat="43.292959"><ele>757.25</ele></trkpt>
<trkpt lon="-4.574407" lat="43.292890"><ele>754.75</ele></trkpt>
<trkpt lon="-4.574937" lat="43.292821"><ele>759.75</ele></trkpt>
<trkpt lon="-4.575143" lat="43.292774"><ele>762.5</ele></trkpt>
<trkpt lon="-4.575462" lat="43.292870"><ele>762.75</ele></trkpt>
<trkpt lon="-4.575788" lat="43.292783"><ele>763.0</ele></trkpt>
<trkpt lon="-4.576010" lat="43.292797"><ele>761.25</ele></trkpt>
<trkpt lon="-4.576442" lat="43.292957"><ele>761.75</ele></trkpt>
<trkpt lon="-4.577347" lat="43.293272"><ele>773.25</ele></trkpt>
<trkpt lon="-4.577611" lat="43.293272"><ele>772.5</ele></trkpt>
<trkpt lon="-4.577924" lat="43.293250"><ele>771.75</ele></trkpt>
<trkpt lon="-4.578012" lat="43.293316"><ele>769.5</ele></trkpt>
<trkpt lon="-4.578115" lat="43.292964"><ele>776.0</ele></trkpt>
<trkpt lon="-4.577912" lat="43.292927"><ele>775.75</ele></trkpt>
<trkpt lon="-4.577947" lat="43.292811"><ele>774.25</ele></trkpt>
<trkpt lon="-4.577838" lat="43.292686"><ele>774.0</ele></trkpt>
<trkpt lon="-4.577887" lat="43.292465"><ele>773.75</ele></trkpt>
<trkpt lon="-4.578006" lat="43.292005"><ele>768.25</ele></trkpt>
<trkpt lon="-4.578011" lat="43.291775"><ele>764.25</ele></trkpt>
<trkpt lon="-4.577906" lat="43.291578"><ele>761.0</ele></trkpt>
<trkpt lon="-4.577594" lat="43.291384"><ele>760.75</ele></trkpt>
<trkpt lon="-4.577391" lat="43.291163"><ele>762.25</ele></trkpt>
<trkpt lon="-4.577335" lat="43.291013"><ele>764.25</ele></trkpt>
<trkpt lon="-4.577361" lat="43.290801"><ele>766.0</ele></trkpt>
<trkpt lon="-4.577655" lat="43.290606"><ele>762.25</ele></trkpt>
<trkpt lon="-4.577691" lat="43.290482"><ele>765.5</ele></trkpt>
<trkpt lon="-4.577424" lat="43.290385"><ele>773.75</ele></trkpt>
<trkpt lon="-4.577233" lat="43.290206"><ele>783.75</ele></trkpt>
<trkpt lon="-4.577135" lat="43.290053"><ele>792.25</ele></trkpt>
<trkpt lon="-4.576909" lat="43.289831"><ele>802.0</ele></trkpt>
<trkpt lon="-4.576896" lat="43.289637"><ele>804.0</ele></trkpt>
<trkpt lon="-4.576860" lat="43.289499"><ele>803.25</ele></trkpt>
<trkpt lon="-4.576743" lat="43.289283"><ele>797.25</ele></trkpt>
<trkpt lon="-4.576620" lat="43.289076"><ele>789.0</ele></trkpt>
<trkpt lon="-4.576663" lat="43.289011"><ele>784.5</ele></trkpt>
<trkpt lon="-4.576587" lat="43.288887"><ele>778.0</ele></trkpt>
<trkpt lon="-4.576628" lat="43.288793"><ele>771.25</ele></trkpt>
<trkpt lon="-4.576457" lat="43.288591"><ele>760.5</ele></trkpt>
<trkpt lon="-4.576499" lat="43.288427"><ele>748.75</ele></trkpt>
<trkpt lon="-4.576508" lat="43.288218"><ele>734.0</ele></trkpt>
<trkpt lon="-4.576477" lat="43.288005"><ele>719.5</ele></trkpt>
<trkpt lon="-4.576408" lat="43.287803"><ele>706.5</ele></trkpt>
<trkpt lon="-4.576356" lat="43.287618"><ele>696.0</ele></trkpt>
<trkpt lon="-4.576485" lat="43.287463"><ele>685.75</ele></trkpt>
<trkpt lon="-4.576532" lat="43.287296"><ele>676.0</ele></trkpt>
<trkpt lon="-4.576677" lat="43.287101"><ele>664.75</ele></trkpt>
<trkpt lon="-4.576828" lat="43.286866"><ele>652.25</ele></trkpt>
<trkpt lon="-4.576773" lat="43.286757"><ele>648.0</ele></trkpt>
<trkpt lon="-4.576855" lat="43.286556"><ele>639.25</ele></trkpt>
<trkpt lon="-4.577024" lat="43.286472"><ele>634.5</ele></trkpt>
<trkpt lon="-4.577223" lat="43.286407"><ele>629.75</ele></trkpt>
<trkpt lon="-4.577390" lat="43.286281"><ele>623.75</ele></trkpt>
<trkpt lon="-4.577470" lat="43.286266"><ele>622.5</ele></trkpt>
<trkpt lon="-4.577574" lat="43.286267"><ele>621.5</ele></trkpt>
<trkpt lon="-4.577793" lat="43.286158"><ele>616.0</ele></trkpt>
<trkpt lon="-4.577942" lat="43.286062"><ele>612.0</ele></trkpt>
<trkpt lon="-4.578083" lat="43.285990"><ele>609.75</ele></trkpt>
<trkpt lon="-4.578219" lat="43.285883"><ele>608.0</ele></trkpt>
<trkpt lon="-4.578439" lat="43.285854"><ele>607.25</ele></trkpt>
<trkpt lon="-4.578539" lat="43.285829"><ele>607.5</ele></trkpt>
<trkpt lon="-4.578659" lat="43.285797"><ele>608.0</ele></trkpt>
<trkpt lon="-4.578903" lat="43.285677"><ele>608.5</ele></trkpt>
<trkpt lon="-4.579077" lat="43.285557"><ele>609.5</ele></trkpt>
<trkpt lon="-4.579266" lat="43.285397"><ele>610.5</ele></trkpt>
<trkpt lon="-4.579436" lat="43.285185"><ele>612.5</ele></trkpt>
<trkpt lon="-4.579555" lat="43.285018"><ele>613.75</ele></trkpt>
<trkpt lon="-4.579728" lat="43.284732"><ele>616.75</ele></trkpt>
<trkpt lon="-4.579846" lat="43.284597"><ele>616.75</ele></trkpt>
<trkpt lon="-4.579891" lat="43.284382"><ele>618.0</ele></trkpt>
<trkpt lon="-4.579927" lat="43.284268"><ele>618.75</ele></trkpt>
<trkpt lon="-4.580064" lat="43.284152"><ele>619.0</ele></trkpt>
<trkpt lon="-4.580155" lat="43.284007"><ele>621.0</ele></trkpt>
<trkpt lon="-4.580010" lat="43.283740"><ele>624.0</ele></trkpt>
<trkpt lon="-4.579964" lat="43.283597"><ele>626.75</ele></trkpt>
<trkpt lon="-4.580021" lat="43.283462"><ele>628.0</ele></trkpt>
<trkpt lon="-4.580135" lat="43.283267"><ele>630.5</ele></trkpt>
<trkpt lon="-4.580317" lat="43.283108"><ele>632.75</ele></trkpt>
<trkpt lon="-4.580381" lat="43.282979"><ele>634.75</ele></trkpt>
<trkpt lon="-4.580456" lat="43.282786"><ele>638.5</ele></trkpt>
<trkpt lon="-4.580463" lat="43.282615"><ele>642.5</ele></trkpt>
<trkpt lon="-4.580403" lat="43.282508"><ele>645.75</ele></trkpt>
<trkpt lon="-4.580409" lat="43.282371"><ele>649.25</ele></trkpt>
<trkpt lon="-4.580458" lat="43.282150"><ele>654.5</ele></trkpt>
<trkpt lon="-4.580621" lat="43.281913"><ele>660.0</ele></trkpt>
<trkpt lon="-4.580847" lat="43.281609"><ele>668.25</ele></trkpt>
<trkpt lon="-4.580982" lat="43.281395"><ele>674.5</ele></trkpt>
<trkpt lon="-4.581146" lat="43.281208"><ele>679.0</ele></trkpt>
<trkpt lon="-4.581246" lat="43.281045"><ele>682.5</ele></trkpt>
<trkpt lon="-4.581366" lat="43.280679"><ele>691.25</ele></trkpt>
<trkpt lon="-4.581496" lat="43.280443"><ele>699.75</ele></trkpt>
<trkpt lon="-4.581641" lat="43.280241"><ele>703.5</ele></trkpt>
<trkpt lon="-4.581998" lat="43.279772"><ele>718.0</ele></trkpt>
<trkpt lon="-4.582152" lat="43.279453"><ele>726.25</ele></trkpt>
<trkpt lon="-4.582331" lat="43.279345"><ele>727.5</ele></trkpt>
<trkpt lon="-4.582392" lat="43.279283"><ele>728.5</ele></trkpt>
<trkpt lon="-4.582351" lat="43.279189"><ele>732.25</ele></trkpt>
<trkpt lon="-4.582450" lat="43.278973"><ele>736.0</ele></trkpt>
<trkpt lon="-4.582522" lat="43.278840"><ele>738.75</ele></trkpt>
<trkpt lon="-4.582632" lat="43.278687"><ele>743.0</ele></trkpt>
<trkpt lon="-4.582675" lat="43.278480"><ele>747.75</ele></trkpt>
<trkpt lon="-4.582799" lat="43.278251"><ele>752.25</ele></trkpt>
<trkpt lon="-4.582828" lat="43.278175"><ele>754.5</ele></trkpt>
<trkpt lon="-4.582884" lat="43.278066"><ele>757.5</ele></trkpt>
<trkpt lon="-4.582957" lat="43.277964"><ele>760.5</ele></trkpt>
<trkpt lon="-4.583104" lat="43.277802"><ele>764.0</ele></trkpt>
<trkpt lon="-4.583340" lat="43.277848"><ele>766.25</ele></trkpt>
<trkpt lon="-4.583559" lat="43.277750"><ele>768.25</ele></trkpt>
<trkpt lon="-4.583895" lat="43.277753"><ele>771.5</ele></trkpt>
<trkpt lon="-4.583975" lat="43.277531"><ele>777.0</ele></trkpt>
<trkpt lon="-4.584035" lat="43.277337"><ele>783.5</ele></trkpt>
<trkpt lon="-4.583985" lat="43.277211"><ele>787.5</ele></trkpt>
<trkpt lon="-4.584115" lat="43.277191"><ele>788.75</ele></trkpt>
<trkpt lon="-4.584296" lat="43.277112"><ele>790.5</ele></trkpt>
<trkpt lon="-4.584370" lat="43.276959"><ele>795.0</ele></trkpt>
<trkpt lon="-4.584452" lat="43.276815"><ele>799.5</ele></trkpt>
<trkpt lon="-4.584595" lat="43.276689"><ele>803.0</ele></trkpt>
<trkpt lon="-4.584723" lat="43.276605"><ele>805.5</ele></trkpt>
<trkpt lon="-4.584848" lat="43.276559"><ele>806.5</ele></trkpt>
<trkpt lon="-4.584813" lat="43.276471"><ele>810.25</ele></trkpt>
<trkpt lon="-4.584517" lat="43.276355"><ele>817.75</ele></trkpt>
<trkpt lon="-4.584496" lat="43.276159"><ele>825.5</ele></trkpt>
<trkpt lon="-4.584435" lat="43.275999"><ele>831.25</ele></trkpt>
<trkpt lon="-4.584295" lat="43.275833"><ele>837.0</ele></trkpt>
<trkpt lon="-4.584097" lat="43.275769"><ele>839.75</ele></trkpt>
<trkpt lon="-4.583978" lat="43.275573"><ele>846.75</ele></trkpt>
<trkpt lon="-4.583944" lat="43.275370"><ele>854.0</ele></trkpt>
<trkpt lon="-4.583974" lat="43.275180"><ele>857.5</ele></trkpt>
<trkpt lon="-4.583773" lat="43.275109"><ele>863.5</ele></trkpt>
<trkpt lon="-4.583632" lat="43.274879"><ele>871.0</ele></trkpt>
<trkpt lon="-4.583490" lat="43.274673"><ele>877.5</ele></trkpt>
<trkpt lon="-4.583332" lat="43.274527"><ele>884.25</ele></trkpt>
<trkpt lon="-4.583128" lat="43.274305"><ele>889.75</ele></trkpt>
<trkpt lon="-4.583025" lat="43.273897"><ele>896.75</ele></trkpt>
<trkpt lon="-4.582970" lat="43.273790"><ele>899.75</ele></trkpt>
<trkpt lon="-4.582743" lat="43.273933"><ele>905.0</ele></trkpt>
<trkpt lon="-4.582612" lat="43.274057"><ele>907.25</ele></trkpt>
<trkpt lon="-4.582331" lat="43.273992"><ele>917.25</ele></trkpt>
<trkpt lon="-4.582181" lat="43.274105"><ele>920.25</ele></trkpt>
<trkpt lon="-4.582059" lat="43.273897"><ele>927.0</ele></trkpt>
<trkpt lon="-4.581975" lat="43.273667"><ele>932.25</ele></trkpt>
<trkpt lon="-4.581835" lat="43.273473"><ele>937.75</ele></trkpt>
<trkpt lon="-4.581687" lat="43.273289"><ele>942.75</ele></trkpt>
<trkpt lon="-4.581604" lat="43.273144"><ele>947.0</ele></trkpt>
<trkpt lon="-4.581429" lat="43.273418"><ele>951.75</ele></trkpt>
<trkpt lon="-4.581414" lat="43.273471"><ele>952.0</ele></trkpt>
<trkpt lon="-4.581367" lat="43.273567"><ele>952.5</ele></trkpt>
<trkpt lon="-4.581317" lat="43.273576"><ele>953.25</ele></trkpt>
<trkpt lon="-4.581291" lat="43.273573"><ele>953.75</ele></trkpt>
<trkpt lon="-4.581265" lat="43.273558"><ele>954.5</ele></trkpt>
<trkpt lon="-4.581252" lat="43.273520"><ele>955.25</ele></trkpt>
<trkpt lon="-4.581250" lat="43.273466"><ele>956.25</ele></trkpt>
<trkpt lon="-4.581285" lat="43.273360"><ele>956.75</ele></trkpt>
<trkpt lon="-4.581274" lat="43.273304"><ele>957.5</ele></trkpt>
<trkpt lon="-4.581237" lat="43.273231"><ele>958.75</ele></trkpt>
<trkpt lon="-4.581172" lat="43.273168"><ele>960.5</ele></trkpt>
<trkpt lon="-4.581090" lat="43.273058"><ele>962.5</ele></trkpt>
<trkpt lon="-4.581064" lat="43.272987"><ele>964.25</ele></trkpt>
<trkpt lon="-4.581049" lat="43.272888"><ele>966.25</ele></trkpt>
<trkpt lon="-4.581045" lat="43.272803"><ele>967.5</ele></trkpt>
<trkpt lon="-4.581051" lat="43.272729"><ele>968.5</ele></trkpt>
<trkpt lon="-4.581153" lat="43.272490"><ele>971.25</ele></trkpt>
<trkpt lon="-4.581211" lat="43.272339"><ele>974.0</ele></trkpt>
<trkpt lon="-4.581269" lat="43.272122"><ele>977.25</ele></trkpt>
<trkpt lon="-4.581256" lat="43.272075"><ele>978.5</ele></trkpt>
<trkpt lon="-4.581218" lat="43.272046"><ele>979.75</ele></trkpt>
<trkpt lon="-4.581146" lat="43.272049"><ele>981.25</ele></trkpt>
<trkpt lon="-4.580991" lat="43.272134"><ele>983.25</ele></trkpt>
<trkpt lon="-4.580859" lat="43.272222"><ele>984.25</ele></trkpt>
<trkpt lon="-4.580721" lat="43.272296"><ele>986.0</ele></trkpt>
<trkpt lon="-4.580546" lat="43.272375"><ele>988.75</ele></trkpt>
<trkpt lon="-4.580215" lat="43.272510"><ele>992.75</ele></trkpt>
<trkpt lon="-4.580006" lat="43.272570"><ele>995.0</ele></trkpt>
<trkpt lon="-4.579654" lat="43.272656"><ele>998.5</ele></trkpt>
<trkpt lon="-4.579487" lat="43.272685"><ele>999.0</ele></trkpt>
<trkpt lon="-4.579414" lat="43.272689"><ele>999.5</ele></trkpt>
<trkpt lon="-4.579356" lat="43.272678"><ele>1000.5</ele></trkpt>
<trkpt lon="-4.579327" lat="43.272666"><ele>1001.25</ele></trkpt>
<trkpt lon="-4.579302" lat="43.272634"><ele>1002.5</ele></trkpt>
<trkpt lon="-4.579308" lat="43.272600"><ele>1003.75</ele></trkpt>
<trkpt lon="-4.579345" lat="43.272553"><ele>1005.0</ele></trkpt>
<trkpt lon="-4.579418" lat="43.272494"><ele>1006.25</ele></trkpt>
<trkpt lon="-4.579591" lat="43.272287"><ele>1010.0</ele></trkpt>
<trkpt lon="-4.579958" lat="43.271774"><ele>1018.0</ele></trkpt>
<trkpt lon="-4.579958" lat="43.271738"><ele>1019.0</ele></trkpt>
<trkpt lon="-4.579934" lat="43.271713"><ele>1020.0</ele></trkpt>
<trkpt lon="-4.579885" lat="43.271716"><ele>1021.0</ele></trkpt>
<trkpt lon="-4.579809" lat="43.271733"><ele>1022.25</ele></trkpt>
<trkpt lon="-4.579533" lat="43.271813"><ele>1025.75</ele></trkpt>
<trkpt lon="-4.579401" lat="43.271843"><ele>1027.25</ele></trkpt>
<trkpt lon="-4.579228" lat="43.271873"><ele>1028.75</ele></trkpt>
<trkpt lon="-4.579049" lat="43.271883"><ele>1031.0</ele></trkpt>
<trkpt lon="-4.578455" lat="43.271889"><ele>1037.25</ele></trkpt>
<trkpt lon="-4.578347" lat="43.271883"><ele>1038.25</ele></trkpt>
<trkpt lon="-4.578219" lat="43.271870"><ele>1039.0</ele></trkpt>
<trkpt lon="-4.577988" lat="43.271809"><ele>1042.25</ele></trkpt>
<trkpt lon="-4.577891" lat="43.271793"><ele>1043.5</ele></trkpt>
<trkpt lon="-4.577794" lat="43.271793"><ele>1044.25</ele></trkpt>
<trkpt lon="-4.577684" lat="43.271808"><ele>1045.25</ele></trkpt>
<trkpt lon="-4.577368" lat="43.271868"><ele>1048.0</ele></trkpt>
<trkpt lon="-4.577140" lat="43.271883"><ele>1050.75</ele></trkpt>
<trkpt lon="-4.577053" lat="43.271896"><ele>1052.0</ele></trkpt>
<trkpt lon="-4.576958" lat="43.271913"><ele>1053.5</ele></trkpt>
<trkpt lon="-4.576722" lat="43.272006"><ele>1056.0</ele></trkpt>
<trkpt lon="-4.576622" lat="43.272052"><ele>1057.0</ele></trkpt>
<trkpt lon="-4.576506" lat="43.272152"><ele>1057.75</ele></trkpt>
<trkpt lon="-4.576463" lat="43.272266"><ele>1057.75</ele></trkpt>
<trkpt lon="-4.576441" lat="43.272299"><ele>1058.25</ele></trkpt>
<trkpt lon="-4.576416" lat="43.272322"><ele>1059.0</ele></trkpt>
<trkpt lon="-4.576366" lat="43.272331"><ele>1060.5</ele></trkpt>
<trkpt lon="-4.576319" lat="43.272320"><ele>1062.0</ele></trkpt>
<trkpt lon="-4.576286" lat="43.272291"><ele>1063.0</ele></trkpt>
<trkpt lon="-4.576215" lat="43.272164"><ele>1065.0</ele></trkpt>
<trkpt lon="-4.576137" lat="43.272063"><ele>1066.75</ele></trkpt>
<trkpt lon="-4.576051" lat="43.271984"><ele>1068.0</ele></trkpt>
<trkpt lon="-4.575966" lat="43.271919"><ele>1069.25</ele></trkpt>
<trkpt lon="-4.575909" lat="43.271861"><ele>1070.25</ele></trkpt>
<trkpt lon="-4.575898" lat="43.271837"><ele>1070.5</ele></trkpt>
<trkpt lon="-4.575852" lat="43.271739"><ele>1071.5</ele></trkpt>
<trkpt lon="-4.575702" lat="43.271341"><ele>1075.25</ele></trkpt>
<trkpt lon="-4.575549" lat="43.271138"><ele>1076.25</ele></trkpt>
<trkpt lon="-4.575426" lat="43.271018"><ele>1076.0</ele></trkpt>
<trkpt lon="-4.575307" lat="43.270869"><ele>1074.5</ele></trkpt>
<trkpt lon="-4.574943" lat="43.270322"><ele>1066.5</ele></trkpt>
<trkpt lon="-4.574790" lat="43.270181"><ele>1064.75</ele></trkpt>
<trkpt lon="-4.574525" lat="43.270018"><ele>1062.0</ele></trkpt>
<trkpt lon="-4.574266" lat="43.269871"><ele>1060.0</ele></trkpt>
<trkpt lon="-4.574169" lat="43.269807"><ele>1058.5</ele></trkpt>
<trkpt lon="-4.574038" lat="43.269649"><ele>1055.5</ele></trkpt>
<trkpt lon="-4.573870" lat="43.269384"><ele>1051.0</ele></trkpt>
<trkpt lon="-4.573822" lat="43.269334"><ele>1050.0</ele></trkpt>
<trkpt lon="-4.573770" lat="43.269300"><ele>1048.75</ele></trkpt>
<trkpt lon="-4.573647" lat="43.269278"><ele>1046.25</ele></trkpt>
<trkpt lon="-4.573375" lat="43.269294"><ele>1043.5</ele></trkpt>
<trkpt lon="-4.573105" lat="43.269299"><ele>1041.5</ele></trkpt>
<trkpt lon="-4.572844" lat="43.269331"><ele>1038.75</ele></trkpt>
<trkpt lon="-4.572641" lat="43.269332"><ele>1037.0</ele></trkpt>
<trkpt lon="-4.572524" lat="43.269326"><ele>1036.0</ele></trkpt>
<trkpt lon="-4.572377" lat="43.269308"><ele>1034.75</ele></trkpt>
<trkpt lon="-4.572338" lat="43.269264"><ele>1033.0</ele></trkpt>
<trkpt lon="-4.572356" lat="43.269226"><ele>1031.25</ele></trkpt>
<trkpt lon="-4.572551" lat="43.269131"><ele>1028.0</ele></trkpt>
<trkpt lon="-4.572666" lat="43.269057"><ele>1026.25</ele></trkpt>
<trkpt lon="-4.572967" lat="43.268810"><ele>1021.75</ele></trkpt>
<trkpt lon="-4.573203" lat="43.268586"><ele>1017.25</ele></trkpt>
<trkpt lon="-4.573444" lat="43.268381"><ele>1013.5</ele></trkpt>
<trkpt lon="-4.573536" lat="43.268315"><ele>1012.5</ele></trkpt>
<trkpt lon="-4.573569" lat="43.268276"><ele>1011.5</ele></trkpt>
<trkpt lon="-4.573576" lat="43.268235"><ele>1009.75</ele></trkpt>
<trkpt lon="-4.573527" lat="43.268215"><ele>1007.75</ele></trkpt>
<trkpt lon="-4.573412" lat="43.268222"><ele>1005.5</ele></trkpt>
<trkpt lon="-4.573322" lat="43.268263"><ele>1005.25</ele></trkpt>
<trkpt lon="-4.573126" lat="43.268329"><ele>1003.5</ele></trkpt>
<trkpt lon="-4.572883" lat="43.268390"><ele>1000.75</ele></trkpt>
<trkpt lon="-4.572714" lat="43.268440"><ele>999.25</ele></trkpt>
<trkpt lon="-4.572641" lat="43.268455"><ele>998.5</ele></trkpt>
<trkpt lon="-4.572570" lat="43.268463"><ele>997.25</ele></trkpt>
<trkpt lon="-4.572497" lat="43.268458"><ele>995.75</ele></trkpt>
<trkpt lon="-4.572371" lat="43.268431"><ele>994.75</ele></trkpt>
<trkpt lon="-4.572191" lat="43.268320"><ele>991.0</ele></trkpt>
<trkpt lon="-4.571947" lat="43.268043"><ele>982.5</ele></trkpt>
<trkpt lon="-4.571846" lat="43.267915"><ele>980.25</ele></trkpt>
<trkpt lon="-4.571591" lat="43.267650"><ele>975.5</ele></trkpt>
<trkpt lon="-4.571530" lat="43.267580"><ele>974.75</ele></trkpt>
<trkpt lon="-4.571455" lat="43.267443"><ele>972.5</ele></trkpt>
<trkpt lon="-4.571424" lat="43.267365"><ele>971.5</ele></trkpt>
<trkpt lon="-4.571363" lat="43.267303"><ele>971.25</ele></trkpt>
<trkpt lon="-4.571095" lat="43.267170"><ele>968.0</ele></trkpt>
<trkpt lon="-4.570905" lat="43.267097"><ele>965.75</ele></trkpt>
<trkpt lon="-4.570744" lat="43.267048"><ele>964.25</ele></trkpt>
<trkpt lon="-4.570633" lat="43.267003"><ele>962.25</ele></trkpt>
<trkpt lon="-4.570552" lat="43.266959"><ele>960.0</ele></trkpt>
<trkpt lon="-4.570403" lat="43.266834"><ele>956.5</ele></trkpt>
<trkpt lon="-4.570240" lat="43.266741"><ele>953.75</ele></trkpt>
<trkpt lon="-4.569981" lat="43.266573"><ele>948.25</ele></trkpt>
<trkpt lon="-4.569899" lat="43.266532"><ele>947.0</ele></trkpt>
<trkpt lon="-4.569630" lat="43.266441"><ele>943.25</ele></trkpt>
<trkpt lon="-4.569596" lat="43.266418"><ele>941.75</ele></trkpt>
<trkpt lon="-4.569592" lat="43.266386"><ele>939.75</ele></trkpt>
<trkpt lon="-4.569642" lat="43.266365"><ele>939.0</ele></trkpt>
<trkpt lon="-4.569736" lat="43.266339"><ele>938.0</ele></trkpt>
<trkpt lon="-4.569910" lat="43.266325"><ele>936.75</ele></trkpt>
<trkpt lon="-4.570184" lat="43.266290"><ele>934.0</ele></trkpt>
<trkpt lon="-4.570247" lat="43.266277"><ele>933.5</ele></trkpt>
<trkpt lon="-4.570282" lat="43.266254"><ele>932.5</ele></trkpt>
<trkpt lon="-4.570299" lat="43.266220"><ele>931.25</ele></trkpt>
<trkpt lon="-4.570284" lat="43.266176"><ele>930.0</ele></trkpt>
<trkpt lon="-4.570111" lat="43.266068"><ele>926.5</ele></trkpt>
<trkpt lon="-4.570092" lat="43.266034"><ele>925.25</ele></trkpt>
<trkpt lon="-4.570094" lat="43.265995"><ele>923.75</ele></trkpt>
<trkpt lon="-4.570330" lat="43.265809"><ele>919.5</ele></trkpt>
<trkpt lon="-4.570426" lat="43.265724"><ele>917.25</ele></trkpt>
<trkpt lon="-4.570533" lat="43.265617"><ele>916.5</ele></trkpt>
<trkpt lon="-4.570635" lat="43.265497"><ele>912.75</ele></trkpt>
<trkpt lon="-4.570717" lat="43.265375"><ele>908.0</ele></trkpt>
<trkpt lon="-4.570709" lat="43.265337"><ele>907.75</ele></trkpt>
<trkpt lon="-4.570667" lat="43.265253"><ele>907.75</ele></trkpt>
<trkpt lon="-4.570554" lat="43.265092"><ele>907.5</ele></trkpt>
<trkpt lon="-4.570500" lat="43.265058"><ele>906.5</ele></trkpt>
<trkpt lon="-4.570447" lat="43.265040"><ele>905.75</ele></trkpt>
<trkpt lon="-4.570351" lat="43.265034"><ele>905.0</ele></trkpt>
<trkpt lon="-4.570238" lat="43.265042"><ele>903.25</ele></trkpt>
<trkpt lon="-4.570192" lat="43.265064"><ele>902.0</ele></trkpt>
<trkpt lon="-4.570123" lat="43.265118"><ele>900.25</ele></trkpt>
<trkpt lon="-4.570073" lat="43.265180"><ele>899.25</ele></trkpt>
<trkpt lon="-4.569960" lat="43.265273"><ele>896.75</ele></trkpt>
<trkpt lon="-4.569736" lat="43.265380"><ele>895.0</ele></trkpt>
<trkpt lon="-4.569640" lat="43.265390"><ele>894.0</ele></trkpt>
<trkpt lon="-4.569207" lat="43.265390"><ele>888.25</ele></trkpt>
<trkpt lon="-4.569036" lat="43.265425"><ele>886.0</ele></trkpt>
<trkpt lon="-4.568885" lat="43.265441"><ele>883.75</ele></trkpt>
<trkpt lon="-4.568505" lat="43.265371"><ele>878.75</ele></trkpt>
<trkpt lon="-4.568379" lat="43.265332"><ele>876.75</ele></trkpt>
<trkpt lon="-4.567957" lat="43.265241"><ele>869.5</ele></trkpt>
<trkpt lon="-4.567568" lat="43.265142"><ele>864.75</ele></trkpt>
<trkpt lon="-4.567263" lat="43.265042"><ele>859.25</ele></trkpt>
<trkpt lon="-4.566930" lat="43.264917"><ele>853.75</ele></trkpt>
<trkpt lon="-4.566800" lat="43.264879"><ele>852.5</ele></trkpt>
<trkpt lon="-4.566614" lat="43.264810"><ele>849.5</ele></trkpt>
<trkpt lon="-4.566399" lat="43.264784"><ele>847.5</ele></trkpt>
<trkpt lon="-4.566221" lat="43.264731"><ele>844.5</ele></trkpt>
<trkpt lon="-4.566006" lat="43.264691"><ele>841.75</ele></trkpt>
<trkpt lon="-4.565872" lat="43.264656"><ele>839.5</ele></trkpt>
<trkpt lon="-4.565811" lat="43.264638"><ele>838.5</ele></trkpt>
<trkpt lon="-4.565734" lat="43.264603"><ele>836.75</ele></trkpt>
<trkpt lon="-4.565646" lat="43.264576"><ele>835.25</ele></trkpt>
<trkpt lon="-4.565573" lat="43.264560"><ele>834.25</ele></trkpt>
<trkpt lon="-4.565176" lat="43.264502"><ele>830.25</ele></trkpt>
<trkpt lon="-4.565048" lat="43.264458"><ele>827.75</ele></trkpt>
<trkpt lon="-4.564891" lat="43.264420"><ele>825.25</ele></trkpt>
<trkpt lon="-4.564195" lat="43.264215"><ele>815.5</ele></trkpt>
<trkpt lon="-4.564107" lat="43.264178"><ele>814.25</ele></trkpt>
<trkpt lon="-4.564017" lat="43.264123"><ele>812.25</ele></trkpt>
<trkpt lon="-4.563773" lat="43.264027"><ele>809.0</ele></trkpt>
<trkpt lon="-4.563455" lat="43.263913"><ele>803.25</ele></trkpt>
<trkpt lon="-4.563187" lat="43.263852"><ele>800.0</ele></trkpt>
<trkpt lon="-4.562702" lat="43.263759"><ele>794.25</ele></trkpt>
<trkpt lon="-4.562549" lat="43.263721"><ele>792.0</ele></trkpt>
<trkpt lon="-4.562357" lat="43.263682"><ele>789.75</ele></trkpt>
<trkpt lon="-4.562072" lat="43.263622"><ele>786.5</ele></trkpt>
<trkpt lon="-4.562049" lat="43.263592"><ele>784.75</ele></trkpt>
<trkpt lon="-4.562052" lat="43.263557"><ele>782.75</ele></trkpt>
<trkpt lon="-4.562106" lat="43.263542"><ele>782.0</ele></trkpt>
<trkpt lon="-4.562217" lat="43.263523"><ele>781.0</ele></trkpt>
<trkpt lon="-4.562706" lat="43.263386"><ele>773.75</ele></trkpt>
<trkpt lon="-4.562965" lat="43.263300"><ele>769.5</ele></trkpt>
<trkpt lon="-4.563168" lat="43.263208"><ele>765.25</ele></trkpt>
<trkpt lon="-4.563430" lat="43.263155"><ele>763.0</ele></trkpt>
<trkpt lon="-4.563563" lat="43.263108"><ele>760.5</ele></trkpt>
<trkpt lon="-4.563959" lat="43.262949"><ele>754.0</ele></trkpt>
<trkpt lon="-4.564150" lat="43.262885"><ele>752.5</ele></trkpt>
<trkpt lon="-4.564396" lat="43.262793"><ele>748.75</ele></trkpt>
<trkpt lon="-4.564808" lat="43.262681"><ele>744.5</ele></trkpt>
<trkpt lon="-4.564897" lat="43.262641"><ele>743.0</ele></trkpt>
<trkpt lon="-4.564903" lat="43.262618"><ele>742.0</ele></trkpt>
<trkpt lon="-4.564890" lat="43.262586"><ele>740.75</ele></trkpt>
<trkpt lon="-4.564826" lat="43.262551"><ele>739.0</ele></trkpt>
<trkpt lon="-4.564691" lat="43.262484"><ele>735.75</ele></trkpt>
<trkpt lon="-4.564570" lat="43.262445"><ele>733.75</ele></trkpt>
<trkpt lon="-4.564468" lat="43.262425"><ele>732.75</ele></trkpt>
<trkpt lon="-4.563953" lat="43.262357"><ele>725.75</ele></trkpt>
<trkpt lon="-4.563853" lat="43.262350"><ele>724.25</ele></trkpt>
<trkpt lon="-4.563595" lat="43.262368"><ele>722.0</ele></trkpt>
<trkpt lon="-4.563435" lat="43.262407"><ele>721.75</ele></trkpt>
<trkpt lon="-4.563351" lat="43.262417"><ele>721.25</ele></trkpt>
<trkpt lon="-4.563312" lat="43.262407"><ele>720.5</ele></trkpt>
<trkpt lon="-4.563281" lat="43.262382"><ele>719.25</ele></trkpt>
<trkpt lon="-4.563266" lat="43.262346"><ele>717.75</ele></trkpt>
<trkpt lon="-4.563262" lat="43.262319"><ele>716.75</ele></trkpt>
<trkpt lon="-4.563294" lat="43.262245"><ele>714.25</ele></trkpt>
<trkpt lon="-4.563306" lat="43.262181"><ele>711.75</ele></trkpt>
<trkpt lon="-4.563276" lat="43.262148"><ele>710.0</ele></trkpt>
<trkpt lon="-4.563222" lat="43.262118"><ele>708.25</ele></trkpt>
<trkpt lon="-4.563140" lat="43.262107"><ele>706.75</ele></trkpt>
<trkpt lon="-4.562695" lat="43.262116"><ele>702.0</ele></trkpt>
<trkpt lon="-4.562432" lat="43.262081"><ele>699.25</ele></trkpt>
<trkpt lon="-4.562285" lat="43.262040"><ele>697.25</ele></trkpt>
<trkpt lon="-4.562046" lat="43.261993"><ele>693.75</ele></trkpt>
<trkpt lon="-4.561952" lat="43.261980"><ele>692.5</ele></trkpt>
<trkpt lon="-4.561852" lat="43.261975"><ele>691.25</ele></trkpt>
<trkpt lon="-4.561603" lat="43.261939"><ele>687.75</ele></trkpt>
<trkpt lon="-4.561297" lat="43.261867"><ele>684.75</ele></trkpt>
<trkpt lon="-4.560934" lat="43.261815"><ele>681.5</ele></trkpt>
<trkpt lon="-4.560499" lat="43.261786"><ele>677.75</ele></trkpt>
<trkpt lon="-4.560213" lat="43.261796"><ele>677.5</ele></trkpt>
<trkpt lon="-4.560017" lat="43.261792"><ele>677.0</ele></trkpt>
<trkpt lon="-4.559763" lat="43.261766"><ele>676.5</ele></trkpt>
<trkpt lon="-4.559647" lat="43.261747"><ele>676.0</ele></trkpt>
<trkpt lon="-4.559438" lat="43.261698"><ele>674.0</ele></trkpt>
<trkpt lon="-4.558955" lat="43.261557"><ele>666.5</ele></trkpt>
<trkpt lon="-4.558863" lat="43.261535"><ele>665.75</ele></trkpt>
<trkpt lon="-4.558398" lat="43.261475"><ele>661.5</ele></trkpt>
<trkpt lon="-4.558046" lat="43.261412"><ele>657.0</ele></trkpt>
<trkpt lon="-4.557876" lat="43.261395"><ele>655.5</ele></trkpt>
<trkpt lon="-4.557790" lat="43.261385"><ele>654.75</ele></trkpt>
<trkpt lon="-4.557344" lat="43.261292"><ele>651.75</ele></trkpt>
<trkpt lon="-4.557099" lat="43.261280"><ele>651.0</ele></trkpt>
<trkpt lon="-4.556987" lat="43.261266"><ele>650.0</ele></trkpt>
<trkpt lon="-4.556624" lat="43.261180"><ele>644.75</ele></trkpt>
<trkpt lon="-4.556340" lat="43.261134"><ele>641.75</ele></trkpt>
<trkpt lon="-4.556263" lat="43.261116"><ele>640.75</ele></trkpt>
<trkpt lon="-4.556164" lat="43.261104"><ele>640.25</ele></trkpt>
<trkpt lon="-4.556009" lat="43.261071"><ele>639.5</ele></trkpt>
<trkpt lon="-4.555634" lat="43.260942"><ele>638.0</ele></trkpt>
<trkpt lon="-4.555547" lat="43.260916"><ele>637.75</ele></trkpt>
<trkpt lon="-4.555276" lat="43.260853"><ele>631.75</ele></trkpt>
<trkpt lon="-4.555147" lat="43.260814"><ele>631.0</ele></trkpt>
<trkpt lon="-4.554963" lat="43.260736"><ele>630.25</ele></trkpt>
<trkpt lon="-4.554856" lat="43.260675"><ele>630.0</ele></trkpt>
<trkpt lon="-4.554774" lat="43.260616"><ele>628.75</ele></trkpt>
<trkpt lon="-4.554652" lat="43.260490"><ele>628.75</ele></trkpt>
<trkpt lon="-4.554632" lat="43.260415"><ele>629.0</ele></trkpt>
<trkpt lon="-4.554639" lat="43.260364"><ele>628.5</ele></trkpt>
<trkpt lon="-4.554726" lat="43.260201"><ele>624.25</ele></trkpt>
<trkpt lon="-4.554734" lat="43.260164"><ele>623.75</ele></trkpt>
<trkpt lon="-4.554731" lat="43.260113"><ele>623.5</ele></trkpt>
<trkpt lon="-4.554654" lat="43.260023"><ele>624.5</ele></trkpt>
<trkpt lon="-4.554219" lat="43.259677"><ele>624.0</ele></trkpt>
<trkpt lon="-4.554050" lat="43.259556"><ele>623.0</ele></trkpt>
<trkpt lon="-4.553750" lat="43.259405"><ele>624.25</ele></trkpt>
<trkpt lon="-4.553652" lat="43.259332"><ele>624.0</ele></trkpt>
<trkpt lon="-4.553541" lat="43.259263"><ele>623.75</ele></trkpt>
<trkpt lon="-4.553392" lat="43.259146"><ele>621.25</ele></trkpt>
<trkpt lon="-4.553295" lat="43.259053"><ele>621.25</ele></trkpt>
<trkpt lon="-4.553120" lat="43.258906"><ele>619.0</ele></trkpt>
<trkpt lon="-4.552783" lat="43.258667"><ele>617.25</ele></trkpt>
<trkpt lon="-4.552633" lat="43.258522"><ele>615.75</ele></trkpt>
<trkpt lon="-4.552501" lat="43.258381"><ele>613.75</ele></trkpt>
<trkpt lon="-4.552447" lat="43.258334"><ele>613.5</ele></trkpt>
<trkpt lon="-4.552325" lat="43.258258"><ele>613.75</ele></trkpt>
<trkpt lon="-4.551654" lat="43.257882"><ele>607.5</ele></trkpt>
<trkpt lon="-4.551504" lat="43.257770"><ele>604.5</ele></trkpt>
<trkpt lon="-4.551397" lat="43.257700"><ele>603.25</ele></trkpt>
<trkpt lon="-4.551059" lat="43.257499"><ele>600.75</ele></trkpt>
<trkpt lon="-4.550804" lat="43.257357"><ele>600.5</ele></trkpt>
<trkpt lon="-4.550734" lat="43.257304"><ele>598.0</ele></trkpt>
<trkpt lon="-4.550630" lat="43.257203"><ele>592.75</ele></trkpt>
<trkpt lon="-4.550431" lat="43.256925"><ele>586.5</ele></trkpt>
<trkpt lon="-4.550321" lat="43.256798"><ele>584.5</ele></trkpt>
<trkpt lon="-4.550321" lat="43.256758"><ele>583.25</ele></trkpt>
<trkpt lon="-4.550331" lat="43.256728"><ele>582.25</ele></trkpt>
<trkpt lon="-4.550373" lat="43.256709"><ele>581.0</ele></trkpt>
<trkpt lon="-4.550443" lat="43.256708"><ele>580.25</ele></trkpt>
<trkpt lon="-4.550585" lat="43.256741"><ele>579.25</ele></trkpt>
<trkpt lon="-4.550694" lat="43.256751"><ele>577.75</ele></trkpt>
<trkpt lon="-4.550885" lat="43.256746"><ele>574.75</ele></trkpt>
<trkpt lon="-4.550985" lat="43.256728"><ele>572.5</ele></trkpt>
<trkpt lon="-4.551127" lat="43.256720"><ele>569.75</ele></trkpt>
<trkpt lon="-4.551194" lat="43.256728"><ele>568.5</ele></trkpt>
<trkpt lon="-4.551274" lat="43.256756"><ele>567.25</ele></trkpt>
<trkpt lon="-4.551417" lat="43.256826"><ele>566.0</ele></trkpt>
<trkpt lon="-4.551479" lat="43.256846"><ele>565.25</ele></trkpt>
<trkpt lon="-4.551507" lat="43.256840"><ele>564.5</ele></trkpt>
<trkpt lon="-4.551524" lat="43.256815"><ele>563.5</ele></trkpt>
<trkpt lon="-4.551497" lat="43.256758"><ele>562.5</ele></trkpt>
<trkpt lon="-4.551432" lat="43.256659"><ele>561.25</ele></trkpt>
<trkpt lon="-4.551440" lat="43.256623"><ele>562.25</ele></trkpt>
<trkpt lon="-4.551482" lat="43.256587"><ele>563.0</ele></trkpt>
<trkpt lon="-4.551520" lat="43.256571"><ele>563.25</ele></trkpt>
<trkpt lon="-4.551603" lat="43.256575"><ele>562.75</ele></trkpt>
<trkpt lon="-4.551998" lat="43.256677"><ele>560.25</ele></trkpt>
<trkpt lon="-4.552129" lat="43.256700"><ele>561.0</ele></trkpt>
<trkpt lon="-4.552280" lat="43.256710"><ele>561.5</ele></trkpt>
<trkpt lon="-4.552583" lat="43.256717"><ele>561.75</ele></trkpt>
<trkpt lon="-4.553083" lat="43.256757"><ele>559.75</ele></trkpt>
<trkpt lon="-4.553749" lat="43.256849"><ele>553.25</ele></trkpt>
<trkpt lon="-4.553877" lat="43.256875"><ele>551.75</ele></trkpt>
<trkpt lon="-4.554128" lat="43.256940"><ele>546.25</ele></trkpt>
<trkpt lon="-4.554212" lat="43.256965"><ele>546.25</ele></trkpt>
<trkpt lon="-4.554311" lat="43.257007"><ele>547.25</ele></trkpt>
<trkpt lon="-4.554390" lat="43.257077"><ele>547.25</ele></trkpt>
<trkpt lon="-4.554429" lat="43.257128"><ele>546.75</ele></trkpt>
<trkpt lon="-4.554531" lat="43.257191"><ele>546.25</ele></trkpt>
<trkpt lon="-4.554690" lat="43.257223"><ele>545.75</ele></trkpt>
<trkpt lon="-4.554824" lat="43.257237"><ele>546.0</ele></trkpt>
<trkpt lon="-4.555226" lat="43.257254"><ele>546.75</ele></trkpt>
<trkpt lon="-4.555827" lat="43.257283"><ele>542.75</ele></trkpt>
<trkpt lon="-4.555937" lat="43.257283"><ele>541.25</ele></trkpt>
<trkpt lon="-4.556319" lat="43.257266"><ele>539.0</ele></trkpt>
<trkpt lon="-4.556844" lat="43.257279"><ele>531.25</ele></trkpt>
<trkpt lon="-4.557085" lat="43.257260"><ele>528.75</ele></trkpt>
<trkpt lon="-4.557281" lat="43.257233"><ele>526.75</ele></trkpt>
<trkpt lon="-4.557377" lat="43.257208"><ele>525.25</ele></trkpt>
<trkpt lon="-4.557490" lat="43.257197"><ele>523.0</ele></trkpt>
<trkpt lon="-4.557599" lat="43.257197"><ele>524.0</ele></trkpt>
<trkpt lon="-4.557769" lat="43.257218"><ele>525.0</ele></trkpt>
<trkpt lon="-4.557978" lat="43.257268"><ele>526.75</ele></trkpt>
<trkpt lon="-4.558120" lat="43.257288"><ele>526.5</ele></trkpt>
<trkpt lon="-4.558420" lat="43.257349"><ele>521.0</ele></trkpt>
<trkpt lon="-4.558564" lat="43.257387"><ele>519.0</ele></trkpt>
<trkpt lon="-4.558710" lat="43.257435"><ele>517.25</ele></trkpt>
<trkpt lon="-4.559102" lat="43.257544"><ele>513.5</ele></trkpt>
<trkpt lon="-4.559445" lat="43.257587"><ele>513.5</ele></trkpt>
<trkpt lon="-4.559714" lat="43.257656"><ele>511.75</ele></trkpt>
<trkpt lon="-4.559798" lat="43.257667"><ele>511.5</ele></trkpt>
<trkpt lon="-4.560090" lat="43.257679"><ele>511.5</ele></trkpt>
<trkpt lon="-4.560182" lat="43.257702"><ele>510.75</ele></trkpt>
<trkpt lon="-4.560462" lat="43.257791"><ele>507.5</ele></trkpt>
<trkpt lon="-4.560896" lat="43.257785"><ele>507.5</ele></trkpt>
<trkpt lon="-4.561123" lat="43.257776"><ele>507.75</ele></trkpt>
<trkpt lon="-4.561382" lat="43.257755"><ele>505.0</ele></trkpt>
<trkpt lon="-4.561507" lat="43.257732"><ele>503.0</ele></trkpt>
<trkpt lon="-4.561609" lat="43.257694"><ele>501.75</ele></trkpt>
<trkpt lon="-4.561706" lat="43.257639"><ele>501.0</ele></trkpt>
<trkpt lon="-4.561873" lat="43.257507"><ele>501.25</ele></trkpt>
<trkpt lon="-4.561975" lat="43.257450"><ele>500.5</ele></trkpt>
<trkpt lon="-4.562176" lat="43.257372"><ele>497.75</ele></trkpt>
<trkpt lon="-4.562320" lat="43.257298"><ele>494.75</ele></trkpt>
<trkpt lon="-4.562388" lat="43.257239"><ele>494.0</ele></trkpt>
<trkpt lon="-4.562440" lat="43.257169"><ele>493.75</ele></trkpt>
<trkpt lon="-4.562480" lat="43.257091"><ele>494.0</ele></trkpt>
<trkpt lon="-4.562500" lat="43.256995"><ele>495.0</ele></trkpt>
<trkpt lon="-4.562553" lat="43.256892"><ele>495.5</ele></trkpt>
<trkpt lon="-4.562584" lat="43.256816"><ele>496.0</ele></trkpt>
<trkpt lon="-4.562657" lat="43.256738"><ele>496.25</ele></trkpt>
<trkpt lon="-4.562780" lat="43.256658"><ele>496.25</ele></trkpt>
<trkpt lon="-4.562924" lat="43.256577"><ele>496.25</ele></trkpt>
<trkpt lon="-4.563353" lat="43.256390"><ele>494.5</ele></trkpt>
<trkpt lon="-4.563658" lat="43.256132"><ele>494.25</ele></trkpt>
<trkpt lon="-4.563953" lat="43.255890"><ele>488.0</ele></trkpt>
<trkpt lon="-4.564028" lat="43.255814"><ele>485.5</ele></trkpt>
<trkpt lon="-4.564110" lat="43.255692"><ele>485.75</ele></trkpt>
<trkpt lon="-4.564122" lat="43.255642"><ele>487.0</ele></trkpt>
<trkpt lon="-4.564072" lat="43.255598"><ele>488.25</ele></trkpt>
<trkpt lon="-4.563919" lat="43.255499"><ele>490.0</ele></trkpt>
<trkpt lon="-4.563926" lat="43.255470"><ele>491.0</ele></trkpt>
<trkpt lon="-4.564141" lat="43.255458"><ele>493.25</ele></trkpt>
<trkpt lon="-4.564300" lat="43.255445"><ele>493.0</ele></trkpt>
<trkpt lon="-4.564402" lat="43.255421"><ele>493.5</ele></trkpt>
<trkpt lon="-4.564476" lat="43.255371"><ele>495.0</ele></trkpt>
<trkpt lon="-4.564563" lat="43.255223"><ele>499.5</ele></trkpt>
<trkpt lon="-4.564572" lat="43.255018"><ele>501.25</ele></trkpt>
<trkpt lon="-4.564558" lat="43.254924"><ele>502.25</ele></trkpt>
<trkpt lon="-4.564728" lat="43.254865"><ele>502.25</ele></trkpt>
<trkpt lon="-4.565238" lat="43.254581"><ele>500.5</ele></trkpt>
<trkpt lon="-4.565581" lat="43.254401"><ele>497.75</ele></trkpt>
<trkpt lon="-4.566126" lat="43.254136"><ele>492.75</ele></trkpt>
<trkpt lon="-4.566184" lat="43.254020"><ele>495.25</ele></trkpt>
<trkpt lon="-4.566517" lat="43.253827"><ele>490.25</ele></trkpt>
<trkpt lon="-4.566610" lat="43.253796"><ele>489.25</ele></trkpt>
<trkpt lon="-4.566731" lat="43.253785"><ele>487.75</ele></trkpt>
<trkpt lon="-4.566971" lat="43.253750"><ele>487.75</ele></trkpt>
<trkpt lon="-4.567073" lat="43.253691"><ele>489.75</ele></trkpt>
<trkpt lon="-4.567248" lat="43.253498"><ele>494.5</ele></trkpt>
<trkpt lon="-4.567546" lat="43.253132"><ele>494.5</ele></trkpt>
<trkpt lon="-4.568163" lat="43.252444"><ele>501.75</ele></trkpt>
<trkpt lon="-4.568399" lat="43.252247"><ele>505.25</ele></trkpt>
<trkpt lon="-4.568679" lat="43.252035"><ele>508.0</ele></trkpt>
<trkpt lon="-4.568829" lat="43.251649"><ele>517.0</ele></trkpt>
<trkpt lon="-4.568899" lat="43.251511"><ele>515.5</ele></trkpt>
<trkpt lon="-4.568758" lat="43.251396"><ele>523.25</ele></trkpt>
<trkpt lon="-4.568653" lat="43.251246"><ele>522.25</ele></trkpt>
<trkpt lon="-4.567997" lat="43.250627"><ele>522.25</ele></trkpt>
<trkpt lon="-4.567816" lat="43.250346"><ele>520.0</ele></trkpt>
<trkpt lon="-4.567603" lat="43.249896"><ele>518.25</ele></trkpt>
<trkpt lon="-4.567474" lat="43.249697"><ele>514.75</ele></trkpt>
<trkpt lon="-4.567351" lat="43.249349"><ele>512.0</ele></trkpt>
<trkpt lon="-4.567246" lat="43.248771"><ele>515.5</ele></trkpt>
<trkpt lon="-4.567152" lat="43.248479"><ele>519.0</ele></trkpt>
<trkpt lon="-4.567029" lat="43.248231"><ele>526.0</ele></trkpt>
<trkpt lon="-4.566903" lat="43.247939"><ele>526.0</ele></trkpt>
<trkpt lon="-4.566786" lat="43.247797"><ele>526.25</ele></trkpt>
<trkpt lon="-4.566622" lat="43.247565"><ele>525.0</ele></trkpt>
<trkpt lon="-4.566030" lat="43.247321"><ele>534.25</ele></trkpt>
<trkpt lon="-4.565765" lat="43.247057"><ele>534.25</ele></trkpt>
<trkpt lon="-4.565394" lat="43.246801"><ele>541.5</ele></trkpt>
<trkpt lon="-4.565087" lat="43.246614"><ele>545.5</ele></trkpt>
<trkpt lon="-4.564897" lat="43.246466"><ele>546.75</ele></trkpt>
<trkpt lon="-4.564696" lat="43.246286"><ele>548.5</ele></trkpt>
<trkpt lon="-4.564338" lat="43.246032"><ele>553.75</ele></trkpt>
<trkpt lon="-4.563868" lat="43.245822"><ele>554.0</ele></trkpt>
<trkpt lon="-4.563791" lat="43.245774"><ele>554.25</ele></trkpt>
<trkpt lon="-4.563671" lat="43.245714"><ele>555.5</ele></trkpt>
<trkpt lon="-4.563599" lat="43.245662"><ele>556.25</ele></trkpt>
<trkpt lon="-4.563496" lat="43.245571"><ele>557.5</ele></trkpt>
<trkpt lon="-4.563411" lat="43.245461"><ele>559.25</ele></trkpt>
<trkpt lon="-4.563312" lat="43.245296"><ele>561.5</ele></trkpt>
<trkpt lon="-4.563309" lat="43.245214"><ele>562.75</ele></trkpt>
<trkpt lon="-4.563427" lat="43.244951"><ele>565.75</ele></trkpt>
<trkpt lon="-4.563442" lat="43.244847"><ele>567.25</ele></trkpt>
<trkpt lon="-4.563436" lat="43.244623"><ele>569.0</ele></trkpt>
<trkpt lon="-4.563376" lat="43.244573"><ele>569.5</ele></trkpt>
<trkpt lon="-4.563318" lat="43.244565"><ele>570.25</ele></trkpt>
<trkpt lon="-4.563316" lat="43.244540"><ele>570.0</ele></trkpt>
<trkpt lon="-4.563131" lat="43.244399"><ele>570.0</ele></trkpt>
<trkpt lon="-4.562904" lat="43.244342"><ele>568.5</ele></trkpt>
<trkpt lon="-4.562559" lat="43.244357"><ele>568.25</ele></trkpt>
<trkpt lon="-4.562418" lat="43.244369"><ele>567.0</ele></trkpt>
<trkpt lon="-4.562322" lat="43.244401"><ele>566.0</ele></trkpt>
<trkpt lon="-4.562277" lat="43.244438"><ele>566.0</ele></trkpt>
<trkpt lon="-4.562252" lat="43.244488"><ele>566.5</ele></trkpt>
<trkpt lon="-4.562156" lat="43.244549"><ele>566.5</ele></trkpt>
<trkpt lon="-4.562022" lat="43.244574"><ele>565.75</ele></trkpt>
<trkpt lon="-4.561896" lat="43.244563"><ele>565.25</ele></trkpt>
<trkpt lon="-4.561769" lat="43.244474"><ele>565.0</ele></trkpt>
<trkpt lon="-4.561558" lat="43.244228"><ele>567.5</ele></trkpt>
<trkpt lon="-4.561525" lat="43.244190"><ele>568.0</ele></trkpt>
<trkpt lon="-4.561433" lat="43.243520"><ele>563.0</ele></trkpt>
<trkpt lon="-4.561479" lat="43.243364"><ele>562.0</ele></trkpt>
<trkpt lon="-4.561425" lat="43.243005"><ele>561.0</ele></trkpt>
<trkpt lon="-4.561341" lat="43.242704"><ele>557.25</ele></trkpt>
<trkpt lon="-4.561238" lat="43.241692"><ele>549.5</ele></trkpt>
<trkpt lon="-4.561261" lat="43.241597"><ele>549.25</ele></trkpt>
<trkpt lon="-4.561215" lat="43.241546"><ele>549.75</ele></trkpt>
<trkpt lon="-4.561293" lat="43.241467"><ele>549.0</ele></trkpt>
<trkpt lon="-4.561483" lat="43.241076"><ele>545.75</ele></trkpt>
<trkpt lon="-4.561513" lat="43.240996"><ele>545.5</ele></trkpt>
<trkpt lon="-4.561540" lat="43.240808"><ele>545.25</ele></trkpt>
<trkpt lon="-4.561605" lat="43.240773"><ele>544.5</ele></trkpt>
<trkpt lon="-4.561793" lat="43.240652"><ele>543.5</ele></trkpt>
<trkpt lon="-4.561865" lat="43.240592"><ele>543.75</ele></trkpt>
<trkpt lon="-4.561851" lat="43.240519"><ele>544.0</ele></trkpt>
<trkpt lon="-4.561828" lat="43.240455"><ele>544.0</ele></trkpt>
<trkpt lon="-4.561736" lat="43.240301"><ele>543.5</ele></trkpt>
<trkpt lon="-4.561662" lat="43.240234"><ele>542.5</ele></trkpt>
<trkpt lon="-4.561576" lat="43.240192"><ele>542.0</ele></trkpt>
<trkpt lon="-4.561478" lat="43.240132"><ele>541.0</ele></trkpt>
<trkpt lon="-4.561348" lat="43.240021"><ele>539.0</ele></trkpt>
<trkpt lon="-4.561168" lat="43.239823"><ele>536.0</ele></trkpt>
<trkpt lon="-4.561132" lat="43.239765"><ele>534.75</ele></trkpt>
<trkpt lon="-4.561083" lat="43.239601"><ele>534.5</ele></trkpt>
<trkpt lon="-4.561006" lat="43.239505"><ele>534.25</ele></trkpt>
<trkpt lon="-4.560935" lat="43.239442"><ele>533.25</ele></trkpt>
<trkpt lon="-4.560862" lat="43.239390"><ele>532.75</ele></trkpt>
<trkpt lon="-4.560697" lat="43.239323"><ele>531.0</ele></trkpt>
<trkpt lon="-4.560593" lat="43.239281"><ele>530.0</ele></trkpt>
<trkpt lon="-4.560455" lat="43.239199"><ele>528.5</ele></trkpt>
<trkpt lon="-4.560353" lat="43.239100"><ele>528.0</ele></trkpt>
<trkpt lon="-4.560266" lat="43.239040"><ele>527.0</ele></trkpt>
<trkpt lon="-4.560197" lat="43.238981"><ele>526.0</ele></trkpt>
<trkpt lon="-4.560009" lat="43.238853"><ele>523.5</ele></trkpt>
<trkpt lon="-4.559855" lat="43.238781"><ele>522.25</ele></trkpt>
<trkpt lon="-4.559765" lat="43.238767"><ele>521.25</ele></trkpt>
<trkpt lon="-4.559715" lat="43.238746"><ele>520.75</ele></trkpt>
<trkpt lon="-4.559608" lat="43.238569"><ele>520.5</ele></trkpt>
<trkpt lon="-4.559398" lat="43.238473"><ele>518.0</ele></trkpt>
<trkpt lon="-4.559146" lat="43.238209"><ele>516.0</ele></trkpt>
<trkpt lon="-4.559054" lat="43.237991"><ele>516.5</ele></trkpt>
<trkpt lon="-4.559078" lat="43.237722"><ele>519.25</ele></trkpt>
<trkpt lon="-4.559332" lat="43.237687"><ele>524.25</ele></trkpt>
<trkpt lon="-4.559168" lat="43.237652"><ele>521.75</ele></trkpt>
<trkpt lon="-4.558839" lat="43.237617"><ele>515.25</ele></trkpt>
<trkpt lon="-4.558519" lat="43.237493"><ele>510.25</ele></trkpt>
<trkpt lon="-4.558385" lat="43.237365"><ele>508.5</ele></trkpt>
<trkpt lon="-4.558139" lat="43.237175"><ele>504.25</ele></trkpt>
<trkpt lon="-4.557971" lat="43.237022"><ele>501.75</ele></trkpt>
<trkpt lon="-4.557838" lat="43.236865"><ele>498.75</ele></trkpt>
<trkpt lon="-4.557784" lat="43.236750"><ele>498.0</ele></trkpt>
<trkpt lon="-4.557824" lat="43.236715"><ele>497.0</ele></trkpt>
<trkpt lon="-4.557980" lat="43.236762"><ele>495.0</ele></trkpt>
<trkpt lon="-4.558045" lat="43.236745"><ele>493.0</ele></trkpt>
<trkpt lon="-4.558059" lat="43.236710"><ele>491.0</ele></trkpt>
<trkpt lon="-4.558065" lat="43.236661"><ele>488.25</ele></trkpt>
<trkpt lon="-4.558164" lat="43.236642"><ele>485.75</ele></trkpt>
<trkpt lon="-4.558159" lat="43.236578"><ele>480.0</ele></trkpt>
<trkpt lon="-4.558094" lat="43.236532"><ele>476.25</ele></trkpt>
<trkpt lon="-4.558103" lat="43.236470"><ele>470.5</ele></trkpt>
<trkpt lon="-4.557587" lat="43.236296"><ele>475.5</ele></trkpt>
<trkpt lon="-4.557396" lat="43.236203"><ele>471.25</ele></trkpt>
<trkpt lon="-4.557059" lat="43.236052"><ele>469.75</ele></trkpt>
<trkpt lon="-4.557139" lat="43.236046"><ele>465.25</ele></trkpt>
<trkpt lon="-4.557163" lat="43.236024"><ele>462.0</ele></trkpt>
<trkpt lon="-4.557055" lat="43.235970"><ele>461.75</ele></trkpt>
<trkpt lon="-4.557089" lat="43.235963"><ele>459.5</ele></trkpt>
<trkpt lon="-4.557115" lat="43.235973"><ele>459.25</ele></trkpt>
<trkpt lon="-4.557096" lat="43.235931"><ele>456.0</ele></trkpt>
<trkpt lon="-4.556969" lat="43.235854"><ele>454.0</ele></trkpt>
<trkpt lon="-4.556837" lat="43.235798"><ele>455.5</ele></trkpt>
<trkpt lon="-4.556724" lat="43.235733"><ele>454.75</ele></trkpt>
<trkpt lon="-4.556609" lat="43.235689"><ele>455.5</ele></trkpt>
<trkpt lon="-4.556462" lat="43.235523"><ele>449.0</ele></trkpt>
<trkpt lon="-4.556452" lat="43.235478"><ele>448.25</ele></trkpt>
<trkpt lon="-4.556427" lat="43.235454"><ele>448.5</ele></trkpt>
<trkpt lon="-4.556439" lat="43.235421"><ele>447.25</ele></trkpt>
<trkpt lon="-4.556472" lat="43.235391"><ele>445.5</ele></trkpt>
<trkpt lon="-4.556542" lat="43.235380"><ele>444.0</ele></trkpt>
<trkpt lon="-4.556563" lat="43.235367"><ele>443.5</ele></trkpt>
<trkpt lon="-4.556628" lat="43.235306"><ele>442.75</ele></trkpt>
<trkpt lon="-4.556718" lat="43.235295"><ele>443.25</ele></trkpt>
<trkpt lon="-4.556797" lat="43.235327"><ele>443.0</ele></trkpt>
<trkpt lon="-4.556921" lat="43.235349"><ele>442.75</ele></trkpt>
<trkpt lon="-4.556969" lat="43.235344"><ele>443.25</ele></trkpt>
<trkpt lon="-4.557067" lat="43.235285"><ele>447.75</ele></trkpt>
<trkpt lon="-4.557142" lat="43.235264"><ele>450.0</ele></trkpt>
<trkpt lon="-4.557237" lat="43.235260"><ele>450.75</ele></trkpt>
<trkpt lon="-4.557331" lat="43.235215"><ele>452.5</ele></trkpt>
<trkpt lon="-4.557253" lat="43.235215"><ele>453.5</ele></trkpt>
<trkpt lon="-4.557123" lat="43.235196"><ele>454.5</ele></trkpt>
<trkpt lon="-4.557035" lat="43.235170"><ele>455.5</ele></trkpt>
<trkpt lon="-4.556887" lat="43.235102"><ele>459.5</ele></trkpt>
<trkpt lon="-4.556721" lat="43.235013"><ele>465.25</ele></trkpt>
<trkpt lon="-4.556563" lat="43.234960"><ele>467.75</ele></trkpt>
<trkpt lon="-4.556373" lat="43.234945"><ele>468.25</ele></trkpt>
<trkpt lon="-4.556139" lat="43.234942"><ele>474.75</ele></trkpt>
<trkpt lon="-4.556300" lat="43.234888"><ele>474.0</ele></trkpt>
<trkpt lon="-4.556523" lat="43.234848"><ele>475.0</ele></trkpt>
<trkpt lon="-4.556786" lat="43.234713"><ele>484.0</ele></trkpt>
<trkpt lon="-4.556914" lat="43.234688"><ele>486.0</ele></trkpt>
<trkpt lon="-4.557050" lat="43.234628"><ele>491.25</ele></trkpt>
<trkpt lon="-4.557301" lat="43.234618"><ele>493.25</ele></trkpt>
<trkpt lon="-4.557375" lat="43.234601"><ele>494.25</ele></trkpt>
<trkpt lon="-4.557357" lat="43.234543"><ele>498.0</ele></trkpt>
<trkpt lon="-4.557284" lat="43.234484"><ele>501.25</ele></trkpt>
<trkpt lon="-4.557187" lat="43.234439"><ele>503.25</ele></trkpt>
<trkpt lon="-4.557189" lat="43.234427"><ele>504.0</ele></trkpt>
<trkpt lon="-4.557202" lat="43.234416"><ele>505.0</ele></trkpt>
<trkpt lon="-4.557242" lat="43.234409"><ele>505.5</ele></trkpt>
<trkpt lon="-4.557480" lat="43.234393"><ele>508.75</ele></trkpt>
<trkpt lon="-4.557583" lat="43.234377"><ele>506.0</ele></trkpt>
<trkpt lon="-4.557595" lat="43.234305"><ele>509.75</ele></trkpt>
<trkpt lon="-4.557583" lat="43.234239"><ele>514.0</ele></trkpt>
<trkpt lon="-4.557892" lat="43.234014"><ele>517.0</ele></trkpt>
<trkpt lon="-4.558190" lat="43.233953"><ele>512.75</ele></trkpt>
<trkpt lon="-4.558481" lat="43.233866"><ele>515.5</ele></trkpt>
<trkpt lon="-4.558725" lat="43.233805"><ele>514.5</ele></trkpt>
<trkpt lon="-4.559023" lat="43.233619"><ele>513.75</ele></trkpt>
<trkpt lon="-4.559189" lat="43.233493"><ele>512.5</ele></trkpt>
<trkpt lon="-4.559320" lat="43.233272"><ele>515.75</ele></trkpt>
<trkpt lon="-4.559463" lat="43.233055"><ele>511.75</ele></trkpt>
<trkpt lon="-4.559746" lat="43.232795"><ele>511.25</ele></trkpt>
<trkpt lon="-4.559954" lat="43.232741"><ele>510.75</ele></trkpt>
<trkpt lon="-4.560216" lat="43.232648"><ele>515.75</ele></trkpt>
<trkpt lon="-4.560763" lat="43.232321"><ele>529.25</ele></trkpt>
<trkpt lon="-4.561305" lat="43.231958"><ele>539.0</ele></trkpt>
<trkpt lon="-4.561596" lat="43.231753"><ele>543.25</ele></trkpt>
<trkpt lon="-4.562010" lat="43.231443"><ele>550.5</ele></trkpt>
<trkpt lon="-4.562325" lat="43.231182"><ele>555.25</ele></trkpt>
<trkpt lon="-4.562581" lat="43.230927"><ele>556.0</ele></trkpt>
<trkpt lon="-4.562614" lat="43.230786"><ele>562.5</ele></trkpt>
<trkpt lon="-4.562667" lat="43.230621"><ele>570.75</ele></trkpt>
<trkpt lon="-4.562896" lat="43.230399"><ele>581.25</ele></trkpt>
<trkpt lon="-4.563036" lat="43.230297"><ele>588.5</ele></trkpt>
<trkpt lon="-4.563030" lat="43.230184"><ele>597.5</ele></trkpt>
<trkpt lon="-4.563045" lat="43.230100"><ele>604.5</ele></trkpt>
<trkpt lon="-4.563182" lat="43.229998"><ele>617.25</ele></trkpt>
<trkpt lon="-4.563461" lat="43.229950"><ele>623.75</ele></trkpt>
<trkpt lon="-4.563707" lat="43.229987"><ele>621.0</ele></trkpt>
<trkpt lon="-4.563889" lat="43.230065"><ele>621.0</ele></trkpt>
<trkpt lon="-4.564105" lat="43.230124"><ele>630.25</ele></trkpt>
<trkpt lon="-4.564312" lat="43.230138"><ele>641.25</ele></trkpt>
<trkpt lon="-4.564497" lat="43.230193"><ele>649.25</ele></trkpt>
<trkpt lon="-4.564640" lat="43.230262"><ele>653.5</ele></trkpt>
<trkpt lon="-4.564898" lat="43.230273"><ele>660.75</ele></trkpt>
<trkpt lon="-4.565253" lat="43.230078"><ele>675.75</ele></trkpt>
<trkpt lon="-4.565533" lat="43.230029"><ele>683.0</ele></trkpt>
<trkpt lon="-4.565812" lat="43.229998"><ele>688.75</ele></trkpt>
<trkpt lon="-4.566013" lat="43.229941"><ele>694.0</ele></trkpt>
<trkpt lon="-4.567009" lat="43.229643"><ele>721.25</ele></trkpt>
<trkpt lon="-4.567334" lat="43.229573"><ele>730.25</ele></trkpt>
<trkpt lon="-4.567623" lat="43.229523"><ele>736.75</ele></trkpt>
<trkpt lon="-4.568104" lat="43.229460"><ele>747.0</ele></trkpt>
<trkpt lon="-4.568423" lat="43.229460"><ele>754.0</ele></trkpt>
<trkpt lon="-4.568665" lat="43.229444"><ele>759.75</ele></trkpt>
<trkpt lon="-4.569012" lat="43.229403"><ele>767.25</ele></trkpt>
<trkpt lon="-4.569319" lat="43.229333"><ele>774.0</ele></trkpt>
<trkpt lon="-4.569549" lat="43.229262"><ele>778.25</ele></trkpt>
<trkpt lon="-4.569707" lat="43.229116"><ele>784.0</ele></trkpt>
<trkpt lon="-4.569730" lat="43.228978"><ele>787.5</ele></trkpt>
<trkpt lon="-4.569667" lat="43.228839"><ele>790.25</ele></trkpt>
<trkpt lon="-4.569716" lat="43.228582"><ele>789.5</ele></trkpt>
<trkpt lon="-4.569778" lat="43.228359"><ele>790.0</ele></trkpt>
<trkpt lon="-4.569845" lat="43.228231"><ele>787.25</ele></trkpt>
<trkpt lon="-4.569875" lat="43.227957"><ele>783.25</ele></trkpt>
<trkpt lon="-4.570031" lat="43.227539"><ele>773.0</ele></trkpt>
<trkpt lon="-4.570066" lat="43.227389"><ele>769.25</ele></trkpt>
<trkpt lon="-4.570050" lat="43.227267"><ele>767.25</ele></trkpt>
<trkpt lon="-4.569968" lat="43.227108"><ele>766.25</ele></trkpt>
<trkpt lon="-4.569892" lat="43.227027"><ele>766.5</ele></trkpt>
<trkpt lon="-4.569686" lat="43.226939"><ele>770.25</ele></trkpt>
<trkpt lon="-4.569572" lat="43.226824"><ele>772.0</ele></trkpt>
<trkpt lon="-4.569338" lat="43.226649"><ele>776.25</ele></trkpt>
<trkpt lon="-4.569116" lat="43.226459"><ele>780.5</ele></trkpt>
<trkpt lon="-4.568863" lat="43.226263"><ele>784.25</ele></trkpt>
<trkpt lon="-4.568606" lat="43.226090"><ele>787.5</ele></trkpt>
<trkpt lon="-4.568375" lat="43.225919"><ele>792.5</ele></trkpt>
<trkpt lon="-4.568248" lat="43.225813"><ele>795.25</ele></trkpt>
<trkpt lon="-4.568017" lat="43.225380"><ele>805.25</ele></trkpt>
<trkpt lon="-4.567940" lat="43.225079"><ele>812.25</ele></trkpt>
<trkpt lon="-4.567888" lat="43.224926"><ele>816.5</ele></trkpt>
<trkpt lon="-4.567793" lat="43.224790"><ele>820.75</ele></trkpt>
<trkpt lon="-4.567500" lat="43.224739"><ele>822.25</ele></trkpt>
<trkpt lon="-4.567233" lat="43.224707"><ele>825.0</ele></trkpt>
<trkpt lon="-4.566956" lat="43.224635"><ele>827.0</ele></trkpt>
<trkpt lon="-4.566725" lat="43.224546"><ele>830.0</ele></trkpt>
<trkpt lon="-4.566560" lat="43.224465"><ele>831.0</ele></trkpt>
<trkpt lon="-4.566414" lat="43.224356"><ele>833.5</ele></trkpt>
<trkpt lon="-4.566328" lat="43.224311"><ele>835.0</ele></trkpt>
<trkpt lon="-4.566087" lat="43.224296"><ele>837.75</ele></trkpt>
<trkpt lon="-4.565804" lat="43.224294"><ele>835.25</ele></trkpt>
<trkpt lon="-4.565500" lat="43.224318"><ele>833.25</ele></trkpt>
<trkpt lon="-4.565176" lat="43.224332"><ele>832.75</ele></trkpt>
<trkpt lon="-4.564985" lat="43.224327"><ele>832.25</ele></trkpt>
<trkpt lon="-4.564774" lat="43.224299"><ele>833.25</ele></trkpt>
<trkpt lon="-4.564579" lat="43.224200"><ele>832.0</ele></trkpt>
<trkpt lon="-4.564377" lat="43.223933"><ele>828.5</ele></trkpt>
<trkpt lon="-4.564192" lat="43.223825"><ele>829.5</ele></trkpt>
<trkpt lon="-4.564080" lat="43.223769"><ele>829.0</ele></trkpt>
<trkpt lon="-4.563614" lat="43.223617"><ele>825.25</ele></trkpt>
<trkpt lon="-4.563405" lat="43.223507"><ele>823.5</ele></trkpt>
<trkpt lon="-4.563287" lat="43.223478"><ele>823.75</ele></trkpt>
<trkpt lon="-4.562940" lat="43.223465"><ele>825.0</ele></trkpt>
<trkpt lon="-4.562778" lat="43.223443"><ele>823.25</ele></trkpt>
<trkpt lon="-4.562620" lat="43.223335"><ele>819.0</ele></trkpt>
<trkpt lon="-4.562380" lat="43.223195"><ele>818.5</ele></trkpt>
<trkpt lon="-4.562279" lat="43.223092"><ele>816.25</ele></trkpt>
<trkpt lon="-4.562195" lat="43.222989"><ele>812.75</ele></trkpt>
<trkpt lon="-4.562050" lat="43.222883"><ele>811.25</ele></trkpt>
<trkpt lon="-4.561905" lat="43.222809"><ele>810.5</ele></trkpt>
<trkpt lon="-4.561669" lat="43.222738"><ele>807.75</ele></trkpt>
<trkpt lon="-4.561504" lat="43.222674"><ele>807.0</ele></trkpt>
<trkpt lon="-4.561369" lat="43.222588"><ele>807.25</ele></trkpt>
<trkpt lon="-4.561285" lat="43.222463"><ele>806.75</ele></trkpt>
<trkpt lon="-4.561241" lat="43.222348"><ele>803.25</ele></trkpt>
<trkpt lon="-4.561143" lat="43.222279"><ele>805.25</ele></trkpt>
<trkpt lon="-4.560901" lat="43.222193"><ele>807.75</ele></trkpt>
<trkpt lon="-4.560826" lat="43.222124"><ele>806.5</ele></trkpt>
<trkpt lon="-4.560773" lat="43.222006"><ele>803.5</ele></trkpt>
<trkpt lon="-4.560735" lat="43.221832"><ele>800.25</ele></trkpt>
<trkpt lon="-4.560796" lat="43.221680"><ele>794.0</ele></trkpt>
<trkpt lon="-4.560880" lat="43.221589"><ele>791.25</ele></trkpt>
<trkpt lon="-4.560968" lat="43.221532"><ele>787.75</ele></trkpt>
<trkpt lon="-4.561290" lat="43.220965"><ele>783.75</ele></trkpt>
<trkpt lon="-4.561467" lat="43.220636"><ele>780.5</ele></trkpt>
<trkpt lon="-4.561652" lat="43.220388"><ele>773.5</ele></trkpt>
<trkpt lon="-4.561771" lat="43.220261"><ele>769.25</ele></trkpt>
<trkpt lon="-4.561789" lat="43.220151"><ele>771.25</ele></trkpt>
<trkpt lon="-4.561845" lat="43.220102"><ele>770.5</ele></trkpt>
<trkpt lon="-4.561952" lat="43.220092"><ele>767.25</ele></trkpt>
<trkpt lon="-4.562248" lat="43.220040"><ele>760.0</ele></trkpt>
<trkpt lon="-4.562540" lat="43.220011"><ele>756.75</ele></trkpt>
<trkpt lon="-4.563354" lat="43.219954"><ele>752.75</ele></trkpt>
<trkpt lon="-4.563628" lat="43.219924"><ele>752.0</ele></trkpt>
<trkpt lon="-4.564079" lat="43.219981"><ele>746.25</ele></trkpt>
<trkpt lon="-4.564489" lat="43.220011"><ele>739.75</ele></trkpt>
<trkpt lon="-4.564760" lat="43.219962"><ele>737.0</ele></trkpt>
<trkpt lon="-4.564952" lat="43.219908"><ele>734.5</ele></trkpt>
<trkpt lon="-4.565081" lat="43.219803"><ele>732.25</ele></trkpt>
<trkpt lon="-4.565351" lat="43.219550"><ele>726.25</ele></trkpt>
<trkpt lon="-4.565533" lat="43.219404"><ele>719.75</ele></trkpt>
<trkpt lon="-4.565629" lat="43.219224"><ele>716.5</ele></trkpt>
<trkpt lon="-4.565732" lat="43.219089"><ele>713.75</ele></trkpt>
<trkpt lon="-4.566032" lat="43.218827"><ele>705.5</ele></trkpt>
<trkpt lon="-4.566169" lat="43.218690"><ele>701.5</ele></trkpt>
<trkpt lon="-4.566439" lat="43.218396"><ele>696.25</ele></trkpt>
<trkpt lon="-4.566605" lat="43.218318"><ele>692.75</ele></trkpt>
<trkpt lon="-4.566794" lat="43.218272"><ele>688.75</ele></trkpt>
<trkpt lon="-4.566961" lat="43.218178"><ele>687.0</ele></trkpt>
<trkpt lon="-4.567134" lat="43.218105"><ele>684.0</ele></trkpt>
<trkpt lon="-4.567541" lat="43.218070"><ele>676.0</ele></trkpt>
<trkpt lon="-4.567993" lat="43.218005"><ele>664.75</ele></trkpt>
<trkpt lon="-4.568215" lat="43.217927"><ele>660.25</ele></trkpt>
<trkpt lon="-4.568688" lat="43.217725"><ele>652.5</ele></trkpt>
<trkpt lon="-4.568855" lat="43.217644"><ele>649.5</ele></trkpt>
<trkpt lon="-4.568995" lat="43.217547"><ele>647.75</ele></trkpt>
<trkpt lon="-4.569072" lat="43.217477"><ele>647.0</ele></trkpt>
<trkpt lon="-4.569196" lat="43.217441"><ele>644.0</ele></trkpt>
<trkpt lon="-4.569290" lat="43.217377"><ele>642.0</ele></trkpt>
<trkpt lon="-4.569425" lat="43.217313"><ele>638.25</ele></trkpt>
<trkpt lon="-4.569596" lat="43.217221"><ele>634.5</ele></trkpt>
<trkpt lon="-4.569779" lat="43.217148"><ele>631.0</ele></trkpt>
<trkpt lon="-4.569918" lat="43.217138"><ele>628.25</ele></trkpt>
<trkpt lon="-4.570117" lat="43.217063"><ele>624.25</ele></trkpt>
<trkpt lon="-4.570187" lat="43.216981"><ele>622.5</ele></trkpt>
<trkpt lon="-4.570211" lat="43.216840"><ele>619.0</ele></trkpt>
<trkpt lon="-4.570215" lat="43.216688"><ele>614.75</ele></trkpt>
<trkpt lon="-4.570327" lat="43.216656"><ele>610.75</ele></trkpt>
<trkpt lon="-4.570606" lat="43.216736"><ele>604.5</ele></trkpt>
<trkpt lon="-4.570796" lat="43.216801"><ele>600.0</ele></trkpt>
<trkpt lon="-4.571188" lat="43.216843"><ele>589.25</ele></trkpt>
<trkpt lon="-4.571394" lat="43.216853"><ele>584.5</ele></trkpt>
<trkpt lon="-4.571616" lat="43.216931"><ele>580.75</ele></trkpt>
<trkpt lon="-4.571819" lat="43.216994"><ele>575.75</ele></trkpt>
<trkpt lon="-4.571995" lat="43.217087"><ele>571.25</ele></trkpt>
<trkpt lon="-4.572148" lat="43.217027"><ele>568.5</ele></trkpt>
<trkpt lon="-4.572310" lat="43.216948"><ele>565.25</ele></trkpt>
<trkpt lon="-4.572541" lat="43.216938"><ele>561.0</ele></trkpt>
<trkpt lon="-4.572784" lat="43.216884"><ele>555.0</ele></trkpt>
<trkpt lon="-4.572955" lat="43.216799"><ele>551.0</ele></trkpt>
<trkpt lon="-4.573018" lat="43.216785"><ele>549.75</ele></trkpt>
<trkpt lon="-4.573182" lat="43.216685"><ele>547.5</ele></trkpt>
<trkpt lon="-4.573198" lat="43.216655"><ele>547.25</ele></trkpt>
<trkpt lon="-4.573322" lat="43.216639"><ele>546.5</ele></trkpt>
<trkpt lon="-4.573431" lat="43.216658"><ele>545.75</ele></trkpt>
<trkpt lon="-4.573558" lat="43.216646"><ele>544.25</ele></trkpt>
<trkpt lon="-4.573733" lat="43.216588"><ele>541.25</ele></trkpt>
<trkpt lon="-4.573943" lat="43.216554"><ele>537.0</ele></trkpt>
<trkpt lon="-4.574047" lat="43.216628"><ele>535.75</ele></trkpt>
<trkpt lon="-4.574176" lat="43.216651"><ele>533.5</ele></trkpt>
<trkpt lon="-4.574342" lat="43.216563"><ele>529.0</ele></trkpt>
<trkpt lon="-4.574557" lat="43.216431"><ele>523.75</ele></trkpt>
<trkpt lon="-4.574703" lat="43.216392"><ele>521.25</ele></trkpt>
<trkpt lon="-4.574895" lat="43.216313"><ele>518.75</ele></trkpt>
<trkpt lon="-4.575062" lat="43.216256"><ele>517.5</ele></trkpt>
<trkpt lon="-4.575295" lat="43.216241"><ele>516.25</ele></trkpt>
<trkpt lon="-4.575584" lat="43.216236"><ele>513.0</ele></trkpt>
<trkpt lon="-4.575727" lat="43.216252"><ele>511.25</ele></trkpt>
<trkpt lon="-4.575843" lat="43.216216"><ele>509.75</ele></trkpt>
<trkpt lon="-4.575988" lat="43.216141"><ele>506.5</ele></trkpt>
<trkpt lon="-4.576092" lat="43.216126"><ele>504.25</ele></trkpt>
<trkpt lon="-4.576166" lat="43.216144"><ele>502.75</ele></trkpt>
<trkpt lon="-4.576294" lat="43.216216"><ele>499.75</ele></trkpt>
<trkpt lon="-4.576435" lat="43.216200"><ele>496.5</ele></trkpt>
<trkpt lon="-4.576539" lat="43.216145"><ele>494.5</ele></trkpt>
<trkpt lon="-4.576632" lat="43.216197"><ele>492.0</ele></trkpt>
<trkpt lon="-4.576679" lat="43.216241"><ele>490.5</ele></trkpt>
<trkpt lon="-4.577054" lat="43.216231"><ele>479.75</ele></trkpt>
<trkpt lon="-4.577276" lat="43.216243"><ele>473.0</ele></trkpt>
<trkpt lon="-4.577715" lat="43.216311"><ele>459.5</ele></trkpt>
<trkpt lon="-4.577830" lat="43.216308"><ele>456.25</ele></trkpt>
<trkpt lon="-4.577840" lat="43.216213"><ele>458.25</ele></trkpt>
<trkpt lon="-4.577893" lat="43.216119"><ele>459.25</ele></trkpt>
<trkpt lon="-4.577918" lat="43.216047"><ele>457.75</ele></trkpt>
<trkpt lon="-4.577885" lat="43.215995"><ele>457.75</ele></trkpt>
<trkpt lon="-4.578105" lat="43.216111"><ele>454.25</ele></trkpt>
<trkpt lon="-4.578259" lat="43.216229"><ele>446.5</ele></trkpt>
<trkpt lon="-4.578507" lat="43.216202"><ele>437.75</ele></trkpt>
<trkpt lon="-4.578620" lat="43.216299"><ele>433.0</ele></trkpt>
<trkpt lon="-4.578765" lat="43.216265"><ele>428.0</ele></trkpt>
<trkpt lon="-4.579017" lat="43.216235"><ele>420.5</ele></trkpt>
<trkpt lon="-4.579294" lat="43.216293"><ele>414.0</ele></trkpt>
<trkpt lon="-4.579312" lat="43.216392"><ele>413.0</ele></trkpt>
<trkpt lon="-4.579869" lat="43.216455"><ele>400.25</ele></trkpt>
<trkpt lon="-4.580537" lat="43.216595"><ele>385.5</ele></trkpt>
<trkpt lon="-4.580543" lat="43.216704"><ele>378.0</ele></trkpt>
<trkpt lon="-4.580967" lat="43.216695"><ele>373.25</ele></trkpt>
<trkpt lon="-4.581379" lat="43.216787"><ele>365.25</ele></trkpt>
<trkpt lon="-4.582555" lat="43.216889"><ele>353.75</ele></trkpt>
<trkpt lon="-4.583037" lat="43.216918"><ele>345.75</ele></trkpt>
<trkpt lon="-4.583630" lat="43.216887"><ele>337.0</ele></trkpt>
<trkpt lon="-4.583891" lat="43.216954"><ele>329.25</ele></trkpt>
<trkpt lon="-4.584279" lat="43.217037"><ele>319.25</ele></trkpt>
<trkpt lon="-4.584526" lat="43.217069"><ele>314.0</ele></trkpt>
<trkpt lon="-4.584861" lat="43.217143"><ele>305.0</ele></trkpt>
<trkpt lon="-4.585157" lat="43.217195"><ele>296.25</ele></trkpt>
<trkpt lon="-4.585449" lat="43.217213"><ele>289.75</ele></trkpt>
<trkpt lon="-4.585342" lat="43.217250"><ele>289.75</ele></trkpt>
<trkpt lon="-4.585233" lat="43.217268"><ele>290.75</ele></trkpt>
<trkpt lon="-4.585366" lat="43.217279"><ele>288.0</ele></trkpt>
<trkpt lon="-4.585597" lat="43.217245"><ele>285.75</ele></trkpt>
<trkpt lon="-4.585779" lat="43.217196"><ele>283.5</ele></trkpt>
<trkpt lon="-4.585873" lat="43.217152"><ele>281.0</ele></trkpt>
<trkpt lon="-4.585900" lat="43.217114"><ele>280.25</ele></trkpt>
<trkpt lon="-4.585924" lat="43.217051"><ele>280.0</ele></trkpt>
<trkpt lon="-4.586028" lat="43.216691"><ele>276.5</ele></trkpt>
<trkpt lon="-4.586089" lat="43.216587"><ele>273.5</ele></trkpt>
<trkpt lon="-4.586093" lat="43.216538"><ele>273.0</ele></trkpt>
<trkpt lon="-4.586112" lat="43.216470"><ele>272.25</ele></trkpt>
<trkpt lon="-4.586137" lat="43.216430"><ele>271.25</ele></trkpt>
<trkpt lon="-4.586199" lat="43.216368"><ele>269.0</ele></trkpt>
<trkpt lon="-4.586233" lat="43.216314"><ele>267.5</ele></trkpt>
<trkpt lon="-4.586265" lat="43.216230"><ele>265.5</ele></trkpt>
<trkpt lon="-4.586269" lat="43.216180"><ele>264.75</ele></trkpt>
<trkpt lon="-4.586234" lat="43.216061"><ele>263.5</ele></trkpt>
<trkpt lon="-4.586231" lat="43.216014"><ele>262.25</ele></trkpt>
<trkpt lon="-4.586261" lat="43.215989"><ele>260.75</ele></trkpt>
<trkpt lon="-4.586332" lat="43.215997"><ele>258.75</ele></trkpt>
<trkpt lon="-4.586433" lat="43.216033"><ele>257.0</ele></trkpt>
<trkpt lon="-4.586504" lat="43.216040"><ele>255.75</ele></trkpt>
<trkpt lon="-4.586550" lat="43.216026"><ele>254.5</ele></trkpt>
<trkpt lon="-4.586547" lat="43.215968"><ele>253.5</ele></trkpt>
<trkpt lon="-4.586412" lat="43.215827"><ele>252.5</ele></trkpt>
<trkpt lon="-4.586432" lat="43.215678"><ele>250.0</ele></trkpt>
<trkpt lon="-4.586528" lat="43.215491"><ele>245.5</ele></trkpt>
<trkpt lon="-4.586528" lat="43.215455"><ele>244.75</ele></trkpt>
<trkpt lon="-4.586601" lat="43.215382"><ele>242.5</ele></trkpt>
<trkpt lon="-4.586692" lat="43.215290"><ele>239.75</ele></trkpt>
<trkpt lon="-4.586682" lat="43.215253"><ele>239.25</ele></trkpt>
<trkpt lon="-4.586599" lat="43.215225"><ele>239.5</ele></trkpt>
<trkpt lon="-4.586620" lat="43.215138"><ele>237.75</ele></trkpt>
<trkpt lon="-4.586563" lat="43.215079"><ele>237.0</ele></trkpt>
<trkpt lon="-4.586575" lat="43.215058"><ele>236.5</ele></trkpt>
<trkpt lon="-4.586616" lat="43.214993"><ele>235.25</ele></trkpt>
<trkpt lon="-4.586666" lat="43.214961"><ele>235.5</ele></trkpt>
<trkpt lon="-4.586738" lat="43.214942"><ele>235.25</ele></trkpt>
<trkpt lon="-4.586884" lat="43.214816"><ele>236.0</ele></trkpt>
<trkpt lon="-4.587023" lat="43.214726"><ele>235.75</ele></trkpt>
<trkpt lon="-4.587044" lat="43.214667"><ele>235.75</ele></trkpt>
<trkpt lon="-4.587081" lat="43.214700"><ele>235.0</ele></trkpt>
<trkpt lon="-4.587305" lat="43.214778"><ele>231.75</ele></trkpt>
<trkpt lon="-4.587459" lat="43.214801"><ele>230.25</ele></trkpt>
<trkpt lon="-4.587562" lat="43.214795"><ele>229.5</ele></trkpt>
<trkpt lon="-4.587688" lat="43.214775"><ele>228.5</ele></trkpt>
<trkpt lon="-4.587851" lat="43.214765"><ele>226.75</ele></trkpt>
<trkpt lon="-4.587969" lat="43.214814"><ele>225.25</ele></trkpt>
<trkpt lon="-4.588112" lat="43.214858"><ele>223.5</ele></trkpt>
<trkpt lon="-4.588259" lat="43.214971"><ele>222.25</ele></trkpt>
<trkpt lon="-4.588319" lat="43.214989"><ele>222.0</ele></trkpt>
<trkpt lon="-4.588419" lat="43.214996"><ele>221.25</ele></trkpt>
<trkpt lon="-4.588573" lat="43.214997"><ele>220.25</ele></trkpt>
<trkpt lon="-4.588692" lat="43.215023"><ele>219.0</ele></trkpt>
<trkpt lon="-4.588818" lat="43.215087"><ele>217.5</ele></trkpt>
<trkpt lon="-4.589089" lat="43.215183"><ele>214.75</ele></trkpt>
<trkpt lon="-4.589220" lat="43.215212"><ele>213.25</ele></trkpt>
<trkpt lon="-4.589348" lat="43.215269"><ele>212.0</ele></trkpt>
<trkpt lon="-4.589461" lat="43.215296"><ele>211.0</ele></trkpt>
<trkpt lon="-4.589587" lat="43.215268"><ele>210.0</ele></trkpt>
<trkpt lon="-4.589770" lat="43.215205"><ele>208.75</ele></trkpt>
<trkpt lon="-4.589750" lat="43.215145"><ele>209.25</ele></trkpt>
<trkpt lon="-4.589753" lat="43.215078"><ele>209.25</ele></trkpt>
<trkpt lon="-4.589790" lat="43.214938"><ele>209.5</ele></trkpt>
<trkpt lon="-4.589813" lat="43.214852"><ele>209.5</ele></trkpt>
<trkpt lon="-4.589817" lat="43.214689"><ele>209.5</ele></trkpt>
<trkpt lon="-4.589802" lat="43.214289"><ele>209.0</ele></trkpt>
<trkpt lon="-4.589766" lat="43.214183"><ele>209.5</ele></trkpt>
<trkpt lon="-4.589614" lat="43.213916"><ele>209.5</ele></trkpt>
<trkpt lon="-4.589559" lat="43.213787"><ele>211.25</ele></trkpt>
<trkpt lon="-4.589562" lat="43.213700"><ele>212.0</ele></trkpt>
<trkpt lon="-4.589600" lat="43.213612"><ele>212.75</ele></trkpt>
<trkpt lon="-4.589799" lat="43.213414"><ele>214.75</ele></trkpt>
<trkpt lon="-4.589929" lat="43.213274"><ele>215.5</ele></trkpt>
<trkpt lon="-4.589957" lat="43.213176"><ele>216.25</ele></trkpt>
<trkpt lon="-4.589962" lat="43.213093"><ele>217.0</ele></trkpt>
<trkpt lon="-4.590051" lat="43.213057"><ele>215.5</ele></trkpt>
<trkpt lon="-4.590100" lat="43.213010"><ele>214.25</ele></trkpt>
<trkpt lon="-4.590294" lat="43.212717"><ele>214.75</ele></trkpt>
<trkpt lon="-4.590343" lat="43.212683"><ele>214.25</ele></trkpt>
<trkpt lon="-4.590424" lat="43.212639"><ele>213.0</ele></trkpt>
<trkpt lon="-4.590542" lat="43.212595"><ele>211.0</ele></trkpt>
<trkpt lon="-4.591143" lat="43.212383"><ele>207.5</ele></trkpt>
<trkpt lon="-4.591245" lat="43.212357"><ele>207.25</ele></trkpt>
<trkpt lon="-4.591462" lat="43.212318"><ele>206.25</ele></trkpt>
<trkpt lon="-4.592010" lat="43.212248"><ele>205.25</ele></trkpt>
<trkpt lon="-4.592807" lat="43.212247"><ele>203.75</ele></trkpt>
<trkpt lon="-4.592892" lat="43.212243"><ele>203.5</ele></trkpt>
<trkpt lon="-4.593229" lat="43.212169"><ele>208.25</ele></trkpt>
<trkpt lon="-4.593349" lat="43.212156"><ele>209.25</ele></trkpt>
<trkpt lon="-4.593668" lat="43.212170"><ele>207.75</ele></trkpt>
<trkpt lon="-4.593886" lat="43.212179"><ele>207.25</ele></trkpt>
<trkpt lon="-4.593986" lat="43.212166"><ele>206.75</ele></trkpt>
<trkpt lon="-4.594059" lat="43.212145"><ele>207.0</ele></trkpt>
<trkpt lon="-4.594314" lat="43.212100"><ele>207.5</ele></trkpt>
<trkpt lon="-4.594301" lat="43.212160"><ele>207.75</ele></trkpt>
<trkpt lon="-4.594313" lat="43.212233"><ele>208.0</ele></trkpt>
<trkpt lon="-4.594352" lat="43.212297"><ele>208.25</ele></trkpt>
<trkpt lon="-4.594410" lat="43.212364"><ele>208.5</ele></trkpt>
<trkpt lon="-4.594439" lat="43.212438"><ele>209.0</ele></trkpt>
<trkpt lon="-4.594439" lat="43.212505"><ele>209.0</ele></trkpt>
<trkpt lon="-4.594413" lat="43.212570"><ele>209.25</ele></trkpt>
<trkpt lon="-4.594376" lat="43.212619"><ele>209.5</ele></trkpt>
<trkpt lon="-4.594344" lat="43.212646"><ele>209.75</ele></trkpt>
<trkpt lon="-4.594215" lat="43.212719"><ele>208.0</ele></trkpt>
<trkpt lon="-4.594103" lat="43.212767"><ele>207.0</ele></trkpt>
<trkpt lon="-4.593890" lat="43.212824"><ele>209.25</ele></trkpt>
<trkpt lon="-4.593356" lat="43.212910"><ele>208.25</ele></trkpt>
<trkpt lon="-4.593082" lat="43.212938"><ele>206.25</ele></trkpt>
<trkpt lon="-4.592950" lat="43.212957"><ele>205.0</ele></trkpt>
<trkpt lon="-4.592756" lat="43.212991"><ele>203.75</ele></trkpt>
<trkpt lon="-4.592695" lat="43.213012"><ele>204.25</ele></trkpt>
<trkpt lon="-4.592736" lat="43.213052"><ele>205.5</ele></trkpt>
<trkpt lon="-4.592771" lat="43.213078"><ele>206.25</ele></trkpt>
<trkpt lon="-4.592834" lat="43.213053"><ele>206.75</ele></trkpt>
<trkpt lon="-4.592909" lat="43.213036"><ele>207.5</ele></trkpt>
<trkpt lon="-4.593050" lat="43.213044"><ele>210.25</ele></trkpt>
<trkpt lon="-4.593175" lat="43.213073"><ele>213.5</ele></trkpt>
<trkpt lon="-4.593232" lat="43.213125"><ele>215.25</ele></trkpt>
<trkpt lon="-4.593321" lat="43.213265"><ele>218.75</ele></trkpt>
<trkpt lon="-4.593451" lat="43.213401"><ele>223.75</ele></trkpt>
<trkpt lon="-4.593634" lat="43.213621"><ele>227.5</ele></trkpt>
<trkpt lon="-4.593731" lat="43.213699"><ele>230.0</ele></trkpt>
<trkpt lon="-4.593914" lat="43.213833"><ele>232.0</ele></trkpt>
<trkpt lon="-4.594023" lat="43.213888"><ele>233.75</ele></trkpt>
<trkpt lon="-4.594169" lat="43.213936"><ele>237.0</ele></trkpt>
<trkpt lon="-4.594349" lat="43.213958"><ele>239.75</ele></trkpt>
<trkpt lon="-4.594575" lat="43.213920"><ele>244.25</ele></trkpt>
<trkpt lon="-4.594770" lat="43.213918"><ele>246.5</ele></trkpt>
<trkpt lon="-4.594929" lat="43.213956"><ele>246.75</ele></trkpt>
<trkpt lon="-4.595198" lat="43.213982"><ele>249.75</ele></trkpt>
<trkpt lon="-4.595532" lat="43.213964"><ele>254.0</ele></trkpt>
<trkpt lon="-4.595742" lat="43.213904"><ele>257.0</ele></trkpt>
<trkpt lon="-4.595969" lat="43.213867"><ele>260.75</ele></trkpt>
<trkpt lon="-4.596180" lat="43.213859"><ele>264.5</ele></trkpt>
<trkpt lon="-4.596372" lat="43.213925"><ele>266.5</ele></trkpt>
<trkpt lon="-4.596573" lat="43.214024"><ele>268.75</ele></trkpt>
<trkpt lon="-4.596751" lat="43.214081"><ele>270.75</ele></trkpt>
<trkpt lon="-4.596964" lat="43.214158"><ele>272.75</ele></trkpt>
<trkpt lon="-4.597248" lat="43.214282"><ele>278.0</ele></trkpt>
<trkpt lon="-4.597439" lat="43.214391"><ele>279.5</ele></trkpt>
<trkpt lon="-4.597625" lat="43.214512"><ele>282.5</ele></trkpt>
<trkpt lon="-4.597772" lat="43.214619"><ele>285.75</ele></trkpt>
<trkpt lon="-4.597803" lat="43.214672"><ele>286.25</ele></trkpt>
<trkpt lon="-4.597757" lat="43.214702"><ele>285.75</ele></trkpt>
<trkpt lon="-4.597630" lat="43.214750"><ele>285.25</ele></trkpt>
<trkpt lon="-4.597505" lat="43.214783"><ele>285.5</ele></trkpt>
<trkpt lon="-4.597364" lat="43.214883"><ele>291.0</ele></trkpt>
<trkpt lon="-4.597204" lat="43.214908"><ele>293.0</ele></trkpt>
<trkpt lon="-4.597178" lat="43.214921"><ele>293.5</ele></trkpt>
<trkpt lon="-4.597080" lat="43.214970"><ele>295.0</ele></trkpt>
<trkpt lon="-4.597011" lat="43.215032"><ele>296.5</ele></trkpt>
<trkpt lon="-4.597031" lat="43.215071"><ele>297.75</ele></trkpt>
<trkpt lon="-4.597103" lat="43.215096"><ele>299.0</ele></trkpt>
<trkpt lon="-4.597216" lat="43.215105"><ele>300.0</ele></trkpt>
<trkpt lon="-4.597402" lat="43.215195"><ele>302.0</ele></trkpt>
<trkpt lon="-4.597546" lat="43.215280"><ele>305.0</ele></trkpt>
<trkpt lon="-4.597797" lat="43.215314"><ele>306.75</ele></trkpt>
<trkpt lon="-4.597934" lat="43.215314"><ele>305.5</ele></trkpt>
<trkpt lon="-4.598211" lat="43.215337"><ele>305.5</ele></trkpt>
<trkpt lon="-4.598492" lat="43.215330"><ele>306.5</ele></trkpt>
<trkpt lon="-4.598660" lat="43.215294"><ele>307.5</ele></trkpt>
<trkpt lon="-4.598766" lat="43.215166"><ele>307.75</ele></trkpt>
<trkpt lon="-4.598808" lat="43.215081"><ele>307.75</ele></trkpt>
<trkpt lon="-4.598831" lat="43.214999"><ele>307.5</ele></trkpt>
<trkpt lon="-4.598797" lat="43.214925"><ele>307.5</ele></trkpt>
<trkpt lon="-4.598730" lat="43.214810"><ele>307.25</ele></trkpt>
<trkpt lon="-4.598409" lat="43.214540"><ele>307.25</ele></trkpt>
<trkpt lon="-4.598282" lat="43.214392"><ele>309.0</ele></trkpt>
<trkpt lon="-4.598256" lat="43.214329"><ele>309.5</ele></trkpt>
<trkpt lon="-4.598223" lat="43.214094"><ele>312.75</ele></trkpt>
<trkpt lon="-4.598246" lat="43.214022"><ele>313.0</ele></trkpt>
<trkpt lon="-4.598263" lat="43.213998"><ele>313.25</ele></trkpt>
<trkpt lon="-4.598288" lat="43.213991"><ele>313.25</ele></trkpt>
<trkpt lon="-4.598592" lat="43.214010"><ele>316.0</ele></trkpt>
<trkpt lon="-4.598902" lat="43.213983"><ele>315.25</ele></trkpt>
<trkpt lon="-4.599177" lat="43.213923"><ele>314.5</ele></trkpt>
<trkpt lon="-4.599238" lat="43.213865"><ele>312.75</ele></trkpt>
<trkpt lon="-4.599392" lat="43.213835"><ele>313.5</ele></trkpt>
<trkpt lon="-4.599500" lat="43.213794"><ele>314.5</ele></trkpt>
<trkpt lon="-4.599543" lat="43.213761"><ele>314.75</ele></trkpt>
<trkpt lon="-4.599556" lat="43.213713"><ele>313.5</ele></trkpt>
<trkpt lon="-4.599592" lat="43.213651"><ele>312.75</ele></trkpt>
<trkpt lon="-4.599695" lat="43.213516"><ele>309.25</ele></trkpt>
<trkpt lon="-4.599883" lat="43.213412"><ele>308.75</ele></trkpt>
<trkpt lon="-4.600060" lat="43.213377"><ele>310.25</ele></trkpt>
<trkpt lon="-4.600241" lat="43.213380"><ele>309.5</ele></trkpt>
<trkpt lon="-4.600346" lat="43.213348"><ele>309.5</ele></trkpt>
<trkpt lon="-4.600625" lat="43.213110"><ele>300.0</ele></trkpt>
<trkpt lon="-4.600674" lat="43.213054"><ele>297.0</ele></trkpt>
<trkpt lon="-4.600961" lat="43.212793"><ele>287.5</ele></trkpt>
<trkpt lon="-4.601211" lat="43.212719"><ele>285.5</ele></trkpt>
<trkpt lon="-4.601511" lat="43.212702"><ele>285.75</ele></trkpt>
<trkpt lon="-4.601734" lat="43.212644"><ele>285.5</ele></trkpt>
<trkpt lon="-4.602140" lat="43.212486"><ele>288.0</ele></trkpt>
<trkpt lon="-4.602353" lat="43.212349"><ele>290.0</ele></trkpt>
<trkpt lon="-4.602384" lat="43.212280"><ele>289.0</ele></trkpt>
<trkpt lon="-4.602413" lat="43.212226"><ele>288.0</ele></trkpt>
<trkpt lon="-4.602469" lat="43.212160"><ele>292.5</ele></trkpt>
<trkpt lon="-4.602570" lat="43.212092"><ele>297.0</ele></trkpt>
<trkpt lon="-4.602690" lat="43.212049"><ele>298.5</ele></trkpt>
<trkpt lon="-4.602965" lat="43.211900"><ele>303.25</ele></trkpt>
<trkpt lon="-4.603444" lat="43.211804"><ele>313.75</ele></trkpt>
<trkpt lon="-4.603563" lat="43.211705"><ele>317.0</ele></trkpt>
<trkpt lon="-4.603844" lat="43.211632"><ele>320.25</ele></trkpt>
<trkpt lon="-4.604235" lat="43.211632"><ele>324.5</ele></trkpt>
<trkpt lon="-4.604343" lat="43.211614"><ele>327.75</ele></trkpt>
<trkpt lon="-4.604473" lat="43.211635"><ele>327.75</ele></trkpt>
<trkpt lon="-4.604567" lat="43.211628"><ele>330.0</ele></trkpt>
<trkpt lon="-4.604846" lat="43.211578"><ele>336.75</ele></trkpt>
<trkpt lon="-4.605015" lat="43.211556"><ele>337.75</ele></trkpt>
<trkpt lon="-4.605246" lat="43.211444"><ele>338.5</ele></trkpt>
<trkpt lon="-4.605894" lat="43.211188"><ele>353.5</ele></trkpt>
<trkpt lon="-4.606096" lat="43.211203"><ele>352.75</ele></trkpt>
<trkpt lon="-4.606223" lat="43.211143"><ele>356.25</ele></trkpt>
<trkpt lon="-4.606472" lat="43.211162"><ele>359.25</ele></trkpt>
<trkpt lon="-4.606555" lat="43.211101"><ele>360.5</ele></trkpt>
<trkpt lon="-4.606655" lat="43.210949"><ele>365.5</ele></trkpt>
<trkpt lon="-4.606738" lat="43.210794"><ele>370.5</ele></trkpt>
<trkpt lon="-4.606960" lat="43.210688"><ele>373.25</ele></trkpt>
<trkpt lon="-4.607134" lat="43.210583"><ele>376.0</ele></trkpt>
<trkpt lon="-4.607412" lat="43.210562"><ele>374.75</ele></trkpt>
<trkpt lon="-4.607535" lat="43.210535"><ele>377.0</ele></trkpt>
<trkpt lon="-4.607743" lat="43.210516"><ele>380.0</ele></trkpt>
<trkpt lon="-4.607921" lat="43.210521"><ele>382.75</ele></trkpt>
<trkpt lon="-4.608068" lat="43.210544"><ele>384.0</ele></trkpt>
<trkpt lon="-4.608155" lat="43.210583"><ele>385.0</ele></trkpt>
<trkpt lon="-4.608160" lat="43.210598"><ele>385.5</ele></trkpt>
<trkpt lon="-4.608611" lat="43.210684"><ele>395.75</ele></trkpt>
<trkpt lon="-4.609110" lat="43.210633"><ele>397.25</ele></trkpt>
<trkpt lon="-4.609282" lat="43.210592"><ele>398.0</ele></trkpt>
<trkpt lon="-4.609427" lat="43.210526"><ele>398.75</ele></trkpt>
<trkpt lon="-4.609574" lat="43.210489"><ele>401.5</ele></trkpt>
<trkpt lon="-4.609601" lat="43.210379"><ele>402.25</ele></trkpt>
<trkpt lon="-4.609606" lat="43.210353"><ele>402.25</ele></trkpt>
<trkpt lon="-4.609623" lat="43.210282"><ele>401.75</ele></trkpt>
<trkpt lon="-4.609677" lat="43.210233"><ele>402.5</ele></trkpt>
<trkpt lon="-4.609725" lat="43.210173"><ele>404.25</ele></trkpt>
<trkpt lon="-4.609891" lat="43.210030"><ele>411.5</ele></trkpt>
<trkpt lon="-4.609961" lat="43.209958"><ele>413.25</ele></trkpt>
<trkpt lon="-4.610049" lat="43.209907"><ele>414.5</ele></trkpt>
<trkpt lon="-4.610237" lat="43.209831"><ele>417.75</ele></trkpt>
<trkpt lon="-4.610492" lat="43.209750"><ele>418.75</ele></trkpt>
<trkpt lon="-4.610666" lat="43.209719"><ele>418.5</ele></trkpt>
<trkpt lon="-4.610800" lat="43.209649"><ele>419.75</ele></trkpt>
<trkpt lon="-4.610916" lat="43.209567"><ele>421.5</ele></trkpt>
<trkpt lon="-4.611020" lat="43.209467"><ele>423.75</ele></trkpt>
<trkpt lon="-4.611154" lat="43.209432"><ele>424.5</ele></trkpt>
<trkpt lon="-4.611377" lat="43.209426"><ele>425.75</ele></trkpt>
<trkpt lon="-4.611691" lat="43.209383"><ele>426.75</ele></trkpt>
<trkpt lon="-4.611943" lat="43.209321"><ele>428.25</ele></trkpt>
<trkpt lon="-4.612184" lat="43.209334"><ele>427.25</ele></trkpt>
<trkpt lon="-4.612401" lat="43.209277"><ele>430.5</ele></trkpt>
<trkpt lon="-4.612598" lat="43.209191"><ele>434.75</ele></trkpt>
<trkpt lon="-4.612731" lat="43.209211"><ele>435.0</ele></trkpt>
<trkpt lon="-4.614062" lat="43.208624"><ele>458.0</ele></trkpt>
<trkpt lon="-4.614150" lat="43.208587"><ele>459.5</ele></trkpt>
<trkpt lon="-4.614319" lat="43.208422"><ele>463.0</ele></trkpt>
<trkpt lon="-4.614429" lat="43.208196"><ele>467.0</ele></trkpt>
<trkpt lon="-4.614633" lat="43.207982"><ele>469.75</ele></trkpt>
<trkpt lon="-4.614805" lat="43.207828"><ele>471.75</ele></trkpt>
<trkpt lon="-4.614738" lat="43.207748"><ele>474.5</ele></trkpt>
<trkpt lon="-4.614765" lat="43.207656"><ele>476.75</ele></trkpt>
<trkpt lon="-4.614890" lat="43.207534"><ele>479.25</ele></trkpt>
<trkpt lon="-4.614843" lat="43.207429"><ele>482.25</ele></trkpt>
<trkpt lon="-4.614660" lat="43.207332"><ele>485.25</ele></trkpt>
<trkpt lon="-4.614309" lat="43.207279"><ele>489.75</ele></trkpt>
<trkpt lon="-4.614073" lat="43.207222"><ele>492.5</ele></trkpt>
<trkpt lon="-4.613960" lat="43.207095"><ele>495.25</ele></trkpt>
<trkpt lon="-4.613783" lat="43.206808"><ele>502.5</ele></trkpt>
<trkpt lon="-4.613633" lat="43.206747"><ele>504.5</ele></trkpt>
<trkpt lon="-4.613579" lat="43.206733"><ele>505.5</ele></trkpt>
<trkpt lon="-4.613544" lat="43.206706"><ele>507.0</ele></trkpt>
<trkpt lon="-4.613548" lat="43.206674"><ele>508.0</ele></trkpt>
<trkpt lon="-4.613571" lat="43.206651"><ele>508.5</ele></trkpt>
<trkpt lon="-4.613643" lat="43.206624"><ele>508.75</ele></trkpt>
<trkpt lon="-4.614022" lat="43.206513"><ele>514.0</ele></trkpt>
<trkpt lon="-4.614215" lat="43.206485"><ele>517.0</ele></trkpt>
<trkpt lon="-4.614352" lat="43.206491"><ele>520.0</ele></trkpt>
<trkpt lon="-4.614467" lat="43.206506"><ele>521.25</ele></trkpt>
<trkpt lon="-4.614573" lat="43.206472"><ele>522.0</ele></trkpt>
<trkpt lon="-4.614667" lat="43.206399"><ele>524.25</ele></trkpt>
<trkpt lon="-4.614859" lat="43.206149"><ele>530.25</ele></trkpt>
<trkpt lon="-4.614843" lat="43.206075"><ele>530.75</ele></trkpt>
<trkpt lon="-4.614795" lat="43.206028"><ele>530.25</ele></trkpt>
<trkpt lon="-4.614746" lat="43.206008"><ele>530.0</ele></trkpt>
<trkpt lon="-4.614107" lat="43.205837"><ele>530.5</ele></trkpt>
<trkpt lon="-4.613472" lat="43.205617"><ele>533.5</ele></trkpt>
<trkpt lon="-4.613217" lat="43.205522"><ele>535.0</ele></trkpt>
<trkpt lon="-4.613178" lat="43.205495"><ele>535.25</ele></trkpt>
<trkpt lon="-4.613135" lat="43.205440"><ele>535.75</ele></trkpt>
<trkpt lon="-4.613115" lat="43.205410"><ele>536.0</ele></trkpt>
<trkpt lon="-4.613059" lat="43.205269"><ele>537.0</ele></trkpt>
<trkpt lon="-4.613014" lat="43.205155"><ele>538.25</ele></trkpt>
<trkpt lon="-4.612347" lat="43.205133"><ele>539.25</ele></trkpt>
<trkpt lon="-4.611483" lat="43.205153"><ele>536.75</ele></trkpt>
<trkpt lon="-4.611365" lat="43.205145"><ele>535.75</ele></trkpt>
<trkpt lon="-4.612131" lat="43.204769"><ele>539.0</ele></trkpt>
<trkpt lon="-4.612171" lat="43.204749"><ele>539.5</ele></trkpt>
<trkpt lon="-4.612768" lat="43.204563"><ele>545.75</ele></trkpt>
<trkpt lon="-4.613496" lat="43.204401"><ele>555.25</ele></trkpt>
<trkpt lon="-4.613882" lat="43.204239"><ele>561.25</ele></trkpt>
<trkpt lon="-4.614505" lat="43.203942"><ele>571.75</ele></trkpt>
<trkpt lon="-4.614746" lat="43.203783"><ele>576.75</ele></trkpt>
<trkpt lon="-4.614792" lat="43.203721"><ele>578.25</ele></trkpt>
<trkpt lon="-4.614785" lat="43.203639"><ele>579.5</ele></trkpt>
<trkpt lon="-4.614761" lat="43.203606"><ele>580.25</ele></trkpt>
<trkpt lon="-4.614714" lat="43.203578"><ele>580.75</ele></trkpt>
<trkpt lon="-4.614601" lat="43.203530"><ele>582.0</ele></trkpt>
<trkpt lon="-4.614510" lat="43.203470"><ele>583.25</ele></trkpt>
<trkpt lon="-4.614492" lat="43.203426"><ele>584.0</ele></trkpt>
<trkpt lon="-4.614494" lat="43.203384"><ele>585.0</ele></trkpt>
<trkpt lon="-4.614515" lat="43.203338"><ele>586.25</ele></trkpt>
<trkpt lon="-4.614880" lat="43.203125"><ele>591.25</ele></trkpt>
<trkpt lon="-4.615065" lat="43.202989"><ele>595.5</ele></trkpt>
<trkpt lon="-4.615132" lat="43.202894"><ele>597.25</ele></trkpt>
<trkpt lon="-4.615138" lat="43.202782"><ele>598.25</ele></trkpt>
<trkpt lon="-4.615170" lat="43.202639"><ele>599.25</ele></trkpt>
<trkpt lon="-4.615258" lat="43.202536"><ele>601.25</ele></trkpt>
<trkpt lon="-4.615376" lat="43.202452"><ele>602.5</ele></trkpt>
<trkpt lon="-4.615522" lat="43.202379"><ele>603.5</ele></trkpt>
<trkpt lon="-4.615693" lat="43.202311"><ele>605.75</ele></trkpt>
<trkpt lon="-4.616162" lat="43.202159"><ele>611.25</ele></trkpt>
<trkpt lon="-4.617425" lat="43.201822"><ele>626.5</ele></trkpt>
<trkpt lon="-4.617580" lat="43.201795"><ele>628.0</ele></trkpt>
<trkpt lon="-4.617734" lat="43.201788"><ele>629.5</ele></trkpt>
<trkpt lon="-4.618229" lat="43.201853"><ele>631.25</ele></trkpt>
<trkpt lon="-4.618533" lat="43.201887"><ele>631.5</ele></trkpt>
<trkpt lon="-4.618899" lat="43.201904"><ele>633.0</ele></trkpt>
<trkpt lon="-4.619276" lat="43.201897"><ele>635.25</ele></trkpt>
<trkpt lon="-4.619665" lat="43.201907"><ele>637.5</ele></trkpt>
<trkpt lon="-4.620113" lat="43.201899"><ele>640.75</ele></trkpt>
<trkpt lon="-4.620404" lat="43.201911"><ele>642.75</ele></trkpt>
<trkpt lon="-4.620808" lat="43.201875"><ele>645.0</ele></trkpt>
<trkpt lon="-4.621069" lat="43.201903"><ele>646.75</ele></trkpt>
<trkpt lon="-4.621620" lat="43.201936"><ele>651.75</ele></trkpt>
<trkpt lon="-4.621968" lat="43.201912"><ele>654.75</ele></trkpt>
<trkpt lon="-4.622068" lat="43.201885"><ele>656.25</ele></trkpt>
<trkpt lon="-4.622094" lat="43.201834"><ele>657.5</ele></trkpt>
<trkpt lon="-4.622066" lat="43.201796"><ele>658.25</ele></trkpt>
<trkpt lon="-4.621910" lat="43.201712"><ele>658.5</ele></trkpt>
<trkpt lon="-4.621832" lat="43.201640"><ele>659.0</ele></trkpt>
<trkpt lon="-4.621755" lat="43.201512"><ele>660.25</ele></trkpt>
<trkpt lon="-4.621708" lat="43.201421"><ele>661.0</ele></trkpt>
<trkpt lon="-4.621690" lat="43.201313"><ele>662.0</ele></trkpt>
<trkpt lon="-4.621702" lat="43.201213"><ele>663.25</ele></trkpt>
<trkpt lon="-4.621795" lat="43.200916"><ele>667.5</ele></trkpt>
<trkpt lon="-4.621848" lat="43.200815"><ele>669.25</ele></trkpt>
<trkpt lon="-4.622054" lat="43.200589"><ele>673.75</ele></trkpt>
<trkpt lon="-4.622392" lat="43.200258"><ele>679.75</ele></trkpt>
<trkpt lon="-4.622485" lat="43.200182"><ele>681.25</ele></trkpt>
<trkpt lon="-4.622581" lat="43.200128"><ele>683.0</ele></trkpt>
<trkpt lon="-4.622664" lat="43.200111"><ele>684.5</ele></trkpt>
<trkpt lon="-4.622720" lat="43.200113"><ele>685.5</ele></trkpt>
<trkpt lon="-4.622783" lat="43.200143"><ele>687.0</ele></trkpt>
<trkpt lon="-4.622822" lat="43.200212"><ele>688.0</ele></trkpt>
<trkpt lon="-4.622884" lat="43.200280"><ele>689.75</ele></trkpt>
<trkpt lon="-4.623017" lat="43.200381"><ele>691.75</ele></trkpt>
<trkpt lon="-4.623206" lat="43.200463"><ele>694.25</ele></trkpt>
<trkpt lon="-4.623419" lat="43.200536"><ele>696.25</ele></trkpt>
<trkpt lon="-4.623772" lat="43.200626"><ele>700.25</ele></trkpt>
<trkpt lon="-4.624108" lat="43.200741"><ele>704.25</ele></trkpt>
<trkpt lon="-4.624278" lat="43.200826"><ele>706.5</ele></trkpt>
<trkpt lon="-4.624419" lat="43.200905"><ele>708.5</ele></trkpt>
<trkpt lon="-4.624607" lat="43.201049"><ele>712.5</ele></trkpt>
<trkpt lon="-4.624737" lat="43.201135"><ele>715.5</ele></trkpt>
<trkpt lon="-4.624885" lat="43.201194"><ele>716.75</ele></trkpt>
<trkpt lon="-4.625029" lat="43.201218"><ele>719.0</ele></trkpt>
<trkpt lon="-4.625550" lat="43.201283"><ele>728.5</ele></trkpt>
<trkpt lon="-4.625669" lat="43.201249"><ele>730.0</ele></trkpt>
<trkpt lon="-4.626070" lat="43.201058"><ele>734.5</ele></trkpt>
<trkpt lon="-4.626236" lat="43.200956"><ele>737.0</ele></trkpt>
<trkpt lon="-4.626407" lat="43.200823"><ele>739.25</ele></trkpt>
<trkpt lon="-4.627057" lat="43.200409"><ele>751.0</ele></trkpt>
<trkpt lon="-4.627179" lat="43.200315"><ele>752.0</ele></trkpt>
<trkpt lon="-4.627272" lat="43.200232"><ele>752.25</ele></trkpt>
<trkpt lon="-4.627363" lat="43.200174"><ele>753.25</ele></trkpt>
<trkpt lon="-4.627458" lat="43.200146"><ele>754.75</ele></trkpt>
<trkpt lon="-4.627567" lat="43.200144"><ele>756.0</ele></trkpt>
<trkpt lon="-4.627831" lat="43.200173"><ele>758.75</ele></trkpt>
<trkpt lon="-4.628050" lat="43.200260"><ele>762.0</ele></trkpt>
<trkpt lon="-4.628452" lat="43.200475"><ele>767.5</ele></trkpt>
<trkpt lon="-4.628948" lat="43.200831"><ele>773.75</ele></trkpt>
<trkpt lon="-4.629115" lat="43.200964"><ele>775.5</ele></trkpt>
<trkpt lon="-4.629267" lat="43.201112"><ele>776.5</ele></trkpt>
<trkpt lon="-4.629605" lat="43.201484"><ele>782.25</ele></trkpt>
<trkpt lon="-4.629792" lat="43.201648"><ele>783.25</ele></trkpt>
<trkpt lon="-4.629991" lat="43.201805"><ele>786.0</ele></trkpt>
<trkpt lon="-4.630149" lat="43.201899"><ele>787.25</ele></trkpt>
<trkpt lon="-4.630340" lat="43.202000"><ele>789.25</ele></trkpt>
<trkpt lon="-4.630533" lat="43.202072"><ele>791.0</ele></trkpt>
<trkpt lon="-4.630775" lat="43.202135"><ele>792.5</ele></trkpt>
<trkpt lon="-4.631292" lat="43.202227"><ele>797.75</ele></trkpt>
<trkpt lon="-4.631929" lat="43.202406"><ele>803.5</ele></trkpt>
<trkpt lon="-4.632003" lat="43.202422"><ele>804.25</ele></trkpt>
<trkpt lon="-4.632084" lat="43.202427"><ele>805.0</ele></trkpt>
<trkpt lon="-4.632153" lat="43.202415"><ele>805.25</ele></trkpt>
<trkpt lon="-4.632460" lat="43.202301"><ele>807.75</ele></trkpt>
<trkpt lon="-4.632630" lat="43.202251"><ele>810.5</ele></trkpt>
<trkpt lon="-4.633246" lat="43.202132"><ele>820.0</ele></trkpt>
<trkpt lon="-4.633463" lat="43.202097"><ele>823.5</ele></trkpt>
<trkpt lon="-4.633564" lat="43.202093"><ele>825.25</ele></trkpt>
<trkpt lon="-4.633652" lat="43.202098"><ele>826.75</ele></trkpt>
<trkpt lon="-4.633946" lat="43.202146"><ele>830.5</ele></trkpt>
<trkpt lon="-4.634457" lat="43.202190"><ele>837.25</ele></trkpt>
<trkpt lon="-4.635211" lat="43.202215"><ele>847.25</ele></trkpt>
<trkpt lon="-4.635375" lat="43.202215"><ele>849.0</ele></trkpt>
<trkpt lon="-4.635533" lat="43.202202"><ele>851.0</ele></trkpt>
<trkpt lon="-4.635841" lat="43.202158"><ele>853.5</ele></trkpt>
<trkpt lon="-4.636161" lat="43.202090"><ele>853.75</ele></trkpt>
<trkpt lon="-4.636288" lat="43.202079"><ele>853.75</ele></trkpt>
<trkpt lon="-4.636445" lat="43.202086"><ele>854.0</ele></trkpt>
<trkpt lon="-4.636568" lat="43.202103"><ele>853.25</ele></trkpt>
<trkpt lon="-4.636951" lat="43.202166"><ele>851.75</ele></trkpt>
<trkpt lon="-4.637242" lat="43.202196"><ele>850.25</ele></trkpt>
<trkpt lon="-4.637551" lat="43.202203"><ele>849.0</ele></trkpt>
<trkpt lon="-4.637687" lat="43.202229"><ele>848.5</ele></trkpt>
<trkpt lon="-4.637797" lat="43.202261"><ele>849.25</ele></trkpt>
<trkpt lon="-4.637893" lat="43.202262"><ele>849.25</ele></trkpt>
<trkpt lon="-4.637969" lat="43.202249"><ele>848.5</ele></trkpt>
<trkpt lon="-4.638082" lat="43.202215"><ele>846.5</ele></trkpt>
<trkpt lon="-4.638360" lat="43.202190"><ele>844.75</ele></trkpt>
<trkpt lon="-4.638460" lat="43.202152"><ele>844.0</ele></trkpt>
<trkpt lon="-4.638510" lat="43.202110"><ele>843.0</ele></trkpt>
<trkpt lon="-4.638573" lat="43.202043"><ele>841.5</ele></trkpt>
<trkpt lon="-4.638666" lat="43.201971"><ele>840.5</ele></trkpt>
<trkpt lon="-4.638843" lat="43.201873"><ele>839.75</ele></trkpt>
<trkpt lon="-4.638956" lat="43.201818"><ele>839.25</ele></trkpt>
<trkpt lon="-4.639023" lat="43.201768"><ele>838.0</ele></trkpt>
<trkpt lon="-4.639225" lat="43.201878"><ele>842.0</ele></trkpt>
<trkpt lon="-4.639495" lat="43.201987"><ele>847.0</ele></trkpt>
<trkpt lon="-4.639638" lat="43.202028"><ele>849.5</ele></trkpt>
<trkpt lon="-4.639788" lat="43.202061"><ele>851.5</ele></trkpt>
<trkpt lon="-4.639904" lat="43.202075"><ele>852.75</ele></trkpt>
<trkpt lon="-4.640104" lat="43.202113"><ele>855.75</ele></trkpt>
<trkpt lon="-4.640207" lat="43.202152"><ele>858.25</ele></trkpt>
<trkpt lon="-4.640305" lat="43.202177"><ele>860.25</ele></trkpt>
<trkpt lon="-4.640520" lat="43.202204"><ele>863.0</ele></trkpt>
<trkpt lon="-4.640696" lat="43.202258"><ele>867.5</ele></trkpt>
<trkpt lon="-4.640792" lat="43.202266"><ele>868.75</ele></trkpt>
<trkpt lon="-4.640880" lat="43.202240"><ele>869.0</ele></trkpt>
<trkpt lon="-4.641065" lat="43.202138"><ele>871.0</ele></trkpt>
<trkpt lon="-4.641176" lat="43.202081"><ele>872.75</ele></trkpt>
<trkpt lon="-4.641449" lat="43.202001"><ele>878.25</ele></trkpt>
<trkpt lon="-4.641529" lat="43.201949"><ele>879.5</ele></trkpt>
<trkpt lon="-4.641632" lat="43.201793"><ele>880.0</ele></trkpt>
<trkpt lon="-4.641764" lat="43.201619"><ele>883.25</ele></trkpt>
<trkpt lon="-4.641895" lat="43.201410"><ele>887.5</ele></trkpt>
<trkpt lon="-4.641973" lat="43.201313"><ele>890.5</ele></trkpt>
<trkpt lon="-4.642055" lat="43.201163"><ele>892.75</ele></trkpt>
<trkpt lon="-4.642178" lat="43.200983"><ele>893.5</ele></trkpt>
<trkpt lon="-4.642345" lat="43.200854"><ele>894.75</ele></trkpt>
<trkpt lon="-4.642526" lat="43.200765"><ele>895.0</ele></trkpt>
<trkpt lon="-4.642697" lat="43.200726"><ele>896.0</ele></trkpt>
<trkpt lon="-4.642912" lat="43.200759"><ele>900.0</ele></trkpt>
<trkpt lon="-4.643153" lat="43.200824"><ele>905.0</ele></trkpt>
<trkpt lon="-4.643746" lat="43.200931"><ele>917.25</ele></trkpt>
<trkpt lon="-4.644013" lat="43.200959"><ele>920.0</ele></trkpt>
<trkpt lon="-4.644315" lat="43.201051"><ele>923.25</ele></trkpt>
<trkpt lon="-4.644384" lat="43.201180"><ele>925.75</ele></trkpt>
<trkpt lon="-4.644419" lat="43.201402"><ele>928.0</ele></trkpt>
<trkpt lon="-4.644543" lat="43.201481"><ele>926.75</ele></trkpt>
<trkpt lon="-4.644682" lat="43.201559"><ele>926.25</ele></trkpt>
<trkpt lon="-4.645017" lat="43.201657"><ele>923.25</ele></trkpt>
<trkpt lon="-4.645409" lat="43.201612"><ele>915.75</ele></trkpt>
<trkpt lon="-4.645594" lat="43.201639"><ele>915.0</ele></trkpt>
<trkpt lon="-4.645833" lat="43.201664"><ele>911.75</ele></trkpt>
<trkpt lon="-4.646020" lat="43.201696"><ele>911.0</ele></trkpt>
<trkpt lon="-4.646420" lat="43.201733"><ele>907.0</ele></trkpt>
<trkpt lon="-4.646592" lat="43.201735"><ele>903.75</ele></trkpt>
<trkpt lon="-4.646737" lat="43.201719"><ele>900.5</ele></trkpt>
<trkpt lon="-4.646814" lat="43.201719"><ele>899.25</ele></trkpt>
<trkpt lon="-4.646965" lat="43.201776"><ele>897.25</ele></trkpt>
<trkpt lon="-4.647058" lat="43.201862"><ele>895.75</ele></trkpt>
<trkpt lon="-4.647327" lat="43.202142"><ele>892.25</ele></trkpt>
<trkpt lon="-4.647472" lat="43.202196"><ele>889.0</ele></trkpt>
<trkpt lon="-4.647764" lat="43.202284"><ele>886.25</ele></trkpt>
<trkpt lon="-4.647852" lat="43.202341"><ele>889.75</ele></trkpt>
<trkpt lon="-4.647954" lat="43.202357"><ele>889.75</ele></trkpt>
<trkpt lon="-4.648046" lat="43.202312"><ele>885.75</ele></trkpt>
<trkpt lon="-4.648147" lat="43.202184"><ele>879.75</ele></trkpt>
<trkpt lon="-4.648351" lat="43.202001"><ele>870.5</ele></trkpt>
<trkpt lon="-4.648561" lat="43.201866"><ele>866.0</ele></trkpt>
<trkpt lon="-4.648611" lat="43.201805"><ele>863.75</ele></trkpt>
<trkpt lon="-4.648652" lat="43.201729"><ele>860.25</ele></trkpt>
<trkpt lon="-4.648671" lat="43.201635"><ele>855.75</ele></trkpt>
<trkpt lon="-4.648700" lat="43.201543"><ele>851.5</ele></trkpt>
<trkpt lon="-4.648740" lat="43.201465"><ele>848.0</ele></trkpt>
<trkpt lon="-4.648813" lat="43.201396"><ele>845.5</ele></trkpt>
<trkpt lon="-4.648933" lat="43.201356"><ele>844.75</ele></trkpt>
<trkpt lon="-4.648968" lat="43.201271"><ele>841.5</ele></trkpt>
<trkpt lon="-4.648974" lat="43.201203"><ele>838.75</ele></trkpt>
<trkpt lon="-4.649054" lat="43.201109"><ele>834.75</ele></trkpt>
<trkpt lon="-4.649196" lat="43.201004"><ele>828.5</ele></trkpt>
<trkpt lon="-4.649306" lat="43.200941"><ele>825.5</ele></trkpt>
<trkpt lon="-4.649373" lat="43.200888"><ele>823.0</ele></trkpt>
<trkpt lon="-4.649452" lat="43.200776"><ele>820.25</ele></trkpt>
<trkpt lon="-4.649497" lat="43.200392"><ele>819.75</ele></trkpt>
<trkpt lon="-4.649569" lat="43.200284"><ele>824.0</ele></trkpt>
<trkpt lon="-4.649620" lat="43.200223"><ele>826.25</ele></trkpt>
<trkpt lon="-4.649741" lat="43.200118"><ele>831.5</ele></trkpt>
<trkpt lon="-4.649816" lat="43.199985"><ele>833.0</ele></trkpt>
<trkpt lon="-4.649872" lat="43.199918"><ele>833.0</ele></trkpt>
<trkpt lon="-4.649931" lat="43.199862"><ele>833.5</ele></trkpt>
<trkpt lon="-4.650028" lat="43.199674"><ele>832.5</ele></trkpt>
<trkpt lon="-4.650105" lat="43.199561"><ele>836.5</ele></trkpt>
<trkpt lon="-4.650114" lat="43.199486"><ele>836.75</ele></trkpt>
<trkpt lon="-4.650092" lat="43.199416"><ele>836.75</ele></trkpt>
<trkpt lon="-4.650038" lat="43.199342"><ele>837.75</ele></trkpt>
<trkpt lon="-4.649998" lat="43.199261"><ele>839.75</ele></trkpt>
<trkpt lon="-4.649867" lat="43.199146"><ele>838.0</ele></trkpt>
<trkpt lon="-4.649835" lat="43.199025"><ele>841.25</ele></trkpt>
<trkpt lon="-4.649711" lat="43.198767"><ele>843.0</ele></trkpt>
<trkpt lon="-4.649497" lat="43.198254"><ele>844.75</ele></trkpt>
<trkpt lon="-4.649502" lat="43.197918"><ele>848.25</ele></trkpt>
<trkpt lon="-4.649534" lat="43.197768"><ele>850.25</ele></trkpt>
<trkpt lon="-4.649548" lat="43.197637"><ele>850.0</ele></trkpt>
<trkpt lon="-4.649582" lat="43.197580"><ele>851.5</ele></trkpt>
<trkpt lon="-4.649658" lat="43.197511"><ele>854.75</ele></trkpt>
<trkpt lon="-4.649692" lat="43.197437"><ele>855.5</ele></trkpt>
<trkpt lon="-4.649717" lat="43.197357"><ele>855.5</ele></trkpt>
<trkpt lon="-4.649727" lat="43.197228"><ele>854.25</ele></trkpt>
<trkpt lon="-4.649746" lat="43.197154"><ele>852.5</ele></trkpt>
<trkpt lon="-4.649821" lat="43.197036"><ele>851.75</ele></trkpt>
<trkpt lon="-4.649859" lat="43.196993"><ele>851.75</ele></trkpt>
<trkpt lon="-4.649910" lat="43.196917"><ele>851.0</ele></trkpt>
<trkpt lon="-4.649931" lat="43.196747"><ele>844.5</ele></trkpt>
<trkpt lon="-4.650012" lat="43.196608"><ele>841.75</ele></trkpt>
<trkpt lon="-4.650068" lat="43.196565"><ele>842.25</ele></trkpt>
<trkpt lon="-4.650116" lat="43.196501"><ele>841.75</ele></trkpt>
<trkpt lon="-4.650156" lat="43.196416"><ele>840.25</ele></trkpt>
<trkpt lon="-4.650159" lat="43.196364"><ele>839.25</ele></trkpt>
<trkpt lon="-4.650127" lat="43.196250"><ele>836.25</ele></trkpt>
<trkpt lon="-4.650127" lat="43.196205"><ele>835.75</ele></trkpt>
<trkpt lon="-4.650148" lat="43.196072"><ele>834.5</ele></trkpt>
<trkpt lon="-4.650173" lat="43.196037"><ele>834.5</ele></trkpt>
<trkpt lon="-4.650173" lat="43.195947"><ele>831.5</ele></trkpt>
<trkpt lon="-4.650288" lat="43.195765"><ele>829.5</ele></trkpt>
<trkpt lon="-4.650494" lat="43.195484"><ele>826.75</ele></trkpt>
<trkpt lon="-4.650545" lat="43.195429"><ele>826.0</ele></trkpt>
<trkpt lon="-4.650645" lat="43.195366"><ele>825.75</ele></trkpt>
<trkpt lon="-4.650730" lat="43.195282"><ele>824.0</ele></trkpt>
<trkpt lon="-4.650771" lat="43.195181"><ele>822.5</ele></trkpt>
<trkpt lon="-4.650827" lat="43.195112"><ele>822.5</ele></trkpt>
<trkpt lon="-4.650838" lat="43.195009"><ele>820.25</ele></trkpt>
<trkpt lon="-4.650867" lat="43.194952"><ele>820.0</ele></trkpt>
<trkpt lon="-4.650993" lat="43.194819"><ele>822.0</ele></trkpt>
<trkpt lon="-4.651012" lat="43.194790"><ele>822.25</ele></trkpt>
<trkpt lon="-4.651004" lat="43.194723"><ele>820.75</ele></trkpt>
<trkpt lon="-4.650907" lat="43.194606"><ele>820.25</ele></trkpt>
<trkpt lon="-4.650859" lat="43.194533"><ele>821.0</ele></trkpt>
<trkpt lon="-4.650757" lat="43.194459"><ele>819.75</ele></trkpt>
<trkpt lon="-4.650679" lat="43.194430"><ele>817.75</ele></trkpt>
<trkpt lon="-4.650639" lat="43.194399"><ele>816.75</ele></trkpt>
<trkpt lon="-4.650607" lat="43.194361"><ele>816.5</ele></trkpt>
<trkpt lon="-4.650583" lat="43.194312"><ele>816.75</ele></trkpt>
<trkpt lon="-4.650567" lat="43.194230"><ele>818.0</ele></trkpt>
<trkpt lon="-4.650527" lat="43.194109"><ele>818.5</ele></trkpt>
<trkpt lon="-4.650465" lat="43.193968"><ele>819.0</ele></trkpt>
<trkpt lon="-4.650387" lat="43.193914"><ele>818.75</ele></trkpt>
<trkpt lon="-4.650312" lat="43.193843"><ele>819.5</ele></trkpt>
<trkpt lon="-4.650240" lat="43.193790"><ele>819.75</ele></trkpt>
<trkpt lon="-4.650076" lat="43.193694"><ele>818.75</ele></trkpt>
<trkpt lon="-4.649853" lat="43.193581"><ele>817.0</ele></trkpt>
<trkpt lon="-4.649741" lat="43.193483"><ele>817.5</ele></trkpt>
<trkpt lon="-4.649609" lat="43.193341"><ele>817.5</ele></trkpt>
<trkpt lon="-4.649448" lat="43.193247"><ele>817.75</ele></trkpt>
<trkpt lon="-4.649346" lat="43.193174"><ele>818.25</ele></trkpt>
<trkpt lon="-4.649282" lat="43.193106"><ele>819.75</ele></trkpt>
<trkpt lon="-4.649148" lat="43.192995"><ele>820.25</ele></trkpt>
<trkpt lon="-4.649084" lat="43.192893"><ele>822.0</ele></trkpt>
<trkpt lon="-4.649081" lat="43.192820"><ele>824.25</ele></trkpt>
<trkpt lon="-4.649049" lat="43.192693"><ele>824.75</ele></trkpt>
<trkpt lon="-4.649059" lat="43.192580"><ele>824.75</ele></trkpt>
<trkpt lon="-4.649086" lat="43.192486"><ele>825.25</ele></trkpt>
<trkpt lon="-4.649124" lat="43.192398"><ele>824.0</ele></trkpt>
<trkpt lon="-4.649282" lat="43.192248"><ele>824.5</ele></trkpt>
<trkpt lon="-4.649633" lat="43.191948"><ele>823.25</ele></trkpt>
<trkpt lon="-4.649818" lat="43.191876"><ele>824.75</ele></trkpt>
<trkpt lon="-4.649904" lat="43.191808"><ele>823.0</ele></trkpt>
<trkpt lon="-4.649983" lat="43.191760"><ele>822.5</ele></trkpt>
<trkpt lon="-4.650083" lat="43.191685"><ele>820.75</ele></trkpt>
<trkpt lon="-4.650127" lat="43.191637"><ele>820.25</ele></trkpt>
<trkpt lon="-4.650191" lat="43.191587"><ele>820.75</ele></trkpt>
<trkpt lon="-4.650206" lat="43.191538"><ele>819.75</ele></trkpt>
<trkpt lon="-4.650194" lat="43.191479"><ele>817.75</ele></trkpt>
<trkpt lon="-4.650358" lat="43.191390"><ele>820.25</ele></trkpt>
<trkpt lon="-4.650423" lat="43.191347"><ele>822.5</ele></trkpt>
<trkpt lon="-4.650465" lat="43.191312"><ele>824.25</ele></trkpt>
<trkpt lon="-4.650498" lat="43.191251"><ele>826.25</ele></trkpt>
<trkpt lon="-4.650495" lat="43.191169"><ele>827.5</ele></trkpt>
<trkpt lon="-4.650407" lat="43.191013"><ele>827.25</ele></trkpt>
<trkpt lon="-4.650390" lat="43.190952"><ele>828.25</ele></trkpt>
<trkpt lon="-4.650386" lat="43.190899"><ele>829.75</ele></trkpt>
<trkpt lon="-4.650402" lat="43.190829"><ele>832.25</ele></trkpt>
<trkpt lon="-4.650475" lat="43.190701"><ele>835.75</ele></trkpt>
<trkpt lon="-4.650532" lat="43.190628"><ele>838.0</ele></trkpt>
<trkpt lon="-4.650581" lat="43.190507"><ele>840.5</ele></trkpt>
<trkpt lon="-4.650633" lat="43.190424"><ele>843.5</ele></trkpt>
<trkpt lon="-4.650778" lat="43.190260"><ele>848.25</ele></trkpt>
<trkpt lon="-4.650830" lat="43.190182"><ele>849.5</ele></trkpt>
<trkpt lon="-4.650918" lat="43.190081"><ele>852.0</ele></trkpt>
<trkpt lon="-4.651121" lat="43.189936"><ele>858.5</ele></trkpt>
<trkpt lon="-4.651263" lat="43.189793"><ele>863.25</ele></trkpt>
<trkpt lon="-4.651321" lat="43.189724"><ele>864.25</ele></trkpt>
<trkpt lon="-4.651346" lat="43.189672"><ele>866.25</ele></trkpt>
<trkpt lon="-4.651340" lat="43.189610"><ele>868.0</ele></trkpt>
<trkpt lon="-4.651304" lat="43.189544"><ele>868.75</ele></trkpt>
<trkpt lon="-4.651249" lat="43.189498"><ele>868.75</ele></trkpt>
<trkpt lon="-4.651185" lat="43.189371"><ele>870.0</ele></trkpt>
<trkpt lon="-4.651157" lat="43.189298"><ele>870.25</ele></trkpt>
<trkpt lon="-4.651151" lat="43.189249"><ele>871.0</ele></trkpt>
<trkpt lon="-4.651166" lat="43.189200"><ele>872.25</ele></trkpt>
<trkpt lon="-4.651212" lat="43.189158"><ele>874.0</ele></trkpt>
<trkpt lon="-4.651407" lat="43.189048"><ele>878.5</ele></trkpt>
<trkpt lon="-4.651494" lat="43.188895"><ele>878.5</ele></trkpt>
<trkpt lon="-4.651606" lat="43.188828"><ele>880.5</ele></trkpt>
<trkpt lon="-4.651810" lat="43.188776"><ele>882.75</ele></trkpt>
<trkpt lon="-4.651846" lat="43.188750"><ele>882.75</ele></trkpt>
<trkpt lon="-4.651904" lat="43.188637"><ele>881.75</ele></trkpt>
<trkpt lon="-4.651997" lat="43.188521"><ele>880.0</ele></trkpt>
<trkpt lon="-4.652200" lat="43.188311"><ele>877.75</ele></trkpt>
<trkpt lon="-4.652315" lat="43.188202"><ele>877.75</ele></trkpt>
<trkpt lon="-4.652374" lat="43.188120"><ele>877.25</ele></trkpt>
<trkpt lon="-4.652398" lat="43.188029"><ele>877.0</ele></trkpt>
<trkpt lon="-4.652388" lat="43.187911"><ele>876.5</ele></trkpt>
<trkpt lon="-4.652347" lat="43.187699"><ele>876.5</ele></trkpt>
<trkpt lon="-4.652283" lat="43.187533"><ele>876.0</ele></trkpt>
<trkpt lon="-4.652266" lat="43.187315"><ele>875.75</ele></trkpt>
<trkpt lon="-4.652239" lat="43.187101"><ele>875.25</ele></trkpt>
<trkpt lon="-4.652236" lat="43.186848"><ele>873.0</ele></trkpt>
<trkpt lon="-4.652285" lat="43.186746"><ele>872.0</ele></trkpt>
<trkpt lon="-4.652444" lat="43.186555"><ele>871.75</ele></trkpt>
<trkpt lon="-4.652474" lat="43.186500"><ele>871.0</ele></trkpt>
<trkpt lon="-4.652530" lat="43.186280"><ele>865.25</ele></trkpt>
<trkpt lon="-4.652652" lat="43.185982"><ele>859.0</ele></trkpt>
<trkpt lon="-4.652684" lat="43.185936"><ele>858.25</ele></trkpt>
<trkpt lon="-4.652838" lat="43.185811"><ele>855.75</ele></trkpt>
<trkpt lon="-4.652907" lat="43.185742"><ele>854.5</ele></trkpt>
<trkpt lon="-4.652912" lat="43.185613"><ele>853.0</ele></trkpt>
<trkpt lon="-4.652887" lat="43.185549"><ele>852.0</ele></trkpt>
<trkpt lon="-4.652831" lat="43.185444"><ele>851.5</ele></trkpt>
<trkpt lon="-4.652785" lat="43.185324"><ele>851.0</ele></trkpt>
<trkpt lon="-4.652731" lat="43.184949"><ele>849.0</ele></trkpt>
<trkpt lon="-4.652699" lat="43.184883"><ele>849.0</ele></trkpt>
<trkpt lon="-4.652643" lat="43.184810"><ele>848.25</ele></trkpt>
<trkpt lon="-4.652574" lat="43.184739"><ele>846.75</ele></trkpt>
<trkpt lon="-4.652479" lat="43.184666"><ele>843.75</ele></trkpt>
<trkpt lon="-4.652435" lat="43.184589"><ele>843.0</ele></trkpt>
<trkpt lon="-4.652378" lat="43.184391"><ele>842.5</ele></trkpt>
<trkpt lon="-4.652361" lat="43.183977"><ele>837.25</ele></trkpt>
<trkpt lon="-4.652337" lat="43.183772"><ele>834.75</ele></trkpt>
<trkpt lon="-4.652205" lat="43.183528"><ele>831.0</ele></trkpt>
<trkpt lon="-4.652136" lat="43.183374"><ele>829.5</ele></trkpt>
<trkpt lon="-4.652068" lat="43.183187"><ele>825.75</ele></trkpt>
<trkpt lon="-4.652026" lat="43.182996"><ele>822.25</ele></trkpt>
<trkpt lon="-4.652020" lat="43.182917"><ele>820.25</ele></trkpt>
<trkpt lon="-4.652041" lat="43.182866"><ele>819.75</ele></trkpt>
<trkpt lon="-4.652170" lat="43.182700"><ele>818.0</ele></trkpt>
<trkpt lon="-4.652327" lat="43.182557"><ele>814.75</ele></trkpt>
<trkpt lon="-4.652511" lat="43.182368"><ele>811.5</ele></trkpt>
<trkpt lon="-4.652577" lat="43.182277"><ele>809.25</ele></trkpt>
<trkpt lon="-4.652601" lat="43.182195"><ele>808.0</ele></trkpt>
<trkpt lon="-4.652474" lat="43.181702"><ele>803.0</ele></trkpt>
<trkpt lon="-4.652415" lat="43.181528"><ele>800.75</ele></trkpt>
<trkpt lon="-4.652369" lat="43.181438"><ele>799.0</ele></trkpt>
<trkpt lon="-4.652043" lat="43.181094"><ele>792.0</ele></trkpt>
<trkpt lon="-4.651948" lat="43.180946"><ele>791.0</ele></trkpt>
<trkpt lon="-4.651852" lat="43.180878"><ele>789.25</ele></trkpt>
<trkpt lon="-4.651737" lat="43.180782"><ele>787.25</ele></trkpt>
<trkpt lon="-4.651659" lat="43.180685"><ele>785.0</ele></trkpt>
<trkpt lon="-4.651630" lat="43.180569"><ele>784.25</ele></trkpt>
<trkpt lon="-4.651578" lat="43.180468"><ele>783.25</ele></trkpt>
<trkpt lon="-4.651478" lat="43.180388"><ele>781.5</ele></trkpt>
<trkpt lon="-4.651326" lat="43.180307"><ele>780.75</ele></trkpt>
<trkpt lon="-4.651182" lat="43.180250"><ele>780.0</ele></trkpt>
<trkpt lon="-4.650981" lat="43.180231"><ele>778.25</ele></trkpt>
<trkpt lon="-4.650861" lat="43.180229"><ele>777.75</ele></trkpt>
<trkpt lon="-4.650651" lat="43.180247"><ele>777.25</ele></trkpt>
<trkpt lon="-4.650416" lat="43.180250"><ele>775.0</ele></trkpt>
<trkpt lon="-4.650255" lat="43.180234"><ele>773.5</ele></trkpt>
<trkpt lon="-4.650113" lat="43.180200"><ele>772.0</ele></trkpt>
<trkpt lon="-4.649968" lat="43.180131"><ele>771.25</ele></trkpt>
<trkpt lon="-4.649790" lat="43.180032"><ele>767.75</ele></trkpt>
<trkpt lon="-4.649567" lat="43.179872"><ele>764.5</ele></trkpt>
<trkpt lon="-4.649452" lat="43.179761"><ele>762.75</ele></trkpt>
<trkpt lon="-4.649298" lat="43.179640"><ele>760.25</ele></trkpt>
<trkpt lon="-4.649112" lat="43.179508"><ele>758.5</ele></trkpt>
<trkpt lon="-4.648941" lat="43.179399"><ele>757.0</ele></trkpt>
<trkpt lon="-4.648818" lat="43.179362"><ele>756.5</ele></trkpt>
<trkpt lon="-4.648716" lat="43.179346"><ele>756.75</ele></trkpt>
<trkpt lon="-4.649455" lat="43.179249"><ele>750.0</ele></trkpt>
<trkpt lon="-4.650441" lat="43.179384"><ele>744.75</ele></trkpt>
<trkpt lon="-4.651957" lat="43.179645"><ele>748.75</ele></trkpt>
<trkpt lon="-4.652265" lat="43.179636"><ele>759.75</ele></trkpt>
<trkpt lon="-4.652549" lat="43.179420"><ele>769.25</ele></trkpt>
<trkpt lon="-4.653152" lat="43.178998"><ele>789.75</ele></trkpt>
<trkpt lon="-4.653547" lat="43.178773"><ele>798.25</ele></trkpt>
<trkpt lon="-4.653904" lat="43.178513"><ele>783.0</ele></trkpt>
<trkpt lon="-4.654323" lat="43.178072"><ele>749.75</ele></trkpt>
<trkpt lon="-4.654865" lat="43.177308"><ele>706.25</ele></trkpt>
<trkpt lon="-4.655615" lat="43.175316"><ele>674.25</ele></trkpt>
<trkpt lon="-4.655729" lat="43.174486"><ele>670.5</ele></trkpt>
<trkpt lon="-4.655639" lat="43.174101"><ele>669.0</ele></trkpt>
<trkpt lon="-4.654582" lat="43.173448"><ele>665.75</ele></trkpt>
<trkpt lon="-4.653834" lat="43.172998"><ele>657.5</ele></trkpt>
<trkpt lon="-4.653604" lat="43.172723"><ele>653.25</ele></trkpt>
<trkpt lon="-4.653268" lat="43.172533"><ele>646.5</ele></trkpt>
<trkpt lon="-4.653455" lat="43.171879"><ele>628.0</ele></trkpt>
<trkpt lon="-4.653539" lat="43.171640"><ele>623.0</ele></trkpt>
<trkpt lon="-4.653913" lat="43.171504"><ele>615.0</ele></trkpt>
<trkpt lon="-4.653567" lat="43.171382"><ele>614.25</ele></trkpt>
<trkpt lon="-4.653278" lat="43.171368"><ele>610.75</ele></trkpt>
<trkpt lon="-4.653399" lat="43.171143"><ele>604.0</ele></trkpt>
<trkpt lon="-4.653576" lat="43.171027"><ele>599.5</ele></trkpt>
<trkpt lon="-4.654333" lat="43.170864"><ele>584.5</ele></trkpt>
<trkpt lon="-4.654613" lat="43.170789"><ele>581.0</ele></trkpt>
<trkpt lon="-4.654828" lat="43.170339"><ele>565.0</ele></trkpt>
<trkpt lon="-4.654837" lat="43.169999"><ele>554.75</ele></trkpt>
<trkpt lon="-4.654912" lat="43.169072"><ele>540.5</ele></trkpt>
<trkpt lon="-4.655005" lat="43.168698"><ele>542.5</ele></trkpt>
<trkpt lon="-4.654819" lat="43.167703"><ele>525.0</ele></trkpt>
<trkpt lon="-4.655071" lat="43.167376"><ele>515.5</ele></trkpt>
<trkpt lon="-4.655248" lat="43.167049"><ele>504.75</ele></trkpt>
<trkpt lon="-4.655136" lat="43.166777"><ele>496.25</ele></trkpt>
<trkpt lon="-4.654800" lat="43.166736"><ele>490.75</ele></trkpt>
<trkpt lon="-4.654426" lat="43.166797"><ele>484.75</ele></trkpt>
<trkpt lon="-4.653969" lat="43.166831"><ele>477.5</ele></trkpt>
<trkpt lon="-4.653969" lat="43.166743"><ele>474.25</ele></trkpt>
<trkpt lon="-4.654277" lat="43.166511"><ele>470.0</ele></trkpt>
<trkpt lon="-4.654968" lat="43.166061"><ele>462.75</ele></trkpt>
<trkpt lon="-4.655304" lat="43.165727"><ele>452.25</ele></trkpt>
<trkpt lon="-4.655659" lat="43.165244"><ele>440.5</ele></trkpt>
<trkpt lon="-4.655753" lat="43.164869"><ele>433.5</ele></trkpt>
<trkpt lon="-4.655799" lat="43.164603"><ele>429.0</ele></trkpt>
<trkpt lon="-4.655902" lat="43.164106"><ele>422.25</ele></trkpt>
<trkpt lon="-4.655781" lat="43.163547"><ele>417.25</ele></trkpt>
<trkpt lon="-4.655631" lat="43.163145"><ele>406.75</ele></trkpt>
<trkpt lon="-4.655422" lat="43.163025"><ele>403.25</ele></trkpt>
<trkpt lon="-4.655117" lat="43.162056"><ele>395.25</ele></trkpt>
<trkpt lon="-4.653824" lat="43.160965"><ele>387.25</ele></trkpt>
<trkpt lon="-4.653566" lat="43.160607"><ele>386.0</ele></trkpt>
<trkpt lon="-4.653339" lat="43.160055"><ele>384.25</ele></trkpt>
<trkpt lon="-4.653229" lat="43.159654"><ele>377.5</ele></trkpt>
<trkpt lon="-4.653235" lat="43.159419"><ele>371.5</ele></trkpt>
<trkpt lon="-4.653147" lat="43.159195"><ele>367.25</ele></trkpt>
<trkpt lon="-4.652924" lat="43.158749"><ele>356.5</ele></trkpt>
<trkpt lon="-4.652669" lat="43.158439"><ele>351.25</ele></trkpt>
<trkpt lon="-4.652340" lat="43.158332"><ele>349.5</ele></trkpt>
<trkpt lon="-4.652061" lat="43.158118"><ele>345.5</ele></trkpt>
<trkpt lon="-4.651990" lat="43.157921"><ele>343.75</ele></trkpt>
<trkpt lon="-4.651977" lat="43.157768"><ele>342.5</ele></trkpt>
<trkpt lon="-4.651954" lat="43.157716"><ele>342.25</ele></trkpt>
<trkpt lon="-4.651929" lat="43.157660"><ele>341.75</ele></trkpt>
<trkpt lon="-4.651583" lat="43.157396"><ele>341.0</ele></trkpt>
<trkpt lon="-4.651251" lat="43.157249"><ele>340.5</ele></trkpt>
<trkpt lon="-4.651022" lat="43.157124"><ele>339.0</ele></trkpt>
<trkpt lon="-4.650937" lat="43.157056"><ele>337.5</ele></trkpt>
<trkpt lon="-4.650804" lat="43.156941"><ele>335.75</ele></trkpt>
<trkpt lon="-4.650576" lat="43.156887"><ele>332.75</ele></trkpt>
<trkpt lon="-4.650477" lat="43.156875"><ele>331.25</ele></trkpt>
<trkpt lon="-4.650391" lat="43.156900"><ele>331.25</ele></trkpt>
<trkpt lon="-4.650019" lat="43.157078"><ele>329.0</ele></trkpt>
<trkpt lon="-4.649961" lat="43.157091"><ele>328.5</ele></trkpt>
<trkpt lon="-4.649698" lat="43.156790"><ele>324.5</ele></trkpt>
<trkpt lon="-4.650101" lat="43.156660"><ele>324.25</ele></trkpt>
<trkpt lon="-4.650483" lat="43.156531"><ele>323.5</ele></trkpt>
<trkpt lon="-4.651150" lat="43.156323"><ele>327.0</ele></trkpt>
<trkpt lon="-4.651529" lat="43.156198"><ele>327.75</ele></trkpt>
<trkpt lon="-4.651150" lat="43.156323"><ele>327.0</ele></trkpt>
<trkpt lon="-4.650483" lat="43.156531"><ele>323.5</ele></trkpt>
<trkpt lon="-4.650101" lat="43.156660"><ele>324.25</ele></trkpt>
<trkpt lon="-4.649698" lat="43.156790"><ele>324.5</ele></trkpt>
<trkpt lon="-4.649476" lat="43.156854"><ele>323.75</ele></trkpt>
<trkpt lon="-4.649314" lat="43.156922"><ele>323.5</ele></trkpt>
<trkpt lon="-4.649156" lat="43.156997"><ele>323.25</ele></trkpt>
<trkpt lon="-4.649016" lat="43.157075"><ele>323.5</ele></trkpt>
<trkpt lon="-4.648873" lat="43.157174"><ele>323.75</ele></trkpt>
<trkpt lon="-4.648626" lat="43.157380"><ele>324.5</ele></trkpt>
<trkpt lon="-4.648603" lat="43.157410"><ele>324.25</ele></trkpt>
<trkpt lon="-4.648426" lat="43.157455"><ele>325.25</ele></trkpt>
<trkpt lon="-4.648274" lat="43.157484"><ele>326.25</ele></trkpt>
<trkpt lon="-4.647936" lat="43.157522"><ele>329.75</ele></trkpt>
<trkpt lon="-4.647810" lat="43.157557"><ele>329.25</ele></trkpt>
<trkpt lon="-4.647694" lat="43.157598"><ele>329.5</ele></trkpt>
<trkpt lon="-4.647453" lat="43.157698"><ele>330.0</ele></trkpt>
<trkpt lon="-4.647321" lat="43.157766"><ele>332.0</ele></trkpt>
<trkpt lon="-4.647139" lat="43.157885"><ele>333.5</ele></trkpt>
<trkpt lon="-4.647045" lat="43.157936"><ele>333.75</ele></trkpt>
<trkpt lon="-4.646973" lat="43.157962"><ele>334.0</ele></trkpt>
<trkpt lon="-4.646906" lat="43.157970"><ele>334.0</ele></trkpt>
<trkpt lon="-4.646825" lat="43.157966"><ele>334.25</ele></trkpt>
<trkpt lon="-4.646704" lat="43.157942"><ele>335.75</ele></trkpt>
<trkpt lon="-4.646600" lat="43.157907"><ele>336.75</ele></trkpt>
<trkpt lon="-4.646468" lat="43.157843"><ele>338.75</ele></trkpt>
<trkpt lon="-4.646182" lat="43.157674"><ele>341.5</ele></trkpt>
<trkpt lon="-4.646118" lat="43.157609"><ele>342.75</ele></trkpt>
<trkpt lon="-4.646063" lat="43.157539"><ele>343.75</ele></trkpt>
<trkpt lon="-4.645983" lat="43.157412"><ele>344.75</ele></trkpt>
<trkpt lon="-4.645938" lat="43.157310"><ele>345.75</ele></trkpt>
<trkpt lon="-4.645884" lat="43.157085"><ele>347.25</ele></trkpt>
<trkpt lon="-4.645876" lat="43.156991"><ele>348.0</ele></trkpt>
<trkpt lon="-4.645884" lat="43.156891"><ele>348.75</ele></trkpt>
<trkpt lon="-4.645927" lat="43.156682"><ele>350.75</ele></trkpt>
<trkpt lon="-4.645959" lat="43.156432"><ele>352.25</ele></trkpt>
<trkpt lon="-4.645984" lat="43.156326"><ele>353.25</ele></trkpt>
<trkpt lon="-4.646031" lat="43.156195"><ele>354.75</ele></trkpt>
<trkpt lon="-4.646019" lat="43.156180"><ele>355.0</ele></trkpt>
<trkpt lon="-4.645840" lat="43.156178"><ele>355.5</ele></trkpt>
<trkpt lon="-4.645635" lat="43.156225"><ele>357.75</ele></trkpt>
<trkpt lon="-4.645434" lat="43.156294"><ele>359.75</ele></trkpt>
<trkpt lon="-4.645086" lat="43.156422"><ele>365.0</ele></trkpt>
<trkpt lon="-4.645057" lat="43.156414"><ele>366.0</ele></trkpt>
<trkpt lon="-4.645048" lat="43.156384"><ele>366.75</ele></trkpt>
<trkpt lon="-4.645092" lat="43.156187"><ele>370.0</ele></trkpt>
<trkpt lon="-4.645084" lat="43.156123"><ele>371.5</ele></trkpt>
<trkpt lon="-4.644634" lat="43.155798"><ele>376.25</ele></trkpt>
<trkpt lon="-4.644215" lat="43.155630"><ele>375.25</ele></trkpt>
<trkpt lon="-4.643843" lat="43.155267"><ele>374.0</ele></trkpt>
<trkpt lon="-4.643400" lat="43.154686"><ele>368.25</ele></trkpt>
<trkpt lon="-4.643098" lat="43.154393"><ele>372.5</ele></trkpt>
<trkpt lon="-4.643045" lat="43.154341"><ele>373.0</ele></trkpt>
<trkpt lon="-4.644466" lat="43.153651"><ele>389.5</ele></trkpt>
<trkpt lon="-4.644541" lat="43.153624"><ele>390.25</ele></trkpt>
<trkpt lon="-4.644585" lat="43.153632"><ele>389.75</ele></trkpt>
<trkpt lon="-4.644628" lat="43.153641"><ele>389.5</ele></trkpt>
<trkpt lon="-4.644684" lat="43.153655"><ele>389.0</ele></trkpt>
<trkpt lon="-4.644782" lat="43.153640"><ele>389.25</ele></trkpt>
<trkpt lon="-4.644873" lat="43.153617"><ele>389.25</ele></trkpt>
<trkpt lon="-4.644970" lat="43.153612"><ele>389.0</ele></trkpt>
<trkpt lon="-4.645102" lat="43.153642"><ele>391.5</ele></trkpt>
<trkpt lon="-4.645142" lat="43.153690"><ele>392.5</ele></trkpt>
<trkpt lon="-4.645235" lat="43.153849"><ele>393.25</ele></trkpt>
<trkpt lon="-4.645421" lat="43.153972"><ele>398.25</ele></trkpt>
<trkpt lon="-4.645581" lat="43.154036"><ele>401.25</ele></trkpt>
<trkpt lon="-4.645684" lat="43.154063"><ele>401.5</ele></trkpt>
<trkpt lon="-4.645807" lat="43.154080"><ele>401.75</ele></trkpt>
<trkpt lon="-4.645948" lat="43.154085"><ele>402.75</ele></trkpt>
<trkpt lon="-4.646168" lat="43.154043"><ele>404.25</ele></trkpt>
<trkpt lon="-4.646236" lat="43.154010"><ele>404.75</ele></trkpt>
<trkpt lon="-4.646272" lat="43.153977"><ele>405.5</ele></trkpt>
<trkpt lon="-4.646280" lat="43.153942"><ele>406.0</ele></trkpt>
<trkpt lon="-4.646261" lat="43.153903"><ele>407.0</ele></trkpt>
<trkpt lon="-4.646165" lat="43.153852"><ele>409.0</ele></trkpt>
<trkpt lon="-4.646011" lat="43.153821"><ele>409.75</ele></trkpt>
<trkpt lon="-4.645884" lat="43.153776"><ele>410.0</ele></trkpt>
<trkpt lon="-4.645825" lat="43.153748"><ele>410.25</ele></trkpt>
<trkpt lon="-4.645807" lat="43.153728"><ele>410.75</ele></trkpt>
<trkpt lon="-4.645805" lat="43.153708"><ele>411.0</ele></trkpt>
<trkpt lon="-4.646013" lat="43.153726"><ele>412.75</ele></trkpt>
<trkpt lon="-4.646117" lat="43.153714"><ele>414.25</ele></trkpt>
<trkpt lon="-4.646214" lat="43.153685"><ele>415.5</ele></trkpt>
<trkpt lon="-4.647704" lat="43.152908"><ele>433.0</ele></trkpt>
<trkpt lon="-4.647886" lat="43.152777"><ele>434.25</ele></trkpt>
<trkpt lon="-4.648126" lat="43.152438"><ele>440.5</ele></trkpt>
<trkpt lon="-4.648215" lat="43.152369"><ele>441.0</ele></trkpt>
<trkpt lon="-4.648305" lat="43.152322"><ele>441.25</ele></trkpt>
<trkpt lon="-4.648393" lat="43.152297"><ele>442.0</ele></trkpt>
<trkpt lon="-4.648767" lat="43.152248"><ele>446.0</ele></trkpt>
<trkpt lon="-4.648904" lat="43.152212"><ele>448.5</ele></trkpt>
<trkpt lon="-4.649567" lat="43.151976"><ele>454.0</ele></trkpt>
<trkpt lon="-4.649723" lat="43.151893"><ele>457.75</ele></trkpt>
<trkpt lon="-4.649957" lat="43.151737"><ele>459.5</ele></trkpt>
<trkpt lon="-4.650506" lat="43.151229"><ele>466.5</ele></trkpt>
<trkpt lon="-4.650748" lat="43.151063"><ele>470.5</ele></trkpt>
<trkpt lon="-4.651170" lat="43.150842"><ele>473.0</ele></trkpt>
<trkpt lon="-4.651374" lat="43.150715"><ele>475.25</ele></trkpt>
<trkpt lon="-4.651595" lat="43.150539"><ele>479.25</ele></trkpt>
<trkpt lon="-4.651685" lat="43.150486"><ele>480.0</ele></trkpt>
<trkpt lon="-4.651792" lat="43.150454"><ele>481.0</ele></trkpt>
<trkpt lon="-4.651846" lat="43.150454"><ele>481.25</ele></trkpt>
<trkpt lon="-4.652081" lat="43.150483"><ele>484.5</ele></trkpt>
<trkpt lon="-4.652486" lat="43.150552"><ele>488.75</ele></trkpt>
<trkpt lon="-4.652519" lat="43.150530"><ele>489.25</ele></trkpt>
<trkpt lon="-4.652602" lat="43.150482"><ele>489.75</ele></trkpt>
<trkpt lon="-4.652677" lat="43.150436"><ele>490.25</ele></trkpt>
<trkpt lon="-4.653328" lat="43.150194"><ele>494.0</ele></trkpt>
<trkpt lon="-4.653427" lat="43.150176"><ele>495.0</ele></trkpt>
<trkpt lon="-4.653507" lat="43.150179"><ele>495.75</ele></trkpt>
<trkpt lon="-4.653585" lat="43.150201"><ele>496.25</ele></trkpt>
<trkpt lon="-4.653684" lat="43.150295"><ele>496.25</ele></trkpt>
<trkpt lon="-4.653753" lat="43.150258"><ele>497.0</ele></trkpt>
<trkpt lon="-4.653791" lat="43.150415"><ele>497.25</ele></trkpt>
<trkpt lon="-4.653792" lat="43.150614"><ele>499.5</ele></trkpt>
<trkpt lon="-4.653718" lat="43.150788"><ele>502.25</ele></trkpt>
<trkpt lon="-4.653674" lat="43.150857"><ele>502.25</ele></trkpt>
<trkpt lon="-4.653623" lat="43.150921"><ele>502.0</ele></trkpt>
<trkpt lon="-4.653319" lat="43.151235"><ele>500.75</ele></trkpt>
<trkpt lon="-4.653171" lat="43.151376"><ele>499.25</ele></trkpt>
<trkpt lon="-4.652985" lat="43.151538"><ele>500.25</ele></trkpt>
<trkpt lon="-4.652666" lat="43.151757"><ele>499.5</ele></trkpt>
<trkpt lon="-4.652448" lat="43.151888"><ele>498.0</ele></trkpt>
<trkpt lon="-4.652319" lat="43.152000"><ele>500.25</ele></trkpt>
<trkpt lon="-4.652215" lat="43.152108"><ele>500.25</ele></trkpt>
<trkpt lon="-4.652160" lat="43.152174"><ele>500.0</ele></trkpt>
<trkpt lon="-4.652034" lat="43.152356"><ele>501.25</ele></trkpt>
<trkpt lon="-4.651895" lat="43.152538"><ele>501.25</ele></trkpt>
<trkpt lon="-4.651804" lat="43.152640"><ele>502.25</ele></trkpt>
<trkpt lon="-4.651402" lat="43.153034"><ele>499.75</ele></trkpt>
<trkpt lon="-4.651292" lat="43.153148"><ele>500.5</ele></trkpt>
<trkpt lon="-4.651166" lat="43.153255"><ele>500.5</ele></trkpt>
<trkpt lon="-4.650790" lat="43.153521"><ele>496.75</ele></trkpt>
<trkpt lon="-4.650705" lat="43.153590"><ele>496.75</ele></trkpt>
<trkpt lon="-4.650590" lat="43.153696"><ele>495.0</ele></trkpt>
<trkpt lon="-4.650556" lat="43.153725"><ele>494.75</ele></trkpt>
<trkpt lon="-4.650842" lat="43.153818"><ele>495.75</ele></trkpt>
<trkpt lon="-4.651176" lat="43.153905"><ele>493.0</ele></trkpt>
<trkpt lon="-4.651535" lat="43.153981"><ele>491.75</ele></trkpt>
<trkpt lon="-4.651820" lat="43.154021"><ele>491.0</ele></trkpt>
<trkpt lon="-4.651885" lat="43.154018"><ele>491.0</ele></trkpt>
<trkpt lon="-4.651943" lat="43.154004"><ele>491.25</ele></trkpt>
<trkpt lon="-4.652258" lat="43.153863"><ele>490.0</ele></trkpt>
<trkpt lon="-4.652429" lat="43.153817"><ele>490.25</ele></trkpt>
<trkpt lon="-4.652603" lat="43.153792"><ele>490.25</ele></trkpt>
<trkpt lon="-4.652844" lat="43.153781"><ele>490.0</ele></trkpt>
<trkpt lon="-4.653051" lat="43.153781"><ele>490.0</ele></trkpt>
<trkpt lon="-4.653251" lat="43.153800"><ele>489.0</ele></trkpt>
<trkpt lon="-4.653381" lat="43.153825"><ele>488.75</ele></trkpt>
<trkpt lon="-4.653494" lat="43.153871"><ele>488.5</ele></trkpt>
<trkpt lon="-4.653672" lat="43.153966"><ele>486.25</ele></trkpt>
<trkpt lon="-4.653820" lat="43.154010"><ele>486.0</ele></trkpt>
<trkpt lon="-4.653880" lat="43.154022"><ele>486.0</ele></trkpt>
<trkpt lon="-4.653953" lat="43.154028"><ele>485.25</ele></trkpt>
<trkpt lon="-4.654129" lat="43.154029"><ele>483.25</ele></trkpt>
<trkpt lon="-4.654723" lat="43.153967"><ele>477.75</ele></trkpt>
<trkpt lon="-4.654803" lat="43.153938"><ele>477.25</ele></trkpt>
<trkpt lon="-4.654930" lat="43.153812"><ele>476.5</ele></trkpt>
<trkpt lon="-4.654980" lat="43.153694"><ele>475.25</ele></trkpt>
<trkpt lon="-4.655058" lat="43.153355"><ele>474.5</ele></trkpt>
<trkpt lon="-4.655189" lat="43.153302"><ele>472.75</ele></trkpt>
<trkpt lon="-4.655256" lat="43.153321"><ele>470.75</ele></trkpt>
<trkpt lon="-4.655634" lat="43.153655"><ele>464.75</ele></trkpt>
<trkpt lon="-4.655769" lat="43.153840"><ele>460.0</ele></trkpt>
<trkpt lon="-4.655952" lat="43.153936"><ele>459.5</ele></trkpt>
<trkpt lon="-4.656110" lat="43.154002"><ele>459.0</ele></trkpt>
<trkpt lon="-4.656343" lat="43.154137"><ele>454.25</ele></trkpt>
<trkpt lon="-4.656401" lat="43.154161"><ele>453.75</ele></trkpt>
<trkpt lon="-4.656460" lat="43.154169"><ele>451.75</ele></trkpt>
<trkpt lon="-4.656539" lat="43.154152"><ele>450.25</ele></trkpt>
<trkpt lon="-4.656729" lat="43.154021"><ele>450.5</ele></trkpt>
<trkpt lon="-4.656922" lat="43.153906"><ele>449.0</ele></trkpt>
<trkpt lon="-4.657331" lat="43.153712"><ele>446.25</ele></trkpt>
<trkpt lon="-4.657467" lat="43.153698"><ele>444.5</ele></trkpt>
<trkpt lon="-4.657532" lat="43.153712"><ele>444.5</ele></trkpt>
<trkpt lon="-4.657563" lat="43.153756"><ele>443.75</ele></trkpt>
<trkpt lon="-4.657586" lat="43.153844"><ele>440.75</ele></trkpt>
<trkpt lon="-4.657886" lat="43.154643"><ele>426.5</ele></trkpt>
<trkpt lon="-4.658060" lat="43.155018"><ele>421.5</ele></trkpt>
<trkpt lon="-4.658148" lat="43.155154"><ele>419.5</ele></trkpt>
<trkpt lon="-4.658332" lat="43.155350"><ele>415.5</ele></trkpt>
<trkpt lon="-4.658734" lat="43.155583"><ele>410.75</ele></trkpt>
<trkpt lon="-4.659879" lat="43.156101"><ele>401.0</ele></trkpt>
<trkpt lon="-4.660127" lat="43.156164"><ele>397.25</ele></trkpt>
<trkpt lon="-4.660333" lat="43.156173"><ele>394.0</ele></trkpt>
<trkpt lon="-4.660517" lat="43.156134"><ele>391.75</ele></trkpt>
<trkpt lon="-4.660684" lat="43.156060"><ele>389.75</ele></trkpt>
<trkpt lon="-4.660822" lat="43.155961"><ele>387.0</ele></trkpt>
<trkpt lon="-4.660931" lat="43.155895"><ele>386.25</ele></trkpt>
<trkpt lon="-4.660964" lat="43.155797"><ele>387.5</ele></trkpt>
<trkpt lon="-4.661036" lat="43.155775"><ele>387.25</ele></trkpt>
<trkpt lon="-4.661134" lat="43.155761"><ele>387.25</ele></trkpt>
<trkpt lon="-4.661302" lat="43.155783"><ele>389.0</ele></trkpt>
<trkpt lon="-4.661511" lat="43.155904"><ele>392.0</ele></trkpt>
<trkpt lon="-4.661711" lat="43.156059"><ele>394.5</ele></trkpt>
<trkpt lon="-4.661939" lat="43.156214"><ele>391.25</ele></trkpt>
<trkpt lon="-4.662041" lat="43.156294"><ele>389.25</ele></trkpt>
<trkpt lon="-4.662295" lat="43.156330"><ele>389.75</ele></trkpt>
<trkpt lon="-4.662491" lat="43.156369"><ele>388.5</ele></trkpt>
<trkpt lon="-4.662910" lat="43.156475"><ele>385.25</ele></trkpt>
<trkpt lon="-4.663222" lat="43.156449"><ele>386.75</ele></trkpt>
<trkpt lon="-4.663758" lat="43.156417"><ele>380.75</ele></trkpt>
<trkpt lon="-4.664157" lat="43.156328"><ele>377.5</ele></trkpt>
<trkpt lon="-4.664603" lat="43.156245"><ele>374.25</ele></trkpt>
<trkpt lon="-4.664942" lat="43.156255"><ele>368.25</ele></trkpt>
<trkpt lon="-4.665196" lat="43.156262"><ele>365.0</ele></trkpt>
<trkpt lon="-4.665729" lat="43.156483"><ele>356.0</ele></trkpt>
<trkpt lon="-4.666180" lat="43.156618"><ele>352.0</ele></trkpt>
<trkpt lon="-4.666301" lat="43.156591"><ele>352.5</ele></trkpt>
<trkpt lon="-4.666714" lat="43.156508"><ele>352.75</ele></trkpt>
<trkpt lon="-4.666905" lat="43.156457"><ele>352.0</ele></trkpt>
<trkpt lon="-4.666994" lat="43.156428"><ele>351.75</ele></trkpt>
<trkpt lon="-4.667089" lat="43.156380"><ele>352.25</ele></trkpt>
<trkpt lon="-4.667323" lat="43.156482"><ele>352.0</ele></trkpt>
<trkpt lon="-4.667544" lat="43.156563"><ele>352.75</ele></trkpt>
<trkpt lon="-4.667601" lat="43.156599"><ele>353.25</ele></trkpt>
<trkpt lon="-4.667852" lat="43.156643"><ele>355.25</ele></trkpt>
<trkpt lon="-4.668023" lat="43.156665"><ele>356.5</ele></trkpt>
<trkpt lon="-4.668110" lat="43.156670"><ele>357.5</ele></trkpt>
<trkpt lon="-4.668264" lat="43.156629"><ele>358.0</ele></trkpt>
<trkpt lon="-4.668937" lat="43.156428"><ele>358.75</ele></trkpt>
<trkpt lon="-4.669118" lat="43.156367"><ele>358.5</ele></trkpt>
<trkpt lon="-4.669109" lat="43.156563"><ele>361.75</ele></trkpt>
<trkpt lon="-4.669081" lat="43.156745"><ele>368.75</ele></trkpt>
<trkpt lon="-4.669373" lat="43.156764"><ele>371.5</ele></trkpt>
<trkpt lon="-4.669717" lat="43.156764"><ele>375.75</ele></trkpt>
<trkpt lon="-4.670022" lat="43.156779"><ele>377.25</ele></trkpt>
<trkpt lon="-4.670211" lat="43.156849"><ele>378.75</ele></trkpt>
<trkpt lon="-4.670293" lat="43.157081"><ele>384.0</ele></trkpt>
<trkpt lon="-4.670366" lat="43.157215"><ele>388.25</ele></trkpt>
<trkpt lon="-4.670406" lat="43.157219"><ele>389.0</ele></trkpt>
<trkpt lon="-4.670447" lat="43.157211"><ele>389.75</ele></trkpt>
<trkpt lon="-4.670577" lat="43.157108"><ele>390.0</ele></trkpt>
<trkpt lon="-4.670754" lat="43.157059"><ele>394.25</ele></trkpt>
<trkpt lon="-4.670797" lat="43.157014"><ele>394.0</ele></trkpt>
<trkpt lon="-4.670854" lat="43.156986"><ele>394.25</ele></trkpt>
<trkpt lon="-4.670888" lat="43.156988"><ele>394.5</ele></trkpt>
<trkpt lon="-4.670923" lat="43.157021"><ele>396.0</ele></trkpt>
<trkpt lon="-4.670927" lat="43.157059"><ele>397.5</ele></trkpt>
<trkpt lon="-4.670903" lat="43.157105"><ele>399.0</ele></trkpt>
<trkpt lon="-4.670807" lat="43.157181"><ele>399.75</ele></trkpt>
<trkpt lon="-4.670703" lat="43.157236"><ele>398.0</ele></trkpt>
<trkpt lon="-4.670616" lat="43.157321"><ele>399.25</ele></trkpt>
<trkpt lon="-4.670465" lat="43.157578"><ele>404.0</ele></trkpt>
<trkpt lon="-4.670446" lat="43.157735"><ele>406.75</ele></trkpt>
<trkpt lon="-4.670442" lat="43.157924"><ele>410.5</ele></trkpt>
<trkpt lon="-4.670453" lat="43.157941"><ele>411.0</ele></trkpt>
<trkpt lon="-4.670478" lat="43.157940"><ele>411.75</ele></trkpt>
<trkpt lon="-4.670494" lat="43.157928"><ele>412.0</ele></trkpt>
<trkpt lon="-4.670591" lat="43.157689"><ele>411.25</ele></trkpt>
<trkpt lon="-4.670736" lat="43.157515"><ele>414.0</ele></trkpt>
<trkpt lon="-4.670788" lat="43.157487"><ele>415.25</ele></trkpt>
<trkpt lon="-4.670864" lat="43.157468"><ele>416.5</ele></trkpt>
<trkpt lon="-4.670978" lat="43.157485"><ele>418.75</ele></trkpt>
<trkpt lon="-4.671090" lat="43.157490"><ele>420.25</ele></trkpt>
<trkpt lon="-4.671276" lat="43.157486"><ele>421.25</ele></trkpt>
<trkpt lon="-4.671410" lat="43.157517"><ele>424.25</ele></trkpt>
<trkpt lon="-4.671515" lat="43.157551"><ele>427.25</ele></trkpt>
<trkpt lon="-4.671615" lat="43.157592"><ele>430.0</ele></trkpt>
<trkpt lon="-4.671652" lat="43.157589"><ele>430.0</ele></trkpt>
<trkpt lon="-4.671686" lat="43.157576"><ele>430.25</ele></trkpt>
<trkpt lon="-4.671703" lat="43.157503"><ele>428.0</ele></trkpt>
<trkpt lon="-4.671678" lat="43.157355"><ele>426.5</ele></trkpt>
<trkpt lon="-4.671700" lat="43.157279"><ele>427.5</ele></trkpt>
<trkpt lon="-4.671744" lat="43.157191"><ele>428.75</ele></trkpt>
<trkpt lon="-4.671906" lat="43.157079"><ele>432.5</ele></trkpt>
<trkpt lon="-4.672015" lat="43.156965"><ele>432.75</ele></trkpt>
<trkpt lon="-4.672182" lat="43.156861"><ele>434.5</ele></trkpt>
<trkpt lon="-4.672489" lat="43.156802"><ele>437.0</ele></trkpt>
<trkpt lon="-4.672639" lat="43.156805"><ele>439.0</ele></trkpt>
<trkpt lon="-4.672710" lat="43.156787"><ele>439.25</ele></trkpt>
<trkpt lon="-4.672932" lat="43.156709"><ele>441.0</ele></trkpt>
<trkpt lon="-4.673120" lat="43.156632"><ele>442.75</ele></trkpt>
<trkpt lon="-4.673305" lat="43.156602"><ele>444.0</ele></trkpt>
<trkpt lon="-4.673399" lat="43.156601"><ele>445.25</ele></trkpt>
<trkpt lon="-4.673462" lat="43.156615"><ele>446.5</ele></trkpt>
<trkpt lon="-4.673632" lat="43.156635"><ele>449.0</ele></trkpt>
<trkpt lon="-4.673701" lat="43.156667"><ele>450.75</ele></trkpt>
<trkpt lon="-4.673783" lat="43.156687"><ele>452.5</ele></trkpt>
<trkpt lon="-4.673960" lat="43.156624"><ele>454.0</ele></trkpt>
<trkpt lon="-4.674117" lat="43.156609"><ele>457.5</ele></trkpt>
<trkpt lon="-4.674233" lat="43.156629"><ele>459.75</ele></trkpt>
<trkpt lon="-4.674500" lat="43.156629"><ele>462.75</ele></trkpt>
<trkpt lon="-4.674691" lat="43.156486"><ele>462.5</ele></trkpt>
<trkpt lon="-4.674795" lat="43.156455"><ele>463.5</ele></trkpt>
<trkpt lon="-4.674982" lat="43.156413"><ele>464.5</ele></trkpt>
<trkpt lon="-4.675144" lat="43.156385"><ele>466.25</ele></trkpt>
<trkpt lon="-4.675236" lat="43.156360"><ele>467.25</ele></trkpt>
<trkpt lon="-4.675333" lat="43.156292"><ele>467.75</ele></trkpt>
<trkpt lon="-4.675384" lat="43.156232"><ele>467.75</ele></trkpt>
<trkpt lon="-4.675440" lat="43.156170"><ele>468.25</ele></trkpt>
<trkpt lon="-4.675527" lat="43.156108"><ele>470.0</ele></trkpt>
<trkpt lon="-4.675709" lat="43.156011"><ele>472.0</ele></trkpt>
<trkpt lon="-4.675888" lat="43.155958"><ele>474.5</ele></trkpt>
<trkpt lon="-4.676088" lat="43.155855"><ele>475.75</ele></trkpt>
<trkpt lon="-4.676281" lat="43.155773"><ele>476.0</ele></trkpt>
<trkpt lon="-4.676556" lat="43.155803"><ele>478.5</ele></trkpt>
<trkpt lon="-4.676626" lat="43.155798"><ele>478.75</ele></trkpt>
<trkpt lon="-4.676687" lat="43.155771"><ele>478.75</ele></trkpt>
<trkpt lon="-4.676929" lat="43.155556"><ele>474.0</ele></trkpt>
<trkpt lon="-4.677086" lat="43.155357"><ele>469.75</ele></trkpt>
<trkpt lon="-4.677250" lat="43.155184"><ele>465.5</ele></trkpt>
<trkpt lon="-4.677414" lat="43.155060"><ele>461.75</ele></trkpt>
<trkpt lon="-4.677502" lat="43.155045"><ele>461.0</ele></trkpt>
<trkpt lon="-4.677676" lat="43.154905"><ele>458.5</ele></trkpt>
<trkpt lon="-4.677872" lat="43.154777"><ele>456.0</ele></trkpt>
<trkpt lon="-4.678100" lat="43.154708"><ele>454.25</ele></trkpt>
<trkpt lon="-4.678335" lat="43.154690"><ele>452.0</ele></trkpt>
<trkpt lon="-4.678669" lat="43.154745"><ele>450.25</ele></trkpt>
<trkpt lon="-4.678836" lat="43.154840"><ele>449.75</ele></trkpt>
<trkpt lon="-4.679575" lat="43.155198"><ele>447.5</ele></trkpt>
<trkpt lon="-4.679778" lat="43.155331"><ele>446.75</ele></trkpt>
<trkpt lon="-4.679948" lat="43.155472"><ele>446.5</ele></trkpt>
<trkpt lon="-4.680059" lat="43.155508"><ele>446.25</ele></trkpt>
<trkpt lon="-4.680154" lat="43.155474"><ele>444.75</ele></trkpt>
<trkpt lon="-4.680166" lat="43.155409"><ele>442.0</ele></trkpt>
<trkpt lon="-4.680282" lat="43.155351"><ele>438.25</ele></trkpt>
<trkpt lon="-4.680522" lat="43.155390"><ele>436.5</ele></trkpt>
<trkpt lon="-4.680653" lat="43.155472"><ele>435.25</ele></trkpt>
<trkpt lon="-4.680999" lat="43.155857"><ele>430.5</ele></trkpt>
<trkpt lon="-4.681120" lat="43.155944"><ele>430.0</ele></trkpt>
<trkpt lon="-4.681411" lat="43.156102"><ele>425.0</ele></trkpt>
<trkpt lon="-4.681723" lat="43.156242"><ele>419.5</ele></trkpt>
<trkpt lon="-4.681893" lat="43.156305"><ele>417.5</ele></trkpt>
<trkpt lon="-4.682049" lat="43.156306"><ele>415.0</ele></trkpt>
<trkpt lon="-4.682290" lat="43.156266"><ele>411.0</ele></trkpt>
<trkpt lon="-4.682544" lat="43.156213"><ele>407.75</ele></trkpt>
<trkpt lon="-4.682803" lat="43.156150"><ele>404.0</ele></trkpt>
<trkpt lon="-4.682856" lat="43.156131"><ele>403.25</ele></trkpt>
<trkpt lon="-4.683493" lat="43.155891"><ele>398.0</ele></trkpt>
<trkpt lon="-4.683680" lat="43.155787"><ele>396.25</ele></trkpt>
<trkpt lon="-4.683776" lat="43.155716"><ele>395.5</ele></trkpt>
<trkpt lon="-4.683825" lat="43.155738"><ele>395.25</ele></trkpt>
<trkpt lon="-4.684000" lat="43.155855"><ele>394.0</ele></trkpt>
<trkpt lon="-4.684099" lat="43.155908"><ele>393.0</ele></trkpt>
<trkpt lon="-4.684407" lat="43.155881"><ele>390.25</ele></trkpt>
<trkpt lon="-4.684535" lat="43.155903"><ele>389.25</ele></trkpt>
<trkpt lon="-4.684638" lat="43.155950"><ele>389.5</ele></trkpt>
<trkpt lon="-4.684680" lat="43.155968"><ele>389.75</ele></trkpt>
<trkpt lon="-4.684789" lat="43.155973"><ele>390.0</ele></trkpt>
<trkpt lon="-4.684886" lat="43.155978"><ele>390.25</ele></trkpt>
<trkpt lon="-4.685344" lat="43.156155"><ele>391.5</ele></trkpt>
<trkpt lon="-4.685446" lat="43.156164"><ele>391.0</ele></trkpt>
<trkpt lon="-4.685588" lat="43.156143"><ele>389.75</ele></trkpt>
<trkpt lon="-4.685866" lat="43.156155"><ele>389.75</ele></trkpt>
<trkpt lon="-4.686253" lat="43.156039"><ele>390.0</ele></trkpt>
<trkpt lon="-4.686324" lat="43.156030"><ele>390.25</ele></trkpt>
<trkpt lon="-4.686449" lat="43.156014"><ele>390.25</ele></trkpt>
<trkpt lon="-4.686643" lat="43.155961"><ele>389.75</ele></trkpt>
<trkpt lon="-4.686968" lat="43.155927"><ele>389.75</ele></trkpt>
<trkpt lon="-4.687178" lat="43.155942"><ele>390.75</ele></trkpt>
<trkpt lon="-4.687488" lat="43.155876"><ele>392.0</ele></trkpt>
<trkpt lon="-4.687709" lat="43.155811"><ele>391.25</ele></trkpt>
<trkpt lon="-4.687939" lat="43.155753"><ele>391.75</ele></trkpt>
<trkpt lon="-4.688113" lat="43.155716"><ele>392.25</ele></trkpt>
<trkpt lon="-4.688280" lat="43.155724"><ele>393.0</ele></trkpt>
<trkpt lon="-4.688549" lat="43.155675"><ele>392.75</ele></trkpt>
<trkpt lon="-4.688789" lat="43.155714"><ele>396.25</ele></trkpt>
<trkpt lon="-4.688874" lat="43.155746"><ele>399.25</ele></trkpt>
<trkpt lon="-4.689247" lat="43.155709"><ele>405.0</ele></trkpt>
<trkpt lon="-4.689380" lat="43.155561"><ele>396.75</ele></trkpt>
<trkpt lon="-4.689598" lat="43.155402"><ele>399.75</ele></trkpt>
<trkpt lon="-4.689726" lat="43.155227"><ele>396.5</ele></trkpt>
<trkpt lon="-4.689767" lat="43.155111"><ele>396.5</ele></trkpt>
<trkpt lon="-4.689901" lat="43.155070"><ele>400.5</ele></trkpt>
<trkpt lon="-4.689942" lat="43.155029"><ele>401.25</ele></trkpt>
<trkpt lon="-4.689997" lat="43.155029"><ele>403.0</ele></trkpt>
<trkpt lon="-4.690077" lat="43.155222"><ele>408.25</ele></trkpt>
<trkpt lon="-4.690196" lat="43.155281"><ele>413.0</ele></trkpt>
<trkpt lon="-4.690329" lat="43.155273"><ele>417.75</ele></trkpt>
<trkpt lon="-4.690424" lat="43.155310"><ele>420.75</ele></trkpt>
<trkpt lon="-4.690632" lat="43.155314"><ele>429.0</ele></trkpt>
<trkpt lon="-4.690683" lat="43.155266"><ele>432.0</ele></trkpt>
<trkpt lon="-4.690630" lat="43.155159"><ele>432.0</ele></trkpt>
<trkpt lon="-4.690693" lat="43.155106"><ele>435.5</ele></trkpt>
<trkpt lon="-4.690789" lat="43.154958"><ele>440.0</ele></trkpt>
<trkpt lon="-4.690969" lat="43.154782"><ele>445.5</ele></trkpt>
<trkpt lon="-4.691138" lat="43.154593"><ele>450.0</ele></trkpt>
<trkpt lon="-4.691291" lat="43.154484"><ele>454.5</ele></trkpt>
<trkpt lon="-4.691482" lat="43.154375"><ele>458.0</ele></trkpt>
<trkpt lon="-4.691615" lat="43.154259"><ele>459.0</ele></trkpt>
<trkpt lon="-4.691966" lat="43.153982"><ele>463.5</ele></trkpt>
<trkpt lon="-4.692255" lat="43.153844"><ele>466.25</ele></trkpt>
<trkpt lon="-4.692444" lat="43.153835"><ele>466.5</ele></trkpt>
<trkpt lon="-4.692572" lat="43.153878"><ele>467.5</ele></trkpt>
<trkpt lon="-4.693313" lat="43.153900"><ele>456.75</ele></trkpt>
<trkpt lon="-4.693485" lat="43.153941"><ele>455.5</ele></trkpt>
<trkpt lon="-4.693599" lat="43.154004"><ele>456.25</ele></trkpt>
<trkpt lon="-4.693688" lat="43.154072"><ele>459.25</ele></trkpt>
<trkpt lon="-4.693742" lat="43.154067"><ele>459.75</ele></trkpt>
<trkpt lon="-4.693779" lat="43.154021"><ele>459.25</ele></trkpt>
<trkpt lon="-4.693875" lat="43.153905"><ele>459.5</ele></trkpt>
<trkpt lon="-4.694044" lat="43.153808"><ele>463.5</ele></trkpt>
<trkpt lon="-4.694161" lat="43.153653"><ele>465.25</ele></trkpt>
<trkpt lon="-4.694170" lat="43.153534"><ele>465.5</ele></trkpt>
<trkpt lon="-4.694236" lat="43.153430"><ele>468.0</ele></trkpt>
<trkpt lon="-4.694364" lat="43.153348"><ele>470.5</ele></trkpt>
<trkpt lon="-4.694443" lat="43.153312"><ele>471.5</ele></trkpt>
<trkpt lon="-4.694458" lat="43.153403"><ele>473.0</ele></trkpt>
<trkpt lon="-4.694543" lat="43.153517"><ele>475.0</ele></trkpt>
<trkpt lon="-4.694714" lat="43.153599"><ele>477.5</ele></trkpt>
<trkpt lon="-4.694939" lat="43.153652"><ele>480.0</ele></trkpt>
<trkpt lon="-4.695548" lat="43.153745"><ele>485.0</ele></trkpt>
<trkpt lon="-4.695761" lat="43.153734"><ele>485.75</ele></trkpt>
<trkpt lon="-4.695949" lat="43.153694"><ele>485.5</ele></trkpt>
<trkpt lon="-4.696153" lat="43.153623"><ele>486.0</ele></trkpt>
<trkpt lon="-4.696299" lat="43.153534"><ele>486.75</ele></trkpt>
<trkpt lon="-4.696415" lat="43.153426"><ele>488.5</ele></trkpt>
<trkpt lon="-4.696841" lat="43.152979"><ele>494.75</ele></trkpt>
<trkpt lon="-4.697103" lat="43.152735"><ele>496.25</ele></trkpt>
<trkpt lon="-4.697380" lat="43.152526"><ele>497.0</ele></trkpt>
<trkpt lon="-4.698113" lat="43.152047"><ele>501.25</ele></trkpt>
<trkpt lon="-4.698396" lat="43.151923"><ele>503.25</ele></trkpt>
<trkpt lon="-4.698822" lat="43.151796"><ele>506.25</ele></trkpt>
<trkpt lon="-4.699056" lat="43.151745"><ele>508.75</ele></trkpt>
<trkpt lon="-4.699519" lat="43.151685"><ele>513.0</ele></trkpt>
<trkpt lon="-4.699954" lat="43.151638"><ele>515.75</ele></trkpt>
<trkpt lon="-4.700176" lat="43.151632"><ele>517.25</ele></trkpt>
<trkpt lon="-4.700272" lat="43.151640"><ele>518.0</ele></trkpt>
<trkpt lon="-4.700382" lat="43.151573"><ele>516.75</ele></trkpt>
<trkpt lon="-4.701357" lat="43.151661"><ele>522.5</ele></trkpt>
<trkpt lon="-4.701606" lat="43.151762"><ele>526.0</ele></trkpt>
<trkpt lon="-4.701653" lat="43.151790"><ele>526.75</ele></trkpt>
<trkpt lon="-4.701976" lat="43.151893"><ele>526.75</ele></trkpt>
<trkpt lon="-4.702434" lat="43.152114"><ele>523.25</ele></trkpt>
<trkpt lon="-4.703937" lat="43.153184"><ele>505.25</ele></trkpt>
<trkpt lon="-4.704985" lat="43.153549"><ele>492.0</ele></trkpt>
<trkpt lon="-4.705281" lat="43.153630"><ele>497.5</ele></trkpt>
<trkpt lon="-4.705811" lat="43.153585"><ele>503.0</ele></trkpt>
<trkpt lon="-4.705682" lat="43.153482"><ele>506.75</ele></trkpt>
<trkpt lon="-4.705242" lat="43.152804"><ele>521.5</ele></trkpt>
<trkpt lon="-4.705565" lat="43.152495"><ele>531.0</ele></trkpt>
<trkpt lon="-4.705917" lat="43.152298"><ele>533.25</ele></trkpt>
<trkpt lon="-4.706220" lat="43.152222"><ele>536.5</ele></trkpt>
<trkpt lon="-4.706979" lat="43.152223"><ele>547.5</ele></trkpt>
<trkpt lon="-4.707479" lat="43.152175"><ele>555.5</ele></trkpt>
<trkpt lon="-4.707584" lat="43.152109"><ele>558.5</ele></trkpt>
<trkpt lon="-4.707435" lat="43.151820"><ele>562.0</ele></trkpt>
<trkpt lon="-4.707492" lat="43.151631"><ele>567.0</ele></trkpt>
<trkpt lon="-4.707687" lat="43.151353"><ele>573.75</ele></trkpt>
<trkpt lon="-4.707781" lat="43.151316"><ele>576.25</ele></trkpt>
<trkpt lon="-4.707891" lat="43.151309"><ele>577.5</ele></trkpt>
<trkpt lon="-4.708073" lat="43.151276"><ele>579.75</ele></trkpt>
<trkpt lon="-4.708109" lat="43.151260"><ele>580.5</ele></trkpt>
<trkpt lon="-4.708195" lat="43.151222"><ele>582.5</ele></trkpt>
<trkpt lon="-4.708239" lat="43.151203"><ele>583.5</ele></trkpt>
<trkpt lon="-4.708288" lat="43.151201"><ele>584.25</ele></trkpt>
<trkpt lon="-4.708486" lat="43.151191"><ele>586.5</ele></trkpt>
<trkpt lon="-4.708671" lat="43.151203"><ele>589.0</ele></trkpt>
<trkpt lon="-4.708369" lat="43.151060"><ele>589.25</ele></trkpt>
<trkpt lon="-4.708279" lat="43.150959"><ele>591.5</ele></trkpt>
<trkpt lon="-4.708152" lat="43.150891"><ele>592.0</ele></trkpt>
<trkpt lon="-4.708074" lat="43.150838"><ele>593.0</ele></trkpt>
<trkpt lon="-4.707893" lat="43.150705"><ele>598.0</ele></trkpt>
<trkpt lon="-4.707785" lat="43.150616"><ele>601.25</ele></trkpt>
<trkpt lon="-4.707505" lat="43.150505"><ele>599.25</ele></trkpt>
<trkpt lon="-4.707443" lat="43.150487"><ele>599.0</ele></trkpt>
<trkpt lon="-4.707365" lat="43.150416"><ele>600.5</ele></trkpt>
<trkpt lon="-4.707331" lat="43.150344"><ele>602.25</ele></trkpt>
<trkpt lon="-4.707324" lat="43.150269"><ele>604.5</ele></trkpt>
<trkpt lon="-4.707352" lat="43.150194"><ele>606.0</ele></trkpt>
<trkpt lon="-4.707486" lat="43.150026"><ele>611.25</ele></trkpt>
<trkpt lon="-4.707539" lat="43.149936"><ele>613.25</ele></trkpt>
<trkpt lon="-4.707570" lat="43.149777"><ele>615.0</ele></trkpt>
<trkpt lon="-4.707554" lat="43.149695"><ele>615.75</ele></trkpt>
<trkpt lon="-4.707393" lat="43.149355"><ele>619.25</ele></trkpt>
<trkpt lon="-4.707374" lat="43.149257"><ele>620.25</ele></trkpt>
<trkpt lon="-4.707374" lat="43.149146"><ele>622.0</ele></trkpt>
<trkpt lon="-4.707390" lat="43.149076"><ele>623.0</ele></trkpt>
<trkpt lon="-4.707545" lat="43.148867"><ele>628.0</ele></trkpt>
<trkpt lon="-4.707595" lat="43.148758"><ele>629.5</ele></trkpt>
<trkpt lon="-4.707676" lat="43.148629"><ele>632.25</ele></trkpt>
<trkpt lon="-4.707744" lat="43.148563"><ele>634.25</ele></trkpt>
<trkpt lon="-4.707869" lat="43.148391"><ele>637.75</ele></trkpt>
<trkpt lon="-4.707999" lat="43.148318"><ele>640.0</ele></trkpt>
<trkpt lon="-4.708139" lat="43.148216"><ele>638.5</ele></trkpt>
<trkpt lon="-4.708285" lat="43.148157"><ele>638.25</ele></trkpt>
<trkpt lon="-4.708661" lat="43.147975"><ele>639.25</ele></trkpt>
<trkpt lon="-4.708938" lat="43.147794"><ele>639.0</ele></trkpt>
<trkpt lon="-4.709056" lat="43.147705"><ele>639.25</ele></trkpt>
<trkpt lon="-4.709339" lat="43.147603"><ele>641.5</ele></trkpt>
<trkpt lon="-4.709470" lat="43.147513"><ele>641.5</ele></trkpt>
<trkpt lon="-4.709517" lat="43.147460"><ele>641.75</ele></trkpt>
<trkpt lon="-4.709490" lat="43.147365"><ele>641.0</ele></trkpt>
<trkpt lon="-4.709589" lat="43.147431"><ele>642.5</ele></trkpt>
<trkpt lon="-4.709650" lat="43.147498"><ele>643.75</ele></trkpt>
<trkpt lon="-4.709846" lat="43.147679"><ele>649.75</ele></trkpt>
<trkpt lon="-4.709870" lat="43.147731"><ele>651.0</ele></trkpt>
<trkpt lon="-4.709857" lat="43.147764"><ele>651.5</ele></trkpt>
<trkpt lon="-4.709815" lat="43.147802"><ele>652.25</ele></trkpt>
<trkpt lon="-4.709707" lat="43.147849"><ele>653.0</ele></trkpt>
<trkpt lon="-4.709628" lat="43.147944"><ele>655.0</ele></trkpt>
<trkpt lon="-4.709595" lat="43.148011"><ele>656.5</ele></trkpt>
<trkpt lon="-4.709574" lat="43.148087"><ele>658.25</ele></trkpt>
<trkpt lon="-4.709576" lat="43.148165"><ele>659.5</ele></trkpt>
<trkpt lon="-4.709593" lat="43.148298"><ele>662.0</ele></trkpt>
<trkpt lon="-4.709690" lat="43.148490"><ele>664.75</ele></trkpt>
<trkpt lon="-4.709749" lat="43.148559"><ele>665.5</ele></trkpt>
<trkpt lon="-4.710006" lat="43.148775"><ele>669.25</ele></trkpt>
<trkpt lon="-4.710174" lat="43.148927"><ele>671.0</ele></trkpt>
<trkpt lon="-4.710250" lat="43.148982"><ele>672.25</ele></trkpt>
<trkpt lon="-4.710372" lat="43.149034"><ele>674.25</ele></trkpt>
<trkpt lon="-4.710465" lat="43.149030"><ele>675.5</ele></trkpt>
<trkpt lon="-4.710600" lat="43.148989"><ele>677.5</ele></trkpt>
<trkpt lon="-4.710701" lat="43.148977"><ele>679.0</ele></trkpt>
<trkpt lon="-4.711069" lat="43.148967"><ele>683.75</ele></trkpt>
<trkpt lon="-4.711327" lat="43.148974"><ele>685.25</ele></trkpt>
<trkpt lon="-4.711404" lat="43.148952"><ele>685.75</ele></trkpt>
<trkpt lon="-4.711447" lat="43.148939"><ele>685.75</ele></trkpt>
<trkpt lon="-4.711633" lat="43.148925"><ele>686.5</ele></trkpt>
<trkpt lon="-4.711824" lat="43.148922"><ele>687.25</ele></trkpt>
<trkpt lon="-4.712062" lat="43.148955"><ele>688.25</ele></trkpt>
<trkpt lon="-4.712351" lat="43.148969"><ele>691.25</ele></trkpt>
<trkpt lon="-4.712593" lat="43.149034"><ele>694.25</ele></trkpt>
<trkpt lon="-4.712908" lat="43.149082"><ele>698.25</ele></trkpt>
<trkpt lon="-4.712980" lat="43.149074"><ele>699.0</ele></trkpt>
<trkpt lon="-4.713054" lat="43.149029"><ele>699.75</ele></trkpt>
<trkpt lon="-4.713102" lat="43.148985"><ele>700.75</ele></trkpt>
<trkpt lon="-4.713182" lat="43.148962"><ele>702.0</ele></trkpt>
<trkpt lon="-4.713284" lat="43.148958"><ele>703.25</ele></trkpt>
<trkpt lon="-4.713435" lat="43.149010"><ele>705.25</ele></trkpt>
<trkpt lon="-4.713601" lat="43.149089"><ele>707.75</ele></trkpt>
<trkpt lon="-4.713701" lat="43.149123"><ele>709.0</ele></trkpt>
<trkpt lon="-4.713815" lat="43.149142"><ele>710.25</ele></trkpt>
<trkpt lon="-4.713983" lat="43.149135"><ele>712.75</ele></trkpt>
<trkpt lon="-4.714152" lat="43.149107"><ele>716.0</ele></trkpt>
<trkpt lon="-4.714262" lat="43.149067"><ele>718.25</ele></trkpt>
<trkpt lon="-4.714352" lat="43.149008"><ele>720.25</ele></trkpt>
<trkpt lon="-4.714411" lat="43.148946"><ele>721.75</ele></trkpt>
<trkpt lon="-4.714513" lat="43.148877"><ele>724.0</ele></trkpt>
<trkpt lon="-4.714601" lat="43.148846"><ele>725.25</ele></trkpt>
<trkpt lon="-4.714710" lat="43.148827"><ele>727.25</ele></trkpt>
<trkpt lon="-4.714967" lat="43.148755"><ele>731.75</ele></trkpt>
<trkpt lon="-4.715082" lat="43.148709"><ele>733.25</ele></trkpt>
<trkpt lon="-4.715185" lat="43.148654"><ele>734.0</ele></trkpt>
<trkpt lon="-4.715257" lat="43.148652"><ele>735.25</ele></trkpt>
<trkpt lon="-4.715298" lat="43.148669"><ele>736.25</ele></trkpt>
<trkpt lon="-4.715368" lat="43.148756"><ele>739.0</ele></trkpt>
<trkpt lon="-4.715398" lat="43.148813"><ele>740.25</ele></trkpt>
<trkpt lon="-4.715437" lat="43.148839"><ele>741.25</ele></trkpt>
<trkpt lon="-4.715480" lat="43.148837"><ele>742.25</ele></trkpt>
<trkpt lon="-4.715555" lat="43.148922"><ele>744.25</ele></trkpt>
<trkpt lon="-4.715626" lat="43.149033"><ele>747.75</ele></trkpt>
<trkpt lon="-4.715664" lat="43.149142"><ele>749.75</ele></trkpt>
<trkpt lon="-4.715803" lat="43.149258"><ele>753.0</ele></trkpt>
<trkpt lon="-4.716212" lat="43.149269"><ele>757.5</ele></trkpt>
<trkpt lon="-4.716595" lat="43.149405"><ele>761.75</ele></trkpt>
<trkpt lon="-4.716683" lat="43.149573"><ele>763.75</ele></trkpt>
<trkpt lon="-4.716938" lat="43.150287"><ele>774.75</ele></trkpt>
<trkpt lon="-4.717019" lat="43.150573"><ele>778.75</ele></trkpt>
<trkpt lon="-4.717180" lat="43.150893"><ele>782.5</ele></trkpt>
<trkpt lon="-4.717344" lat="43.151104"><ele>785.0</ele></trkpt>
<trkpt lon="-4.717655" lat="43.151206"><ele>791.75</ele></trkpt>
<trkpt lon="-4.717967" lat="43.151319"><ele>796.5</ele></trkpt>
<trkpt lon="-4.718250" lat="43.151516"><ele>800.0</ele></trkpt>
<trkpt lon="-4.718432" lat="43.151690"><ele>802.75</ele></trkpt>
<trkpt lon="-4.718492" lat="43.152038"><ele>809.0</ele></trkpt>
<trkpt lon="-4.718614" lat="43.152178"><ele>812.0</ele></trkpt>
<trkpt lon="-4.718721" lat="43.152224"><ele>814.25</ele></trkpt>
<trkpt lon="-4.718911" lat="43.152169"><ele>818.5</ele></trkpt>
<trkpt lon="-4.719130" lat="43.152045"><ele>823.0</ele></trkpt>
<trkpt lon="-4.719446" lat="43.151890"><ele>829.25</ele></trkpt>
<trkpt lon="-4.719620" lat="43.151818"><ele>835.25</ele></trkpt>
<trkpt lon="-4.719722" lat="43.151712"><ele>838.75</ele></trkpt>
<trkpt lon="-4.719655" lat="43.151615"><ele>838.75</ele></trkpt>
<trkpt lon="-4.719690" lat="43.151474"><ele>844.75</ele></trkpt>
<trkpt lon="-4.719776" lat="43.151412"><ele>850.0</ele></trkpt>
<trkpt lon="-4.719824" lat="43.151388"><ele>852.5</ele></trkpt>
<trkpt lon="-4.719958" lat="43.151497"><ele>853.75</ele></trkpt>
<trkpt lon="-4.720055" lat="43.151589"><ele>854.25</ele></trkpt>
<trkpt lon="-4.720129" lat="43.151680"><ele>853.5</ele></trkpt>
<trkpt lon="-4.720179" lat="43.151792"><ele>854.0</ele></trkpt>
<trkpt lon="-4.720179" lat="43.151851"><ele>853.5</ele></trkpt>
<trkpt lon="-4.720148" lat="43.151926"><ele>851.5</ele></trkpt>
<trkpt lon="-4.720157" lat="43.152054"><ele>852.5</ele></trkpt>
<trkpt lon="-4.720181" lat="43.152126"><ele>853.75</ele></trkpt>
<trkpt lon="-4.720210" lat="43.152279"><ele>856.75</ele></trkpt>
<trkpt lon="-4.720212" lat="43.152350"><ele>858.5</ele></trkpt>
<trkpt lon="-4.720205" lat="43.152403"><ele>859.75</ele></trkpt>
<trkpt lon="-4.720167" lat="43.152507"><ele>860.75</ele></trkpt>
<trkpt lon="-4.720169" lat="43.152786"><ele>866.75</ele></trkpt>
<trkpt lon="-4.720179" lat="43.152873"><ele>867.75</ele></trkpt>
<trkpt lon="-4.720282" lat="43.153203"><ele>873.0</ele></trkpt>
<trkpt lon="-4.720361" lat="43.153364"><ele>877.5</ele></trkpt>
<trkpt lon="-4.720384" lat="43.153432"><ele>879.5</ele></trkpt>
<trkpt lon="-4.720389" lat="43.153534"><ele>881.0</ele></trkpt>
<trkpt lon="-4.720363" lat="43.153625"><ele>881.5</ele></trkpt>
<trkpt lon="-4.720299" lat="43.153793"><ele>883.25</ele></trkpt>
<trkpt lon="-4.720282" lat="43.153888"><ele>885.0</ele></trkpt>
<trkpt lon="-4.720284" lat="43.154006"><ele>887.25</ele></trkpt>
<trkpt lon="-4.720308" lat="43.154081"><ele>889.0</ele></trkpt>
<trkpt lon="-4.720329" lat="43.154127"><ele>890.5</ele></trkpt>
<trkpt lon="-4.720380" lat="43.154176"><ele>892.25</ele></trkpt>
<trkpt lon="-4.720456" lat="43.154212"><ele>893.25</ele></trkpt>
<trkpt lon="-4.720658" lat="43.154240"><ele>897.5</ele></trkpt>
<trkpt lon="-4.720828" lat="43.154309"><ele>899.25</ele></trkpt>
<trkpt lon="-4.721098" lat="43.154399"><ele>902.0</ele></trkpt>
<trkpt lon="-4.721208" lat="43.154442"><ele>903.5</ele></trkpt>
<trkpt lon="-4.721464" lat="43.154474"><ele>907.5</ele></trkpt>
<trkpt lon="-4.721617" lat="43.154474"><ele>909.75</ele></trkpt>
<trkpt lon="-4.721979" lat="43.154452"><ele>915.5</ele></trkpt>
<trkpt lon="-4.722103" lat="43.154437"><ele>916.25</ele></trkpt>
<trkpt lon="-4.722344" lat="43.154373"><ele>919.0</ele></trkpt>
<trkpt lon="-4.722938" lat="43.154157"><ele>923.0</ele></trkpt>
<trkpt lon="-4.723392" lat="43.154001"><ele>926.5</ele></trkpt>
<trkpt lon="-4.723581" lat="43.153918"><ele>928.75</ele></trkpt>
<trkpt lon="-4.723720" lat="43.153872"><ele>930.5</ele></trkpt>
<trkpt lon="-4.723838" lat="43.153844"><ele>931.25</ele></trkpt>
<trkpt lon="-4.723943" lat="43.153804"><ele>932.75</ele></trkpt>
<trkpt lon="-4.724026" lat="43.153781"><ele>933.75</ele></trkpt>
<trkpt lon="-4.724283" lat="43.153754"><ele>935.0</ele></trkpt>
<trkpt lon="-4.724802" lat="43.153750"><ele>942.5</ele></trkpt>
<trkpt lon="-4.725118" lat="43.153790"><ele>945.25</ele></trkpt>
<trkpt lon="-4.725190" lat="43.153783"><ele>945.75</ele></trkpt>
<trkpt lon="-4.725290" lat="43.153764"><ele>946.5</ele></trkpt>
<trkpt lon="-4.725357" lat="43.153746"><ele>947.0</ele></trkpt>
<trkpt lon="-4.725464" lat="43.153705"><ele>948.0</ele></trkpt>
<trkpt lon="-4.725548" lat="43.153665"><ele>949.25</ele></trkpt>
<trkpt lon="-4.725730" lat="43.153601"><ele>952.5</ele></trkpt>
<trkpt lon="-4.725953" lat="43.153479"><ele>957.75</ele></trkpt>
<trkpt lon="-4.726025" lat="43.153433"><ele>959.5</ele></trkpt>
<trkpt lon="-4.726080" lat="43.153409"><ele>960.5</ele></trkpt>
<trkpt lon="-4.726125" lat="43.153402"><ele>961.0</ele></trkpt>
<trkpt lon="-4.726214" lat="43.153404"><ele>962.0</ele></trkpt>
<trkpt lon="-4.726321" lat="43.153415"><ele>963.0</ele></trkpt>
<trkpt lon="-4.726766" lat="43.153429"><ele>972.25</ele></trkpt>
<trkpt lon="-4.727025" lat="43.153463"><ele>976.5</ele></trkpt>
<trkpt lon="-4.727251" lat="43.153506"><ele>978.75</ele></trkpt>
<trkpt lon="-4.727342" lat="43.153538"><ele>980.25</ele></trkpt>
<trkpt lon="-4.727410" lat="43.153588"><ele>980.75</ele></trkpt>
<trkpt lon="-4.727477" lat="43.153687"><ele>981.0</ele></trkpt>
<trkpt lon="-4.727522" lat="43.153729"><ele>981.25</ele></trkpt>
<trkpt lon="-4.727583" lat="43.153754"><ele>982.25</ele></trkpt>
<trkpt lon="-4.727661" lat="43.153765"><ele>984.0</ele></trkpt>
<trkpt lon="-4.727747" lat="43.153794"><ele>984.75</ele></trkpt>
<trkpt lon="-4.728176" lat="43.153813"><ele>990.5</ele></trkpt>
<trkpt lon="-4.728410" lat="43.153815"><ele>995.25</ele></trkpt>
<trkpt lon="-4.728473" lat="43.153806"><ele>997.0</ele></trkpt>
<trkpt lon="-4.728549" lat="43.153804"><ele>998.75</ele></trkpt>
<trkpt lon="-4.728618" lat="43.153811"><ele>1000.0</ele></trkpt>
<trkpt lon="-4.728977" lat="43.153890"><ele>1002.5</ele></trkpt>
<trkpt lon="-4.729229" lat="43.153959"><ele>1004.25</ele></trkpt>
<trkpt lon="-4.729441" lat="43.153968"><ele>1006.5</ele></trkpt>
<trkpt lon="-4.729513" lat="43.153964"><ele>1007.25</ele></trkpt>
<trkpt lon="-4.729875" lat="43.153850"><ele>1012.75</ele></trkpt>
<trkpt lon="-4.729939" lat="43.153821"><ele>1013.75</ele></trkpt>
<trkpt lon="-4.730123" lat="43.153714"><ele>1016.25</ele></trkpt>
<trkpt lon="-4.730179" lat="43.153666"><ele>1017.0</ele></trkpt>
<trkpt lon="-4.730207" lat="43.153606"><ele>1018.0</ele></trkpt>
<trkpt lon="-4.730217" lat="43.153556"><ele>1019.75</ele></trkpt>
<trkpt lon="-4.730209" lat="43.153504"><ele>1021.5</ele></trkpt>
<trkpt lon="-4.730152" lat="43.153460"><ele>1023.25</ele></trkpt>
<trkpt lon="-4.730105" lat="43.153439"><ele>1024.25</ele></trkpt>
<trkpt lon="-4.730045" lat="43.153419"><ele>1025.25</ele></trkpt>
<trkpt lon="-4.729920" lat="43.153407"><ele>1026.5</ele></trkpt>
<trkpt lon="-4.729793" lat="43.153417"><ele>1026.5</ele></trkpt>
<trkpt lon="-4.729557" lat="43.153454"><ele>1028.0</ele></trkpt>
<trkpt lon="-4.729463" lat="43.153455"><ele>1029.5</ele></trkpt>
<trkpt lon="-4.729367" lat="43.153439"><ele>1030.5</ele></trkpt>
<trkpt lon="-4.729186" lat="43.153378"><ele>1033.5</ele></trkpt>
<trkpt lon="-4.728989" lat="43.153298"><ele>1035.25</ele></trkpt>
<trkpt lon="-4.728839" lat="43.153206"><ele>1036.75</ele></trkpt>
<trkpt lon="-4.728733" lat="43.153115"><ele>1038.0</ele></trkpt>
<trkpt lon="-4.728472" lat="43.152937"><ele>1039.75</ele></trkpt>
<trkpt lon="-4.728253" lat="43.152745"><ele>1041.75</ele></trkpt>
<trkpt lon="-4.727575" lat="43.152175"><ele>1045.75</ele></trkpt>
<trkpt lon="-4.727106" lat="43.151889"><ele>1050.75</ele></trkpt>
<trkpt lon="-4.726950" lat="43.151782"><ele>1051.75</ele></trkpt>
<trkpt lon="-4.726864" lat="43.151711"><ele>1053.0</ele></trkpt>
<trkpt lon="-4.726779" lat="43.151622"><ele>1054.25</ele></trkpt>
<trkpt lon="-4.726722" lat="43.151505"><ele>1055.0</ele></trkpt>
<trkpt lon="-4.726747" lat="43.151369"><ele>1058.5</ele></trkpt>
<trkpt lon="-4.726790" lat="43.151296"><ele>1059.5</ele></trkpt>
<trkpt lon="-4.726845" lat="43.151238"><ele>1060.5</ele></trkpt>
<trkpt lon="-4.726905" lat="43.151210"><ele>1062.0</ele></trkpt>
<trkpt lon="-4.727008" lat="43.151192"><ele>1064.25</ele></trkpt>
<trkpt lon="-4.727159" lat="43.151182"><ele>1067.25</ele></trkpt>
<trkpt lon="-4.727664" lat="43.151181"><ele>1076.25</ele></trkpt>
<trkpt lon="-4.727795" lat="43.151172"><ele>1078.75</ele></trkpt>
<trkpt lon="-4.727888" lat="43.151156"><ele>1080.5</ele></trkpt>
<trkpt lon="-4.728082" lat="43.151095"><ele>1084.5</ele></trkpt>
<trkpt lon="-4.728289" lat="43.151047"><ele>1089.75</ele></trkpt>
<trkpt lon="-4.728362" lat="43.151009"><ele>1091.75</ele></trkpt>
<trkpt lon="-4.728434" lat="43.150958"><ele>1093.75</ele></trkpt>
<trkpt lon="-4.728479" lat="43.150895"><ele>1094.75</ele></trkpt>
<trkpt lon="-4.728544" lat="43.150668"><ele>1096.75</ele></trkpt>
<trkpt lon="-4.728640" lat="43.150528"><ele>1100.0</ele></trkpt>
<trkpt lon="-4.728664" lat="43.150475"><ele>1101.0</ele></trkpt>
<trkpt lon="-4.728662" lat="43.150378"><ele>1100.75</ele></trkpt>
<trkpt lon="-4.728676" lat="43.150280"><ele>1101.0</ele></trkpt>
<trkpt lon="-4.728707" lat="43.150223"><ele>1101.0</ele></trkpt>
<trkpt lon="-4.728788" lat="43.150192"><ele>1102.75</ele></trkpt>
<trkpt lon="-4.728913" lat="43.150128"><ele>1105.25</ele></trkpt>
<trkpt lon="-4.729073" lat="43.150058"><ele>1108.0</ele></trkpt>
<trkpt lon="-4.729246" lat="43.149960"><ele>1109.0</ele></trkpt>
<trkpt lon="-4.729465" lat="43.149885"><ele>1111.0</ele></trkpt>
<trkpt lon="-4.729590" lat="43.149873"><ele>1112.5</ele></trkpt>
<trkpt lon="-4.729686" lat="43.149873"><ele>1113.75</ele></trkpt>
<trkpt lon="-4.729770" lat="43.149881"><ele>1115.25</ele></trkpt>
<trkpt lon="-4.730128" lat="43.149951"><ele>1121.75</ele></trkpt>
<trkpt lon="-4.730284" lat="43.149969"><ele>1123.75</ele></trkpt>
<trkpt lon="-4.730633" lat="43.150056"><ele>1131.25</ele></trkpt>
<trkpt lon="-4.730867" lat="43.150075"><ele>1135.25</ele></trkpt>
<trkpt lon="-4.730987" lat="43.150070"><ele>1137.0</ele></trkpt>
<trkpt lon="-4.731080" lat="43.150080"><ele>1138.75</ele></trkpt>
<trkpt lon="-4.731153" lat="43.150099"><ele>1140.75</ele></trkpt>
<trkpt lon="-4.731202" lat="43.150135"><ele>1143.25</ele></trkpt>
<trkpt lon="-4.731222" lat="43.150187"><ele>1145.25</ele></trkpt>
<trkpt lon="-4.731219" lat="43.150233"><ele>1146.75</ele></trkpt>
<trkpt lon="-4.731045" lat="43.150598"><ele>1152.75</ele></trkpt>
<trkpt lon="-4.731030" lat="43.150676"><ele>1154.0</ele></trkpt>
<trkpt lon="-4.731062" lat="43.150724"><ele>1155.0</ele></trkpt>
<trkpt lon="-4.731098" lat="43.150751"><ele>1155.5</ele></trkpt>
<trkpt lon="-4.731159" lat="43.150778"><ele>1156.75</ele></trkpt>
<trkpt lon="-4.731224" lat="43.150778"><ele>1157.75</ele></trkpt>
<trkpt lon="-4.731289" lat="43.150758"><ele>1158.75</ele></trkpt>
<trkpt lon="-4.731354" lat="43.150703"><ele>1159.75</ele></trkpt>
<trkpt lon="-4.731468" lat="43.150584"><ele>1161.75</ele></trkpt>
<trkpt lon="-4.731645" lat="43.150499"><ele>1164.25</ele></trkpt>
<trkpt lon="-4.731827" lat="43.150375"><ele>1168.5</ele></trkpt>
<trkpt lon="-4.732141" lat="43.150152"><ele>1175.0</ele></trkpt>
<trkpt lon="-4.732412" lat="43.149937"><ele>1179.75</ele></trkpt>
<trkpt lon="-4.732541" lat="43.149857"><ele>1183.0</ele></trkpt>
<trkpt lon="-4.732641" lat="43.149749"><ele>1185.0</ele></trkpt>
<trkpt lon="-4.732665" lat="43.149618"><ele>1187.0</ele></trkpt>
<trkpt lon="-4.732657" lat="43.149443"><ele>1189.5</ele></trkpt>
<trkpt lon="-4.732645" lat="43.149378"><ele>1190.5</ele></trkpt>
<trkpt lon="-4.732636" lat="43.149174"><ele>1194.75</ele></trkpt>
<trkpt lon="-4.732617" lat="43.149123"><ele>1195.0</ele></trkpt>
<trkpt lon="-4.732614" lat="43.149035"><ele>1196.75</ele></trkpt>
<trkpt lon="-4.732665" lat="43.149006"><ele>1198.75</ele></trkpt>
<trkpt lon="-4.732717" lat="43.149012"><ele>1200.25</ele></trkpt>
<trkpt lon="-4.732895" lat="43.149082"><ele>1203.5</ele></trkpt>
<trkpt lon="-4.733029" lat="43.149115"><ele>1206.0</ele></trkpt>
<trkpt lon="-4.733114" lat="43.149121"><ele>1207.0</ele></trkpt>
<trkpt lon="-4.733169" lat="43.149113"><ele>1207.5</ele></trkpt>
<trkpt lon="-4.733253" lat="43.149085"><ele>1209.0</ele></trkpt>
<trkpt lon="-4.733318" lat="43.149047"><ele>1210.25</ele></trkpt>
<trkpt lon="-4.733358" lat="43.149002"><ele>1212.0</ele></trkpt>
<trkpt lon="-4.733371" lat="43.148941"><ele>1213.5</ele></trkpt>
<trkpt lon="-4.733352" lat="43.148902"><ele>1214.0</ele></trkpt>
<trkpt lon="-4.733327" lat="43.148747"><ele>1215.5</ele></trkpt>
<trkpt lon="-4.733340" lat="43.148689"><ele>1216.0</ele></trkpt>
<trkpt lon="-4.733378" lat="43.148654"><ele>1216.75</ele></trkpt>
<trkpt lon="-4.733492" lat="43.148641"><ele>1218.0</ele></trkpt>
<trkpt lon="-4.733741" lat="43.148658"><ele>1219.5</ele></trkpt>
<trkpt lon="-4.733851" lat="43.148675"><ele>1220.25</ele></trkpt>
<trkpt lon="-4.733973" lat="43.148705"><ele>1222.0</ele></trkpt>
<trkpt lon="-4.734280" lat="43.148811"><ele>1227.5</ele></trkpt>
<trkpt lon="-4.734405" lat="43.148832"><ele>1229.5</ele></trkpt>
<trkpt lon="-4.734555" lat="43.148847"><ele>1231.5</ele></trkpt>
<trkpt lon="-4.734741" lat="43.148854"><ele>1233.75</ele></trkpt>
<trkpt lon="-4.734852" lat="43.148864"><ele>1235.0</ele></trkpt>
<trkpt lon="-4.735191" lat="43.148866"><ele>1238.75</ele></trkpt>
<trkpt lon="-4.735426" lat="43.148859"><ele>1242.0</ele></trkpt>
<trkpt lon="-4.735826" lat="43.148877"><ele>1248.75</ele></trkpt>
<trkpt lon="-4.735989" lat="43.148876"><ele>1250.5</ele></trkpt>
<trkpt lon="-4.736165" lat="43.148864"><ele>1252.75</ele></trkpt>
<trkpt lon="-4.736235" lat="43.148854"><ele>1254.0</ele></trkpt>
<trkpt lon="-4.736433" lat="43.148834"><ele>1256.75</ele></trkpt>
<trkpt lon="-4.736742" lat="43.148831"><ele>1259.5</ele></trkpt>
<trkpt lon="-4.736835" lat="43.148817"><ele>1260.5</ele></trkpt>
<trkpt lon="-4.737137" lat="43.148738"><ele>1264.5</ele></trkpt>
<trkpt lon="-4.737362" lat="43.148689"><ele>1267.75</ele></trkpt>
<trkpt lon="-4.737446" lat="43.148676"><ele>1269.0</ele></trkpt>
<trkpt lon="-4.737637" lat="43.148683"><ele>1271.5</ele></trkpt>
<trkpt lon="-4.737742" lat="43.148698"><ele>1272.75</ele></trkpt>
<trkpt lon="-4.737814" lat="43.148708"><ele>1273.75</ele></trkpt>
<trkpt lon="-4.737905" lat="43.148690"><ele>1275.0</ele></trkpt>
<trkpt lon="-4.738069" lat="43.148648"><ele>1277.0</ele></trkpt>
<trkpt lon="-4.738390" lat="43.148531"><ele>1278.5</ele></trkpt>
<trkpt lon="-4.738452" lat="43.148519"><ele>1278.5</ele></trkpt>
<trkpt lon="-4.738544" lat="43.148500"><ele>1278.25</ele></trkpt>
<trkpt lon="-4.738580" lat="43.148495"><ele>1278.25</ele></trkpt>
<trkpt lon="-4.738737" lat="43.148472"><ele>1277.75</ele></trkpt>
<trkpt lon="-4.739611" lat="43.148428"><ele>1279.0</ele></trkpt>
<trkpt lon="-4.739766" lat="43.148405"><ele>1278.75</ele></trkpt>
<trkpt lon="-4.739989" lat="43.148350"><ele>1277.5</ele></trkpt>
<trkpt lon="-4.740145" lat="43.148318"><ele>1276.25</ele></trkpt>
<trkpt lon="-4.740486" lat="43.148289"><ele>1274.5</ele></trkpt>
<trkpt lon="-4.740769" lat="43.148284"><ele>1274.0</ele></trkpt>
<trkpt lon="-4.740961" lat="43.148292"><ele>1275.25</ele></trkpt>
<trkpt lon="-4.741093" lat="43.148289"><ele>1276.0</ele></trkpt>
<trkpt lon="-4.741294" lat="43.148295"><ele>1277.0</ele></trkpt>
<trkpt lon="-4.741529" lat="43.148274"><ele>1278.5</ele></trkpt>
<trkpt lon="-4.741852" lat="43.148218"><ele>1280.25</ele></trkpt>
<trkpt lon="-4.742107" lat="43.148195"><ele>1281.5</ele></trkpt>
<trkpt lon="-4.742348" lat="43.148181"><ele>1282.5</ele></trkpt>
<trkpt lon="-4.742929" lat="43.148210"><ele>1285.25</ele></trkpt>
<trkpt lon="-4.743251" lat="43.148210"><ele>1284.25</ele></trkpt>
<trkpt lon="-4.743377" lat="43.148228"><ele>1284.25</ele></trkpt>
<trkpt lon="-4.743495" lat="43.148275"><ele>1284.75</ele></trkpt>
<trkpt lon="-4.743584" lat="43.148295"><ele>1284.25</ele></trkpt>
<trkpt lon="-4.743685" lat="43.148287"><ele>1285.25</ele></trkpt>
<trkpt lon="-4.743755" lat="43.148262"><ele>1285.75</ele></trkpt>
<trkpt lon="-4.744113" lat="43.148096"><ele>1287.25</ele></trkpt>
<trkpt lon="-4.744272" lat="43.148040"><ele>1287.5</ele></trkpt>
<trkpt lon="-4.744570" lat="43.147972"><ele>1289.0</ele></trkpt>
<trkpt lon="-4.744781" lat="43.147966"><ele>1290.25</ele></trkpt>
<trkpt lon="-4.744918" lat="43.147983"><ele>1290.25</ele></trkpt>
<trkpt lon="-4.745039" lat="43.148008"><ele>1290.5</ele></trkpt>
<trkpt lon="-4.745234" lat="43.148070"><ele>1291.5</ele></trkpt>
<trkpt lon="-4.745599" lat="43.148206"><ele>1294.0</ele></trkpt>
<trkpt lon="-4.745744" lat="43.148270"><ele>1295.25</ele></trkpt>
<trkpt lon="-4.745949" lat="43.148340"><ele>1296.5</ele></trkpt>
<trkpt lon="-4.746071" lat="43.148393"><ele>1298.0</ele></trkpt>
<trkpt lon="-4.746177" lat="43.148457"><ele>1300.5</ele></trkpt>
<trkpt lon="-4.746255" lat="43.148491"><ele>1301.5</ele></trkpt>
<trkpt lon="-4.746389" lat="43.148518"><ele>1301.75</ele></trkpt>
<trkpt lon="-4.746589" lat="43.148545"><ele>1303.5</ele></trkpt>
<trkpt lon="-4.746818" lat="43.148548"><ele>1304.75</ele></trkpt>
<trkpt lon="-4.747039" lat="43.148538"><ele>1308.5</ele></trkpt>
<trkpt lon="-4.747112" lat="43.148498"><ele>1309.5</ele></trkpt>
<trkpt lon="-4.747190" lat="43.148429"><ele>1309.5</ele></trkpt>
<trkpt lon="-4.747243" lat="43.148351"><ele>1308.5</ele></trkpt>
<trkpt lon="-4.747311" lat="43.148163"><ele>1310.0</ele></trkpt>
<trkpt lon="-4.747348" lat="43.148111"><ele>1311.25</ele></trkpt>
<trkpt lon="-4.747372" lat="43.148056"><ele>1312.0</ele></trkpt>
<trkpt lon="-4.747408" lat="43.148015"><ele>1312.75</ele></trkpt>
<trkpt lon="-4.747527" lat="43.147910"><ele>1316.0</ele></trkpt>
<trkpt lon="-4.747576" lat="43.147694"><ele>1313.75</ele></trkpt>
<trkpt lon="-4.747628" lat="43.147637"><ele>1314.75</ele></trkpt>
<trkpt lon="-4.747756" lat="43.147593"><ele>1317.75</ele></trkpt>
<trkpt lon="-4.747910" lat="43.147569"><ele>1319.25</ele></trkpt>
<trkpt lon="-4.747994" lat="43.147581"><ele>1320.25</ele></trkpt>
<trkpt lon="-4.748087" lat="43.147625"><ele>1322.0</ele></trkpt>
<trkpt lon="-4.748155" lat="43.147695"><ele>1323.5</ele></trkpt>
<trkpt lon="-4.748252" lat="43.147847"><ele>1327.0</ele></trkpt>
<trkpt lon="-4.748445" lat="43.148084"><ele>1331.75</ele></trkpt>
<trkpt lon="-4.748534" lat="43.148186"><ele>1333.75</ele></trkpt>
<trkpt lon="-4.748625" lat="43.148274"><ele>1334.75</ele></trkpt>
<trkpt lon="-4.748729" lat="43.148343"><ele>1336.75</ele></trkpt>
<trkpt lon="-4.748951" lat="43.148467"><ele>1341.5</ele></trkpt>
<trkpt lon="-4.749063" lat="43.148485"><ele>1343.5</ele></trkpt>
<trkpt lon="-4.749159" lat="43.148482"><ele>1344.5</ele></trkpt>
<trkpt lon="-4.749354" lat="43.148428"><ele>1347.25</ele></trkpt>
<trkpt lon="-4.749466" lat="43.148384"><ele>1349.0</ele></trkpt>
<trkpt lon="-4.749547" lat="43.148332"><ele>1350.5</ele></trkpt>
<trkpt lon="-4.749614" lat="43.148262"><ele>1352.0</ele></trkpt>
<trkpt lon="-4.749692" lat="43.148165"><ele>1353.5</ele></trkpt>
<trkpt lon="-4.749952" lat="43.147933"><ele>1359.0</ele></trkpt>
<trkpt lon="-4.749991" lat="43.147844"><ele>1359.25</ele></trkpt>
<trkpt lon="-4.750050" lat="43.147631"><ele>1361.0</ele></trkpt>
<trkpt lon="-4.750094" lat="43.147528"><ele>1362.75</ele></trkpt>
<trkpt lon="-4.750154" lat="43.147444"><ele>1363.75</ele></trkpt>
<trkpt lon="-4.750244" lat="43.147360"><ele>1365.75</ele></trkpt>
<trkpt lon="-4.750327" lat="43.147261"><ele>1366.75</ele></trkpt>
<trkpt lon="-4.750424" lat="43.147161"><ele>1368.25</ele></trkpt>
<trkpt lon="-4.750502" lat="43.147062"><ele>1369.5</ele></trkpt>
<trkpt lon="-4.750582" lat="43.146940"><ele>1370.5</ele></trkpt>
<trkpt lon="-4.750660" lat="43.146847"><ele>1370.5</ele></trkpt>
<trkpt lon="-4.750869" lat="43.146677"><ele>1371.75</ele></trkpt>
<trkpt lon="-4.751062" lat="43.146513"><ele>1371.75</ele></trkpt>
<trkpt lon="-4.751166" lat="43.146450"><ele>1371.5</ele></trkpt>
<trkpt lon="-4.751276" lat="43.146415"><ele>1371.5</ele></trkpt>
<trkpt lon="-4.751432" lat="43.146390"><ele>1372.25</ele></trkpt>
<trkpt lon="-4.751555" lat="43.146365"><ele>1372.75</ele></trkpt>
<trkpt lon="-4.751634" lat="43.146349"><ele>1373.25</ele></trkpt>
<trkpt lon="-4.752039" lat="43.146290"><ele>1376.5</ele></trkpt>
<trkpt lon="-4.752270" lat="43.146241"><ele>1377.25</ele></trkpt>
<trkpt lon="-4.752426" lat="43.146215"><ele>1377.0</ele></trkpt>
<trkpt lon="-4.752608" lat="43.146198"><ele>1376.5</ele></trkpt>
<trkpt lon="-4.752805" lat="43.146192"><ele>1375.75</ele></trkpt>
<trkpt lon="-4.753397" lat="43.146189"><ele>1374.75</ele></trkpt>
<trkpt lon="-4.753851" lat="43.146202"><ele>1373.25</ele></trkpt>
<trkpt lon="-4.753992" lat="43.146200"><ele>1372.75</ele></trkpt>
<trkpt lon="-4.754114" lat="43.146185"><ele>1372.25</ele></trkpt>
<trkpt lon="-4.754231" lat="43.146157"><ele>1372.0</ele></trkpt>
<trkpt lon="-4.754333" lat="43.146121"><ele>1372.25</ele></trkpt>
<trkpt lon="-4.754423" lat="43.146075"><ele>1372.5</ele></trkpt>
<trkpt lon="-4.754557" lat="43.145986"><ele>1374.25</ele></trkpt>
<trkpt lon="-4.754629" lat="43.145915"><ele>1375.0</ele></trkpt>
<trkpt lon="-4.754708" lat="43.145820"><ele>1375.75</ele></trkpt>
<trkpt lon="-4.754777" lat="43.145684"><ele>1377.25</ele></trkpt>
<trkpt lon="-4.754812" lat="43.145653"><ele>1378.0</ele></trkpt>
<trkpt lon="-4.754853" lat="43.145642"><ele>1378.5</ele></trkpt>
<trkpt lon="-4.755695" lat="43.145647"><ele>1388.25</ele></trkpt>
<trkpt lon="-4.756100" lat="43.145682"><ele>1386.75</ele></trkpt>
<trkpt lon="-4.756618" lat="43.145693"><ele>1388.75</ele></trkpt>
<trkpt lon="-4.756831" lat="43.145706"><ele>1389.0</ele></trkpt>
<trkpt lon="-4.756985" lat="43.145746"><ele>1389.75</ele></trkpt>
<trkpt lon="-4.757373" lat="43.145818"><ele>1390.75</ele></trkpt>
<trkpt lon="-4.757601" lat="43.145875"><ele>1392.25</ele></trkpt>
<trkpt lon="-4.757846" lat="43.145949"><ele>1394.0</ele></trkpt>
<trkpt lon="-4.758011" lat="43.146003"><ele>1395.5</ele></trkpt>
<trkpt lon="-4.758190" lat="43.146011"><ele>1396.75</ele></trkpt>
<trkpt lon="-4.758477" lat="43.145975"><ele>1396.75</ele></trkpt>
<trkpt lon="-4.758566" lat="43.145949"><ele>1396.25</ele></trkpt>
<trkpt lon="-4.758747" lat="43.145921"><ele>1396.5</ele></trkpt>
<trkpt lon="-4.759135" lat="43.145948"><ele>1400.75</ele></trkpt>
<trkpt lon="-4.759543" lat="43.146008"><ele>1403.75</ele></trkpt>
<trkpt lon="-4.759657" lat="43.146003"><ele>1404.75</ele></trkpt>
<trkpt lon="-4.759731" lat="43.146006"><ele>1405.5</ele></trkpt>
<trkpt lon="-4.759842" lat="43.146032"><ele>1406.5</ele></trkpt>
<trkpt lon="-4.759989" lat="43.146077"><ele>1408.5</ele></trkpt>
<trkpt lon="-4.760083" lat="43.146114"><ele>1410.25</ele></trkpt>
<trkpt lon="-4.760221" lat="43.146132"><ele>1411.5</ele></trkpt>
<trkpt lon="-4.760553" lat="43.146147"><ele>1415.25</ele></trkpt>
<trkpt lon="-4.760778" lat="43.146165"><ele>1418.0</ele></trkpt>
<trkpt lon="-4.761281" lat="43.146255"><ele>1420.75</ele></trkpt>
<trkpt lon="-4.761761" lat="43.146310"><ele>1425.75</ele></trkpt>
<trkpt lon="-4.762114" lat="43.146286"><ele>1429.0</ele></trkpt>
<trkpt lon="-4.762268" lat="43.146248"><ele>1431.0</ele></trkpt>
<trkpt lon="-4.762415" lat="43.146204"><ele>1433.75</ele></trkpt>
<trkpt lon="-4.762556" lat="43.146129"><ele>1436.0</ele></trkpt>
<trkpt lon="-4.762641" lat="43.146097"><ele>1436.25</ele></trkpt>
<trkpt lon="-4.762759" lat="43.146088"><ele>1437.25</ele></trkpt>
<trkpt lon="-4.762939" lat="43.146115"><ele>1439.5</ele></trkpt>
<trkpt lon="-4.763038" lat="43.146107"><ele>1439.75</ele></trkpt>
<trkpt lon="-4.763121" lat="43.146072"><ele>1440.5</ele></trkpt>
<trkpt lon="-4.763231" lat="43.146001"><ele>1441.75</ele></trkpt>
<trkpt lon="-4.763298" lat="43.145946"><ele>1443.0</ele></trkpt>
<trkpt lon="-4.763402" lat="43.145768"><ele>1443.25</ele></trkpt>
<trkpt lon="-4.763449" lat="43.145719"><ele>1444.0</ele></trkpt>
<trkpt lon="-4.763581" lat="43.145649"><ele>1446.25</ele></trkpt>
<trkpt lon="-4.764177" lat="43.145417"><ele>1453.0</ele></trkpt>
<trkpt lon="-4.764353" lat="43.145378"><ele>1455.25</ele></trkpt>
<trkpt lon="-4.764588" lat="43.145367"><ele>1457.0</ele></trkpt>
<trkpt lon="-4.764748" lat="43.145387"><ele>1458.75</ele></trkpt>
<trkpt lon="-4.764892" lat="43.145424"><ele>1460.5</ele></trkpt>
<trkpt lon="-4.765035" lat="43.145446"><ele>1462.75</ele></trkpt>
<trkpt lon="-4.765110" lat="43.145440"><ele>1464.25</ele></trkpt>
<trkpt lon="-4.765147" lat="43.145426"><ele>1464.5</ele></trkpt>
<trkpt lon="-4.765231" lat="43.145377"><ele>1464.0</ele></trkpt>
<trkpt lon="-4.765332" lat="43.145308"><ele>1462.0</ele></trkpt>
<trkpt lon="-4.765399" lat="43.145279"><ele>1460.75</ele></trkpt>
<trkpt lon="-4.765627" lat="43.145253"><ele>1461.5</ele></trkpt>
<trkpt lon="-4.765830" lat="43.145212"><ele>1460.25</ele></trkpt>
<trkpt lon="-4.766038" lat="43.145155"><ele>1460.75</ele></trkpt>
<trkpt lon="-4.766292" lat="43.145021"><ele>1458.0</ele></trkpt>
<trkpt lon="-4.766399" lat="43.144987"><ele>1459.0</ele></trkpt>
<trkpt lon="-4.766453" lat="43.144990"><ele>1458.75</ele></trkpt>
<trkpt lon="-4.766557" lat="43.144994"><ele>1457.75</ele></trkpt>
<trkpt lon="-4.767100" lat="43.145221"><ele>1453.25</ele></trkpt>
<trkpt lon="-4.767223" lat="43.145268"><ele>1452.5</ele></trkpt>
<trkpt lon="-4.767381" lat="43.145315"><ele>1451.5</ele></trkpt>
<trkpt lon="-4.767491" lat="43.145338"><ele>1450.25</ele></trkpt>
<trkpt lon="-4.767674" lat="43.145336"><ele>1449.75</ele></trkpt>
<trkpt lon="-4.767765" lat="43.145325"><ele>1449.5</ele></trkpt>
<trkpt lon="-4.767857" lat="43.145323"><ele>1449.25</ele></trkpt>
<trkpt lon="-4.768020" lat="43.145330"><ele>1448.5</ele></trkpt>
<trkpt lon="-4.768255" lat="43.145394"><ele>1445.0</ele></trkpt>
<trkpt lon="-4.768362" lat="43.145461"><ele>1444.75</ele></trkpt>
<trkpt lon="-4.768472" lat="43.145501"><ele>1444.0</ele></trkpt>
<trkpt lon="-4.768633" lat="43.145532"><ele>1442.5</ele></trkpt>
<trkpt lon="-4.768830" lat="43.145551"><ele>1439.75</ele></trkpt>
<trkpt lon="-4.769037" lat="43.145641"><ele>1437.0</ele></trkpt>
<trkpt lon="-4.769141" lat="43.145661"><ele>1434.0</ele></trkpt>
<trkpt lon="-4.769195" lat="43.145972"><ele>1438.0</ele></trkpt>
<trkpt lon="-4.769268" lat="43.146026"><ele>1437.0</ele></trkpt>
<trkpt lon="-4.769423" lat="43.146062"><ele>1432.0</ele></trkpt>
<trkpt lon="-4.769516" lat="43.146123"><ele>1431.0</ele></trkpt>
<trkpt lon="-4.769573" lat="43.146244"><ele>1428.0</ele></trkpt>
<trkpt lon="-4.769481" lat="43.146501"><ele>1432.5</ele></trkpt>
<trkpt lon="-4.769520" lat="43.146581"><ele>1432.0</ele></trkpt>
<trkpt lon="-4.769654" lat="43.146645"><ele>1429.75</ele></trkpt>
<trkpt lon="-4.769796" lat="43.146663"><ele>1426.75</ele></trkpt>
<trkpt lon="-4.769870" lat="43.146690"><ele>1426.0</ele></trkpt>
<trkpt lon="-4.770086" lat="43.146870"><ele>1428.0</ele></trkpt>
<trkpt lon="-4.770228" lat="43.146949"><ele>1425.5</ele></trkpt>
<trkpt lon="-4.770507" lat="43.147121"><ele>1421.25</ele></trkpt>
<trkpt lon="-4.770662" lat="43.147195"><ele>1420.25</ele></trkpt>
<trkpt lon="-4.770840" lat="43.147253"><ele>1420.0</ele></trkpt>
<trkpt lon="-4.771165" lat="43.147396"><ele>1422.5</ele></trkpt>
<trkpt lon="-4.771614" lat="43.147498"><ele>1421.75</ele></trkpt>
<trkpt lon="-4.771765" lat="43.147583"><ele>1420.5</ele></trkpt>
<trkpt lon="-4.771825" lat="43.147678"><ele>1421.25</ele></trkpt>
<trkpt lon="-4.771913" lat="43.147771"><ele>1421.5</ele></trkpt>
<trkpt lon="-4.772234" lat="43.148045"><ele>1424.75</ele></trkpt>
<trkpt lon="-4.772299" lat="43.148194"><ele>1422.75</ele></trkpt>
<trkpt lon="-4.772421" lat="43.148248"><ele>1419.75</ele></trkpt>
<trkpt lon="-4.772584" lat="43.148212"><ele>1418.25</ele></trkpt>
<trkpt lon="-4.772662" lat="43.148284"><ele>1414.0</ele></trkpt>
<trkpt lon="-4.772605" lat="43.148491"><ele>1408.5</ele></trkpt>
<trkpt lon="-4.772612" lat="43.148806"><ele>1398.5</ele></trkpt>
<trkpt lon="-4.772697" lat="43.149007"><ele>1392.25</ele></trkpt>
<trkpt lon="-4.772761" lat="43.149219"><ele>1389.75</ele></trkpt>
<trkpt lon="-4.772938" lat="43.149405"><ele>1388.5</ele></trkpt>
<trkpt lon="-4.773030" lat="43.149405"><ele>1384.0</ele></trkpt>
<trkpt lon="-4.773072" lat="43.149286"><ele>1379.5</ele></trkpt>
<trkpt lon="-4.773207" lat="43.149245"><ele>1376.25</ele></trkpt>
<trkpt lon="-4.773327" lat="43.149193"><ele>1374.75</ele></trkpt>
<trkpt lon="-4.773419" lat="43.149116"><ele>1374.25</ele></trkpt>
<trkpt lon="-4.773596" lat="43.149100"><ele>1371.25</ele></trkpt>
<trkpt lon="-4.773787" lat="43.149116"><ele>1368.0</ele></trkpt>
<trkpt lon="-4.773929" lat="43.149157"><ele>1364.75</ele></trkpt>
<trkpt lon="-4.773989" lat="43.149224"><ele>1363.5</ele></trkpt>
<trkpt lon="-4.774097" lat="43.149373"><ele>1360.5</ele></trkpt>
<trkpt lon="-4.774183" lat="43.149522"><ele>1355.25</ele></trkpt>
<trkpt lon="-4.774249" lat="43.149717"><ele>1348.75</ele></trkpt>
<trkpt lon="-4.774341" lat="43.149663"><ele>1350.25</ele></trkpt>
<trkpt lon="-4.774850" lat="43.149432"><ele>1347.25</ele></trkpt>
<trkpt lon="-4.775031" lat="43.149341"><ele>1349.0</ele></trkpt>
<trkpt lon="-4.775157" lat="43.149227"><ele>1348.75</ele></trkpt>
<trkpt lon="-4.775356" lat="43.149142"><ele>1345.25</ele></trkpt>
<trkpt lon="-4.775430" lat="43.149093"><ele>1346.25</ele></trkpt>
<trkpt lon="-4.775454" lat="43.149061"><ele>1345.5</ele></trkpt>
<trkpt lon="-4.775470" lat="43.149016"><ele>1344.25</ele></trkpt>
<trkpt lon="-4.775459" lat="43.148976"><ele>1342.75</ele></trkpt>
<trkpt lon="-4.775499" lat="43.148971"><ele>1342.5</ele></trkpt>
<trkpt lon="-4.775587" lat="43.148966"><ele>1343.0</ele></trkpt>
<trkpt lon="-4.775645" lat="43.148887"><ele>1340.0</ele></trkpt>
<trkpt lon="-4.775765" lat="43.148823"><ele>1338.0</ele></trkpt>
<trkpt lon="-4.775866" lat="43.148783"><ele>1337.25</ele></trkpt>
<trkpt lon="-4.775980" lat="43.148768"><ele>1340.5</ele></trkpt>
<trkpt lon="-4.776072" lat="43.148681"><ele>1332.75</ele></trkpt>
<trkpt lon="-4.776289" lat="43.148600"><ele>1326.25</ele></trkpt>
<trkpt lon="-4.777013" lat="43.148369"><ele>1328.25</ele></trkpt>
<trkpt lon="-4.777759" lat="43.148295"><ele>1333.75</ele></trkpt>
<trkpt lon="-4.778082" lat="43.148233"><ele>1331.25</ele></trkpt>
<trkpt lon="-4.778349" lat="43.148295"><ele>1340.75</ele></trkpt>
<trkpt lon="-4.778708" lat="43.148393"><ele>1353.25</ele></trkpt>
<trkpt lon="-4.779015" lat="43.148433"><ele>1356.0</ele></trkpt>
<trkpt lon="-4.779198" lat="43.148534"><ele>1364.5</ele></trkpt>
<trkpt lon="-4.779427" lat="43.148612"><ele>1369.0</ele></trkpt>
<trkpt lon="-4.779713" lat="43.148562"><ele>1374.25</ele></trkpt>
<trkpt lon="-4.779851" lat="43.148518"><ele>1380.75</ele></trkpt>
<trkpt lon="-4.780049" lat="43.148408"><ele>1388.25</ele></trkpt>
<trkpt lon="-4.780366" lat="43.148134"><ele>1397.5</ele></trkpt>
<trkpt lon="-4.780521" lat="43.148115"><ele>1401.75</ele></trkpt>
<trkpt lon="-4.780834" lat="43.148034"><ele>1405.25</ele></trkpt>
<trkpt lon="-4.781563" lat="43.147873"><ele>1412.5</ele></trkpt>
<trkpt lon="-4.781900" lat="43.147856"><ele>1414.0</ele></trkpt>
<trkpt lon="-4.782223" lat="43.147818"><ele>1420.0</ele></trkpt>
<trkpt lon="-4.782615" lat="43.147756"><ele>1426.25</ele></trkpt>
<trkpt lon="-4.783108" lat="43.147650"><ele>1438.75</ele></trkpt>
<trkpt lon="-4.783446" lat="43.147490"><ele>1445.25</ele></trkpt>
<trkpt lon="-4.783563" lat="43.147269"><ele>1446.5</ele></trkpt>
<trkpt lon="-4.783767" lat="43.146991"><ele>1460.75</ele></trkpt>
<trkpt lon="-4.783811" lat="43.146742"><ele>1470.75</ele></trkpt>
<trkpt lon="-4.784169" lat="43.146776"><ele>1480.0</ele></trkpt>
<trkpt lon="-4.784594" lat="43.146875"><ele>1496.75</ele></trkpt>
<trkpt lon="-4.784836" lat="43.146922"><ele>1504.5</ele></trkpt>
<trkpt lon="-4.785050" lat="43.146973"><ele>1509.0</ele></trkpt>
<trkpt lon="-4.785345" lat="43.147004"><ele>1513.0</ele></trkpt>
<trkpt lon="-4.785800" lat="43.147082"><ele>1523.75</ele></trkpt>
<trkpt lon="-4.785914" lat="43.147110"><ele>1527.5</ele></trkpt>
<trkpt lon="-4.786100" lat="43.147175"><ele>1532.5</ele></trkpt>
<trkpt lon="-4.786277" lat="43.147164"><ele>1535.5</ele></trkpt>
<trkpt lon="-4.786343" lat="43.147102"><ele>1536.0</ele></trkpt>
<trkpt lon="-4.786445" lat="43.147102"><ele>1538.5</ele></trkpt>
<trkpt lon="-4.786955" lat="43.147157"><ele>1550.0</ele></trkpt>
<trkpt lon="-4.787388" lat="43.147277"><ele>1563.75</ele></trkpt>
<trkpt lon="-4.787602" lat="43.147293"><ele>1571.0</ele></trkpt>
<trkpt lon="-4.787822" lat="43.147340"><ele>1578.0</ele></trkpt>
<trkpt lon="-4.788262" lat="43.147449"><ele>1590.5</ele></trkpt>
<trkpt lon="-4.788478" lat="43.147564"><ele>1598.25</ele></trkpt>
<trkpt lon="-4.789020" lat="43.147752"><ele>1613.5</ele></trkpt>
<trkpt lon="-4.789400" lat="43.147892"><ele>1627.25</ele></trkpt>
<trkpt lon="-4.789560" lat="43.147907"><ele>1631.75</ele></trkpt>
<trkpt lon="-4.789809" lat="43.147900"><ele>1637.5</ele></trkpt>
<trkpt lon="-4.790097" lat="43.147931"><ele>1644.0</ele></trkpt>
<trkpt lon="-4.790671" lat="43.148134"><ele>1659.0</ele></trkpt>
<trkpt lon="-4.790790" lat="43.148135"><ele>1662.5</ele></trkpt>
<trkpt lon="-4.791218" lat="43.148119"><ele>1671.25</ele></trkpt>
<trkpt lon="-4.791486" lat="43.148095"><ele>1677.25</ele></trkpt>
<trkpt lon="-4.791771" lat="43.148048"><ele>1683.75</ele></trkpt>
<trkpt lon="-4.792173" lat="43.148060"><ele>1693.0</ele></trkpt>
<trkpt lon="-4.792646" lat="43.148116"><ele>1709.25</ele></trkpt>
<trkpt lon="-4.792711" lat="43.148190"><ele>1711.75</ele></trkpt>
<trkpt lon="-4.792850" lat="43.148178"><ele>1714.75</ele></trkpt>
<trkpt lon="-4.792951" lat="43.148232"><ele>1717.25</ele></trkpt>
<trkpt lon="-4.793446" lat="43.148350"><ele>1727.25</ele></trkpt>
<trkpt lon="-4.793831" lat="43.148334"><ele>1736.5</ele></trkpt>
<trkpt lon="-4.794158" lat="43.148350"><ele>1746.75</ele></trkpt>
<trkpt lon="-4.795005" lat="43.148549"><ele>1770.5</ele></trkpt>
<trkpt lon="-4.795270" lat="43.148602"><ele>1775.75</ele></trkpt>
<trkpt lon="-4.795681" lat="43.148642"><ele>1780.25</ele></trkpt>
<trkpt lon="-4.795852" lat="43.148648"><ele>1778.25</ele></trkpt>
<trkpt lon="-4.796046" lat="43.148682"><ele>1775.25</ele></trkpt>
<trkpt lon="-4.796385" lat="43.148780"><ele>1766.5</ele></trkpt>
<trkpt lon="-4.796529" lat="43.148847"><ele>1760.0</ele></trkpt>
<trkpt lon="-4.796607" lat="43.148946"><ele>1758.25</ele></trkpt>
<trkpt lon="-4.796661" lat="43.148983"><ele>1757.25</ele></trkpt>
<trkpt lon="-4.796803" lat="43.149034"><ele>1752.75</ele></trkpt>
<trkpt lon="-4.797005" lat="43.149087"><ele>1745.5</ele></trkpt>
<trkpt lon="-4.797183" lat="43.149227"><ele>1741.0</ele></trkpt>
<trkpt lon="-4.797284" lat="43.149328"><ele>1737.5</ele></trkpt>
<trkpt lon="-4.797444" lat="43.149440"><ele>1730.75</ele></trkpt>
<trkpt lon="-4.797584" lat="43.149568"><ele>1726.25</ele></trkpt>
<trkpt lon="-4.797853" lat="43.149736"><ele>1716.0</ele></trkpt>
<trkpt lon="-4.797938" lat="43.149779"><ele>1713.5</ele></trkpt>
<trkpt lon="-4.798052" lat="43.149794"><ele>1708.75</ele></trkpt>
<trkpt lon="-4.798106" lat="43.149828"><ele>1707.0</ele></trkpt>
<trkpt lon="-4.798132" lat="43.149883"><ele>1707.75</ele></trkpt>
<trkpt lon="-4.798354" lat="43.149981"><ele>1701.0</ele></trkpt>
<trkpt lon="-4.798435" lat="43.150023"><ele>1700.0</ele></trkpt>
<trkpt lon="-4.798553" lat="43.150053"><ele>1696.75</ele></trkpt>
<trkpt lon="-4.798647" lat="43.150096"><ele>1695.0</ele></trkpt>
<trkpt lon="-4.798747" lat="43.150121"><ele>1690.75</ele></trkpt>
<trkpt lon="-4.798817" lat="43.150123"><ele>1686.5</ele></trkpt>
<trkpt lon="-4.798866" lat="43.150098"><ele>1682.75</ele></trkpt>
<trkpt lon="-4.798892" lat="43.150107"><ele>1681.5</ele></trkpt>
<trkpt lon="-4.798936" lat="43.150149"><ele>1679.75</ele></trkpt>
<trkpt lon="-4.798975" lat="43.150207"><ele>1678.5</ele></trkpt>
<trkpt lon="-4.799011" lat="43.150230"><ele>1676.5</ele></trkpt>
<trkpt lon="-4.799032" lat="43.150264"><ele>1675.5</ele></trkpt>
<trkpt lon="-4.799086" lat="43.150304"><ele>1674.75</ele></trkpt>
<trkpt lon="-4.799127" lat="43.150375"><ele>1679.25</ele></trkpt>
<trkpt lon="-4.799306" lat="43.150449"><ele>1670.0</ele></trkpt>
<trkpt lon="-4.799365" lat="43.150507"><ele>1667.75</ele></trkpt>
<trkpt lon="-4.799427" lat="43.150553"><ele>1662.75</ele></trkpt>
<trkpt lon="-4.799520" lat="43.150603"><ele>1667.5</ele></trkpt>
<trkpt lon="-4.799606" lat="43.150639"><ele>1666.0</ele></trkpt>
<trkpt lon="-4.799712" lat="43.150673"><ele>1657.25</ele></trkpt>
<trkpt lon="-4.799763" lat="43.150707"><ele>1656.0</ele></trkpt>
<trkpt lon="-4.799931" lat="43.150796"><ele>1649.75</ele></trkpt>
<trkpt lon="-4.799962" lat="43.150830"><ele>1649.25</ele></trkpt>
<trkpt lon="-4.800118" lat="43.150894"><ele>1645.0</ele></trkpt>
<trkpt lon="-4.800151" lat="43.150960"><ele>1648.5</ele></trkpt>
<trkpt lon="-4.800231" lat="43.150958"><ele>1643.25</ele></trkpt>
<trkpt lon="-4.800296" lat="43.150937"><ele>1638.25</ele></trkpt>
<trkpt lon="-4.800373" lat="43.150952"><ele>1636.0</ele></trkpt>
<trkpt lon="-4.800459" lat="43.150986"><ele>1634.25</ele></trkpt>
<trkpt lon="-4.800588" lat="43.151130"><ele>1639.0</ele></trkpt>
<trkpt lon="-4.800774" lat="43.151109"><ele>1630.25</ele></trkpt>
<trkpt lon="-4.800906" lat="43.151064"><ele>1626.0</ele></trkpt>
<trkpt lon="-4.801069" lat="43.150996"><ele>1620.25</ele></trkpt>
<trkpt lon="-4.801190" lat="43.150992"><ele>1619.5</ele></trkpt>
<trkpt lon="-4.801291" lat="43.150952"><ele>1616.75</ele></trkpt>
<trkpt lon="-4.801433" lat="43.150907"><ele>1613.75</ele></trkpt>
<trkpt lon="-4.801560" lat="43.150845"><ele>1611.0</ele></trkpt>
<trkpt lon="-4.801614" lat="43.150841"><ele>1611.5</ele></trkpt>
<trkpt lon="-4.801663" lat="43.150820"><ele>1610.75</ele></trkpt>
<trkpt lon="-4.801622" lat="43.150786"><ele>1607.75</ele></trkpt>
<trkpt lon="-4.801526" lat="43.150773"><ele>1605.25</ele></trkpt>
<trkpt lon="-4.801423" lat="43.150746"><ele>1601.5</ele></trkpt>
<trkpt lon="-4.801391" lat="43.150729"><ele>1599.75</ele></trkpt>
<trkpt lon="-4.801343" lat="43.150730"><ele>1599.75</ele></trkpt>
<trkpt lon="-4.801287" lat="43.150714"><ele>1598.5</ele></trkpt>
<trkpt lon="-4.801271" lat="43.150701"><ele>1597.5</ele></trkpt>
<trkpt lon="-4.801205" lat="43.150674"><ele>1595.75</ele></trkpt>
<trkpt lon="-4.801093" lat="43.150660"><ele>1595.5</ele></trkpt>
<trkpt lon="-4.801074" lat="43.150644"><ele>1595.0</ele></trkpt>
<trkpt lon="-4.801052" lat="43.150607"><ele>1593.25</ele></trkpt>
<trkpt lon="-4.801012" lat="43.150575"><ele>1592.25</ele></trkpt>
<trkpt lon="-4.800972" lat="43.150527"><ele>1590.5</ele></trkpt>
<trkpt lon="-4.800966" lat="43.150495"><ele>1588.75</ele></trkpt>
<trkpt lon="-4.800901" lat="43.150373"><ele>1584.0</ele></trkpt>
<trkpt lon="-4.800873" lat="43.150334"><ele>1583.0</ele></trkpt>
<trkpt lon="-4.800864" lat="43.150287"><ele>1580.75</ele></trkpt>
<trkpt lon="-4.800760" lat="43.150226"><ele>1581.75</ele></trkpt>
<trkpt lon="-4.800716" lat="43.150177"><ele>1581.25</ele></trkpt>
<trkpt lon="-4.800705" lat="43.150158"><ele>1580.75</ele></trkpt>
<trkpt lon="-4.800714" lat="43.150125"><ele>1579.0</ele></trkpt>
<trkpt lon="-4.800701" lat="43.150103"><ele>1578.5</ele></trkpt>
<trkpt lon="-4.800719" lat="43.150089"><ele>1577.25</ele></trkpt>
<trkpt lon="-4.800710" lat="43.150055"><ele>1576.0</ele></trkpt>
<trkpt lon="-4.800720" lat="43.149994"><ele>1573.25</ele></trkpt>
<trkpt lon="-4.800741" lat="43.149994"><ele>1572.25</ele></trkpt>
<trkpt lon="-4.800783" lat="43.149972"><ele>1570.5</ele></trkpt>
<trkpt lon="-4.800812" lat="43.149972"><ele>1569.25</ele></trkpt>
<trkpt lon="-4.800847" lat="43.149955"><ele>1567.75</ele></trkpt>
<trkpt lon="-4.800863" lat="43.149955"><ele>1567.0</ele></trkpt>
<trkpt lon="-4.800941" lat="43.149999"><ele>1562.75</ele></trkpt>
<trkpt lon="-4.800972" lat="43.149997"><ele>1561.5</ele></trkpt>
<trkpt lon="-4.800986" lat="43.150012"><ele>1561.25</ele></trkpt>
<trkpt lon="-4.801014" lat="43.150020"><ele>1560.5</ele></trkpt>
<trkpt lon="-4.801115" lat="43.150084"><ele>1558.75</ele></trkpt>
<trkpt lon="-4.801331" lat="43.150045"><ele>1548.5</ele></trkpt>
<trkpt lon="-4.801604" lat="43.149923"><ele>1535.0</ele></trkpt>
<trkpt lon="-4.801795" lat="43.149858"><ele>1525.75</ele></trkpt>
<trkpt lon="-4.801966" lat="43.149718"><ele>1514.5</ele></trkpt>
<trkpt lon="-4.802009" lat="43.149668"><ele>1511.75</ele></trkpt>
<trkpt lon="-4.802023" lat="43.149615"><ele>1510.75</ele></trkpt>
<trkpt lon="-4.801991" lat="43.149540"><ele>1512.25</ele></trkpt>
<trkpt lon="-4.802014" lat="43.149502"><ele>1510.75</ele></trkpt>
<trkpt lon="-4.802026" lat="43.149327"><ele>1511.5</ele></trkpt>
<trkpt lon="-4.802078" lat="43.149309"><ele>1508.25</ele></trkpt>
<trkpt lon="-4.802129" lat="43.149249"><ele>1505.5</ele></trkpt>
<trkpt lon="-4.802175" lat="43.149164"><ele>1503.25</ele></trkpt>
<trkpt lon="-4.802196" lat="43.149151"><ele>1501.25</ele></trkpt>
<trkpt lon="-4.802209" lat="43.149112"><ele>1499.25</ele></trkpt>
<trkpt lon="-4.802203" lat="43.149045"><ele>1497.75</ele></trkpt>
<trkpt lon="-4.802127" lat="43.148935"><ele>1497.0</ele></trkpt>
<trkpt lon="-4.802022" lat="43.148868"><ele>1495.75</ele></trkpt>
<trkpt lon="-4.801916" lat="43.148766"><ele>1493.0</ele></trkpt>
<trkpt lon="-4.801920" lat="43.148712"><ele>1489.75</ele></trkpt>
<trkpt lon="-4.801841" lat="43.148613"><ele>1487.0</ele></trkpt>
<trkpt lon="-4.801751" lat="43.148439"><ele>1488.5</ele></trkpt>
<trkpt lon="-4.801748" lat="43.148378"><ele>1488.0</ele></trkpt>
<trkpt lon="-4.801766" lat="43.148302"><ele>1486.25</ele></trkpt>
<trkpt lon="-4.801834" lat="43.148256"><ele>1482.5</ele></trkpt>
<trkpt lon="-4.801845" lat="43.148234"><ele>1481.75</ele></trkpt>
<trkpt lon="-4.801811" lat="43.148144"><ele>1482.5</ele></trkpt>
<trkpt lon="-4.801817" lat="43.148110"><ele>1481.75</ele></trkpt>
<trkpt lon="-4.801793" lat="43.148056"><ele>1482.75</ele></trkpt>
<trkpt lon="-4.801746" lat="43.147995"><ele>1484.5</ele></trkpt>
<trkpt lon="-4.801813" lat="43.147925"><ele>1477.75</ele></trkpt>
<trkpt lon="-4.801856" lat="43.147933"><ele>1475.25</ele></trkpt>
<trkpt lon="-4.801879" lat="43.147907"><ele>1473.0</ele></trkpt>
<trkpt lon="-4.801888" lat="43.147888"><ele>1472.0</ele></trkpt>
<trkpt lon="-4.801884" lat="43.147856"><ele>1471.5</ele></trkpt>
<trkpt lon="-4.801921" lat="43.147795"><ele>1467.75</ele></trkpt>
<trkpt lon="-4.802056" lat="43.147726"><ele>1459.25</ele></trkpt>
<trkpt lon="-4.802278" lat="43.147695"><ele>1445.0</ele></trkpt>
<trkpt lon="-4.802438" lat="43.147615"><ele>1437.25</ele></trkpt>
<trkpt lon="-4.802572" lat="43.147471"><ele>1429.5</ele></trkpt>
<trkpt lon="-4.802696" lat="43.147353"><ele>1421.25</ele></trkpt>
<trkpt lon="-4.802755" lat="43.147225"><ele>1418.25</ele></trkpt>
<trkpt lon="-4.802809" lat="43.147140"><ele>1409.25</ele></trkpt>
<trkpt lon="-4.802774" lat="43.147041"><ele>1405.25</ele></trkpt>
<trkpt lon="-4.802622" lat="43.146965"><ele>1401.5</ele></trkpt>
<trkpt lon="-4.802595" lat="43.146849"><ele>1389.25</ele></trkpt>
<trkpt lon="-4.802550" lat="43.146825"><ele>1387.75</ele></trkpt>
<trkpt lon="-4.802523" lat="43.146793"><ele>1385.5</ele></trkpt>
<trkpt lon="-4.802544" lat="43.146741"><ele>1379.75</ele></trkpt>
<trkpt lon="-4.802546" lat="43.146698"><ele>1375.5</ele></trkpt>
<trkpt lon="-4.802622" lat="43.146716"><ele>1373.75</ele></trkpt>
<trkpt lon="-4.802633" lat="43.146688"><ele>1370.25</ele></trkpt>
<trkpt lon="-4.802607" lat="43.146668"><ele>1369.25</ele></trkpt>
<trkpt lon="-4.802614" lat="43.146609"><ele>1369.5</ele></trkpt>
<trkpt lon="-4.802651" lat="43.146593"><ele>1367.5</ele></trkpt>
<trkpt lon="-4.802703" lat="43.146626"><ele>1364.25</ele></trkpt>
<trkpt lon="-4.802859" lat="43.146645"><ele>1356.25</ele></trkpt>
<trkpt lon="-4.802956" lat="43.146624"><ele>1351.25</ele></trkpt>
<trkpt lon="-4.803000" lat="43.146625"><ele>1349.0</ele></trkpt>
<trkpt lon="-4.803010" lat="43.146542"><ele>1345.75</ele></trkpt>
<trkpt lon="-4.803021" lat="43.146536"><ele>1345.0</ele></trkpt>
<trkpt lon="-4.803042" lat="43.146547"><ele>1344.0</ele></trkpt>
<trkpt lon="-4.803067" lat="43.146491"><ele>1340.0</ele></trkpt>
<trkpt lon="-4.803083" lat="43.146424"><ele>1336.25</ele></trkpt>
<trkpt lon="-4.803222" lat="43.146362"><ele>1325.0</ele></trkpt>
<trkpt lon="-4.803242" lat="43.146282"><ele>1322.25</ele></trkpt>
<trkpt lon="-4.803207" lat="43.146232"><ele>1323.5</ele></trkpt>
<trkpt lon="-4.803275" lat="43.146071"><ele>1315.25</ele></trkpt>
<trkpt lon="-4.803128" lat="43.145767"><ele>1306.25</ele></trkpt>
<trkpt lon="-4.803399" lat="43.145662"><ele>1290.0</ele></trkpt>
<trkpt lon="-4.803788" lat="43.145708"><ele>1275.25</ele></trkpt>
<trkpt lon="-4.804066" lat="43.145596"><ele>1261.0</ele></trkpt>
<trkpt lon="-4.804311" lat="43.145556"><ele>1251.75</ele></trkpt>
<trkpt lon="-4.804560" lat="43.145524"><ele>1243.0</ele></trkpt>
<trkpt lon="-4.804988" lat="43.145418"><ele>1231.75</ele></trkpt>
<trkpt lon="-4.805289" lat="43.145401"><ele>1223.25</ele></trkpt>
<trkpt lon="-4.805518" lat="43.145250"><ele>1217.5</ele></trkpt>
<trkpt lon="-4.805779" lat="43.145278"><ele>1208.75</ele></trkpt>
<trkpt lon="-4.806142" lat="43.145064"><ele>1196.5</ele></trkpt>
<trkpt lon="-4.806288" lat="43.145235"><ele>1187.0</ele></trkpt>
<trkpt lon="-4.806545" lat="43.145124"><ele>1179.0</ele></trkpt>
<trkpt lon="-4.806688" lat="43.145211"><ele>1171.0</ele></trkpt>
<trkpt lon="-4.806769" lat="43.145271"><ele>1166.0</ele></trkpt>
<trkpt lon="-4.806829" lat="43.145360"><ele>1162.0</ele></trkpt>
<trkpt lon="-4.807015" lat="43.145309"><ele>1155.0</ele></trkpt>
<trkpt lon="-4.807192" lat="43.145507"><ele>1143.25</ele></trkpt>
<trkpt lon="-4.807440" lat="43.145716"><ele>1127.25</ele></trkpt>
<trkpt lon="-4.807591" lat="43.145699"><ele>1121.75</ele></trkpt>
<trkpt lon="-4.807772" lat="43.145605"><ele>1116.25</ele></trkpt>
<trkpt lon="-4.807958" lat="43.145738"><ele>1107.0</ele></trkpt>
<trkpt lon="-4.808036" lat="43.145850"><ele>1102.25</ele></trkpt>
<trkpt lon="-4.808484" lat="43.145890"><ele>1090.75</ele></trkpt>
<trkpt lon="-4.808804" lat="43.145902"><ele>1085.0</ele></trkpt>
<trkpt lon="-4.808899" lat="43.145891"><ele>1083.5</ele></trkpt>
<trkpt lon="-4.809333" lat="43.145843"><ele>1074.0</ele></trkpt>
<trkpt lon="-4.809691" lat="43.145725"><ele>1067.0</ele></trkpt>
<trkpt lon="-4.809993" lat="43.145672"><ele>1065.75</ele></trkpt>
<trkpt lon="-4.810231" lat="43.145843"><ele>1066.0</ele></trkpt>
<trkpt lon="-4.810385" lat="43.145912"><ele>1066.75</ele></trkpt>
<trkpt lon="-4.810559" lat="43.145860"><ele>1067.0</ele></trkpt>
<trkpt lon="-4.810852" lat="43.145693"><ele>1069.0</ele></trkpt>
<trkpt lon="-4.810995" lat="43.145536"><ele>1070.0</ele></trkpt>
<trkpt lon="-4.811166" lat="43.145387"><ele>1070.75</ele></trkpt>
<trkpt lon="-4.811410" lat="43.145256"><ele>1072.0</ele></trkpt>
<trkpt lon="-4.811572" lat="43.145133"><ele>1073.25</ele></trkpt>
<trkpt lon="-4.811688" lat="43.144975"><ele>1073.0</ele></trkpt>
<trkpt lon="-4.811772" lat="43.144883"><ele>1074.0</ele></trkpt>
<trkpt lon="-4.811798" lat="43.144804"><ele>1074.25</ele></trkpt>
<trkpt lon="-4.811793" lat="43.144699"><ele>1074.5</ele></trkpt>
<trkpt lon="-4.811777" lat="43.144582"><ele>1075.25</ele></trkpt>
<trkpt lon="-4.811761" lat="43.144537"><ele>1075.5</ele></trkpt>
<trkpt lon="-4.811657" lat="43.144420"><ele>1076.25</ele></trkpt>
  </trkseg></trk></gpx>
