<?xml version="1.0" encoding="UTF-8"?>
<gpx version="1.1" creator="compostel-brouter" xmlns="http://www.topografix.com/GPX/1/1">
  <metadata><name>FR-09-Bar-sur-Seine</name></metadata>
  <trk><name>FR-09-Bar-sur-Seine</name><trkseg>
<trkpt lon="4.770876" lat="48.477175"><ele>129.0</ele></trkpt>
<trkpt lon="4.771084" lat="48.477478"><ele>129.75</ele></trkpt>
<trkpt lon="4.771090" lat="48.477514"><ele>129.75</ele></trkpt>
<trkpt lon="4.771135" lat="48.477570"><ele>129.5</ele></trkpt>
<trkpt lon="4.771162" lat="48.477627"><ele>129.25</ele></trkpt>
<trkpt lon="4.771167" lat="48.477636"><ele>129.25</ele></trkpt>
<trkpt lon="4.771145" lat="48.477670"><ele>129.25</ele></trkpt>
<trkpt lon="4.771210" lat="48.477681"><ele>129.0</ele></trkpt>
<trkpt lon="4.771565" lat="48.477602"><ele>129.0</ele></trkpt>
<trkpt lon="4.772043" lat="48.477449"><ele>129.0</ele></trkpt>
<trkpt lon="4.772261" lat="48.477376"><ele>129.0</ele></trkpt>
<trkpt lon="4.772367" lat="48.477307"><ele>129.0</ele></trkpt>
<trkpt lon="4.772438" lat="48.477240"><ele>129.0</ele></trkpt>
<trkpt lon="4.772740" lat="48.476996"><ele>129.75</ele></trkpt>
<trkpt lon="4.772869" lat="48.476881"><ele>129.5</ele></trkpt>
<trkpt lon="4.773338" lat="48.476492"><ele>129.75</ele></trkpt>
<trkpt lon="4.773289" lat="48.476463"><ele>130.0</ele></trkpt>
<trkpt lon="4.773184" lat="48.476401"><ele>130.0</ele></trkpt>
<trkpt lon="4.772759" lat="48.476154"><ele>129.0</ele></trkpt>
<trkpt lon="4.772510" lat="48.476035"><ele>129.0</ele></trkpt>
<trkpt lon="4.772224" lat="48.475898"><ele>129.0</ele></trkpt>
<trkpt lon="4.772548" lat="48.475465"><ele>129.0</ele></trkpt>
<trkpt lon="4.772833" lat="48.475109"><ele>129.0</ele></trkpt>
<trkpt lon="4.773447" lat="48.474337"><ele>129.0</ele></trkpt>
<trkpt lon="4.773624" lat="48.473965"><ele>129.0</ele></trkpt>
<trkpt lon="4.773661" lat="48.473872"><ele>129.0</ele></trkpt>
<trkpt lon="4.773677" lat="48.473795"><ele>129.0</ele></trkpt>
<trkpt lon="4.773673" lat="48.473725"><ele>129.0</ele></trkpt>
<trkpt lon="4.773654" lat="48.473652"><ele>129.0</ele></trkpt>
<trkpt lon="4.773629" lat="48.473597"><ele>129.0</ele></trkpt>
<trkpt lon="4.773594" lat="48.473557"><ele>129.0</ele></trkpt>
<trkpt lon="4.773503" lat="48.473482"><ele>129.5</ele></trkpt>
<trkpt lon="4.773415" lat="48.473437"><ele>129.75</ele></trkpt>
<trkpt lon="4.773517" lat="48.473351"><ele>129.75</ele></trkpt>
<trkpt lon="4.773620" lat="48.473309"><ele>130.0</ele></trkpt>
<trkpt lon="4.773706" lat="48.473286"><ele>130.0</ele></trkpt>
<trkpt lon="4.774410" lat="48.473203"><ele>130.0</ele></trkpt>
<trkpt lon="4.774362" lat="48.473040"><ele>129.75</ele></trkpt>
<trkpt lon="4.773958" lat="48.472994"><ele>129.75</ele></trkpt>
<trkpt lon="4.772894" lat="48.472910"><ele>128.5</ele></trkpt>
<trkpt lon="4.772108" lat="48.472834"><ele>128.5</ele></trkpt>
<trkpt lon="4.771964" lat="48.472807"><ele>128.75</ele></trkpt>
<trkpt lon="4.771965" lat="48.472128"><ele>128.25</ele></trkpt>
<trkpt lon="4.771929" lat="48.471177"><ele>128.75</ele></trkpt>
<trkpt lon="4.772192" lat="48.469793"><ele>129.0</ele></trkpt>
<trkpt lon="4.772116" lat="48.469124"><ele>129.0</ele></trkpt>
<trkpt lon="4.772620" lat="48.467832"><ele>129.0</ele></trkpt>
<trkpt lon="4.773159" lat="48.466437"><ele>129.0</ele></trkpt>
<trkpt lon="4.773652" lat="48.465199"><ele>129.25</ele></trkpt>
<trkpt lon="4.773940" lat="48.464451"><ele>130.0</ele></trkpt>
<trkpt lon="4.774070" lat="48.464412"><ele>130.0</ele></trkpt>
<trkpt lon="4.775277" lat="48.464771"><ele>130.0</ele></trkpt>
<trkpt lon="4.776345" lat="48.465097"><ele>131.0</ele></trkpt>
<trkpt lon="4.776982" lat="48.464193"><ele>131.0</ele></trkpt>
<trkpt lon="4.778190" lat="48.463596"><ele>131.25</ele></trkpt>
<trkpt lon="4.777944" lat="48.463066"><ele>131.0</ele></trkpt>
<trkpt lon="4.777376" lat="48.462663"><ele>131.0</ele></trkpt>
<trkpt lon="4.777335" lat="48.462536"><ele>131.0</ele></trkpt>
<trkpt lon="4.778274" lat="48.461782"><ele>131.0</ele></trkpt>
<trkpt lon="4.781087" lat="48.460925"><ele>131.0</ele></trkpt>
<trkpt lon="4.784944" lat="48.459789"><ele>132.0</ele></trkpt>
<trkpt lon="4.787038" lat="48.459162"><ele>132.0</ele></trkpt>
<trkpt lon="4.788966" lat="48.458567"><ele>132.5</ele></trkpt>
<trkpt lon="4.790058" lat="48.457727"><ele>133.0</ele></trkpt>
<trkpt lon="4.791400" lat="48.456716"><ele>133.0</ele></trkpt>
<trkpt lon="4.793736" lat="48.454918"><ele>133.5</ele></trkpt>
<trkpt lon="4.793768" lat="48.454807"><ele>133.75</ele></trkpt>
<trkpt lon="4.792826" lat="48.454087"><ele>133.0</ele></trkpt>
<trkpt lon="4.791601" lat="48.453124"><ele>133.0</ele></trkpt>
<trkpt lon="4.790696" lat="48.452454"><ele>133.0</ele></trkpt>
<trkpt lon="4.789537" lat="48.451778"><ele>133.0</ele></trkpt>
<trkpt lon="4.788393" lat="48.451159"><ele>134.0</ele></trkpt>
<trkpt lon="4.788322" lat="48.451099"><ele>134.0</ele></trkpt>
<trkpt lon="4.788293" lat="48.451039"><ele>134.0</ele></trkpt>
<trkpt lon="4.788293" lat="48.450984"><ele>134.0</ele></trkpt>
<trkpt lon="4.788331" lat="48.450929"><ele>134.0</ele></trkpt>
<trkpt lon="4.788510" lat="48.450729"><ele>134.0</ele></trkpt>
<trkpt lon="4.788662" lat="48.450526"><ele>134.0</ele></trkpt>
<trkpt lon="4.788888" lat="48.450327"><ele>134.0</ele></trkpt>
<trkpt lon="4.789270" lat="48.449925"><ele>134.5</ele></trkpt>
<trkpt lon="4.789520" lat="48.449591"><ele>134.75</ele></trkpt>
<trkpt lon="4.789590" lat="48.449529"><ele>134.75</ele></trkpt>
<trkpt lon="4.789822" lat="48.449406"><ele>134.5</ele></trkpt>
<trkpt lon="4.789899" lat="48.449341"><ele>134.5</ele></trkpt>
<trkpt lon="4.790099" lat="48.449050"><ele>135.0</ele></trkpt>
<trkpt lon="4.790616" lat="48.448546"><ele>135.0</ele></trkpt>
<trkpt lon="4.791040" lat="48.448084"><ele>135.0</ele></trkpt>
<trkpt lon="4.791141" lat="48.448020"><ele>135.0</ele></trkpt>
<trkpt lon="4.791250" lat="48.447979"><ele>135.0</ele></trkpt>
<trkpt lon="4.791375" lat="48.447892"><ele>135.0</ele></trkpt>
<trkpt lon="4.791557" lat="48.447918"><ele>135.0</ele></trkpt>
<trkpt lon="4.792102" lat="48.447967"><ele>135.0</ele></trkpt>
<trkpt lon="4.792500" lat="48.447981"><ele>135.0</ele></trkpt>
<trkpt lon="4.796122" lat="48.448066"><ele>136.75</ele></trkpt>
<trkpt lon="4.796820" lat="48.448073"><ele>137.5</ele></trkpt>
<trkpt lon="4.797087" lat="48.448068"><ele>137.75</ele></trkpt>
<trkpt lon="4.797499" lat="48.448043"><ele>138.0</ele></trkpt>
<trkpt lon="4.797752" lat="48.448016"><ele>139.0</ele></trkpt>
<trkpt lon="4.798023" lat="48.447972"><ele>139.25</ele></trkpt>
<trkpt lon="4.798287" lat="48.447915"><ele>139.75</ele></trkpt>
<trkpt lon="4.798574" lat="48.447835"><ele>140.0</ele></trkpt>
<trkpt lon="4.799020" lat="48.447879"><ele>140.25</ele></trkpt>
<trkpt lon="4.799313" lat="48.447866"><ele>140.5</ele></trkpt>
<trkpt lon="4.799486" lat="48.447853"><ele>140.5</ele></trkpt>
<trkpt lon="4.799781" lat="48.447821"><ele>140.75</ele></trkpt>
<trkpt lon="4.799915" lat="48.447750"><ele>141.0</ele></trkpt>
<trkpt lon="4.800033" lat="48.447639"><ele>141.0</ele></trkpt>
<trkpt lon="4.800145" lat="48.447444"><ele>141.0</ele></trkpt>
<trkpt lon="4.800445" lat="48.446852"><ele>142.0</ele></trkpt>
<trkpt lon="4.800586" lat="48.446543"><ele>142.0</ele></trkpt>
<trkpt lon="4.800736" lat="48.446301"><ele>142.0</ele></trkpt>
<trkpt lon="4.800867" lat="48.446068"><ele>142.75</ele></trkpt>
<trkpt lon="4.801149" lat="48.445527"><ele>143.0</ele></trkpt>
<trkpt lon="4.801488" lat="48.444909"><ele>143.0</ele></trkpt>
<trkpt lon="4.802199" lat="48.443804"><ele>143.0</ele></trkpt>
<trkpt lon="4.802443" lat="48.443442"><ele>143.0</ele></trkpt>
<trkpt lon="4.803023" lat="48.442559"><ele>143.0</ele></trkpt>
<trkpt lon="4.803243" lat="48.442219"><ele>143.0</ele></trkpt>
<trkpt lon="4.803073" lat="48.442157"><ele>143.0</ele></trkpt>
<trkpt lon="4.802904" lat="48.442083"><ele>143.0</ele></trkpt>
<trkpt lon="4.801610" lat="48.441459"><ele>144.0</ele></trkpt>
<trkpt lon="4.801413" lat="48.441352"><ele>144.0</ele></trkpt>
<trkpt lon="4.801453" lat="48.441307"><ele>144.0</ele></trkpt>
<trkpt lon="4.801480" lat="48.441250"><ele>144.0</ele></trkpt>
<trkpt lon="4.801485" lat="48.441161"><ele>144.0</ele></trkpt>
<trkpt lon="4.801469" lat="48.441024"><ele>144.0</ele></trkpt>
<trkpt lon="4.801409" lat="48.440865"><ele>144.0</ele></trkpt>
<trkpt lon="4.801244" lat="48.440574"><ele>144.0</ele></trkpt>
<trkpt lon="4.801567" lat="48.440501"><ele>144.0</ele></trkpt>
<trkpt lon="4.801714" lat="48.440455"><ele>143.75</ele></trkpt>
<trkpt lon="4.801788" lat="48.440397"><ele>144.0</ele></trkpt>
<trkpt lon="4.801840" lat="48.440335"><ele>144.0</ele></trkpt>
<trkpt lon="4.801905" lat="48.440298"><ele>144.0</ele></trkpt>
<trkpt lon="4.802517" lat="48.440140"><ele>144.0</ele></trkpt>
<trkpt lon="4.802415" lat="48.439928"><ele>144.0</ele></trkpt>
<trkpt lon="4.802367" lat="48.439799"><ele>144.0</ele></trkpt>
<trkpt lon="4.802302" lat="48.439627"><ele>144.0</ele></trkpt>
<trkpt lon="4.802142" lat="48.439115"><ele>144.0</ele></trkpt>
<trkpt lon="4.802145" lat="48.439039"><ele>144.0</ele></trkpt>
<trkpt lon="4.802180" lat="48.438990"><ele>144.0</ele></trkpt>
<trkpt lon="4.802138" lat="48.438964"><ele>144.0</ele></trkpt>
<trkpt lon="4.802112" lat="48.438931"><ele>144.0</ele></trkpt>
<trkpt lon="4.801816" lat="48.437841"><ele>145.0</ele></trkpt>
<trkpt lon="4.801577" lat="48.437062"><ele>145.0</ele></trkpt>
<trkpt lon="4.801543" lat="48.436962"><ele>145.0</ele></trkpt>
<trkpt lon="4.801440" lat="48.436718"><ele>144.75</ele></trkpt>
<trkpt lon="4.801290" lat="48.436413"><ele>145.0</ele></trkpt>
<trkpt lon="4.801187" lat="48.436229"><ele>145.0</ele></trkpt>
<trkpt lon="4.801075" lat="48.436050"><ele>145.0</ele></trkpt>
<trkpt lon="4.800994" lat="48.435946"><ele>145.0</ele></trkpt>
<trkpt lon="4.800864" lat="48.435437"><ele>145.25</ele></trkpt>
<trkpt lon="4.800852" lat="48.435343"><ele>145.75</ele></trkpt>
<trkpt lon="4.800853" lat="48.435259"><ele>146.0</ele></trkpt>
<trkpt lon="4.800882" lat="48.435102"><ele>146.0</ele></trkpt>
<trkpt lon="4.800915" lat="48.435020"><ele>146.0</ele></trkpt>
<trkpt lon="4.800978" lat="48.434917"><ele>146.0</ele></trkpt>
<trkpt lon="4.801471" lat="48.434289"><ele>146.0</ele></trkpt>
<trkpt lon="4.801592" lat="48.434116"><ele>146.5</ele></trkpt>
<trkpt lon="4.801672" lat="48.433932"><ele>146.75</ele></trkpt>
<trkpt lon="4.801700" lat="48.433793"><ele>146.75</ele></trkpt>
<trkpt lon="4.801712" lat="48.433529"><ele>146.75</ele></trkpt>
<trkpt lon="4.801672" lat="48.433313"><ele>146.75</ele></trkpt>
<trkpt lon="4.801625" lat="48.433146"><ele>146.25</ele></trkpt>
<trkpt lon="4.801559" lat="48.432958"><ele>146.25</ele></trkpt>
<trkpt lon="4.801496" lat="48.432837"><ele>146.75</ele></trkpt>
<trkpt lon="4.801375" lat="48.432658"><ele>147.0</ele></trkpt>
<trkpt lon="4.800918" lat="48.432155"><ele>147.0</ele></trkpt>
<trkpt lon="4.800835" lat="48.432020"><ele>147.0</ele></trkpt>
<trkpt lon="4.800759" lat="48.431875"><ele>146.75</ele></trkpt>
<trkpt lon="4.800720" lat="48.431742"><ele>146.75</ele></trkpt>
<trkpt lon="4.800698" lat="48.431625"><ele>147.0</ele></trkpt>
<trkpt lon="4.800678" lat="48.431464"><ele>147.0</ele></trkpt>
<trkpt lon="4.800671" lat="48.431184"><ele>146.75</ele></trkpt>
<trkpt lon="4.800694" lat="48.430908"><ele>147.25</ele></trkpt>
<trkpt lon="4.800738" lat="48.430801"><ele>147.5</ele></trkpt>
<trkpt lon="4.800804" lat="48.430688"><ele>147.75</ele></trkpt>
<trkpt lon="4.800971" lat="48.430504"><ele>147.75</ele></trkpt>
<trkpt lon="4.802312" lat="48.429215"><ele>148.0</ele></trkpt>
<trkpt lon="4.803482" lat="48.428026"><ele>150.0</ele></trkpt>
<trkpt lon="4.803934" lat="48.427614"><ele>151.0</ele></trkpt>
<trkpt lon="4.804114" lat="48.427465"><ele>151.0</ele></trkpt>
<trkpt lon="4.804359" lat="48.427293"><ele>152.25</ele></trkpt>
<trkpt lon="4.804650" lat="48.427074"><ele>153.0</ele></trkpt>
<trkpt lon="4.805470" lat="48.426361"><ele>155.75</ele></trkpt>
<trkpt lon="4.806382" lat="48.425589"><ele>159.75</ele></trkpt>
<trkpt lon="4.806819" lat="48.425228"><ele>161.0</ele></trkpt>
<trkpt lon="4.807001" lat="48.425100"><ele>161.0</ele></trkpt>
<trkpt lon="4.809088" lat="48.424219"><ele>167.75</ele></trkpt>
<trkpt lon="4.809230" lat="48.424130"><ele>168.0</ele></trkpt>
<trkpt lon="4.809322" lat="48.424044"><ele>168.5</ele></trkpt>
<trkpt lon="4.811050" lat="48.422331"><ele>165.25</ele></trkpt>
<trkpt lon="4.811809" lat="48.421568"><ele>164.5</ele></trkpt>
<trkpt lon="4.812686" lat="48.420640"><ele>169.0</ele></trkpt>
<trkpt lon="4.812728" lat="48.420576"><ele>169.0</ele></trkpt>
<trkpt lon="4.812770" lat="48.420481"><ele>169.0</ele></trkpt>
<trkpt lon="4.812839" lat="48.420484"><ele>169.0</ele></trkpt>
<trkpt lon="4.812934" lat="48.420477"><ele>169.0</ele></trkpt>
<trkpt lon="4.813006" lat="48.420465"><ele>169.0</ele></trkpt>
<trkpt lon="4.813999" lat="48.420194"><ele>165.5</ele></trkpt>
<trkpt lon="4.815456" lat="48.419828"><ele>158.5</ele></trkpt>
<trkpt lon="4.816318" lat="48.419627"><ele>153.75</ele></trkpt>
<trkpt lon="4.816575" lat="48.419583"><ele>153.0</ele></trkpt>
<trkpt lon="4.817026" lat="48.419471"><ele>150.5</ele></trkpt>
<trkpt lon="4.817164" lat="48.419456"><ele>149.5</ele></trkpt>
<trkpt lon="4.817297" lat="48.419459"><ele>149.0</ele></trkpt>
<trkpt lon="4.817317" lat="48.419389"><ele>149.0</ele></trkpt>
<trkpt lon="4.817018" lat="48.418818"><ele>151.25</ele></trkpt>
<trkpt lon="4.816952" lat="48.418665"><ele>151.75</ele></trkpt>
<trkpt lon="4.816830" lat="48.418284"><ele>154.0</ele></trkpt>
<trkpt lon="4.816765" lat="48.417992"><ele>155.25</ele></trkpt>
<trkpt lon="4.816765" lat="48.417898"><ele>155.75</ele></trkpt>
<trkpt lon="4.816790" lat="48.417663"><ele>156.75</ele></trkpt>
<trkpt lon="4.816850" lat="48.417434"><ele>157.25</ele></trkpt>
<trkpt lon="4.816881" lat="48.417361"><ele>157.0</ele></trkpt>
<trkpt lon="4.816924" lat="48.417312"><ele>157.0</ele></trkpt>
<trkpt lon="4.816972" lat="48.417273"><ele>156.75</ele></trkpt>
<trkpt lon="4.817226" lat="48.417107"><ele>156.25</ele></trkpt>
<trkpt lon="4.817983" lat="48.416561"><ele>153.5</ele></trkpt>
<trkpt lon="4.818051" lat="48.416524"><ele>153.25</ele></trkpt>
<trkpt lon="4.818105" lat="48.416514"><ele>153.25</ele></trkpt>
<trkpt lon="4.818193" lat="48.416504"><ele>152.75</ele></trkpt>
<trkpt lon="4.818261" lat="48.416505"><ele>152.5</ele></trkpt>
<trkpt lon="4.818534" lat="48.416533"><ele>151.75</ele></trkpt>
<trkpt lon="4.818546" lat="48.416408"><ele>151.25</ele></trkpt>
<trkpt lon="4.818660" lat="48.415829"><ele>152.0</ele></trkpt>
<trkpt lon="4.818754" lat="48.415474"><ele>152.5</ele></trkpt>
<trkpt lon="4.818754" lat="48.415262"><ele>153.0</ele></trkpt>
<trkpt lon="4.818613" lat="48.414845"><ele>152.75</ele></trkpt>
<trkpt lon="4.818531" lat="48.414388"><ele>153.0</ele></trkpt>
<trkpt lon="4.818545" lat="48.413884"><ele>153.0</ele></trkpt>
<trkpt lon="4.818585" lat="48.413471"><ele>153.0</ele></trkpt>
<trkpt lon="4.818543" lat="48.413247"><ele>153.0</ele></trkpt>
<trkpt lon="4.818411" lat="48.412983"><ele>153.0</ele></trkpt>
<trkpt lon="4.817908" lat="48.412097"><ele>154.0</ele></trkpt>
<trkpt lon="4.817776" lat="48.411735"><ele>154.0</ele></trkpt>
<trkpt lon="4.817502" lat="48.410734"><ele>154.75</ele></trkpt>
<trkpt lon="4.817162" lat="48.409821"><ele>154.25</ele></trkpt>
<trkpt lon="4.817101" lat="48.409613"><ele>154.25</ele></trkpt>
<trkpt lon="4.817080" lat="48.409292"><ele>154.5</ele></trkpt>
<trkpt lon="4.817066" lat="48.408872"><ele>154.75</ele></trkpt>
<trkpt lon="4.817025" lat="48.408607"><ele>154.25</ele></trkpt>
<trkpt lon="4.816912" lat="48.408290"><ele>154.0</ele></trkpt>
<trkpt lon="4.816632" lat="48.407818"><ele>154.25</ele></trkpt>
<trkpt lon="4.816573" lat="48.407684"><ele>154.75</ele></trkpt>
<trkpt lon="4.816510" lat="48.407165"><ele>155.0</ele></trkpt>
<trkpt lon="4.816325" lat="48.406523"><ele>155.0</ele></trkpt>
<trkpt lon="4.816309" lat="48.406076"><ele>155.25</ele></trkpt>
<trkpt lon="4.816277" lat="48.405839"><ele>155.25</ele></trkpt>
<trkpt lon="4.816207" lat="48.405550"><ele>155.0</ele></trkpt>
<trkpt lon="4.816080" lat="48.405207"><ele>155.0</ele></trkpt>
<trkpt lon="4.815484" lat="48.404141"><ele>155.25</ele></trkpt>
<trkpt lon="4.815431" lat="48.403930"><ele>155.75</ele></trkpt>
<trkpt lon="4.815438" lat="48.403831"><ele>156.0</ele></trkpt>
<trkpt lon="4.815705" lat="48.402608"><ele>156.0</ele></trkpt>
<trkpt lon="4.815733" lat="48.402308"><ele>156.0</ele></trkpt>
<trkpt lon="4.815677" lat="48.402128"><ele>156.0</ele></trkpt>
<trkpt lon="4.815578" lat="48.401967"><ele>156.0</ele></trkpt>
<trkpt lon="4.815182" lat="48.401596"><ele>157.0</ele></trkpt>
<trkpt lon="4.815050" lat="48.401419"><ele>157.0</ele></trkpt>
<trkpt lon="4.814384" lat="48.399949"><ele>160.25</ele></trkpt>
<trkpt lon="4.814239" lat="48.399773"><ele>161.5</ele></trkpt>
<trkpt lon="4.813881" lat="48.399503"><ele>163.0</ele></trkpt>
<trkpt lon="4.813623" lat="48.399268"><ele>163.75</ele></trkpt>
<trkpt lon="4.813259" lat="48.398808"><ele>164.75</ele></trkpt>
<trkpt lon="4.813074" lat="48.398505"><ele>164.75</ele></trkpt>
<trkpt lon="4.812969" lat="48.398212"><ele>165.0</ele></trkpt>
<trkpt lon="4.812698" lat="48.397333"><ele>164.0</ele></trkpt>
<trkpt lon="4.812259" lat="48.395870"><ele>162.0</ele></trkpt>
<trkpt lon="4.811940" lat="48.394900"><ele>162.0</ele></trkpt>
<trkpt lon="4.811856" lat="48.394724"><ele>162.0</ele></trkpt>
<trkpt lon="4.811605" lat="48.394420"><ele>162.0</ele></trkpt>
<trkpt lon="4.811299" lat="48.394031"><ele>162.25</ele></trkpt>
<trkpt lon="4.811048" lat="48.393582"><ele>163.25</ele></trkpt>
<trkpt lon="4.810787" lat="48.393041"><ele>166.0</ele></trkpt>
<trkpt lon="4.810706" lat="48.392752"><ele>167.0</ele></trkpt>
<trkpt lon="4.810695" lat="48.392541"><ele>167.25</ele></trkpt>
<trkpt lon="4.810757" lat="48.391876"><ele>169.0</ele></trkpt>
<trkpt lon="4.810764" lat="48.391622"><ele>169.75</ele></trkpt>
<trkpt lon="4.810750" lat="48.391519"><ele>169.5</ele></trkpt>
<trkpt lon="4.810495" lat="48.390617"><ele>169.0</ele></trkpt>
<trkpt lon="4.810125" lat="48.389462"><ele>168.25</ele></trkpt>
<trkpt lon="4.809763" lat="48.389547"><ele>169.25</ele></trkpt>
<trkpt lon="4.808139" lat="48.389814"><ele>170.5</ele></trkpt>
<trkpt lon="4.807552" lat="48.389885"><ele>171.25</ele></trkpt>
<trkpt lon="4.806982" lat="48.389897"><ele>172.0</ele></trkpt>
<trkpt lon="4.806413" lat="48.389933"><ele>173.75</ele></trkpt>
<trkpt lon="4.803530" lat="48.390275"><ele>190.25</ele></trkpt>
<trkpt lon="4.797267" lat="48.391032"><ele>187.0</ele></trkpt>
<trkpt lon="4.793634" lat="48.391499"><ele>180.0</ele></trkpt>
<trkpt lon="4.789229" lat="48.392070"><ele>164.0</ele></trkpt>
<trkpt lon="4.788534" lat="48.392070"><ele>161.25</ele></trkpt>
<trkpt lon="4.788235" lat="48.391911"><ele>161.0</ele></trkpt>
<trkpt lon="4.787933" lat="48.391769"><ele>160.5</ele></trkpt>
<trkpt lon="4.788018" lat="48.391751"><ele>160.75</ele></trkpt>
<trkpt lon="4.788042" lat="48.391700"><ele>160.75</ele></trkpt>
<trkpt lon="4.788018" lat="48.391544"><ele>160.75</ele></trkpt>
<trkpt lon="4.787940" lat="48.389921"><ele>161.5</ele></trkpt>
<trkpt lon="4.787970" lat="48.387724"><ele>163.0</ele></trkpt>
<trkpt lon="4.787960" lat="48.386945"><ele>163.75</ele></trkpt>
<trkpt lon="4.787986" lat="48.386815"><ele>164.0</ele></trkpt>
<trkpt lon="4.788026" lat="48.386702"><ele>164.0</ele></trkpt>
<trkpt lon="4.788115" lat="48.386586"><ele>164.25</ele></trkpt>
<trkpt lon="4.788254" lat="48.386447"><ele>164.75</ele></trkpt>
<trkpt lon="4.788383" lat="48.386287"><ele>165.0</ele></trkpt>
<trkpt lon="4.788485" lat="48.386092"><ele>165.5</ele></trkpt>
<trkpt lon="4.788575" lat="48.385761"><ele>165.75</ele></trkpt>
<trkpt lon="4.788635" lat="48.385343"><ele>166.0</ele></trkpt>
<trkpt lon="4.788629" lat="48.384921"><ele>166.0</ele></trkpt>
<trkpt lon="4.788527" lat="48.384376"><ele>166.5</ele></trkpt>
<trkpt lon="4.788479" lat="48.384205"><ele>166.5</ele></trkpt>
<trkpt lon="4.788000" lat="48.383230"><ele>166.75</ele></trkpt>
<trkpt lon="4.787988" lat="48.382991"><ele>167.0</ele></trkpt>
<trkpt lon="4.788162" lat="48.382788"><ele>167.25</ele></trkpt>
<trkpt lon="4.788605" lat="48.382589"><ele>168.5</ele></trkpt>
<trkpt lon="4.789246" lat="48.382378"><ele>169.25</ele></trkpt>
<trkpt lon="4.792111" lat="48.381625"><ele>173.0</ele></trkpt>
<trkpt lon="4.792549" lat="48.381430"><ele>173.0</ele></trkpt>
<trkpt lon="4.792659" lat="48.381337"><ele>173.5</ele></trkpt>
<trkpt lon="4.792581" lat="48.381302"><ele>173.5</ele></trkpt>
<trkpt lon="4.792503" lat="48.381210"><ele>174.25</ele></trkpt>
<trkpt lon="4.791262" lat="48.379554"><ele>175.0</ele></trkpt>
<trkpt lon="4.790884" lat="48.379088"><ele>174.0</ele></trkpt>
<trkpt lon="4.789776" lat="48.377639"><ele>176.0</ele></trkpt>
<trkpt lon="4.789308" lat="48.377054"><ele>176.75</ele></trkpt>
<trkpt lon="4.789038" lat="48.376731"><ele>177.0</ele></trkpt>
<trkpt lon="4.788943" lat="48.376532"><ele>177.25</ele></trkpt>
<trkpt lon="4.788841" lat="48.375692"><ele>177.25</ele></trkpt>
<trkpt lon="4.788577" lat="48.373614"><ele>180.75</ele></trkpt>
<trkpt lon="4.788463" lat="48.372368"><ele>181.0</ele></trkpt>
<trkpt lon="4.788145" lat="48.369823"><ele>184.75</ele></trkpt>
<trkpt lon="4.787952" lat="48.368390"><ele>186.25</ele></trkpt>
<trkpt lon="4.787916" lat="48.368303"><ele>186.25</ele></trkpt>
<trkpt lon="4.787387" lat="48.367814"><ele>184.5</ele></trkpt>
<trkpt lon="4.787050" lat="48.367595"><ele>183.75</ele></trkpt>
<trkpt lon="4.786411" lat="48.367151"><ele>183.0</ele></trkpt>
<trkpt lon="4.785823" lat="48.366701"><ele>183.5</ele></trkpt>
<trkpt lon="4.785257" lat="48.366221"><ele>183.5</ele></trkpt>
<trkpt lon="4.785191" lat="48.366179"><ele>183.5</ele></trkpt>
<trkpt lon="4.785110" lat="48.366159"><ele>183.25</ele></trkpt>
<trkpt lon="4.785016" lat="48.366159"><ele>183.0</ele></trkpt>
<trkpt lon="4.784950" lat="48.366168"><ele>183.0</ele></trkpt>
<trkpt lon="4.784890" lat="48.366185"><ele>183.0</ele></trkpt>
<trkpt lon="4.784574" lat="48.366384"><ele>182.25</ele></trkpt>
<trkpt lon="4.784065" lat="48.366650"><ele>181.5</ele></trkpt>
<trkpt lon="4.783986" lat="48.366663"><ele>181.25</ele></trkpt>
<trkpt lon="4.783905" lat="48.366658"><ele>181.0</ele></trkpt>
<trkpt lon="4.783822" lat="48.366625"><ele>181.0</ele></trkpt>
<trkpt lon="4.783465" lat="48.366325"><ele>181.0</ele></trkpt>
<trkpt lon="4.783323" lat="48.366265"><ele>180.75</ele></trkpt>
<trkpt lon="4.783316" lat="48.366110"><ele>180.75</ele></trkpt>
<trkpt lon="4.783304" lat="48.366083"><ele>180.75</ele></trkpt>
<trkpt lon="4.782521" lat="48.366139"><ele>178.0</ele></trkpt>
<trkpt lon="4.781885" lat="48.366068"><ele>173.75</ele></trkpt>
<trkpt lon="4.781669" lat="48.366036"><ele>173.0</ele></trkpt>
<trkpt lon="4.781539" lat="48.366017"><ele>173.0</ele></trkpt>
<trkpt lon="4.781397" lat="48.365996"><ele>173.0</ele></trkpt>
<trkpt lon="4.781670" lat="48.365040"><ele>173.0</ele></trkpt>
<trkpt lon="4.781824" lat="48.364531"><ele>173.25</ele></trkpt>
<trkpt lon="4.782044" lat="48.363870"><ele>173.5</ele></trkpt>
<trkpt lon="4.782156" lat="48.363699"><ele>173.75</ele></trkpt>
<trkpt lon="4.782381" lat="48.363450"><ele>174.0</ele></trkpt>
<trkpt lon="4.782473" lat="48.363332"><ele>174.0</ele></trkpt>
<trkpt lon="4.782638" lat="48.363061"><ele>174.0</ele></trkpt>
<trkpt lon="4.782746" lat="48.362817"><ele>174.0</ele></trkpt>
<trkpt lon="4.782879" lat="48.362414"><ele>174.5</ele></trkpt>
<trkpt lon="4.783026" lat="48.362021"><ele>175.0</ele></trkpt>
<trkpt lon="4.783397" lat="48.361495"><ele>174.5</ele></trkpt>
<trkpt lon="4.784266" lat="48.360346"><ele>175.0</ele></trkpt>
<trkpt lon="4.780410" lat="48.358976"><ele>180.0</ele></trkpt>
<trkpt lon="4.775984" lat="48.357390"><ele>189.5</ele></trkpt>
<trkpt lon="4.775518" lat="48.356698"><ele>189.75</ele></trkpt>
<trkpt lon="4.777502" lat="48.355786"><ele>193.0</ele></trkpt>
<trkpt lon="4.777985" lat="48.352834"><ele>199.0</ele></trkpt>
<trkpt lon="4.778259" lat="48.351422"><ele>201.75</ele></trkpt>
<trkpt lon="4.778329" lat="48.350784"><ele>202.0</ele></trkpt>
<trkpt lon="4.778460" lat="48.350347"><ele>202.25</ele></trkpt>
<trkpt lon="4.778836" lat="48.349552"><ele>201.5</ele></trkpt>
<trkpt lon="4.778836" lat="48.349415"><ele>201.25</ele></trkpt>
<trkpt lon="4.778554" lat="48.349497"><ele>202.25</ele></trkpt>
<trkpt lon="4.778103" lat="48.349569"><ele>203.25</ele></trkpt>
<trkpt lon="4.774962" lat="48.349577"><ele>199.75</ele></trkpt>
<trkpt lon="4.774437" lat="48.349593"><ele>199.0</ele></trkpt>
<trkpt lon="4.773929" lat="48.349687"><ele>199.0</ele></trkpt>
<trkpt lon="4.771899" lat="48.350194"><ele>198.0</ele></trkpt>
<trkpt lon="4.769852" lat="48.350694"><ele>196.0</ele></trkpt>
<trkpt lon="4.768734" lat="48.350904"><ele>194.0</ele></trkpt>
<trkpt lon="4.767969" lat="48.350176"><ele>193.75</ele></trkpt>
<trkpt lon="4.767729" lat="48.349967"><ele>193.75</ele></trkpt>
<trkpt lon="4.767291" lat="48.349684"><ele>194.0</ele></trkpt>
<trkpt lon="4.766891" lat="48.349491"><ele>193.75</ele></trkpt>
<trkpt lon="4.766279" lat="48.349256"><ele>194.25</ele></trkpt>
<trkpt lon="4.765251" lat="48.348816"><ele>193.75</ele></trkpt>
<trkpt lon="4.764979" lat="48.348657"><ele>192.75</ele></trkpt>
<trkpt lon="4.764660" lat="48.348445"><ele>192.75</ele></trkpt>
<trkpt lon="4.764351" lat="48.348204"><ele>192.75</ele></trkpt>
<trkpt lon="4.763676" lat="48.347586"><ele>193.5</ele></trkpt>
<trkpt lon="4.763417" lat="48.347387"><ele>193.5</ele></trkpt>
<trkpt lon="4.762497" lat="48.346841"><ele>195.25</ele></trkpt>
<trkpt lon="4.761619" lat="48.346264"><ele>197.0</ele></trkpt>
<trkpt lon="4.761291" lat="48.345995"><ele>197.5</ele></trkpt>
<trkpt lon="4.760598" lat="48.345339"><ele>199.0</ele></trkpt>
<trkpt lon="4.760397" lat="48.345204"><ele>199.0</ele></trkpt>
<trkpt lon="4.759244" lat="48.344542"><ele>196.5</ele></trkpt>
<trkpt lon="4.758480" lat="48.344058"><ele>195.5</ele></trkpt>
<trkpt lon="4.758330" lat="48.343935"><ele>195.0</ele></trkpt>
<trkpt lon="4.757963" lat="48.343582"><ele>195.0</ele></trkpt>
<trkpt lon="4.757668" lat="48.343358"><ele>194.5</ele></trkpt>
<trkpt lon="4.756565" lat="48.342569"><ele>194.75</ele></trkpt>
<trkpt lon="4.756503" lat="48.342486"><ele>195.0</ele></trkpt>
<trkpt lon="4.756259" lat="48.342022"><ele>196.5</ele></trkpt>
<trkpt lon="4.755967" lat="48.341569"><ele>196.25</ele></trkpt>
<trkpt lon="4.755574" lat="48.341063"><ele>195.5</ele></trkpt>
<trkpt lon="4.755341" lat="48.340804"><ele>193.0</ele></trkpt>
<trkpt lon="4.755041" lat="48.340548"><ele>191.0</ele></trkpt>
<trkpt lon="4.754339" lat="48.340125"><ele>191.5</ele></trkpt>
<trkpt lon="4.754180" lat="48.339989"><ele>192.0</ele></trkpt>
<trkpt lon="4.754010" lat="48.339782"><ele>193.5</ele></trkpt>
<trkpt lon="4.753891" lat="48.339573"><ele>195.0</ele></trkpt>
<trkpt lon="4.753579" lat="48.338960"><ele>198.75</ele></trkpt>
<trkpt lon="4.753528" lat="48.338811"><ele>199.5</ele></trkpt>
<trkpt lon="4.753518" lat="48.338666"><ele>200.0</ele></trkpt>
<trkpt lon="4.753567" lat="48.338432"><ele>200.75</ele></trkpt>
<trkpt lon="4.753753" lat="48.337952"><ele>202.75</ele></trkpt>
<trkpt lon="4.753775" lat="48.337752"><ele>203.5</ele></trkpt>
<trkpt lon="4.753646" lat="48.337296"><ele>205.5</ele></trkpt>
<trkpt lon="4.753110" lat="48.336483"><ele>210.5</ele></trkpt>
<trkpt lon="4.752310" lat="48.335680"><ele>211.75</ele></trkpt>
<trkpt lon="4.751833" lat="48.335010"><ele>211.5</ele></trkpt>
<trkpt lon="4.751590" lat="48.334563"><ele>211.25</ele></trkpt>
<trkpt lon="4.751257" lat="48.333992"><ele>209.75</ele></trkpt>
<trkpt lon="4.751026" lat="48.333730"><ele>208.5</ele></trkpt>
<trkpt lon="4.750736" lat="48.333470"><ele>207.5</ele></trkpt>
<trkpt lon="4.750530" lat="48.333241"><ele>206.75</ele></trkpt>
<trkpt lon="4.750276" lat="48.332863"><ele>206.0</ele></trkpt>
<trkpt lon="4.750869" lat="48.332802"><ele>207.0</ele></trkpt>
<trkpt lon="4.751394" lat="48.332749"><ele>210.0</ele></trkpt>
<trkpt lon="4.752135" lat="48.332708"><ele>214.25</ele></trkpt>
<trkpt lon="4.752574" lat="48.332617"><ele>215.25</ele></trkpt>
<trkpt lon="4.752788" lat="48.332382"><ele>216.25</ele></trkpt>
<trkpt lon="4.753046" lat="48.332189"><ele>218.0</ele></trkpt>
<trkpt lon="4.753378" lat="48.332039"><ele>219.75</ele></trkpt>
<trkpt lon="4.753974" lat="48.331752"><ele>223.0</ele></trkpt>
<trkpt lon="4.754559" lat="48.331461"><ele>228.0</ele></trkpt>
<trkpt lon="4.755524" lat="48.331169"><ele>231.75</ele></trkpt>
<trkpt lon="4.756447" lat="48.330712"><ele>234.75</ele></trkpt>
<trkpt lon="4.757048" lat="48.329785"><ele>238.75</ele></trkpt>
<trkpt lon="4.757369" lat="48.329222"><ele>237.5</ele></trkpt>
<trkpt lon="4.758314" lat="48.328344"><ele>230.0</ele></trkpt>
<trkpt lon="4.761382" lat="48.325755"><ele>213.5</ele></trkpt>
<trkpt lon="4.761833" lat="48.325420"><ele>212.5</ele></trkpt>
<trkpt lon="4.764815" lat="48.322616"><ele>209.5</ele></trkpt>
<trkpt lon="4.765663" lat="48.321853"><ele>211.0</ele></trkpt>
<trkpt lon="4.767304" lat="48.320768"><ele>208.25</ele></trkpt>
<trkpt lon="4.767337" lat="48.320604"><ele>207.25</ele></trkpt>
<trkpt lon="4.766746" lat="48.320126"><ele>206.75</ele></trkpt>
<trkpt lon="4.766264" lat="48.319456"><ele>206.75</ele></trkpt>
<trkpt lon="4.764579" lat="48.318086"><ele>211.25</ele></trkpt>
<trkpt lon="4.763925" lat="48.317494"><ele>213.0</ele></trkpt>
<trkpt lon="4.763431" lat="48.317059"><ele>213.5</ele></trkpt>
<trkpt lon="4.759644" lat="48.314162"><ele>218.0</ele></trkpt>
<trkpt lon="4.759344" lat="48.313898"><ele>218.75</ele></trkpt>
<trkpt lon="4.758979" lat="48.313727"><ele>219.0</ele></trkpt>
<trkpt lon="4.757517" lat="48.313504"><ele>218.0</ele></trkpt>
<trkpt lon="4.757155" lat="48.313440"><ele>217.5</ele></trkpt>
<trkpt lon="4.756738" lat="48.313356"><ele>217.75</ele></trkpt>
<trkpt lon="4.756316" lat="48.313261"><ele>218.0</ele></trkpt>
<trkpt lon="4.756032" lat="48.313207"><ele>218.0</ele></trkpt>
<trkpt lon="4.755267" lat="48.313133"><ele>218.0</ele></trkpt>
<trkpt lon="4.754639" lat="48.313048"><ele>219.0</ele></trkpt>
<trkpt lon="4.754733" lat="48.312972"><ele>219.25</ele></trkpt>
<trkpt lon="4.754973" lat="48.312779"><ele>219.0</ele></trkpt>
<trkpt lon="4.756636" lat="48.311333"><ele>222.0</ele></trkpt>
<trkpt lon="4.756583" lat="48.311226"><ele>222.0</ele></trkpt>
<trkpt lon="4.756499" lat="48.311097"><ele>222.0</ele></trkpt>
<trkpt lon="4.756182" lat="48.310655"><ele>223.0</ele></trkpt>
<trkpt lon="4.754773" lat="48.308960"><ele>226.5</ele></trkpt>
<trkpt lon="4.754183" lat="48.307775"><ele>229.0</ele></trkpt>
<trkpt lon="4.753035" lat="48.306427"><ele>231.0</ele></trkpt>
<trkpt lon="4.752145" lat="48.305214"><ele>233.0</ele></trkpt>
<trkpt lon="4.751083" lat="48.304264"><ele>235.5</ele></trkpt>
<trkpt lon="4.749924" lat="48.303151"><ele>238.5</ele></trkpt>
<trkpt lon="4.748915" lat="48.302038"><ele>241.5</ele></trkpt>
<trkpt lon="4.748368" lat="48.301324"><ele>243.0</ele></trkpt>
<trkpt lon="4.746791" lat="48.298062"><ele>240.25</ele></trkpt>
<trkpt lon="4.741550" lat="48.299508"><ele>229.75</ele></trkpt>
<trkpt lon="4.739689" lat="48.296210"><ele>241.0</ele></trkpt>
<trkpt lon="4.739394" lat="48.295753"><ele>248.25</ele></trkpt>
<trkpt lon="4.738916" lat="48.295354"><ele>254.75</ele></trkpt>
<trkpt lon="4.738299" lat="48.294947"><ele>260.75</ele></trkpt>
<trkpt lon="4.737162" lat="48.294404"><ele>267.25</ele></trkpt>
<trkpt lon="4.736583" lat="48.294204"><ele>269.0</ele></trkpt>
<trkpt lon="4.735397" lat="48.294019"><ele>271.75</ele></trkpt>
<trkpt lon="4.733863" lat="48.293840"><ele>273.25</ele></trkpt>
<trkpt lon="4.732865" lat="48.293501"><ele>275.0</ele></trkpt>
<trkpt lon="4.731457" lat="48.292895"><ele>275.0</ele></trkpt>
<trkpt lon="4.731197" lat="48.292845"><ele>275.0</ele></trkpt>
<trkpt lon="4.731418" lat="48.291924"><ele>269.75</ele></trkpt>
<trkpt lon="4.731631" lat="48.291454"><ele>266.25</ele></trkpt>
<trkpt lon="4.731792" lat="48.290919"><ele>265.5</ele></trkpt>
<trkpt lon="4.731980" lat="48.290659"><ele>266.0</ele></trkpt>
<trkpt lon="4.733651" lat="48.289186"><ele>270.75</ele></trkpt>
<trkpt lon="4.736069" lat="48.287082"><ele>280.0</ele></trkpt>
<trkpt lon="4.736183" lat="48.286951"><ele>280.25</ele></trkpt>
<trkpt lon="4.738125" lat="48.284700"><ele>298.25</ele></trkpt>
<trkpt lon="4.740752" lat="48.281534"><ele>320.25</ele></trkpt>
<trkpt lon="4.740471" lat="48.281414"><ele>319.0</ele></trkpt>
<trkpt lon="4.740091" lat="48.281251"><ele>318.5</ele></trkpt>
<trkpt lon="4.739524" lat="48.281008"><ele>317.25</ele></trkpt>
<trkpt lon="4.738591" lat="48.280503"><ele>314.5</ele></trkpt>
<trkpt lon="4.737934" lat="48.280077"><ele>313.75</ele></trkpt>
<trkpt lon="4.737333" lat="48.279608"><ele>313.25</ele></trkpt>
<trkpt lon="4.737009" lat="48.279166"><ele>311.75</ele></trkpt>
<trkpt lon="4.735854" lat="48.277814"><ele>314.0</ele></trkpt>
<trkpt lon="4.733948" lat="48.275819"><ele>319.5</ele></trkpt>
<trkpt lon="4.733656" lat="48.275219"><ele>324.0</ele></trkpt>
<trkpt lon="4.733563" lat="48.275139"><ele>324.5</ele></trkpt>
<trkpt lon="4.731995" lat="48.273787"><ele>326.0</ele></trkpt>
<trkpt lon="4.731299" lat="48.272924"><ele>325.5</ele></trkpt>
<trkpt lon="4.730697" lat="48.271673"><ele>325.0</ele></trkpt>
<trkpt lon="4.729825" lat="48.268053"><ele>320.5</ele></trkpt>
<trkpt lon="4.729817" lat="48.268014"><ele>320.75</ele></trkpt>
<trkpt lon="4.729806" lat="48.267988"><ele>320.75</ele></trkpt>
<trkpt lon="4.729625" lat="48.267526"><ele>322.25</ele></trkpt>
<trkpt lon="4.728884" lat="48.264270"><ele>310.5</ele></trkpt>
<trkpt lon="4.728527" lat="48.262760"><ele>302.75</ele></trkpt>
<trkpt lon="4.728444" lat="48.262754"><ele>302.75</ele></trkpt>
<trkpt lon="4.726953" lat="48.260148"><ele>294.0</ele></trkpt>
<trkpt lon="4.726825" lat="48.259784"><ele>293.75</ele></trkpt>
<trkpt lon="4.726675" lat="48.259513"><ele>293.75</ele></trkpt>
<trkpt lon="4.726385" lat="48.259020"><ele>293.0</ele></trkpt>
<trkpt lon="4.725119" lat="48.254863"><ele>282.0</ele></trkpt>
<trkpt lon="4.725065" lat="48.254606"><ele>281.25</ele></trkpt>
<trkpt lon="4.724797" lat="48.253856"><ele>280.5</ele></trkpt>
<trkpt lon="4.724516" lat="48.251619"><ele>278.75</ele></trkpt>
<trkpt lon="4.724464" lat="48.251200"><ele>277.25</ele></trkpt>
<trkpt lon="4.724449" lat="48.251082"><ele>276.75</ele></trkpt>
<trkpt lon="4.724121" lat="48.250605"><ele>273.25</ele></trkpt>
<trkpt lon="4.723709" lat="48.250279"><ele>270.5</ele></trkpt>
<trkpt lon="4.723552" lat="48.250155"><ele>269.5</ele></trkpt>
<trkpt lon="4.723213" lat="48.249991"><ele>266.5</ele></trkpt>
<trkpt lon="4.722844" lat="48.249891"><ele>262.75</ele></trkpt>
<trkpt lon="4.722061" lat="48.249826"><ele>255.75</ele></trkpt>
<trkpt lon="4.721643" lat="48.249676"><ele>250.25</ele></trkpt>
<trkpt lon="4.721214" lat="48.249455"><ele>243.5</ele></trkpt>
<trkpt lon="4.720688" lat="48.249326"><ele>240.5</ele></trkpt>
<trkpt lon="4.720495" lat="48.249133"><ele>235.75</ele></trkpt>
<trkpt lon="4.720269" lat="48.248883"><ele>231.75</ele></trkpt>
<trkpt lon="4.720162" lat="48.248226"><ele>223.25</ele></trkpt>
<trkpt lon="4.720134" lat="48.248182"><ele>222.75</ele></trkpt>
<trkpt lon="4.719851" lat="48.247747"><ele>219.0</ele></trkpt>
<trkpt lon="4.719390" lat="48.247297"><ele>218.25</ele></trkpt>
<trkpt lon="4.718413" lat="48.246446"><ele>215.0</ele></trkpt>
<trkpt lon="4.718228" lat="48.246237"><ele>214.0</ele></trkpt>
<trkpt lon="4.717888" lat="48.245883"><ele>212.5</ele></trkpt>
<trkpt lon="4.717727" lat="48.245749"><ele>212.0</ele></trkpt>
<trkpt lon="4.715639" lat="48.244046"><ele>196.75</ele></trkpt>
<trkpt lon="4.715370" lat="48.243846"><ele>195.0</ele></trkpt>
<trkpt lon="4.715231" lat="48.243720"><ele>193.5</ele></trkpt>
<trkpt lon="4.715081" lat="48.243572"><ele>192.75</ele></trkpt>
<trkpt lon="4.714959" lat="48.243428"><ele>192.0</ele></trkpt>
<trkpt lon="4.714881" lat="48.243322"><ele>191.5</ele></trkpt>
<trkpt lon="4.714776" lat="48.243150"><ele>190.5</ele></trkpt>
<trkpt lon="4.714682" lat="48.242951"><ele>189.75</ele></trkpt>
<trkpt lon="4.714597" lat="48.242828"><ele>189.25</ele></trkpt>
<trkpt lon="4.714463" lat="48.242657"><ele>188.0</ele></trkpt>
<trkpt lon="4.713694" lat="48.241873"><ele>179.25</ele></trkpt>
<trkpt lon="4.713349" lat="48.241496"><ele>174.75</ele></trkpt>
<trkpt lon="4.712457" lat="48.240578"><ele>169.25</ele></trkpt>
<trkpt lon="4.711424" lat="48.239551"><ele>165.75</ele></trkpt>
<trkpt lon="4.710906" lat="48.239408"><ele>164.75</ele></trkpt>
<trkpt lon="4.710836" lat="48.239398"><ele>164.75</ele></trkpt>
<trkpt lon="4.710680" lat="48.239257"><ele>164.5</ele></trkpt>
<trkpt lon="4.709764" lat="48.238574"><ele>164.75</ele></trkpt>
<trkpt lon="4.709581" lat="48.238438"><ele>165.0</ele></trkpt>
<trkpt lon="4.709443" lat="48.238349"><ele>164.75</ele></trkpt>
<trkpt lon="4.709329" lat="48.238289"><ele>164.75</ele></trkpt>
<trkpt lon="4.709255" lat="48.238260"><ele>164.5</ele></trkpt>
<trkpt lon="4.709110" lat="48.238219"><ele>164.5</ele></trkpt>
<trkpt lon="4.708802" lat="48.238148"><ele>164.75</ele></trkpt>
<trkpt lon="4.708395" lat="48.238038"><ele>164.75</ele></trkpt>
<trkpt lon="4.708282" lat="48.238001"><ele>164.75</ele></trkpt>
<trkpt lon="4.708230" lat="48.237982"><ele>164.75</ele></trkpt>
<trkpt lon="4.707691" lat="48.237792"><ele>165.0</ele></trkpt>
<trkpt lon="4.707656" lat="48.237816"><ele>165.0</ele></trkpt>
<trkpt lon="4.707463" lat="48.237928"><ele>165.0</ele></trkpt>
<trkpt lon="4.707005" lat="48.238144"><ele>165.0</ele></trkpt>
<trkpt lon="4.706954" lat="48.238285"><ele>164.75</ele></trkpt>
<trkpt lon="4.706932" lat="48.238306"><ele>164.75</ele></trkpt>
<trkpt lon="4.706584" lat="48.238459"><ele>165.0</ele></trkpt>
<trkpt lon="4.706509" lat="48.238376"><ele>165.0</ele></trkpt>
<trkpt lon="4.706492" lat="48.238336"><ele>165.0</ele></trkpt>
<trkpt lon="4.706445" lat="48.238331"><ele>164.75</ele></trkpt>
<trkpt lon="4.706400" lat="48.238348"><ele>165.0</ele></trkpt>
<trkpt lon="4.706125" lat="48.238006"><ele>164.0</ele></trkpt>
<trkpt lon="4.705599" lat="48.237342"><ele>164.0</ele></trkpt>
<trkpt lon="4.705389" lat="48.237180"><ele>164.0</ele></trkpt>
<trkpt lon="4.705360" lat="48.237195"><ele>164.0</ele></trkpt>
<trkpt lon="4.704364" lat="48.237703"><ele>164.0</ele></trkpt>
<trkpt lon="4.704312" lat="48.237782"><ele>163.75</ele></trkpt>
<trkpt lon="4.704291" lat="48.237882"><ele>163.75</ele></trkpt>
<trkpt lon="4.703998" lat="48.238039"><ele>164.0</ele></trkpt>
<trkpt lon="4.703438" lat="48.238339"><ele>163.25</ele></trkpt>
<trkpt lon="4.702853" lat="48.237902"><ele>164.0</ele></trkpt>
<trkpt lon="4.702337" lat="48.237516"><ele>164.0</ele></trkpt>
<trkpt lon="4.702090" lat="48.237324"><ele>163.5</ele></trkpt>
<trkpt lon="4.702055" lat="48.237318"><ele>163.25</ele></trkpt>
<trkpt lon="4.702045" lat="48.237302"><ele>163.25</ele></trkpt>
<trkpt lon="4.701754" lat="48.237100"><ele>163.75</ele></trkpt>
<trkpt lon="4.701726" lat="48.237081"><ele>163.75</ele></trkpt>
<trkpt lon="4.702124" lat="48.236741"><ele>164.0</ele></trkpt>
<trkpt lon="4.702138" lat="48.236717"><ele>164.0</ele></trkpt>
<trkpt lon="4.702178" lat="48.236645"><ele>164.0</ele></trkpt>
<trkpt lon="4.702437" lat="48.236423"><ele>164.75</ele></trkpt>
<trkpt lon="4.702713" lat="48.236229"><ele>165.0</ele></trkpt>
<trkpt lon="4.702917" lat="48.236061"><ele>164.5</ele></trkpt>
<trkpt lon="4.702872" lat="48.236037"><ele>164.75</ele></trkpt>
<trkpt lon="4.702819" lat="48.236002"><ele>164.75</ele></trkpt>
<trkpt lon="4.703184" lat="48.235730"><ele>165.0</ele></trkpt>
<trkpt lon="4.703283" lat="48.235593"><ele>165.5</ele></trkpt>
<trkpt lon="4.703412" lat="48.235457"><ele>165.5</ele></trkpt>
<trkpt lon="4.703884" lat="48.235151"><ele>166.0</ele></trkpt>
<trkpt lon="4.703862" lat="48.235137"><ele>166.0</ele></trkpt>
<trkpt lon="4.703783" lat="48.235015"><ele>166.0</ele></trkpt>
<trkpt lon="4.703753" lat="48.234802"><ele>166.25</ele></trkpt>
<trkpt lon="4.703765" lat="48.234710"><ele>166.5</ele></trkpt>
<trkpt lon="4.703804" lat="48.234624"><ele>166.5</ele></trkpt>
<trkpt lon="4.703873" lat="48.234518"><ele>166.75</ele></trkpt>
<trkpt lon="4.704084" lat="48.234295"><ele>166.75</ele></trkpt>
<trkpt lon="4.704117" lat="48.234289"><ele>166.75</ele></trkpt>
<trkpt lon="4.704185" lat="48.234272"><ele>167.0</ele></trkpt>
<trkpt lon="4.703409" lat="48.232959"><ele>166.0</ele></trkpt>
<trkpt lon="4.703365" lat="48.232921"><ele>166.0</ele></trkpt>
<trkpt lon="4.703304" lat="48.232832"><ele>166.0</ele></trkpt>
<trkpt lon="4.702703" lat="48.231823"><ele>166.0</ele></trkpt>
<trkpt lon="4.702671" lat="48.231832"><ele>166.0</ele></trkpt>
<trkpt lon="4.702602" lat="48.231773"><ele>166.0</ele></trkpt>
<trkpt lon="4.702501" lat="48.231705"><ele>166.0</ele></trkpt>
<trkpt lon="4.702287" lat="48.231614"><ele>165.25</ele></trkpt>
<trkpt lon="4.702164" lat="48.231421"><ele>165.75</ele></trkpt>
<trkpt lon="4.701864" lat="48.231426"><ele>165.0</ele></trkpt>
<trkpt lon="4.701421" lat="48.231483"><ele>164.0</ele></trkpt>
<trkpt lon="4.701264" lat="48.231488"><ele>163.75</ele></trkpt>
<trkpt lon="4.700935" lat="48.231513"><ele>163.75</ele></trkpt>
<trkpt lon="4.700794" lat="48.231525"><ele>164.0</ele></trkpt>
<trkpt lon="4.700350" lat="48.231581"><ele>164.0</ele></trkpt>
<trkpt lon="4.700088" lat="48.231684"><ele>164.0</ele></trkpt>
<trkpt lon="4.699713" lat="48.231756"><ele>164.0</ele></trkpt>
<trkpt lon="4.699599" lat="48.231771"><ele>164.25</ele></trkpt>
<trkpt lon="4.699521" lat="48.231754"><ele>164.25</ele></trkpt>
<trkpt lon="4.699444" lat="48.231699"><ele>164.75</ele></trkpt>
<trkpt lon="4.699305" lat="48.231463"><ele>163.25</ele></trkpt>
<trkpt lon="4.699152" lat="48.231181"><ele>164.5</ele></trkpt>
<trkpt lon="4.699029" lat="48.230733"><ele>166.0</ele></trkpt>
<trkpt lon="4.698830" lat="48.230760"><ele>166.25</ele></trkpt>
<trkpt lon="4.698858" lat="48.230440"><ele>168.25</ele></trkpt>
<trkpt lon="4.698928" lat="48.230228"><ele>170.75</ele></trkpt>
<trkpt lon="4.699021" lat="48.230071"><ele>172.25</ele></trkpt>
<trkpt lon="4.699359" lat="48.229784"><ele>177.0</ele></trkpt>
<trkpt lon="4.699376" lat="48.229229"><ele>184.5</ele></trkpt>
<trkpt lon="4.699516" lat="48.229261"><ele>184.25</ele></trkpt>
<trkpt lon="4.699624" lat="48.229175"><ele>184.75</ele></trkpt>
<trkpt lon="4.699704" lat="48.229137"><ele>185.5</ele></trkpt>
<trkpt lon="4.699808" lat="48.229102"><ele>186.25</ele></trkpt>
<trkpt lon="4.700967" lat="48.228878"><ele>189.5</ele></trkpt>
<trkpt lon="4.701482" lat="48.228778"><ele>191.0</ele></trkpt>
<trkpt lon="4.701536" lat="48.228747"><ele>191.25</ele></trkpt>
<trkpt lon="4.701570" lat="48.228712"><ele>191.25</ele></trkpt>
<trkpt lon="4.701651" lat="48.228623"><ele>191.75</ele></trkpt>
<trkpt lon="4.701823" lat="48.228586"><ele>190.5</ele></trkpt>
<trkpt lon="4.702042" lat="48.228547"><ele>189.25</ele></trkpt>
<trkpt lon="4.702005" lat="48.228411"><ele>190.75</ele></trkpt>
<trkpt lon="4.701933" lat="48.228311"><ele>191.75</ele></trkpt>
<trkpt lon="4.701593" lat="48.227995"><ele>198.25</ele></trkpt>
<trkpt lon="4.701424" lat="48.227822"><ele>200.75</ele></trkpt>
<trkpt lon="4.701400" lat="48.227789"><ele>200.75</ele></trkpt>
<trkpt lon="4.701218" lat="48.227352"><ele>205.5</ele></trkpt>
<trkpt lon="4.701133" lat="48.227212"><ele>207.75</ele></trkpt>
<trkpt lon="4.701000" lat="48.227060"><ele>210.25</ele></trkpt>
<trkpt lon="4.700700" lat="48.226774"><ele>214.0</ele></trkpt>
<trkpt lon="4.700206" lat="48.226303"><ele>222.0</ele></trkpt>
<trkpt lon="4.700002" lat="48.226017"><ele>225.25</ele></trkpt>
<trkpt lon="4.699541" lat="48.225616"><ele>229.75</ele></trkpt>
<trkpt lon="4.699499" lat="48.225534"><ele>230.25</ele></trkpt>
<trkpt lon="4.699069" lat="48.224687"><ele>240.25</ele></trkpt>
<trkpt lon="4.698996" lat="48.224520"><ele>242.0</ele></trkpt>
<trkpt lon="4.698812" lat="48.224358"><ele>244.5</ele></trkpt>
<trkpt lon="4.698520" lat="48.224064"><ele>251.5</ele></trkpt>
<trkpt lon="4.697979" lat="48.223737"><ele>258.0</ele></trkpt>
<trkpt lon="4.697447" lat="48.223344"><ele>266.5</ele></trkpt>
<trkpt lon="4.696932" lat="48.223011"><ele>272.0</ele></trkpt>
<trkpt lon="4.696871" lat="48.222954"><ele>272.5</ele></trkpt>
<trkpt lon="4.696541" lat="48.222640"><ele>273.5</ele></trkpt>
<trkpt lon="4.696283" lat="48.222236"><ele>275.25</ele></trkpt>
<trkpt lon="4.696100" lat="48.221721"><ele>276.75</ele></trkpt>
<trkpt lon="4.695984" lat="48.221173"><ele>280.25</ele></trkpt>
<trkpt lon="4.695918" lat="48.221001"><ele>279.0</ele></trkpt>
<trkpt lon="4.695893" lat="48.220569"><ele>280.5</ele></trkpt>
<trkpt lon="4.695884" lat="48.220076"><ele>284.25</ele></trkpt>
<trkpt lon="4.695818" lat="48.219539"><ele>287.25</ele></trkpt>
<trkpt lon="4.695793" lat="48.219212"><ele>290.0</ele></trkpt>
<trkpt lon="4.695793" lat="48.218924"><ele>294.0</ele></trkpt>
<trkpt lon="4.695635" lat="48.218531"><ele>295.5</ele></trkpt>
<trkpt lon="4.695560" lat="48.218115"><ele>301.75</ele></trkpt>
<trkpt lon="4.695494" lat="48.217805"><ele>306.75</ele></trkpt>
<trkpt lon="4.695369" lat="48.217439"><ele>310.75</ele></trkpt>
<trkpt lon="4.695500" lat="48.217187"><ele>316.0</ele></trkpt>
<trkpt lon="4.695591" lat="48.217172"><ele>317.5</ele></trkpt>
<trkpt lon="4.695595" lat="48.217156"><ele>317.5</ele></trkpt>
<trkpt lon="4.695563" lat="48.216969"><ele>317.75</ele></trkpt>
<trkpt lon="4.695582" lat="48.216863"><ele>318.5</ele></trkpt>
<trkpt lon="4.695748" lat="48.216553"><ele>320.75</ele></trkpt>
<trkpt lon="4.695837" lat="48.216345"><ele>321.75</ele></trkpt>
<trkpt lon="4.695760" lat="48.216184"><ele>320.0</ele></trkpt>
<trkpt lon="4.695735" lat="48.216031"><ele>318.25</ele></trkpt>
<trkpt lon="4.695856" lat="48.215840"><ele>319.25</ele></trkpt>
<trkpt lon="4.695920" lat="48.215708"><ele>319.0</ele></trkpt>
<trkpt lon="4.695901" lat="48.215593"><ele>317.5</ele></trkpt>
<trkpt lon="4.696015" lat="48.215441"><ele>317.5</ele></trkpt>
<trkpt lon="4.696079" lat="48.215301"><ele>317.25</ele></trkpt>
<trkpt lon="4.696168" lat="48.215182"><ele>317.75</ele></trkpt>
<trkpt lon="4.696206" lat="48.214936"><ele>315.0</ele></trkpt>
<trkpt lon="4.696366" lat="48.214711"><ele>315.0</ele></trkpt>
<trkpt lon="4.696563" lat="48.214562"><ele>316.0</ele></trkpt>
<trkpt lon="4.696710" lat="48.214464"><ele>317.0</ele></trkpt>
<trkpt lon="4.697047" lat="48.214146"><ele>316.25</ele></trkpt>
<trkpt lon="4.697366" lat="48.213870"><ele>317.5</ele></trkpt>
<trkpt lon="4.697793" lat="48.213611"><ele>322.0</ele></trkpt>
<trkpt lon="4.697945" lat="48.213611"><ele>323.75</ele></trkpt>
<trkpt lon="4.698079" lat="48.213484"><ele>325.0</ele></trkpt>
<trkpt lon="4.698162" lat="48.213301"><ele>325.25</ele></trkpt>
<trkpt lon="4.698219" lat="48.213144"><ele>325.75</ele></trkpt>
<trkpt lon="4.698245" lat="48.213008"><ele>326.0</ele></trkpt>
<trkpt lon="4.698321" lat="48.212923"><ele>326.25</ele></trkpt>
<trkpt lon="4.698416" lat="48.212917"><ele>327.0</ele></trkpt>
<trkpt lon="4.698350" lat="48.212742"><ele>327.25</ele></trkpt>
<trkpt lon="4.698368" lat="48.212563"><ele>329.25</ele></trkpt>
<trkpt lon="4.698405" lat="48.212395"><ele>331.25</ele></trkpt>
<trkpt lon="4.698539" lat="48.212192"><ele>333.0</ele></trkpt>
<trkpt lon="4.698695" lat="48.211859"><ele>335.5</ele></trkpt>
<trkpt lon="4.698727" lat="48.211652"><ele>337.0</ele></trkpt>
<trkpt lon="4.698732" lat="48.211362"><ele>338.0</ele></trkpt>
<trkpt lon="4.698706" lat="48.211108"><ele>339.0</ele></trkpt>
<trkpt lon="4.698614" lat="48.210429"><ele>341.0</ele></trkpt>
<trkpt lon="4.698518" lat="48.210136"><ele>341.25</ele></trkpt>
<trkpt lon="4.698491" lat="48.209753"><ele>341.0</ele></trkpt>
<trkpt lon="4.698529" lat="48.209464"><ele>340.0</ele></trkpt>
<trkpt lon="4.698641" lat="48.209128"><ele>339.75</ele></trkpt>
<trkpt lon="4.698845" lat="48.208459"><ele>338.25</ele></trkpt>
<trkpt lon="4.699236" lat="48.207270"><ele>333.5</ele></trkpt>
<trkpt lon="4.699209" lat="48.207058"><ele>332.5</ele></trkpt>
<trkpt lon="4.699053" lat="48.206888"><ele>331.5</ele></trkpt>
<trkpt lon="4.698712" lat="48.206816"><ele>330.0</ele></trkpt>
<trkpt lon="4.698426" lat="48.206723"><ele>329.5</ele></trkpt>
<trkpt lon="4.698107" lat="48.206499"><ele>327.25</ele></trkpt>
<trkpt lon="4.697576" lat="48.206143"><ele>323.25</ele></trkpt>
<trkpt lon="4.697251" lat="48.205859"><ele>321.0</ele></trkpt>
<trkpt lon="4.697092" lat="48.205536"><ele>317.5</ele></trkpt>
<trkpt lon="4.696875" lat="48.205180"><ele>313.75</ele></trkpt>
<trkpt lon="4.696662" lat="48.204946"><ele>311.0</ele></trkpt>
<trkpt lon="4.696608" lat="48.204887"><ele>310.5</ele></trkpt>
<trkpt lon="4.696251" lat="48.204602"><ele>306.5</ele></trkpt>
<trkpt lon="4.695748" lat="48.204314"><ele>302.25</ele></trkpt>
<trkpt lon="4.695168" lat="48.204114"><ele>297.25</ele></trkpt>
<trkpt lon="4.694741" lat="48.203999"><ele>294.75</ele></trkpt>
<trkpt lon="4.694142" lat="48.203872"><ele>289.5</ele></trkpt>
<trkpt lon="4.693664" lat="48.203694"><ele>287.5</ele></trkpt>
<trkpt lon="4.693357" lat="48.203424"><ele>285.75</ele></trkpt>
<trkpt lon="4.692924" lat="48.203258"><ele>285.25</ele></trkpt>
<trkpt lon="4.692492" lat="48.203229"><ele>285.5</ele></trkpt>
<trkpt lon="4.692222" lat="48.203092"><ele>283.25</ele></trkpt>
<trkpt lon="4.691600" lat="48.202991"><ele>280.0</ele></trkpt>
<trkpt lon="4.686607" lat="48.202916"><ele>270.0</ele></trkpt>
<trkpt lon="4.686445" lat="48.202898"><ele>271.25</ele></trkpt>
<trkpt lon="4.686315" lat="48.202851"><ele>273.0</ele></trkpt>
<trkpt lon="4.686202" lat="48.202790"><ele>275.25</ele></trkpt>
<trkpt lon="4.685650" lat="48.202606"><ele>278.0</ele></trkpt>
<trkpt lon="4.685559" lat="48.202516"><ele>279.5</ele></trkpt>
<trkpt lon="4.685380" lat="48.202177"><ele>285.0</ele></trkpt>
<trkpt lon="4.685142" lat="48.201889"><ele>288.0</ele></trkpt>
<trkpt lon="4.685034" lat="48.201813"><ele>287.5</ele></trkpt>
<trkpt lon="4.684526" lat="48.201615"><ele>279.0</ele></trkpt>
<trkpt lon="4.684445" lat="48.201536"><ele>277.25</ele></trkpt>
<trkpt lon="4.684391" lat="48.201219"><ele>276.5</ele></trkpt>
<trkpt lon="4.684402" lat="48.201111"><ele>276.75</ele></trkpt>
<trkpt lon="4.684499" lat="48.200913"><ele>278.5</ele></trkpt>
<trkpt lon="4.684624" lat="48.200167"><ele>275.25</ele></trkpt>
<trkpt lon="4.684705" lat="48.199861"><ele>274.0</ele></trkpt>
<trkpt lon="4.684807" lat="48.199569"><ele>272.75</ele></trkpt>
<trkpt lon="4.685067" lat="48.199299"><ele>274.5</ele></trkpt>
<trkpt lon="4.685110" lat="48.199206"><ele>273.75</ele></trkpt>
<trkpt lon="4.685018" lat="48.199126"><ele>269.75</ele></trkpt>
<trkpt lon="4.684498" lat="48.198974"><ele>259.25</ele></trkpt>
<trkpt lon="4.684134" lat="48.199385"><ele>257.5</ele></trkpt>
<trkpt lon="4.683883" lat="48.199296"><ele>256.0</ele></trkpt>
<trkpt lon="4.683602" lat="48.199361"><ele>256.25</ele></trkpt>
<trkpt lon="4.683029" lat="48.199674"><ele>256.5</ele></trkpt>
<trkpt lon="4.682370" lat="48.200196"><ele>257.5</ele></trkpt>
<trkpt lon="4.682127" lat="48.200319"><ele>258.25</ele></trkpt>
<trkpt lon="4.680571" lat="48.200852"><ele>256.5</ele></trkpt>
<trkpt lon="4.680138" lat="48.200866"><ele>257.5</ele></trkpt>
<trkpt lon="4.679841" lat="48.200812"><ele>258.25</ele></trkpt>
<trkpt lon="4.677831" lat="48.199686"><ele>266.75</ele></trkpt>
<trkpt lon="4.677693" lat="48.199533"><ele>268.5</ele></trkpt>
<trkpt lon="4.677242" lat="48.199218"><ele>271.5</ele></trkpt>
<trkpt lon="4.676796" lat="48.198593"><ele>277.0</ele></trkpt>
<trkpt lon="4.676636" lat="48.198426"><ele>277.25</ele></trkpt>
<trkpt lon="4.676339" lat="48.198386"><ele>274.5</ele></trkpt>
<trkpt lon="4.675815" lat="48.197783"><ele>280.0</ele></trkpt>
<trkpt lon="4.675031" lat="48.197160"><ele>287.75</ele></trkpt>
<trkpt lon="4.672173" lat="48.195513"><ele>316.25</ele></trkpt>
<trkpt lon="4.671605" lat="48.194912"><ele>321.0</ele></trkpt>
<trkpt lon="4.670870" lat="48.193637"><ele>330.75</ele></trkpt>
<trkpt lon="4.670875" lat="48.193278"><ele>331.75</ele></trkpt>
<trkpt lon="4.670795" lat="48.193132"><ele>331.25</ele></trkpt>
<trkpt lon="4.670661" lat="48.193195"><ele>331.5</ele></trkpt>
<trkpt lon="4.670599" lat="48.193212"><ele>331.5</ele></trkpt>
<trkpt lon="4.670603" lat="48.193105"><ele>331.0</ele></trkpt>
<trkpt lon="4.670582" lat="48.193020"><ele>330.75</ele></trkpt>
<trkpt lon="4.670197" lat="48.192831"><ele>330.0</ele></trkpt>
<trkpt lon="4.669947" lat="48.192596"><ele>329.25</ele></trkpt>
<trkpt lon="4.669754" lat="48.192305"><ele>327.5</ele></trkpt>
<trkpt lon="4.669635" lat="48.192077"><ele>325.75</ele></trkpt>
<trkpt lon="4.669288" lat="48.191674"><ele>323.5</ele></trkpt>
<trkpt lon="4.669157" lat="48.191305"><ele>319.5</ele></trkpt>
<trkpt lon="4.669092" lat="48.190873"><ele>310.0</ele></trkpt>
<trkpt lon="4.668943" lat="48.190436"><ele>293.5</ele></trkpt>
<trkpt lon="4.668897" lat="48.190315"><ele>290.0</ele></trkpt>
<trkpt lon="4.668835" lat="48.189957"><ele>284.75</ele></trkpt>
<trkpt lon="4.668843" lat="48.189659"><ele>280.0</ele></trkpt>
<trkpt lon="4.668927" lat="48.189394"><ele>274.5</ele></trkpt>
<trkpt lon="4.669238" lat="48.188815"><ele>266.0</ele></trkpt>
<trkpt lon="4.669825" lat="48.188198"><ele>256.75</ele></trkpt>
<trkpt lon="4.669911" lat="48.188024"><ele>255.0</ele></trkpt>
<trkpt lon="4.669918" lat="48.187866"><ele>254.0</ele></trkpt>
<trkpt lon="4.669835" lat="48.187707"><ele>253.25</ele></trkpt>
<trkpt lon="4.669484" lat="48.187237"><ele>251.0</ele></trkpt>
<trkpt lon="4.669298" lat="48.187295"><ele>253.0</ele></trkpt>
<trkpt lon="4.669230" lat="48.187303"><ele>253.75</ele></trkpt>
<trkpt lon="4.669169" lat="48.187287"><ele>254.0</ele></trkpt>
<trkpt lon="4.668720" lat="48.186972"><ele>252.75</ele></trkpt>
<trkpt lon="4.668412" lat="48.186835"><ele>252.5</ele></trkpt>
<trkpt lon="4.667965" lat="48.186684"><ele>252.5</ele></trkpt>
<trkpt lon="4.667201" lat="48.186406"><ele>250.25</ele></trkpt>
<trkpt lon="4.667374" lat="48.186245"><ele>247.0</ele></trkpt>
<trkpt lon="4.667458" lat="48.185977"><ele>243.5</ele></trkpt>
<trkpt lon="4.667453" lat="48.185917"><ele>243.0</ele></trkpt>
<trkpt lon="4.667461" lat="48.185864"><ele>242.25</ele></trkpt>
<trkpt lon="4.667615" lat="48.185535"><ele>241.25</ele></trkpt>
<trkpt lon="4.667648" lat="48.185460"><ele>241.75</ele></trkpt>
<trkpt lon="4.667755" lat="48.184632"><ele>245.5</ele></trkpt>
<trkpt lon="4.667682" lat="48.184297"><ele>243.5</ele></trkpt>
<trkpt lon="4.667645" lat="48.184127"><ele>242.25</ele></trkpt>
<trkpt lon="4.667556" lat="48.184060"><ele>241.25</ele></trkpt>
<trkpt lon="4.667398" lat="48.183897"><ele>239.25</ele></trkpt>
<trkpt lon="4.667339" lat="48.183825"><ele>239.0</ele></trkpt>
<trkpt lon="4.666594" lat="48.183614"><ele>238.5</ele></trkpt>
<trkpt lon="4.666451" lat="48.183587"><ele>239.5</ele></trkpt>
<trkpt lon="4.666381" lat="48.183604"><ele>240.0</ele></trkpt>
<trkpt lon="4.666164" lat="48.183719"><ele>240.75</ele></trkpt>
<trkpt lon="4.665998" lat="48.183756"><ele>241.5</ele></trkpt>
<trkpt lon="4.665853" lat="48.183771"><ele>242.0</ele></trkpt>
<trkpt lon="4.665681" lat="48.183755"><ele>243.25</ele></trkpt>
<trkpt lon="4.665414" lat="48.183688"><ele>244.5</ele></trkpt>
<trkpt lon="4.665337" lat="48.183648"><ele>244.75</ele></trkpt>
<trkpt lon="4.665370" lat="48.183613"><ele>244.75</ele></trkpt>
<trkpt lon="4.665381" lat="48.183574"><ele>245.25</ele></trkpt>
<trkpt lon="4.665339" lat="48.183303"><ele>248.25</ele></trkpt>
<trkpt lon="4.664960" lat="48.182671"><ele>253.5</ele></trkpt>
<trkpt lon="4.663413" lat="48.180690"><ele>273.75</ele></trkpt>
<trkpt lon="4.663329" lat="48.180621"><ele>275.5</ele></trkpt>
<trkpt lon="4.663320" lat="48.180195"><ele>284.25</ele></trkpt>
<trkpt lon="4.663142" lat="48.179816"><ele>290.0</ele></trkpt>
<trkpt lon="4.662671" lat="48.179306"><ele>300.75</ele></trkpt>
<trkpt lon="4.662387" lat="48.178708"><ele>310.5</ele></trkpt>
<trkpt lon="4.660530" lat="48.177351"><ele>327.0</ele></trkpt>
<trkpt lon="4.658229" lat="48.175348"><ele>325.75</ele></trkpt>
<trkpt lon="4.657460" lat="48.175022"><ele>323.0</ele></trkpt>
<trkpt lon="4.656878" lat="48.174704"><ele>320.5</ele></trkpt>
<trkpt lon="4.656430" lat="48.174506"><ele>317.5</ele></trkpt>
<trkpt lon="4.656185" lat="48.174317"><ele>313.0</ele></trkpt>
<trkpt lon="4.655839" lat="48.174086"><ele>307.75</ele></trkpt>
<trkpt lon="4.655425" lat="48.173906"><ele>301.25</ele></trkpt>
<trkpt lon="4.655124" lat="48.173771"><ele>297.0</ele></trkpt>
<trkpt lon="4.654479" lat="48.173102"><ele>280.0</ele></trkpt>
<trkpt lon="4.654239" lat="48.172832"><ele>275.25</ele></trkpt>
<trkpt lon="4.653493" lat="48.171988"><ele>264.5</ele></trkpt>
<trkpt lon="4.653137" lat="48.171384"><ele>252.0</ele></trkpt>
<trkpt lon="4.653062" lat="48.171239"><ele>249.75</ele></trkpt>
<trkpt lon="4.652986" lat="48.171094"><ele>247.25</ele></trkpt>
<trkpt lon="4.652598" lat="48.170687"><ele>239.75</ele></trkpt>
<trkpt lon="4.652441" lat="48.170522"><ele>237.25</ele></trkpt>
<trkpt lon="4.652401" lat="48.170439"><ele>235.75</ele></trkpt>
<trkpt lon="4.652391" lat="48.170341"><ele>234.0</ele></trkpt>
<trkpt lon="4.652461" lat="48.170099"><ele>230.5</ele></trkpt>
<trkpt lon="4.652076" lat="48.170103"><ele>229.5</ele></trkpt>
<trkpt lon="4.651306" lat="48.170144"><ele>227.5</ele></trkpt>
<trkpt lon="4.650566" lat="48.170205"><ele>225.75</ele></trkpt>
<trkpt lon="4.650433" lat="48.170155"><ele>225.5</ele></trkpt>
<trkpt lon="4.649908" lat="48.170047"><ele>224.0</ele></trkpt>
<trkpt lon="4.649725" lat="48.169912"><ele>224.0</ele></trkpt>
<trkpt lon="4.649258" lat="48.169372"><ele>225.0</ele></trkpt>
<trkpt lon="4.648809" lat="48.168981"><ele>225.5</ele></trkpt>
<trkpt lon="4.648705" lat="48.168937"><ele>225.5</ele></trkpt>
<trkpt lon="4.647900" lat="48.168597"><ele>227.5</ele></trkpt>
<trkpt lon="4.646792" lat="48.167939"><ele>230.25</ele></trkpt>
<trkpt lon="4.646337" lat="48.167774"><ele>230.0</ele></trkpt>
<trkpt lon="4.645521" lat="48.167738"><ele>231.75</ele></trkpt>
<trkpt lon="4.644738" lat="48.167789"><ele>234.75</ele></trkpt>
<trkpt lon="4.643890" lat="48.167925"><ele>238.5</ele></trkpt>
<trkpt lon="4.643021" lat="48.168154"><ele>238.0</ele></trkpt>
<trkpt lon="4.642464" lat="48.168175"><ele>236.5</ele></trkpt>
<trkpt lon="4.642045" lat="48.168103"><ele>235.75</ele></trkpt>
<trkpt lon="4.640543" lat="48.167510"><ele>236.75</ele></trkpt>
<trkpt lon="4.640071" lat="48.167381"><ele>237.25</ele></trkpt>
<trkpt lon="4.638762" lat="48.167231"><ele>241.75</ele></trkpt>
<trkpt lon="4.638247" lat="48.167252"><ele>245.5</ele></trkpt>
<trkpt lon="4.636380" lat="48.167603"><ele>252.5</ele></trkpt>
<trkpt lon="4.636112" lat="48.167688"><ele>252.25</ele></trkpt>
<trkpt lon="4.635619" lat="48.167738"><ele>253.0</ele></trkpt>
<trkpt lon="4.633827" lat="48.167796"><ele>249.75</ele></trkpt>
<trkpt lon="4.633205" lat="48.167703"><ele>245.5</ele></trkpt>
<trkpt lon="4.632872" lat="48.167731"><ele>242.75</ele></trkpt>
<trkpt lon="4.632518" lat="48.167688"><ele>239.5</ele></trkpt>
<trkpt lon="4.632024" lat="48.167617"><ele>234.25</ele></trkpt>
<trkpt lon="4.631735" lat="48.167653"><ele>232.0</ele></trkpt>
<trkpt lon="4.631037" lat="48.167903"><ele>228.5</ele></trkpt>
<trkpt lon="4.630533" lat="48.168010"><ele>227.0</ele></trkpt>
<trkpt lon="4.630018" lat="48.168061"><ele>226.75</ele></trkpt>
<trkpt lon="4.628291" lat="48.168411"><ele>228.25</ele></trkpt>
<trkpt lon="4.627443" lat="48.168547"><ele>225.25</ele></trkpt>
<trkpt lon="4.626671" lat="48.168554"><ele>222.25</ele></trkpt>
<trkpt lon="4.625190" lat="48.168418"><ele>216.5</ele></trkpt>
<trkpt lon="4.624866" lat="48.168384"><ele>215.5</ele></trkpt>
<trkpt lon="4.624662" lat="48.168393"><ele>215.5</ele></trkpt>
<trkpt lon="4.624503" lat="48.168425"><ele>215.5</ele></trkpt>
<trkpt lon="4.624246" lat="48.168676"><ele>215.0</ele></trkpt>
<trkpt lon="4.622058" lat="48.169771"><ele>215.75</ele></trkpt>
<trkpt lon="4.621886" lat="48.169728"><ele>216.0</ele></trkpt>
<trkpt lon="4.621768" lat="48.169649"><ele>216.25</ele></trkpt>
<trkpt lon="4.621532" lat="48.169148"><ele>216.0</ele></trkpt>
<trkpt lon="4.621242" lat="48.168876"><ele>216.0</ele></trkpt>
<trkpt lon="4.621039" lat="48.168790"><ele>216.0</ele></trkpt>
<trkpt lon="4.620856" lat="48.168740"><ele>216.25</ele></trkpt>
<trkpt lon="4.620685" lat="48.168805"><ele>216.5</ele></trkpt>
<trkpt lon="4.620202" lat="48.169170"><ele>218.25</ele></trkpt>
<trkpt lon="4.619290" lat="48.169678"><ele>221.75</ele></trkpt>
<trkpt lon="4.618378" lat="48.169919"><ele>220.5</ele></trkpt>
<trkpt lon="4.617826" lat="48.170043"><ele>219.75</ele></trkpt>
<trkpt lon="4.617869" lat="48.169969"><ele>220.0</ele></trkpt>
<trkpt lon="4.617329" lat="48.169537"><ele>224.5</ele></trkpt>
<trkpt lon="4.616499" lat="48.169752"><ele>223.25</ele></trkpt>
<trkpt lon="4.615830" lat="48.169926"><ele>224.5</ele></trkpt>
<trkpt lon="4.615706" lat="48.169939"><ele>225.0</ele></trkpt>
<trkpt lon="4.615451" lat="48.169924"><ele>226.0</ele></trkpt>
<trkpt lon="4.614684" lat="48.169928"><ele>230.75</ele></trkpt>
<trkpt lon="4.614100" lat="48.169948"><ele>234.0</ele></trkpt>
<trkpt lon="4.614014" lat="48.169935"><ele>234.5</ele></trkpt>
<trkpt lon="4.613775" lat="48.169873"><ele>235.5</ele></trkpt>
<trkpt lon="4.613617" lat="48.169865"><ele>236.25</ele></trkpt>
<trkpt lon="4.613467" lat="48.169876"><ele>237.25</ele></trkpt>
<trkpt lon="4.612391" lat="48.170109"><ele>238.0</ele></trkpt>
<trkpt lon="4.612083" lat="48.169697"><ele>241.75</ele></trkpt>
<trkpt lon="4.611873" lat="48.169454"><ele>244.75</ele></trkpt>
<trkpt lon="4.611615" lat="48.169266"><ele>247.5</ele></trkpt>
<trkpt lon="4.611545" lat="48.169209"><ele>248.0</ele></trkpt>
<trkpt lon="4.611439" lat="48.169138"><ele>248.5</ele></trkpt>
<trkpt lon="4.611257" lat="48.169042"><ele>251.0</ele></trkpt>
<trkpt lon="4.611041" lat="48.168961"><ele>253.25</ele></trkpt>
<trkpt lon="4.610785" lat="48.168883"><ele>255.0</ele></trkpt>
<trkpt lon="4.610663" lat="48.168830"><ele>256.25</ele></trkpt>
<trkpt lon="4.610447" lat="48.168690"><ele>259.5</ele></trkpt>
<trkpt lon="4.610198" lat="48.168507"><ele>262.75</ele></trkpt>
<trkpt lon="4.609963" lat="48.168315"><ele>266.0</ele></trkpt>
<trkpt lon="4.609908" lat="48.168257"><ele>267.0</ele></trkpt>
<trkpt lon="4.609866" lat="48.168192"><ele>268.25</ele></trkpt>
<trkpt lon="4.609840" lat="48.168141"><ele>269.25</ele></trkpt>
<trkpt lon="4.609826" lat="48.168090"><ele>270.25</ele></trkpt>
<trkpt lon="4.609819" lat="48.167970"><ele>272.25</ele></trkpt>
<trkpt lon="4.609870" lat="48.167707"><ele>276.0</ele></trkpt>
<trkpt lon="4.609873" lat="48.167594"><ele>277.25</ele></trkpt>
<trkpt lon="4.609845" lat="48.167487"><ele>278.5</ele></trkpt>
<trkpt lon="4.609760" lat="48.167378"><ele>280.0</ele></trkpt>
<trkpt lon="4.609625" lat="48.167273"><ele>281.75</ele></trkpt>
<trkpt lon="4.608989" lat="48.166892"><ele>287.75</ele></trkpt>
<trkpt lon="4.608695" lat="48.166677"><ele>290.5</ele></trkpt>
<trkpt lon="4.608510" lat="48.166532"><ele>292.25</ele></trkpt>
<trkpt lon="4.607631" lat="48.165709"><ele>298.5</ele></trkpt>
<trkpt lon="4.607230" lat="48.165352"><ele>300.75</ele></trkpt>
<trkpt lon="4.606716" lat="48.164976"><ele>303.5</ele></trkpt>
<trkpt lon="4.606533" lat="48.164861"><ele>303.5</ele></trkpt>
<trkpt lon="4.606177" lat="48.164667"><ele>304.75</ele></trkpt>
<trkpt lon="4.606017" lat="48.164599"><ele>305.25</ele></trkpt>
<trkpt lon="4.605492" lat="48.164432"><ele>306.75</ele></trkpt>
<trkpt lon="4.605149" lat="48.164314"><ele>307.25</ele></trkpt>
<trkpt lon="4.604330" lat="48.163988"><ele>309.75</ele></trkpt>
<trkpt lon="4.604005" lat="48.163842"><ele>310.25</ele></trkpt>
<trkpt lon="4.603728" lat="48.163680"><ele>310.75</ele></trkpt>
<trkpt lon="4.603179" lat="48.163305"><ele>311.25</ele></trkpt>
<trkpt lon="4.602515" lat="48.162877"><ele>311.5</ele></trkpt>
<trkpt lon="4.601960" lat="48.162558"><ele>312.0</ele></trkpt>
<trkpt lon="4.601406" lat="48.162186"><ele>313.5</ele></trkpt>
<trkpt lon="4.601173" lat="48.162042"><ele>314.5</ele></trkpt>
<trkpt lon="4.600603" lat="48.161726"><ele>315.75</ele></trkpt>
<trkpt lon="4.600310" lat="48.161542"><ele>316.0</ele></trkpt>
<trkpt lon="4.600068" lat="48.161358"><ele>316.0</ele></trkpt>
<trkpt lon="4.599955" lat="48.161261"><ele>316.0</ele></trkpt>
<trkpt lon="4.599777" lat="48.161089"><ele>315.75</ele></trkpt>
<trkpt lon="4.599656" lat="48.160940"><ele>315.25</ele></trkpt>
<trkpt lon="4.599589" lat="48.160827"><ele>314.75</ele></trkpt>
<trkpt lon="4.599336" lat="48.160336"><ele>313.0</ele></trkpt>
<trkpt lon="4.599246" lat="48.160227"><ele>313.25</ele></trkpt>
<trkpt lon="4.599154" lat="48.160159"><ele>314.25</ele></trkpt>
<trkpt lon="4.598881" lat="48.160024"><ele>313.0</ele></trkpt>
<trkpt lon="4.598744" lat="48.159957"><ele>311.5</ele></trkpt>
<trkpt lon="4.598674" lat="48.159915"><ele>311.0</ele></trkpt>
<trkpt lon="4.598595" lat="48.159849"><ele>311.0</ele></trkpt>
<trkpt lon="4.598520" lat="48.159728"><ele>311.25</ele></trkpt>
<trkpt lon="4.598487" lat="48.159658"><ele>311.5</ele></trkpt>
<trkpt lon="4.598382" lat="48.159310"><ele>313.25</ele></trkpt>
<trkpt lon="4.598197" lat="48.158936"><ele>314.25</ele></trkpt>
<trkpt lon="4.598052" lat="48.158716"><ele>314.25</ele></trkpt>
<trkpt lon="4.597876" lat="48.158500"><ele>314.0</ele></trkpt>
<trkpt lon="4.597773" lat="48.158399"><ele>314.0</ele></trkpt>
<trkpt lon="4.597623" lat="48.158276"><ele>313.5</ele></trkpt>
<trkpt lon="4.597352" lat="48.158097"><ele>313.5</ele></trkpt>
<trkpt lon="4.597169" lat="48.158001"><ele>313.5</ele></trkpt>
<trkpt lon="4.596965" lat="48.157905"><ele>312.75</ele></trkpt>
<trkpt lon="4.596240" lat="48.157587"><ele>312.0</ele></trkpt>
<trkpt lon="4.595661" lat="48.157341"><ele>312.25</ele></trkpt>
<trkpt lon="4.595422" lat="48.157250"><ele>312.5</ele></trkpt>
<trkpt lon="4.595173" lat="48.157165"><ele>312.5</ele></trkpt>
<trkpt lon="4.594611" lat="48.157001"><ele>313.5</ele></trkpt>
<trkpt lon="4.593599" lat="48.156748"><ele>313.5</ele></trkpt>
<trkpt lon="4.593209" lat="48.156658"><ele>312.25</ele></trkpt>
<trkpt lon="4.592688" lat="48.156566"><ele>310.5</ele></trkpt>
<trkpt lon="4.592540" lat="48.156526"><ele>310.75</ele></trkpt>
<trkpt lon="4.592384" lat="48.156472"><ele>311.25</ele></trkpt>
<trkpt lon="4.592237" lat="48.156406"><ele>311.75</ele></trkpt>
<trkpt lon="4.592044" lat="48.156301"><ele>313.5</ele></trkpt>
<trkpt lon="4.591204" lat="48.155779"><ele>315.75</ele></trkpt>
<trkpt lon="4.590483" lat="48.155313"><ele>316.0</ele></trkpt>
<trkpt lon="4.590123" lat="48.155107"><ele>314.75</ele></trkpt>
<trkpt lon="4.589748" lat="48.154910"><ele>313.5</ele></trkpt>
<trkpt lon="4.589195" lat="48.154640"><ele>310.5</ele></trkpt>
<trkpt lon="4.588877" lat="48.154456"><ele>309.0</ele></trkpt>
<trkpt lon="4.588282" lat="48.154033"><ele>307.75</ele></trkpt>
<trkpt lon="4.588071" lat="48.153874"><ele>307.75</ele></trkpt>
<trkpt lon="4.587919" lat="48.153743"><ele>307.5</ele></trkpt>
<trkpt lon="4.587766" lat="48.153588"><ele>307.75</ele></trkpt>
<trkpt lon="4.587567" lat="48.153336"><ele>307.5</ele></trkpt>
<trkpt lon="4.587308" lat="48.152986"><ele>307.25</ele></trkpt>
<trkpt lon="4.587151" lat="48.152736"><ele>307.25</ele></trkpt>
<trkpt lon="4.586859" lat="48.152214"><ele>307.25</ele></trkpt>
<trkpt lon="4.586611" lat="48.151797"><ele>307.0</ele></trkpt>
<trkpt lon="4.586170" lat="48.151144"><ele>305.0</ele></trkpt>
<trkpt lon="4.586101" lat="48.151076"><ele>304.5</ele></trkpt>
<trkpt lon="4.586022" lat="48.151021"><ele>304.0</ele></trkpt>
<trkpt lon="4.585683" lat="48.150813"><ele>302.75</ele></trkpt>
<trkpt lon="4.585429" lat="48.150646"><ele>302.75</ele></trkpt>
<trkpt lon="4.584853" lat="48.150210"><ele>303.5</ele></trkpt>
<trkpt lon="4.584426" lat="48.149948"><ele>303.75</ele></trkpt>
<trkpt lon="4.583902" lat="48.149654"><ele>304.25</ele></trkpt>
<trkpt lon="4.583638" lat="48.149513"><ele>304.25</ele></trkpt>
<trkpt lon="4.582788" lat="48.149154"><ele>303.75</ele></trkpt>
<trkpt lon="4.582330" lat="48.148982"><ele>302.5</ele></trkpt>
<trkpt lon="4.582015" lat="48.148907"><ele>301.25</ele></trkpt>
<trkpt lon="4.581869" lat="48.148882"><ele>300.75</ele></trkpt>
<trkpt lon="4.581502" lat="48.148841"><ele>300.5</ele></trkpt>
<trkpt lon="4.580867" lat="48.148798"><ele>299.25</ele></trkpt>
<trkpt lon="4.580595" lat="48.148792"><ele>299.0</ele></trkpt>
<trkpt lon="4.580266" lat="48.148799"><ele>298.25</ele></trkpt>
<trkpt lon="4.580012" lat="48.148813"><ele>298.0</ele></trkpt>
<trkpt lon="4.579924" lat="48.148818"><ele>297.75</ele></trkpt>
<trkpt lon="4.579734" lat="48.148806"><ele>297.0</ele></trkpt>
<trkpt lon="4.579641" lat="48.148790"><ele>296.75</ele></trkpt>
<trkpt lon="4.579238" lat="48.148677"><ele>294.0</ele></trkpt>
<trkpt lon="4.579099" lat="48.148627"><ele>293.0</ele></trkpt>
<trkpt lon="4.578764" lat="48.148471"><ele>289.75</ele></trkpt>
<trkpt lon="4.578287" lat="48.148237"><ele>285.75</ele></trkpt>
<trkpt lon="4.578063" lat="48.148112"><ele>284.5</ele></trkpt>
<trkpt lon="4.577913" lat="48.148000"><ele>283.0</ele></trkpt>
<trkpt lon="4.577723" lat="48.147843"><ele>280.75</ele></trkpt>
<trkpt lon="4.577636" lat="48.147758"><ele>279.75</ele></trkpt>
<trkpt lon="4.577277" lat="48.147350"><ele>272.5</ele></trkpt>
<trkpt lon="4.577108" lat="48.147199"><ele>270.25</ele></trkpt>
<trkpt lon="4.577006" lat="48.147123"><ele>269.75</ele></trkpt>
<trkpt lon="4.576762" lat="48.146964"><ele>267.25</ele></trkpt>
<trkpt lon="4.576632" lat="48.146889"><ele>266.25</ele></trkpt>
<trkpt lon="4.576342" lat="48.146759"><ele>264.75</ele></trkpt>
<trkpt lon="4.576056" lat="48.146651"><ele>263.5</ele></trkpt>
<trkpt lon="4.575890" lat="48.146598"><ele>262.75</ele></trkpt>
<trkpt lon="4.575690" lat="48.146556"><ele>262.0</ele></trkpt>
<trkpt lon="4.575496" lat="48.146519"><ele>261.25</ele></trkpt>
<trkpt lon="4.575126" lat="48.146464"><ele>259.75</ele></trkpt>
<trkpt lon="4.574415" lat="48.146398"><ele>257.0</ele></trkpt>
<trkpt lon="4.573930" lat="48.146375"><ele>254.75</ele></trkpt>
<trkpt lon="4.573280" lat="48.146332"><ele>253.75</ele></trkpt>
<trkpt lon="4.572834" lat="48.146287"><ele>252.5</ele></trkpt>
<trkpt lon="4.572638" lat="48.146248"><ele>251.25</ele></trkpt>
<trkpt lon="4.572421" lat="48.146192"><ele>250.0</ele></trkpt>
<trkpt lon="4.572292" lat="48.146152"><ele>249.25</ele></trkpt>
<trkpt lon="4.571814" lat="48.145969"><ele>244.5</ele></trkpt>
<trkpt lon="4.571511" lat="48.145876"><ele>242.0</ele></trkpt>
<trkpt lon="4.571377" lat="48.145846"><ele>241.0</ele></trkpt>
<trkpt lon="4.571269" lat="48.145829"><ele>240.5</ele></trkpt>
<trkpt lon="4.571068" lat="48.145817"><ele>239.75</ele></trkpt>
<trkpt lon="4.570875" lat="48.145825"><ele>239.75</ele></trkpt>
<trkpt lon="4.570744" lat="48.145823"><ele>238.75</ele></trkpt>
<trkpt lon="4.570132" lat="48.145774"><ele>234.0</ele></trkpt>
<trkpt lon="4.569919" lat="48.145777"><ele>233.25</ele></trkpt>
<trkpt lon="4.569878" lat="48.145487"><ele>231.75</ele></trkpt>
<trkpt lon="4.569882" lat="48.145150"><ele>230.75</ele></trkpt>
<trkpt lon="4.569883" lat="48.145002"><ele>230.5</ele></trkpt>
<trkpt lon="4.569854" lat="48.144887"><ele>230.25</ele></trkpt>
<trkpt lon="4.569808" lat="48.144766"><ele>230.0</ele></trkpt>
<trkpt lon="4.569709" lat="48.144619"><ele>229.5</ele></trkpt>
<trkpt lon="4.569401" lat="48.144320"><ele>229.0</ele></trkpt>
<trkpt lon="4.569312" lat="48.144205"><ele>229.0</ele></trkpt>
<trkpt lon="4.569253" lat="48.144094"><ele>229.0</ele></trkpt>
<trkpt lon="4.569232" lat="48.143804"><ele>228.5</ele></trkpt>
<trkpt lon="4.569199" lat="48.143663"><ele>228.0</ele></trkpt>
<trkpt lon="4.569135" lat="48.143565"><ele>228.0</ele></trkpt>
<trkpt lon="4.569014" lat="48.143472"><ele>228.0</ele></trkpt>
<trkpt lon="4.568864" lat="48.143389"><ele>228.0</ele></trkpt>
<trkpt lon="4.568230" lat="48.143194"><ele>227.75</ele></trkpt>
<trkpt lon="4.568285" lat="48.143166"><ele>227.75</ele></trkpt>
<trkpt lon="4.568349" lat="48.143112"><ele>228.0</ele></trkpt>
<trkpt lon="4.568478" lat="48.143017"><ele>228.0</ele></trkpt>
<trkpt lon="4.568655" lat="48.142853"><ele>228.0</ele></trkpt>
<trkpt lon="4.568866" lat="48.142550"><ele>228.75</ele></trkpt>
<trkpt lon="4.569049" lat="48.142148"><ele>231.25</ele></trkpt>
<trkpt lon="4.569185" lat="48.141850"><ele>232.5</ele></trkpt>
<trkpt lon="4.569175" lat="48.141301"><ele>237.5</ele></trkpt>
<trkpt lon="4.569172" lat="48.141121"><ele>238.75</ele></trkpt>
<trkpt lon="4.569167" lat="48.140809"><ele>241.0</ele></trkpt>
<trkpt lon="4.569283" lat="48.140084"><ele>244.25</ele></trkpt>
<trkpt lon="4.569291" lat="48.140030"><ele>244.25</ele></trkpt>
<trkpt lon="4.568684" lat="48.140024"><ele>246.5</ele></trkpt>
<trkpt lon="4.567722" lat="48.139976"><ele>247.0</ele></trkpt>
<trkpt lon="4.567550" lat="48.139953"><ele>247.25</ele></trkpt>
<trkpt lon="4.566802" lat="48.139829"><ele>247.25</ele></trkpt>
<trkpt lon="4.566630" lat="48.139804"><ele>246.75</ele></trkpt>
<trkpt lon="4.566480" lat="48.139790"><ele>246.5</ele></trkpt>
<trkpt lon="4.564658" lat="48.139717"><ele>242.75</ele></trkpt>
<trkpt lon="4.564417" lat="48.139697"><ele>242.25</ele></trkpt>
<trkpt lon="4.564178" lat="48.139668"><ele>242.5</ele></trkpt>
<trkpt lon="4.563325" lat="48.139536"><ele>242.25</ele></trkpt>
<trkpt lon="4.562786" lat="48.139464"><ele>242.75</ele></trkpt>
<trkpt lon="4.562349" lat="48.139425"><ele>242.0</ele></trkpt>
<trkpt lon="4.561405" lat="48.139375"><ele>242.25</ele></trkpt>
<trkpt lon="4.560691" lat="48.139341"><ele>241.0</ele></trkpt>
<trkpt lon="4.559460" lat="48.139257"><ele>240.5</ele></trkpt>
<trkpt lon="4.558843" lat="48.139208"><ele>240.5</ele></trkpt>
<trkpt lon="4.557250" lat="48.139018"><ele>233.5</ele></trkpt>
<trkpt lon="4.557076" lat="48.139011"><ele>232.5</ele></trkpt>
<trkpt lon="4.556226" lat="48.139049"><ele>231.25</ele></trkpt>
<trkpt lon="4.555825" lat="48.139108"><ele>232.0</ele></trkpt>
<trkpt lon="4.555777" lat="48.139097"><ele>232.25</ele></trkpt>
<trkpt lon="4.555713" lat="48.139097"><ele>232.5</ele></trkpt>
<trkpt lon="4.555379" lat="48.139192"><ele>233.25</ele></trkpt>
<trkpt lon="4.555166" lat="48.139226"><ele>233.5</ele></trkpt>
<trkpt lon="4.554151" lat="48.139291"><ele>233.0</ele></trkpt>
<trkpt lon="4.551549" lat="48.139113"><ele>228.0</ele></trkpt>
<trkpt lon="4.550483" lat="48.138967"><ele>225.75</ele></trkpt>
<trkpt lon="4.548633" lat="48.138525"><ele>223.25</ele></trkpt>
<trkpt lon="4.548168" lat="48.138462"><ele>223.25</ele></trkpt>
<trkpt lon="4.546824" lat="48.138366"><ele>221.25</ele></trkpt>
<trkpt lon="4.545822" lat="48.138316"><ele>221.0</ele></trkpt>
<trkpt lon="4.542692" lat="48.137856"><ele>222.5</ele></trkpt>
<trkpt lon="4.540719" lat="48.137418"><ele>223.25</ele></trkpt>
<trkpt lon="4.539184" lat="48.137072"><ele>224.0</ele></trkpt>
<trkpt lon="4.538589" lat="48.136803"><ele>225.25</ele></trkpt>
<trkpt lon="4.537788" lat="48.137045"><ele>222.25</ele></trkpt>
<trkpt lon="4.537314" lat="48.137218"><ele>220.0</ele></trkpt>
<trkpt lon="4.536753" lat="48.137323"><ele>219.25</ele></trkpt>
<trkpt lon="4.536583" lat="48.137328"><ele>218.75</ele></trkpt>
<trkpt lon="4.536425" lat="48.137354"><ele>218.0</ele></trkpt>
<trkpt lon="4.536238" lat="48.137411"><ele>217.25</ele></trkpt>
<trkpt lon="4.535968" lat="48.137523"><ele>216.75</ele></trkpt>
<trkpt lon="4.535831" lat="48.137564"><ele>216.75</ele></trkpt>
<trkpt lon="4.535676" lat="48.137594"><ele>216.25</ele></trkpt>
<trkpt lon="4.535600" lat="48.137597"><ele>216.0</ele></trkpt>
<trkpt lon="4.535519" lat="48.137896"><ele>216.0</ele></trkpt>
<trkpt lon="4.535498" lat="48.137972"><ele>216.0</ele></trkpt>
<trkpt lon="4.535373" lat="48.138377"><ele>216.0</ele></trkpt>
<trkpt lon="4.535346" lat="48.138474"><ele>216.0</ele></trkpt>
<trkpt lon="4.535195" lat="48.138494"><ele>216.0</ele></trkpt>
<trkpt lon="4.534978" lat="48.138531"><ele>216.0</ele></trkpt>
<trkpt lon="4.534839" lat="48.138568"><ele>216.0</ele></trkpt>
<trkpt lon="4.534785" lat="48.138597"><ele>216.0</ele></trkpt>
<trkpt lon="4.534742" lat="48.138637"><ele>215.75</ele></trkpt>
<trkpt lon="4.534695" lat="48.138701"><ele>216.0</ele></trkpt>
<trkpt lon="4.534189" lat="48.139345"><ele>217.0</ele></trkpt>
<trkpt lon="4.533832" lat="48.139845"><ele>218.5</ele></trkpt>
<trkpt lon="4.533879" lat="48.139872"><ele>218.5</ele></trkpt>
<trkpt lon="4.533395" lat="48.140320"><ele>221.75</ele></trkpt>
<trkpt lon="4.533284" lat="48.140401"><ele>222.25</ele></trkpt>
<trkpt lon="4.533187" lat="48.140468"><ele>223.0</ele></trkpt>
<trkpt lon="4.532944" lat="48.140613"><ele>224.5</ele></trkpt>
<trkpt lon="4.532886" lat="48.140638"><ele>224.75</ele></trkpt>
<trkpt lon="4.532827" lat="48.140650"><ele>225.25</ele></trkpt>
<trkpt lon="4.532698" lat="48.140653"><ele>226.25</ele></trkpt>
<trkpt lon="4.532350" lat="48.140630"><ele>229.5</ele></trkpt>
<trkpt lon="4.532274" lat="48.140616"><ele>230.25</ele></trkpt>
<trkpt lon="4.532170" lat="48.140728"><ele>231.5</ele></trkpt>
<trkpt lon="4.531490" lat="48.141401"><ele>235.25</ele></trkpt>
<trkpt lon="4.531107" lat="48.141966"><ele>233.75</ele></trkpt>
<trkpt lon="4.530520" lat="48.142937"><ele>235.75</ele></trkpt>
<trkpt lon="4.530155" lat="48.143484"><ele>237.5</ele></trkpt>
<trkpt lon="4.529886" lat="48.143957"><ele>237.75</ele></trkpt>
<trkpt lon="4.529303" lat="48.144399"><ele>238.5</ele></trkpt>
<trkpt lon="4.527574" lat="48.144716"><ele>246.5</ele></trkpt>
<trkpt lon="4.524039" lat="48.145317"><ele>266.5</ele></trkpt>
<trkpt lon="4.523948" lat="48.145554"><ele>271.5</ele></trkpt>
<trkpt lon="4.522800" lat="48.145325"><ele>273.5</ele></trkpt>
<trkpt lon="4.522596" lat="48.145061"><ele>274.25</ele></trkpt>
<trkpt lon="4.521754" lat="48.144621"><ele>280.25</ele></trkpt>
<trkpt lon="4.519260" lat="48.143800"><ele>297.75</ele></trkpt>
<trkpt lon="4.520007" lat="48.142914"><ele>298.0</ele></trkpt>
<trkpt lon="4.515865" lat="48.142184"><ele>295.75</ele></trkpt>
<trkpt lon="4.515885" lat="48.141989"><ele>295.25</ele></trkpt>
<trkpt lon="4.516016" lat="48.139375"><ele>285.5</ele></trkpt>
<trkpt lon="4.516035" lat="48.138889"><ele>282.0</ele></trkpt>
<trkpt lon="4.516046" lat="48.138295"><ele>277.5</ele></trkpt>
<trkpt lon="4.516073" lat="48.138195"><ele>277.0</ele></trkpt>
<trkpt lon="4.516122" lat="48.138096"><ele>276.25</ele></trkpt>
<trkpt lon="4.516255" lat="48.137828"><ele>275.5</ele></trkpt>
<trkpt lon="4.516336" lat="48.137678"><ele>275.0</ele></trkpt>
<trkpt lon="4.516370" lat="48.137599"><ele>274.5</ele></trkpt>
<trkpt lon="4.516403" lat="48.137517"><ele>274.0</ele></trkpt>
<trkpt lon="4.516434" lat="48.137403"><ele>273.25</ele></trkpt>
<trkpt lon="4.516458" lat="48.137245"><ele>272.0</ele></trkpt>
<trkpt lon="4.516467" lat="48.136944"><ele>268.25</ele></trkpt>
<trkpt lon="4.516480" lat="48.136806"><ele>266.5</ele></trkpt>
<trkpt lon="4.516528" lat="48.136663"><ele>263.75</ele></trkpt>
<trkpt lon="4.516556" lat="48.136540"><ele>261.25</ele></trkpt>
<trkpt lon="4.516568" lat="48.136311"><ele>257.25</ele></trkpt>
<trkpt lon="4.516497" lat="48.135932"><ele>251.0</ele></trkpt>
<trkpt lon="4.516457" lat="48.135690"><ele>248.0</ele></trkpt>
<trkpt lon="4.516460" lat="48.135508"><ele>245.5</ele></trkpt>
<trkpt lon="4.516481" lat="48.135417"><ele>244.25</ele></trkpt>
<trkpt lon="4.516756" lat="48.134676"><ele>234.0</ele></trkpt>
<trkpt lon="4.516990" lat="48.134003"><ele>226.0</ele></trkpt>
<trkpt lon="4.517011" lat="48.133945"><ele>225.25</ele></trkpt>
<trkpt lon="4.517074" lat="48.133753"><ele>223.5</ele></trkpt>
<trkpt lon="4.517123" lat="48.133551"><ele>221.5</ele></trkpt>
<trkpt lon="4.517157" lat="48.133336"><ele>219.25</ele></trkpt>
<trkpt lon="4.517241" lat="48.133030"><ele>215.5</ele></trkpt>
<trkpt lon="4.517361" lat="48.132795"><ele>213.5</ele></trkpt>
<trkpt lon="4.517354" lat="48.132736"><ele>213.0</ele></trkpt>
<trkpt lon="4.517362" lat="48.132708"><ele>212.75</ele></trkpt>
<trkpt lon="4.517371" lat="48.132680"><ele>212.75</ele></trkpt>
<trkpt lon="4.517852" lat="48.131157"><ele>209.0</ele></trkpt>
<trkpt lon="4.518125" lat="48.130290"><ele>208.75</ele></trkpt>
<trkpt lon="4.518159" lat="48.130184"><ele>208.75</ele></trkpt>
<trkpt lon="4.518200" lat="48.130051"><ele>209.25</ele></trkpt>
<trkpt lon="4.518271" lat="48.129825"><ele>209.5</ele></trkpt>
<trkpt lon="4.517675" lat="48.129583"><ele>211.75</ele></trkpt>
<trkpt lon="4.517474" lat="48.129506"><ele>212.5</ele></trkpt>
<trkpt lon="4.517478" lat="48.129486"><ele>213.0</ele></trkpt>
<trkpt lon="4.517465" lat="48.129467"><ele>213.25</ele></trkpt>
<trkpt lon="4.517242" lat="48.129304"><ele>215.0</ele></trkpt>
<trkpt lon="4.517178" lat="48.129223"><ele>216.0</ele></trkpt>
<trkpt lon="4.517096" lat="48.129030"><ele>217.25</ele></trkpt>
<trkpt lon="4.516792" lat="48.129016"><ele>214.75</ele></trkpt>
<trkpt lon="4.516398" lat="48.128983"><ele>210.75</ele></trkpt>
<trkpt lon="4.516269" lat="48.128925"><ele>210.25</ele></trkpt>
<trkpt lon="4.516143" lat="48.128903"><ele>210.0</ele></trkpt>
<trkpt lon="4.516059" lat="48.128898"><ele>209.75</ele></trkpt>
<trkpt lon="4.515940" lat="48.128901"><ele>209.75</ele></trkpt>
<trkpt lon="4.515628" lat="48.128922"><ele>209.75</ele></trkpt>
<trkpt lon="4.515544" lat="48.128853"><ele>210.0</ele></trkpt>
<trkpt lon="4.514773" lat="48.128509"><ele>213.75</ele></trkpt>
<trkpt lon="4.514718" lat="48.128470"><ele>214.5</ele></trkpt>
<trkpt lon="4.514608" lat="48.128129"><ele>218.5</ele></trkpt>
<trkpt lon="4.514524" lat="48.127881"><ele>221.5</ele></trkpt>
<trkpt lon="4.514414" lat="48.127663"><ele>224.5</ele></trkpt>
<trkpt lon="4.514260" lat="48.127402"><ele>228.25</ele></trkpt>
<trkpt lon="4.514018" lat="48.127166"><ele>231.5</ele></trkpt>
<trkpt lon="4.513855" lat="48.127055"><ele>233.5</ele></trkpt>
<trkpt lon="4.513431" lat="48.126814"><ele>237.75</ele></trkpt>
<trkpt lon="4.513353" lat="48.126747"><ele>238.25</ele></trkpt>
<trkpt lon="4.513101" lat="48.126409"><ele>244.25</ele></trkpt>
<trkpt lon="4.512439" lat="48.125985"><ele>253.0</ele></trkpt>
<trkpt lon="4.511146" lat="48.125107"><ele>267.0</ele></trkpt>
<trkpt lon="4.509630" lat="48.124035"><ele>278.0</ele></trkpt>
<trkpt lon="4.509265" lat="48.123623"><ele>280.5</ele></trkpt>
<trkpt lon="4.508906" lat="48.123054"><ele>282.75</ele></trkpt>
<trkpt lon="4.508163" lat="48.122194"><ele>286.0</ele></trkpt>
<trkpt lon="4.507493" lat="48.121667"><ele>289.0</ele></trkpt>
<trkpt lon="4.505787" lat="48.120275"><ele>294.0</ele></trkpt>
<trkpt lon="4.504786" lat="48.119640"><ele>294.0</ele></trkpt>
<trkpt lon="4.505020" lat="48.119358"><ele>295.0</ele></trkpt>
<trkpt lon="4.505068" lat="48.119249"><ele>295.0</ele></trkpt>
<trkpt lon="4.504456" lat="48.118799"><ele>294.0</ele></trkpt>
<trkpt lon="4.504460" lat="48.118677"><ele>294.0</ele></trkpt>
<trkpt lon="4.504676" lat="48.118509"><ele>295.5</ele></trkpt>
<trkpt lon="4.503053" lat="48.118570"><ele>289.0</ele></trkpt>
<trkpt lon="4.502292" lat="48.118762"><ele>282.0</ele></trkpt>
<trkpt lon="4.501718" lat="48.118728"><ele>276.0</ele></trkpt>
<trkpt lon="4.501305" lat="48.118794"><ele>271.0</ele></trkpt>
<trkpt lon="4.500854" lat="48.118885"><ele>266.0</ele></trkpt>
<trkpt lon="4.499690" lat="48.119304"><ele>256.0</ele></trkpt>
<trkpt lon="4.498891" lat="48.119748"><ele>249.25</ele></trkpt>
<trkpt lon="4.498220" lat="48.120196"><ele>245.25</ele></trkpt>
<trkpt lon="4.496970" lat="48.121009"><ele>236.25</ele></trkpt>
<trkpt lon="4.496557" lat="48.121138"><ele>234.0</ele></trkpt>
<trkpt lon="4.495897" lat="48.121285"><ele>229.0</ele></trkpt>
<trkpt lon="4.495634" lat="48.121446"><ele>226.75</ele></trkpt>
<trkpt lon="4.495275" lat="48.121990"><ele>222.75</ele></trkpt>
<trkpt lon="4.495198" lat="48.122081"><ele>222.25</ele></trkpt>
<trkpt lon="4.494985" lat="48.122341"><ele>221.5</ele></trkpt>
<trkpt lon="4.494545" lat="48.122631"><ele>218.5</ele></trkpt>
<trkpt lon="4.493919" lat="48.123013"><ele>215.0</ele></trkpt>
<trkpt lon="4.493399" lat="48.123396"><ele>213.5</ele></trkpt>
<trkpt lon="4.493184" lat="48.123271"><ele>214.5</ele></trkpt>
<trkpt lon="4.492825" lat="48.123375"><ele>217.0</ele></trkpt>
<trkpt lon="4.492444" lat="48.123421"><ele>220.75</ele></trkpt>
<trkpt lon="4.492095" lat="48.123414"><ele>222.75</ele></trkpt>
<trkpt lon="4.490963" lat="48.123321"><ele>225.5</ele></trkpt>
<trkpt lon="4.490695" lat="48.123851"><ele>220.25</ele></trkpt>
<trkpt lon="4.490649" lat="48.124163"><ele>218.0</ele></trkpt>
<trkpt lon="4.490631" lat="48.124266"><ele>217.25</ele></trkpt>
<trkpt lon="4.490630" lat="48.124531"><ele>215.25</ele></trkpt>
<trkpt lon="4.490520" lat="48.124545"><ele>215.0</ele></trkpt>
<trkpt lon="4.490052" lat="48.124573"><ele>213.75</ele></trkpt>
<trkpt lon="4.489733" lat="48.124600"><ele>212.25</ele></trkpt>
<trkpt lon="4.489519" lat="48.124629"><ele>212.0</ele></trkpt>
<trkpt lon="4.489334" lat="48.124671"><ele>211.5</ele></trkpt>
<trkpt lon="4.489094" lat="48.124714"><ele>211.0</ele></trkpt>
<trkpt lon="4.488831" lat="48.124749"><ele>210.5</ele></trkpt>
<trkpt lon="4.488614" lat="48.124764"><ele>210.25</ele></trkpt>
<trkpt lon="4.488354" lat="48.124769"><ele>209.5</ele></trkpt>
<trkpt lon="4.488144" lat="48.124761"><ele>208.0</ele></trkpt>
<trkpt lon="4.487726" lat="48.124691"><ele>206.0</ele></trkpt>
<trkpt lon="4.487505" lat="48.124675"><ele>205.25</ele></trkpt>
<trkpt lon="4.487323" lat="48.124674"><ele>205.75</ele></trkpt>
<trkpt lon="4.487079" lat="48.124889"><ele>205.25</ele></trkpt>
<trkpt lon="4.486889" lat="48.125073"><ele>205.25</ele></trkpt>
<trkpt lon="4.486804" lat="48.125137"><ele>205.0</ele></trkpt>
<trkpt lon="4.486724" lat="48.125186"><ele>204.75</ele></trkpt>
<trkpt lon="4.486569" lat="48.125242"><ele>204.25</ele></trkpt>
<trkpt lon="4.486357" lat="48.125289"><ele>203.75</ele></trkpt>
<trkpt lon="4.486221" lat="48.125308"><ele>203.75</ele></trkpt>
<trkpt lon="4.486085" lat="48.125322"><ele>204.0</ele></trkpt>
<trkpt lon="4.485908" lat="48.125327"><ele>203.75</ele></trkpt>
<trkpt lon="4.485714" lat="48.125327"><ele>203.5</ele></trkpt>
<trkpt lon="4.485505" lat="48.125315"><ele>203.0</ele></trkpt>
<trkpt lon="4.484754" lat="48.125251"><ele>201.5</ele></trkpt>
<trkpt lon="4.483777" lat="48.125137"><ele>201.0</ele></trkpt>
<trkpt lon="4.482728" lat="48.124989"><ele>200.75</ele></trkpt>
<trkpt lon="4.482100" lat="48.124882"><ele>200.5</ele></trkpt>
<trkpt lon="4.479923" lat="48.124448"><ele>198.5</ele></trkpt>
<trkpt lon="4.479394" lat="48.124314"><ele>198.75</ele></trkpt>
<trkpt lon="4.479133" lat="48.124210"><ele>198.75</ele></trkpt>
<trkpt lon="4.478261" lat="48.123681"><ele>199.0</ele></trkpt>
<trkpt lon="4.477955" lat="48.123530"><ele>198.0</ele></trkpt>
<trkpt lon="4.477713" lat="48.123473"><ele>197.75</ele></trkpt>
<trkpt lon="4.477347" lat="48.123418"><ele>197.5</ele></trkpt>
<trkpt lon="4.476819" lat="48.123380"><ele>198.5</ele></trkpt>
<trkpt lon="4.476405" lat="48.123377"><ele>198.5</ele></trkpt>
<trkpt lon="4.475743" lat="48.123390"><ele>199.5</ele></trkpt>
<trkpt lon="4.475269" lat="48.123367"><ele>200.25</ele></trkpt>
<trkpt lon="4.474422" lat="48.123271"><ele>199.75</ele></trkpt>
<trkpt lon="4.473620" lat="48.123150"><ele>198.5</ele></trkpt>
<trkpt lon="4.472560" lat="48.122955"><ele>197.5</ele></trkpt>
<trkpt lon="4.471315" lat="48.122742"><ele>196.25</ele></trkpt>
<trkpt lon="4.469825" lat="48.122502"><ele>197.25</ele></trkpt>
<trkpt lon="4.469657" lat="48.122447"><ele>197.0</ele></trkpt>
<trkpt lon="4.469548" lat="48.122362"><ele>197.5</ele></trkpt>
<trkpt lon="4.469402" lat="48.122132"><ele>200.0</ele></trkpt>
<trkpt lon="4.469227" lat="48.121924"><ele>201.0</ele></trkpt>
<trkpt lon="4.469017" lat="48.121714"><ele>202.5</ele></trkpt>
<trkpt lon="4.468857" lat="48.121609"><ele>202.5</ele></trkpt>
<trkpt lon="4.468460" lat="48.121410"><ele>203.0</ele></trkpt>
<trkpt lon="4.467985" lat="48.121193"><ele>204.75</ele></trkpt>
<trkpt lon="4.467731" lat="48.121119"><ele>204.5</ele></trkpt>
<trkpt lon="4.467600" lat="48.121125"><ele>204.0</ele></trkpt>
<trkpt lon="4.467412" lat="48.121170"><ele>203.5</ele></trkpt>
<trkpt lon="4.466787" lat="48.121357"><ele>205.5</ele></trkpt>
<trkpt lon="4.466834" lat="48.121482"><ele>204.25</ele></trkpt>
<trkpt lon="4.466833" lat="48.121577"><ele>203.5</ele></trkpt>
<trkpt lon="4.466745" lat="48.121727"><ele>201.5</ele></trkpt>
<trkpt lon="4.466655" lat="48.121796"><ele>200.5</ele></trkpt>
<trkpt lon="4.466557" lat="48.121852"><ele>199.5</ele></trkpt>
<trkpt lon="4.466425" lat="48.121899"><ele>198.75</ele></trkpt>
<trkpt lon="4.466259" lat="48.121935"><ele>197.5</ele></trkpt>
<trkpt lon="4.465932" lat="48.121970"><ele>195.75</ele></trkpt>
<trkpt lon="4.465701" lat="48.121969"><ele>195.5</ele></trkpt>
<trkpt lon="4.465226" lat="48.122001"><ele>193.75</ele></trkpt>
<trkpt lon="4.465001" lat="48.121987"><ele>193.25</ele></trkpt>
<trkpt lon="4.464509" lat="48.121941"><ele>191.25</ele></trkpt>
<trkpt lon="4.464377" lat="48.121990"><ele>190.25</ele></trkpt>
<trkpt lon="4.464343" lat="48.122040"><ele>190.0</ele></trkpt>
<trkpt lon="4.464001" lat="48.122853"><ele>189.0</ele></trkpt>
<trkpt lon="4.463753" lat="48.123388"><ele>189.0</ele></trkpt>
<trkpt lon="4.463669" lat="48.123382"><ele>189.0</ele></trkpt>
<trkpt lon="4.463374" lat="48.123379"><ele>189.0</ele></trkpt>
<trkpt lon="4.462835" lat="48.123406"><ele>189.0</ele></trkpt>
<trkpt lon="4.462114" lat="48.123452"><ele>189.0</ele></trkpt>
<trkpt lon="4.461711" lat="48.123455"><ele>188.5</ele></trkpt>
<trkpt lon="4.461481" lat="48.123480"><ele>188.0</ele></trkpt>
<trkpt lon="4.461334" lat="48.123503"><ele>188.0</ele></trkpt>
<trkpt lon="4.461227" lat="48.123532"><ele>188.0</ele></trkpt>
<trkpt lon="4.461026" lat="48.123538"><ele>188.0</ele></trkpt>
<trkpt lon="4.460655" lat="48.123473"><ele>188.0</ele></trkpt>
<trkpt lon="4.459751" lat="48.123228"><ele>187.0</ele></trkpt>
<trkpt lon="4.459253" lat="48.123067"><ele>187.0</ele></trkpt>
<trkpt lon="4.458709" lat="48.122908"><ele>187.0</ele></trkpt>
<trkpt lon="4.457651" lat="48.122658"><ele>187.0</ele></trkpt>
<trkpt lon="4.456770" lat="48.122493"><ele>186.75</ele></trkpt>
<trkpt lon="4.456624" lat="48.122499"><ele>186.75</ele></trkpt>
<trkpt lon="4.456436" lat="48.122551"><ele>186.0</ele></trkpt>
<trkpt lon="4.456244" lat="48.122559"><ele>186.0</ele></trkpt>
<trkpt lon="4.456136" lat="48.122547"><ele>186.0</ele></trkpt>
<trkpt lon="4.456132" lat="48.122632"><ele>186.0</ele></trkpt>
<trkpt lon="4.456059" lat="48.122815"><ele>186.0</ele></trkpt>
<trkpt lon="4.456029" lat="48.122925"><ele>186.25</ele></trkpt>
<trkpt lon="4.455962" lat="48.123059"><ele>186.25</ele></trkpt>
<trkpt lon="4.455840" lat="48.123260"><ele>186.5</ele></trkpt>
<trkpt lon="4.455671" lat="48.123492"><ele>186.5</ele></trkpt>
<trkpt lon="4.455614" lat="48.123560"><ele>186.75</ele></trkpt>
<trkpt lon="4.455226" lat="48.124017"><ele>187.5</ele></trkpt>
<trkpt lon="4.455134" lat="48.124082"><ele>188.0</ele></trkpt>
<trkpt lon="4.455055" lat="48.124117"><ele>188.5</ele></trkpt>
<trkpt lon="4.454245" lat="48.123988"><ele>190.25</ele></trkpt>
<trkpt lon="4.453724" lat="48.123884"><ele>191.5</ele></trkpt>
<trkpt lon="4.453424" lat="48.123886"><ele>192.5</ele></trkpt>
<trkpt lon="4.453266" lat="48.123918"><ele>193.0</ele></trkpt>
<trkpt lon="4.452932" lat="48.124037"><ele>194.5</ele></trkpt>
<trkpt lon="4.451772" lat="48.124459"><ele>201.25</ele></trkpt>
<trkpt lon="4.451192" lat="48.124690"><ele>204.5</ele></trkpt>
<trkpt lon="4.451010" lat="48.124789"><ele>206.25</ele></trkpt>
<trkpt lon="4.450337" lat="48.125202"><ele>210.75</ele></trkpt>
<trkpt lon="4.450090" lat="48.125435"><ele>213.75</ele></trkpt>
<trkpt lon="4.449923" lat="48.125696"><ele>215.25</ele></trkpt>
<trkpt lon="4.449827" lat="48.125683"><ele>215.5</ele></trkpt>
<trkpt lon="4.449670" lat="48.125651"><ele>216.75</ele></trkpt>
<trkpt lon="4.449600" lat="48.125626"><ele>218.0</ele></trkpt>
<trkpt lon="4.449550" lat="48.125586"><ele>219.0</ele></trkpt>
<trkpt lon="4.449526" lat="48.125492"><ele>220.0</ele></trkpt>
<trkpt lon="4.449525" lat="48.125385"><ele>220.75</ele></trkpt>
<trkpt lon="4.449550" lat="48.125242"><ele>221.5</ele></trkpt>
<trkpt lon="4.449613" lat="48.124950"><ele>220.75</ele></trkpt>
<trkpt lon="4.449558" lat="48.124926"><ele>221.25</ele></trkpt>
<trkpt lon="4.449545" lat="48.124930"><ele>221.5</ele></trkpt>
<trkpt lon="4.449355" lat="48.125056"><ele>223.75</ele></trkpt>
<trkpt lon="4.449129" lat="48.125177"><ele>226.5</ele></trkpt>
<trkpt lon="4.448938" lat="48.125224"><ele>228.75</ele></trkpt>
<trkpt lon="4.448200" lat="48.125243"><ele>232.5</ele></trkpt>
<trkpt lon="4.447888" lat="48.125264"><ele>231.25</ele></trkpt>
<trkpt lon="4.447652" lat="48.125362"><ele>231.5</ele></trkpt>
<trkpt lon="4.447458" lat="48.125428"><ele>231.25</ele></trkpt>
<trkpt lon="4.447057" lat="48.125419"><ele>229.75</ele></trkpt>
<trkpt lon="4.446780" lat="48.125402"><ele>231.25</ele></trkpt>
<trkpt lon="4.446716" lat="48.125345"><ele>231.5</ele></trkpt>
<trkpt lon="4.446669" lat="48.125086"><ele>233.25</ele></trkpt>
<trkpt lon="4.446710" lat="48.124971"><ele>233.0</ele></trkpt>
<trkpt lon="4.446997" lat="48.124678"><ele>229.0</ele></trkpt>
<trkpt lon="4.446939" lat="48.124278"><ele>233.5</ele></trkpt>
<trkpt lon="4.446907" lat="48.124185"><ele>234.5</ele></trkpt>
<trkpt lon="4.446687" lat="48.124309"><ele>239.0</ele></trkpt>
<trkpt lon="4.446630" lat="48.124320"><ele>239.75</ele></trkpt>
<trkpt lon="4.445319" lat="48.124502"><ele>249.0</ele></trkpt>
<trkpt lon="4.445045" lat="48.124534"><ele>250.0</ele></trkpt>
<trkpt lon="4.444339" lat="48.124667"><ele>252.0</ele></trkpt>
<trkpt lon="4.443927" lat="48.124756"><ele>253.0</ele></trkpt>
<trkpt lon="4.443711" lat="48.124796"><ele>253.25</ele></trkpt>
<trkpt lon="4.443373" lat="48.124792"><ele>254.25</ele></trkpt>
<trkpt lon="4.443141" lat="48.124776"><ele>255.0</ele></trkpt>
<trkpt lon="4.442419" lat="48.124660"><ele>256.75</ele></trkpt>
<trkpt lon="4.441483" lat="48.124545"><ele>259.25</ele></trkpt>
<trkpt lon="4.441003" lat="48.124525"><ele>260.75</ele></trkpt>
<trkpt lon="4.438733" lat="48.124438"><ele>264.75</ele></trkpt>
<trkpt lon="4.437718" lat="48.124362"><ele>267.25</ele></trkpt>
<trkpt lon="4.437133" lat="48.124314"><ele>268.75</ele></trkpt>
<trkpt lon="4.436249" lat="48.124287"><ele>272.75</ele></trkpt>
<trkpt lon="4.434775" lat="48.124217"><ele>279.0</ele></trkpt>
<trkpt lon="4.434493" lat="48.124217"><ele>280.0</ele></trkpt>
<trkpt lon="4.433938" lat="48.124210"><ele>282.75</ele></trkpt>
<trkpt lon="4.433603" lat="48.124214"><ele>284.0</ele></trkpt>
<trkpt lon="4.433362" lat="48.124225"><ele>284.75</ele></trkpt>
<trkpt lon="4.432997" lat="48.124203"><ele>285.25</ele></trkpt>
<trkpt lon="4.431696" lat="48.124096"><ele>286.0</ele></trkpt>
<trkpt lon="4.430955" lat="48.124022"><ele>285.0</ele></trkpt>
<trkpt lon="4.430315" lat="48.123981"><ele>283.5</ele></trkpt>
<trkpt lon="4.427123" lat="48.123705"><ele>278.0</ele></trkpt>
<trkpt lon="4.426120" lat="48.123623"><ele>276.0</ele></trkpt>
<trkpt lon="4.424931" lat="48.123537"><ele>274.5</ele></trkpt>
<trkpt lon="4.420666" lat="48.123339"><ele>271.25</ele></trkpt>
<trkpt lon="4.417856" lat="48.123224"><ele>268.0</ele></trkpt>
<trkpt lon="4.417183" lat="48.123184"><ele>266.75</ele></trkpt>
<trkpt lon="4.416246" lat="48.123149"><ele>264.5</ele></trkpt>
<trkpt lon="4.414868" lat="48.123079"><ele>263.5</ele></trkpt>
<trkpt lon="4.414060" lat="48.123023"><ele>262.75</ele></trkpt>
<trkpt lon="4.413967" lat="48.123039"><ele>262.75</ele></trkpt>
<trkpt lon="4.413929" lat="48.123016"><ele>262.75</ele></trkpt>
<trkpt lon="4.413602" lat="48.123011"><ele>262.75</ele></trkpt>
<trkpt lon="4.411856" lat="48.123054"><ele>260.75</ele></trkpt>
<trkpt lon="4.411255" lat="48.123048"><ele>260.75</ele></trkpt>
<trkpt lon="4.410777" lat="48.123007"><ele>261.5</ele></trkpt>
<trkpt lon="4.410461" lat="48.122968"><ele>262.0</ele></trkpt>
<trkpt lon="4.409924" lat="48.122878"><ele>264.25</ele></trkpt>
<trkpt lon="4.408974" lat="48.122762"><ele>264.75</ele></trkpt>
<trkpt lon="4.408047" lat="48.122662"><ele>265.0</ele></trkpt>
<trkpt lon="4.407615" lat="48.122642"><ele>264.5</ele></trkpt>
<trkpt lon="4.406596" lat="48.122617"><ele>262.5</ele></trkpt>
<trkpt lon="4.405976" lat="48.122611"><ele>260.75</ele></trkpt>
<trkpt lon="4.405467" lat="48.122341"><ele>258.5</ele></trkpt>
<trkpt lon="4.404560" lat="48.122139"><ele>252.0</ele></trkpt>
<trkpt lon="4.403335" lat="48.121852"><ele>237.5</ele></trkpt>
<trkpt lon="4.402098" lat="48.121835"><ele>232.0</ele></trkpt>
<trkpt lon="4.400743" lat="48.121365"><ele>218.5</ele></trkpt>
<trkpt lon="4.399740" lat="48.120922"><ele>207.75</ele></trkpt>
<trkpt lon="4.399271" lat="48.120226"><ele>196.25</ele></trkpt>
<trkpt lon="4.398939" lat="48.118896"><ele>179.75</ele></trkpt>
<trkpt lon="4.398847" lat="48.118851"><ele>179.5</ele></trkpt>
<trkpt lon="4.398560" lat="48.118746"><ele>179.0</ele></trkpt>
<trkpt lon="4.398249" lat="48.118647"><ele>178.5</ele></trkpt>
<trkpt lon="4.397740" lat="48.118538"><ele>178.0</ele></trkpt>
<trkpt lon="4.397302" lat="48.118432"><ele>177.0</ele></trkpt>
<trkpt lon="4.396787" lat="48.118323"><ele>175.25</ele></trkpt>
<trkpt lon="4.395812" lat="48.118214"><ele>174.75</ele></trkpt>
<trkpt lon="4.395614" lat="48.118198"><ele>174.0</ele></trkpt>
<trkpt lon="4.395384" lat="48.118189"><ele>173.75</ele></trkpt>
<trkpt lon="4.394914" lat="48.118192"><ele>172.5</ele></trkpt>
<trkpt lon="4.394700" lat="48.118184"><ele>171.5</ele></trkpt>
<trkpt lon="4.394275" lat="48.118151"><ele>170.0</ele></trkpt>
<trkpt lon="4.394068" lat="48.118125"><ele>169.0</ele></trkpt>
<trkpt lon="4.393774" lat="48.118076"><ele>168.25</ele></trkpt>
<trkpt lon="4.393441" lat="48.118034"><ele>167.5</ele></trkpt>
<trkpt lon="4.393149" lat="48.117981"><ele>167.75</ele></trkpt>
<trkpt lon="4.393051" lat="48.117957"><ele>168.0</ele></trkpt>
<trkpt lon="4.391294" lat="48.117498"><ele>165.0</ele></trkpt>
<trkpt lon="4.390403" lat="48.117286"><ele>166.0</ele></trkpt>
<trkpt lon="4.389939" lat="48.117166"><ele>165.25</ele></trkpt>
<trkpt lon="4.389540" lat="48.117100"><ele>165.25</ele></trkpt>
<trkpt lon="4.389407" lat="48.117090"><ele>165.25</ele></trkpt>
<trkpt lon="4.388695" lat="48.117010"><ele>164.75</ele></trkpt>
<trkpt lon="4.388599" lat="48.117000"><ele>164.5</ele></trkpt>
<trkpt lon="4.388477" lat="48.116988"><ele>164.25</ele></trkpt>
<trkpt lon="4.388077" lat="48.116949"><ele>163.0</ele></trkpt>
<trkpt lon="4.387849" lat="48.116912"><ele>162.5</ele></trkpt>
<trkpt lon="4.387196" lat="48.116804"><ele>162.25</ele></trkpt>
<trkpt lon="4.386656" lat="48.116691"><ele>159.75</ele></trkpt>
<trkpt lon="4.386344" lat="48.116643"><ele>158.75</ele></trkpt>
<trkpt lon="4.386351" lat="48.116601"><ele>158.75</ele></trkpt>
<trkpt lon="4.386340" lat="48.116560"><ele>158.75</ele></trkpt>
<trkpt lon="4.386313" lat="48.116523"><ele>158.5</ele></trkpt>
<trkpt lon="4.386271" lat="48.116491"><ele>158.25</ele></trkpt>
<trkpt lon="4.386216" lat="48.116469"><ele>157.75</ele></trkpt>
<trkpt lon="4.386154" lat="48.116457"><ele>157.5</ele></trkpt>
<trkpt lon="4.386089" lat="48.116458"><ele>157.0</ele></trkpt>
<trkpt lon="4.386022" lat="48.116473"><ele>157.0</ele></trkpt>
<trkpt lon="4.385965" lat="48.116501"><ele>157.0</ele></trkpt>
<trkpt lon="4.385531" lat="48.116477"><ele>156.0</ele></trkpt>
<trkpt lon="4.384419" lat="48.116313"><ele>154.0</ele></trkpt>
<trkpt lon="4.383679" lat="48.116201"><ele>153.25</ele></trkpt>
<trkpt lon="4.383478" lat="48.116167"><ele>152.75</ele></trkpt>
<trkpt lon="4.383060" lat="48.116101"><ele>152.0</ele></trkpt>
<trkpt lon="4.382723" lat="48.116046"><ele>152.0</ele></trkpt>
<trkpt lon="4.382153" lat="48.115959"><ele>152.0</ele></trkpt>
<trkpt lon="4.380774" lat="48.115746"><ele>151.75</ele></trkpt>
<trkpt lon="4.380042" lat="48.115602"><ele>152.0</ele></trkpt>
<trkpt lon="4.379511" lat="48.115497"><ele>151.25</ele></trkpt>
<trkpt lon="4.380087" lat="48.113894"><ele>151.25</ele></trkpt>
<trkpt lon="4.379936" lat="48.113855"><ele>151.0</ele></trkpt>
<trkpt lon="4.379896" lat="48.113845"><ele>151.25</ele></trkpt>
<trkpt lon="4.379908" lat="48.113755"><ele>151.25</ele></trkpt>
<trkpt lon="4.379930" lat="48.113681"><ele>151.25</ele></trkpt>
<trkpt lon="4.379981" lat="48.113603"><ele>151.0</ele></trkpt>
<trkpt lon="4.380105" lat="48.113378"><ele>151.5</ele></trkpt>
<trkpt lon="4.380165" lat="48.113229"><ele>151.5</ele></trkpt>
<trkpt lon="4.379692" lat="48.113093"><ele>152.0</ele></trkpt>
<trkpt lon="4.379627" lat="48.113076"><ele>152.0</ele></trkpt>
<trkpt lon="4.379529" lat="48.113073"><ele>152.0</ele></trkpt>
<trkpt lon="4.379060" lat="48.112930"><ele>153.0</ele></trkpt>
<trkpt lon="4.378890" lat="48.112897"><ele>153.0</ele></trkpt>
<trkpt lon="4.378597" lat="48.112841"><ele>152.75</ele></trkpt>
<trkpt lon="4.378226" lat="48.113679"><ele>152.25</ele></trkpt>
<trkpt lon="4.377729" lat="48.113582"><ele>152.0</ele></trkpt>
<trkpt lon="4.377628" lat="48.113750"><ele>152.25</ele></trkpt>
<trkpt lon="4.377585" lat="48.113935"><ele>152.5</ele></trkpt>
<trkpt lon="4.377457" lat="48.114062"><ele>152.25</ele></trkpt>
<trkpt lon="4.376807" lat="48.113942"><ele>153.0</ele></trkpt>
<trkpt lon="4.376722" lat="48.113925"><ele>153.0</ele></trkpt>
<trkpt lon="4.375938" lat="48.113798"><ele>153.75</ele></trkpt>
<trkpt lon="4.374302" lat="48.113541"><ele>154.75</ele></trkpt>
<trkpt lon="4.374260" lat="48.113767"><ele>154.75</ele></trkpt>
<trkpt lon="4.374277" lat="48.113780"><ele>154.75</ele></trkpt>
<trkpt lon="4.373913" lat="48.113747"><ele>155.25</ele></trkpt>
<trkpt lon="4.373529" lat="48.113716"><ele>156.5</ele></trkpt>
<trkpt lon="4.373495" lat="48.113892"><ele>156.25</ele></trkpt>
<trkpt lon="4.373266" lat="48.113865"><ele>158.25</ele></trkpt>
<trkpt lon="4.372947" lat="48.113827"><ele>166.5</ele></trkpt>
<trkpt lon="4.372929" lat="48.113828"><ele>167.0</ele></trkpt>
<trkpt lon="4.372915" lat="48.113837"><ele>167.5</ele></trkpt>
<trkpt lon="4.372866" lat="48.113951"><ele>168.0</ele></trkpt>
<trkpt lon="4.372765" lat="48.114017"><ele>170.75</ele></trkpt>
<trkpt lon="4.372731" lat="48.114028"><ele>172.5</ele></trkpt>
<trkpt lon="4.372704" lat="48.114024"><ele>174.0</ele></trkpt>
<trkpt lon="4.372620" lat="48.113916"><ele>180.0</ele></trkpt>
<trkpt lon="4.372606" lat="48.113860"><ele>181.5</ele></trkpt>
<trkpt lon="4.372611" lat="48.113791"><ele>182.25</ele></trkpt>
<trkpt lon="4.372602" lat="48.113698"><ele>183.75</ele></trkpt>
<trkpt lon="4.372574" lat="48.113652"><ele>186.0</ele></trkpt>
<trkpt lon="4.372571" lat="48.113596"><ele>186.75</ele></trkpt>
<trkpt lon="4.372560" lat="48.113563"><ele>187.5</ele></trkpt>
<trkpt lon="4.372462" lat="48.113471"><ele>191.5</ele></trkpt>
<trkpt lon="4.372561" lat="48.113463"><ele>187.75</ele></trkpt>
<trkpt lon="4.372636" lat="48.113319"><ele>185.0</ele></trkpt>
<trkpt lon="4.372407" lat="48.113241"><ele>192.0</ele></trkpt>
<trkpt lon="4.372339" lat="48.113244"><ele>192.5</ele></trkpt>
<trkpt lon="4.371867" lat="48.113287"><ele>193.0</ele></trkpt>
<trkpt lon="4.371511" lat="48.113195"><ele>193.5</ele></trkpt>
<trkpt lon="4.371161" lat="48.112979"><ele>193.75</ele></trkpt>
<trkpt lon="4.370881" lat="48.112754"><ele>190.75</ele></trkpt>
  </trkseg></trk></gpx>
