<?xml version="1.0" encoding="UTF-8"?>
<gpx version="1.1" creator="compostel-brouter" xmlns="http://www.topografix.com/GPX/1/1">
  <metadata><name>FR-22-La-Souterraine</name></metadata>
  <trk><name>FR-22-La-Souterraine</name><trkseg>
<trkpt lon="1.519959" lat="46.588143"><ele>106.25</ele></trkpt>
<trkpt lon="1.520238" lat="46.587855"><ele>106.75</ele></trkpt>
<trkpt lon="1.520294" lat="46.587804"><ele>107.0</ele></trkpt>
<trkpt lon="1.520562" lat="46.587608"><ele>107.0</ele></trkpt>
<trkpt lon="1.520645" lat="46.587551"><ele>107.0</ele></trkpt>
<trkpt lon="1.520838" lat="46.587439"><ele>107.0</ele></trkpt>
<trkpt lon="1.520868" lat="46.587453"><ele>107.0</ele></trkpt>
<trkpt lon="1.520896" lat="46.587467"><ele>107.0</ele></trkpt>
<trkpt lon="1.521060" lat="46.587522"><ele>107.0</ele></trkpt>
<trkpt lon="1.521155" lat="46.587542"><ele>106.75</ele></trkpt>
<trkpt lon="1.521331" lat="46.587567"><ele>107.0</ele></trkpt>
<trkpt lon="1.521419" lat="46.587574"><ele>107.0</ele></trkpt>
<trkpt lon="1.521522" lat="46.587570"><ele>107.0</ele></trkpt>
<trkpt lon="1.521977" lat="46.587492"><ele>107.0</ele></trkpt>
<trkpt lon="1.523096" lat="46.587321"><ele>107.5</ele></trkpt>
<trkpt lon="1.523142" lat="46.587324"><ele>108.25</ele></trkpt>
<trkpt lon="1.523213" lat="46.587335"><ele>109.0</ele></trkpt>
<trkpt lon="1.523345" lat="46.587379"><ele>110.0</ele></trkpt>
<trkpt lon="1.523462" lat="46.587417"><ele>108.5</ele></trkpt>
<trkpt lon="1.523641" lat="46.587483"><ele>107.0</ele></trkpt>
<trkpt lon="1.523784" lat="46.587690"><ele>108.25</ele></trkpt>
<trkpt lon="1.523928" lat="46.587907"><ele>110.0</ele></trkpt>
<trkpt lon="1.524165" lat="46.587843"><ele>110.25</ele></trkpt>
<trkpt lon="1.524492" lat="46.587756"><ele>110.0</ele></trkpt>
<trkpt lon="1.525223" lat="46.587561"><ele>110.25</ele></trkpt>
<trkpt lon="1.526176" lat="46.587305"><ele>109.5</ele></trkpt>
<trkpt lon="1.526224" lat="46.587292"><ele>109.5</ele></trkpt>
<trkpt lon="1.526790" lat="46.587141"><ele>109.5</ele></trkpt>
<trkpt lon="1.527552" lat="46.586944"><ele>111.0</ele></trkpt>
<trkpt lon="1.528463" lat="46.586709"><ele>112.0</ele></trkpt>
<trkpt lon="1.529088" lat="46.586549"><ele>112.75</ele></trkpt>
<trkpt lon="1.529143" lat="46.586534"><ele>112.75</ele></trkpt>
<trkpt lon="1.529788" lat="46.586368"><ele>112.5</ele></trkpt>
<trkpt lon="1.530989" lat="46.586061"><ele>113.25</ele></trkpt>
<trkpt lon="1.531266" lat="46.585990"><ele>113.5</ele></trkpt>
<trkpt lon="1.531955" lat="46.585814"><ele>113.75</ele></trkpt>
<trkpt lon="1.532667" lat="46.585609"><ele>115.25</ele></trkpt>
<trkpt lon="1.533041" lat="46.585482"><ele>115.75</ele></trkpt>
<trkpt lon="1.533350" lat="46.585360"><ele>115.0</ele></trkpt>
<trkpt lon="1.533658" lat="46.585238"><ele>115.25</ele></trkpt>
<trkpt lon="1.533748" lat="46.585221"><ele>115.25</ele></trkpt>
<trkpt lon="1.533804" lat="46.585224"><ele>115.25</ele></trkpt>
<trkpt lon="1.533848" lat="46.585234"><ele>115.5</ele></trkpt>
<trkpt lon="1.534138" lat="46.585104"><ele>115.75</ele></trkpt>
<trkpt lon="1.535145" lat="46.584532"><ele>116.0</ele></trkpt>
<trkpt lon="1.535521" lat="46.584270"><ele>113.75</ele></trkpt>
<trkpt lon="1.535548" lat="46.584247"><ele>113.5</ele></trkpt>
<trkpt lon="1.535569" lat="46.584219"><ele>113.25</ele></trkpt>
<trkpt lon="1.535798" lat="46.583837"><ele>113.5</ele></trkpt>
<trkpt lon="1.536154" lat="46.583274"><ele>114.5</ele></trkpt>
<trkpt lon="1.536327" lat="46.582903"><ele>115.0</ele></trkpt>
<trkpt lon="1.536462" lat="46.582625"><ele>117.25</ele></trkpt>
<trkpt lon="1.536551" lat="46.582468"><ele>119.0</ele></trkpt>
<trkpt lon="1.536751" lat="46.582267"><ele>121.0</ele></trkpt>
<trkpt lon="1.536878" lat="46.581941"><ele>125.0</ele></trkpt>
<trkpt lon="1.537030" lat="46.581605"><ele>129.0</ele></trkpt>
<trkpt lon="1.537801" lat="46.580353"><ele>126.75</ele></trkpt>
<trkpt lon="1.537846" lat="46.580274"><ele>126.75</ele></trkpt>
<trkpt lon="1.538636" lat="46.579642"><ele>127.5</ele></trkpt>
<trkpt lon="1.539147" lat="46.579345"><ele>125.5</ele></trkpt>
<trkpt lon="1.539471" lat="46.579191"><ele>126.25</ele></trkpt>
<trkpt lon="1.539553" lat="46.579155"><ele>126.5</ele></trkpt>
<trkpt lon="1.539913" lat="46.579025"><ele>127.75</ele></trkpt>
<trkpt lon="1.540040" lat="46.578984"><ele>128.25</ele></trkpt>
<trkpt lon="1.540441" lat="46.578863"><ele>129.5</ele></trkpt>
<trkpt lon="1.540705" lat="46.578789"><ele>130.25</ele></trkpt>
<trkpt lon="1.540893" lat="46.578744"><ele>130.5</ele></trkpt>
<trkpt lon="1.541165" lat="46.578691"><ele>130.5</ele></trkpt>
<trkpt lon="1.541448" lat="46.578644"><ele>131.25</ele></trkpt>
<trkpt lon="1.542547" lat="46.578469"><ele>132.0</ele></trkpt>
<trkpt lon="1.543130" lat="46.578389"><ele>131.25</ele></trkpt>
<trkpt lon="1.543343" lat="46.578349"><ele>132.25</ele></trkpt>
<trkpt lon="1.543718" lat="46.578266"><ele>132.0</ele></trkpt>
<trkpt lon="1.544114" lat="46.578162"><ele>131.5</ele></trkpt>
<trkpt lon="1.544193" lat="46.578138"><ele>131.5</ele></trkpt>
<trkpt lon="1.544569" lat="46.578018"><ele>130.5</ele></trkpt>
<trkpt lon="1.544898" lat="46.577913"><ele>130.75</ele></trkpt>
<trkpt lon="1.545265" lat="46.577814"><ele>132.25</ele></trkpt>
<trkpt lon="1.545708" lat="46.577719"><ele>134.5</ele></trkpt>
<trkpt lon="1.545885" lat="46.577671"><ele>134.75</ele></trkpt>
<trkpt lon="1.546108" lat="46.577591"><ele>135.5</ele></trkpt>
<trkpt lon="1.546572" lat="46.577407"><ele>133.25</ele></trkpt>
<trkpt lon="1.546738" lat="46.577363"><ele>132.75</ele></trkpt>
<trkpt lon="1.546988" lat="46.577324"><ele>132.75</ele></trkpt>
<trkpt lon="1.547222" lat="46.577299"><ele>131.5</ele></trkpt>
<trkpt lon="1.547474" lat="46.577288"><ele>130.25</ele></trkpt>
<trkpt lon="1.547606" lat="46.577298"><ele>130.25</ele></trkpt>
<trkpt lon="1.547757" lat="46.577307"><ele>130.0</ele></trkpt>
<trkpt lon="1.547898" lat="46.577307"><ele>130.5</ele></trkpt>
<trkpt lon="1.547945" lat="46.577293"><ele>130.75</ele></trkpt>
<trkpt lon="1.547978" lat="46.577270"><ele>130.75</ele></trkpt>
<trkpt lon="1.548307" lat="46.577418"><ele>132.0</ele></trkpt>
<trkpt lon="1.548399" lat="46.577335"><ele>132.5</ele></trkpt>
<trkpt lon="1.548444" lat="46.577320"><ele>132.5</ele></trkpt>
<trkpt lon="1.548501" lat="46.577311"><ele>132.5</ele></trkpt>
<trkpt lon="1.548502" lat="46.577408"><ele>132.25</ele></trkpt>
<trkpt lon="1.548521" lat="46.577430"><ele>132.25</ele></trkpt>
<trkpt lon="1.548560" lat="46.577444"><ele>132.0</ele></trkpt>
<trkpt lon="1.548603" lat="46.577449"><ele>132.0</ele></trkpt>
<trkpt lon="1.548639" lat="46.577454"><ele>132.0</ele></trkpt>
<trkpt lon="1.548662" lat="46.577121"><ele>131.25</ele></trkpt>
<trkpt lon="1.548708" lat="46.577044"><ele>130.0</ele></trkpt>
<trkpt lon="1.550192" lat="46.576932"><ele>132.5</ele></trkpt>
<trkpt lon="1.550452" lat="46.576904"><ele>132.75</ele></trkpt>
<trkpt lon="1.550987" lat="46.576833"><ele>132.75</ele></trkpt>
<trkpt lon="1.551468" lat="46.576733"><ele>133.75</ele></trkpt>
<trkpt lon="1.551805" lat="46.576623"><ele>133.5</ele></trkpt>
<trkpt lon="1.552360" lat="46.576453"><ele>133.0</ele></trkpt>
<trkpt lon="1.552884" lat="46.576237"><ele>132.5</ele></trkpt>
<trkpt lon="1.553327" lat="46.576017"><ele>134.25</ele></trkpt>
<trkpt lon="1.553693" lat="46.575783"><ele>136.25</ele></trkpt>
<trkpt lon="1.554334" lat="46.575319"><ele>138.75</ele></trkpt>
<trkpt lon="1.554784" lat="46.574867"><ele>139.75</ele></trkpt>
<trkpt lon="1.555058" lat="46.574543"><ele>141.25</ele></trkpt>
<trkpt lon="1.555224" lat="46.574290"><ele>141.5</ele></trkpt>
<trkpt lon="1.555587" lat="46.573484"><ele>142.5</ele></trkpt>
<trkpt lon="1.555834" lat="46.572766"><ele>142.75</ele></trkpt>
<trkpt lon="1.556080" lat="46.571852"><ele>143.75</ele></trkpt>
<trkpt lon="1.556525" lat="46.570597"><ele>147.25</ele></trkpt>
<trkpt lon="1.557037" lat="46.569011"><ele>148.75</ele></trkpt>
<trkpt lon="1.557235" lat="46.568273"><ele>148.0</ele></trkpt>
<trkpt lon="1.557539" lat="46.567216"><ele>148.75</ele></trkpt>
<trkpt lon="1.557926" lat="46.566182"><ele>151.25</ele></trkpt>
<trkpt lon="1.558152" lat="46.565362"><ele>153.25</ele></trkpt>
<trkpt lon="1.558456" lat="46.564740"><ele>155.25</ele></trkpt>
<trkpt lon="1.559102" lat="46.563908"><ele>155.75</ele></trkpt>
<trkpt lon="1.559399" lat="46.563543"><ele>155.0</ele></trkpt>
<trkpt lon="1.560336" lat="46.562494"><ele>155.25</ele></trkpt>
<trkpt lon="1.562195" lat="46.560351"><ele>158.5</ele></trkpt>
<trkpt lon="1.562864" lat="46.559807"><ele>160.0</ele></trkpt>
<trkpt lon="1.563361" lat="46.559453"><ele>161.25</ele></trkpt>
<trkpt lon="1.563613" lat="46.559290"><ele>161.75</ele></trkpt>
<trkpt lon="1.563651" lat="46.559165"><ele>161.0</ele></trkpt>
<trkpt lon="1.563741" lat="46.559075"><ele>160.75</ele></trkpt>
<trkpt lon="1.564191" lat="46.558831"><ele>161.5</ele></trkpt>
<trkpt lon="1.564434" lat="46.558633"><ele>161.0</ele></trkpt>
<trkpt lon="1.564549" lat="46.558504"><ele>160.25</ele></trkpt>
<trkpt lon="1.565235" lat="46.558188"><ele>159.5</ele></trkpt>
<trkpt lon="1.565423" lat="46.558131"><ele>160.0</ele></trkpt>
<trkpt lon="1.565644" lat="46.558073"><ele>160.25</ele></trkpt>
<trkpt lon="1.566559" lat="46.557871"><ele>157.75</ele></trkpt>
<trkpt lon="1.566787" lat="46.557810"><ele>157.25</ele></trkpt>
<trkpt lon="1.566884" lat="46.557772"><ele>156.75</ele></trkpt>
<trkpt lon="1.567015" lat="46.557700"><ele>155.75</ele></trkpt>
<trkpt lon="1.567079" lat="46.557656"><ele>155.5</ele></trkpt>
<trkpt lon="1.567724" lat="46.557106"><ele>151.25</ele></trkpt>
<trkpt lon="1.567845" lat="46.557015"><ele>151.25</ele></trkpt>
<trkpt lon="1.567881" lat="46.556984"><ele>151.5</ele></trkpt>
<trkpt lon="1.567924" lat="46.556926"><ele>151.25</ele></trkpt>
<trkpt lon="1.567973" lat="46.556860"><ele>151.0</ele></trkpt>
<trkpt lon="1.568379" lat="46.556363"><ele>149.75</ele></trkpt>
<trkpt lon="1.569674" lat="46.554600"><ele>151.5</ele></trkpt>
<trkpt lon="1.569691" lat="46.554570"><ele>151.5</ele></trkpt>
<trkpt lon="1.569708" lat="46.554543"><ele>151.25</ele></trkpt>
<trkpt lon="1.569842" lat="46.554383"><ele>150.5</ele></trkpt>
<trkpt lon="1.570379" lat="46.553678"><ele>144.5</ele></trkpt>
<trkpt lon="1.570453" lat="46.553598"><ele>143.75</ele></trkpt>
<trkpt lon="1.570525" lat="46.553535"><ele>143.0</ele></trkpt>
<trkpt lon="1.570681" lat="46.553385"><ele>142.5</ele></trkpt>
<trkpt lon="1.570715" lat="46.553321"><ele>142.75</ele></trkpt>
<trkpt lon="1.570728" lat="46.553270"><ele>143.0</ele></trkpt>
<trkpt lon="1.570734" lat="46.553182"><ele>143.25</ele></trkpt>
<trkpt lon="1.570716" lat="46.553013"><ele>143.75</ele></trkpt>
<trkpt lon="1.570720" lat="46.552934"><ele>143.75</ele></trkpt>
<trkpt lon="1.570742" lat="46.552885"><ele>144.0</ele></trkpt>
<trkpt lon="1.570891" lat="46.552666"><ele>144.5</ele></trkpt>
<trkpt lon="1.571286" lat="46.552187"><ele>141.5</ele></trkpt>
<trkpt lon="1.571354" lat="46.552133"><ele>140.25</ele></trkpt>
<trkpt lon="1.571418" lat="46.552097"><ele>140.0</ele></trkpt>
<trkpt lon="1.571488" lat="46.552068"><ele>140.0</ele></trkpt>
<trkpt lon="1.571803" lat="46.551972"><ele>139.25</ele></trkpt>
<trkpt lon="1.571998" lat="46.551902"><ele>139.0</ele></trkpt>
<trkpt lon="1.571981" lat="46.551868"><ele>138.5</ele></trkpt>
<trkpt lon="1.572000" lat="46.551835"><ele>138.25</ele></trkpt>
<trkpt lon="1.572014" lat="46.551738"><ele>137.0</ele></trkpt>
<trkpt lon="1.572007" lat="46.551701"><ele>136.5</ele></trkpt>
<trkpt lon="1.571958" lat="46.551622"><ele>135.25</ele></trkpt>
<trkpt lon="1.572226" lat="46.551493"><ele>134.5</ele></trkpt>
<trkpt lon="1.572388" lat="46.551427"><ele>134.25</ele></trkpt>
<trkpt lon="1.572517" lat="46.551401"><ele>134.25</ele></trkpt>
<trkpt lon="1.572779" lat="46.551365"><ele>135.25</ele></trkpt>
<trkpt lon="1.572761" lat="46.551321"><ele>135.75</ele></trkpt>
<trkpt lon="1.572663" lat="46.551256"><ele>136.5</ele></trkpt>
<trkpt lon="1.572505" lat="46.551201"><ele>136.5</ele></trkpt>
<trkpt lon="1.572016" lat="46.551129"><ele>139.0</ele></trkpt>
<trkpt lon="1.571857" lat="46.551099"><ele>140.0</ele></trkpt>
<trkpt lon="1.571719" lat="46.551055"><ele>140.5</ele></trkpt>
<trkpt lon="1.571635" lat="46.551001"><ele>141.0</ele></trkpt>
<trkpt lon="1.571557" lat="46.550931"><ele>142.25</ele></trkpt>
<trkpt lon="1.571232" lat="46.550881"><ele>143.75</ele></trkpt>
<trkpt lon="1.571042" lat="46.550823"><ele>145.5</ele></trkpt>
<trkpt lon="1.570457" lat="46.550595"><ele>143.5</ele></trkpt>
<trkpt lon="1.570388" lat="46.550546"><ele>143.75</ele></trkpt>
<trkpt lon="1.570361" lat="46.550507"><ele>143.75</ele></trkpt>
<trkpt lon="1.570346" lat="46.550463"><ele>144.0</ele></trkpt>
<trkpt lon="1.570358" lat="46.550412"><ele>144.25</ele></trkpt>
<trkpt lon="1.570458" lat="46.550207"><ele>145.75</ele></trkpt>
<trkpt lon="1.570675" lat="46.549693"><ele>146.25</ele></trkpt>
<trkpt lon="1.570858" lat="46.549317"><ele>145.0</ele></trkpt>
<trkpt lon="1.571142" lat="46.548851"><ele>143.75</ele></trkpt>
<trkpt lon="1.571303" lat="46.548568"><ele>142.75</ele></trkpt>
<trkpt lon="1.571525" lat="46.548215"><ele>139.75</ele></trkpt>
<trkpt lon="1.571535" lat="46.548199"><ele>139.75</ele></trkpt>
<trkpt lon="1.571047" lat="46.548048"><ele>135.5</ele></trkpt>
<trkpt lon="1.569593" lat="46.547664"><ele>117.75</ele></trkpt>
<trkpt lon="1.570852" lat="46.546062"><ele>114.75</ele></trkpt>
<trkpt lon="1.571024" lat="46.545873"><ele>114.5</ele></trkpt>
<trkpt lon="1.571188" lat="46.545745"><ele>115.0</ele></trkpt>
<trkpt lon="1.571714" lat="46.545378"><ele>117.0</ele></trkpt>
<trkpt lon="1.572154" lat="46.545108"><ele>118.5</ele></trkpt>
<trkpt lon="1.572142" lat="46.545072"><ele>118.0</ele></trkpt>
<trkpt lon="1.572501" lat="46.544805"><ele>117.5</ele></trkpt>
<trkpt lon="1.572601" lat="46.544682"><ele>116.5</ele></trkpt>
<trkpt lon="1.572971" lat="46.544410"><ele>114.75</ele></trkpt>
<trkpt lon="1.573022" lat="46.544351"><ele>114.5</ele></trkpt>
<trkpt lon="1.573043" lat="46.544250"><ele>114.25</ele></trkpt>
<trkpt lon="1.573062" lat="46.544179"><ele>114.0</ele></trkpt>
<trkpt lon="1.573244" lat="46.544106"><ele>115.5</ele></trkpt>
<trkpt lon="1.573531" lat="46.543582"><ele>117.75</ele></trkpt>
<trkpt lon="1.573899" lat="46.542873"><ele>115.75</ele></trkpt>
<trkpt lon="1.573931" lat="46.542455"><ele>113.75</ele></trkpt>
<trkpt lon="1.574596" lat="46.541342"><ele>114.0</ele></trkpt>
<trkpt lon="1.575039" lat="46.540652"><ele>114.0</ele></trkpt>
<trkpt lon="1.575342" lat="46.540294"><ele>114.75</ele></trkpt>
<trkpt lon="1.575550" lat="46.540219"><ele>116.0</ele></trkpt>
<trkpt lon="1.575763" lat="46.540152"><ele>117.75</ele></trkpt>
<trkpt lon="1.575949" lat="46.540158"><ele>121.5</ele></trkpt>
<trkpt lon="1.576075" lat="46.540211"><ele>125.25</ele></trkpt>
<trkpt lon="1.576155" lat="46.540117"><ele>125.5</ele></trkpt>
<trkpt lon="1.576197" lat="46.540036"><ele>125.75</ele></trkpt>
<trkpt lon="1.576564" lat="46.539207"><ele>120.75</ele></trkpt>
<trkpt lon="1.576931" lat="46.538535"><ele>114.75</ele></trkpt>
<trkpt lon="1.577242" lat="46.538233"><ele>115.0</ele></trkpt>
<trkpt lon="1.577365" lat="46.538162"><ele>115.25</ele></trkpt>
<trkpt lon="1.577505" lat="46.538188"><ele>116.75</ele></trkpt>
<trkpt lon="1.577644" lat="46.538089"><ele>117.0</ele></trkpt>
<trkpt lon="1.578111" lat="46.537306"><ele>114.75</ele></trkpt>
<trkpt lon="1.578293" lat="46.536989"><ele>114.75</ele></trkpt>
<trkpt lon="1.578502" lat="46.536450"><ele>115.25</ele></trkpt>
<trkpt lon="1.578562" lat="46.536230"><ele>114.75</ele></trkpt>
<trkpt lon="1.578666" lat="46.535939"><ele>115.25</ele></trkpt>
<trkpt lon="1.578669" lat="46.535849"><ele>114.75</ele></trkpt>
<trkpt lon="1.578653" lat="46.535784"><ele>114.5</ele></trkpt>
<trkpt lon="1.578653" lat="46.535712"><ele>114.5</ele></trkpt>
<trkpt lon="1.578679" lat="46.534664"><ele>114.0</ele></trkpt>
<trkpt lon="1.579012" lat="46.533428"><ele>114.75</ele></trkpt>
<trkpt lon="1.579168" lat="46.533037"><ele>114.75</ele></trkpt>
<trkpt lon="1.579345" lat="46.532703"><ele>115.5</ele></trkpt>
<trkpt lon="1.579790" lat="46.532232"><ele>115.5</ele></trkpt>
<trkpt lon="1.579917" lat="46.532084"><ele>115.5</ele></trkpt>
<trkpt lon="1.580035" lat="46.532076"><ele>116.0</ele></trkpt>
<trkpt lon="1.580552" lat="46.531428"><ele>116.75</ele></trkpt>
<trkpt lon="1.580927" lat="46.531040"><ele>116.25</ele></trkpt>
<trkpt lon="1.581372" lat="46.530590"><ele>117.75</ele></trkpt>
<trkpt lon="1.581474" lat="46.530409"><ele>116.75</ele></trkpt>
<trkpt lon="1.582077" lat="46.530218"><ele>121.0</ele></trkpt>
<trkpt lon="1.582288" lat="46.530207"><ele>125.5</ele></trkpt>
<trkpt lon="1.582522" lat="46.530195"><ele>131.75</ele></trkpt>
<trkpt lon="1.582797" lat="46.530194"><ele>136.75</ele></trkpt>
<trkpt lon="1.583166" lat="46.530275"><ele>139.5</ele></trkpt>
<trkpt lon="1.583384" lat="46.530163"><ele>144.0</ele></trkpt>
<trkpt lon="1.583521" lat="46.529991"><ele>143.25</ele></trkpt>
<trkpt lon="1.583471" lat="46.529943"><ele>146.25</ele></trkpt>
<trkpt lon="1.583354" lat="46.529960"><ele>147.25</ele></trkpt>
<trkpt lon="1.583222" lat="46.529967"><ele>149.5</ele></trkpt>
<trkpt lon="1.583209" lat="46.529903"><ele>153.25</ele></trkpt>
<trkpt lon="1.583372" lat="46.529777"><ele>158.0</ele></trkpt>
<trkpt lon="1.583408" lat="46.529580"><ele>162.75</ele></trkpt>
<trkpt lon="1.583652" lat="46.529452"><ele>168.75</ele></trkpt>
<trkpt lon="1.583802" lat="46.529265"><ele>172.5</ele></trkpt>
<trkpt lon="1.584173" lat="46.529081"><ele>177.5</ele></trkpt>
<trkpt lon="1.584586" lat="46.528914"><ele>182.25</ele></trkpt>
<trkpt lon="1.584924" lat="46.528800"><ele>184.75</ele></trkpt>
<trkpt lon="1.584934" lat="46.528723"><ele>185.25</ele></trkpt>
<trkpt lon="1.585020" lat="46.528564"><ele>186.25</ele></trkpt>
<trkpt lon="1.585202" lat="46.528265"><ele>188.5</ele></trkpt>
<trkpt lon="1.585315" lat="46.528191"><ele>189.0</ele></trkpt>
<trkpt lon="1.585754" lat="46.527804"><ele>190.25</ele></trkpt>
<trkpt lon="1.585980" lat="46.527590"><ele>191.0</ele></trkpt>
<trkpt lon="1.586254" lat="46.527401"><ele>192.25</ele></trkpt>
<trkpt lon="1.586420" lat="46.527358"><ele>192.5</ele></trkpt>
<trkpt lon="1.586581" lat="46.527358"><ele>192.75</ele></trkpt>
<trkpt lon="1.586747" lat="46.527336"><ele>193.0</ele></trkpt>
<trkpt lon="1.586897" lat="46.527236"><ele>193.0</ele></trkpt>
<trkpt lon="1.587128" lat="46.527155"><ele>193.25</ele></trkpt>
<trkpt lon="1.587338" lat="46.527099"><ele>193.25</ele></trkpt>
<trkpt lon="1.587552" lat="46.527069"><ele>193.25</ele></trkpt>
<trkpt lon="1.587788" lat="46.527088"><ele>194.0</ele></trkpt>
<trkpt lon="1.588040" lat="46.527143"><ele>195.25</ele></trkpt>
<trkpt lon="1.588321" lat="46.527236"><ele>197.0</ele></trkpt>
<trkpt lon="1.588479" lat="46.527321"><ele>197.5</ele></trkpt>
<trkpt lon="1.588529" lat="46.527363"><ele>197.75</ele></trkpt>
<trkpt lon="1.588637" lat="46.527206"><ele>196.75</ele></trkpt>
<trkpt lon="1.588772" lat="46.527081"><ele>196.5</ele></trkpt>
<trkpt lon="1.588845" lat="46.526936"><ele>195.5</ele></trkpt>
<trkpt lon="1.589038" lat="46.526512"><ele>181.5</ele></trkpt>
<trkpt lon="1.589092" lat="46.526209"><ele>162.25</ele></trkpt>
<trkpt lon="1.589204" lat="46.526132"><ele>157.75</ele></trkpt>
<trkpt lon="1.589333" lat="46.526054"><ele>156.0</ele></trkpt>
<trkpt lon="1.589285" lat="46.525958"><ele>151.5</ele></trkpt>
<trkpt lon="1.589081" lat="46.526025"><ele>150.25</ele></trkpt>
<trkpt lon="1.588893" lat="46.526032"><ele>148.5</ele></trkpt>
<trkpt lon="1.588936" lat="46.525947"><ele>143.5</ele></trkpt>
<trkpt lon="1.589199" lat="46.525807"><ele>141.5</ele></trkpt>
<trkpt lon="1.589129" lat="46.525744"><ele>137.0</ele></trkpt>
<trkpt lon="1.588813" lat="46.525825"><ele>133.5</ele></trkpt>
<trkpt lon="1.588641" lat="46.525818"><ele>131.0</ele></trkpt>
<trkpt lon="1.588636" lat="46.525715"><ele>129.0</ele></trkpt>
<trkpt lon="1.588979" lat="46.525582"><ele>128.5</ele></trkpt>
<trkpt lon="1.589135" lat="46.525427"><ele>127.75</ele></trkpt>
<trkpt lon="1.589746" lat="46.524914"><ele>130.0</ele></trkpt>
<trkpt lon="1.590036" lat="46.524641"><ele>133.5</ele></trkpt>
<trkpt lon="1.590358" lat="46.524076"><ele>128.5</ele></trkpt>
<trkpt lon="1.590567" lat="46.523751"><ele>127.5</ele></trkpt>
<trkpt lon="1.590653" lat="46.523559"><ele>129.25</ele></trkpt>
<trkpt lon="1.590642" lat="46.523223"><ele>127.75</ele></trkpt>
<trkpt lon="1.590615" lat="46.522924"><ele>128.25</ele></trkpt>
<trkpt lon="1.590545" lat="46.522684"><ele>129.0</ele></trkpt>
<trkpt lon="1.590433" lat="46.522492"><ele>130.0</ele></trkpt>
<trkpt lon="1.590261" lat="46.522341"><ele>128.25</ele></trkpt>
<trkpt lon="1.590177" lat="46.522256"><ele>128.5</ele></trkpt>
<trkpt lon="1.589744" lat="46.521977"><ele>126.25</ele></trkpt>
<trkpt lon="1.589798" lat="46.521938"><ele>127.75</ele></trkpt>
<trkpt lon="1.589868" lat="46.521788"><ele>135.25</ele></trkpt>
<trkpt lon="1.589894" lat="46.521616"><ele>143.5</ele></trkpt>
<trkpt lon="1.589856" lat="46.521550"><ele>146.5</ele></trkpt>
<trkpt lon="1.589781" lat="46.521374"><ele>156.5</ele></trkpt>
<trkpt lon="1.589889" lat="46.521362"><ele>158.0</ele></trkpt>
<trkpt lon="1.590232" lat="46.521461"><ele>160.25</ele></trkpt>
<trkpt lon="1.590580" lat="46.521494"><ele>170.5</ele></trkpt>
<trkpt lon="1.590620" lat="46.521355"><ele>179.25</ele></trkpt>
<trkpt lon="1.590745" lat="46.521339"><ele>183.0</ele></trkpt>
<trkpt lon="1.590653" lat="46.521257"><ele>184.25</ele></trkpt>
<trkpt lon="1.590639" lat="46.521201"><ele>186.5</ele></trkpt>
<trkpt lon="1.590641" lat="46.521172"><ele>187.75</ele></trkpt>
<trkpt lon="1.590678" lat="46.521133"><ele>189.75</ele></trkpt>
<trkpt lon="1.590757" lat="46.521171"><ele>189.25</ele></trkpt>
<trkpt lon="1.590880" lat="46.521230"><ele>189.25</ele></trkpt>
<trkpt lon="1.591009" lat="46.521270"><ele>190.5</ele></trkpt>
<trkpt lon="1.591305" lat="46.521348"><ele>193.75</ele></trkpt>
<trkpt lon="1.591961" lat="46.521500"><ele>196.5</ele></trkpt>
<trkpt lon="1.592610" lat="46.521655"><ele>200.25</ele></trkpt>
<trkpt lon="1.592624" lat="46.521631"><ele>200.5</ele></trkpt>
<trkpt lon="1.592658" lat="46.521619"><ele>200.75</ele></trkpt>
<trkpt lon="1.592733" lat="46.521621"><ele>201.0</ele></trkpt>
<trkpt lon="1.592817" lat="46.521635"><ele>201.75</ele></trkpt>
<trkpt lon="1.593539" lat="46.521843"><ele>208.0</ele></trkpt>
<trkpt lon="1.593634" lat="46.521775"><ele>208.5</ele></trkpt>
<trkpt lon="1.593860" lat="46.521713"><ele>210.25</ele></trkpt>
<trkpt lon="1.594362" lat="46.521556"><ele>213.0</ele></trkpt>
<trkpt lon="1.595038" lat="46.521383"><ele>216.0</ele></trkpt>
<trkpt lon="1.595112" lat="46.521344"><ele>216.5</ele></trkpt>
<trkpt lon="1.595163" lat="46.520884"><ele>219.25</ele></trkpt>
<trkpt lon="1.595292" lat="46.520098"><ele>223.5</ele></trkpt>
<trkpt lon="1.595780" lat="46.519068"><ele>230.75</ele></trkpt>
<trkpt lon="1.595764" lat="46.519051"><ele>230.75</ele></trkpt>
<trkpt lon="1.595716" lat="46.519022"><ele>230.75</ele></trkpt>
<trkpt lon="1.595875" lat="46.518703"><ele>230.0</ele></trkpt>
<trkpt lon="1.595894" lat="46.518644"><ele>229.75</ele></trkpt>
<trkpt lon="1.595935" lat="46.517522"><ele>223.25</ele></trkpt>
<trkpt lon="1.595946" lat="46.517222"><ele>221.0</ele></trkpt>
<trkpt lon="1.595958" lat="46.517104"><ele>220.25</ele></trkpt>
<trkpt lon="1.596124" lat="46.516296"><ele>213.75</ele></trkpt>
<trkpt lon="1.596086" lat="46.516251"><ele>213.5</ele></trkpt>
<trkpt lon="1.595002" lat="46.515676"><ele>211.5</ele></trkpt>
<trkpt lon="1.594904" lat="46.515614"><ele>211.5</ele></trkpt>
<trkpt lon="1.594986" lat="46.515532"><ele>209.5</ele></trkpt>
<trkpt lon="1.595251" lat="46.515306"><ele>204.5</ele></trkpt>
<trkpt lon="1.595385" lat="46.515178"><ele>201.5</ele></trkpt>
<trkpt lon="1.595495" lat="46.515019"><ele>199.0</ele></trkpt>
<trkpt lon="1.595522" lat="46.514949"><ele>198.25</ele></trkpt>
<trkpt lon="1.595525" lat="46.514882"><ele>197.75</ele></trkpt>
<trkpt lon="1.595507" lat="46.514833"><ele>197.25</ele></trkpt>
<trkpt lon="1.595458" lat="46.514763"><ele>196.0</ele></trkpt>
<trkpt lon="1.595212" lat="46.514489"><ele>188.0</ele></trkpt>
<trkpt lon="1.595152" lat="46.514408"><ele>184.5</ele></trkpt>
<trkpt lon="1.595152" lat="46.514357"><ele>183.0</ele></trkpt>
<trkpt lon="1.595173" lat="46.514301"><ele>181.75</ele></trkpt>
<trkpt lon="1.595237" lat="46.514217"><ele>180.5</ele></trkpt>
<trkpt lon="1.595273" lat="46.514186"><ele>180.5</ele></trkpt>
<trkpt lon="1.595491" lat="46.514011"><ele>176.75</ele></trkpt>
<trkpt lon="1.595569" lat="46.513928"><ele>173.75</ele></trkpt>
<trkpt lon="1.595699" lat="46.513758"><ele>167.75</ele></trkpt>
<trkpt lon="1.595760" lat="46.513723"><ele>166.5</ele></trkpt>
<trkpt lon="1.595866" lat="46.513680"><ele>164.75</ele></trkpt>
<trkpt lon="1.595935" lat="46.513641"><ele>163.0</ele></trkpt>
<trkpt lon="1.595898" lat="46.513615"><ele>162.5</ele></trkpt>
<trkpt lon="1.595832" lat="46.513593"><ele>162.5</ele></trkpt>
<trkpt lon="1.595749" lat="46.513586"><ele>162.5</ele></trkpt>
<trkpt lon="1.595499" lat="46.513602"><ele>163.0</ele></trkpt>
<trkpt lon="1.595464" lat="46.513594"><ele>162.75</ele></trkpt>
<trkpt lon="1.595436" lat="46.513573"><ele>162.5</ele></trkpt>
<trkpt lon="1.595549" lat="46.513535"><ele>161.5</ele></trkpt>
<trkpt lon="1.595686" lat="46.513510"><ele>161.0</ele></trkpt>
<trkpt lon="1.595900" lat="46.513502"><ele>160.5</ele></trkpt>
<trkpt lon="1.595982" lat="46.513504"><ele>160.0</ele></trkpt>
<trkpt lon="1.595981" lat="46.513477"><ele>159.5</ele></trkpt>
<trkpt lon="1.595953" lat="46.513463"><ele>159.25</ele></trkpt>
<trkpt lon="1.595805" lat="46.513385"><ele>158.75</ele></trkpt>
<trkpt lon="1.595797" lat="46.513365"><ele>158.5</ele></trkpt>
<trkpt lon="1.595760" lat="46.513295"><ele>156.75</ele></trkpt>
<trkpt lon="1.595592" lat="46.513272"><ele>156.0</ele></trkpt>
<trkpt lon="1.595508" lat="46.513148"><ele>151.5</ele></trkpt>
<trkpt lon="1.595429" lat="46.513119"><ele>150.0</ele></trkpt>
<trkpt lon="1.595441" lat="46.513094"><ele>149.25</ele></trkpt>
<trkpt lon="1.595427" lat="46.513056"><ele>148.0</ele></trkpt>
<trkpt lon="1.595527" lat="46.513021"><ele>148.0</ele></trkpt>
<trkpt lon="1.595499" lat="46.512988"><ele>147.0</ele></trkpt>
<trkpt lon="1.595479" lat="46.512937"><ele>145.75</ele></trkpt>
<trkpt lon="1.595478" lat="46.512862"><ele>144.25</ele></trkpt>
<trkpt lon="1.595334" lat="46.512830"><ele>141.25</ele></trkpt>
<trkpt lon="1.595126" lat="46.512755"><ele>137.75</ele></trkpt>
<trkpt lon="1.594686" lat="46.512615"><ele>135.5</ele></trkpt>
<trkpt lon="1.594442" lat="46.512569"><ele>134.75</ele></trkpt>
<trkpt lon="1.594375" lat="46.512557"><ele>134.75</ele></trkpt>
<trkpt lon="1.594108" lat="46.512504"><ele>134.75</ele></trkpt>
<trkpt lon="1.593831" lat="46.512439"><ele>135.75</ele></trkpt>
<trkpt lon="1.593694" lat="46.512413"><ele>137.0</ele></trkpt>
<trkpt lon="1.593339" lat="46.512359"><ele>140.0</ele></trkpt>
<trkpt lon="1.592987" lat="46.512299"><ele>142.25</ele></trkpt>
<trkpt lon="1.592537" lat="46.512198"><ele>146.0</ele></trkpt>
<trkpt lon="1.592462" lat="46.512158"><ele>146.25</ele></trkpt>
<trkpt lon="1.592199" lat="46.512121"><ele>146.0</ele></trkpt>
<trkpt lon="1.592205" lat="46.512092"><ele>146.25</ele></trkpt>
<trkpt lon="1.592196" lat="46.512008"><ele>147.0</ele></trkpt>
<trkpt lon="1.592214" lat="46.511757"><ele>149.75</ele></trkpt>
<trkpt lon="1.592258" lat="46.511422"><ele>155.5</ele></trkpt>
<trkpt lon="1.592254" lat="46.511310"><ele>157.25</ele></trkpt>
<trkpt lon="1.592227" lat="46.511179"><ele>159.0</ele></trkpt>
<trkpt lon="1.592124" lat="46.510935"><ele>162.75</ele></trkpt>
<trkpt lon="1.591906" lat="46.510427"><ele>169.5</ele></trkpt>
<trkpt lon="1.591761" lat="46.510037"><ele>173.5</ele></trkpt>
<trkpt lon="1.591800" lat="46.509993"><ele>174.5</ele></trkpt>
<trkpt lon="1.591877" lat="46.509882"><ele>176.75</ele></trkpt>
<trkpt lon="1.591942" lat="46.509783"><ele>178.25</ele></trkpt>
<trkpt lon="1.591962" lat="46.509735"><ele>178.75</ele></trkpt>
<trkpt lon="1.591892" lat="46.509325"><ele>182.0</ele></trkpt>
<trkpt lon="1.591871" lat="46.509275"><ele>182.5</ele></trkpt>
<trkpt lon="1.591806" lat="46.509199"><ele>183.0</ele></trkpt>
<trkpt lon="1.591909" lat="46.508757"><ele>188.25</ele></trkpt>
<trkpt lon="1.591913" lat="46.508645"><ele>189.5</ele></trkpt>
<trkpt lon="1.591911" lat="46.508594"><ele>190.0</ele></trkpt>
<trkpt lon="1.591803" lat="46.508156"><ele>192.5</ele></trkpt>
<trkpt lon="1.591793" lat="46.508092"><ele>192.75</ele></trkpt>
<trkpt lon="1.591793" lat="46.507976"><ele>193.0</ele></trkpt>
<trkpt lon="1.591796" lat="46.507820"><ele>193.25</ele></trkpt>
<trkpt lon="1.591835" lat="46.506913"><ele>194.0</ele></trkpt>
<trkpt lon="1.591809" lat="46.506357"><ele>194.5</ele></trkpt>
<trkpt lon="1.591833" lat="46.506244"><ele>194.5</ele></trkpt>
<trkpt lon="1.591859" lat="46.506190"><ele>194.5</ele></trkpt>
<trkpt lon="1.591974" lat="46.506063"><ele>195.25</ele></trkpt>
<trkpt lon="1.591984" lat="46.506035"><ele>195.25</ele></trkpt>
<trkpt lon="1.592051" lat="46.506050"><ele>195.5</ele></trkpt>
<trkpt lon="1.592059" lat="46.506032"><ele>195.5</ele></trkpt>
<trkpt lon="1.592053" lat="46.505998"><ele>195.5</ele></trkpt>
<trkpt lon="1.591983" lat="46.505836"><ele>195.75</ele></trkpt>
<trkpt lon="1.591963" lat="46.505742"><ele>196.5</ele></trkpt>
<trkpt lon="1.591945" lat="46.505534"><ele>198.0</ele></trkpt>
<trkpt lon="1.591952" lat="46.505337"><ele>198.75</ele></trkpt>
<trkpt lon="1.591965" lat="46.505212"><ele>199.5</ele></trkpt>
<trkpt lon="1.591986" lat="46.505126"><ele>200.25</ele></trkpt>
<trkpt lon="1.592373" lat="46.503905"><ele>204.75</ele></trkpt>
<trkpt lon="1.592509" lat="46.503432"><ele>205.0</ele></trkpt>
<trkpt lon="1.592526" lat="46.503224"><ele>205.75</ele></trkpt>
<trkpt lon="1.592512" lat="46.502884"><ele>208.25</ele></trkpt>
<trkpt lon="1.592518" lat="46.502784"><ele>209.0</ele></trkpt>
<trkpt lon="1.592541" lat="46.502717"><ele>209.5</ele></trkpt>
<trkpt lon="1.592523" lat="46.502699"><ele>209.5</ele></trkpt>
<trkpt lon="1.592510" lat="46.502652"><ele>209.75</ele></trkpt>
<trkpt lon="1.592440" lat="46.502167"><ele>211.75</ele></trkpt>
<trkpt lon="1.592410" lat="46.502128"><ele>212.0</ele></trkpt>
<trkpt lon="1.592379" lat="46.502036"><ele>212.25</ele></trkpt>
<trkpt lon="1.592365" lat="46.501859"><ele>213.0</ele></trkpt>
<trkpt lon="1.592383" lat="46.501578"><ele>213.75</ele></trkpt>
<trkpt lon="1.592383" lat="46.501434"><ele>214.0</ele></trkpt>
<trkpt lon="1.592370" lat="46.501377"><ele>214.0</ele></trkpt>
<trkpt lon="1.592334" lat="46.501317"><ele>214.0</ele></trkpt>
<trkpt lon="1.592292" lat="46.501268"><ele>214.0</ele></trkpt>
<trkpt lon="1.592222" lat="46.501205"><ele>214.25</ele></trkpt>
<trkpt lon="1.592115" lat="46.501150"><ele>214.25</ele></trkpt>
<trkpt lon="1.592046" lat="46.501124"><ele>214.25</ele></trkpt>
<trkpt lon="1.591927" lat="46.501109"><ele>214.0</ele></trkpt>
<trkpt lon="1.591664" lat="46.501109"><ele>214.0</ele></trkpt>
<trkpt lon="1.591570" lat="46.501097"><ele>214.0</ele></trkpt>
<trkpt lon="1.591495" lat="46.501075"><ele>214.25</ele></trkpt>
<trkpt lon="1.591426" lat="46.501040"><ele>214.5</ele></trkpt>
<trkpt lon="1.591386" lat="46.501002"><ele>214.75</ele></trkpt>
<trkpt lon="1.591360" lat="46.500963"><ele>215.0</ele></trkpt>
<trkpt lon="1.591332" lat="46.500896"><ele>215.5</ele></trkpt>
<trkpt lon="1.591313" lat="46.500814"><ele>216.0</ele></trkpt>
<trkpt lon="1.591291" lat="46.500658"><ele>217.0</ele></trkpt>
<trkpt lon="1.591165" lat="46.500399"><ele>217.75</ele></trkpt>
<trkpt lon="1.591107" lat="46.500308"><ele>217.75</ele></trkpt>
<trkpt lon="1.590961" lat="46.500113"><ele>218.0</ele></trkpt>
<trkpt lon="1.590753" lat="46.499872"><ele>218.0</ele></trkpt>
<trkpt lon="1.590470" lat="46.499611"><ele>217.5</ele></trkpt>
<trkpt lon="1.590165" lat="46.499286"><ele>216.75</ele></trkpt>
<trkpt lon="1.590127" lat="46.499210"><ele>216.75</ele></trkpt>
<trkpt lon="1.590019" lat="46.498762"><ele>216.0</ele></trkpt>
<trkpt lon="1.589906" lat="46.498481"><ele>215.25</ele></trkpt>
<trkpt lon="1.589779" lat="46.498239"><ele>214.5</ele></trkpt>
<trkpt lon="1.589461" lat="46.497816"><ele>214.75</ele></trkpt>
<trkpt lon="1.589247" lat="46.497558"><ele>215.5</ele></trkpt>
<trkpt lon="1.589171" lat="46.497430"><ele>216.5</ele></trkpt>
<trkpt lon="1.589125" lat="46.497326"><ele>216.75</ele></trkpt>
<trkpt lon="1.589082" lat="46.497197"><ele>217.25</ele></trkpt>
<trkpt lon="1.589056" lat="46.497087"><ele>217.5</ele></trkpt>
<trkpt lon="1.589022" lat="46.496818"><ele>218.25</ele></trkpt>
<trkpt lon="1.588970" lat="46.496365"><ele>218.5</ele></trkpt>
<trkpt lon="1.588804" lat="46.495630"><ele>215.75</ele></trkpt>
<trkpt lon="1.588799" lat="46.495554"><ele>215.5</ele></trkpt>
<trkpt lon="1.588808" lat="46.495522"><ele>215.5</ele></trkpt>
<trkpt lon="1.588827" lat="46.495500"><ele>215.25</ele></trkpt>
<trkpt lon="1.588768" lat="46.495467"><ele>215.0</ele></trkpt>
<trkpt lon="1.588737" lat="46.495438"><ele>214.75</ele></trkpt>
<trkpt lon="1.588713" lat="46.495402"><ele>214.5</ele></trkpt>
<trkpt lon="1.588697" lat="46.495318"><ele>214.0</ele></trkpt>
<trkpt lon="1.588707" lat="46.495269"><ele>213.75</ele></trkpt>
<trkpt lon="1.588788" lat="46.495128"><ele>212.75</ele></trkpt>
<trkpt lon="1.588843" lat="46.495008"><ele>211.25</ele></trkpt>
<trkpt lon="1.588853" lat="46.494937"><ele>210.75</ele></trkpt>
<trkpt lon="1.588851" lat="46.494782"><ele>210.25</ele></trkpt>
<trkpt lon="1.588833" lat="46.494708"><ele>209.75</ele></trkpt>
<trkpt lon="1.588799" lat="46.494668"><ele>209.5</ele></trkpt>
<trkpt lon="1.588717" lat="46.494601"><ele>209.0</ele></trkpt>
<trkpt lon="1.588773" lat="46.494578"><ele>208.75</ele></trkpt>
<trkpt lon="1.588858" lat="46.494519"><ele>208.5</ele></trkpt>
<trkpt lon="1.589065" lat="46.494064"><ele>207.25</ele></trkpt>
<trkpt lon="1.589430" lat="46.493459"><ele>208.75</ele></trkpt>
<trkpt lon="1.589537" lat="46.493265"><ele>209.75</ele></trkpt>
<trkpt lon="1.589604" lat="46.493128"><ele>210.25</ele></trkpt>
<trkpt lon="1.589664" lat="46.492977"><ele>211.0</ele></trkpt>
<trkpt lon="1.589903" lat="46.492323"><ele>212.5</ele></trkpt>
<trkpt lon="1.590119" lat="46.491698"><ele>210.0</ele></trkpt>
<trkpt lon="1.590156" lat="46.491637"><ele>209.75</ele></trkpt>
<trkpt lon="1.590251" lat="46.491536"><ele>209.0</ele></trkpt>
<trkpt lon="1.590397" lat="46.491426"><ele>208.25</ele></trkpt>
<trkpt lon="1.590543" lat="46.491345"><ele>207.5</ele></trkpt>
<trkpt lon="1.590744" lat="46.491268"><ele>207.0</ele></trkpt>
<trkpt lon="1.590868" lat="46.491234"><ele>206.75</ele></trkpt>
<trkpt lon="1.591156" lat="46.491170"><ele>206.25</ele></trkpt>
<trkpt lon="1.591317" lat="46.491141"><ele>205.5</ele></trkpt>
<trkpt lon="1.591470" lat="46.491127"><ele>204.75</ele></trkpt>
<trkpt lon="1.591616" lat="46.491147"><ele>204.5</ele></trkpt>
<trkpt lon="1.591709" lat="46.491172"><ele>204.25</ele></trkpt>
<trkpt lon="1.591962" lat="46.491271"><ele>203.5</ele></trkpt>
<trkpt lon="1.592040" lat="46.491295"><ele>203.75</ele></trkpt>
<trkpt lon="1.592095" lat="46.491302"><ele>204.0</ele></trkpt>
<trkpt lon="1.592204" lat="46.491308"><ele>204.0</ele></trkpt>
<trkpt lon="1.592913" lat="46.491286"><ele>208.75</ele></trkpt>
<trkpt lon="1.593158" lat="46.491265"><ele>210.25</ele></trkpt>
<trkpt lon="1.593266" lat="46.491250"><ele>211.0</ele></trkpt>
<trkpt lon="1.593375" lat="46.491223"><ele>211.25</ele></trkpt>
<trkpt lon="1.593471" lat="46.491190"><ele>211.5</ele></trkpt>
<trkpt lon="1.593548" lat="46.491156"><ele>211.75</ele></trkpt>
<trkpt lon="1.593626" lat="46.491106"><ele>212.0</ele></trkpt>
<trkpt lon="1.593665" lat="46.491058"><ele>212.0</ele></trkpt>
<trkpt lon="1.593687" lat="46.491014"><ele>212.0</ele></trkpt>
<trkpt lon="1.593695" lat="46.490968"><ele>212.0</ele></trkpt>
<trkpt lon="1.593668" lat="46.490891"><ele>212.0</ele></trkpt>
<trkpt lon="1.593633" lat="46.490848"><ele>212.0</ele></trkpt>
<trkpt lon="1.593583" lat="46.490808"><ele>212.0</ele></trkpt>
<trkpt lon="1.593391" lat="46.490709"><ele>212.5</ele></trkpt>
<trkpt lon="1.593318" lat="46.490665"><ele>212.75</ele></trkpt>
<trkpt lon="1.593215" lat="46.490574"><ele>213.25</ele></trkpt>
<trkpt lon="1.593148" lat="46.490463"><ele>213.75</ele></trkpt>
<trkpt lon="1.592991" lat="46.489973"><ele>215.75</ele></trkpt>
<trkpt lon="1.592913" lat="46.489830"><ele>216.25</ele></trkpt>
<trkpt lon="1.592709" lat="46.489561"><ele>216.25</ele></trkpt>
<trkpt lon="1.592642" lat="46.489427"><ele>216.5</ele></trkpt>
<trkpt lon="1.592635" lat="46.489378"><ele>216.25</ele></trkpt>
<trkpt lon="1.592953" lat="46.489289"><ele>217.25</ele></trkpt>
<trkpt lon="1.593035" lat="46.489275"><ele>217.25</ele></trkpt>
<trkpt lon="1.593203" lat="46.489278"><ele>218.0</ele></trkpt>
<trkpt lon="1.593969" lat="46.489330"><ele>220.25</ele></trkpt>
<trkpt lon="1.595135" lat="46.489410"><ele>223.0</ele></trkpt>
<trkpt lon="1.595876" lat="46.489433"><ele>224.0</ele></trkpt>
<trkpt lon="1.595900" lat="46.489338"><ele>224.25</ele></trkpt>
<trkpt lon="1.595951" lat="46.489205"><ele>224.5</ele></trkpt>
<trkpt lon="1.595972" lat="46.489181"><ele>224.5</ele></trkpt>
<trkpt lon="1.596039" lat="46.489134"><ele>224.0</ele></trkpt>
<trkpt lon="1.596340" lat="46.489006"><ele>222.75</ele></trkpt>
<trkpt lon="1.596437" lat="46.488979"><ele>222.0</ele></trkpt>
<trkpt lon="1.596623" lat="46.488950"><ele>220.5</ele></trkpt>
<trkpt lon="1.596668" lat="46.488934"><ele>219.75</ele></trkpt>
<trkpt lon="1.596982" lat="46.488728"><ele>218.5</ele></trkpt>
<trkpt lon="1.597069" lat="46.488620"><ele>218.75</ele></trkpt>
<trkpt lon="1.597091" lat="46.488548"><ele>219.5</ele></trkpt>
<trkpt lon="1.596923" lat="46.488306"><ele>220.0</ele></trkpt>
<trkpt lon="1.596396" lat="46.487680"><ele>215.75</ele></trkpt>
<trkpt lon="1.596246" lat="46.487380"><ele>213.5</ele></trkpt>
<trkpt lon="1.595703" lat="46.487096"><ele>209.25</ele></trkpt>
<trkpt lon="1.595144" lat="46.486714"><ele>208.0</ele></trkpt>
<trkpt lon="1.594778" lat="46.486592"><ele>202.75</ele></trkpt>
<trkpt lon="1.594364" lat="46.486427"><ele>197.25</ele></trkpt>
<trkpt lon="1.594037" lat="46.486310"><ele>191.75</ele></trkpt>
<trkpt lon="1.593910" lat="46.486107"><ele>195.75</ele></trkpt>
<trkpt lon="1.593914" lat="46.485905"><ele>201.5</ele></trkpt>
<trkpt lon="1.594014" lat="46.485688"><ele>198.25</ele></trkpt>
<trkpt lon="1.594374" lat="46.485473"><ele>201.5</ele></trkpt>
<trkpt lon="1.594572" lat="46.485422"><ele>205.0</ele></trkpt>
<trkpt lon="1.594889" lat="46.485230"><ele>204.75</ele></trkpt>
<trkpt lon="1.595184" lat="46.485174"><ele>201.75</ele></trkpt>
<trkpt lon="1.595326" lat="46.485198"><ele>203.75</ele></trkpt>
<trkpt lon="1.595459" lat="46.485243"><ele>205.5</ele></trkpt>
<trkpt lon="1.595636" lat="46.485277"><ele>208.5</ele></trkpt>
<trkpt lon="1.595825" lat="46.485232"><ele>213.5</ele></trkpt>
<trkpt lon="1.595920" lat="46.485014"><ele>210.75</ele></trkpt>
<trkpt lon="1.596360" lat="46.484833"><ele>212.5</ele></trkpt>
<trkpt lon="1.596504" lat="46.484707"><ele>210.0</ele></trkpt>
<trkpt lon="1.596659" lat="46.484671"><ele>210.5</ele></trkpt>
<trkpt lon="1.596897" lat="46.484497"><ele>205.0</ele></trkpt>
<trkpt lon="1.597158" lat="46.484152"><ele>204.75</ele></trkpt>
<trkpt lon="1.597319" lat="46.484077"><ele>205.0</ele></trkpt>
<trkpt lon="1.597627" lat="46.483988"><ele>211.0</ele></trkpt>
<trkpt lon="1.597836" lat="46.483824"><ele>212.5</ele></trkpt>
<trkpt lon="1.598099" lat="46.483490"><ele>214.75</ele></trkpt>
<trkpt lon="1.598086" lat="46.483274"><ele>210.75</ele></trkpt>
<trkpt lon="1.598169" lat="46.483172"><ele>208.5</ele></trkpt>
<trkpt lon="1.598486" lat="46.483011"><ele>212.75</ele></trkpt>
<trkpt lon="1.598504" lat="46.482917"><ele>211.5</ele></trkpt>
<trkpt lon="1.598584" lat="46.482740"><ele>210.75</ele></trkpt>
<trkpt lon="1.599017" lat="46.482322"><ele>206.75</ele></trkpt>
<trkpt lon="1.599142" lat="46.482254"><ele>205.0</ele></trkpt>
<trkpt lon="1.599435" lat="46.482147"><ele>200.0</ele></trkpt>
<trkpt lon="1.599763" lat="46.481972"><ele>193.25</ele></trkpt>
<trkpt lon="1.600127" lat="46.481805"><ele>189.5</ele></trkpt>
<trkpt lon="1.600553" lat="46.481680"><ele>184.5</ele></trkpt>
<trkpt lon="1.600519" lat="46.481594"><ele>179.5</ele></trkpt>
<trkpt lon="1.600618" lat="46.481577"><ele>177.25</ele></trkpt>
<trkpt lon="1.600603" lat="46.481503"><ele>173.25</ele></trkpt>
<trkpt lon="1.600744" lat="46.481485"><ele>170.5</ele></trkpt>
<trkpt lon="1.600807" lat="46.481461"><ele>168.5</ele></trkpt>
<trkpt lon="1.600798" lat="46.481424"><ele>166.75</ele></trkpt>
<trkpt lon="1.600405" lat="46.481322"><ele>166.25</ele></trkpt>
<trkpt lon="1.599749" lat="46.481359"><ele>159.5</ele></trkpt>
<trkpt lon="1.599368" lat="46.481447"><ele>154.5</ele></trkpt>
<trkpt lon="1.598939" lat="46.481571"><ele>158.25</ele></trkpt>
<trkpt lon="1.598604" lat="46.481485"><ele>149.25</ele></trkpt>
<trkpt lon="1.598716" lat="46.481427"><ele>147.0</ele></trkpt>
<trkpt lon="1.598737" lat="46.481308"><ele>146.0</ele></trkpt>
<trkpt lon="1.598652" lat="46.481086"><ele>145.5</ele></trkpt>
<trkpt lon="1.598654" lat="46.480928"><ele>145.5</ele></trkpt>
<trkpt lon="1.598892" lat="46.480537"><ele>146.0</ele></trkpt>
<trkpt lon="1.598971" lat="46.480135"><ele>148.25</ele></trkpt>
<trkpt lon="1.598996" lat="46.479394"><ele>147.0</ele></trkpt>
<trkpt lon="1.598944" lat="46.478978"><ele>146.25</ele></trkpt>
<trkpt lon="1.599249" lat="46.477723"><ele>147.5</ele></trkpt>
<trkpt lon="1.599612" lat="46.477033"><ele>146.5</ele></trkpt>
<trkpt lon="1.599709" lat="46.476849"><ele>145.75</ele></trkpt>
<trkpt lon="1.600007" lat="46.476350"><ele>147.75</ele></trkpt>
<trkpt lon="1.600098" lat="46.476028"><ele>148.0</ele></trkpt>
<trkpt lon="1.600023" lat="46.475594"><ele>146.0</ele></trkpt>
<trkpt lon="1.599977" lat="46.475428"><ele>145.25</ele></trkpt>
<trkpt lon="1.600055" lat="46.475321"><ele>145.5</ele></trkpt>
<trkpt lon="1.600180" lat="46.475178"><ele>145.5</ele></trkpt>
<trkpt lon="1.600758" lat="46.474825"><ele>153.5</ele></trkpt>
<trkpt lon="1.601059" lat="46.474611"><ele>160.25</ele></trkpt>
<trkpt lon="1.601126" lat="46.474513"><ele>161.25</ele></trkpt>
<trkpt lon="1.601161" lat="46.474361"><ele>157.5</ele></trkpt>
<trkpt lon="1.601215" lat="46.474283"><ele>154.5</ele></trkpt>
<trkpt lon="1.601425" lat="46.474314"><ele>160.0</ele></trkpt>
<trkpt lon="1.601536" lat="46.474288"><ele>162.75</ele></trkpt>
<trkpt lon="1.601616" lat="46.474219"><ele>159.75</ele></trkpt>
<trkpt lon="1.601797" lat="46.474037"><ele>153.25</ele></trkpt>
<trkpt lon="1.602071" lat="46.473827"><ele>149.25</ele></trkpt>
<trkpt lon="1.602241" lat="46.473723"><ele>149.75</ele></trkpt>
<trkpt lon="1.602608" lat="46.473361"><ele>153.25</ele></trkpt>
<trkpt lon="1.602803" lat="46.472982"><ele>148.75</ele></trkpt>
<trkpt lon="1.602934" lat="46.472774"><ele>148.25</ele></trkpt>
<trkpt lon="1.603051" lat="46.472068"><ele>148.25</ele></trkpt>
<trkpt lon="1.603003" lat="46.471713"><ele>147.5</ele></trkpt>
<trkpt lon="1.602934" lat="46.471523"><ele>146.75</ele></trkpt>
<trkpt lon="1.602888" lat="46.471375"><ele>146.25</ele></trkpt>
<trkpt lon="1.602936" lat="46.470852"><ele>149.75</ele></trkpt>
<trkpt lon="1.602916" lat="46.470698"><ele>150.75</ele></trkpt>
<trkpt lon="1.602964" lat="46.469642"><ele>158.5</ele></trkpt>
<trkpt lon="1.602906" lat="46.469459"><ele>159.25</ele></trkpt>
<trkpt lon="1.602790" lat="46.469181"><ele>160.0</ele></trkpt>
<trkpt lon="1.602576" lat="46.468836"><ele>159.75</ele></trkpt>
<trkpt lon="1.602331" lat="46.468557"><ele>159.25</ele></trkpt>
<trkpt lon="1.601893" lat="46.468103"><ele>158.25</ele></trkpt>
<trkpt lon="1.601700" lat="46.467850"><ele>160.25</ele></trkpt>
<trkpt lon="1.600661" lat="46.467623"><ele>148.75</ele></trkpt>
<trkpt lon="1.600091" lat="46.467139"><ele>150.0</ele></trkpt>
<trkpt lon="1.599915" lat="46.466758"><ele>152.0</ele></trkpt>
<trkpt lon="1.599821" lat="46.466464"><ele>150.0</ele></trkpt>
<trkpt lon="1.599714" lat="46.466326"><ele>151.25</ele></trkpt>
<trkpt lon="1.599623" lat="46.466321"><ele>151.5</ele></trkpt>
<trkpt lon="1.599461" lat="46.466364"><ele>149.0</ele></trkpt>
<trkpt lon="1.599292" lat="46.466380"><ele>148.25</ele></trkpt>
<trkpt lon="1.599144" lat="46.466368"><ele>148.5</ele></trkpt>
<trkpt lon="1.598994" lat="46.466302"><ele>149.0</ele></trkpt>
<trkpt lon="1.598413" lat="46.465929"><ele>148.25</ele></trkpt>
<trkpt lon="1.598067" lat="46.465536"><ele>148.25</ele></trkpt>
<trkpt lon="1.597981" lat="46.465389"><ele>148.0</ele></trkpt>
<trkpt lon="1.597956" lat="46.465186"><ele>148.75</ele></trkpt>
<trkpt lon="1.597893" lat="46.464916"><ele>148.5</ele></trkpt>
<trkpt lon="1.597906" lat="46.464802"><ele>148.75</ele></trkpt>
<trkpt lon="1.598012" lat="46.464605"><ele>149.5</ele></trkpt>
<trkpt lon="1.598392" lat="46.463975"><ele>150.25</ele></trkpt>
<trkpt lon="1.598551" lat="46.463628"><ele>149.25</ele></trkpt>
<trkpt lon="1.598764" lat="46.463021"><ele>147.75</ele></trkpt>
<trkpt lon="1.599007" lat="46.462599"><ele>147.5</ele></trkpt>
<trkpt lon="1.599172" lat="46.462373"><ele>147.5</ele></trkpt>
<trkpt lon="1.599306" lat="46.462221"><ele>147.25</ele></trkpt>
<trkpt lon="1.599533" lat="46.462005"><ele>148.0</ele></trkpt>
<trkpt lon="1.599760" lat="46.461758"><ele>148.75</ele></trkpt>
<trkpt lon="1.599966" lat="46.461547"><ele>148.75</ele></trkpt>
<trkpt lon="1.600020" lat="46.461505"><ele>149.0</ele></trkpt>
<trkpt lon="1.600243" lat="46.461367"><ele>151.0</ele></trkpt>
<trkpt lon="1.600464" lat="46.461241"><ele>153.0</ele></trkpt>
<trkpt lon="1.600516" lat="46.461240"><ele>154.0</ele></trkpt>
<trkpt lon="1.600527" lat="46.461176"><ele>153.25</ele></trkpt>
<trkpt lon="1.600524" lat="46.461105"><ele>152.25</ele></trkpt>
<trkpt lon="1.600508" lat="46.461051"><ele>150.5</ele></trkpt>
<trkpt lon="1.600474" lat="46.461001"><ele>148.5</ele></trkpt>
<trkpt lon="1.599769" lat="46.460389"><ele>148.0</ele></trkpt>
<trkpt lon="1.599745" lat="46.460342"><ele>149.5</ele></trkpt>
<trkpt lon="1.599733" lat="46.460288"><ele>151.25</ele></trkpt>
<trkpt lon="1.599733" lat="46.460235"><ele>151.75</ele></trkpt>
<trkpt lon="1.599747" lat="46.460196"><ele>151.75</ele></trkpt>
<trkpt lon="1.599667" lat="46.460166"><ele>152.25</ele></trkpt>
<trkpt lon="1.599597" lat="46.460130"><ele>152.75</ele></trkpt>
<trkpt lon="1.599522" lat="46.460074"><ele>153.25</ele></trkpt>
<trkpt lon="1.599463" lat="46.460014"><ele>153.75</ele></trkpt>
<trkpt lon="1.599366" lat="46.459835"><ele>156.25</ele></trkpt>
<trkpt lon="1.599252" lat="46.459734"><ele>156.25</ele></trkpt>
<trkpt lon="1.599079" lat="46.459616"><ele>156.25</ele></trkpt>
<trkpt lon="1.599090" lat="46.459589"><ele>156.75</ele></trkpt>
<trkpt lon="1.599087" lat="46.459565"><ele>157.0</ele></trkpt>
<trkpt lon="1.599066" lat="46.459514"><ele>157.5</ele></trkpt>
<trkpt lon="1.598762" lat="46.459230"><ele>159.25</ele></trkpt>
<trkpt lon="1.598427" lat="46.458903"><ele>163.75</ele></trkpt>
<trkpt lon="1.598180" lat="46.458447"><ele>185.5</ele></trkpt>
<trkpt lon="1.598090" lat="46.458382"><ele>189.0</ele></trkpt>
<trkpt lon="1.598057" lat="46.458336"><ele>191.75</ele></trkpt>
<trkpt lon="1.598049" lat="46.458285"><ele>192.5</ele></trkpt>
<trkpt lon="1.598062" lat="46.458240"><ele>192.75</ele></trkpt>
<trkpt lon="1.597950" lat="46.458218"><ele>193.0</ele></trkpt>
<trkpt lon="1.597878" lat="46.458191"><ele>193.5</ele></trkpt>
<trkpt lon="1.597835" lat="46.458166"><ele>193.75</ele></trkpt>
<trkpt lon="1.597770" lat="46.458122"><ele>194.75</ele></trkpt>
<trkpt lon="1.597699" lat="46.458028"><ele>196.5</ele></trkpt>
<trkpt lon="1.597684" lat="46.457975"><ele>197.0</ele></trkpt>
<trkpt lon="1.597685" lat="46.457925"><ele>197.5</ele></trkpt>
<trkpt lon="1.597701" lat="46.457867"><ele>198.0</ele></trkpt>
<trkpt lon="1.597724" lat="46.457824"><ele>198.0</ele></trkpt>
<trkpt lon="1.597790" lat="46.457748"><ele>198.25</ele></trkpt>
<trkpt lon="1.597708" lat="46.457712"><ele>199.5</ele></trkpt>
<trkpt lon="1.597663" lat="46.457685"><ele>200.25</ele></trkpt>
<trkpt lon="1.597461" lat="46.457538"><ele>203.5</ele></trkpt>
<trkpt lon="1.597228" lat="46.457272"><ele>206.5</ele></trkpt>
<trkpt lon="1.597128" lat="46.457133"><ele>208.25</ele></trkpt>
<trkpt lon="1.597026" lat="46.456963"><ele>210.5</ele></trkpt>
<trkpt lon="1.596859" lat="46.456579"><ele>213.5</ele></trkpt>
<trkpt lon="1.596823" lat="46.456518"><ele>214.0</ele></trkpt>
<trkpt lon="1.596702" lat="46.456417"><ele>214.75</ele></trkpt>
<trkpt lon="1.596044" lat="46.455980"><ele>216.25</ele></trkpt>
<trkpt lon="1.595857" lat="46.455826"><ele>218.0</ele></trkpt>
<trkpt lon="1.595778" lat="46.455743"><ele>218.75</ele></trkpt>
<trkpt lon="1.595580" lat="46.455467"><ele>221.0</ele></trkpt>
<trkpt lon="1.595476" lat="46.455309"><ele>222.5</ele></trkpt>
<trkpt lon="1.595267" lat="46.454950"><ele>226.0</ele></trkpt>
<trkpt lon="1.595188" lat="46.454787"><ele>227.0</ele></trkpt>
<trkpt lon="1.595158" lat="46.454688"><ele>227.5</ele></trkpt>
<trkpt lon="1.595197" lat="46.454672"><ele>227.5</ele></trkpt>
<trkpt lon="1.595069" lat="46.454490"><ele>228.75</ele></trkpt>
<trkpt lon="1.594973" lat="46.454383"><ele>229.25</ele></trkpt>
<trkpt lon="1.594885" lat="46.454307"><ele>229.75</ele></trkpt>
<trkpt lon="1.594915" lat="46.454288"><ele>229.75</ele></trkpt>
<trkpt lon="1.595109" lat="46.454130"><ele>229.5</ele></trkpt>
<trkpt lon="1.595195" lat="46.454040"><ele>229.25</ele></trkpt>
<trkpt lon="1.595272" lat="46.453942"><ele>229.0</ele></trkpt>
<trkpt lon="1.595300" lat="46.453883"><ele>228.75</ele></trkpt>
<trkpt lon="1.595307" lat="46.453812"><ele>228.75</ele></trkpt>
<trkpt lon="1.595283" lat="46.453567"><ele>228.75</ele></trkpt>
<trkpt lon="1.595294" lat="46.453223"><ele>227.75</ele></trkpt>
<trkpt lon="1.595288" lat="46.453111"><ele>227.75</ele></trkpt>
<trkpt lon="1.595251" lat="46.452839"><ele>227.25</ele></trkpt>
<trkpt lon="1.595245" lat="46.452691"><ele>226.75</ele></trkpt>
<trkpt lon="1.595231" lat="46.452604"><ele>226.5</ele></trkpt>
<trkpt lon="1.595102" lat="46.452328"><ele>226.0</ele></trkpt>
<trkpt lon="1.595015" lat="46.452168"><ele>225.5</ele></trkpt>
<trkpt lon="1.594847" lat="46.451989"><ele>225.5</ele></trkpt>
<trkpt lon="1.594382" lat="46.451564"><ele>225.0</ele></trkpt>
<trkpt lon="1.594289" lat="46.451498"><ele>225.25</ele></trkpt>
<trkpt lon="1.594177" lat="46.451456"><ele>225.5</ele></trkpt>
<trkpt lon="1.594010" lat="46.451412"><ele>225.75</ele></trkpt>
<trkpt lon="1.593892" lat="46.451415"><ele>226.25</ele></trkpt>
<trkpt lon="1.593838" lat="46.451352"><ele>226.0</ele></trkpt>
<trkpt lon="1.593798" lat="46.451324"><ele>226.0</ele></trkpt>
<trkpt lon="1.593537" lat="46.451179"><ele>225.5</ele></trkpt>
<trkpt lon="1.593187" lat="46.450981"><ele>224.25</ele></trkpt>
<trkpt lon="1.592771" lat="46.450757"><ele>224.25</ele></trkpt>
<trkpt lon="1.592685" lat="46.450689"><ele>224.25</ele></trkpt>
<trkpt lon="1.592664" lat="46.450669"><ele>224.25</ele></trkpt>
<trkpt lon="1.592643" lat="46.450622"><ele>224.0</ele></trkpt>
<trkpt lon="1.592636" lat="46.450569"><ele>223.5</ele></trkpt>
<trkpt lon="1.592590" lat="46.450569"><ele>223.75</ele></trkpt>
<trkpt lon="1.592524" lat="46.450550"><ele>223.75</ele></trkpt>
<trkpt lon="1.592380" lat="46.450483"><ele>223.75</ele></trkpt>
<trkpt lon="1.592251" lat="46.450439"><ele>223.5</ele></trkpt>
<trkpt lon="1.592094" lat="46.450403"><ele>224.25</ele></trkpt>
<trkpt lon="1.591886" lat="46.450374"><ele>225.25</ele></trkpt>
<trkpt lon="1.591417" lat="46.450325"><ele>229.0</ele></trkpt>
<trkpt lon="1.591260" lat="46.450288"><ele>230.25</ele></trkpt>
<trkpt lon="1.591179" lat="46.450264"><ele>231.0</ele></trkpt>
<trkpt lon="1.591074" lat="46.450216"><ele>232.0</ele></trkpt>
<trkpt lon="1.590958" lat="46.450141"><ele>232.75</ele></trkpt>
<trkpt lon="1.590785" lat="46.450071"><ele>234.0</ele></trkpt>
<trkpt lon="1.590634" lat="46.450025"><ele>236.0</ele></trkpt>
<trkpt lon="1.590499" lat="46.449992"><ele>237.5</ele></trkpt>
<trkpt lon="1.590097" lat="46.449909"><ele>240.75</ele></trkpt>
<trkpt lon="1.589992" lat="46.449900"><ele>241.5</ele></trkpt>
<trkpt lon="1.589921" lat="46.449903"><ele>241.75</ele></trkpt>
<trkpt lon="1.589869" lat="46.449916"><ele>242.0</ele></trkpt>
<trkpt lon="1.589784" lat="46.449995"><ele>242.75</ele></trkpt>
<trkpt lon="1.589746" lat="46.450004"><ele>242.75</ele></trkpt>
<trkpt lon="1.589675" lat="46.449997"><ele>243.0</ele></trkpt>
<trkpt lon="1.589524" lat="46.449966"><ele>243.5</ele></trkpt>
<trkpt lon="1.589485" lat="46.449950"><ele>243.5</ele></trkpt>
<trkpt lon="1.589427" lat="46.449904"><ele>243.5</ele></trkpt>
<trkpt lon="1.589389" lat="46.449891"><ele>243.75</ele></trkpt>
<trkpt lon="1.589339" lat="46.449895"><ele>244.0</ele></trkpt>
<trkpt lon="1.589131" lat="46.449930"><ele>244.75</ele></trkpt>
<trkpt lon="1.588958" lat="46.449972"><ele>245.5</ele></trkpt>
<trkpt lon="1.588805" lat="46.450031"><ele>245.75</ele></trkpt>
<trkpt lon="1.588738" lat="46.450067"><ele>245.75</ele></trkpt>
<trkpt lon="1.587893" lat="46.449392"><ele>249.25</ele></trkpt>
<trkpt lon="1.585459" lat="46.447429"><ele>261.5</ele></trkpt>
<trkpt lon="1.584481" lat="46.446648"><ele>258.75</ele></trkpt>
<trkpt lon="1.583930" lat="46.446190"><ele>258.75</ele></trkpt>
<trkpt lon="1.583716" lat="46.445998"><ele>258.75</ele></trkpt>
<trkpt lon="1.583621" lat="46.445904"><ele>258.75</ele></trkpt>
<trkpt lon="1.583529" lat="46.445798"><ele>258.75</ele></trkpt>
<trkpt lon="1.583436" lat="46.445671"><ele>258.75</ele></trkpt>
<trkpt lon="1.583348" lat="46.445495"><ele>258.5</ele></trkpt>
<trkpt lon="1.583282" lat="46.445310"><ele>258.25</ele></trkpt>
<trkpt lon="1.583234" lat="46.445144"><ele>257.5</ele></trkpt>
<trkpt lon="1.583060" lat="46.444241"><ele>257.5</ele></trkpt>
<trkpt lon="1.583037" lat="46.444123"><ele>258.25</ele></trkpt>
<trkpt lon="1.583072" lat="46.444118"><ele>258.25</ele></trkpt>
<trkpt lon="1.583104" lat="46.444091"><ele>258.5</ele></trkpt>
<trkpt lon="1.583165" lat="46.444011"><ele>259.0</ele></trkpt>
<trkpt lon="1.583360" lat="46.443603"><ele>261.0</ele></trkpt>
<trkpt lon="1.583553" lat="46.443172"><ele>263.75</ele></trkpt>
<trkpt lon="1.583677" lat="46.442770"><ele>265.25</ele></trkpt>
<trkpt lon="1.583720" lat="46.442604"><ele>265.75</ele></trkpt>
<trkpt lon="1.583725" lat="46.442478"><ele>266.0</ele></trkpt>
<trkpt lon="1.583715" lat="46.442342"><ele>266.5</ele></trkpt>
<trkpt lon="1.583687" lat="46.442252"><ele>266.75</ele></trkpt>
<trkpt lon="1.583502" lat="46.442299"><ele>266.75</ele></trkpt>
<trkpt lon="1.583262" lat="46.442343"><ele>267.0</ele></trkpt>
<trkpt lon="1.583183" lat="46.442353"><ele>267.0</ele></trkpt>
<trkpt lon="1.583009" lat="46.442348"><ele>267.0</ele></trkpt>
<trkpt lon="1.582735" lat="46.442396"><ele>267.0</ele></trkpt>
<trkpt lon="1.582665" lat="46.442408"><ele>267.0</ele></trkpt>
<trkpt lon="1.582620" lat="46.442368"><ele>267.25</ele></trkpt>
<trkpt lon="1.582600" lat="46.442354"><ele>267.25</ele></trkpt>
<trkpt lon="1.582445" lat="46.442484"><ele>266.75</ele></trkpt>
<trkpt lon="1.582012" lat="46.442893"><ele>266.0</ele></trkpt>
<trkpt lon="1.581971" lat="46.442872"><ele>266.0</ele></trkpt>
<trkpt lon="1.581875" lat="46.442855"><ele>266.0</ele></trkpt>
<trkpt lon="1.581753" lat="46.442862"><ele>266.0</ele></trkpt>
<trkpt lon="1.581691" lat="46.442877"><ele>266.25</ele></trkpt>
<trkpt lon="1.581214" lat="46.443021"><ele>267.75</ele></trkpt>
<trkpt lon="1.580943" lat="46.443080"><ele>267.75</ele></trkpt>
<trkpt lon="1.580843" lat="46.443091"><ele>267.75</ele></trkpt>
<trkpt lon="1.580450" lat="46.443095"><ele>268.75</ele></trkpt>
<trkpt lon="1.580109" lat="46.443073"><ele>269.5</ele></trkpt>
<trkpt lon="1.579570" lat="46.443013"><ele>270.5</ele></trkpt>
<trkpt lon="1.579050" lat="46.442877"><ele>271.0</ele></trkpt>
<trkpt lon="1.578641" lat="46.442828"><ele>270.75</ele></trkpt>
<trkpt lon="1.578726" lat="46.442560"><ele>271.75</ele></trkpt>
<trkpt lon="1.578752" lat="46.442427"><ele>272.25</ele></trkpt>
<trkpt lon="1.578754" lat="46.442249"><ele>272.75</ele></trkpt>
<trkpt lon="1.578706" lat="46.442124"><ele>273.0</ele></trkpt>
<trkpt lon="1.578879" lat="46.441976"><ele>273.0</ele></trkpt>
<trkpt lon="1.578973" lat="46.441850"><ele>272.5</ele></trkpt>
<trkpt lon="1.579140" lat="46.441555"><ele>271.5</ele></trkpt>
<trkpt lon="1.579169" lat="46.441494"><ele>271.25</ele></trkpt>
<trkpt lon="1.579187" lat="46.441459"><ele>271.0</ele></trkpt>
<trkpt lon="1.579156" lat="46.441453"><ele>271.25</ele></trkpt>
<trkpt lon="1.579164" lat="46.441433"><ele>271.0</ele></trkpt>
<trkpt lon="1.579273" lat="46.441149"><ele>271.25</ele></trkpt>
<trkpt lon="1.579367" lat="46.440979"><ele>271.25</ele></trkpt>
<trkpt lon="1.579695" lat="46.440504"><ele>270.0</ele></trkpt>
<trkpt lon="1.579804" lat="46.440451"><ele>270.0</ele></trkpt>
<trkpt lon="1.580034" lat="46.438273"><ele>274.75</ele></trkpt>
<trkpt lon="1.580113" lat="46.437442"><ele>275.0</ele></trkpt>
<trkpt lon="1.580118" lat="46.437395"><ele>275.0</ele></trkpt>
<trkpt lon="1.580527" lat="46.437227"><ele>274.0</ele></trkpt>
<trkpt lon="1.580083" lat="46.436841"><ele>273.5</ele></trkpt>
<trkpt lon="1.578905" lat="46.436148"><ele>270.0</ele></trkpt>
<trkpt lon="1.578510" lat="46.435502"><ele>269.0</ele></trkpt>
<trkpt lon="1.578441" lat="46.434922"><ele>268.75</ele></trkpt>
<trkpt lon="1.578141" lat="46.434235"><ele>269.0</ele></trkpt>
<trkpt lon="1.577548" lat="46.433406"><ele>272.25</ele></trkpt>
<trkpt lon="1.577367" lat="46.432908"><ele>272.5</ele></trkpt>
<trkpt lon="1.577255" lat="46.432399"><ele>270.5</ele></trkpt>
<trkpt lon="1.577040" lat="46.432049"><ele>268.75</ele></trkpt>
<trkpt lon="1.576679" lat="46.431688"><ele>269.0</ele></trkpt>
<trkpt lon="1.576465" lat="46.431249"><ele>273.5</ele></trkpt>
<trkpt lon="1.576482" lat="46.430953"><ele>276.25</ele></trkpt>
<trkpt lon="1.576370" lat="46.430663"><ele>278.75</ele></trkpt>
<trkpt lon="1.576190" lat="46.430408"><ele>280.0</ele></trkpt>
<trkpt lon="1.575708" lat="46.430142"><ele>281.75</ele></trkpt>
<trkpt lon="1.575141" lat="46.429780"><ele>283.5</ele></trkpt>
<trkpt lon="1.574892" lat="46.429546"><ele>284.5</ele></trkpt>
<trkpt lon="1.574775" lat="46.429515"><ele>284.5</ele></trkpt>
<trkpt lon="1.574267" lat="46.429300"><ele>286.0</ele></trkpt>
<trkpt lon="1.574056" lat="46.429172"><ele>286.75</ele></trkpt>
<trkpt lon="1.573903" lat="46.429080"><ele>287.25</ele></trkpt>
<trkpt lon="1.573538" lat="46.428703"><ele>288.5</ele></trkpt>
<trkpt lon="1.573406" lat="46.428625"><ele>288.75</ele></trkpt>
<trkpt lon="1.573147" lat="46.427863"><ele>289.0</ele></trkpt>
<trkpt lon="1.572988" lat="46.427675"><ele>289.0</ele></trkpt>
<trkpt lon="1.572847" lat="46.427511"><ele>289.0</ele></trkpt>
<trkpt lon="1.572537" lat="46.427213"><ele>288.75</ele></trkpt>
<trkpt lon="1.572446" lat="46.426894"><ele>287.5</ele></trkpt>
<trkpt lon="1.572262" lat="46.426648"><ele>286.5</ele></trkpt>
<trkpt lon="1.572082" lat="46.426581"><ele>286.5</ele></trkpt>
<trkpt lon="1.571505" lat="46.426578"><ele>287.5</ele></trkpt>
<trkpt lon="1.571309" lat="46.426543"><ele>287.5</ele></trkpt>
<trkpt lon="1.571141" lat="46.426443"><ele>287.75</ele></trkpt>
<trkpt lon="1.570772" lat="46.426005"><ele>287.5</ele></trkpt>
<trkpt lon="1.570560" lat="46.425783"><ele>287.0</ele></trkpt>
<trkpt lon="1.569437" lat="46.424934"><ele>284.75</ele></trkpt>
<trkpt lon="1.569193" lat="46.424779"><ele>284.0</ele></trkpt>
<trkpt lon="1.568662" lat="46.424520"><ele>283.0</ele></trkpt>
<trkpt lon="1.568415" lat="46.424379"><ele>282.25</ele></trkpt>
<trkpt lon="1.568215" lat="46.424171"><ele>281.0</ele></trkpt>
<trkpt lon="1.567849" lat="46.423642"><ele>275.75</ele></trkpt>
<trkpt lon="1.567646" lat="46.423213"><ele>272.25</ele></trkpt>
<trkpt lon="1.567701" lat="46.423091"><ele>271.75</ele></trkpt>
<trkpt lon="1.567920" lat="46.422909"><ele>271.5</ele></trkpt>
<trkpt lon="1.568546" lat="46.422141"><ele>269.25</ele></trkpt>
<trkpt lon="1.568746" lat="46.421990"><ele>269.25</ele></trkpt>
<trkpt lon="1.569363" lat="46.421909"><ele>271.25</ele></trkpt>
<trkpt lon="1.569098" lat="46.421834"><ele>269.25</ele></trkpt>
<trkpt lon="1.568771" lat="46.421546"><ele>264.75</ele></trkpt>
<trkpt lon="1.568444" lat="46.421073"><ele>265.0</ele></trkpt>
<trkpt lon="1.568430" lat="46.420844"><ele>267.5</ele></trkpt>
<trkpt lon="1.568530" lat="46.420511"><ele>269.25</ele></trkpt>
<trkpt lon="1.568608" lat="46.420038"><ele>270.75</ele></trkpt>
<trkpt lon="1.568589" lat="46.419831"><ele>271.5</ele></trkpt>
<trkpt lon="1.568518" lat="46.419693"><ele>272.0</ele></trkpt>
<trkpt lon="1.568430" lat="46.419579"><ele>272.0</ele></trkpt>
<trkpt lon="1.568243" lat="46.419449"><ele>272.25</ele></trkpt>
<trkpt lon="1.567893" lat="46.419288"><ele>272.75</ele></trkpt>
<trkpt lon="1.567672" lat="46.419242"><ele>273.0</ele></trkpt>
<trkpt lon="1.567685" lat="46.419334"><ele>273.0</ele></trkpt>
<trkpt lon="1.567535" lat="46.419468"><ele>273.75</ele></trkpt>
<trkpt lon="1.566098" lat="46.420574"><ele>277.0</ele></trkpt>
<trkpt lon="1.565736" lat="46.420803"><ele>277.75</ele></trkpt>
<trkpt lon="1.565023" lat="46.421090"><ele>278.75</ele></trkpt>
<trkpt lon="1.564891" lat="46.421115"><ele>278.5</ele></trkpt>
<trkpt lon="1.564653" lat="46.421139"><ele>277.75</ele></trkpt>
<trkpt lon="1.564318" lat="46.421090"><ele>277.0</ele></trkpt>
<trkpt lon="1.559332" lat="46.419778"><ele>288.25</ele></trkpt>
<trkpt lon="1.559113" lat="46.419751"><ele>289.25</ele></trkpt>
<trkpt lon="1.558931" lat="46.419450"><ele>288.75</ele></trkpt>
<trkpt lon="1.557967" lat="46.418480"><ele>284.0</ele></trkpt>
<trkpt lon="1.557765" lat="46.418244"><ele>282.5</ele></trkpt>
<trkpt lon="1.557602" lat="46.418014"><ele>282.5</ele></trkpt>
<trkpt lon="1.557438" lat="46.417764"><ele>283.0</ele></trkpt>
<trkpt lon="1.557173" lat="46.417356"><ele>284.0</ele></trkpt>
<trkpt lon="1.555939" lat="46.415539"><ele>289.5</ele></trkpt>
<trkpt lon="1.555841" lat="46.415402"><ele>290.5</ele></trkpt>
<trkpt lon="1.555560" lat="46.415018"><ele>292.75</ele></trkpt>
<trkpt lon="1.554622" lat="46.415140"><ele>296.5</ele></trkpt>
<trkpt lon="1.553958" lat="46.415219"><ele>299.5</ele></trkpt>
<trkpt lon="1.553845" lat="46.415226"><ele>300.0</ele></trkpt>
<trkpt lon="1.553604" lat="46.415174"><ele>301.25</ele></trkpt>
<trkpt lon="1.553180" lat="46.415037"><ele>303.25</ele></trkpt>
<trkpt lon="1.551752" lat="46.414115"><ele>306.0</ele></trkpt>
<trkpt lon="1.551607" lat="46.413977"><ele>306.0</ele></trkpt>
<trkpt lon="1.551063" lat="46.413410"><ele>306.5</ele></trkpt>
<trkpt lon="1.550982" lat="46.413275"><ele>307.0</ele></trkpt>
<trkpt lon="1.550957" lat="46.413120"><ele>307.0</ele></trkpt>
<trkpt lon="1.550987" lat="46.412949"><ele>306.75</ele></trkpt>
<trkpt lon="1.551177" lat="46.412576"><ele>306.5</ele></trkpt>
<trkpt lon="1.553390" lat="46.412061"><ele>298.75</ele></trkpt>
<trkpt lon="1.553436" lat="46.412059"><ele>298.75</ele></trkpt>
<trkpt lon="1.553443" lat="46.411977"><ele>298.5</ele></trkpt>
<trkpt lon="1.553469" lat="46.411912"><ele>298.5</ele></trkpt>
<trkpt lon="1.553501" lat="46.411858"><ele>298.25</ele></trkpt>
<trkpt lon="1.553554" lat="46.411789"><ele>298.0</ele></trkpt>
<trkpt lon="1.553725" lat="46.411643"><ele>298.0</ele></trkpt>
<trkpt lon="1.553784" lat="46.411641"><ele>298.0</ele></trkpt>
<trkpt lon="1.554708" lat="46.411229"><ele>297.0</ele></trkpt>
<trkpt lon="1.554984" lat="46.411149"><ele>296.75</ele></trkpt>
<trkpt lon="1.555319" lat="46.411113"><ele>296.0</ele></trkpt>
<trkpt lon="1.555460" lat="46.411106"><ele>296.0</ele></trkpt>
<trkpt lon="1.555962" lat="46.411158"><ele>295.25</ele></trkpt>
<trkpt lon="1.556123" lat="46.411133"><ele>294.75</ele></trkpt>
<trkpt lon="1.556279" lat="46.411072"><ele>295.0</ele></trkpt>
<trkpt lon="1.556298" lat="46.410644"><ele>296.5</ele></trkpt>
<trkpt lon="1.556303" lat="46.410580"><ele>296.75</ele></trkpt>
<trkpt lon="1.556108" lat="46.409906"><ele>298.25</ele></trkpt>
<trkpt lon="1.556058" lat="46.409852"><ele>299.0</ele></trkpt>
<trkpt lon="1.556126" lat="46.409749"><ele>298.75</ele></trkpt>
<trkpt lon="1.555906" lat="46.409421"><ele>301.0</ele></trkpt>
<trkpt lon="1.555804" lat="46.409043"><ele>301.0</ele></trkpt>
<trkpt lon="1.555916" lat="46.407938"><ele>301.5</ele></trkpt>
<trkpt lon="1.556080" lat="46.407548"><ele>301.0</ele></trkpt>
<trkpt lon="1.556187" lat="46.407292"><ele>301.25</ele></trkpt>
<trkpt lon="1.556355" lat="46.406485"><ele>303.0</ele></trkpt>
<trkpt lon="1.556293" lat="46.406027"><ele>303.25</ele></trkpt>
<trkpt lon="1.556289" lat="46.405996"><ele>303.25</ele></trkpt>
<trkpt lon="1.555885" lat="46.405364"><ele>302.25</ele></trkpt>
<trkpt lon="1.555411" lat="46.403756"><ele>298.75</ele></trkpt>
<trkpt lon="1.554935" lat="46.403451"><ele>300.0</ele></trkpt>
<trkpt lon="1.553798" lat="46.402135"><ele>299.0</ele></trkpt>
<trkpt lon="1.551821" lat="46.399553"><ele>294.5</ele></trkpt>
<trkpt lon="1.551628" lat="46.399360"><ele>296.0</ele></trkpt>
<trkpt lon="1.551176" lat="46.399174"><ele>296.0</ele></trkpt>
<trkpt lon="1.551072" lat="46.398982"><ele>296.5</ele></trkpt>
<trkpt lon="1.551076" lat="46.398495"><ele>296.0</ele></trkpt>
<trkpt lon="1.550861" lat="46.397591"><ele>296.75</ele></trkpt>
<trkpt lon="1.550832" lat="46.397266"><ele>297.0</ele></trkpt>
<trkpt lon="1.550854" lat="46.396429"><ele>297.75</ele></trkpt>
<trkpt lon="1.550956" lat="46.396040"><ele>298.25</ele></trkpt>
<trkpt lon="1.551308" lat="46.395140"><ele>303.25</ele></trkpt>
<trkpt lon="1.551621" lat="46.394144"><ele>304.75</ele></trkpt>
<trkpt lon="1.551449" lat="46.393809"><ele>304.25</ele></trkpt>
<trkpt lon="1.551224" lat="46.393572"><ele>304.25</ele></trkpt>
<trkpt lon="1.550655" lat="46.393180"><ele>304.5</ele></trkpt>
<trkpt lon="1.550495" lat="46.393017"><ele>304.5</ele></trkpt>
<trkpt lon="1.550344" lat="46.392536"><ele>306.25</ele></trkpt>
<trkpt lon="1.550320" lat="46.392435"><ele>306.5</ele></trkpt>
<trkpt lon="1.550305" lat="46.392374"><ele>306.75</ele></trkpt>
<trkpt lon="1.550280" lat="46.392269"><ele>306.75</ele></trkpt>
<trkpt lon="1.549782" lat="46.391278"><ele>310.0</ele></trkpt>
<trkpt lon="1.549694" lat="46.391037"><ele>311.0</ele></trkpt>
<trkpt lon="1.549673" lat="46.390655"><ele>312.0</ele></trkpt>
<trkpt lon="1.549659" lat="46.390139"><ele>314.0</ele></trkpt>
<trkpt lon="1.549656" lat="46.389834"><ele>315.0</ele></trkpt>
<trkpt lon="1.549583" lat="46.389285"><ele>319.0</ele></trkpt>
<trkpt lon="1.549481" lat="46.389052"><ele>320.25</ele></trkpt>
<trkpt lon="1.549498" lat="46.388797"><ele>320.75</ele></trkpt>
<trkpt lon="1.549502" lat="46.388466"><ele>320.75</ele></trkpt>
<trkpt lon="1.549488" lat="46.388390"><ele>320.75</ele></trkpt>
<trkpt lon="1.549444" lat="46.388319"><ele>321.0</ele></trkpt>
<trkpt lon="1.548486" lat="46.387441"><ele>325.5</ele></trkpt>
<trkpt lon="1.548352" lat="46.387361"><ele>325.75</ele></trkpt>
<trkpt lon="1.548319" lat="46.387345"><ele>325.75</ele></trkpt>
<trkpt lon="1.548629" lat="46.386911"><ele>325.75</ele></trkpt>
<trkpt lon="1.549047" lat="46.386327"><ele>325.5</ele></trkpt>
<trkpt lon="1.549242" lat="46.386152"><ele>325.75</ele></trkpt>
<trkpt lon="1.549460" lat="46.386027"><ele>326.25</ele></trkpt>
<trkpt lon="1.549674" lat="46.385925"><ele>326.25</ele></trkpt>
<trkpt lon="1.549662" lat="46.385880"><ele>326.5</ele></trkpt>
<trkpt lon="1.549684" lat="46.385781"><ele>327.0</ele></trkpt>
<trkpt lon="1.549854" lat="46.385542"><ele>328.0</ele></trkpt>
<trkpt lon="1.550265" lat="46.384933"><ele>330.0</ele></trkpt>
<trkpt lon="1.550497" lat="46.384616"><ele>331.0</ele></trkpt>
<trkpt lon="1.550688" lat="46.384404"><ele>331.0</ele></trkpt>
<trkpt lon="1.551279" lat="46.383598"><ele>332.0</ele></trkpt>
<trkpt lon="1.551625" lat="46.383060"><ele>332.75</ele></trkpt>
<trkpt lon="1.551749" lat="46.382788"><ele>332.75</ele></trkpt>
<trkpt lon="1.551777" lat="46.382664"><ele>333.0</ele></trkpt>
<trkpt lon="1.551789" lat="46.382545"><ele>333.0</ele></trkpt>
<trkpt lon="1.551777" lat="46.382382"><ele>333.25</ele></trkpt>
<trkpt lon="1.551749" lat="46.382232"><ele>333.75</ele></trkpt>
<trkpt lon="1.551675" lat="46.382042"><ele>334.5</ele></trkpt>
<trkpt lon="1.551345" lat="46.381430"><ele>336.75</ele></trkpt>
<trkpt lon="1.550904" lat="46.380645"><ele>340.0</ele></trkpt>
<trkpt lon="1.550942" lat="46.380552"><ele>340.5</ele></trkpt>
<trkpt lon="1.551170" lat="46.380361"><ele>340.25</ele></trkpt>
<trkpt lon="1.551242" lat="46.380278"><ele>340.5</ele></trkpt>
<trkpt lon="1.551277" lat="46.380174"><ele>341.25</ele></trkpt>
<trkpt lon="1.551276" lat="46.380150"><ele>341.5</ele></trkpt>
<trkpt lon="1.551274" lat="46.380085"><ele>342.0</ele></trkpt>
<trkpt lon="1.551116" lat="46.379873"><ele>343.5</ele></trkpt>
<trkpt lon="1.551167" lat="46.379792"><ele>342.75</ele></trkpt>
<trkpt lon="1.551269" lat="46.379559"><ele>342.25</ele></trkpt>
<trkpt lon="1.551532" lat="46.379048"><ele>342.5</ele></trkpt>
<trkpt lon="1.551618" lat="46.378500"><ele>344.0</ele></trkpt>
<trkpt lon="1.551845" lat="46.377773"><ele>346.25</ele></trkpt>
<trkpt lon="1.551915" lat="46.377262"><ele>348.0</ele></trkpt>
<trkpt lon="1.551974" lat="46.376710"><ele>349.5</ele></trkpt>
<trkpt lon="1.552059" lat="46.376274"><ele>351.25</ele></trkpt>
<trkpt lon="1.552106" lat="46.375408"><ele>354.5</ele></trkpt>
<trkpt lon="1.552192" lat="46.374904"><ele>356.25</ele></trkpt>
<trkpt lon="1.552396" lat="46.374553"><ele>356.75</ele></trkpt>
<trkpt lon="1.552868" lat="46.373827"><ele>357.25</ele></trkpt>
<trkpt lon="1.552815" lat="46.373746"><ele>357.0</ele></trkpt>
<trkpt lon="1.552895" lat="46.373679"><ele>357.25</ele></trkpt>
<trkpt lon="1.553354" lat="46.373211"><ele>357.5</ele></trkpt>
<trkpt lon="1.553653" lat="46.372921"><ele>356.5</ele></trkpt>
<trkpt lon="1.553695" lat="46.372877"><ele>356.5</ele></trkpt>
<trkpt lon="1.553346" lat="46.372038"><ele>355.0</ele></trkpt>
<trkpt lon="1.553127" lat="46.371667"><ele>354.75</ele></trkpt>
<trkpt lon="1.553037" lat="46.371576"><ele>354.75</ele></trkpt>
<trkpt lon="1.552817" lat="46.371415"><ele>354.75</ele></trkpt>
<trkpt lon="1.552752" lat="46.371330"><ele>355.0</ele></trkpt>
<trkpt lon="1.552502" lat="46.370881"><ele>355.75</ele></trkpt>
<trkpt lon="1.552006" lat="46.370423"><ele>356.5</ele></trkpt>
<trkpt lon="1.551911" lat="46.370163"><ele>358.0</ele></trkpt>
<trkpt lon="1.552090" lat="46.369996"><ele>359.5</ele></trkpt>
<trkpt lon="1.552128" lat="46.369896"><ele>359.5</ele></trkpt>
<trkpt lon="1.552112" lat="46.369682"><ele>359.5</ele></trkpt>
<trkpt lon="1.551644" lat="46.368445"><ele>362.0</ele></trkpt>
<trkpt lon="1.551508" lat="46.368304"><ele>362.25</ele></trkpt>
<trkpt lon="1.551497" lat="46.368253"><ele>362.25</ele></trkpt>
<trkpt lon="1.551225" lat="46.367833"><ele>363.25</ele></trkpt>
<trkpt lon="1.551186" lat="46.367748"><ele>363.75</ele></trkpt>
<trkpt lon="1.551144" lat="46.367525"><ele>363.75</ele></trkpt>
<trkpt lon="1.551091" lat="46.367063"><ele>364.75</ele></trkpt>
<trkpt lon="1.551076" lat="46.366593"><ele>365.0</ele></trkpt>
<trkpt lon="1.551085" lat="46.365631"><ele>364.0</ele></trkpt>
<trkpt lon="1.551076" lat="46.365530"><ele>364.0</ele></trkpt>
<trkpt lon="1.551037" lat="46.365367"><ele>364.0</ele></trkpt>
<trkpt lon="1.550485" lat="46.363479"><ele>364.25</ele></trkpt>
<trkpt lon="1.550432" lat="46.363087"><ele>364.75</ele></trkpt>
<trkpt lon="1.550408" lat="46.362356"><ele>364.25</ele></trkpt>
<trkpt lon="1.550151" lat="46.360818"><ele>362.25</ele></trkpt>
<trkpt lon="1.549998" lat="46.359755"><ele>363.75</ele></trkpt>
<trkpt lon="1.550630" lat="46.357653"><ele>368.0</ele></trkpt>
<trkpt lon="1.550901" lat="46.357009"><ele>367.75</ele></trkpt>
<trkpt lon="1.551273" lat="46.356300"><ele>366.5</ele></trkpt>
<trkpt lon="1.551468" lat="46.355865"><ele>365.25</ele></trkpt>
<trkpt lon="1.551489" lat="46.355733"><ele>365.0</ele></trkpt>
<trkpt lon="1.551444" lat="46.355353"><ele>364.75</ele></trkpt>
<trkpt lon="1.551410" lat="46.354956"><ele>364.0</ele></trkpt>
<trkpt lon="1.551501" lat="46.353558"><ele>363.0</ele></trkpt>
<trkpt lon="1.551541" lat="46.353332"><ele>363.0</ele></trkpt>
<trkpt lon="1.551745" lat="46.352821"><ele>362.5</ele></trkpt>
<trkpt lon="1.551885" lat="46.352362"><ele>363.0</ele></trkpt>
<trkpt lon="1.551897" lat="46.352198"><ele>363.0</ele></trkpt>
<trkpt lon="1.551890" lat="46.352099"><ele>363.0</ele></trkpt>
<trkpt lon="1.551871" lat="46.352014"><ele>363.0</ele></trkpt>
<trkpt lon="1.551755" lat="46.351802"><ele>363.0</ele></trkpt>
<trkpt lon="1.551698" lat="46.351738"><ele>363.0</ele></trkpt>
<trkpt lon="1.551550" lat="46.351623"><ele>362.5</ele></trkpt>
<trkpt lon="1.550829" lat="46.350992"><ele>361.75</ele></trkpt>
<trkpt lon="1.550561" lat="46.350805"><ele>362.0</ele></trkpt>
<trkpt lon="1.550443" lat="46.350749"><ele>361.75</ele></trkpt>
<trkpt lon="1.550270" lat="46.350683"><ele>361.5</ele></trkpt>
<trkpt lon="1.547978" lat="46.350146"><ele>356.5</ele></trkpt>
<trkpt lon="1.547879" lat="46.350088"><ele>356.25</ele></trkpt>
<trkpt lon="1.548016" lat="46.350055"><ele>356.75</ele></trkpt>
<trkpt lon="1.549738" lat="46.349751"><ele>362.75</ele></trkpt>
<trkpt lon="1.549888" lat="46.349690"><ele>363.5</ele></trkpt>
<trkpt lon="1.549947" lat="46.349640"><ele>363.75</ele></trkpt>
<trkpt lon="1.550003" lat="46.349565"><ele>364.0</ele></trkpt>
<trkpt lon="1.550277" lat="46.349136"><ele>365.0</ele></trkpt>
<trkpt lon="1.550405" lat="46.348989"><ele>365.75</ele></trkpt>
<trkpt lon="1.551046" lat="46.348453"><ele>367.75</ele></trkpt>
<trkpt lon="1.551169" lat="46.348382"><ele>368.0</ele></trkpt>
<trkpt lon="1.551185" lat="46.348302"><ele>368.25</ele></trkpt>
<trkpt lon="1.551126" lat="46.347750"><ele>368.75</ele></trkpt>
<trkpt lon="1.551131" lat="46.347584"><ele>369.0</ele></trkpt>
<trkpt lon="1.551222" lat="46.346973"><ele>369.0</ele></trkpt>
<trkpt lon="1.551222" lat="46.346880"><ele>369.0</ele></trkpt>
<trkpt lon="1.550938" lat="46.346458"><ele>368.25</ele></trkpt>
<trkpt lon="1.550654" lat="46.346088"><ele>368.25</ele></trkpt>
<trkpt lon="1.550150" lat="46.345688"><ele>367.75</ele></trkpt>
<trkpt lon="1.549769" lat="46.345362"><ele>368.25</ele></trkpt>
<trkpt lon="1.549522" lat="46.345132"><ele>368.25</ele></trkpt>
<trkpt lon="1.549474" lat="46.345043"><ele>368.5</ele></trkpt>
<trkpt lon="1.549382" lat="46.344814"><ele>369.5</ele></trkpt>
<trkpt lon="1.549189" lat="46.344169"><ele>374.0</ele></trkpt>
<trkpt lon="1.549141" lat="46.343984"><ele>374.75</ele></trkpt>
<trkpt lon="1.549050" lat="46.343714"><ele>376.25</ele></trkpt>
<trkpt lon="1.548985" lat="46.343603"><ele>377.0</ele></trkpt>
<trkpt lon="1.548904" lat="46.343493"><ele>377.25</ele></trkpt>
<trkpt lon="1.548448" lat="46.342878"><ele>379.0</ele></trkpt>
<trkpt lon="1.547618" lat="46.341784"><ele>377.75</ele></trkpt>
<trkpt lon="1.547505" lat="46.341788"><ele>377.5</ele></trkpt>
<trkpt lon="1.546105" lat="46.341677"><ele>373.75</ele></trkpt>
<trkpt lon="1.545180" lat="46.341621"><ele>371.0</ele></trkpt>
<trkpt lon="1.545123" lat="46.341618"><ele>371.0</ele></trkpt>
<trkpt lon="1.544790" lat="46.341536"><ele>370.5</ele></trkpt>
<trkpt lon="1.545075" lat="46.341277"><ele>371.0</ele></trkpt>
<trkpt lon="1.545525" lat="46.340433"><ele>373.75</ele></trkpt>
<trkpt lon="1.545719" lat="46.339325"><ele>374.5</ele></trkpt>
<trkpt lon="1.545724" lat="46.339196"><ele>374.5</ele></trkpt>
<trkpt lon="1.545735" lat="46.339111"><ele>374.5</ele></trkpt>
<trkpt lon="1.545798" lat="46.338943"><ele>374.75</ele></trkpt>
<trkpt lon="1.546419" lat="46.338028"><ele>373.75</ele></trkpt>
<trkpt lon="1.546647" lat="46.337655"><ele>373.5</ele></trkpt>
<trkpt lon="1.546738" lat="46.337466"><ele>372.75</ele></trkpt>
<trkpt lon="1.547281" lat="46.335940"><ele>366.5</ele></trkpt>
<trkpt lon="1.547386" lat="46.335620"><ele>365.75</ele></trkpt>
<trkpt lon="1.547510" lat="46.335400"><ele>364.75</ele></trkpt>
<trkpt lon="1.547817" lat="46.334910"><ele>361.75</ele></trkpt>
<trkpt lon="1.548018" lat="46.334635"><ele>360.5</ele></trkpt>
<trkpt lon="1.548257" lat="46.334373"><ele>359.25</ele></trkpt>
<trkpt lon="1.548359" lat="46.334244"><ele>358.5</ele></trkpt>
<trkpt lon="1.548386" lat="46.334132"><ele>357.75</ele></trkpt>
<trkpt lon="1.548391" lat="46.334055"><ele>357.25</ele></trkpt>
<trkpt lon="1.548316" lat="46.333955"><ele>356.25</ele></trkpt>
<trkpt lon="1.548193" lat="46.333877"><ele>355.75</ele></trkpt>
<trkpt lon="1.547898" lat="46.333725"><ele>355.0</ele></trkpt>
<trkpt lon="1.547731" lat="46.333584"><ele>353.75</ele></trkpt>
<trkpt lon="1.547527" lat="46.333355"><ele>353.0</ele></trkpt>
<trkpt lon="1.547216" lat="46.333047"><ele>350.75</ele></trkpt>
<trkpt lon="1.546851" lat="46.332655"><ele>349.5</ele></trkpt>
<trkpt lon="1.546685" lat="46.332547"><ele>349.0</ele></trkpt>
<trkpt lon="1.546245" lat="46.332347"><ele>346.25</ele></trkpt>
<trkpt lon="1.546078" lat="46.332225"><ele>344.5</ele></trkpt>
<trkpt lon="1.545988" lat="46.332103"><ele>342.75</ele></trkpt>
<trkpt lon="1.545993" lat="46.331992"><ele>342.0</ele></trkpt>
<trkpt lon="1.546095" lat="46.331703"><ele>340.0</ele></trkpt>
<trkpt lon="1.546117" lat="46.331543"><ele>338.5</ele></trkpt>
<trkpt lon="1.546100" lat="46.331358"><ele>336.5</ele></trkpt>
<trkpt lon="1.546106" lat="46.331203"><ele>335.5</ele></trkpt>
<trkpt lon="1.546176" lat="46.330877"><ele>334.25</ele></trkpt>
<trkpt lon="1.546299" lat="46.330514"><ele>334.0</ele></trkpt>
<trkpt lon="1.546354" lat="46.330327"><ele>333.25</ele></trkpt>
<trkpt lon="1.546546" lat="46.329758"><ele>330.75</ele></trkpt>
<trkpt lon="1.546781" lat="46.328936"><ele>326.25</ele></trkpt>
<trkpt lon="1.546788" lat="46.328820"><ele>325.75</ele></trkpt>
<trkpt lon="1.546781" lat="46.328680"><ele>325.0</ele></trkpt>
<trkpt lon="1.546684" lat="46.328514"><ele>324.25</ele></trkpt>
<trkpt lon="1.546017" lat="46.327610"><ele>318.25</ele></trkpt>
<trkpt lon="1.545579" lat="46.327062"><ele>318.75</ele></trkpt>
<trkpt lon="1.545461" lat="46.326954"><ele>319.25</ele></trkpt>
<trkpt lon="1.545268" lat="46.326880"><ele>320.25</ele></trkpt>
<trkpt lon="1.545112" lat="46.326843"><ele>321.25</ele></trkpt>
<trkpt lon="1.544860" lat="46.326843"><ele>322.5</ele></trkpt>
<trkpt lon="1.544318" lat="46.326799"><ele>324.25</ele></trkpt>
<trkpt lon="1.544077" lat="46.326725"><ele>325.25</ele></trkpt>
<trkpt lon="1.543204" lat="46.326413"><ele>328.25</ele></trkpt>
<trkpt lon="1.542881" lat="46.326254"><ele>330.0</ele></trkpt>
<trkpt lon="1.542227" lat="46.325913"><ele>331.5</ele></trkpt>
<trkpt lon="1.541416" lat="46.325410"><ele>333.25</ele></trkpt>
<trkpt lon="1.539996" lat="46.324283"><ele>339.0</ele></trkpt>
<trkpt lon="1.539685" lat="46.323935"><ele>340.5</ele></trkpt>
<trkpt lon="1.539502" lat="46.323712"><ele>341.75</ele></trkpt>
<trkpt lon="1.539416" lat="46.323564"><ele>342.0</ele></trkpt>
<trkpt lon="1.539368" lat="46.323420"><ele>341.5</ele></trkpt>
<trkpt lon="1.539470" lat="46.323064"><ele>341.75</ele></trkpt>
<trkpt lon="1.539539" lat="46.322872"><ele>342.0</ele></trkpt>
<trkpt lon="1.539534" lat="46.322705"><ele>342.75</ele></trkpt>
<trkpt lon="1.539325" lat="46.321723"><ele>345.25</ele></trkpt>
<trkpt lon="1.539239" lat="46.321442"><ele>345.0</ele></trkpt>
<trkpt lon="1.539239" lat="46.321256"><ele>345.0</ele></trkpt>
<trkpt lon="1.539298" lat="46.321071"><ele>344.75</ele></trkpt>
<trkpt lon="1.539507" lat="46.320803"><ele>345.0</ele></trkpt>
<trkpt lon="1.539835" lat="46.320386"><ele>345.0</ele></trkpt>
<trkpt lon="1.540108" lat="46.319997"><ele>343.75</ele></trkpt>
<trkpt lon="1.541171" lat="46.318655"><ele>340.0</ele></trkpt>
<trkpt lon="1.541369" lat="46.318374"><ele>340.75</ele></trkpt>
<trkpt lon="1.541525" lat="46.318178"><ele>340.5</ele></trkpt>
<trkpt lon="1.541727" lat="46.318022"><ele>341.0</ele></trkpt>
<trkpt lon="1.542319" lat="46.317670"><ele>339.25</ele></trkpt>
<trkpt lon="1.542466" lat="46.317553"><ele>338.25</ele></trkpt>
<trkpt lon="1.543796" lat="46.316213"><ele>333.5</ele></trkpt>
<trkpt lon="1.543935" lat="46.316098"><ele>333.25</ele></trkpt>
<trkpt lon="1.543585" lat="46.315690"><ele>330.25</ele></trkpt>
<trkpt lon="1.543208" lat="46.315271"><ele>327.25</ele></trkpt>
<trkpt lon="1.542413" lat="46.314523"><ele>326.75</ele></trkpt>
<trkpt lon="1.542289" lat="46.314446"><ele>327.5</ele></trkpt>
<trkpt lon="1.542177" lat="46.314395"><ele>328.5</ele></trkpt>
<trkpt lon="1.542157" lat="46.314359"><ele>328.75</ele></trkpt>
<trkpt lon="1.541870" lat="46.314084"><ele>334.0</ele></trkpt>
<trkpt lon="1.541666" lat="46.313905"><ele>337.75</ele></trkpt>
<trkpt lon="1.541627" lat="46.313797"><ele>338.25</ele></trkpt>
<trkpt lon="1.542421" lat="46.312942"><ele>336.25</ele></trkpt>
<trkpt lon="1.542875" lat="46.312481"><ele>333.5</ele></trkpt>
<trkpt lon="1.542920" lat="46.312428"><ele>333.0</ele></trkpt>
<trkpt lon="1.542980" lat="46.312375"><ele>332.75</ele></trkpt>
<trkpt lon="1.543725" lat="46.311711"><ele>326.75</ele></trkpt>
<trkpt lon="1.544978" lat="46.310842"><ele>316.0</ele></trkpt>
<trkpt lon="1.546264" lat="46.309662"><ele>317.0</ele></trkpt>
<trkpt lon="1.546114" lat="46.309540"><ele>317.5</ele></trkpt>
<trkpt lon="1.546011" lat="46.309408"><ele>319.0</ele></trkpt>
<trkpt lon="1.545846" lat="46.309077"><ele>323.75</ele></trkpt>
<trkpt lon="1.545741" lat="46.308925"><ele>325.5</ele></trkpt>
<trkpt lon="1.545644" lat="46.308842"><ele>326.25</ele></trkpt>
<trkpt lon="1.545312" lat="46.308640"><ele>327.75</ele></trkpt>
<trkpt lon="1.545269" lat="46.308589"><ele>328.0</ele></trkpt>
<trkpt lon="1.545362" lat="46.308573"><ele>328.0</ele></trkpt>
<trkpt lon="1.545665" lat="46.308642"><ele>327.75</ele></trkpt>
<trkpt lon="1.545736" lat="46.308633"><ele>327.75</ele></trkpt>
<trkpt lon="1.545775" lat="46.308595"><ele>328.0</ele></trkpt>
<trkpt lon="1.545769" lat="46.308476"><ele>328.0</ele></trkpt>
<trkpt lon="1.545720" lat="46.308402"><ele>328.25</ele></trkpt>
<trkpt lon="1.545587" lat="46.308350"><ele>328.75</ele></trkpt>
<trkpt lon="1.545378" lat="46.308330"><ele>329.0</ele></trkpt>
<trkpt lon="1.545095" lat="46.308172"><ele>329.75</ele></trkpt>
<trkpt lon="1.545116" lat="46.308110"><ele>329.75</ele></trkpt>
<trkpt lon="1.545155" lat="46.308051"><ele>330.0</ele></trkpt>
<trkpt lon="1.545549" lat="46.307508"><ele>329.0</ele></trkpt>
<trkpt lon="1.545914" lat="46.306985"><ele>328.0</ele></trkpt>
<trkpt lon="1.545869" lat="46.306950"><ele>328.0</ele></trkpt>
<trkpt lon="1.545351" lat="46.306568"><ele>328.5</ele></trkpt>
<trkpt lon="1.545488" lat="46.305421"><ele>327.5</ele></trkpt>
<trkpt lon="1.545533" lat="46.305371"><ele>327.25</ele></trkpt>
<trkpt lon="1.545651" lat="46.305360"><ele>327.5</ele></trkpt>
<trkpt lon="1.546403" lat="46.305510"><ele>329.0</ele></trkpt>
<trkpt lon="1.546501" lat="46.304564"><ele>327.25</ele></trkpt>
<trkpt lon="1.546621" lat="46.303422"><ele>325.25</ele></trkpt>
<trkpt lon="1.546637" lat="46.303282"><ele>324.5</ele></trkpt>
<trkpt lon="1.546605" lat="46.303093"><ele>323.25</ele></trkpt>
<trkpt lon="1.546336" lat="46.302311"><ele>319.25</ele></trkpt>
<trkpt lon="1.545720" lat="46.300906"><ele>320.0</ele></trkpt>
<trkpt lon="1.545446" lat="46.300309"><ele>321.75</ele></trkpt>
<trkpt lon="1.545301" lat="46.299998"><ele>323.0</ele></trkpt>
<trkpt lon="1.545215" lat="46.299872"><ele>323.75</ele></trkpt>
<trkpt lon="1.545164" lat="46.299831"><ele>324.0</ele></trkpt>
<trkpt lon="1.545030" lat="46.299742"><ele>324.0</ele></trkpt>
<trkpt lon="1.544853" lat="46.299656"><ele>325.25</ele></trkpt>
<trkpt lon="1.544412" lat="46.299454"><ele>327.0</ele></trkpt>
<trkpt lon="1.544238" lat="46.299406"><ele>327.5</ele></trkpt>
<trkpt lon="1.543938" lat="46.299404"><ele>328.0</ele></trkpt>
<trkpt lon="1.543711" lat="46.299373"><ele>328.25</ele></trkpt>
<trkpt lon="1.543537" lat="46.299338"><ele>328.5</ele></trkpt>
<trkpt lon="1.543131" lat="46.298934"><ele>330.75</ele></trkpt>
<trkpt lon="1.542947" lat="46.298782"><ele>331.0</ele></trkpt>
<trkpt lon="1.542336" lat="46.298360"><ele>332.75</ele></trkpt>
<trkpt lon="1.541616" lat="46.297730"><ele>336.25</ele></trkpt>
<trkpt lon="1.541460" lat="46.297604"><ele>336.75</ele></trkpt>
<trkpt lon="1.541160" lat="46.297418"><ele>338.75</ele></trkpt>
<trkpt lon="1.539938" lat="46.296624"><ele>343.25</ele></trkpt>
<trkpt lon="1.539779" lat="46.296600"><ele>344.0</ele></trkpt>
<trkpt lon="1.539586" lat="46.296515"><ele>344.75</ele></trkpt>
<trkpt lon="1.539135" lat="46.296371"><ele>346.0</ele></trkpt>
<trkpt lon="1.538894" lat="46.296259"><ele>346.25</ele></trkpt>
<trkpt lon="1.538127" lat="46.295978"><ele>348.25</ele></trkpt>
<trkpt lon="1.537536" lat="46.295752"><ele>349.75</ele></trkpt>
<trkpt lon="1.537231" lat="46.295663"><ele>350.25</ele></trkpt>
<trkpt lon="1.537021" lat="46.295581"><ele>350.5</ele></trkpt>
<trkpt lon="1.536276" lat="46.295233"><ele>352.0</ele></trkpt>
<trkpt lon="1.536093" lat="46.295110"><ele>352.25</ele></trkpt>
<trkpt lon="1.535662" lat="46.294935"><ele>352.25</ele></trkpt>
<trkpt lon="1.535280" lat="46.294783"><ele>352.0</ele></trkpt>
<trkpt lon="1.534932" lat="46.294698"><ele>352.0</ele></trkpt>
<trkpt lon="1.534519" lat="46.294576"><ele>352.25</ele></trkpt>
<trkpt lon="1.533219" lat="46.294061"><ele>349.75</ele></trkpt>
<trkpt lon="1.532700" lat="46.293738"><ele>348.25</ele></trkpt>
<trkpt lon="1.532233" lat="46.293430"><ele>347.0</ele></trkpt>
<trkpt lon="1.531434" lat="46.293011"><ele>344.75</ele></trkpt>
<trkpt lon="1.530817" lat="46.292663"><ele>342.5</ele></trkpt>
<trkpt lon="1.530270" lat="46.292452"><ele>340.75</ele></trkpt>
<trkpt lon="1.529857" lat="46.292148"><ele>338.0</ele></trkpt>
<trkpt lon="1.529557" lat="46.291918"><ele>336.75</ele></trkpt>
<trkpt lon="1.529208" lat="46.291584"><ele>334.75</ele></trkpt>
<trkpt lon="1.528881" lat="46.291308"><ele>333.25</ele></trkpt>
<trkpt lon="1.528783" lat="46.291225"><ele>332.5</ele></trkpt>
<trkpt lon="1.528155" lat="46.290932"><ele>331.25</ele></trkpt>
<trkpt lon="1.527540" lat="46.290739"><ele>331.0</ele></trkpt>
<trkpt lon="1.527196" lat="46.290617"><ele>331.0</ele></trkpt>
<trkpt lon="1.526762" lat="46.290406"><ele>331.25</ele></trkpt>
<trkpt lon="1.526225" lat="46.289964"><ele>330.0</ele></trkpt>
<trkpt lon="1.526075" lat="46.289820"><ele>330.0</ele></trkpt>
<trkpt lon="1.525759" lat="46.289345"><ele>328.0</ele></trkpt>
<trkpt lon="1.525587" lat="46.289127"><ele>325.5</ele></trkpt>
<trkpt lon="1.525496" lat="46.289023"><ele>324.0</ele></trkpt>
<trkpt lon="1.525297" lat="46.288919"><ele>322.25</ele></trkpt>
<trkpt lon="1.525174" lat="46.288819"><ele>320.75</ele></trkpt>
<trkpt lon="1.525034" lat="46.288667"><ele>318.5</ele></trkpt>
<trkpt lon="1.524863" lat="46.288504"><ele>316.5</ele></trkpt>
<trkpt lon="1.524562" lat="46.288170"><ele>311.0</ele></trkpt>
<trkpt lon="1.524627" lat="46.288037"><ele>308.75</ele></trkpt>
<trkpt lon="1.524482" lat="46.287989"><ele>308.25</ele></trkpt>
<trkpt lon="1.524340" lat="46.287883"><ele>307.25</ele></trkpt>
<trkpt lon="1.524214" lat="46.287729"><ele>306.5</ele></trkpt>
<trkpt lon="1.523554" lat="46.286691"><ele>307.0</ele></trkpt>
<trkpt lon="1.523436" lat="46.286554"><ele>308.0</ele></trkpt>
<trkpt lon="1.523210" lat="46.286332"><ele>309.75</ele></trkpt>
<trkpt lon="1.523156" lat="46.286287"><ele>310.0</ele></trkpt>
<trkpt lon="1.522588" lat="46.285816"><ele>312.0</ele></trkpt>
<trkpt lon="1.522207" lat="46.285516"><ele>311.0</ele></trkpt>
<trkpt lon="1.521880" lat="46.285238"><ele>310.75</ele></trkpt>
<trkpt lon="1.521628" lat="46.285053"><ele>310.0</ele></trkpt>
<trkpt lon="1.521335" lat="46.284866"><ele>309.5</ele></trkpt>
<trkpt lon="1.521065" lat="46.284666"><ele>308.75</ele></trkpt>
<trkpt lon="1.520590" lat="46.284351"><ele>307.5</ele></trkpt>
<trkpt lon="1.520335" lat="46.284177"><ele>307.75</ele></trkpt>
<trkpt lon="1.520147" lat="46.284022"><ele>307.5</ele></trkpt>
<trkpt lon="1.520003" lat="46.283802"><ele>307.5</ele></trkpt>
<trkpt lon="1.519760" lat="46.283391"><ele>306.0</ele></trkpt>
<trkpt lon="1.519526" lat="46.283079"><ele>306.0</ele></trkpt>
<trkpt lon="1.518823" lat="46.282535"><ele>305.0</ele></trkpt>
<trkpt lon="1.518334" lat="46.282176"><ele>303.75</ele></trkpt>
<trkpt lon="1.517536" lat="46.281798"><ele>303.25</ele></trkpt>
<trkpt lon="1.516885" lat="46.281487"><ele>302.75</ele></trkpt>
<trkpt lon="1.516035" lat="46.281042"><ele>302.0</ele></trkpt>
<trkpt lon="1.515927" lat="46.281041"><ele>302.25</ele></trkpt>
<trkpt lon="1.515560" lat="46.280481"><ele>301.25</ele></trkpt>
<trkpt lon="1.515423" lat="46.280274"><ele>301.0</ele></trkpt>
<trkpt lon="1.515247" lat="46.280093"><ele>301.25</ele></trkpt>
<trkpt lon="1.515099" lat="46.279993"><ele>302.0</ele></trkpt>
<trkpt lon="1.514944" lat="46.279942"><ele>302.25</ele></trkpt>
<trkpt lon="1.514536" lat="46.279876"><ele>302.75</ele></trkpt>
<trkpt lon="1.514208" lat="46.279835"><ele>303.25</ele></trkpt>
<trkpt lon="1.513135" lat="46.279650"><ele>305.25</ele></trkpt>
<trkpt lon="1.512771" lat="46.279578"><ele>305.5</ele></trkpt>
<trkpt lon="1.512265" lat="46.279433"><ele>307.0</ele></trkpt>
<trkpt lon="1.511942" lat="46.279278"><ele>308.0</ele></trkpt>
<trkpt lon="1.511550" lat="46.279052"><ele>309.25</ele></trkpt>
<trkpt lon="1.511426" lat="46.278973"><ele>309.75</ele></trkpt>
<trkpt lon="1.511358" lat="46.278930"><ele>310.0</ele></trkpt>
<trkpt lon="1.511290" lat="46.278887"><ele>310.25</ele></trkpt>
<trkpt lon="1.511114" lat="46.278777"><ele>311.25</ele></trkpt>
<trkpt lon="1.510993" lat="46.278687"><ele>311.75</ele></trkpt>
<trkpt lon="1.510803" lat="46.278503"><ele>312.25</ele></trkpt>
<trkpt lon="1.510721" lat="46.278391"><ele>312.75</ele></trkpt>
<trkpt lon="1.510257" lat="46.277812"><ele>313.75</ele></trkpt>
<trkpt lon="1.510154" lat="46.277702"><ele>314.0</ele></trkpt>
<trkpt lon="1.509712" lat="46.277246"><ele>315.0</ele></trkpt>
<trkpt lon="1.509510" lat="46.277054"><ele>316.0</ele></trkpt>
<trkpt lon="1.509430" lat="46.276963"><ele>316.75</ele></trkpt>
<trkpt lon="1.509310" lat="46.276972"><ele>316.75</ele></trkpt>
<trkpt lon="1.509239" lat="46.276936"><ele>317.0</ele></trkpt>
<trkpt lon="1.509151" lat="46.276742"><ele>318.5</ele></trkpt>
<trkpt lon="1.509122" lat="46.276491"><ele>320.5</ele></trkpt>
<trkpt lon="1.509070" lat="46.276485"><ele>320.75</ele></trkpt>
<trkpt lon="1.509003" lat="46.276448"><ele>321.5</ele></trkpt>
<trkpt lon="1.509113" lat="46.276382"><ele>321.25</ele></trkpt>
<trkpt lon="1.509151" lat="46.276318"><ele>322.0</ele></trkpt>
<trkpt lon="1.509144" lat="46.276034"><ele>326.5</ele></trkpt>
<trkpt lon="1.509141" lat="46.275906"><ele>328.75</ele></trkpt>
<trkpt lon="1.509137" lat="46.275776"><ele>330.5</ele></trkpt>
<trkpt lon="1.509124" lat="46.275700"><ele>331.25</ele></trkpt>
<trkpt lon="1.508860" lat="46.275574"><ele>334.0</ele></trkpt>
<trkpt lon="1.508380" lat="46.275375"><ele>338.25</ele></trkpt>
<trkpt lon="1.507972" lat="46.275145"><ele>341.25</ele></trkpt>
<trkpt lon="1.507650" lat="46.274974"><ele>342.5</ele></trkpt>
<trkpt lon="1.507414" lat="46.274811"><ele>344.25</ele></trkpt>
<trkpt lon="1.507243" lat="46.274604"><ele>346.25</ele></trkpt>
<trkpt lon="1.506996" lat="46.274411"><ele>347.5</ele></trkpt>
<trkpt lon="1.506674" lat="46.274196"><ele>349.5</ele></trkpt>
<trkpt lon="1.506320" lat="46.273929"><ele>350.75</ele></trkpt>
<trkpt lon="1.505923" lat="46.273654"><ele>351.25</ele></trkpt>
<trkpt lon="1.505311" lat="46.273195"><ele>348.25</ele></trkpt>
<trkpt lon="1.505140" lat="46.273031"><ele>347.0</ele></trkpt>
<trkpt lon="1.504979" lat="46.272809"><ele>347.25</ele></trkpt>
<trkpt lon="1.504743" lat="46.272638"><ele>345.25</ele></trkpt>
<trkpt lon="1.504625" lat="46.272483"><ele>345.25</ele></trkpt>
<trkpt lon="1.504142" lat="46.271986"><ele>345.5</ele></trkpt>
<trkpt lon="1.503947" lat="46.271772"><ele>345.5</ele></trkpt>
<trkpt lon="1.503713" lat="46.271652"><ele>345.25</ele></trkpt>
<trkpt lon="1.503339" lat="46.271407"><ele>345.75</ele></trkpt>
<trkpt lon="1.503318" lat="46.271394"><ele>346.0</ele></trkpt>
<trkpt lon="1.502576" lat="46.270925"><ele>349.5</ele></trkpt>
<trkpt lon="1.502500" lat="46.270799"><ele>349.75</ele></trkpt>
<trkpt lon="1.502232" lat="46.270562"><ele>350.75</ele></trkpt>
<trkpt lon="1.502028" lat="46.270295"><ele>353.25</ele></trkpt>
<trkpt lon="1.501653" lat="46.269924"><ele>355.0</ele></trkpt>
<trkpt lon="1.501149" lat="46.269731"><ele>357.75</ele></trkpt>
<trkpt lon="1.500859" lat="46.269531"><ele>358.75</ele></trkpt>
<trkpt lon="1.500473" lat="46.269308"><ele>359.25</ele></trkpt>
<trkpt lon="1.500169" lat="46.269151"><ele>359.75</ele></trkpt>
<trkpt lon="1.500121" lat="46.269132"><ele>360.0</ele></trkpt>
<trkpt lon="1.500051" lat="46.269132"><ele>360.5</ele></trkpt>
<trkpt lon="1.500068" lat="46.269062"><ele>360.0</ele></trkpt>
<trkpt lon="1.499939" lat="46.268972"><ele>360.5</ele></trkpt>
<trkpt lon="1.499853" lat="46.268849"><ele>360.75</ele></trkpt>
<trkpt lon="1.499681" lat="46.268671"><ele>361.25</ele></trkpt>
<trkpt lon="1.499365" lat="46.268408"><ele>362.25</ele></trkpt>
<trkpt lon="1.499295" lat="46.268323"><ele>362.5</ele></trkpt>
<trkpt lon="1.499198" lat="46.268234"><ele>363.0</ele></trkpt>
<trkpt lon="1.499054" lat="46.268022"><ele>364.0</ele></trkpt>
<trkpt lon="1.499027" lat="46.267922"><ele>364.5</ele></trkpt>
<trkpt lon="1.498796" lat="46.267629"><ele>367.75</ele></trkpt>
<trkpt lon="1.498480" lat="46.267392"><ele>370.0</ele></trkpt>
<trkpt lon="1.498405" lat="46.267318"><ele>371.0</ele></trkpt>
<trkpt lon="1.498319" lat="46.267284"><ele>371.5</ele></trkpt>
<trkpt lon="1.498158" lat="46.267143"><ele>372.25</ele></trkpt>
<trkpt lon="1.497965" lat="46.267003"><ele>372.75</ele></trkpt>
<trkpt lon="1.497509" lat="46.266632"><ele>374.0</ele></trkpt>
<trkpt lon="1.497101" lat="46.266235"><ele>374.75</ele></trkpt>
<trkpt lon="1.497015" lat="46.266120"><ele>374.75</ele></trkpt>
<trkpt lon="1.496768" lat="46.265883"><ele>374.25</ele></trkpt>
<trkpt lon="1.496591" lat="46.265701"><ele>374.0</ele></trkpt>
<trkpt lon="1.496518" lat="46.265654"><ele>374.0</ele></trkpt>
<trkpt lon="1.495656" lat="46.265752"><ele>371.25</ele></trkpt>
<trkpt lon="1.495701" lat="46.265044"><ele>373.25</ele></trkpt>
<trkpt lon="1.495760" lat="46.264489"><ele>375.5</ele></trkpt>
<trkpt lon="1.495757" lat="46.264344"><ele>376.25</ele></trkpt>
<trkpt lon="1.495703" lat="46.264220"><ele>376.75</ele></trkpt>
<trkpt lon="1.495628" lat="46.264096"><ele>377.0</ele></trkpt>
<trkpt lon="1.495505" lat="46.263927"><ele>378.0</ele></trkpt>
<trkpt lon="1.495304" lat="46.263707"><ele>378.75</ele></trkpt>
<trkpt lon="1.495178" lat="46.263629"><ele>379.25</ele></trkpt>
<trkpt lon="1.495044" lat="46.263564"><ele>379.25</ele></trkpt>
<trkpt lon="1.494973" lat="46.263541"><ele>379.25</ele></trkpt>
<trkpt lon="1.494856" lat="46.263503"><ele>379.5</ele></trkpt>
<trkpt lon="1.494311" lat="46.263384"><ele>380.25</ele></trkpt>
<trkpt lon="1.494059" lat="46.263319"><ele>380.5</ele></trkpt>
<trkpt lon="1.493957" lat="46.263269"><ele>380.25</ele></trkpt>
<trkpt lon="1.493858" lat="46.263195"><ele>380.5</ele></trkpt>
<trkpt lon="1.493775" lat="46.263098"><ele>380.75</ele></trkpt>
<trkpt lon="1.493613" lat="46.262875"><ele>381.0</ele></trkpt>
<trkpt lon="1.493425" lat="46.262614"><ele>380.75</ele></trkpt>
<trkpt lon="1.493181" lat="46.262271"><ele>380.5</ele></trkpt>
<trkpt lon="1.493142" lat="46.262216"><ele>380.5</ele></trkpt>
<trkpt lon="1.493042" lat="46.262127"><ele>380.5</ele></trkpt>
<trkpt lon="1.492780" lat="46.261895"><ele>378.5</ele></trkpt>
<trkpt lon="1.492560" lat="46.261685"><ele>376.75</ele></trkpt>
<trkpt lon="1.492423" lat="46.261541"><ele>374.0</ele></trkpt>
<trkpt lon="1.492369" lat="46.261441"><ele>373.0</ele></trkpt>
<trkpt lon="1.492318" lat="46.261307"><ele>371.75</ele></trkpt>
<trkpt lon="1.492372" lat="46.261105"><ele>371.5</ele></trkpt>
<trkpt lon="1.492444" lat="46.260968"><ele>370.75</ele></trkpt>
<trkpt lon="1.492554" lat="46.260760"><ele>369.5</ele></trkpt>
<trkpt lon="1.492611" lat="46.260575"><ele>368.75</ele></trkpt>
<trkpt lon="1.492616" lat="46.260450"><ele>368.5</ele></trkpt>
<trkpt lon="1.492571" lat="46.260181"><ele>367.5</ele></trkpt>
<trkpt lon="1.492453" lat="46.259964"><ele>366.75</ele></trkpt>
<trkpt lon="1.492372" lat="46.259853"><ele>365.75</ele></trkpt>
<trkpt lon="1.492125" lat="46.259662"><ele>364.75</ele></trkpt>
<trkpt lon="1.491965" lat="46.259525"><ele>363.25</ele></trkpt>
<trkpt lon="1.491728" lat="46.259372"><ele>362.5</ele></trkpt>
<trkpt lon="1.491589" lat="46.259242"><ele>361.0</ele></trkpt>
<trkpt lon="1.491461" lat="46.259097"><ele>360.0</ele></trkpt>
<trkpt lon="1.491311" lat="46.258895"><ele>359.75</ele></trkpt>
<trkpt lon="1.491067" lat="46.258543"><ele>359.25</ele></trkpt>
<trkpt lon="1.490936" lat="46.258304"><ele>357.25</ele></trkpt>
<trkpt lon="1.490940" lat="46.258155"><ele>357.0</ele></trkpt>
<trkpt lon="1.491209" lat="46.257655"><ele>359.5</ele></trkpt>
<trkpt lon="1.491276" lat="46.257462"><ele>359.5</ele></trkpt>
<trkpt lon="1.491280" lat="46.257260"><ele>359.25</ele></trkpt>
<trkpt lon="1.491263" lat="46.257092"><ele>358.25</ele></trkpt>
<trkpt lon="1.491252" lat="46.256852"><ele>357.5</ele></trkpt>
<trkpt lon="1.491179" lat="46.256696"><ele>356.5</ele></trkpt>
<trkpt lon="1.491074" lat="46.256569"><ele>356.25</ele></trkpt>
<trkpt lon="1.490921" lat="46.256482"><ele>355.25</ele></trkpt>
<trkpt lon="1.490561" lat="46.256328"><ele>353.5</ele></trkpt>
<trkpt lon="1.490205" lat="46.256197"><ele>351.5</ele></trkpt>
<trkpt lon="1.489951" lat="46.256076"><ele>349.75</ele></trkpt>
<trkpt lon="1.489777" lat="46.255944"><ele>348.5</ele></trkpt>
<trkpt lon="1.489677" lat="46.255831"><ele>347.5</ele></trkpt>
<trkpt lon="1.489579" lat="46.255623"><ele>346.5</ele></trkpt>
<trkpt lon="1.489463" lat="46.255449"><ele>344.75</ele></trkpt>
<trkpt lon="1.489303" lat="46.255254"><ele>343.25</ele></trkpt>
<trkpt lon="1.489174" lat="46.255122"><ele>342.75</ele></trkpt>
<trkpt lon="1.489083" lat="46.255029"><ele>342.75</ele></trkpt>
<trkpt lon="1.488778" lat="46.254700"><ele>344.0</ele></trkpt>
<trkpt lon="1.488195" lat="46.254074"><ele>346.5</ele></trkpt>
<trkpt lon="1.487730" lat="46.253601"><ele>348.25</ele></trkpt>
<trkpt lon="1.487069" lat="46.252879"><ele>354.0</ele></trkpt>
<trkpt lon="1.486903" lat="46.252675"><ele>354.75</ele></trkpt>
<trkpt lon="1.486728" lat="46.252513"><ele>355.5</ele></trkpt>
<trkpt lon="1.486385" lat="46.252292"><ele>357.75</ele></trkpt>
<trkpt lon="1.486240" lat="46.252227"><ele>358.0</ele></trkpt>
<trkpt lon="1.486193" lat="46.252164"><ele>358.0</ele></trkpt>
<trkpt lon="1.486105" lat="46.252047"><ele>358.25</ele></trkpt>
<trkpt lon="1.486080" lat="46.251977"><ele>358.25</ele></trkpt>
<trkpt lon="1.486040" lat="46.251835"><ele>359.25</ele></trkpt>
<trkpt lon="1.486053" lat="46.251616"><ele>360.75</ele></trkpt>
<trkpt lon="1.486080" lat="46.251454"><ele>361.75</ele></trkpt>
<trkpt lon="1.486003" lat="46.251190"><ele>363.25</ele></trkpt>
<trkpt lon="1.485909" lat="46.250997"><ele>364.5</ele></trkpt>
<trkpt lon="1.485761" lat="46.250654"><ele>365.5</ele></trkpt>
<trkpt lon="1.485790" lat="46.250461"><ele>365.5</ele></trkpt>
<trkpt lon="1.485921" lat="46.249871"><ele>365.0</ele></trkpt>
<trkpt lon="1.485921" lat="46.249620"><ele>364.25</ele></trkpt>
<trkpt lon="1.485936" lat="46.249484"><ele>363.75</ele></trkpt>
<trkpt lon="1.485993" lat="46.249296"><ele>363.0</ele></trkpt>
<trkpt lon="1.486286" lat="46.248749"><ele>364.0</ele></trkpt>
<trkpt lon="1.486457" lat="46.248527"><ele>366.0</ele></trkpt>
<trkpt lon="1.486491" lat="46.248484"><ele>366.25</ele></trkpt>
<trkpt lon="1.485966" lat="46.248253"><ele>367.75</ele></trkpt>
<trkpt lon="1.485325" lat="46.247970"><ele>369.0</ele></trkpt>
<trkpt lon="1.484974" lat="46.247820"><ele>372.25</ele></trkpt>
<trkpt lon="1.484541" lat="46.247636"><ele>376.0</ele></trkpt>
<trkpt lon="1.484266" lat="46.247497"><ele>377.0</ele></trkpt>
<trkpt lon="1.484117" lat="46.247414"><ele>377.25</ele></trkpt>
<trkpt lon="1.483871" lat="46.247239"><ele>376.75</ele></trkpt>
<trkpt lon="1.483731" lat="46.247120"><ele>377.0</ele></trkpt>
<trkpt lon="1.483615" lat="46.247009"><ele>377.0</ele></trkpt>
<trkpt lon="1.483365" lat="46.246729"><ele>377.0</ele></trkpt>
<trkpt lon="1.483288" lat="46.246629"><ele>376.75</ele></trkpt>
<trkpt lon="1.485753" lat="46.245994"><ele>371.5</ele></trkpt>
<trkpt lon="1.485730" lat="46.245877"><ele>372.0</ele></trkpt>
<trkpt lon="1.485732" lat="46.245541"><ele>373.75</ele></trkpt>
<trkpt lon="1.485698" lat="46.245361"><ele>374.25</ele></trkpt>
<trkpt lon="1.485646" lat="46.245275"><ele>374.5</ele></trkpt>
<trkpt lon="1.485603" lat="46.245235"><ele>374.5</ele></trkpt>
<trkpt lon="1.485433" lat="46.245039"><ele>374.5</ele></trkpt>
<trkpt lon="1.485263" lat="46.244827"><ele>375.0</ele></trkpt>
<trkpt lon="1.484993" lat="46.244488"><ele>375.0</ele></trkpt>
<trkpt lon="1.484672" lat="46.244044"><ele>374.0</ele></trkpt>
<trkpt lon="1.484637" lat="46.243853"><ele>373.75</ele></trkpt>
<trkpt lon="1.484596" lat="46.243631"><ele>373.25</ele></trkpt>
<trkpt lon="1.484538" lat="46.243318"><ele>374.25</ele></trkpt>
<trkpt lon="1.484288" lat="46.242517"><ele>378.25</ele></trkpt>
<trkpt lon="1.484174" lat="46.242131"><ele>382.5</ele></trkpt>
<trkpt lon="1.484451" lat="46.242080"><ele>380.25</ele></trkpt>
<trkpt lon="1.484544" lat="46.242056"><ele>379.75</ele></trkpt>
<trkpt lon="1.484633" lat="46.242028"><ele>379.25</ele></trkpt>
<trkpt lon="1.484805" lat="46.241955"><ele>378.5</ele></trkpt>
<trkpt lon="1.484951" lat="46.241874"><ele>378.5</ele></trkpt>
<trkpt lon="1.485276" lat="46.241638"><ele>379.0</ele></trkpt>
<trkpt lon="1.485313" lat="46.241596"><ele>378.75</ele></trkpt>
<trkpt lon="1.485367" lat="46.241512"><ele>378.5</ele></trkpt>
<trkpt lon="1.485404" lat="46.241435"><ele>378.5</ele></trkpt>
<trkpt lon="1.485627" lat="46.240942"><ele>381.0</ele></trkpt>
<trkpt lon="1.485444" lat="46.240832"><ele>382.0</ele></trkpt>
<trkpt lon="1.485253" lat="46.240749"><ele>383.25</ele></trkpt>
<trkpt lon="1.485116" lat="46.240641"><ele>386.5</ele></trkpt>
<trkpt lon="1.485010" lat="46.240553"><ele>389.75</ele></trkpt>
<trkpt lon="1.484999" lat="46.240539"><ele>390.0</ele></trkpt>
<trkpt lon="1.484996" lat="46.240512"><ele>390.25</ele></trkpt>
<trkpt lon="1.485013" lat="46.240492"><ele>390.25</ele></trkpt>
<trkpt lon="1.485159" lat="46.240403"><ele>390.0</ele></trkpt>
<trkpt lon="1.485170" lat="46.240390"><ele>390.0</ele></trkpt>
<trkpt lon="1.485175" lat="46.240353"><ele>390.75</ele></trkpt>
<trkpt lon="1.485165" lat="46.240332"><ele>391.0</ele></trkpt>
<trkpt lon="1.485136" lat="46.240307"><ele>391.5</ele></trkpt>
<trkpt lon="1.485207" lat="46.240267"><ele>392.0</ele></trkpt>
<trkpt lon="1.485418" lat="46.240143"><ele>391.75</ele></trkpt>
<trkpt lon="1.485559" lat="46.240056"><ele>391.5</ele></trkpt>
<trkpt lon="1.485648" lat="46.240002"><ele>391.5</ele></trkpt>
<trkpt lon="1.485821" lat="46.239896"><ele>392.0</ele></trkpt>
<trkpt lon="1.486015" lat="46.239769"><ele>391.0</ele></trkpt>
<trkpt lon="1.486071" lat="46.239703"><ele>390.5</ele></trkpt>
<trkpt lon="1.486110" lat="46.239598"><ele>389.5</ele></trkpt>
<trkpt lon="1.486125" lat="46.239476"><ele>388.75</ele></trkpt>
<trkpt lon="1.486100" lat="46.239371"><ele>388.5</ele></trkpt>
<trkpt lon="1.486089" lat="46.239187"><ele>387.25</ele></trkpt>
<trkpt lon="1.486110" lat="46.239100"><ele>386.5</ele></trkpt>
<trkpt lon="1.486092" lat="46.238760"><ele>384.0</ele></trkpt>
<trkpt lon="1.486074" lat="46.238422"><ele>382.5</ele></trkpt>
<trkpt lon="1.486078" lat="46.238317"><ele>382.0</ele></trkpt>
<trkpt lon="1.486131" lat="46.238306"><ele>381.5</ele></trkpt>
<trkpt lon="1.486163" lat="46.238303"><ele>381.25</ele></trkpt>
<trkpt lon="1.486213" lat="46.238308"><ele>380.75</ele></trkpt>
<trkpt lon="1.486238" lat="46.238282"><ele>380.25</ele></trkpt>
<trkpt lon="1.486192" lat="46.238252"><ele>380.5</ele></trkpt>
<trkpt lon="1.486159" lat="46.238218"><ele>380.75</ele></trkpt>
<trkpt lon="1.486121" lat="46.238081"><ele>380.75</ele></trkpt>
<trkpt lon="1.486074" lat="46.237982"><ele>381.0</ele></trkpt>
<trkpt lon="1.486094" lat="46.237977"><ele>381.0</ele></trkpt>
<trkpt lon="1.486131" lat="46.237967"><ele>380.75</ele></trkpt>
<trkpt lon="1.486281" lat="46.237930"><ele>379.25</ele></trkpt>
<trkpt lon="1.486436" lat="46.237881"><ele>378.5</ele></trkpt>
<trkpt lon="1.486606" lat="46.237833"><ele>378.25</ele></trkpt>
<trkpt lon="1.486557" lat="46.237747"><ele>379.25</ele></trkpt>
<trkpt lon="1.486729" lat="46.237699"><ele>378.25</ele></trkpt>
<trkpt lon="1.486773" lat="46.237676"><ele>377.75</ele></trkpt>
<trkpt lon="1.486779" lat="46.237666"><ele>377.75</ele></trkpt>
<trkpt lon="1.486784" lat="46.237647"><ele>377.75</ele></trkpt>
<trkpt lon="1.486777" lat="46.237626"><ele>378.0</ele></trkpt>
<trkpt lon="1.486721" lat="46.237563"><ele>378.5</ele></trkpt>
<trkpt lon="1.486575" lat="46.237227"><ele>376.5</ele></trkpt>
<trkpt lon="1.486819" lat="46.237177"><ele>375.5</ele></trkpt>
<trkpt lon="1.486840" lat="46.237172"><ele>375.5</ele></trkpt>
<trkpt lon="1.486862" lat="46.237166"><ele>375.5</ele></trkpt>
<trkpt lon="1.486877" lat="46.237161"><ele>375.25</ele></trkpt>
  </trkseg></trk></gpx>
