<?xml version="1.0" encoding="UTF-8"?>
<gpx version="1.1" creator="compostel-brouter" xmlns="http://www.topografix.com/GPX/1/1">
  <metadata><name>FR-30-Sainte-Foy</name></metadata>
  <trk><name>FR-30-Sainte-Foy</name><trkseg>
<trkpt lon="0.721095" lat="45.184126"><ele>104.5</ele></trkpt>
<trkpt lon="0.720951" lat="45.184131"><ele>105.0</ele></trkpt>
<trkpt lon="0.720942" lat="45.184112"><ele>105.0</ele></trkpt>
<trkpt lon="0.720967" lat="45.184112"><ele>105.0</ele></trkpt>
<trkpt lon="0.720932" lat="45.183915"><ele>104.75</ele></trkpt>
<trkpt lon="0.720915" lat="45.183915"><ele>105.0</ele></trkpt>
<trkpt lon="0.720919" lat="45.183899"><ele>105.0</ele></trkpt>
<trkpt lon="0.720963" lat="45.183530"><ele>105.0</ele></trkpt>
<trkpt lon="0.720970" lat="45.183476"><ele>104.75</ele></trkpt>
<trkpt lon="0.720977" lat="45.183424"><ele>104.25</ele></trkpt>
<trkpt lon="0.720991" lat="45.183329"><ele>103.75</ele></trkpt>
<trkpt lon="0.720523" lat="45.183187"><ele>100.75</ele></trkpt>
<trkpt lon="0.720490" lat="45.183177"><ele>100.75</ele></trkpt>
<trkpt lon="0.720461" lat="45.183166"><ele>100.75</ele></trkpt>
<trkpt lon="0.720275" lat="45.183097"><ele>100.5</ele></trkpt>
<trkpt lon="0.719999" lat="45.182992"><ele>100.0</ele></trkpt>
<trkpt lon="0.719874" lat="45.182939"><ele>99.25</ele></trkpt>
<trkpt lon="0.719787" lat="45.182917"><ele>99.0</ele></trkpt>
<trkpt lon="0.719231" lat="45.182801"><ele>98.25</ele></trkpt>
<trkpt lon="0.719176" lat="45.182811"><ele>98.25</ele></trkpt>
<trkpt lon="0.719112" lat="45.182799"><ele>98.0</ele></trkpt>
<trkpt lon="0.718986" lat="45.182686"><ele>97.25</ele></trkpt>
<trkpt lon="0.718948" lat="45.182668"><ele>97.0</ele></trkpt>
<trkpt lon="0.718926" lat="45.182658"><ele>97.0</ele></trkpt>
<trkpt lon="0.718872" lat="45.182632"><ele>96.75</ele></trkpt>
<trkpt lon="0.718805" lat="45.182629"><ele>96.75</ele></trkpt>
<trkpt lon="0.718701" lat="45.182624"><ele>96.75</ele></trkpt>
<trkpt lon="0.718705" lat="45.182593"><ele>96.5</ele></trkpt>
<trkpt lon="0.718704" lat="45.182567"><ele>96.25</ele></trkpt>
<trkpt lon="0.718613" lat="45.182536"><ele>96.25</ele></trkpt>
<trkpt lon="0.718379" lat="45.182455"><ele>96.5</ele></trkpt>
<trkpt lon="0.718263" lat="45.182436"><ele>96.5</ele></trkpt>
<trkpt lon="0.718064" lat="45.182424"><ele>96.25</ele></trkpt>
<trkpt lon="0.717878" lat="45.182410"><ele>96.25</ele></trkpt>
<trkpt lon="0.717699" lat="45.182395"><ele>95.75</ele></trkpt>
<trkpt lon="0.717502" lat="45.182398"><ele>95.0</ele></trkpt>
<trkpt lon="0.717438" lat="45.182344"><ele>94.75</ele></trkpt>
<trkpt lon="0.717349" lat="45.182269"><ele>94.5</ele></trkpt>
<trkpt lon="0.717354" lat="45.182223"><ele>94.25</ele></trkpt>
<trkpt lon="0.717303" lat="45.182132"><ele>93.75</ele></trkpt>
<trkpt lon="0.717308" lat="45.182036"><ele>93.25</ele></trkpt>
<trkpt lon="0.717262" lat="45.182020"><ele>93.25</ele></trkpt>
<trkpt lon="0.717212" lat="45.182018"><ele>93.25</ele></trkpt>
<trkpt lon="0.717190" lat="45.182018"><ele>93.25</ele></trkpt>
<trkpt lon="0.717141" lat="45.181924"><ele>92.75</ele></trkpt>
<trkpt lon="0.717099" lat="45.181792"><ele>92.5</ele></trkpt>
<trkpt lon="0.717057" lat="45.181681"><ele>92.5</ele></trkpt>
<trkpt lon="0.716985" lat="45.181221"><ele>91.25</ele></trkpt>
<trkpt lon="0.716980" lat="45.181185"><ele>91.25</ele></trkpt>
<trkpt lon="0.716905" lat="45.181186"><ele>91.25</ele></trkpt>
<trkpt lon="0.716737" lat="45.181187"><ele>91.25</ele></trkpt>
<trkpt lon="0.716665" lat="45.181167"><ele>91.25</ele></trkpt>
<trkpt lon="0.716426" lat="45.180916"><ele>91.25</ele></trkpt>
<trkpt lon="0.715478" lat="45.179878"><ele>91.0</ele></trkpt>
<trkpt lon="0.715404" lat="45.179828"><ele>91.25</ele></trkpt>
<trkpt lon="0.715337" lat="45.179803"><ele>91.5</ele></trkpt>
<trkpt lon="0.715282" lat="45.179787"><ele>91.75</ele></trkpt>
<trkpt lon="0.715324" lat="45.179710"><ele>91.75</ele></trkpt>
<trkpt lon="0.715377" lat="45.179579"><ele>91.25</ele></trkpt>
<trkpt lon="0.715251" lat="45.179561"><ele>91.0</ele></trkpt>
<trkpt lon="0.715200" lat="45.179548"><ele>90.5</ele></trkpt>
<trkpt lon="0.715169" lat="45.179537"><ele>90.25</ele></trkpt>
<trkpt lon="0.715120" lat="45.179505"><ele>89.75</ele></trkpt>
<trkpt lon="0.714964" lat="45.179358"><ele>89.0</ele></trkpt>
<trkpt lon="0.714902" lat="45.179282"><ele>89.75</ele></trkpt>
<trkpt lon="0.714943" lat="45.179246"><ele>90.5</ele></trkpt>
<trkpt lon="0.714994" lat="45.179208"><ele>91.25</ele></trkpt>
<trkpt lon="0.715281" lat="45.179052"><ele>89.5</ele></trkpt>
<trkpt lon="0.715340" lat="45.179004"><ele>89.25</ele></trkpt>
<trkpt lon="0.715377" lat="45.178950"><ele>89.25</ele></trkpt>
<trkpt lon="0.715383" lat="45.178875"><ele>89.25</ele></trkpt>
<trkpt lon="0.715378" lat="45.178782"><ele>89.0</ele></trkpt>
<trkpt lon="0.715353" lat="45.178575"><ele>89.0</ele></trkpt>
<trkpt lon="0.715294" lat="45.178323"><ele>88.75</ele></trkpt>
<trkpt lon="0.715283" lat="45.178257"><ele>88.75</ele></trkpt>
<trkpt lon="0.715183" lat="45.177597"><ele>88.0</ele></trkpt>
<trkpt lon="0.715153" lat="45.177417"><ele>88.0</ele></trkpt>
<trkpt lon="0.714989" lat="45.176384"><ele>87.0</ele></trkpt>
<trkpt lon="0.714931" lat="45.175983"><ele>86.5</ele></trkpt>
<trkpt lon="0.714832" lat="45.175443"><ele>85.0</ele></trkpt>
<trkpt lon="0.714787" lat="45.175408"><ele>84.75</ele></trkpt>
<trkpt lon="0.714747" lat="45.175338"><ele>84.25</ele></trkpt>
<trkpt lon="0.714642" lat="45.175142"><ele>84.25</ele></trkpt>
<trkpt lon="0.714688" lat="45.175131"><ele>84.25</ele></trkpt>
<trkpt lon="0.714659" lat="45.175085"><ele>84.5</ele></trkpt>
<trkpt lon="0.714631" lat="45.175074"><ele>84.25</ele></trkpt>
<trkpt lon="0.714536" lat="45.175070"><ele>84.0</ele></trkpt>
<trkpt lon="0.714463" lat="45.175051"><ele>84.0</ele></trkpt>
<trkpt lon="0.714412" lat="45.175012"><ele>84.0</ele></trkpt>
<trkpt lon="0.714383" lat="45.174978"><ele>83.75</ele></trkpt>
<trkpt lon="0.714361" lat="45.174921"><ele>83.5</ele></trkpt>
<trkpt lon="0.713903" lat="45.174489"><ele>83.75</ele></trkpt>
<trkpt lon="0.713850" lat="45.174372"><ele>85.0</ele></trkpt>
<trkpt lon="0.713779" lat="45.174268"><ele>86.25</ele></trkpt>
<trkpt lon="0.713795" lat="45.174232"><ele>87.0</ele></trkpt>
<trkpt lon="0.713744" lat="45.174062"><ele>87.75</ele></trkpt>
<trkpt lon="0.713722" lat="45.173793"><ele>88.25</ele></trkpt>
<trkpt lon="0.713602" lat="45.173283"><ele>89.25</ele></trkpt>
<trkpt lon="0.713419" lat="45.172337"><ele>94.75</ele></trkpt>
<trkpt lon="0.713288" lat="45.171454"><ele>96.5</ele></trkpt>
<trkpt lon="0.713092" lat="45.170760"><ele>99.75</ele></trkpt>
<trkpt lon="0.712848" lat="45.170229"><ele>101.5</ele></trkpt>
<trkpt lon="0.712647" lat="45.169890"><ele>102.25</ele></trkpt>
<trkpt lon="0.712542" lat="45.169696"><ele>101.75</ele></trkpt>
<trkpt lon="0.712446" lat="45.169546"><ele>101.5</ele></trkpt>
<trkpt lon="0.712017" lat="45.169208"><ele>103.5</ele></trkpt>
<trkpt lon="0.711848" lat="45.169111"><ele>104.75</ele></trkpt>
<trkpt lon="0.711145" lat="45.168822"><ele>107.5</ele></trkpt>
<trkpt lon="0.710759" lat="45.168679"><ele>107.0</ele></trkpt>
<trkpt lon="0.710158" lat="45.168512"><ele>108.75</ele></trkpt>
<trkpt lon="0.709664" lat="45.168334"><ele>106.5</ele></trkpt>
<trkpt lon="0.709227" lat="45.168240"><ele>108.5</ele></trkpt>
<trkpt lon="0.708814" lat="45.168114"><ele>109.0</ele></trkpt>
<trkpt lon="0.708772" lat="45.168095"><ele>108.75</ele></trkpt>
<trkpt lon="0.708527" lat="45.167991"><ele>109.0</ele></trkpt>
<trkpt lon="0.708297" lat="45.167828"><ele>108.0</ele></trkpt>
<trkpt lon="0.708098" lat="45.167628"><ele>108.25</ele></trkpt>
<trkpt lon="0.708043" lat="45.167606"><ele>108.5</ele></trkpt>
<trkpt lon="0.707927" lat="45.167561"><ele>108.75</ele></trkpt>
<trkpt lon="0.707151" lat="45.167428"><ele>111.25</ele></trkpt>
<trkpt lon="0.706531" lat="45.167355"><ele>114.0</ele></trkpt>
<trkpt lon="0.705708" lat="45.167227"><ele>113.5</ele></trkpt>
<trkpt lon="0.704775" lat="45.167047"><ele>117.5</ele></trkpt>
<trkpt lon="0.703492" lat="45.166886"><ele>119.0</ele></trkpt>
<trkpt lon="0.703197" lat="45.166814"><ele>119.75</ele></trkpt>
<trkpt lon="0.703002" lat="45.166780"><ele>119.25</ele></trkpt>
<trkpt lon="0.702828" lat="45.166826"><ele>119.25</ele></trkpt>
<trkpt lon="0.702355" lat="45.167183"><ele>121.75</ele></trkpt>
<trkpt lon="0.701867" lat="45.167484"><ele>122.5</ele></trkpt>
<trkpt lon="0.701661" lat="45.167570"><ele>123.75</ele></trkpt>
<trkpt lon="0.701395" lat="45.167653"><ele>124.25</ele></trkpt>
<trkpt lon="0.701154" lat="45.167689"><ele>125.25</ele></trkpt>
<trkpt lon="0.700204" lat="45.167709"><ele>128.5</ele></trkpt>
<trkpt lon="0.699977" lat="45.167688"><ele>129.5</ele></trkpt>
<trkpt lon="0.699818" lat="45.167633"><ele>130.75</ele></trkpt>
<trkpt lon="0.699767" lat="45.167559"><ele>132.5</ele></trkpt>
<trkpt lon="0.699775" lat="45.167457"><ele>135.0</ele></trkpt>
<trkpt lon="0.699869" lat="45.167358"><ele>137.25</ele></trkpt>
<trkpt lon="0.700346" lat="45.167111"><ele>139.5</ele></trkpt>
<trkpt lon="0.700513" lat="45.167018"><ele>140.0</ele></trkpt>
<trkpt lon="0.700558" lat="45.166931"><ele>141.0</ele></trkpt>
<trkpt lon="0.700532" lat="45.166839"><ele>143.0</ele></trkpt>
<trkpt lon="0.700424" lat="45.166782"><ele>144.5</ele></trkpt>
<trkpt lon="0.700271" lat="45.166774"><ele>145.25</ele></trkpt>
<trkpt lon="0.699362" lat="45.167009"><ele>148.25</ele></trkpt>
<trkpt lon="0.699134" lat="45.167020"><ele>149.0</ele></trkpt>
<trkpt lon="0.698997" lat="45.166969"><ele>150.25</ele></trkpt>
<trkpt lon="0.698892" lat="45.166863"><ele>152.0</ele></trkpt>
<trkpt lon="0.698860" lat="45.166740"><ele>154.0</ele></trkpt>
<trkpt lon="0.698935" lat="45.166591"><ele>156.0</ele></trkpt>
<trkpt lon="0.699443" lat="45.166101"><ele>161.0</ele></trkpt>
<trkpt lon="0.699475" lat="45.166001"><ele>161.0</ele></trkpt>
<trkpt lon="0.699471" lat="45.165933"><ele>161.25</ele></trkpt>
<trkpt lon="0.699405" lat="45.165893"><ele>162.0</ele></trkpt>
<trkpt lon="0.698724" lat="45.165668"><ele>167.5</ele></trkpt>
<trkpt lon="0.698404" lat="45.165499"><ele>169.75</ele></trkpt>
<trkpt lon="0.697745" lat="45.165047"><ele>173.0</ele></trkpt>
<trkpt lon="0.696865" lat="45.164606"><ele>175.0</ele></trkpt>
<trkpt lon="0.696599" lat="45.164404"><ele>175.0</ele></trkpt>
<trkpt lon="0.696028" lat="45.164085"><ele>178.0</ele></trkpt>
<trkpt lon="0.695958" lat="45.164013"><ele>178.5</ele></trkpt>
<trkpt lon="0.695837" lat="45.163682"><ele>180.5</ele></trkpt>
<trkpt lon="0.695258" lat="45.162941"><ele>185.0</ele></trkpt>
<trkpt lon="0.694770" lat="45.162413"><ele>185.75</ele></trkpt>
<trkpt lon="0.694102" lat="45.161481"><ele>189.0</ele></trkpt>
<trkpt lon="0.694011" lat="45.161335"><ele>189.75</ele></trkpt>
<trkpt lon="0.693955" lat="45.161034"><ele>191.0</ele></trkpt>
<trkpt lon="0.693839" lat="45.160675"><ele>192.5</ele></trkpt>
<trkpt lon="0.693671" lat="45.160401"><ele>194.25</ele></trkpt>
<trkpt lon="0.693354" lat="45.160161"><ele>195.25</ele></trkpt>
<trkpt lon="0.692871" lat="45.159722"><ele>197.0</ele></trkpt>
<trkpt lon="0.692512" lat="45.159442"><ele>198.0</ele></trkpt>
<trkpt lon="0.691256" lat="45.158871"><ele>201.5</ele></trkpt>
<trkpt lon="0.691042" lat="45.158736"><ele>202.0</ele></trkpt>
<trkpt lon="0.689717" lat="45.157588"><ele>213.25</ele></trkpt>
<trkpt lon="0.689668" lat="45.157536"><ele>213.75</ele></trkpt>
<trkpt lon="0.689637" lat="45.157491"><ele>214.25</ele></trkpt>
<trkpt lon="0.689626" lat="45.157467"><ele>214.5</ele></trkpt>
<trkpt lon="0.689584" lat="45.157372"><ele>215.0</ele></trkpt>
<trkpt lon="0.689502" lat="45.157324"><ele>215.5</ele></trkpt>
<trkpt lon="0.689479" lat="45.157288"><ele>215.5</ele></trkpt>
<trkpt lon="0.689472" lat="45.157260"><ele>215.75</ele></trkpt>
<trkpt lon="0.689483" lat="45.157199"><ele>216.0</ele></trkpt>
<trkpt lon="0.689522" lat="45.157142"><ele>216.0</ele></trkpt>
<trkpt lon="0.689416" lat="45.157182"><ele>215.75</ele></trkpt>
<trkpt lon="0.689359" lat="45.157189"><ele>215.75</ele></trkpt>
<trkpt lon="0.689320" lat="45.157187"><ele>215.75</ele></trkpt>
<trkpt lon="0.689249" lat="45.157148"><ele>215.75</ele></trkpt>
<trkpt lon="0.689206" lat="45.157102"><ele>215.5</ele></trkpt>
<trkpt lon="0.689194" lat="45.157073"><ele>215.5</ele></trkpt>
<trkpt lon="0.689189" lat="45.157027"><ele>215.25</ele></trkpt>
<trkpt lon="0.689298" lat="45.156786"><ele>214.0</ele></trkpt>
<trkpt lon="0.689330" lat="45.156616"><ele>212.5</ele></trkpt>
<trkpt lon="0.689368" lat="45.156414"><ele>211.0</ele></trkpt>
<trkpt lon="0.689360" lat="45.156253"><ele>209.5</ele></trkpt>
<trkpt lon="0.689312" lat="45.156135"><ele>207.75</ele></trkpt>
<trkpt lon="0.689053" lat="45.155822"><ele>201.25</ele></trkpt>
<trkpt lon="0.688992" lat="45.155731"><ele>199.5</ele></trkpt>
<trkpt lon="0.688952" lat="45.155631"><ele>198.25</ele></trkpt>
<trkpt lon="0.688912" lat="45.155451"><ele>196.5</ele></trkpt>
<trkpt lon="0.688809" lat="45.154427"><ele>196.5</ele></trkpt>
<trkpt lon="0.688805" lat="45.154211"><ele>195.25</ele></trkpt>
<trkpt lon="0.688912" lat="45.152962"><ele>186.5</ele></trkpt>
<trkpt lon="0.688988" lat="45.151861"><ele>177.25</ele></trkpt>
<trkpt lon="0.688994" lat="45.151785"><ele>176.75</ele></trkpt>
<trkpt lon="0.688996" lat="45.151745"><ele>176.5</ele></trkpt>
<trkpt lon="0.689047" lat="45.151251"><ele>173.0</ele></trkpt>
<trkpt lon="0.689137" lat="45.150991"><ele>171.0</ele></trkpt>
<trkpt lon="0.689540" lat="45.150212"><ele>166.25</ele></trkpt>
<trkpt lon="0.689577" lat="45.150157"><ele>165.75</ele></trkpt>
<trkpt lon="0.690309" lat="45.149111"><ele>158.5</ele></trkpt>
<trkpt lon="0.690355" lat="45.148971"><ele>158.0</ele></trkpt>
<trkpt lon="0.690328" lat="45.148800"><ele>157.0</ele></trkpt>
<trkpt lon="0.690325" lat="45.148726"><ele>156.5</ele></trkpt>
<trkpt lon="0.690361" lat="45.148719"><ele>156.25</ele></trkpt>
<trkpt lon="0.690389" lat="45.148706"><ele>156.25</ele></trkpt>
<trkpt lon="0.690412" lat="45.148685"><ele>156.0</ele></trkpt>
<trkpt lon="0.690423" lat="45.148658"><ele>155.75</ele></trkpt>
<trkpt lon="0.690420" lat="45.148632"><ele>155.5</ele></trkpt>
<trkpt lon="0.690406" lat="45.148610"><ele>155.5</ele></trkpt>
<trkpt lon="0.690372" lat="45.148585"><ele>155.25</ele></trkpt>
<trkpt lon="0.690407" lat="45.148528"><ele>154.75</ele></trkpt>
<trkpt lon="0.690503" lat="45.148366"><ele>153.25</ele></trkpt>
<trkpt lon="0.690633" lat="45.148205"><ele>151.75</ele></trkpt>
<trkpt lon="0.690742" lat="45.148015"><ele>150.0</ele></trkpt>
<trkpt lon="0.690830" lat="45.147782"><ele>148.0</ele></trkpt>
<trkpt lon="0.690964" lat="45.147260"><ele>143.25</ele></trkpt>
<trkpt lon="0.691099" lat="45.146625"><ele>139.5</ele></trkpt>
<trkpt lon="0.691244" lat="45.146194"><ele>135.25</ele></trkpt>
<trkpt lon="0.691342" lat="45.145606"><ele>128.5</ele></trkpt>
<trkpt lon="0.691363" lat="45.145350"><ele>126.5</ele></trkpt>
<trkpt lon="0.691347" lat="45.145142"><ele>124.5</ele></trkpt>
<trkpt lon="0.691306" lat="45.144967"><ele>122.75</ele></trkpt>
<trkpt lon="0.691239" lat="45.144806"><ele>121.5</ele></trkpt>
<trkpt lon="0.690982" lat="45.144277"><ele>117.75</ele></trkpt>
<trkpt lon="0.691010" lat="45.144275"><ele>118.0</ele></trkpt>
<trkpt lon="0.691034" lat="45.144266"><ele>118.0</ele></trkpt>
<trkpt lon="0.691069" lat="45.144236"><ele>118.0</ele></trkpt>
<trkpt lon="0.691074" lat="45.144204"><ele>118.0</ele></trkpt>
<trkpt lon="0.691174" lat="45.144203"><ele>118.25</ele></trkpt>
<trkpt lon="0.691361" lat="45.144189"><ele>118.75</ele></trkpt>
<trkpt lon="0.691481" lat="45.144175"><ele>119.0</ele></trkpt>
<trkpt lon="0.691599" lat="45.144133"><ele>119.0</ele></trkpt>
<trkpt lon="0.691670" lat="45.144041"><ele>119.25</ele></trkpt>
<trkpt lon="0.691680" lat="45.143926"><ele>119.75</ele></trkpt>
<trkpt lon="0.691456" lat="45.143938"><ele>119.75</ele></trkpt>
<trkpt lon="0.691235" lat="45.143914"><ele>120.25</ele></trkpt>
<trkpt lon="0.691063" lat="45.143846"><ele>119.75</ele></trkpt>
<trkpt lon="0.690945" lat="45.143750"><ele>119.25</ele></trkpt>
<trkpt lon="0.690791" lat="45.143554"><ele>120.75</ele></trkpt>
<trkpt lon="0.690528" lat="45.143187"><ele>118.0</ele></trkpt>
<trkpt lon="0.690402" lat="45.143059"><ele>119.5</ele></trkpt>
<trkpt lon="0.690220" lat="45.142955"><ele>119.75</ele></trkpt>
<trkpt lon="0.690000" lat="45.142897"><ele>118.5</ele></trkpt>
<trkpt lon="0.689617" lat="45.142903"><ele>118.75</ele></trkpt>
<trkpt lon="0.689392" lat="45.142918"><ele>119.25</ele></trkpt>
<trkpt lon="0.689068" lat="45.142898"><ele>119.5</ele></trkpt>
<trkpt lon="0.688437" lat="45.142774"><ele>118.0</ele></trkpt>
<trkpt lon="0.687360" lat="45.142577"><ele>118.75</ele></trkpt>
<trkpt lon="0.686581" lat="45.142432"><ele>119.0</ele></trkpt>
<trkpt lon="0.685992" lat="45.142407"><ele>118.25</ele></trkpt>
<trkpt lon="0.685360" lat="45.142427"><ele>117.75</ele></trkpt>
<trkpt lon="0.684900" lat="45.142441"><ele>117.5</ele></trkpt>
<trkpt lon="0.684605" lat="45.142258"><ele>118.5</ele></trkpt>
<trkpt lon="0.684203" lat="45.142099"><ele>120.75</ele></trkpt>
<trkpt lon="0.682681" lat="45.141882"><ele>124.0</ele></trkpt>
<trkpt lon="0.682295" lat="45.141769"><ele>125.75</ele></trkpt>
<trkpt lon="0.682051" lat="45.141751"><ele>125.75</ele></trkpt>
<trkpt lon="0.681858" lat="45.141706"><ele>125.75</ele></trkpt>
<trkpt lon="0.681702" lat="45.141630"><ele>125.5</ele></trkpt>
<trkpt lon="0.681493" lat="45.141468"><ele>126.0</ele></trkpt>
<trkpt lon="0.681262" lat="45.141354"><ele>125.25</ele></trkpt>
<trkpt lon="0.680994" lat="45.141263"><ele>125.0</ele></trkpt>
<trkpt lon="0.680688" lat="45.141275"><ele>125.75</ele></trkpt>
<trkpt lon="0.680302" lat="45.141301"><ele>128.0</ele></trkpt>
<trkpt lon="0.680050" lat="45.141354"><ele>128.25</ele></trkpt>
<trkpt lon="0.679833" lat="45.141334"><ele>129.0</ele></trkpt>
<trkpt lon="0.679535" lat="45.141218"><ele>129.5</ele></trkpt>
<trkpt lon="0.679481" lat="45.141187"><ele>129.5</ele></trkpt>
<trkpt lon="0.679404" lat="45.141128"><ele>129.5</ele></trkpt>
<trkpt lon="0.679201" lat="45.140946"><ele>128.75</ele></trkpt>
<trkpt lon="0.679093" lat="45.140637"><ele>128.5</ele></trkpt>
<trkpt lon="0.678857" lat="45.140070"><ele>127.25</ele></trkpt>
<trkpt lon="0.678653" lat="45.139532"><ele>127.25</ele></trkpt>
<trkpt lon="0.678552" lat="45.139204"><ele>127.0</ele></trkpt>
<trkpt lon="0.678452" lat="45.138875"><ele>126.0</ele></trkpt>
<trkpt lon="0.678227" lat="45.137926"><ele>125.5</ele></trkpt>
<trkpt lon="0.677958" lat="45.136681"><ele>123.75</ele></trkpt>
<trkpt lon="0.677923" lat="45.136032"><ele>122.75</ele></trkpt>
<trkpt lon="0.677891" lat="45.135643"><ele>121.75</ele></trkpt>
<trkpt lon="0.677870" lat="45.135377"><ele>121.25</ele></trkpt>
<trkpt lon="0.677424" lat="45.134515"><ele>122.25</ele></trkpt>
<trkpt lon="0.677282" lat="45.133948"><ele>125.25</ele></trkpt>
<trkpt lon="0.676896" lat="45.133025"><ele>129.0</ele></trkpt>
<trkpt lon="0.676515" lat="45.132189"><ele>134.5</ele></trkpt>
<trkpt lon="0.675947" lat="45.131148"><ele>142.5</ele></trkpt>
<trkpt lon="0.675668" lat="45.130505"><ele>148.25</ele></trkpt>
<trkpt lon="0.675228" lat="45.129888"><ele>153.75</ele></trkpt>
<trkpt lon="0.674911" lat="45.129479"><ele>156.75</ele></trkpt>
<trkpt lon="0.674490" lat="45.129004"><ele>160.25</ele></trkpt>
<trkpt lon="0.674168" lat="45.128773"><ele>163.25</ele></trkpt>
<trkpt lon="0.673855" lat="45.128600"><ele>165.25</ele></trkpt>
<trkpt lon="0.673662" lat="45.128485"><ele>166.25</ele></trkpt>
<trkpt lon="0.673546" lat="45.128444"><ele>167.25</ele></trkpt>
<trkpt lon="0.672446" lat="45.127951"><ele>173.25</ele></trkpt>
<trkpt lon="0.672269" lat="45.127831"><ele>174.0</ele></trkpt>
<trkpt lon="0.672079" lat="45.127265"><ele>176.75</ele></trkpt>
<trkpt lon="0.671832" lat="45.126576"><ele>181.5</ele></trkpt>
<trkpt lon="0.670904" lat="45.125600"><ele>190.0</ele></trkpt>
<trkpt lon="0.670196" lat="45.125055"><ele>195.25</ele></trkpt>
<trkpt lon="0.669732" lat="45.124701"><ele>198.0</ele></trkpt>
<trkpt lon="0.669624" lat="45.124553"><ele>199.75</ele></trkpt>
<trkpt lon="0.669586" lat="45.124421"><ele>200.5</ele></trkpt>
<trkpt lon="0.669648" lat="45.124222"><ele>201.75</ele></trkpt>
<trkpt lon="0.669850" lat="45.123763"><ele>204.5</ele></trkpt>
<trkpt lon="0.669876" lat="45.123702"><ele>205.0</ele></trkpt>
<trkpt lon="0.669927" lat="45.123503"><ele>206.0</ele></trkpt>
<trkpt lon="0.669897" lat="45.123308"><ele>207.25</ele></trkpt>
<trkpt lon="0.669801" lat="45.123081"><ele>208.5</ele></trkpt>
<trkpt lon="0.669372" lat="45.122710"><ele>209.25</ele></trkpt>
<trkpt lon="0.668506" lat="45.122105"><ele>208.0</ele></trkpt>
<trkpt lon="0.668417" lat="45.122067"><ele>208.0</ele></trkpt>
<trkpt lon="0.668326" lat="45.122053"><ele>207.75</ele></trkpt>
<trkpt lon="0.668277" lat="45.121967"><ele>207.75</ele></trkpt>
<trkpt lon="0.668266" lat="45.121948"><ele>207.75</ele></trkpt>
<trkpt lon="0.668126" lat="45.121806"><ele>208.0</ele></trkpt>
<trkpt lon="0.667964" lat="45.121685"><ele>208.75</ele></trkpt>
<trkpt lon="0.667725" lat="45.121563"><ele>209.25</ele></trkpt>
<trkpt lon="0.666650" lat="45.121086"><ele>212.75</ele></trkpt>
<trkpt lon="0.665036" lat="45.120366"><ele>216.5</ele></trkpt>
<trkpt lon="0.664712" lat="45.120235"><ele>218.0</ele></trkpt>
<trkpt lon="0.664586" lat="45.120185"><ele>218.25</ele></trkpt>
<trkpt lon="0.664316" lat="45.120119"><ele>218.5</ele></trkpt>
<trkpt lon="0.664113" lat="45.120077"><ele>218.5</ele></trkpt>
<trkpt lon="0.663900" lat="45.120063"><ele>218.75</ele></trkpt>
<trkpt lon="0.663569" lat="45.120052"><ele>219.25</ele></trkpt>
<trkpt lon="0.661197" lat="45.120085"><ele>222.5</ele></trkpt>
<trkpt lon="0.660860" lat="45.120088"><ele>222.5</ele></trkpt>
<trkpt lon="0.659864" lat="45.120098"><ele>222.5</ele></trkpt>
<trkpt lon="0.658718" lat="45.120113"><ele>221.5</ele></trkpt>
<trkpt lon="0.658402" lat="45.120137"><ele>221.0</ele></trkpt>
<trkpt lon="0.658381" lat="45.120096"><ele>221.25</ele></trkpt>
<trkpt lon="0.658335" lat="45.119950"><ele>222.0</ele></trkpt>
<trkpt lon="0.659338" lat="45.118802"><ele>224.0</ele></trkpt>
<trkpt lon="0.658045" lat="45.118098"><ele>224.0</ele></trkpt>
<trkpt lon="0.656894" lat="45.117458"><ele>219.75</ele></trkpt>
<trkpt lon="0.656388" lat="45.117286"><ele>218.0</ele></trkpt>
<trkpt lon="0.656304" lat="45.117283"><ele>218.0</ele></trkpt>
<trkpt lon="0.656232" lat="45.117053"><ele>216.75</ele></trkpt>
<trkpt lon="0.656208" lat="45.116786"><ele>213.0</ele></trkpt>
<trkpt lon="0.656146" lat="45.116621"><ele>209.75</ele></trkpt>
<trkpt lon="0.655543" lat="45.115717"><ele>194.5</ele></trkpt>
<trkpt lon="0.655009" lat="45.114772"><ele>195.75</ele></trkpt>
<trkpt lon="0.654966" lat="45.114587"><ele>194.75</ele></trkpt>
<trkpt lon="0.654835" lat="45.114380"><ele>192.75</ele></trkpt>
<trkpt lon="0.654647" lat="45.114157"><ele>189.0</ele></trkpt>
<trkpt lon="0.654502" lat="45.114047"><ele>186.25</ele></trkpt>
<trkpt lon="0.654140" lat="45.113883"><ele>182.0</ele></trkpt>
<trkpt lon="0.653504" lat="45.113542"><ele>174.25</ele></trkpt>
<trkpt lon="0.653027" lat="45.113375"><ele>169.25</ele></trkpt>
<trkpt lon="0.651788" lat="45.112866"><ele>155.75</ele></trkpt>
<trkpt lon="0.650943" lat="45.112539"><ele>152.25</ele></trkpt>
<trkpt lon="0.650835" lat="45.112438"><ele>152.5</ele></trkpt>
<trkpt lon="0.650586" lat="45.112067"><ele>153.25</ele></trkpt>
<trkpt lon="0.650366" lat="45.111827"><ele>153.25</ele></trkpt>
<trkpt lon="0.649993" lat="45.111518"><ele>151.75</ele></trkpt>
<trkpt lon="0.649800" lat="45.111380"><ele>151.5</ele></trkpt>
<trkpt lon="0.649476" lat="45.111240"><ele>151.25</ele></trkpt>
<trkpt lon="0.648413" lat="45.110617"><ele>147.25</ele></trkpt>
<trkpt lon="0.648167" lat="45.110547"><ele>146.5</ele></trkpt>
<trkpt lon="0.647587" lat="45.110292"><ele>145.75</ele></trkpt>
<trkpt lon="0.647539" lat="45.110239"><ele>145.75</ele></trkpt>
<trkpt lon="0.647504" lat="45.110201"><ele>145.75</ele></trkpt>
<trkpt lon="0.647373" lat="45.109834"><ele>146.75</ele></trkpt>
<trkpt lon="0.647298" lat="45.109705"><ele>147.25</ele></trkpt>
<trkpt lon="0.646938" lat="45.109334"><ele>149.0</ele></trkpt>
<trkpt lon="0.646761" lat="45.109105"><ele>148.25</ele></trkpt>
<trkpt lon="0.646673" lat="45.109012"><ele>148.0</ele></trkpt>
<trkpt lon="0.646375" lat="45.108753"><ele>148.75</ele></trkpt>
<trkpt lon="0.646144" lat="45.108435"><ele>149.5</ele></trkpt>
<trkpt lon="0.645999" lat="45.108303"><ele>150.5</ele></trkpt>
<trkpt lon="0.645726" lat="45.107534"><ele>144.25</ele></trkpt>
<trkpt lon="0.645524" lat="45.107243"><ele>143.25</ele></trkpt>
<trkpt lon="0.645104" lat="45.107355"><ele>147.0</ele></trkpt>
<trkpt lon="0.644981" lat="45.107409"><ele>148.25</ele></trkpt>
<trkpt lon="0.644902" lat="45.107409"><ele>148.0</ele></trkpt>
<trkpt lon="0.644827" lat="45.107363"><ele>147.5</ele></trkpt>
<trkpt lon="0.644694" lat="45.107180"><ele>146.25</ele></trkpt>
<trkpt lon="0.644166" lat="45.106571"><ele>153.5</ele></trkpt>
<trkpt lon="0.643600" lat="45.105873"><ele>154.75</ele></trkpt>
<trkpt lon="0.643405" lat="45.105565"><ele>154.5</ele></trkpt>
<trkpt lon="0.643282" lat="45.105336"><ele>154.5</ele></trkpt>
<trkpt lon="0.643006" lat="45.104874"><ele>154.0</ele></trkpt>
<trkpt lon="0.642894" lat="45.104756"><ele>155.0</ele></trkpt>
<trkpt lon="0.642515" lat="45.104443"><ele>158.5</ele></trkpt>
<trkpt lon="0.642235" lat="45.104236"><ele>161.75</ele></trkpt>
<trkpt lon="0.642024" lat="45.104060"><ele>161.5</ele></trkpt>
<trkpt lon="0.641857" lat="45.103969"><ele>161.25</ele></trkpt>
<trkpt lon="0.641849" lat="45.103890"><ele>160.25</ele></trkpt>
<trkpt lon="0.641849" lat="45.103836"><ele>159.5</ele></trkpt>
<trkpt lon="0.642114" lat="45.103223"><ele>148.75</ele></trkpt>
<trkpt lon="0.642095" lat="45.103026"><ele>145.25</ele></trkpt>
<trkpt lon="0.642013" lat="45.102828"><ele>141.75</ele></trkpt>
<trkpt lon="0.641945" lat="45.102743"><ele>140.25</ele></trkpt>
<trkpt lon="0.641685" lat="45.102675"><ele>139.5</ele></trkpt>
<trkpt lon="0.641260" lat="45.102682"><ele>136.0</ele></trkpt>
<trkpt lon="0.641005" lat="45.102624"><ele>133.5</ele></trkpt>
<trkpt lon="0.640580" lat="45.102444"><ele>132.5</ele></trkpt>
<trkpt lon="0.640416" lat="45.102358"><ele>133.5</ele></trkpt>
<trkpt lon="0.640237" lat="45.102284"><ele>134.75</ele></trkpt>
<trkpt lon="0.640194" lat="45.102266"><ele>134.75</ele></trkpt>
<trkpt lon="0.640025" lat="45.102236"><ele>135.75</ele></trkpt>
<trkpt lon="0.639673" lat="45.102202"><ele>136.5</ele></trkpt>
<trkpt lon="0.639273" lat="45.102171"><ele>136.5</ele></trkpt>
<trkpt lon="0.638496" lat="45.102134"><ele>136.0</ele></trkpt>
<trkpt lon="0.638395" lat="45.102083"><ele>135.25</ele></trkpt>
<trkpt lon="0.638033" lat="45.101691"><ele>127.25</ele></trkpt>
<trkpt lon="0.637909" lat="45.101548"><ele>125.5</ele></trkpt>
<trkpt lon="0.638061" lat="45.101155"><ele>122.25</ele></trkpt>
<trkpt lon="0.638033" lat="45.101130"><ele>122.0</ele></trkpt>
<trkpt lon="0.637441" lat="45.100986"><ele>122.0</ele></trkpt>
<trkpt lon="0.636441" lat="45.100742"><ele>121.5</ele></trkpt>
<trkpt lon="0.636172" lat="45.100685"><ele>121.25</ele></trkpt>
<trkpt lon="0.635609" lat="45.100492"><ele>119.75</ele></trkpt>
<trkpt lon="0.634585" lat="45.100181"><ele>119.5</ele></trkpt>
<trkpt lon="0.633377" lat="45.099784"><ele>119.25</ele></trkpt>
<trkpt lon="0.632939" lat="45.099917"><ele>122.75</ele></trkpt>
<trkpt lon="0.632721" lat="45.099974"><ele>124.5</ele></trkpt>
<trkpt lon="0.632657" lat="45.099986"><ele>124.75</ele></trkpt>
<trkpt lon="0.632591" lat="45.099990"><ele>124.75</ele></trkpt>
<trkpt lon="0.632502" lat="45.099958"><ele>124.25</ele></trkpt>
<trkpt lon="0.632368" lat="45.099882"><ele>123.0</ele></trkpt>
<trkpt lon="0.632196" lat="45.099752"><ele>121.25</ele></trkpt>
<trkpt lon="0.631941" lat="45.099530"><ele>121.0</ele></trkpt>
<trkpt lon="0.631827" lat="45.099490"><ele>121.75</ele></trkpt>
<trkpt lon="0.631785" lat="45.099496"><ele>122.0</ele></trkpt>
<trkpt lon="0.631691" lat="45.099478"><ele>122.75</ele></trkpt>
<trkpt lon="0.630577" lat="45.099172"><ele>132.75</ele></trkpt>
<trkpt lon="0.630294" lat="45.099153"><ele>135.5</ele></trkpt>
<trkpt lon="0.630170" lat="45.099165"><ele>137.5</ele></trkpt>
<trkpt lon="0.630112" lat="45.099195"><ele>138.25</ele></trkpt>
<trkpt lon="0.629965" lat="45.099383"><ele>141.25</ele></trkpt>
<trkpt lon="0.629861" lat="45.099498"><ele>143.0</ele></trkpt>
<trkpt lon="0.629595" lat="45.099722"><ele>147.25</ele></trkpt>
<trkpt lon="0.629363" lat="45.099906"><ele>150.5</ele></trkpt>
<trkpt lon="0.629254" lat="45.099950"><ele>151.75</ele></trkpt>
<trkpt lon="0.629160" lat="45.099950"><ele>153.25</ele></trkpt>
<trkpt lon="0.628976" lat="45.099884"><ele>155.75</ele></trkpt>
<trkpt lon="0.628783" lat="45.099806"><ele>158.0</ele></trkpt>
<trkpt lon="0.628454" lat="45.099689"><ele>160.75</ele></trkpt>
<trkpt lon="0.628142" lat="45.099616"><ele>162.5</ele></trkpt>
<trkpt lon="0.628038" lat="45.099576"><ele>163.5</ele></trkpt>
<trkpt lon="0.627954" lat="45.099516"><ele>164.75</ele></trkpt>
<trkpt lon="0.627866" lat="45.099422"><ele>166.25</ele></trkpt>
<trkpt lon="0.627715" lat="45.099337"><ele>167.75</ele></trkpt>
<trkpt lon="0.627371" lat="45.099193"><ele>170.75</ele></trkpt>
<trkpt lon="0.627257" lat="45.099137"><ele>171.5</ele></trkpt>
<trkpt lon="0.627149" lat="45.099121"><ele>172.0</ele></trkpt>
<trkpt lon="0.627053" lat="45.099155"><ele>172.5</ele></trkpt>
<trkpt lon="0.626536" lat="45.099374"><ele>175.5</ele></trkpt>
<trkpt lon="0.625996" lat="45.099629"><ele>179.25</ele></trkpt>
<trkpt lon="0.625545" lat="45.099834"><ele>183.0</ele></trkpt>
<trkpt lon="0.625036" lat="45.100165"><ele>185.75</ele></trkpt>
<trkpt lon="0.624774" lat="45.100453"><ele>187.25</ele></trkpt>
<trkpt lon="0.624450" lat="45.100682"><ele>189.25</ele></trkpt>
<trkpt lon="0.624184" lat="45.100887"><ele>191.0</ele></trkpt>
<trkpt lon="0.623828" lat="45.101122"><ele>192.0</ele></trkpt>
<trkpt lon="0.623704" lat="45.101212"><ele>192.5</ele></trkpt>
<trkpt lon="0.623550" lat="45.101287"><ele>193.25</ele></trkpt>
<trkpt lon="0.623358" lat="45.101346"><ele>193.5</ele></trkpt>
<trkpt lon="0.623091" lat="45.101402"><ele>194.75</ele></trkpt>
<trkpt lon="0.622806" lat="45.101454"><ele>195.5</ele></trkpt>
<trkpt lon="0.622599" lat="45.101458"><ele>196.75</ele></trkpt>
<trkpt lon="0.622266" lat="45.101444"><ele>198.0</ele></trkpt>
<trkpt lon="0.622054" lat="45.101420"><ele>198.0</ele></trkpt>
<trkpt lon="0.621921" lat="45.101445"><ele>198.25</ele></trkpt>
<trkpt lon="0.621271" lat="45.100533"><ele>194.5</ele></trkpt>
<trkpt lon="0.621203" lat="45.100317"><ele>193.5</ele></trkpt>
<trkpt lon="0.620646" lat="45.100084"><ele>195.5</ele></trkpt>
<trkpt lon="0.620535" lat="45.100006"><ele>196.0</ele></trkpt>
<trkpt lon="0.620066" lat="45.099904"><ele>196.5</ele></trkpt>
<trkpt lon="0.619867" lat="45.099847"><ele>196.25</ele></trkpt>
<trkpt lon="0.619591" lat="45.099793"><ele>196.25</ele></trkpt>
<trkpt lon="0.619425" lat="45.099736"><ele>196.0</ele></trkpt>
<trkpt lon="0.619026" lat="45.099465"><ele>194.5</ele></trkpt>
<trkpt lon="0.617882" lat="45.098799"><ele>192.75</ele></trkpt>
<trkpt lon="0.617757" lat="45.098746"><ele>193.0</ele></trkpt>
<trkpt lon="0.617530" lat="45.098626"><ele>193.0</ele></trkpt>
<trkpt lon="0.617305" lat="45.098464"><ele>193.5</ele></trkpt>
<trkpt lon="0.616968" lat="45.098236"><ele>194.5</ele></trkpt>
<trkpt lon="0.616556" lat="45.097982"><ele>196.0</ele></trkpt>
<trkpt lon="0.616419" lat="45.097914"><ele>196.25</ele></trkpt>
<trkpt lon="0.616131" lat="45.097788"><ele>196.0</ele></trkpt>
<trkpt lon="0.615869" lat="45.097727"><ele>196.0</ele></trkpt>
<trkpt lon="0.615331" lat="45.097628"><ele>195.0</ele></trkpt>
<trkpt lon="0.614881" lat="45.097555"><ele>194.5</ele></trkpt>
<trkpt lon="0.614575" lat="45.097490"><ele>194.5</ele></trkpt>
<trkpt lon="0.614060" lat="45.097387"><ele>193.75</ele></trkpt>
<trkpt lon="0.613363" lat="45.097372"><ele>192.75</ele></trkpt>
<trkpt lon="0.612967" lat="45.097456"><ele>193.5</ele></trkpt>
<trkpt lon="0.612237" lat="45.097649"><ele>195.75</ele></trkpt>
<trkpt lon="0.611651" lat="45.097760"><ele>197.0</ele></trkpt>
<trkpt lon="0.611022" lat="45.097762"><ele>199.0</ele></trkpt>
<trkpt lon="0.610625" lat="45.097718"><ele>200.0</ele></trkpt>
<trkpt lon="0.610310" lat="45.097618"><ele>201.0</ele></trkpt>
<trkpt lon="0.609698" lat="45.097351"><ele>202.5</ele></trkpt>
<trkpt lon="0.609372" lat="45.097234"><ele>202.5</ele></trkpt>
<trkpt lon="0.609057" lat="45.097135"><ele>202.0</ele></trkpt>
<trkpt lon="0.608209" lat="45.096980"><ele>201.0</ele></trkpt>
<trkpt lon="0.607165" lat="45.096894"><ele>198.75</ele></trkpt>
<trkpt lon="0.605465" lat="45.096822"><ele>196.0</ele></trkpt>
<trkpt lon="0.605047" lat="45.096797"><ele>196.0</ele></trkpt>
<trkpt lon="0.604801" lat="45.096747"><ele>196.0</ele></trkpt>
<trkpt lon="0.604154" lat="45.096504"><ele>195.25</ele></trkpt>
<trkpt lon="0.604036" lat="45.096460"><ele>195.0</ele></trkpt>
<trkpt lon="0.603798" lat="45.096313"><ele>195.0</ele></trkpt>
<trkpt lon="0.603600" lat="45.096153"><ele>195.0</ele></trkpt>
<trkpt lon="0.603435" lat="45.096032"><ele>194.5</ele></trkpt>
<trkpt lon="0.603279" lat="45.095984"><ele>194.25</ele></trkpt>
<trkpt lon="0.602667" lat="45.095842"><ele>192.0</ele></trkpt>
<trkpt lon="0.602454" lat="45.095751"><ele>191.0</ele></trkpt>
<trkpt lon="0.602069" lat="45.095516"><ele>188.0</ele></trkpt>
<trkpt lon="0.601916" lat="45.095393"><ele>186.0</ele></trkpt>
<trkpt lon="0.601732" lat="45.095223"><ele>183.5</ele></trkpt>
<trkpt lon="0.601672" lat="45.095173"><ele>182.75</ele></trkpt>
<trkpt lon="0.601203" lat="45.094855"><ele>178.5</ele></trkpt>
<trkpt lon="0.600883" lat="45.094652"><ele>176.0</ele></trkpt>
<trkpt lon="0.600314" lat="45.094321"><ele>173.5</ele></trkpt>
<trkpt lon="0.600131" lat="45.094185"><ele>173.5</ele></trkpt>
<trkpt lon="0.599868" lat="45.093967"><ele>174.0</ele></trkpt>
<trkpt lon="0.599798" lat="45.093867"><ele>174.75</ele></trkpt>
<trkpt lon="0.599672" lat="45.093666"><ele>176.75</ele></trkpt>
<trkpt lon="0.599564" lat="45.093536"><ele>178.5</ele></trkpt>
<trkpt lon="0.599303" lat="45.093320"><ele>182.5</ele></trkpt>
<trkpt lon="0.599092" lat="45.093164"><ele>184.75</ele></trkpt>
<trkpt lon="0.598916" lat="45.092989"><ele>186.5</ele></trkpt>
<trkpt lon="0.598786" lat="45.092823"><ele>188.5</ele></trkpt>
<trkpt lon="0.598629" lat="45.092683"><ele>189.5</ele></trkpt>
<trkpt lon="0.598563" lat="45.092596"><ele>190.25</ele></trkpt>
<trkpt lon="0.598521" lat="45.092504"><ele>190.75</ele></trkpt>
<trkpt lon="0.598101" lat="45.092064"><ele>192.0</ele></trkpt>
<trkpt lon="0.597349" lat="45.091413"><ele>191.0</ele></trkpt>
<trkpt lon="0.596234" lat="45.090378"><ele>191.0</ele></trkpt>
<trkpt lon="0.595882" lat="45.090157"><ele>190.0</ele></trkpt>
<trkpt lon="0.595423" lat="45.089736"><ele>186.5</ele></trkpt>
<trkpt lon="0.595331" lat="45.089693"><ele>186.0</ele></trkpt>
<trkpt lon="0.595174" lat="45.089619"><ele>185.0</ele></trkpt>
<trkpt lon="0.594911" lat="45.089553"><ele>183.5</ele></trkpt>
<trkpt lon="0.594453" lat="45.089465"><ele>179.75</ele></trkpt>
<trkpt lon="0.594213" lat="45.089446"><ele>178.25</ele></trkpt>
<trkpt lon="0.593730" lat="45.089435"><ele>176.0</ele></trkpt>
<trkpt lon="0.593189" lat="45.089407"><ele>172.5</ele></trkpt>
<trkpt lon="0.592918" lat="45.089342"><ele>171.0</ele></trkpt>
<trkpt lon="0.592667" lat="45.089224"><ele>169.0</ele></trkpt>
<trkpt lon="0.592436" lat="45.089069"><ele>166.5</ele></trkpt>
<trkpt lon="0.592147" lat="45.088781"><ele>163.25</ele></trkpt>
<trkpt lon="0.591846" lat="45.088541"><ele>159.25</ele></trkpt>
<trkpt lon="0.591599" lat="45.088370"><ele>156.5</ele></trkpt>
<trkpt lon="0.591127" lat="45.088140"><ele>152.75</ele></trkpt>
<trkpt lon="0.590837" lat="45.088044"><ele>150.0</ele></trkpt>
<trkpt lon="0.590495" lat="45.088030"><ele>147.5</ele></trkpt>
<trkpt lon="0.590254" lat="45.088064"><ele>144.5</ele></trkpt>
<trkpt lon="0.589605" lat="45.088246"><ele>135.0</ele></trkpt>
<trkpt lon="0.589185" lat="45.088340"><ele>129.0</ele></trkpt>
<trkpt lon="0.588432" lat="45.088575"><ele>117.5</ele></trkpt>
<trkpt lon="0.588292" lat="45.088578"><ele>115.5</ele></trkpt>
<trkpt lon="0.588070" lat="45.088505"><ele>112.75</ele></trkpt>
<trkpt lon="0.587951" lat="45.088450"><ele>111.75</ele></trkpt>
<trkpt lon="0.587784" lat="45.088402"><ele>109.25</ele></trkpt>
<trkpt lon="0.587667" lat="45.088387"><ele>107.5</ele></trkpt>
<trkpt lon="0.587560" lat="45.088400"><ele>105.75</ele></trkpt>
<trkpt lon="0.587348" lat="45.088449"><ele>102.75</ele></trkpt>
<trkpt lon="0.587140" lat="45.088508"><ele>100.0</ele></trkpt>
<trkpt lon="0.586947" lat="45.088542"><ele>98.0</ele></trkpt>
<trkpt lon="0.586894" lat="45.088207"><ele>98.25</ele></trkpt>
<trkpt lon="0.586823" lat="45.087872"><ele>98.25</ele></trkpt>
<trkpt lon="0.586678" lat="45.086884"><ele>97.0</ele></trkpt>
<trkpt lon="0.586582" lat="45.086101"><ele>97.75</ele></trkpt>
<trkpt lon="0.586515" lat="45.085435"><ele>97.0</ele></trkpt>
<trkpt lon="0.586507" lat="45.085290"><ele>96.75</ele></trkpt>
<trkpt lon="0.586519" lat="45.085109"><ele>96.0</ele></trkpt>
<trkpt lon="0.586500" lat="45.084950"><ele>95.0</ele></trkpt>
<trkpt lon="0.586461" lat="45.084866"><ele>94.75</ele></trkpt>
<trkpt lon="0.586419" lat="45.084847"><ele>94.5</ele></trkpt>
<trkpt lon="0.586094" lat="45.084843"><ele>92.75</ele></trkpt>
<trkpt lon="0.585837" lat="45.084800"><ele>92.0</ele></trkpt>
<trkpt lon="0.585582" lat="45.084735"><ele>92.0</ele></trkpt>
<trkpt lon="0.585381" lat="45.084642"><ele>91.75</ele></trkpt>
<trkpt lon="0.585338" lat="45.084615"><ele>91.75</ele></trkpt>
<trkpt lon="0.585029" lat="45.084505"><ele>92.75</ele></trkpt>
<trkpt lon="0.585033" lat="45.084219"><ele>92.75</ele></trkpt>
<trkpt lon="0.584998" lat="45.084059"><ele>92.5</ele></trkpt>
<trkpt lon="0.584934" lat="45.083941"><ele>92.25</ele></trkpt>
<trkpt lon="0.584814" lat="45.083750"><ele>91.75</ele></trkpt>
<trkpt lon="0.584673" lat="45.083565"><ele>90.75</ele></trkpt>
<trkpt lon="0.584561" lat="45.083484"><ele>90.5</ele></trkpt>
<trkpt lon="0.582680" lat="45.082623"><ele>89.25</ele></trkpt>
<trkpt lon="0.582717" lat="45.082543"><ele>89.0</ele></trkpt>
<trkpt lon="0.583087" lat="45.081825"><ele>86.5</ele></trkpt>
<trkpt lon="0.583170" lat="45.081660"><ele>86.25</ele></trkpt>
<trkpt lon="0.583299" lat="45.081405"><ele>87.0</ele></trkpt>
<trkpt lon="0.583869" lat="45.080364"><ele>87.5</ele></trkpt>
<trkpt lon="0.583955" lat="45.080186"><ele>87.5</ele></trkpt>
<trkpt lon="0.583969" lat="45.080114"><ele>87.25</ele></trkpt>
<trkpt lon="0.583956" lat="45.080076"><ele>87.0</ele></trkpt>
<trkpt lon="0.583861" lat="45.079979"><ele>87.0</ele></trkpt>
<trkpt lon="0.583722" lat="45.079829"><ele>87.0</ele></trkpt>
<trkpt lon="0.583525" lat="45.079572"><ele>87.5</ele></trkpt>
<trkpt lon="0.583304" lat="45.079227"><ele>89.25</ele></trkpt>
<trkpt lon="0.583209" lat="45.079111"><ele>89.5</ele></trkpt>
<trkpt lon="0.583102" lat="45.078958"><ele>90.5</ele></trkpt>
<trkpt lon="0.582987" lat="45.078812"><ele>92.0</ele></trkpt>
<trkpt lon="0.582635" lat="45.078419"><ele>97.25</ele></trkpt>
<trkpt lon="0.582540" lat="45.078323"><ele>98.5</ele></trkpt>
<trkpt lon="0.582457" lat="45.078175"><ele>100.5</ele></trkpt>
<trkpt lon="0.582441" lat="45.078081"><ele>102.0</ele></trkpt>
<trkpt lon="0.582375" lat="45.077919"><ele>103.0</ele></trkpt>
<trkpt lon="0.582300" lat="45.077795"><ele>103.25</ele></trkpt>
<trkpt lon="0.582008" lat="45.077353"><ele>107.0</ele></trkpt>
<trkpt lon="0.581680" lat="45.076913"><ele>112.25</ele></trkpt>
<trkpt lon="0.581390" lat="45.076542"><ele>119.25</ele></trkpt>
<trkpt lon="0.581096" lat="45.076122"><ele>126.75</ele></trkpt>
<trkpt lon="0.580964" lat="45.075999"><ele>129.75</ele></trkpt>
<trkpt lon="0.580756" lat="45.075855"><ele>133.0</ele></trkpt>
<trkpt lon="0.580698" lat="45.075805"><ele>134.0</ele></trkpt>
<trkpt lon="0.580684" lat="45.075759"><ele>134.75</ele></trkpt>
<trkpt lon="0.580607" lat="45.075716"><ele>135.25</ele></trkpt>
<trkpt lon="0.580516" lat="45.075640"><ele>136.0</ele></trkpt>
<trkpt lon="0.579838" lat="45.074484"><ele>149.25</ele></trkpt>
<trkpt lon="0.579730" lat="45.074361"><ele>150.5</ele></trkpt>
<trkpt lon="0.579567" lat="45.074217"><ele>152.25</ele></trkpt>
<trkpt lon="0.578722" lat="45.073693"><ele>159.25</ele></trkpt>
<trkpt lon="0.577761" lat="45.073074"><ele>168.0</ele></trkpt>
<trkpt lon="0.577701" lat="45.073113"><ele>168.5</ele></trkpt>
<trkpt lon="0.577198" lat="45.073121"><ele>174.25</ele></trkpt>
<trkpt lon="0.577114" lat="45.073136"><ele>175.0</ele></trkpt>
<trkpt lon="0.577051" lat="45.073161"><ele>175.75</ele></trkpt>
<trkpt lon="0.576466" lat="45.073705"><ele>182.75</ele></trkpt>
<trkpt lon="0.576222" lat="45.073995"><ele>185.0</ele></trkpt>
<trkpt lon="0.575960" lat="45.074176"><ele>186.0</ele></trkpt>
<trkpt lon="0.575883" lat="45.074205"><ele>186.25</ele></trkpt>
<trkpt lon="0.575771" lat="45.074205"><ele>187.25</ele></trkpt>
<trkpt lon="0.575627" lat="45.074239"><ele>188.0</ele></trkpt>
<trkpt lon="0.575397" lat="45.074369"><ele>187.75</ele></trkpt>
<trkpt lon="0.575272" lat="45.074415"><ele>188.0</ele></trkpt>
<trkpt lon="0.574819" lat="45.074551"><ele>187.5</ele></trkpt>
<trkpt lon="0.574339" lat="45.074687"><ele>188.5</ele></trkpt>
<trkpt lon="0.573974" lat="45.074743"><ele>189.5</ele></trkpt>
<trkpt lon="0.573356" lat="45.074766"><ele>190.75</ele></trkpt>
<trkpt lon="0.573203" lat="45.074806"><ele>190.75</ele></trkpt>
<trkpt lon="0.572768" lat="45.074980"><ele>190.75</ele></trkpt>
<trkpt lon="0.572369" lat="45.075107"><ele>191.0</ele></trkpt>
<trkpt lon="0.572031" lat="45.075227"><ele>190.25</ele></trkpt>
<trkpt lon="0.571639" lat="45.075237"><ele>189.75</ele></trkpt>
<trkpt lon="0.571275" lat="45.075218"><ele>189.25</ele></trkpt>
<trkpt lon="0.570962" lat="45.075227"><ele>188.75</ele></trkpt>
<trkpt lon="0.570574" lat="45.075274"><ele>188.0</ele></trkpt>
<trkpt lon="0.570022" lat="45.075316"><ele>185.75</ele></trkpt>
<trkpt lon="0.569939" lat="45.075294"><ele>185.5</ele></trkpt>
<trkpt lon="0.569862" lat="45.075253"><ele>184.75</ele></trkpt>
<trkpt lon="0.569809" lat="45.075204"><ele>184.5</ele></trkpt>
<trkpt lon="0.569751" lat="45.075064"><ele>184.0</ele></trkpt>
<trkpt lon="0.569669" lat="45.075009"><ele>183.75</ele></trkpt>
<trkpt lon="0.569487" lat="45.074911"><ele>183.0</ele></trkpt>
<trkpt lon="0.569403" lat="45.074837"><ele>182.75</ele></trkpt>
<trkpt lon="0.569235" lat="45.074622"><ele>181.75</ele></trkpt>
<trkpt lon="0.568910" lat="45.074714"><ele>181.0</ele></trkpt>
<trkpt lon="0.568646" lat="45.074801"><ele>179.25</ele></trkpt>
<trkpt lon="0.568316" lat="45.074944"><ele>177.75</ele></trkpt>
<trkpt lon="0.567857" lat="45.075163"><ele>174.75</ele></trkpt>
<trkpt lon="0.567770" lat="45.075188"><ele>174.5</ele></trkpt>
<trkpt lon="0.567710" lat="45.075189"><ele>174.5</ele></trkpt>
<trkpt lon="0.567611" lat="45.075132"><ele>173.75</ele></trkpt>
<trkpt lon="0.567543" lat="45.075062"><ele>172.75</ele></trkpt>
<trkpt lon="0.567446" lat="45.074909"><ele>171.5</ele></trkpt>
<trkpt lon="0.567378" lat="45.074778"><ele>170.25</ele></trkpt>
<trkpt lon="0.567356" lat="45.074658"><ele>169.25</ele></trkpt>
<trkpt lon="0.567388" lat="45.074529"><ele>168.5</ele></trkpt>
<trkpt lon="0.567376" lat="45.074337"><ele>168.0</ele></trkpt>
<trkpt lon="0.567357" lat="45.074262"><ele>168.0</ele></trkpt>
<trkpt lon="0.567309" lat="45.074194"><ele>167.5</ele></trkpt>
<trkpt lon="0.567150" lat="45.074050"><ele>165.75</ele></trkpt>
<trkpt lon="0.566968" lat="45.073955"><ele>163.75</ele></trkpt>
<trkpt lon="0.566618" lat="45.073878"><ele>160.0</ele></trkpt>
<trkpt lon="0.566421" lat="45.073873"><ele>159.25</ele></trkpt>
<trkpt lon="0.566296" lat="45.073895"><ele>158.5</ele></trkpt>
<trkpt lon="0.565737" lat="45.073896"><ele>159.5</ele></trkpt>
<trkpt lon="0.565361" lat="45.073941"><ele>161.5</ele></trkpt>
<trkpt lon="0.564975" lat="45.073907"><ele>165.5</ele></trkpt>
<trkpt lon="0.564637" lat="45.073748"><ele>168.75</ele></trkpt>
<trkpt lon="0.564374" lat="45.073490"><ele>170.0</ele></trkpt>
<trkpt lon="0.564069" lat="45.073324"><ele>169.5</ele></trkpt>
<trkpt lon="0.563747" lat="45.072994"><ele>166.0</ele></trkpt>
<trkpt lon="0.563597" lat="45.072676"><ele>162.0</ele></trkpt>
<trkpt lon="0.563570" lat="45.072479"><ele>160.25</ele></trkpt>
<trkpt lon="0.563613" lat="45.072164"><ele>161.0</ele></trkpt>
<trkpt lon="0.563704" lat="45.071816"><ele>161.5</ele></trkpt>
<trkpt lon="0.563779" lat="45.071475"><ele>161.5</ele></trkpt>
<trkpt lon="0.563774" lat="45.071119"><ele>161.75</ele></trkpt>
<trkpt lon="0.563698" lat="45.070865"><ele>160.75</ele></trkpt>
<trkpt lon="0.563602" lat="45.070664"><ele>160.0</ele></trkpt>
<trkpt lon="0.563420" lat="45.070532"><ele>158.25</ele></trkpt>
<trkpt lon="0.563264" lat="45.070645"><ele>156.0</ele></trkpt>
<trkpt lon="0.563119" lat="45.070888"><ele>152.0</ele></trkpt>
<trkpt lon="0.563007" lat="45.071175"><ele>146.75</ele></trkpt>
<trkpt lon="0.562562" lat="45.071247"><ele>148.75</ele></trkpt>
<trkpt lon="0.562141" lat="45.071153"><ele>154.5</ele></trkpt>
<trkpt lon="0.560958" lat="45.070575"><ele>165.0</ele></trkpt>
<trkpt lon="0.560607" lat="45.070425"><ele>169.5</ele></trkpt>
<trkpt lon="0.560286" lat="45.070634"><ele>170.0</ele></trkpt>
<trkpt lon="0.560192" lat="45.070750"><ele>171.5</ele></trkpt>
<trkpt lon="0.560188" lat="45.070765"><ele>171.5</ele></trkpt>
<trkpt lon="0.560122" lat="45.070780"><ele>172.25</ele></trkpt>
<trkpt lon="0.560044" lat="45.070781"><ele>172.75</ele></trkpt>
<trkpt lon="0.559990" lat="45.070763"><ele>173.5</ele></trkpt>
<trkpt lon="0.559896" lat="45.070748"><ele>174.0</ele></trkpt>
<trkpt lon="0.559685" lat="45.070760"><ele>174.75</ele></trkpt>
<trkpt lon="0.559554" lat="45.070749"><ele>174.75</ele></trkpt>
<trkpt lon="0.559428" lat="45.070729"><ele>175.0</ele></trkpt>
<trkpt lon="0.559131" lat="45.070619"><ele>175.75</ele></trkpt>
<trkpt lon="0.558881" lat="45.070537"><ele>176.25</ele></trkpt>
<trkpt lon="0.558610" lat="45.070460"><ele>177.25</ele></trkpt>
<trkpt lon="0.558106" lat="45.070333"><ele>180.0</ele></trkpt>
<trkpt lon="0.557873" lat="45.070283"><ele>181.0</ele></trkpt>
<trkpt lon="0.557562" lat="45.070238"><ele>181.5</ele></trkpt>
<trkpt lon="0.557382" lat="45.070238"><ele>182.5</ele></trkpt>
<trkpt lon="0.557240" lat="45.070189"><ele>184.0</ele></trkpt>
<trkpt lon="0.557143" lat="45.070096"><ele>185.75</ele></trkpt>
<trkpt lon="0.556892" lat="45.069707"><ele>187.75</ele></trkpt>
<trkpt lon="0.556782" lat="45.069572"><ele>187.5</ele></trkpt>
<trkpt lon="0.556665" lat="45.069502"><ele>187.0</ele></trkpt>
<trkpt lon="0.556444" lat="45.069301"><ele>186.5</ele></trkpt>
<trkpt lon="0.556179" lat="45.069021"><ele>185.5</ele></trkpt>
<trkpt lon="0.556129" lat="45.068986"><ele>185.25</ele></trkpt>
<trkpt lon="0.556089" lat="45.068933"><ele>185.0</ele></trkpt>
<trkpt lon="0.556014" lat="45.068899"><ele>184.5</ele></trkpt>
<trkpt lon="0.555915" lat="45.068925"><ele>184.25</ele></trkpt>
<trkpt lon="0.555746" lat="45.068997"><ele>183.5</ele></trkpt>
<trkpt lon="0.555649" lat="45.069065"><ele>183.25</ele></trkpt>
<trkpt lon="0.555405" lat="45.069185"><ele>181.25</ele></trkpt>
<trkpt lon="0.555268" lat="45.069228"><ele>180.25</ele></trkpt>
<trkpt lon="0.555142" lat="45.069226"><ele>179.0</ele></trkpt>
<trkpt lon="0.554756" lat="45.069016"><ele>175.75</ele></trkpt>
<trkpt lon="0.554592" lat="45.068876"><ele>173.5</ele></trkpt>
<trkpt lon="0.554120" lat="45.068647"><ele>169.0</ele></trkpt>
<trkpt lon="0.553836" lat="45.068518"><ele>167.25</ele></trkpt>
<trkpt lon="0.553573" lat="45.068410"><ele>164.5</ele></trkpt>
<trkpt lon="0.553348" lat="45.068258"><ele>162.0</ele></trkpt>
<trkpt lon="0.553139" lat="45.068171"><ele>160.25</ele></trkpt>
<trkpt lon="0.552962" lat="45.068111"><ele>158.5</ele></trkpt>
<trkpt lon="0.552830" lat="45.068095"><ele>157.75</ele></trkpt>
<trkpt lon="0.552605" lat="45.068109"><ele>156.75</ele></trkpt>
<trkpt lon="0.552404" lat="45.068078"><ele>155.5</ele></trkpt>
<trkpt lon="0.552178" lat="45.068005"><ele>154.75</ele></trkpt>
<trkpt lon="0.551846" lat="45.067916"><ele>152.75</ele></trkpt>
<trkpt lon="0.551631" lat="45.067825"><ele>150.0</ele></trkpt>
<trkpt lon="0.551502" lat="45.067798"><ele>149.0</ele></trkpt>
<trkpt lon="0.551333" lat="45.067808"><ele>148.75</ele></trkpt>
<trkpt lon="0.551052" lat="45.067849"><ele>149.0</ele></trkpt>
<trkpt lon="0.550279" lat="45.067898"><ele>145.5</ele></trkpt>
<trkpt lon="0.550067" lat="45.067883"><ele>144.75</ele></trkpt>
<trkpt lon="0.549974" lat="45.068035"><ele>145.75</ele></trkpt>
<trkpt lon="0.549780" lat="45.068264"><ele>148.75</ele></trkpt>
<trkpt lon="0.549692" lat="45.068347"><ele>149.5</ele></trkpt>
<trkpt lon="0.549601" lat="45.068503"><ele>152.0</ele></trkpt>
<trkpt lon="0.549469" lat="45.068800"><ele>154.25</ele></trkpt>
<trkpt lon="0.549318" lat="45.069102"><ele>157.75</ele></trkpt>
<trkpt lon="0.549013" lat="45.069453"><ele>164.25</ele></trkpt>
<trkpt lon="0.548516" lat="45.069901"><ele>174.25</ele></trkpt>
<trkpt lon="0.548420" lat="45.070049"><ele>176.25</ele></trkpt>
<trkpt lon="0.548286" lat="45.070810"><ele>185.75</ele></trkpt>
<trkpt lon="0.548162" lat="45.070901"><ele>187.25</ele></trkpt>
<trkpt lon="0.548071" lat="45.071106"><ele>189.75</ele></trkpt>
<trkpt lon="0.547963" lat="45.071314"><ele>191.5</ele></trkpt>
<trkpt lon="0.547846" lat="45.071303"><ele>191.5</ele></trkpt>
<trkpt lon="0.547719" lat="45.071270"><ele>191.25</ele></trkpt>
<trkpt lon="0.547142" lat="45.071146"><ele>190.25</ele></trkpt>
<trkpt lon="0.546962" lat="45.071136"><ele>189.75</ele></trkpt>
<trkpt lon="0.546658" lat="45.071155"><ele>188.5</ele></trkpt>
<trkpt lon="0.546365" lat="45.071197"><ele>188.25</ele></trkpt>
<trkpt lon="0.545998" lat="45.071270"><ele>187.75</ele></trkpt>
<trkpt lon="0.545471" lat="45.071288"><ele>186.25</ele></trkpt>
<trkpt lon="0.545157" lat="45.071261"><ele>185.5</ele></trkpt>
<trkpt lon="0.544834" lat="45.071225"><ele>184.25</ele></trkpt>
<trkpt lon="0.544554" lat="45.071214"><ele>183.5</ele></trkpt>
<trkpt lon="0.543436" lat="45.071208"><ele>180.0</ele></trkpt>
<trkpt lon="0.542979" lat="45.071213"><ele>179.25</ele></trkpt>
<trkpt lon="0.542463" lat="45.071228"><ele>178.25</ele></trkpt>
<trkpt lon="0.542064" lat="45.071189"><ele>177.5</ele></trkpt>
<trkpt lon="0.541386" lat="45.071146"><ele>175.25</ele></trkpt>
<trkpt lon="0.541149" lat="45.071112"><ele>175.0</ele></trkpt>
<trkpt lon="0.541004" lat="45.071282"><ele>176.0</ele></trkpt>
<trkpt lon="0.540893" lat="45.071451"><ele>177.0</ele></trkpt>
<trkpt lon="0.540848" lat="45.071594"><ele>177.0</ele></trkpt>
<trkpt lon="0.540642" lat="45.071620"><ele>177.5</ele></trkpt>
<trkpt lon="0.540251" lat="45.071786"><ele>178.0</ele></trkpt>
<trkpt lon="0.540060" lat="45.071856"><ele>179.0</ele></trkpt>
<trkpt lon="0.539879" lat="45.071905"><ele>179.5</ele></trkpt>
<trkpt lon="0.539713" lat="45.071924"><ele>180.0</ele></trkpt>
<trkpt lon="0.539532" lat="45.071916"><ele>180.5</ele></trkpt>
<trkpt lon="0.539261" lat="45.071881"><ele>180.75</ele></trkpt>
<trkpt lon="0.538987" lat="45.071824"><ele>180.5</ele></trkpt>
<trkpt lon="0.538454" lat="45.071672"><ele>180.75</ele></trkpt>
<trkpt lon="0.538264" lat="45.071638"><ele>181.0</ele></trkpt>
<trkpt lon="0.538161" lat="45.071619"><ele>181.0</ele></trkpt>
<trkpt lon="0.537956" lat="45.071596"><ele>181.5</ele></trkpt>
<trkpt lon="0.537816" lat="45.071594"><ele>181.75</ele></trkpt>
<trkpt lon="0.537673" lat="45.071613"><ele>182.0</ele></trkpt>
<trkpt lon="0.537472" lat="45.071681"><ele>181.75</ele></trkpt>
<trkpt lon="0.537173" lat="45.071764"><ele>181.5</ele></trkpt>
<trkpt lon="0.537054" lat="45.071743"><ele>181.25</ele></trkpt>
<trkpt lon="0.536192" lat="45.071566"><ele>177.0</ele></trkpt>
<trkpt lon="0.535912" lat="45.071535"><ele>175.5</ele></trkpt>
<trkpt lon="0.535327" lat="45.071598"><ele>171.5</ele></trkpt>
<trkpt lon="0.535094" lat="45.071586"><ele>170.75</ele></trkpt>
<trkpt lon="0.534271" lat="45.071459"><ele>169.0</ele></trkpt>
<trkpt lon="0.533361" lat="45.071332"><ele>166.25</ele></trkpt>
<trkpt lon="0.533203" lat="45.071342"><ele>166.0</ele></trkpt>
<trkpt lon="0.532506" lat="45.071498"><ele>166.0</ele></trkpt>
<trkpt lon="0.532146" lat="45.071592"><ele>165.5</ele></trkpt>
<trkpt lon="0.531838" lat="45.071643"><ele>165.5</ele></trkpt>
<trkpt lon="0.531617" lat="45.071647"><ele>166.25</ele></trkpt>
<trkpt lon="0.531195" lat="45.071615"><ele>168.0</ele></trkpt>
<trkpt lon="0.529987" lat="45.071461"><ele>168.25</ele></trkpt>
<trkpt lon="0.529453" lat="45.071427"><ele>165.75</ele></trkpt>
<trkpt lon="0.529150" lat="45.071393"><ele>163.75</ele></trkpt>
<trkpt lon="0.528627" lat="45.071232"><ele>160.5</ele></trkpt>
<trkpt lon="0.528437" lat="45.071188"><ele>159.25</ele></trkpt>
<trkpt lon="0.528244" lat="45.071178"><ele>158.25</ele></trkpt>
<trkpt lon="0.528064" lat="45.071154"><ele>157.5</ele></trkpt>
<trkpt lon="0.527817" lat="45.071037"><ele>156.75</ele></trkpt>
<trkpt lon="0.527454" lat="45.070839"><ele>156.75</ele></trkpt>
<trkpt lon="0.527080" lat="45.070695"><ele>156.5</ele></trkpt>
<trkpt lon="0.526882" lat="45.070645"><ele>156.75</ele></trkpt>
<trkpt lon="0.526676" lat="45.070608"><ele>156.25</ele></trkpt>
<trkpt lon="0.526103" lat="45.070596"><ele>154.75</ele></trkpt>
<trkpt lon="0.525653" lat="45.070601"><ele>152.0</ele></trkpt>
<trkpt lon="0.525409" lat="45.070540"><ele>149.75</ele></trkpt>
<trkpt lon="0.525080" lat="45.070468"><ele>146.75</ele></trkpt>
<trkpt lon="0.524997" lat="45.070470"><ele>146.0</ele></trkpt>
<trkpt lon="0.524916" lat="45.070498"><ele>144.75</ele></trkpt>
<trkpt lon="0.524717" lat="45.070612"><ele>142.5</ele></trkpt>
<trkpt lon="0.524514" lat="45.070679"><ele>141.0</ele></trkpt>
<trkpt lon="0.524295" lat="45.070722"><ele>139.0</ele></trkpt>
<trkpt lon="0.523652" lat="45.070892"><ele>130.25</ele></trkpt>
<trkpt lon="0.522195" lat="45.071684"><ele>113.5</ele></trkpt>
<trkpt lon="0.520344" lat="45.072753"><ele>92.75</ele></trkpt>
<trkpt lon="0.520277" lat="45.072798"><ele>91.75</ele></trkpt>
<trkpt lon="0.520214" lat="45.072827"><ele>91.5</ele></trkpt>
<trkpt lon="0.520141" lat="45.072831"><ele>91.0</ele></trkpt>
<trkpt lon="0.520067" lat="45.072822"><ele>90.25</ele></trkpt>
<trkpt lon="0.519050" lat="45.072522"><ele>85.5</ele></trkpt>
<trkpt lon="0.518642" lat="45.072418"><ele>85.0</ele></trkpt>
<trkpt lon="0.518532" lat="45.072393"><ele>84.75</ele></trkpt>
<trkpt lon="0.518288" lat="45.072338"><ele>84.5</ele></trkpt>
<trkpt lon="0.518376" lat="45.072211"><ele>85.0</ele></trkpt>
<trkpt lon="0.518347" lat="45.072159"><ele>85.0</ele></trkpt>
<trkpt lon="0.518299" lat="45.072143"><ele>85.25</ele></trkpt>
<trkpt lon="0.518256" lat="45.072093"><ele>85.5</ele></trkpt>
<trkpt lon="0.518243" lat="45.072021"><ele>86.0</ele></trkpt>
<trkpt lon="0.518175" lat="45.071954"><ele>86.5</ele></trkpt>
<trkpt lon="0.517997" lat="45.071894"><ele>87.25</ele></trkpt>
<trkpt lon="0.517591" lat="45.071846"><ele>91.75</ele></trkpt>
<trkpt lon="0.517258" lat="45.071791"><ele>97.5</ele></trkpt>
<trkpt lon="0.517119" lat="45.071751"><ele>99.75</ele></trkpt>
<trkpt lon="0.516688" lat="45.071543"><ele>105.25</ele></trkpt>
<trkpt lon="0.516422" lat="45.071362"><ele>108.25</ele></trkpt>
<trkpt lon="0.515967" lat="45.070938"><ele>113.0</ele></trkpt>
<trkpt lon="0.515837" lat="45.070821"><ele>113.75</ele></trkpt>
<trkpt lon="0.515785" lat="45.070783"><ele>114.25</ele></trkpt>
<trkpt lon="0.515708" lat="45.070754"><ele>115.25</ele></trkpt>
<trkpt lon="0.515600" lat="45.070733"><ele>116.25</ele></trkpt>
<trkpt lon="0.515423" lat="45.070729"><ele>118.25</ele></trkpt>
<trkpt lon="0.515239" lat="45.070784"><ele>121.5</ele></trkpt>
<trkpt lon="0.515037" lat="45.070912"><ele>125.25</ele></trkpt>
<trkpt lon="0.514861" lat="45.071077"><ele>129.5</ele></trkpt>
<trkpt lon="0.514527" lat="45.071321"><ele>135.25</ele></trkpt>
<trkpt lon="0.514225" lat="45.071566"><ele>139.5</ele></trkpt>
<trkpt lon="0.514096" lat="45.071637"><ele>140.75</ele></trkpt>
<trkpt lon="0.513965" lat="45.071693"><ele>141.75</ele></trkpt>
<trkpt lon="0.513806" lat="45.071721"><ele>143.25</ele></trkpt>
<trkpt lon="0.513648" lat="45.071733"><ele>144.75</ele></trkpt>
<trkpt lon="0.513204" lat="45.071729"><ele>148.0</ele></trkpt>
<trkpt lon="0.512921" lat="45.071711"><ele>150.0</ele></trkpt>
<trkpt lon="0.512428" lat="45.071651"><ele>153.25</ele></trkpt>
<trkpt lon="0.512224" lat="45.071615"><ele>154.5</ele></trkpt>
<trkpt lon="0.511961" lat="45.071488"><ele>156.75</ele></trkpt>
<trkpt lon="0.511867" lat="45.071342"><ele>158.0</ele></trkpt>
<trkpt lon="0.511755" lat="45.071191"><ele>159.0</ele></trkpt>
<trkpt lon="0.511535" lat="45.070975"><ele>161.75</ele></trkpt>
<trkpt lon="0.511336" lat="45.070789"><ele>164.25</ele></trkpt>
<trkpt lon="0.511274" lat="45.070741"><ele>164.5</ele></trkpt>
<trkpt lon="0.511106" lat="45.070611"><ele>165.5</ele></trkpt>
<trkpt lon="0.510462" lat="45.070312"><ele>165.25</ele></trkpt>
<trkpt lon="0.510270" lat="45.070168"><ele>164.75</ele></trkpt>
<trkpt lon="0.509834" lat="45.069897"><ele>162.75</ele></trkpt>
<trkpt lon="0.509470" lat="45.069776"><ele>163.5</ele></trkpt>
<trkpt lon="0.509266" lat="45.069634"><ele>162.75</ele></trkpt>
<trkpt lon="0.509108" lat="45.069491"><ele>162.0</ele></trkpt>
<trkpt lon="0.508975" lat="45.069409"><ele>161.75</ele></trkpt>
<trkpt lon="0.508839" lat="45.069301"><ele>161.75</ele></trkpt>
<trkpt lon="0.508695" lat="45.069130"><ele>161.0</ele></trkpt>
<trkpt lon="0.508531" lat="45.068989"><ele>160.5</ele></trkpt>
<trkpt lon="0.508435" lat="45.068799"><ele>159.5</ele></trkpt>
<trkpt lon="0.508339" lat="45.068534"><ele>158.75</ele></trkpt>
<trkpt lon="0.508378" lat="45.068195"><ele>159.75</ele></trkpt>
<trkpt lon="0.508361" lat="45.067940"><ele>161.25</ele></trkpt>
<trkpt lon="0.508287" lat="45.067804"><ele>161.75</ele></trkpt>
<trkpt lon="0.508224" lat="45.067643"><ele>161.5</ele></trkpt>
<trkpt lon="0.508140" lat="45.067472"><ele>161.25</ele></trkpt>
<trkpt lon="0.508032" lat="45.067393"><ele>161.25</ele></trkpt>
<trkpt lon="0.507585" lat="45.067004"><ele>159.25</ele></trkpt>
<trkpt lon="0.507193" lat="45.066496"><ele>156.5</ele></trkpt>
<trkpt lon="0.506688" lat="45.066473"><ele>159.25</ele></trkpt>
<trkpt lon="0.506500" lat="45.066451"><ele>160.5</ele></trkpt>
<trkpt lon="0.506428" lat="45.066231"><ele>161.25</ele></trkpt>
<trkpt lon="0.506559" lat="45.065880"><ele>162.25</ele></trkpt>
<trkpt lon="0.506695" lat="45.065595"><ele>163.5</ele></trkpt>
<trkpt lon="0.506774" lat="45.065376"><ele>165.75</ele></trkpt>
<trkpt lon="0.506748" lat="45.065223"><ele>167.5</ele></trkpt>
<trkpt lon="0.506111" lat="45.065218"><ele>170.25</ele></trkpt>
<trkpt lon="0.505831" lat="45.065162"><ele>170.75</ele></trkpt>
<trkpt lon="0.505611" lat="45.065036"><ele>171.0</ele></trkpt>
<trkpt lon="0.505228" lat="45.064858"><ele>170.75</ele></trkpt>
<trkpt lon="0.504940" lat="45.064746"><ele>169.75</ele></trkpt>
<trkpt lon="0.504522" lat="45.064580"><ele>167.5</ele></trkpt>
<trkpt lon="0.504065" lat="45.064263"><ele>163.25</ele></trkpt>
<trkpt lon="0.503910" lat="45.064174"><ele>161.25</ele></trkpt>
<trkpt lon="0.503305" lat="45.063840"><ele>156.5</ele></trkpt>
<trkpt lon="0.503122" lat="45.063726"><ele>155.0</ele></trkpt>
<trkpt lon="0.503016" lat="45.063673"><ele>154.5</ele></trkpt>
<trkpt lon="0.502734" lat="45.063556"><ele>155.0</ele></trkpt>
<trkpt lon="0.502221" lat="45.063363"><ele>156.75</ele></trkpt>
<trkpt lon="0.501791" lat="45.063267"><ele>158.75</ele></trkpt>
<trkpt lon="0.501131" lat="45.063060"><ele>160.75</ele></trkpt>
<trkpt lon="0.500954" lat="45.062988"><ele>162.25</ele></trkpt>
<trkpt lon="0.500680" lat="45.062878"><ele>163.75</ele></trkpt>
<trkpt lon="0.500342" lat="45.062634"><ele>166.5</ele></trkpt>
<trkpt lon="0.500063" lat="45.062321"><ele>169.25</ele></trkpt>
<trkpt lon="0.499994" lat="45.062264"><ele>169.5</ele></trkpt>
<trkpt lon="0.499894" lat="45.062212"><ele>170.25</ele></trkpt>
<trkpt lon="0.499656" lat="45.062151"><ele>171.75</ele></trkpt>
<trkpt lon="0.499085" lat="45.061944"><ele>173.5</ele></trkpt>
<trkpt lon="0.498565" lat="45.061739"><ele>177.75</ele></trkpt>
<trkpt lon="0.498048" lat="45.061544"><ele>180.25</ele></trkpt>
<trkpt lon="0.497842" lat="45.061459"><ele>180.5</ele></trkpt>
<trkpt lon="0.497678" lat="45.061337"><ele>180.5</ele></trkpt>
<trkpt lon="0.497010" lat="45.060586"><ele>185.0</ele></trkpt>
<trkpt lon="0.496827" lat="45.060439"><ele>186.25</ele></trkpt>
<trkpt lon="0.496525" lat="45.060214"><ele>186.75</ele></trkpt>
<trkpt lon="0.496384" lat="45.060132"><ele>186.25</ele></trkpt>
<trkpt lon="0.496243" lat="45.060147"><ele>185.0</ele></trkpt>
<trkpt lon="0.495761" lat="45.060256"><ele>184.5</ele></trkpt>
<trkpt lon="0.495341" lat="45.060309"><ele>185.25</ele></trkpt>
<trkpt lon="0.494531" lat="45.060536"><ele>188.5</ele></trkpt>
<trkpt lon="0.493930" lat="45.060760"><ele>190.0</ele></trkpt>
<trkpt lon="0.493372" lat="45.060938"><ele>190.75</ele></trkpt>
<trkpt lon="0.492546" lat="45.061131"><ele>192.75</ele></trkpt>
<trkpt lon="0.491436" lat="45.061359"><ele>190.75</ele></trkpt>
<trkpt lon="0.490567" lat="45.061624"><ele>187.5</ele></trkpt>
<trkpt lon="0.489805" lat="45.061904"><ele>183.25</ele></trkpt>
<trkpt lon="0.489360" lat="45.062128"><ele>180.25</ele></trkpt>
<trkpt lon="0.489024" lat="45.062350"><ele>178.0</ele></trkpt>
<trkpt lon="0.488867" lat="45.062435"><ele>177.25</ele></trkpt>
<trkpt lon="0.488642" lat="45.062653"><ele>177.75</ele></trkpt>
<trkpt lon="0.488427" lat="45.062824"><ele>178.25</ele></trkpt>
<trkpt lon="0.488170" lat="45.062934"><ele>178.75</ele></trkpt>
<trkpt lon="0.487837" lat="45.063047"><ele>178.75</ele></trkpt>
<trkpt lon="0.487279" lat="45.063159"><ele>177.5</ele></trkpt>
<trkpt lon="0.486045" lat="45.063258"><ele>176.25</ele></trkpt>
<trkpt lon="0.485755" lat="45.063304"><ele>176.75</ele></trkpt>
<trkpt lon="0.485340" lat="45.063371"><ele>177.75</ele></trkpt>
<trkpt lon="0.484938" lat="45.063481"><ele>178.5</ele></trkpt>
<trkpt lon="0.484468" lat="45.063640"><ele>179.0</ele></trkpt>
<trkpt lon="0.484238" lat="45.063695"><ele>178.25</ele></trkpt>
<trkpt lon="0.484012" lat="45.063714"><ele>177.5</ele></trkpt>
<trkpt lon="0.483779" lat="45.063709"><ele>176.75</ele></trkpt>
<trkpt lon="0.483339" lat="45.063608"><ele>174.75</ele></trkpt>
<trkpt lon="0.482760" lat="45.063523"><ele>173.25</ele></trkpt>
<trkpt lon="0.482328" lat="45.063479"><ele>171.0</ele></trkpt>
<trkpt lon="0.481467" lat="45.063328"><ele>169.0</ele></trkpt>
<trkpt lon="0.481027" lat="45.063258"><ele>169.25</ele></trkpt>
<trkpt lon="0.480526" lat="45.063121"><ele>170.75</ele></trkpt>
<trkpt lon="0.479952" lat="45.062902"><ele>171.0</ele></trkpt>
<trkpt lon="0.479313" lat="45.062783"><ele>169.0</ele></trkpt>
<trkpt lon="0.478994" lat="45.062746"><ele>168.0</ele></trkpt>
<trkpt lon="0.478770" lat="45.062676"><ele>168.5</ele></trkpt>
<trkpt lon="0.478565" lat="45.062597"><ele>169.0</ele></trkpt>
<trkpt lon="0.477836" lat="45.062293"><ele>170.25</ele></trkpt>
<trkpt lon="0.477629" lat="45.062213"><ele>170.25</ele></trkpt>
<trkpt lon="0.477447" lat="45.062151"><ele>170.25</ele></trkpt>
<trkpt lon="0.477296" lat="45.062109"><ele>170.75</ele></trkpt>
<trkpt lon="0.476948" lat="45.062026"><ele>171.5</ele></trkpt>
<trkpt lon="0.476535" lat="45.061908"><ele>171.75</ele></trkpt>
<trkpt lon="0.475381" lat="45.061639"><ele>172.0</ele></trkpt>
<trkpt lon="0.475081" lat="45.061624"><ele>170.5</ele></trkpt>
<trkpt lon="0.474880" lat="45.061626"><ele>169.75</ele></trkpt>
<trkpt lon="0.474453" lat="45.061508"><ele>168.5</ele></trkpt>
<trkpt lon="0.474000" lat="45.061344"><ele>166.5</ele></trkpt>
<trkpt lon="0.473775" lat="45.061215"><ele>165.75</ele></trkpt>
<trkpt lon="0.473603" lat="45.061135"><ele>164.75</ele></trkpt>
<trkpt lon="0.473198" lat="45.060921"><ele>164.5</ele></trkpt>
<trkpt lon="0.473021" lat="45.060859"><ele>164.75</ele></trkpt>
<trkpt lon="0.472415" lat="45.060372"><ele>164.25</ele></trkpt>
<trkpt lon="0.472372" lat="45.060314"><ele>164.25</ele></trkpt>
<trkpt lon="0.472172" lat="45.060047"><ele>164.75</ele></trkpt>
<trkpt lon="0.472053" lat="45.059940"><ele>165.75</ele></trkpt>
<trkpt lon="0.471838" lat="45.059786"><ele>167.0</ele></trkpt>
<trkpt lon="0.471578" lat="45.059623"><ele>168.75</ele></trkpt>
<trkpt lon="0.471219" lat="45.059455"><ele>169.75</ele></trkpt>
<trkpt lon="0.470921" lat="45.059362"><ele>169.0</ele></trkpt>
<trkpt lon="0.470682" lat="45.059256"><ele>167.75</ele></trkpt>
<trkpt lon="0.470328" lat="45.059023"><ele>165.5</ele></trkpt>
<trkpt lon="0.470114" lat="45.058916"><ele>165.0</ele></trkpt>
<trkpt lon="0.470063" lat="45.058903"><ele>165.0</ele></trkpt>
<trkpt lon="0.469714" lat="45.058675"><ele>165.25</ele></trkpt>
<trkpt lon="0.469390" lat="45.058514"><ele>166.0</ele></trkpt>
<trkpt lon="0.469288" lat="45.058536"><ele>166.25</ele></trkpt>
<trkpt lon="0.469041" lat="45.058533"><ele>166.75</ele></trkpt>
<trkpt lon="0.468712" lat="45.058508"><ele>167.25</ele></trkpt>
<trkpt lon="0.468364" lat="45.058460"><ele>168.25</ele></trkpt>
<trkpt lon="0.468078" lat="45.058407"><ele>169.25</ele></trkpt>
<trkpt lon="0.467809" lat="45.058376"><ele>171.0</ele></trkpt>
<trkpt lon="0.467318" lat="45.058351"><ele>173.0</ele></trkpt>
<trkpt lon="0.467035" lat="45.058323"><ele>173.5</ele></trkpt>
<trkpt lon="0.466344" lat="45.058184"><ele>175.0</ele></trkpt>
<trkpt lon="0.465989" lat="45.058101"><ele>175.25</ele></trkpt>
<trkpt lon="0.465606" lat="45.058047"><ele>174.75</ele></trkpt>
<trkpt lon="0.464840" lat="45.057860"><ele>172.25</ele></trkpt>
<trkpt lon="0.464388" lat="45.057779"><ele>170.75</ele></trkpt>
<trkpt lon="0.463926" lat="45.057767"><ele>169.0</ele></trkpt>
<trkpt lon="0.463453" lat="45.057746"><ele>168.75</ele></trkpt>
<trkpt lon="0.463142" lat="45.057744"><ele>168.75</ele></trkpt>
<trkpt lon="0.462877" lat="45.057764"><ele>168.75</ele></trkpt>
<trkpt lon="0.462637" lat="45.057739"><ele>168.75</ele></trkpt>
<trkpt lon="0.462393" lat="45.057729"><ele>168.75</ele></trkpt>
<trkpt lon="0.462110" lat="45.057769"><ele>168.5</ele></trkpt>
<trkpt lon="0.461949" lat="45.057853"><ele>168.0</ele></trkpt>
<trkpt lon="0.461799" lat="45.057896"><ele>167.25</ele></trkpt>
<trkpt lon="0.461272" lat="45.057969"><ele>165.75</ele></trkpt>
<trkpt lon="0.458836" lat="45.058101"><ele>159.75</ele></trkpt>
<trkpt lon="0.458711" lat="45.058149"><ele>159.5</ele></trkpt>
<trkpt lon="0.458534" lat="45.058323"><ele>159.0</ele></trkpt>
<trkpt lon="0.458323" lat="45.058472"><ele>158.0</ele></trkpt>
<trkpt lon="0.458076" lat="45.058054"><ele>160.0</ele></trkpt>
<trkpt lon="0.458021" lat="45.057992"><ele>160.0</ele></trkpt>
<trkpt lon="0.457948" lat="45.057937"><ele>160.0</ele></trkpt>
<trkpt lon="0.457593" lat="45.057760"><ele>160.5</ele></trkpt>
<trkpt lon="0.457307" lat="45.057621"><ele>160.25</ele></trkpt>
<trkpt lon="0.457257" lat="45.057606"><ele>160.25</ele></trkpt>
<trkpt lon="0.456857" lat="45.057422"><ele>160.75</ele></trkpt>
<trkpt lon="0.456511" lat="45.057275"><ele>161.25</ele></trkpt>
<trkpt lon="0.455958" lat="45.056992"><ele>162.75</ele></trkpt>
<trkpt lon="0.455835" lat="45.056937"><ele>162.75</ele></trkpt>
<trkpt lon="0.455796" lat="45.056874"><ele>163.0</ele></trkpt>
<trkpt lon="0.455762" lat="45.056852"><ele>163.0</ele></trkpt>
<trkpt lon="0.455631" lat="45.056843"><ele>164.0</ele></trkpt>
<trkpt lon="0.455359" lat="45.056699"><ele>165.5</ele></trkpt>
<trkpt lon="0.455129" lat="45.056598"><ele>166.75</ele></trkpt>
<trkpt lon="0.454625" lat="45.056348"><ele>168.25</ele></trkpt>
<trkpt lon="0.454427" lat="45.056245"><ele>169.0</ele></trkpt>
<trkpt lon="0.454317" lat="45.056179"><ele>169.0</ele></trkpt>
<trkpt lon="0.454152" lat="45.056054"><ele>168.25</ele></trkpt>
<trkpt lon="0.453821" lat="45.055841"><ele>169.75</ele></trkpt>
<trkpt lon="0.453572" lat="45.055692"><ele>171.0</ele></trkpt>
<trkpt lon="0.453291" lat="45.055625"><ele>171.75</ele></trkpt>
<trkpt lon="0.452961" lat="45.055557"><ele>171.25</ele></trkpt>
<trkpt lon="0.452652" lat="45.055480"><ele>168.5</ele></trkpt>
<trkpt lon="0.452240" lat="45.055438"><ele>165.75</ele></trkpt>
<trkpt lon="0.451588" lat="45.055399"><ele>164.25</ele></trkpt>
<trkpt lon="0.450523" lat="45.055252"><ele>165.0</ele></trkpt>
<trkpt lon="0.450327" lat="45.055197"><ele>165.75</ele></trkpt>
<trkpt lon="0.449004" lat="45.054923"><ele>172.75</ele></trkpt>
<trkpt lon="0.448739" lat="45.054854"><ele>174.25</ele></trkpt>
<trkpt lon="0.448583" lat="45.054794"><ele>175.0</ele></trkpt>
<trkpt lon="0.448224" lat="45.054640"><ele>174.5</ele></trkpt>
<trkpt lon="0.447964" lat="45.054504"><ele>172.75</ele></trkpt>
<trkpt lon="0.447694" lat="45.054306"><ele>170.25</ele></trkpt>
<trkpt lon="0.447460" lat="45.054161"><ele>168.5</ele></trkpt>
<trkpt lon="0.446625" lat="45.053850"><ele>162.75</ele></trkpt>
<trkpt lon="0.446427" lat="45.053727"><ele>161.5</ele></trkpt>
<trkpt lon="0.446237" lat="45.053556"><ele>160.25</ele></trkpt>
<trkpt lon="0.446014" lat="45.053386"><ele>158.75</ele></trkpt>
<trkpt lon="0.445746" lat="45.053225"><ele>157.75</ele></trkpt>
<trkpt lon="0.445386" lat="45.053020"><ele>156.75</ele></trkpt>
<trkpt lon="0.445083" lat="45.052797"><ele>156.5</ele></trkpt>
<trkpt lon="0.444901" lat="45.052643"><ele>156.5</ele></trkpt>
<trkpt lon="0.444600" lat="45.052340"><ele>157.0</ele></trkpt>
<trkpt lon="0.443640" lat="45.051711"><ele>156.75</ele></trkpt>
<trkpt lon="0.443227" lat="45.051552"><ele>156.0</ele></trkpt>
<trkpt lon="0.442532" lat="45.051345"><ele>157.0</ele></trkpt>
<trkpt lon="0.441658" lat="45.051146"><ele>157.5</ele></trkpt>
<trkpt lon="0.441304" lat="45.051036"><ele>158.5</ele></trkpt>
<trkpt lon="0.440835" lat="45.050837"><ele>158.0</ele></trkpt>
<trkpt lon="0.440568" lat="45.050670"><ele>158.0</ele></trkpt>
<trkpt lon="0.440378" lat="45.050611"><ele>157.25</ele></trkpt>
<trkpt lon="0.440295" lat="45.050549"><ele>157.0</ele></trkpt>
<trkpt lon="0.440009" lat="45.050228"><ele>157.0</ele></trkpt>
<trkpt lon="0.439980" lat="45.050164"><ele>157.25</ele></trkpt>
<trkpt lon="0.439047" lat="45.048868"><ele>157.5</ele></trkpt>
<trkpt lon="0.438800" lat="45.048622"><ele>157.75</ele></trkpt>
<trkpt lon="0.438392" lat="45.048266"><ele>158.0</ele></trkpt>
<trkpt lon="0.437572" lat="45.047292"><ele>156.75</ele></trkpt>
<trkpt lon="0.437306" lat="45.046998"><ele>156.0</ele></trkpt>
<trkpt lon="0.436806" lat="45.046406"><ele>156.75</ele></trkpt>
<trkpt lon="0.436633" lat="45.046238"><ele>157.5</ele></trkpt>
<trkpt lon="0.436343" lat="45.046079"><ele>158.0</ele></trkpt>
<trkpt lon="0.436010" lat="45.045938"><ele>158.0</ele></trkpt>
<trkpt lon="0.435576" lat="45.045726"><ele>156.75</ele></trkpt>
<trkpt lon="0.434466" lat="45.044809"><ele>157.75</ele></trkpt>
<trkpt lon="0.433902" lat="45.044494"><ele>157.5</ele></trkpt>
<trkpt lon="0.433229" lat="45.044185"><ele>158.75</ele></trkpt>
<trkpt lon="0.432698" lat="45.043890"><ele>159.0</ele></trkpt>
<trkpt lon="0.432658" lat="45.043868"><ele>159.0</ele></trkpt>
<trkpt lon="0.432503" lat="45.043745"><ele>159.0</ele></trkpt>
<trkpt lon="0.432452" lat="45.043693"><ele>159.0</ele></trkpt>
<trkpt lon="0.432327" lat="45.043567"><ele>158.75</ele></trkpt>
<trkpt lon="0.431712" lat="45.043034"><ele>157.75</ele></trkpt>
<trkpt lon="0.431467" lat="45.042876"><ele>157.0</ele></trkpt>
<trkpt lon="0.431115" lat="45.042719"><ele>156.0</ele></trkpt>
<trkpt lon="0.430809" lat="45.042603"><ele>154.75</ele></trkpt>
<trkpt lon="0.430067" lat="45.042368"><ele>152.5</ele></trkpt>
<trkpt lon="0.429758" lat="45.042320"><ele>151.75</ele></trkpt>
<trkpt lon="0.429509" lat="45.042300"><ele>150.75</ele></trkpt>
<trkpt lon="0.428536" lat="45.042315"><ele>148.25</ele></trkpt>
<trkpt lon="0.428114" lat="45.042296"><ele>148.0</ele></trkpt>
<trkpt lon="0.426345" lat="45.041857"><ele>149.0</ele></trkpt>
<trkpt lon="0.425328" lat="45.041605"><ele>150.5</ele></trkpt>
<trkpt lon="0.424492" lat="45.041287"><ele>149.75</ele></trkpt>
<trkpt lon="0.423817" lat="45.041011"><ele>147.75</ele></trkpt>
<trkpt lon="0.422768" lat="45.040595"><ele>144.0</ele></trkpt>
<trkpt lon="0.422314" lat="45.040449"><ele>142.5</ele></trkpt>
<trkpt lon="0.422139" lat="45.040310"><ele>142.0</ele></trkpt>
<trkpt lon="0.421510" lat="45.040023"><ele>141.0</ele></trkpt>
<trkpt lon="0.421369" lat="45.039976"><ele>140.75</ele></trkpt>
<trkpt lon="0.421258" lat="45.039890"><ele>140.5</ele></trkpt>
<trkpt lon="0.421093" lat="45.039695"><ele>139.75</ele></trkpt>
<trkpt lon="0.420930" lat="45.039542"><ele>139.25</ele></trkpt>
<trkpt lon="0.420453" lat="45.039304"><ele>139.0</ele></trkpt>
<trkpt lon="0.420151" lat="45.039096"><ele>138.75</ele></trkpt>
<trkpt lon="0.419772" lat="45.038807"><ele>138.5</ele></trkpt>
<trkpt lon="0.419189" lat="45.038545"><ele>139.5</ele></trkpt>
<trkpt lon="0.419012" lat="45.038446"><ele>140.0</ele></trkpt>
<trkpt lon="0.418847" lat="45.038398"><ele>140.75</ele></trkpt>
<trkpt lon="0.418609" lat="45.038365"><ele>141.0</ele></trkpt>
<trkpt lon="0.418319" lat="45.038273"><ele>142.0</ele></trkpt>
<trkpt lon="0.418227" lat="45.038150"><ele>142.25</ele></trkpt>
<trkpt lon="0.418122" lat="45.038128"><ele>142.0</ele></trkpt>
<trkpt lon="0.417957" lat="45.038061"><ele>142.0</ele></trkpt>
<trkpt lon="0.417771" lat="45.037954"><ele>141.5</ele></trkpt>
<trkpt lon="0.417630" lat="45.037881"><ele>140.75</ele></trkpt>
<trkpt lon="0.417482" lat="45.037827"><ele>140.0</ele></trkpt>
<trkpt lon="0.417095" lat="45.037727"><ele>140.0</ele></trkpt>
<trkpt lon="0.416709" lat="45.037608"><ele>140.5</ele></trkpt>
<trkpt lon="0.416175" lat="45.037392"><ele>139.25</ele></trkpt>
<trkpt lon="0.416043" lat="45.037302"><ele>138.5</ele></trkpt>
<trkpt lon="0.415754" lat="45.037188"><ele>137.5</ele></trkpt>
<trkpt lon="0.415609" lat="45.037122"><ele>137.0</ele></trkpt>
<trkpt lon="0.415507" lat="45.037040"><ele>136.75</ele></trkpt>
<trkpt lon="0.415375" lat="45.036984"><ele>136.25</ele></trkpt>
<trkpt lon="0.414982" lat="45.036897"><ele>134.75</ele></trkpt>
<trkpt lon="0.414447" lat="45.036750"><ele>134.25</ele></trkpt>
<trkpt lon="0.413975" lat="45.036696"><ele>134.5</ele></trkpt>
<trkpt lon="0.414048" lat="45.036598"><ele>134.5</ele></trkpt>
<trkpt lon="0.414097" lat="45.036547"><ele>134.5</ele></trkpt>
<trkpt lon="0.413711" lat="45.036255"><ele>136.25</ele></trkpt>
<trkpt lon="0.412874" lat="45.035502"><ele>139.5</ele></trkpt>
<trkpt lon="0.412571" lat="45.035216"><ele>140.0</ele></trkpt>
<trkpt lon="0.412415" lat="45.035045"><ele>140.0</ele></trkpt>
<trkpt lon="0.412313" lat="45.034841"><ele>140.5</ele></trkpt>
<trkpt lon="0.411983" lat="45.033635"><ele>142.75</ele></trkpt>
<trkpt lon="0.411895" lat="45.033231"><ele>144.25</ele></trkpt>
<trkpt lon="0.411790" lat="45.033248"><ele>144.25</ele></trkpt>
<trkpt lon="0.411576" lat="45.033231"><ele>144.0</ele></trkpt>
<trkpt lon="0.411385" lat="45.033226"><ele>143.75</ele></trkpt>
<trkpt lon="0.411141" lat="45.033239"><ele>143.25</ele></trkpt>
<trkpt lon="0.410017" lat="45.033349"><ele>139.75</ele></trkpt>
<trkpt lon="0.409433" lat="45.033398"><ele>138.75</ele></trkpt>
<trkpt lon="0.409076" lat="45.033413"><ele>137.75</ele></trkpt>
<trkpt lon="0.408773" lat="45.033391"><ele>136.25</ele></trkpt>
<trkpt lon="0.408201" lat="45.033330"><ele>134.5</ele></trkpt>
<trkpt lon="0.407335" lat="45.033298"><ele>130.5</ele></trkpt>
<trkpt lon="0.407121" lat="45.033275"><ele>129.75</ele></trkpt>
<trkpt lon="0.406903" lat="45.033235"><ele>129.5</ele></trkpt>
<trkpt lon="0.406734" lat="45.033214"><ele>129.0</ele></trkpt>
<trkpt lon="0.406498" lat="45.033209"><ele>128.75</ele></trkpt>
<trkpt lon="0.406125" lat="45.033237"><ele>128.0</ele></trkpt>
<trkpt lon="0.405774" lat="45.033281"><ele>127.25</ele></trkpt>
<trkpt lon="0.405382" lat="45.033357"><ele>125.75</ele></trkpt>
<trkpt lon="0.405071" lat="45.033453"><ele>125.75</ele></trkpt>
<trkpt lon="0.404825" lat="45.033499"><ele>125.25</ele></trkpt>
<trkpt lon="0.404613" lat="45.033523"><ele>124.5</ele></trkpt>
<trkpt lon="0.403084" lat="45.033605"><ele>121.0</ele></trkpt>
<trkpt lon="0.402394" lat="45.033609"><ele>120.0</ele></trkpt>
<trkpt lon="0.402180" lat="45.033593"><ele>119.75</ele></trkpt>
<trkpt lon="0.402032" lat="45.033550"><ele>119.75</ele></trkpt>
<trkpt lon="0.401906" lat="45.033495"><ele>119.75</ele></trkpt>
<trkpt lon="0.401854" lat="45.033448"><ele>119.75</ele></trkpt>
<trkpt lon="0.401802" lat="45.033400"><ele>120.0</ele></trkpt>
<trkpt lon="0.401670" lat="45.033250"><ele>120.5</ele></trkpt>
<trkpt lon="0.401118" lat="45.032371"><ele>124.0</ele></trkpt>
<trkpt lon="0.401032" lat="45.032221"><ele>123.5</ele></trkpt>
<trkpt lon="0.401016" lat="45.032117"><ele>123.5</ele></trkpt>
<trkpt lon="0.401081" lat="45.031823"><ele>123.5</ele></trkpt>
<trkpt lon="0.401330" lat="45.031570"><ele>123.0</ele></trkpt>
<trkpt lon="0.401300" lat="45.031493"><ele>122.5</ele></trkpt>
<trkpt lon="0.401223" lat="45.031427"><ele>122.0</ele></trkpt>
<trkpt lon="0.401142" lat="45.031404"><ele>122.0</ele></trkpt>
<trkpt lon="0.401011" lat="45.031400"><ele>121.5</ele></trkpt>
<trkpt lon="0.400695" lat="45.031446"><ele>120.75</ele></trkpt>
<trkpt lon="0.400559" lat="45.031450"><ele>120.25</ele></trkpt>
<trkpt lon="0.400440" lat="45.031423"><ele>119.75</ele></trkpt>
<trkpt lon="0.400320" lat="45.031338"><ele>118.75</ele></trkpt>
<trkpt lon="0.400190" lat="45.031200"><ele>117.5</ele></trkpt>
<trkpt lon="0.399800" lat="45.030792"><ele>114.0</ele></trkpt>
<trkpt lon="0.399469" lat="45.030416"><ele>111.0</ele></trkpt>
<trkpt lon="0.399532" lat="45.030361"><ele>110.75</ele></trkpt>
<trkpt lon="0.399526" lat="45.030080"><ele>108.75</ele></trkpt>
<trkpt lon="0.399506" lat="45.029924"><ele>107.5</ele></trkpt>
<trkpt lon="0.399471" lat="45.029800"><ele>106.0</ele></trkpt>
<trkpt lon="0.399420" lat="45.029741"><ele>105.0</ele></trkpt>
<trkpt lon="0.399366" lat="45.029702"><ele>104.75</ele></trkpt>
<trkpt lon="0.399162" lat="45.029661"><ele>104.25</ele></trkpt>
<trkpt lon="0.398965" lat="45.029659"><ele>103.75</ele></trkpt>
<trkpt lon="0.398858" lat="45.029624"><ele>103.5</ele></trkpt>
<trkpt lon="0.398811" lat="45.029566"><ele>103.25</ele></trkpt>
<trkpt lon="0.398774" lat="45.029496"><ele>102.75</ele></trkpt>
<trkpt lon="0.398647" lat="45.029193"><ele>100.25</ele></trkpt>
<trkpt lon="0.398419" lat="45.028862"><ele>98.75</ele></trkpt>
<trkpt lon="0.397996" lat="45.028395"><ele>97.25</ele></trkpt>
<trkpt lon="0.397847" lat="45.028268"><ele>97.5</ele></trkpt>
<trkpt lon="0.397579" lat="45.028003"><ele>99.5</ele></trkpt>
<trkpt lon="0.397270" lat="45.027598"><ele>103.75</ele></trkpt>
<trkpt lon="0.397242" lat="45.027544"><ele>104.0</ele></trkpt>
<trkpt lon="0.397287" lat="45.027503"><ele>103.5</ele></trkpt>
<trkpt lon="0.397753" lat="45.027331"><ele>98.5</ele></trkpt>
<trkpt lon="0.398263" lat="45.027182"><ele>94.25</ele></trkpt>
<trkpt lon="0.398354" lat="45.027059"><ele>93.5</ele></trkpt>
<trkpt lon="0.398354" lat="45.026814"><ele>92.5</ele></trkpt>
<trkpt lon="0.398059" lat="45.025596"><ele>89.0</ele></trkpt>
<trkpt lon="0.397670" lat="45.025218"><ele>89.25</ele></trkpt>
<trkpt lon="0.396445" lat="45.024423"><ele>85.0</ele></trkpt>
<trkpt lon="0.396145" lat="45.024155"><ele>84.0</ele></trkpt>
<trkpt lon="0.395844" lat="45.023684"><ele>82.75</ele></trkpt>
<trkpt lon="0.395643" lat="45.023339"><ele>82.75</ele></trkpt>
<trkpt lon="0.395557" lat="45.022818"><ele>81.25</ele></trkpt>
<trkpt lon="0.395443" lat="45.022590"><ele>79.75</ele></trkpt>
<trkpt lon="0.395127" lat="45.022243"><ele>78.75</ele></trkpt>
<trkpt lon="0.394723" lat="45.021987"><ele>76.0</ele></trkpt>
<trkpt lon="0.394479" lat="45.021887"><ele>76.25</ele></trkpt>
<trkpt lon="0.394199" lat="45.021843"><ele>76.5</ele></trkpt>
<trkpt lon="0.393888" lat="45.021777"><ele>74.5</ele></trkpt>
<trkpt lon="0.393942" lat="45.021193"><ele>77.0</ele></trkpt>
<trkpt lon="0.393818" lat="45.021058"><ele>78.25</ele></trkpt>
<trkpt lon="0.393689" lat="45.020941"><ele>79.0</ele></trkpt>
<trkpt lon="0.393620" lat="45.020905"><ele>79.25</ele></trkpt>
<trkpt lon="0.393282" lat="45.020617"><ele>79.5</ele></trkpt>
<trkpt lon="0.393185" lat="45.020452"><ele>78.75</ele></trkpt>
<trkpt lon="0.393201" lat="45.020300"><ele>78.0</ele></trkpt>
<trkpt lon="0.393255" lat="45.020088"><ele>74.25</ele></trkpt>
<trkpt lon="0.393308" lat="45.019997"><ele>72.75</ele></trkpt>
<trkpt lon="0.393394" lat="45.019909"><ele>71.0</ele></trkpt>
<trkpt lon="0.393567" lat="45.019818"><ele>69.25</ele></trkpt>
<trkpt lon="0.393764" lat="45.019750"><ele>68.25</ele></trkpt>
<trkpt lon="0.393898" lat="45.019659"><ele>67.0</ele></trkpt>
<trkpt lon="0.393963" lat="45.019447"><ele>64.25</ele></trkpt>
<trkpt lon="0.393993" lat="45.019263"><ele>60.5</ele></trkpt>
<trkpt lon="0.393738" lat="45.019234"><ele>60.5</ele></trkpt>
<trkpt lon="0.392883" lat="45.019092"><ele>61.75</ele></trkpt>
<trkpt lon="0.392594" lat="45.019062"><ele>61.5</ele></trkpt>
<trkpt lon="0.392259" lat="45.019051"><ele>61.25</ele></trkpt>
<trkpt lon="0.391837" lat="45.019076"><ele>60.75</ele></trkpt>
<trkpt lon="0.391158" lat="45.019140"><ele>59.5</ele></trkpt>
<trkpt lon="0.390881" lat="45.019194"><ele>59.25</ele></trkpt>
<trkpt lon="0.390788" lat="45.019225"><ele>59.5</ele></trkpt>
<trkpt lon="0.390777" lat="45.018977"><ele>56.5</ele></trkpt>
<trkpt lon="0.390707" lat="45.018825"><ele>55.25</ele></trkpt>
<trkpt lon="0.390661" lat="45.018678"><ele>55.0</ele></trkpt>
<trkpt lon="0.390648" lat="45.018511"><ele>54.75</ele></trkpt>
<trkpt lon="0.390654" lat="45.018474"><ele>54.5</ele></trkpt>
<trkpt lon="0.390681" lat="45.018368"><ele>54.5</ele></trkpt>
<trkpt lon="0.390609" lat="45.018278"><ele>54.25</ele></trkpt>
<trkpt lon="0.390350" lat="45.018122"><ele>54.75</ele></trkpt>
<trkpt lon="0.390037" lat="45.017921"><ele>54.5</ele></trkpt>
<trkpt lon="0.389649" lat="45.017599"><ele>56.0</ele></trkpt>
<trkpt lon="0.389552" lat="45.017653"><ele>56.25</ele></trkpt>
<trkpt lon="0.389481" lat="45.017678"><ele>56.25</ele></trkpt>
<trkpt lon="0.389369" lat="45.017675"><ele>57.0</ele></trkpt>
<trkpt lon="0.389298" lat="45.017657"><ele>57.75</ele></trkpt>
<trkpt lon="0.389171" lat="45.017642"><ele>59.25</ele></trkpt>
<trkpt lon="0.388876" lat="45.017711"><ele>58.75</ele></trkpt>
<trkpt lon="0.388673" lat="45.017736"><ele>59.25</ele></trkpt>
<trkpt lon="0.388424" lat="45.017721"><ele>61.0</ele></trkpt>
<trkpt lon="0.388154" lat="45.017686"><ele>62.25</ele></trkpt>
<trkpt lon="0.387855" lat="45.017689"><ele>63.25</ele></trkpt>
<trkpt lon="0.387565" lat="45.017721"><ele>64.0</ele></trkpt>
<trkpt lon="0.387504" lat="45.017649"><ele>64.75</ele></trkpt>
<trkpt lon="0.387290" lat="45.017460"><ele>66.25</ele></trkpt>
<trkpt lon="0.387113" lat="45.017342"><ele>67.5</ele></trkpt>
<trkpt lon="0.386909" lat="45.017331"><ele>68.5</ele></trkpt>
<trkpt lon="0.386517" lat="45.017395"><ele>69.5</ele></trkpt>
<trkpt lon="0.386346" lat="45.017354"><ele>70.75</ele></trkpt>
<trkpt lon="0.385965" lat="45.017172"><ele>74.0</ele></trkpt>
<trkpt lon="0.385514" lat="45.016974"><ele>76.5</ele></trkpt>
<trkpt lon="0.385300" lat="45.016813"><ele>78.25</ele></trkpt>
<trkpt lon="0.384956" lat="45.016485"><ele>80.0</ele></trkpt>
<trkpt lon="0.384544" lat="45.016036"><ele>81.75</ele></trkpt>
<trkpt lon="0.384334" lat="45.015776"><ele>82.0</ele></trkpt>
<trkpt lon="0.383899" lat="45.015279"><ele>83.75</ele></trkpt>
<trkpt lon="0.383529" lat="45.014836"><ele>88.5</ele></trkpt>
<trkpt lon="0.383079" lat="45.014261"><ele>93.25</ele></trkpt>
<trkpt lon="0.382623" lat="45.013637"><ele>101.0</ele></trkpt>
<trkpt lon="0.382360" lat="45.013304"><ele>105.5</ele></trkpt>
<trkpt lon="0.382424" lat="45.013194"><ele>106.5</ele></trkpt>
<trkpt lon="0.382687" lat="45.013019"><ele>108.75</ele></trkpt>
<trkpt lon="0.382794" lat="45.012871"><ele>110.0</ele></trkpt>
<trkpt lon="0.382741" lat="45.012657"><ele>110.0</ele></trkpt>
<trkpt lon="0.382531" lat="45.012409"><ele>109.0</ele></trkpt>
<trkpt lon="0.382398" lat="45.012179"><ele>109.25</ele></trkpt>
<trkpt lon="0.382252" lat="45.011862"><ele>107.75</ele></trkpt>
<trkpt lon="0.382075" lat="45.011688"><ele>106.5</ele></trkpt>
<trkpt lon="0.381888" lat="45.011464"><ele>108.0</ele></trkpt>
<trkpt lon="0.381619" lat="45.011237"><ele>108.5</ele></trkpt>
<trkpt lon="0.381271" lat="45.011039"><ele>107.5</ele></trkpt>
<trkpt lon="0.381019" lat="45.010933"><ele>106.75</ele></trkpt>
<trkpt lon="0.380370" lat="45.010937"><ele>106.25</ele></trkpt>
<trkpt lon="0.379511" lat="45.010755"><ele>106.5</ele></trkpt>
<trkpt lon="0.379366" lat="45.010649"><ele>106.0</ele></trkpt>
<trkpt lon="0.378996" lat="45.010353"><ele>107.0</ele></trkpt>
<trkpt lon="0.378696" lat="45.009989"><ele>110.25</ele></trkpt>
<trkpt lon="0.378272" lat="45.009621"><ele>111.25</ele></trkpt>
<trkpt lon="0.377575" lat="45.009052"><ele>114.25</ele></trkpt>
<trkpt lon="0.377247" lat="45.008809"><ele>114.75</ele></trkpt>
<trkpt lon="0.376851" lat="45.008572"><ele>112.5</ele></trkpt>
<trkpt lon="0.376738" lat="45.008424"><ele>110.75</ele></trkpt>
<trkpt lon="0.376689" lat="45.008257"><ele>109.0</ele></trkpt>
<trkpt lon="0.376629" lat="45.008089"><ele>107.0</ele></trkpt>
<trkpt lon="0.376562" lat="45.007969"><ele>106.0</ele></trkpt>
<trkpt lon="0.376465" lat="45.007887"><ele>105.0</ele></trkpt>
<trkpt lon="0.376295" lat="45.007849"><ele>104.25</ele></trkpt>
<trkpt lon="0.376203" lat="45.007773"><ele>103.25</ele></trkpt>
<trkpt lon="0.376238" lat="45.007596"><ele>102.25</ele></trkpt>
<trkpt lon="0.376198" lat="45.007380"><ele>101.25</ele></trkpt>
<trkpt lon="0.376121" lat="45.007193"><ele>100.0</ele></trkpt>
<trkpt lon="0.375958" lat="45.006969"><ele>98.25</ele></trkpt>
<trkpt lon="0.375727" lat="45.006771"><ele>96.0</ele></trkpt>
<trkpt lon="0.375484" lat="45.006684"><ele>96.25</ele></trkpt>
<trkpt lon="0.375268" lat="45.006661"><ele>96.75</ele></trkpt>
<trkpt lon="0.373958" lat="45.006495"><ele>101.25</ele></trkpt>
<trkpt lon="0.373573" lat="45.006419"><ele>100.0</ele></trkpt>
<trkpt lon="0.373221" lat="45.006315"><ele>98.75</ele></trkpt>
<trkpt lon="0.372878" lat="45.006182"><ele>98.5</ele></trkpt>
<trkpt lon="0.371849" lat="45.005637"><ele>91.75</ele></trkpt>
<trkpt lon="0.370976" lat="45.005154"><ele>86.25</ele></trkpt>
<trkpt lon="0.370650" lat="45.004953"><ele>83.75</ele></trkpt>
<trkpt lon="0.370221" lat="45.004626"><ele>83.5</ele></trkpt>
<trkpt lon="0.370028" lat="45.004479"><ele>83.75</ele></trkpt>
<trkpt lon="0.369761" lat="45.004276"><ele>84.5</ele></trkpt>
<trkpt lon="0.369477" lat="45.004075"><ele>82.25</ele></trkpt>
<trkpt lon="0.369308" lat="45.003923"><ele>82.0</ele></trkpt>
<trkpt lon="0.369193" lat="45.003778"><ele>82.0</ele></trkpt>
<trkpt lon="0.368993" lat="45.003443"><ele>81.75</ele></trkpt>
<trkpt lon="0.368736" lat="45.003099"><ele>80.75</ele></trkpt>
<trkpt lon="0.368615" lat="45.002989"><ele>80.5</ele></trkpt>
<trkpt lon="0.368118" lat="45.002577"><ele>79.25</ele></trkpt>
<trkpt lon="0.367519" lat="45.002095"><ele>79.0</ele></trkpt>
<trkpt lon="0.367338" lat="45.001971"><ele>78.5</ele></trkpt>
<trkpt lon="0.367167" lat="45.001882"><ele>78.75</ele></trkpt>
<trkpt lon="0.365957" lat="45.001459"><ele>77.25</ele></trkpt>
<trkpt lon="0.365719" lat="45.001364"><ele>77.5</ele></trkpt>
<trkpt lon="0.364315" lat="45.000739"><ele>75.5</ele></trkpt>
<trkpt lon="0.364180" lat="45.000664"><ele>75.5</ele></trkpt>
<trkpt lon="0.364027" lat="45.000558"><ele>76.5</ele></trkpt>
<trkpt lon="0.363887" lat="45.000443"><ele>76.75</ele></trkpt>
<trkpt lon="0.363786" lat="45.000318"><ele>76.75</ele></trkpt>
<trkpt lon="0.363602" lat="44.999814"><ele>75.75</ele></trkpt>
<trkpt lon="0.363578" lat="44.999754"><ele>75.5</ele></trkpt>
<trkpt lon="0.363490" lat="44.999567"><ele>75.25</ele></trkpt>
<trkpt lon="0.363429" lat="44.999515"><ele>75.75</ele></trkpt>
<trkpt lon="0.363311" lat="44.999454"><ele>77.0</ele></trkpt>
<trkpt lon="0.363161" lat="44.999414"><ele>77.25</ele></trkpt>
<trkpt lon="0.362156" lat="44.999297"><ele>71.0</ele></trkpt>
<trkpt lon="0.361843" lat="44.999270"><ele>70.0</ele></trkpt>
<trkpt lon="0.361725" lat="44.999245"><ele>70.0</ele></trkpt>
<trkpt lon="0.361617" lat="44.999206"><ele>69.75</ele></trkpt>
<trkpt lon="0.361552" lat="44.998925"><ele>69.0</ele></trkpt>
<trkpt lon="0.361483" lat="44.998546"><ele>69.0</ele></trkpt>
<trkpt lon="0.361415" lat="44.997350"><ele>72.0</ele></trkpt>
<trkpt lon="0.361385" lat="44.997090"><ele>74.25</ele></trkpt>
<trkpt lon="0.361356" lat="44.996983"><ele>75.25</ele></trkpt>
<trkpt lon="0.360797" lat="44.996903"><ele>74.25</ele></trkpt>
<trkpt lon="0.360604" lat="44.996894"><ele>74.75</ele></trkpt>
<trkpt lon="0.360365" lat="44.996905"><ele>75.5</ele></trkpt>
<trkpt lon="0.359926" lat="44.996951"><ele>77.5</ele></trkpt>
<trkpt lon="0.358231" lat="44.997178"><ele>77.75</ele></trkpt>
<trkpt lon="0.357610" lat="44.997245"><ele>78.25</ele></trkpt>
<trkpt lon="0.357388" lat="44.997264"><ele>78.5</ele></trkpt>
<trkpt lon="0.357136" lat="44.997265"><ele>78.25</ele></trkpt>
<trkpt lon="0.356498" lat="44.997241"><ele>77.75</ele></trkpt>
<trkpt lon="0.356270" lat="44.997249"><ele>77.5</ele></trkpt>
<trkpt lon="0.355479" lat="44.997423"><ele>76.25</ele></trkpt>
<trkpt lon="0.355200" lat="44.997465"><ele>75.5</ele></trkpt>
<trkpt lon="0.354891" lat="44.997474"><ele>75.25</ele></trkpt>
<trkpt lon="0.354728" lat="44.997497"><ele>75.0</ele></trkpt>
<trkpt lon="0.354564" lat="44.997533"><ele>74.75</ele></trkpt>
<trkpt lon="0.354368" lat="44.997609"><ele>74.75</ele></trkpt>
<trkpt lon="0.353867" lat="44.997870"><ele>77.0</ele></trkpt>
<trkpt lon="0.353741" lat="44.997749"><ele>79.5</ele></trkpt>
<trkpt lon="0.353615" lat="44.997607"><ele>80.75</ele></trkpt>
<trkpt lon="0.353444" lat="44.997432"><ele>83.25</ele></trkpt>
<trkpt lon="0.353282" lat="44.997300"><ele>85.25</ele></trkpt>
<trkpt lon="0.353122" lat="44.997208"><ele>86.5</ele></trkpt>
<trkpt lon="0.352967" lat="44.997155"><ele>87.75</ele></trkpt>
<trkpt lon="0.352496" lat="44.997081"><ele>90.5</ele></trkpt>
<trkpt lon="0.352375" lat="44.997032"><ele>90.75</ele></trkpt>
<trkpt lon="0.352295" lat="44.996979"><ele>91.5</ele></trkpt>
<trkpt lon="0.352258" lat="44.996929"><ele>92.0</ele></trkpt>
<trkpt lon="0.352244" lat="44.996874"><ele>92.5</ele></trkpt>
<trkpt lon="0.352242" lat="44.996815"><ele>92.75</ele></trkpt>
<trkpt lon="0.352263" lat="44.996613"><ele>94.25</ele></trkpt>
<trkpt lon="0.352277" lat="44.996580"><ele>94.5</ele></trkpt>
<trkpt lon="0.352306" lat="44.996552"><ele>94.75</ele></trkpt>
<trkpt lon="0.352332" lat="44.996494"><ele>95.0</ele></trkpt>
<trkpt lon="0.352346" lat="44.996419"><ele>95.75</ele></trkpt>
<trkpt lon="0.352338" lat="44.996337"><ele>96.25</ele></trkpt>
<trkpt lon="0.352181" lat="44.995880"><ele>98.0</ele></trkpt>
<trkpt lon="0.352116" lat="44.995560"><ele>98.0</ele></trkpt>
<trkpt lon="0.351943" lat="44.994837"><ele>98.25</ele></trkpt>
<trkpt lon="0.351876" lat="44.994321"><ele>98.0</ele></trkpt>
<trkpt lon="0.351871" lat="44.994125"><ele>98.75</ele></trkpt>
<trkpt lon="0.351907" lat="44.993996"><ele>98.75</ele></trkpt>
<trkpt lon="0.352150" lat="44.993385"><ele>101.0</ele></trkpt>
<trkpt lon="0.352181" lat="44.993286"><ele>102.25</ele></trkpt>
<trkpt lon="0.352216" lat="44.993127"><ele>104.0</ele></trkpt>
<trkpt lon="0.352229" lat="44.992792"><ele>107.75</ele></trkpt>
<trkpt lon="0.352299" lat="44.992445"><ele>112.0</ele></trkpt>
<trkpt lon="0.352388" lat="44.992209"><ele>114.5</ele></trkpt>
<trkpt lon="0.352681" lat="44.991665"><ele>121.0</ele></trkpt>
<trkpt lon="0.352806" lat="44.991337"><ele>124.5</ele></trkpt>
<trkpt lon="0.352879" lat="44.991060"><ele>128.0</ele></trkpt>
<trkpt lon="0.352904" lat="44.990936"><ele>128.75</ele></trkpt>
<trkpt lon="0.352946" lat="44.990843"><ele>129.25</ele></trkpt>
<trkpt lon="0.353417" lat="44.990225"><ele>130.25</ele></trkpt>
<trkpt lon="0.353455" lat="44.990158"><ele>130.5</ele></trkpt>
<trkpt lon="0.353471" lat="44.990079"><ele>130.75</ele></trkpt>
<trkpt lon="0.353427" lat="44.989359"><ele>131.75</ele></trkpt>
<trkpt lon="0.353360" lat="44.989177"><ele>131.75</ele></trkpt>
<trkpt lon="0.353242" lat="44.988980"><ele>131.5</ele></trkpt>
<trkpt lon="0.352958" lat="44.988547"><ele>131.0</ele></trkpt>
<trkpt lon="0.352857" lat="44.988356"><ele>130.5</ele></trkpt>
<trkpt lon="0.352793" lat="44.988050"><ele>130.75</ele></trkpt>
<trkpt lon="0.352783" lat="44.987856"><ele>132.25</ele></trkpt>
<trkpt lon="0.352790" lat="44.987677"><ele>133.5</ele></trkpt>
<trkpt lon="0.352882" lat="44.986919"><ele>134.75</ele></trkpt>
<trkpt lon="0.352876" lat="44.986795"><ele>134.75</ele></trkpt>
<trkpt lon="0.352815" lat="44.986623"><ele>135.25</ele></trkpt>
<trkpt lon="0.352579" lat="44.986219"><ele>135.75</ele></trkpt>
<trkpt lon="0.352481" lat="44.986104"><ele>135.0</ele></trkpt>
<trkpt lon="0.352411" lat="44.985957"><ele>134.25</ele></trkpt>
<trkpt lon="0.352392" lat="44.985789"><ele>132.75</ele></trkpt>
<trkpt lon="0.352395" lat="44.985620"><ele>131.25</ele></trkpt>
<trkpt lon="0.352529" lat="44.985282"><ele>129.75</ele></trkpt>
<trkpt lon="0.352799" lat="44.984776"><ele>127.75</ele></trkpt>
<trkpt lon="0.352946" lat="44.984594"><ele>126.25</ele></trkpt>
<trkpt lon="0.353104" lat="44.984470"><ele>126.0</ele></trkpt>
<trkpt lon="0.353128" lat="44.984414"><ele>126.5</ele></trkpt>
<trkpt lon="0.353125" lat="44.984340"><ele>127.75</ele></trkpt>
<trkpt lon="0.352995" lat="44.984032"><ele>131.5</ele></trkpt>
<trkpt lon="0.352961" lat="44.983927"><ele>133.0</ele></trkpt>
<trkpt lon="0.352944" lat="44.983761"><ele>134.75</ele></trkpt>
<trkpt lon="0.352813" lat="44.983598"><ele>136.0</ele></trkpt>
<trkpt lon="0.352342" lat="44.983263"><ele>137.0</ele></trkpt>
<trkpt lon="0.351734" lat="44.982879"><ele>140.25</ele></trkpt>
<trkpt lon="0.351514" lat="44.982757"><ele>141.0</ele></trkpt>
<trkpt lon="0.351275" lat="44.982697"><ele>141.75</ele></trkpt>
<trkpt lon="0.351001" lat="44.982640"><ele>142.5</ele></trkpt>
<trkpt lon="0.350171" lat="44.982494"><ele>145.25</ele></trkpt>
<trkpt lon="0.349571" lat="44.982054"><ele>144.75</ele></trkpt>
<trkpt lon="0.349104" lat="44.981732"><ele>144.0</ele></trkpt>
<trkpt lon="0.348812" lat="44.981565"><ele>143.75</ele></trkpt>
<trkpt lon="0.348184" lat="44.981256"><ele>141.5</ele></trkpt>
<trkpt lon="0.346125" lat="44.980427"><ele>141.25</ele></trkpt>
<trkpt lon="0.345638" lat="44.979781"><ele>141.5</ele></trkpt>
<trkpt lon="0.345262" lat="44.979253"><ele>142.0</ele></trkpt>
<trkpt lon="0.345035" lat="44.978976"><ele>141.75</ele></trkpt>
<trkpt lon="0.344507" lat="44.978542"><ele>140.5</ele></trkpt>
<trkpt lon="0.343668" lat="44.978013"><ele>138.5</ele></trkpt>
<trkpt lon="0.343145" lat="44.977664"><ele>138.0</ele></trkpt>
<trkpt lon="0.342137" lat="44.976822"><ele>139.25</ele></trkpt>
<trkpt lon="0.341831" lat="44.976276"><ele>141.75</ele></trkpt>
<trkpt lon="0.341778" lat="44.975871"><ele>142.5</ele></trkpt>
<trkpt lon="0.341562" lat="44.975644"><ele>142.25</ele></trkpt>
<trkpt lon="0.340889" lat="44.974639"><ele>142.25</ele></trkpt>
<trkpt lon="0.340433" lat="44.973845"><ele>140.75</ele></trkpt>
<trkpt lon="0.339994" lat="44.973022"><ele>139.75</ele></trkpt>
<trkpt lon="0.339867" lat="44.972858"><ele>139.75</ele></trkpt>
<trkpt lon="0.339655" lat="44.972411"><ele>138.75</ele></trkpt>
<trkpt lon="0.339629" lat="44.972218"><ele>138.5</ele></trkpt>
<trkpt lon="0.339621" lat="44.971808"><ele>136.25</ele></trkpt>
<trkpt lon="0.338659" lat="44.969117"><ele>126.75</ele></trkpt>
<trkpt lon="0.338670" lat="44.968905"><ele>126.0</ele></trkpt>
<trkpt lon="0.338718" lat="44.968696"><ele>125.25</ele></trkpt>
<trkpt lon="0.338681" lat="44.968476"><ele>124.5</ele></trkpt>
<trkpt lon="0.338611" lat="44.967747"><ele>121.75</ele></trkpt>
<trkpt lon="0.338554" lat="44.966993"><ele>118.0</ele></trkpt>
<trkpt lon="0.338355" lat="44.966648"><ele>116.0</ele></trkpt>
<trkpt lon="0.338186" lat="44.966463"><ele>114.5</ele></trkpt>
<trkpt lon="0.337949" lat="44.966315"><ele>113.5</ele></trkpt>
<trkpt lon="0.337649" lat="44.965844"><ele>113.5</ele></trkpt>
<trkpt lon="0.337524" lat="44.965514"><ele>114.0</ele></trkpt>
<trkpt lon="0.337229" lat="44.965180"><ele>115.25</ele></trkpt>
<trkpt lon="0.336655" lat="44.964599"><ele>117.0</ele></trkpt>
<trkpt lon="0.335826" lat="44.963703"><ele>121.5</ele></trkpt>
<trkpt lon="0.335035" lat="44.962939"><ele>126.5</ele></trkpt>
<trkpt lon="0.334930" lat="44.962866"><ele>126.75</ele></trkpt>
<trkpt lon="0.334836" lat="44.962841"><ele>127.0</ele></trkpt>
<trkpt lon="0.334541" lat="44.962939"><ele>126.75</ele></trkpt>
<trkpt lon="0.334344" lat="44.963025"><ele>126.5</ele></trkpt>
<trkpt lon="0.333550" lat="44.963488"><ele>129.75</ele></trkpt>
<trkpt lon="0.333285" lat="44.963619"><ele>130.0</ele></trkpt>
<trkpt lon="0.333215" lat="44.963654"><ele>130.25</ele></trkpt>
<trkpt lon="0.333016" lat="44.963707"><ele>130.75</ele></trkpt>
<trkpt lon="0.332844" lat="44.963729"><ele>130.0</ele></trkpt>
<trkpt lon="0.330233" lat="44.963813"><ele>121.25</ele></trkpt>
<trkpt lon="0.328287" lat="44.963882"><ele>125.0</ele></trkpt>
<trkpt lon="0.328187" lat="44.963273"><ele>126.25</ele></trkpt>
<trkpt lon="0.328152" lat="44.962707"><ele>125.0</ele></trkpt>
<trkpt lon="0.328136" lat="44.962595"><ele>125.0</ele></trkpt>
<trkpt lon="0.328099" lat="44.962475"><ele>125.0</ele></trkpt>
<trkpt lon="0.328029" lat="44.962291"><ele>124.75</ele></trkpt>
<trkpt lon="0.327924" lat="44.962115"><ele>125.0</ele></trkpt>
<trkpt lon="0.327734" lat="44.961887"><ele>125.0</ele></trkpt>
<trkpt lon="0.327366" lat="44.961610"><ele>124.5</ele></trkpt>
<trkpt lon="0.326765" lat="44.961235"><ele>123.5</ele></trkpt>
<trkpt lon="0.326432" lat="44.960992"><ele>123.0</ele></trkpt>
<trkpt lon="0.325478" lat="44.960187"><ele>123.0</ele></trkpt>
<trkpt lon="0.325167" lat="44.959902"><ele>124.5</ele></trkpt>
<trkpt lon="0.324976" lat="44.959676"><ele>126.0</ele></trkpt>
<trkpt lon="0.324944" lat="44.959605"><ele>126.25</ele></trkpt>
<trkpt lon="0.324919" lat="44.959483"><ele>126.75</ele></trkpt>
<trkpt lon="0.324915" lat="44.959422"><ele>126.75</ele></trkpt>
<trkpt lon="0.324930" lat="44.959320"><ele>126.75</ele></trkpt>
<trkpt lon="0.325360" lat="44.958291"><ele>126.0</ele></trkpt>
<trkpt lon="0.325392" lat="44.958190"><ele>125.75</ele></trkpt>
<trkpt lon="0.325422" lat="44.958049"><ele>125.5</ele></trkpt>
<trkpt lon="0.325411" lat="44.957915"><ele>125.5</ele></trkpt>
<trkpt lon="0.325384" lat="44.957798"><ele>125.5</ele></trkpt>
<trkpt lon="0.325335" lat="44.957679"><ele>125.5</ele></trkpt>
<trkpt lon="0.325280" lat="44.957512"><ele>125.75</ele></trkpt>
<trkpt lon="0.325263" lat="44.957435"><ele>126.25</ele></trkpt>
<trkpt lon="0.325262" lat="44.957338"><ele>127.0</ele></trkpt>
<trkpt lon="0.325282" lat="44.957206"><ele>128.0</ele></trkpt>
<trkpt lon="0.325416" lat="44.956828"><ele>129.75</ele></trkpt>
<trkpt lon="0.325470" lat="44.956700"><ele>130.25</ele></trkpt>
<trkpt lon="0.325508" lat="44.956527"><ele>131.0</ele></trkpt>
<trkpt lon="0.325497" lat="44.956432"><ele>131.25</ele></trkpt>
<trkpt lon="0.325473" lat="44.956355"><ele>131.5</ele></trkpt>
<trkpt lon="0.325364" lat="44.956279"><ele>131.5</ele></trkpt>
<trkpt lon="0.324738" lat="44.955931"><ele>131.0</ele></trkpt>
<trkpt lon="0.322241" lat="44.954617"><ele>126.25</ele></trkpt>
<trkpt lon="0.322086" lat="44.954545"><ele>126.25</ele></trkpt>
<trkpt lon="0.321409" lat="44.954302"><ele>127.0</ele></trkpt>
<trkpt lon="0.318634" lat="44.953329"><ele>130.0</ele></trkpt>
<trkpt lon="0.318499" lat="44.953276"><ele>129.75</ele></trkpt>
<trkpt lon="0.317300" lat="44.952723"><ele>129.25</ele></trkpt>
<trkpt lon="0.316586" lat="44.952336"><ele>128.25</ele></trkpt>
<trkpt lon="0.316474" lat="44.952255"><ele>128.0</ele></trkpt>
<trkpt lon="0.316369" lat="44.952116"><ele>128.0</ele></trkpt>
<trkpt lon="0.316317" lat="44.952004"><ele>128.0</ele></trkpt>
<trkpt lon="0.316287" lat="44.951853"><ele>127.25</ele></trkpt>
<trkpt lon="0.316294" lat="44.951707"><ele>126.5</ele></trkpt>
<trkpt lon="0.316312" lat="44.951607"><ele>126.0</ele></trkpt>
<trkpt lon="0.316347" lat="44.951493"><ele>125.5</ele></trkpt>
<trkpt lon="0.316438" lat="44.951307"><ele>124.5</ele></trkpt>
<trkpt lon="0.316519" lat="44.951185"><ele>124.0</ele></trkpt>
<trkpt lon="0.316622" lat="44.951078"><ele>123.5</ele></trkpt>
<trkpt lon="0.316937" lat="44.950838"><ele>122.0</ele></trkpt>
<trkpt lon="0.317039" lat="44.950746"><ele>121.25</ele></trkpt>
<trkpt lon="0.317085" lat="44.950638"><ele>120.75</ele></trkpt>
<trkpt lon="0.317087" lat="44.950548"><ele>120.75</ele></trkpt>
<trkpt lon="0.317042" lat="44.950268"><ele>118.75</ele></trkpt>
<trkpt lon="0.316458" lat="44.947710"><ele>114.5</ele></trkpt>
<trkpt lon="0.316460" lat="44.947553"><ele>114.25</ele></trkpt>
<trkpt lon="0.316206" lat="44.947503"><ele>116.25</ele></trkpt>
<trkpt lon="0.315980" lat="44.947450"><ele>118.75</ele></trkpt>
<trkpt lon="0.315793" lat="44.947416"><ele>121.0</ele></trkpt>
<trkpt lon="0.315557" lat="44.947397"><ele>123.5</ele></trkpt>
<trkpt lon="0.315358" lat="44.947385"><ele>126.25</ele></trkpt>
<trkpt lon="0.314806" lat="44.947366"><ele>130.0</ele></trkpt>
<trkpt lon="0.314688" lat="44.947374"><ele>130.25</ele></trkpt>
<trkpt lon="0.314586" lat="44.947393"><ele>130.25</ele></trkpt>
<trkpt lon="0.314505" lat="44.947419"><ele>130.25</ele></trkpt>
<trkpt lon="0.312907" lat="44.948050"><ele>122.75</ele></trkpt>
<trkpt lon="0.312139" lat="44.948387"><ele>120.5</ele></trkpt>
<trkpt lon="0.311582" lat="44.948623"><ele>117.75</ele></trkpt>
<trkpt lon="0.311158" lat="44.948790"><ele>117.25</ele></trkpt>
<trkpt lon="0.309607" lat="44.949758"><ele>113.75</ele></trkpt>
<trkpt lon="0.309210" lat="44.950016"><ele>113.0</ele></trkpt>
<trkpt lon="0.308658" lat="44.950449"><ele>113.25</ele></trkpt>
<trkpt lon="0.308202" lat="44.950764"><ele>115.0</ele></trkpt>
<trkpt lon="0.307725" lat="44.951068"><ele>116.75</ele></trkpt>
<trkpt lon="0.307102" lat="44.951265"><ele>118.75</ele></trkpt>
<trkpt lon="0.306941" lat="44.951372"><ele>119.75</ele></trkpt>
<trkpt lon="0.306539" lat="44.951949"><ele>120.25</ele></trkpt>
<trkpt lon="0.306040" lat="44.952848"><ele>118.5</ele></trkpt>
<trkpt lon="0.305885" lat="44.953175"><ele>117.75</ele></trkpt>
<trkpt lon="0.305831" lat="44.953384"><ele>117.25</ele></trkpt>
<trkpt lon="0.305783" lat="44.953532"><ele>118.25</ele></trkpt>
<trkpt lon="0.305740" lat="44.953642"><ele>118.75</ele></trkpt>
<trkpt lon="0.305675" lat="44.953756"><ele>119.25</ele></trkpt>
<trkpt lon="0.305579" lat="44.953862"><ele>119.75</ele></trkpt>
<trkpt lon="0.305235" lat="44.954173"><ele>120.75</ele></trkpt>
<trkpt lon="0.304956" lat="44.954386"><ele>121.25</ele></trkpt>
<trkpt lon="0.304779" lat="44.954488"><ele>121.25</ele></trkpt>
<trkpt lon="0.304372" lat="44.954667"><ele>120.75</ele></trkpt>
<trkpt lon="0.304023" lat="44.954845"><ele>120.0</ele></trkpt>
<trkpt lon="0.303676" lat="44.954983"><ele>120.0</ele></trkpt>
<trkpt lon="0.303571" lat="44.955014"><ele>119.75</ele></trkpt>
<trkpt lon="0.303335" lat="44.955068"><ele>119.25</ele></trkpt>
<trkpt lon="0.302138" lat="44.955242"><ele>120.5</ele></trkpt>
<trkpt lon="0.301373" lat="44.955324"><ele>121.25</ele></trkpt>
<trkpt lon="0.301112" lat="44.955386"><ele>122.0</ele></trkpt>
<trkpt lon="0.300904" lat="44.955470"><ele>120.75</ele></trkpt>
<trkpt lon="0.300798" lat="44.955524"><ele>120.25</ele></trkpt>
<trkpt lon="0.300703" lat="44.955589"><ele>120.25</ele></trkpt>
<trkpt lon="0.300277" lat="44.955920"><ele>118.75</ele></trkpt>
<trkpt lon="0.300069" lat="44.956050"><ele>119.0</ele></trkpt>
<trkpt lon="0.299490" lat="44.956341"><ele>118.0</ele></trkpt>
<trkpt lon="0.299249" lat="44.956453"><ele>117.25</ele></trkpt>
<trkpt lon="0.299023" lat="44.956542"><ele>116.75</ele></trkpt>
<trkpt lon="0.298660" lat="44.956655"><ele>115.25</ele></trkpt>
<trkpt lon="0.297449" lat="44.957084"><ele>117.0</ele></trkpt>
<trkpt lon="0.297355" lat="44.957036"><ele>116.5</ele></trkpt>
<trkpt lon="0.296194" lat="44.957342"><ele>122.5</ele></trkpt>
<trkpt lon="0.295755" lat="44.957528"><ele>123.75</ele></trkpt>
<trkpt lon="0.295527" lat="44.957647"><ele>123.5</ele></trkpt>
<trkpt lon="0.295422" lat="44.957672"><ele>123.75</ele></trkpt>
<trkpt lon="0.295330" lat="44.957679"><ele>124.25</ele></trkpt>
<trkpt lon="0.295239" lat="44.957657"><ele>124.25</ele></trkpt>
<trkpt lon="0.295118" lat="44.957607"><ele>123.75</ele></trkpt>
<trkpt lon="0.294429" lat="44.957218"><ele>120.75</ele></trkpt>
<trkpt lon="0.293992" lat="44.957026"><ele>121.0</ele></trkpt>
<trkpt lon="0.293485" lat="44.956852"><ele>121.0</ele></trkpt>
<trkpt lon="0.293228" lat="44.956786"><ele>120.25</ele></trkpt>
<trkpt lon="0.292992" lat="44.956757"><ele>119.25</ele></trkpt>
<trkpt lon="0.292707" lat="44.956788"><ele>119.5</ele></trkpt>
<trkpt lon="0.291849" lat="44.956958"><ele>122.0</ele></trkpt>
<trkpt lon="0.289124" lat="44.957475"><ele>120.75</ele></trkpt>
<trkpt lon="0.286672" lat="44.957930"><ele>114.75</ele></trkpt>
<trkpt lon="0.285556" lat="44.958101"><ele>116.5</ele></trkpt>
<trkpt lon="0.285020" lat="44.958052"><ele>117.0</ele></trkpt>
<trkpt lon="0.282901" lat="44.957608"><ele>115.25</ele></trkpt>
<trkpt lon="0.281179" lat="44.957148"><ele>114.25</ele></trkpt>
<trkpt lon="0.280358" lat="44.956670"><ele>114.5</ele></trkpt>
<trkpt lon="0.279328" lat="44.956059"><ele>112.75</ele></trkpt>
<trkpt lon="0.279001" lat="44.955952"><ele>113.25</ele></trkpt>
<trkpt lon="0.278679" lat="44.955968"><ele>113.75</ele></trkpt>
<trkpt lon="0.277488" lat="44.956131"><ele>116.0</ele></trkpt>
<trkpt lon="0.276973" lat="44.956142"><ele>115.0</ele></trkpt>
<trkpt lon="0.276614" lat="44.956093"><ele>113.5</ele></trkpt>
<trkpt lon="0.274699" lat="44.955584"><ele>111.0</ele></trkpt>
<trkpt lon="0.273985" lat="44.955467"><ele>110.5</ele></trkpt>
<trkpt lon="0.272102" lat="44.955246"><ele>114.25</ele></trkpt>
<trkpt lon="0.270386" lat="44.955034"><ele>116.5</ele></trkpt>
<trkpt lon="0.269683" lat="44.954741"><ele>116.5</ele></trkpt>
<trkpt lon="0.267473" lat="44.953716"><ele>110.25</ele></trkpt>
<trkpt lon="0.266556" lat="44.953276"><ele>111.5</ele></trkpt>
<trkpt lon="0.264973" lat="44.952479"><ele>107.75</ele></trkpt>
<trkpt lon="0.264276" lat="44.952236"><ele>107.25</ele></trkpt>
<trkpt lon="0.263385" lat="44.951989"><ele>105.75</ele></trkpt>
<trkpt lon="0.262479" lat="44.951564"><ele>108.0</ele></trkpt>
<trkpt lon="0.262114" lat="44.951477"><ele>108.5</ele></trkpt>
<trkpt lon="0.261712" lat="44.951450"><ele>109.5</ele></trkpt>
<trkpt lon="0.261347" lat="44.951530"><ele>110.0</ele></trkpt>
<trkpt lon="0.260601" lat="44.951826"><ele>108.25</ele></trkpt>
<trkpt lon="0.258917" lat="44.952464"><ele>107.75</ele></trkpt>
<trkpt lon="0.258689" lat="44.952534"><ele>107.25</ele></trkpt>
<trkpt lon="0.258608" lat="44.952530"><ele>107.0</ele></trkpt>
<trkpt lon="0.258300" lat="44.952712"><ele>106.75</ele></trkpt>
<trkpt lon="0.258076" lat="44.952815"><ele>106.0</ele></trkpt>
<trkpt lon="0.257806" lat="44.952904"><ele>105.5</ele></trkpt>
<trkpt lon="0.255904" lat="44.953386"><ele>105.5</ele></trkpt>
<trkpt lon="0.255628" lat="44.953280"><ele>106.0</ele></trkpt>
<trkpt lon="0.255264" lat="44.953166"><ele>106.5</ele></trkpt>
<trkpt lon="0.254445" lat="44.953009"><ele>106.75</ele></trkpt>
<trkpt lon="0.253998" lat="44.952900"><ele>106.5</ele></trkpt>
<trkpt lon="0.253906" lat="44.952942"><ele>106.5</ele></trkpt>
<trkpt lon="0.253687" lat="44.953723"><ele>104.75</ele></trkpt>
<trkpt lon="0.253449" lat="44.953687"><ele>104.25</ele></trkpt>
<trkpt lon="0.251979" lat="44.953401"><ele>101.75</ele></trkpt>
<trkpt lon="0.251664" lat="44.953357"><ele>101.75</ele></trkpt>
<trkpt lon="0.251488" lat="44.953358"><ele>101.75</ele></trkpt>
<trkpt lon="0.251465" lat="44.953320"><ele>102.0</ele></trkpt>
<trkpt lon="0.251330" lat="44.953262"><ele>101.75</ele></trkpt>
<trkpt lon="0.250651" lat="44.953058"><ele>102.5</ele></trkpt>
<trkpt lon="0.249742" lat="44.952905"><ele>105.25</ele></trkpt>
<trkpt lon="0.249021" lat="44.952795"><ele>105.75</ele></trkpt>
<trkpt lon="0.248323" lat="44.952675"><ele>106.5</ele></trkpt>
<trkpt lon="0.247773" lat="44.952593"><ele>105.5</ele></trkpt>
<trkpt lon="0.247540" lat="44.952576"><ele>104.0</ele></trkpt>
<trkpt lon="0.247272" lat="44.952571"><ele>102.25</ele></trkpt>
<trkpt lon="0.246148" lat="44.952669"><ele>97.5</ele></trkpt>
<trkpt lon="0.245708" lat="44.952713"><ele>95.75</ele></trkpt>
<trkpt lon="0.244225" lat="44.952833"><ele>91.5</ele></trkpt>
<trkpt lon="0.243316" lat="44.952886"><ele>94.5</ele></trkpt>
<trkpt lon="0.243113" lat="44.953667"><ele>92.25</ele></trkpt>
<trkpt lon="0.242872" lat="44.954354"><ele>90.25</ele></trkpt>
<trkpt lon="0.242534" lat="44.954897"><ele>90.0</ele></trkpt>
<trkpt lon="0.242389" lat="44.955326"><ele>90.25</ele></trkpt>
<trkpt lon="0.242405" lat="44.955717"><ele>89.5</ele></trkpt>
<trkpt lon="0.242335" lat="44.955854"><ele>90.0</ele></trkpt>
<trkpt lon="0.242158" lat="44.955888"><ele>90.75</ele></trkpt>
<trkpt lon="0.241697" lat="44.955808"><ele>92.0</ele></trkpt>
<trkpt lon="0.241187" lat="44.955763"><ele>93.5</ele></trkpt>
<trkpt lon="0.240710" lat="44.955691"><ele>93.5</ele></trkpt>
<trkpt lon="0.240168" lat="44.955709"><ele>91.75</ele></trkpt>
<trkpt lon="0.237906" lat="44.955584"><ele>82.25</ele></trkpt>
<trkpt lon="0.237899" lat="44.955888"><ele>80.25</ele></trkpt>
<trkpt lon="0.237770" lat="44.956480"><ele>78.25</ele></trkpt>
<trkpt lon="0.237516" lat="44.956952"><ele>76.75</ele></trkpt>
<trkpt lon="0.237396" lat="44.956883"><ele>77.25</ele></trkpt>
<trkpt lon="0.237294" lat="44.956795"><ele>77.5</ele></trkpt>
<trkpt lon="0.236918" lat="44.956589"><ele>77.5</ele></trkpt>
<trkpt lon="0.236215" lat="44.956241"><ele>77.0</ele></trkpt>
<trkpt lon="0.235794" lat="44.956010"><ele>76.5</ele></trkpt>
<trkpt lon="0.235531" lat="44.955810"><ele>74.75</ele></trkpt>
<trkpt lon="0.234999" lat="44.955360"><ele>75.0</ele></trkpt>
<trkpt lon="0.234519" lat="44.954993"><ele>80.75</ele></trkpt>
<trkpt lon="0.234350" lat="44.954889"><ele>82.0</ele></trkpt>
<trkpt lon="0.234066" lat="44.954765"><ele>83.5</ele></trkpt>
<trkpt lon="0.233899" lat="44.954709"><ele>84.0</ele></trkpt>
<trkpt lon="0.233617" lat="44.954633"><ele>84.75</ele></trkpt>
<trkpt lon="0.232856" lat="44.954466"><ele>86.0</ele></trkpt>
<trkpt lon="0.232468" lat="44.954387"><ele>86.25</ele></trkpt>
<trkpt lon="0.231975" lat="44.954267"><ele>86.25</ele></trkpt>
<trkpt lon="0.231625" lat="44.954167"><ele>85.75</ele></trkpt>
<trkpt lon="0.231418" lat="44.954098"><ele>86.25</ele></trkpt>
<trkpt lon="0.230986" lat="44.953961"><ele>85.25</ele></trkpt>
<trkpt lon="0.230673" lat="44.953892"><ele>84.25</ele></trkpt>
<trkpt lon="0.230396" lat="44.953843"><ele>83.5</ele></trkpt>
<trkpt lon="0.230150" lat="44.953777"><ele>83.5</ele></trkpt>
<trkpt lon="0.229970" lat="44.953718"><ele>83.25</ele></trkpt>
<trkpt lon="0.229812" lat="44.953642"><ele>82.5</ele></trkpt>
<trkpt lon="0.229476" lat="44.953444"><ele>80.75</ele></trkpt>
<trkpt lon="0.229040" lat="44.953174"><ele>80.0</ele></trkpt>
<trkpt lon="0.228623" lat="44.952932"><ele>79.75</ele></trkpt>
<trkpt lon="0.228004" lat="44.952638"><ele>82.5</ele></trkpt>
<trkpt lon="0.227089" lat="44.952156"><ele>89.0</ele></trkpt>
<trkpt lon="0.226907" lat="44.952044"><ele>91.5</ele></trkpt>
<trkpt lon="0.226826" lat="44.951971"><ele>92.5</ele></trkpt>
<trkpt lon="0.226612" lat="44.951662"><ele>95.0</ele></trkpt>
<trkpt lon="0.226564" lat="44.951607"><ele>95.25</ele></trkpt>
<trkpt lon="0.226542" lat="44.951575"><ele>95.25</ele></trkpt>
<trkpt lon="0.226302" lat="44.951696"><ele>94.5</ele></trkpt>
<trkpt lon="0.226234" lat="44.951737"><ele>94.5</ele></trkpt>
<trkpt lon="0.226030" lat="44.951882"><ele>94.25</ele></trkpt>
<trkpt lon="0.225837" lat="44.952026"><ele>94.25</ele></trkpt>
<trkpt lon="0.225748" lat="44.952058"><ele>94.5</ele></trkpt>
<trkpt lon="0.225665" lat="44.952078"><ele>95.0</ele></trkpt>
<trkpt lon="0.225623" lat="44.952085"><ele>95.25</ele></trkpt>
<trkpt lon="0.225119" lat="44.952112"><ele>95.5</ele></trkpt>
<trkpt lon="0.223840" lat="44.952181"><ele>91.5</ele></trkpt>
<trkpt lon="0.223796" lat="44.952135"><ele>91.0</ele></trkpt>
<trkpt lon="0.222955" lat="44.951764"><ele>88.75</ele></trkpt>
<trkpt lon="0.222303" lat="44.951464"><ele>88.75</ele></trkpt>
<trkpt lon="0.221927" lat="44.951257"><ele>87.25</ele></trkpt>
<trkpt lon="0.221323" lat="44.950860"><ele>80.5</ele></trkpt>
<trkpt lon="0.221031" lat="44.950689"><ele>76.5</ele></trkpt>
<trkpt lon="0.220864" lat="44.950535"><ele>74.0</ele></trkpt>
<trkpt lon="0.220777" lat="44.950370"><ele>71.5</ele></trkpt>
<trkpt lon="0.220772" lat="44.950118"><ele>69.25</ele></trkpt>
<trkpt lon="0.220806" lat="44.949962"><ele>68.25</ele></trkpt>
<trkpt lon="0.220923" lat="44.949546"><ele>65.5</ele></trkpt>
<trkpt lon="0.220548" lat="44.949014"><ele>66.5</ele></trkpt>
<trkpt lon="0.220666" lat="44.948787"><ele>65.5</ele></trkpt>
<trkpt lon="0.220655" lat="44.948422"><ele>63.75</ele></trkpt>
<trkpt lon="0.220172" lat="44.947670"><ele>72.75</ele></trkpt>
<trkpt lon="0.219204" lat="44.946932"><ele>79.0</ele></trkpt>
<trkpt lon="0.218550" lat="44.946400"><ele>77.75</ele></trkpt>
<trkpt lon="0.218378" lat="44.946244"><ele>76.5</ele></trkpt>
<trkpt lon="0.218298" lat="44.946149"><ele>75.75</ele></trkpt>
<trkpt lon="0.218217" lat="44.945914"><ele>75.5</ele></trkpt>
<trkpt lon="0.218142" lat="44.945758"><ele>75.0</ele></trkpt>
<trkpt lon="0.218046" lat="44.945610"><ele>74.0</ele></trkpt>
<trkpt lon="0.217504" lat="44.945162"><ele>75.75</ele></trkpt>
<trkpt lon="0.217123" lat="44.944771"><ele>79.0</ele></trkpt>
<trkpt lon="0.216742" lat="44.944414"><ele>82.75</ele></trkpt>
<trkpt lon="0.216533" lat="44.944247"><ele>83.5</ele></trkpt>
<trkpt lon="0.215857" lat="44.943735"><ele>87.0</ele></trkpt>
<trkpt lon="0.215728" lat="44.943662"><ele>86.5</ele></trkpt>
  </trkseg></trk></gpx>
