<?xml version="1.0" encoding="UTF-8"?>
<gpx version="1.1" creator="compostel-brouter" xmlns="http://www.topografix.com/GPX/1/1">
  <metadata><name>PC-07-Covadonga</name></metadata>
  <trk><name>PC-07-Covadonga</name><trkseg>
<trkpt lon="-4.811440" lat="43.297829"><ele>248.25</ele></trkpt>
<trkpt lon="-4.810743" lat="43.298218"><ele>240.25</ele></trkpt>
<trkpt lon="-4.810446" lat="43.298268"><ele>236.0</ele></trkpt>
<trkpt lon="-4.810004" lat="43.298254"><ele>229.25</ele></trkpt>
<trkpt lon="-4.809004" lat="43.298449"><ele>218.0</ele></trkpt>
<trkpt lon="-4.808614" lat="43.298436"><ele>213.75</ele></trkpt>
<trkpt lon="-4.808444" lat="43.298411"><ele>213.5</ele></trkpt>
<trkpt lon="-4.808140" lat="43.298471"><ele>209.25</ele></trkpt>
<trkpt lon="-4.808002" lat="43.298553"><ele>206.0</ele></trkpt>
<trkpt lon="-4.808036" lat="43.298597"><ele>205.0</ele></trkpt>
<trkpt lon="-4.808056" lat="43.298648"><ele>203.75</ele></trkpt>
<trkpt lon="-4.808064" lat="43.298717"><ele>201.75</ele></trkpt>
<trkpt lon="-4.808035" lat="43.298769"><ele>200.25</ele></trkpt>
<trkpt lon="-4.807994" lat="43.298799"><ele>199.5</ele></trkpt>
<trkpt lon="-4.807941" lat="43.298811"><ele>199.5</ele></trkpt>
<trkpt lon="-4.807584" lat="43.298795"><ele>200.75</ele></trkpt>
<trkpt lon="-4.807035" lat="43.298787"><ele>201.25</ele></trkpt>
<trkpt lon="-4.806995" lat="43.298782"><ele>201.25</ele></trkpt>
<trkpt lon="-4.806962" lat="43.298771"><ele>201.25</ele></trkpt>
<trkpt lon="-4.806836" lat="43.298580"><ele>197.75</ele></trkpt>
<trkpt lon="-4.806736" lat="43.298459"><ele>195.75</ele></trkpt>
<trkpt lon="-4.806549" lat="43.298285"><ele>192.75</ele></trkpt>
<trkpt lon="-4.806439" lat="43.298227"><ele>191.5</ele></trkpt>
<trkpt lon="-4.806318" lat="43.298192"><ele>190.0</ele></trkpt>
<trkpt lon="-4.806168" lat="43.298184"><ele>188.5</ele></trkpt>
<trkpt lon="-4.805773" lat="43.298178"><ele>183.75</ele></trkpt>
<trkpt lon="-4.805068" lat="43.298155"><ele>176.25</ele></trkpt>
<trkpt lon="-4.804864" lat="43.298153"><ele>174.5</ele></trkpt>
<trkpt lon="-4.804830" lat="43.298157"><ele>174.0</ele></trkpt>
<trkpt lon="-4.804792" lat="43.298168"><ele>173.75</ele></trkpt>
<trkpt lon="-4.804773" lat="43.298194"><ele>173.5</ele></trkpt>
<trkpt lon="-4.804752" lat="43.298287"><ele>172.75</ele></trkpt>
<trkpt lon="-4.804722" lat="43.298350"><ele>172.75</ele></trkpt>
<trkpt lon="-4.804684" lat="43.298385"><ele>174.0</ele></trkpt>
<trkpt lon="-4.804620" lat="43.298420"><ele>175.0</ele></trkpt>
<trkpt lon="-4.804137" lat="43.298566"><ele>169.75</ele></trkpt>
<trkpt lon="-4.803992" lat="43.298633"><ele>166.75</ele></trkpt>
<trkpt lon="-4.803945" lat="43.298665"><ele>165.5</ele></trkpt>
<trkpt lon="-4.803913" lat="43.298984"><ele>163.0</ele></trkpt>
<trkpt lon="-4.803935" lat="43.299232"><ele>158.5</ele></trkpt>
<trkpt lon="-4.803983" lat="43.299428"><ele>156.0</ele></trkpt>
<trkpt lon="-4.804026" lat="43.299514"><ele>155.5</ele></trkpt>
<trkpt lon="-4.804106" lat="43.299603"><ele>156.5</ele></trkpt>
<trkpt lon="-4.804161" lat="43.299683"><ele>156.75</ele></trkpt>
<trkpt lon="-4.804187" lat="43.299760"><ele>155.25</ele></trkpt>
<trkpt lon="-4.804183" lat="43.299814"><ele>153.0</ele></trkpt>
<trkpt lon="-4.804137" lat="43.299855"><ele>150.25</ele></trkpt>
<trkpt lon="-4.804088" lat="43.299861"><ele>148.5</ele></trkpt>
<trkpt lon="-4.804011" lat="43.299854"><ele>146.5</ele></trkpt>
<trkpt lon="-4.803933" lat="43.299825"><ele>144.75</ele></trkpt>
<trkpt lon="-4.803830" lat="43.299768"><ele>142.5</ele></trkpt>
<trkpt lon="-4.803757" lat="43.299714"><ele>141.25</ele></trkpt>
<trkpt lon="-4.803584" lat="43.299550"><ele>138.25</ele></trkpt>
<trkpt lon="-4.803491" lat="43.299488"><ele>137.25</ele></trkpt>
<trkpt lon="-4.803441" lat="43.299462"><ele>136.5</ele></trkpt>
<trkpt lon="-4.803408" lat="43.299455"><ele>136.0</ele></trkpt>
<trkpt lon="-4.803378" lat="43.299458"><ele>135.5</ele></trkpt>
<trkpt lon="-4.803351" lat="43.299466"><ele>135.0</ele></trkpt>
<trkpt lon="-4.803332" lat="43.299489"><ele>134.5</ele></trkpt>
<trkpt lon="-4.803327" lat="43.299560"><ele>133.5</ele></trkpt>
<trkpt lon="-4.803413" lat="43.299962"><ele>131.75</ele></trkpt>
<trkpt lon="-4.803430" lat="43.300041"><ele>131.25</ele></trkpt>
<trkpt lon="-4.803440" lat="43.300088"><ele>131.0</ele></trkpt>
<trkpt lon="-4.803782" lat="43.300257"><ele>131.5</ele></trkpt>
<trkpt lon="-4.804188" lat="43.300438"><ele>133.75</ele></trkpt>
<trkpt lon="-4.804545" lat="43.300567"><ele>132.75</ele></trkpt>
<trkpt lon="-4.804650" lat="43.300605"><ele>133.5</ele></trkpt>
<trkpt lon="-4.804733" lat="43.300624"><ele>134.25</ele></trkpt>
<trkpt lon="-4.805163" lat="43.300726"><ele>134.0</ele></trkpt>
<trkpt lon="-4.805600" lat="43.300798"><ele>133.0</ele></trkpt>
<trkpt lon="-4.806055" lat="43.300841"><ele>132.5</ele></trkpt>
<trkpt lon="-4.806561" lat="43.300862"><ele>132.75</ele></trkpt>
<trkpt lon="-4.806880" lat="43.300861"><ele>133.75</ele></trkpt>
<trkpt lon="-4.807022" lat="43.300852"><ele>134.0</ele></trkpt>
<trkpt lon="-4.807592" lat="43.300795"><ele>137.0</ele></trkpt>
<trkpt lon="-4.808521" lat="43.300663"><ele>132.75</ele></trkpt>
<trkpt lon="-4.808652" lat="43.300645"><ele>132.0</ele></trkpt>
<trkpt lon="-4.808778" lat="43.300635"><ele>132.0</ele></trkpt>
<trkpt lon="-4.808855" lat="43.300639"><ele>131.75</ele></trkpt>
<trkpt lon="-4.808917" lat="43.300650"><ele>131.5</ele></trkpt>
<trkpt lon="-4.808964" lat="43.300627"><ele>132.0</ele></trkpt>
<trkpt lon="-4.808989" lat="43.300617"><ele>132.25</ele></trkpt>
<trkpt lon="-4.809452" lat="43.300534"><ele>132.0</ele></trkpt>
<trkpt lon="-4.809501" lat="43.300512"><ele>132.0</ele></trkpt>
<trkpt lon="-4.809518" lat="43.300494"><ele>132.0</ele></trkpt>
<trkpt lon="-4.809523" lat="43.300475"><ele>132.25</ele></trkpt>
<trkpt lon="-4.809511" lat="43.300334"><ele>133.5</ele></trkpt>
<trkpt lon="-4.809520" lat="43.300320"><ele>133.5</ele></trkpt>
<trkpt lon="-4.809581" lat="43.300298"><ele>133.75</ele></trkpt>
<trkpt lon="-4.809781" lat="43.300268"><ele>134.0</ele></trkpt>
<trkpt lon="-4.809937" lat="43.300259"><ele>133.75</ele></trkpt>
<trkpt lon="-4.812150" lat="43.300262"><ele>136.0</ele></trkpt>
<trkpt lon="-4.812204" lat="43.300265"><ele>136.0</ele></trkpt>
<trkpt lon="-4.812348" lat="43.300304"><ele>135.0</ele></trkpt>
<trkpt lon="-4.812485" lat="43.300318"><ele>134.25</ele></trkpt>
<trkpt lon="-4.812630" lat="43.300308"><ele>134.0</ele></trkpt>
<trkpt lon="-4.813632" lat="43.300028"><ele>134.5</ele></trkpt>
<trkpt lon="-4.813921" lat="43.299960"><ele>134.25</ele></trkpt>
<trkpt lon="-4.814046" lat="43.299939"><ele>134.5</ele></trkpt>
<trkpt lon="-4.814235" lat="43.299910"><ele>134.75</ele></trkpt>
<trkpt lon="-4.814903" lat="43.299832"><ele>136.75</ele></trkpt>
<trkpt lon="-4.816048" lat="43.299712"><ele>140.5</ele></trkpt>
<trkpt lon="-4.816143" lat="43.299704"><ele>140.75</ele></trkpt>
<trkpt lon="-4.816457" lat="43.299702"><ele>141.75</ele></trkpt>
<trkpt lon="-4.816632" lat="43.299677"><ele>143.5</ele></trkpt>
<trkpt lon="-4.816881" lat="43.299607"><ele>145.0</ele></trkpt>
<trkpt lon="-4.817108" lat="43.299562"><ele>147.0</ele></trkpt>
<trkpt lon="-4.817389" lat="43.299540"><ele>148.25</ele></trkpt>
<trkpt lon="-4.817386" lat="43.299601"><ele>147.0</ele></trkpt>
<trkpt lon="-4.817412" lat="43.299664"><ele>145.75</ele></trkpt>
<trkpt lon="-4.817438" lat="43.299693"><ele>145.25</ele></trkpt>
<trkpt lon="-4.817513" lat="43.299731"><ele>144.5</ele></trkpt>
<trkpt lon="-4.817565" lat="43.299743"><ele>144.0</ele></trkpt>
<trkpt lon="-4.817681" lat="43.299742"><ele>143.75</ele></trkpt>
<trkpt lon="-4.817745" lat="43.299726"><ele>144.0</ele></trkpt>
<trkpt lon="-4.817832" lat="43.299694"><ele>144.0</ele></trkpt>
<trkpt lon="-4.818270" lat="43.299522"><ele>142.0</ele></trkpt>
<trkpt lon="-4.818452" lat="43.299450"><ele>140.5</ele></trkpt>
<trkpt lon="-4.818731" lat="43.299327"><ele>139.75</ele></trkpt>
<trkpt lon="-4.818814" lat="43.299308"><ele>139.5</ele></trkpt>
<trkpt lon="-4.818883" lat="43.299306"><ele>139.25</ele></trkpt>
<trkpt lon="-4.818950" lat="43.299318"><ele>139.25</ele></trkpt>
<trkpt lon="-4.819319" lat="43.299432"><ele>140.5</ele></trkpt>
<trkpt lon="-4.819375" lat="43.299461"><ele>140.5</ele></trkpt>
<trkpt lon="-4.819425" lat="43.299527"><ele>140.75</ele></trkpt>
<trkpt lon="-4.819449" lat="43.299578"><ele>141.0</ele></trkpt>
<trkpt lon="-4.819456" lat="43.299628"><ele>141.0</ele></trkpt>
<trkpt lon="-4.819459" lat="43.299715"><ele>140.75</ele></trkpt>
<trkpt lon="-4.819432" lat="43.299898"><ele>147.5</ele></trkpt>
<trkpt lon="-4.819401" lat="43.299948"><ele>148.5</ele></trkpt>
<trkpt lon="-4.819358" lat="43.299990"><ele>148.5</ele></trkpt>
<trkpt lon="-4.819121" lat="43.300179"><ele>143.0</ele></trkpt>
<trkpt lon="-4.818843" lat="43.300398"><ele>142.5</ele></trkpt>
<trkpt lon="-4.818773" lat="43.300454"><ele>142.0</ele></trkpt>
<trkpt lon="-4.818703" lat="43.300522"><ele>142.0</ele></trkpt>
<trkpt lon="-4.818599" lat="43.300660"><ele>140.25</ele></trkpt>
<trkpt lon="-4.818540" lat="43.300768"><ele>140.25</ele></trkpt>
<trkpt lon="-4.818504" lat="43.300900"><ele>140.25</ele></trkpt>
<trkpt lon="-4.818498" lat="43.301034"><ele>139.25</ele></trkpt>
<trkpt lon="-4.818508" lat="43.301151"><ele>138.5</ele></trkpt>
<trkpt lon="-4.818514" lat="43.301199"><ele>138.5</ele></trkpt>
<trkpt lon="-4.818535" lat="43.301372"><ele>137.75</ele></trkpt>
<trkpt lon="-4.818547" lat="43.301434"><ele>137.75</ele></trkpt>
<trkpt lon="-4.818588" lat="43.301507"><ele>137.75</ele></trkpt>
<trkpt lon="-4.818786" lat="43.301690"><ele>138.0</ele></trkpt>
<trkpt lon="-4.818856" lat="43.301756"><ele>138.0</ele></trkpt>
<trkpt lon="-4.818887" lat="43.301796"><ele>138.0</ele></trkpt>
<trkpt lon="-4.818906" lat="43.301837"><ele>137.75</ele></trkpt>
<trkpt lon="-4.818908" lat="43.301875"><ele>137.75</ele></trkpt>
<trkpt lon="-4.818899" lat="43.301915"><ele>137.75</ele></trkpt>
<trkpt lon="-4.818850" lat="43.301981"><ele>137.5</ele></trkpt>
<trkpt lon="-4.818488" lat="43.302234"><ele>136.75</ele></trkpt>
<trkpt lon="-4.818453" lat="43.302270"><ele>136.5</ele></trkpt>
<trkpt lon="-4.818431" lat="43.302307"><ele>136.25</ele></trkpt>
<trkpt lon="-4.818427" lat="43.302330"><ele>136.0</ele></trkpt>
<trkpt lon="-4.818435" lat="43.302370"><ele>135.75</ele></trkpt>
<trkpt lon="-4.818539" lat="43.302552"><ele>136.0</ele></trkpt>
<trkpt lon="-4.818546" lat="43.302583"><ele>136.5</ele></trkpt>
<trkpt lon="-4.818537" lat="43.302629"><ele>137.0</ele></trkpt>
<trkpt lon="-4.818502" lat="43.302667"><ele>137.25</ele></trkpt>
<trkpt lon="-4.818474" lat="43.302682"><ele>137.5</ele></trkpt>
<trkpt lon="-4.818335" lat="43.302719"><ele>137.75</ele></trkpt>
<trkpt lon="-4.818026" lat="43.302788"><ele>139.5</ele></trkpt>
<trkpt lon="-4.817798" lat="43.302832"><ele>137.5</ele></trkpt>
<trkpt lon="-4.817780" lat="43.302860"><ele>138.0</ele></trkpt>
<trkpt lon="-4.817779" lat="43.302891"><ele>138.75</ele></trkpt>
<trkpt lon="-4.817785" lat="43.302934"><ele>139.75</ele></trkpt>
<trkpt lon="-4.817868" lat="43.302952"><ele>140.75</ele></trkpt>
<trkpt lon="-4.818007" lat="43.302982"><ele>142.0</ele></trkpt>
<trkpt lon="-4.818130" lat="43.303008"><ele>142.25</ele></trkpt>
<trkpt lon="-4.818356" lat="43.303068"><ele>143.0</ele></trkpt>
<trkpt lon="-4.818561" lat="43.303141"><ele>143.5</ele></trkpt>
<trkpt lon="-4.818890" lat="43.303260"><ele>143.5</ele></trkpt>
<trkpt lon="-4.818944" lat="43.303282"><ele>143.75</ele></trkpt>
<trkpt lon="-4.819028" lat="43.303314"><ele>143.75</ele></trkpt>
<trkpt lon="-4.819163" lat="43.303366"><ele>144.25</ele></trkpt>
<trkpt lon="-4.819349" lat="43.303439"><ele>145.25</ele></trkpt>
<trkpt lon="-4.819524" lat="43.303511"><ele>145.25</ele></trkpt>
<trkpt lon="-4.820107" lat="43.303743"><ele>146.0</ele></trkpt>
<trkpt lon="-4.821775" lat="43.304403"><ele>148.75</ele></trkpt>
<trkpt lon="-4.822838" lat="43.304819"><ele>151.25</ele></trkpt>
<trkpt lon="-4.824382" lat="43.305434"><ele>154.5</ele></trkpt>
<trkpt lon="-4.825299" lat="43.305832"><ele>155.75</ele></trkpt>
<trkpt lon="-4.825919" lat="43.306112"><ele>155.5</ele></trkpt>
<trkpt lon="-4.826345" lat="43.306313"><ele>155.75</ele></trkpt>
<trkpt lon="-4.826527" lat="43.306428"><ele>155.75</ele></trkpt>
<trkpt lon="-4.826648" lat="43.306529"><ele>155.5</ele></trkpt>
<trkpt lon="-4.826754" lat="43.306637"><ele>153.75</ele></trkpt>
<trkpt lon="-4.827069" lat="43.307026"><ele>154.5</ele></trkpt>
<trkpt lon="-4.827192" lat="43.307143"><ele>153.75</ele></trkpt>
<trkpt lon="-4.827280" lat="43.307208"><ele>152.75</ele></trkpt>
<trkpt lon="-4.827358" lat="43.307254"><ele>153.75</ele></trkpt>
<trkpt lon="-4.827544" lat="43.307331"><ele>155.0</ele></trkpt>
<trkpt lon="-4.828325" lat="43.307574"><ele>154.75</ele></trkpt>
<trkpt lon="-4.828550" lat="43.307639"><ele>155.0</ele></trkpt>
<trkpt lon="-4.828827" lat="43.307709"><ele>153.5</ele></trkpt>
<trkpt lon="-4.829694" lat="43.307860"><ele>156.75</ele></trkpt>
<trkpt lon="-4.829902" lat="43.307881"><ele>157.25</ele></trkpt>
<trkpt lon="-4.830126" lat="43.307884"><ele>156.75</ele></trkpt>
<trkpt lon="-4.830623" lat="43.307856"><ele>157.0</ele></trkpt>
<trkpt lon="-4.830758" lat="43.307857"><ele>157.0</ele></trkpt>
<trkpt lon="-4.830756" lat="43.307796"><ele>157.0</ele></trkpt>
<trkpt lon="-4.830720" lat="43.307731"><ele>157.25</ele></trkpt>
<trkpt lon="-4.830586" lat="43.307552"><ele>158.0</ele></trkpt>
<trkpt lon="-4.830556" lat="43.307468"><ele>158.5</ele></trkpt>
<trkpt lon="-4.830578" lat="43.307406"><ele>158.5</ele></trkpt>
<trkpt lon="-4.830650" lat="43.307358"><ele>159.0</ele></trkpt>
<trkpt lon="-4.830987" lat="43.307281"><ele>155.0</ele></trkpt>
<trkpt lon="-4.831151" lat="43.307261"><ele>154.0</ele></trkpt>
<trkpt lon="-4.831470" lat="43.307236"><ele>154.25</ele></trkpt>
<trkpt lon="-4.831611" lat="43.307235"><ele>153.75</ele></trkpt>
<trkpt lon="-4.832063" lat="43.307215"><ele>152.0</ele></trkpt>
<trkpt lon="-4.832106" lat="43.307246"><ele>151.75</ele></trkpt>
<trkpt lon="-4.832161" lat="43.307282"><ele>151.5</ele></trkpt>
<trkpt lon="-4.832254" lat="43.307330"><ele>151.25</ele></trkpt>
<trkpt lon="-4.832404" lat="43.307380"><ele>151.5</ele></trkpt>
<trkpt lon="-4.833158" lat="43.307586"><ele>152.25</ele></trkpt>
<trkpt lon="-4.833402" lat="43.307646"><ele>152.0</ele></trkpt>
<trkpt lon="-4.833725" lat="43.307725"><ele>152.5</ele></trkpt>
<trkpt lon="-4.833882" lat="43.307790"><ele>152.75</ele></trkpt>
<trkpt lon="-4.834011" lat="43.307828"><ele>152.75</ele></trkpt>
<trkpt lon="-4.834112" lat="43.307866"><ele>152.5</ele></trkpt>
<trkpt lon="-4.834257" lat="43.307946"><ele>152.5</ele></trkpt>
<trkpt lon="-4.834366" lat="43.308016"><ele>152.75</ele></trkpt>
<trkpt lon="-4.834530" lat="43.308065"><ele>153.25</ele></trkpt>
<trkpt lon="-4.834678" lat="43.308112"><ele>153.25</ele></trkpt>
<trkpt lon="-4.835036" lat="43.308202"><ele>154.0</ele></trkpt>
<trkpt lon="-4.835185" lat="43.308262"><ele>154.5</ele></trkpt>
<trkpt lon="-4.835317" lat="43.308350"><ele>154.75</ele></trkpt>
<trkpt lon="-4.835886" lat="43.308541"><ele>155.0</ele></trkpt>
<trkpt lon="-4.835852" lat="43.308610"><ele>155.0</ele></trkpt>
<trkpt lon="-4.835745" lat="43.308863"><ele>154.75</ele></trkpt>
<trkpt lon="-4.835735" lat="43.308887"><ele>154.75</ele></trkpt>
<trkpt lon="-4.835705" lat="43.308942"><ele>155.25</ele></trkpt>
<trkpt lon="-4.835462" lat="43.309387"><ele>158.25</ele></trkpt>
<trkpt lon="-4.835565" lat="43.309443"><ele>157.75</ele></trkpt>
<trkpt lon="-4.836050" lat="43.309708"><ele>158.75</ele></trkpt>
<trkpt lon="-4.836471" lat="43.309938"><ele>159.5</ele></trkpt>
<trkpt lon="-4.837277" lat="43.310375"><ele>162.25</ele></trkpt>
<trkpt lon="-4.837472" lat="43.310497"><ele>162.5</ele></trkpt>
<trkpt lon="-4.837645" lat="43.310619"><ele>163.75</ele></trkpt>
<trkpt lon="-4.837773" lat="43.310735"><ele>164.25</ele></trkpt>
<trkpt lon="-4.837895" lat="43.310862"><ele>164.5</ele></trkpt>
<trkpt lon="-4.838056" lat="43.311077"><ele>164.75</ele></trkpt>
<trkpt lon="-4.838461" lat="43.311694"><ele>167.0</ele></trkpt>
<trkpt lon="-4.838486" lat="43.311733"><ele>167.25</ele></trkpt>
<trkpt lon="-4.838855" lat="43.312296"><ele>168.75</ele></trkpt>
<trkpt lon="-4.838957" lat="43.312449"><ele>169.25</ele></trkpt>
<trkpt lon="-4.839100" lat="43.312632"><ele>172.0</ele></trkpt>
<trkpt lon="-4.839250" lat="43.312765"><ele>171.75</ele></trkpt>
<trkpt lon="-4.839421" lat="43.312876"><ele>181.75</ele></trkpt>
<trkpt lon="-4.839547" lat="43.312939"><ele>182.5</ele></trkpt>
<trkpt lon="-4.840156" lat="43.313182"><ele>172.75</ele></trkpt>
<trkpt lon="-4.840771" lat="43.313467"><ele>172.25</ele></trkpt>
<trkpt lon="-4.840870" lat="43.313506"><ele>172.5</ele></trkpt>
<trkpt lon="-4.841353" lat="43.313667"><ele>173.0</ele></trkpt>
<trkpt lon="-4.841462" lat="43.313717"><ele>173.75</ele></trkpt>
<trkpt lon="-4.841574" lat="43.313781"><ele>172.5</ele></trkpt>
<trkpt lon="-4.841665" lat="43.313853"><ele>170.25</ele></trkpt>
<trkpt lon="-4.841730" lat="43.313919"><ele>172.25</ele></trkpt>
<trkpt lon="-4.841803" lat="43.314030"><ele>175.25</ele></trkpt>
<trkpt lon="-4.841956" lat="43.314424"><ele>172.5</ele></trkpt>
<trkpt lon="-4.842048" lat="43.314579"><ele>175.5</ele></trkpt>
<trkpt lon="-4.842176" lat="43.314711"><ele>174.0</ele></trkpt>
<trkpt lon="-4.842339" lat="43.314802"><ele>177.25</ele></trkpt>
<trkpt lon="-4.842406" lat="43.314834"><ele>178.5</ele></trkpt>
<trkpt lon="-4.842505" lat="43.314866"><ele>178.5</ele></trkpt>
<trkpt lon="-4.842682" lat="43.314908"><ele>178.5</ele></trkpt>
<trkpt lon="-4.842818" lat="43.314917"><ele>177.5</ele></trkpt>
<trkpt lon="-4.842986" lat="43.314912"><ele>178.0</ele></trkpt>
<trkpt lon="-4.843401" lat="43.314843"><ele>177.25</ele></trkpt>
<trkpt lon="-4.843730" lat="43.314798"><ele>176.0</ele></trkpt>
<trkpt lon="-4.844032" lat="43.314773"><ele>175.25</ele></trkpt>
<trkpt lon="-4.844289" lat="43.314777"><ele>176.75</ele></trkpt>
<trkpt lon="-4.844471" lat="43.314793"><ele>178.5</ele></trkpt>
<trkpt lon="-4.844664" lat="43.314828"><ele>181.25</ele></trkpt>
<trkpt lon="-4.844787" lat="43.314860"><ele>182.25</ele></trkpt>
<trkpt lon="-4.844998" lat="43.314939"><ele>180.5</ele></trkpt>
<trkpt lon="-4.845171" lat="43.315030"><ele>180.5</ele></trkpt>
<trkpt lon="-4.845277" lat="43.315102"><ele>182.0</ele></trkpt>
<trkpt lon="-4.845377" lat="43.315185"><ele>183.0</ele></trkpt>
<trkpt lon="-4.845462" lat="43.315272"><ele>182.25</ele></trkpt>
<trkpt lon="-4.845629" lat="43.315466"><ele>181.75</ele></trkpt>
<trkpt lon="-4.845705" lat="43.315537"><ele>181.25</ele></trkpt>
<trkpt lon="-4.845767" lat="43.315579"><ele>180.25</ele></trkpt>
<trkpt lon="-4.845979" lat="43.315672"><ele>178.75</ele></trkpt>
<trkpt lon="-4.846129" lat="43.315710"><ele>178.0</ele></trkpt>
<trkpt lon="-4.846223" lat="43.315724"><ele>177.0</ele></trkpt>
<trkpt lon="-4.846317" lat="43.315723"><ele>176.0</ele></trkpt>
<trkpt lon="-4.846359" lat="43.315722"><ele>175.5</ele></trkpt>
<trkpt lon="-4.846518" lat="43.315713"><ele>175.75</ele></trkpt>
<trkpt lon="-4.846664" lat="43.315702"><ele>176.5</ele></trkpt>
<trkpt lon="-4.846815" lat="43.315691"><ele>176.5</ele></trkpt>
<trkpt lon="-4.846990" lat="43.315678"><ele>177.0</ele></trkpt>
<trkpt lon="-4.847085" lat="43.315670"><ele>177.25</ele></trkpt>
<trkpt lon="-4.847788" lat="43.315610"><ele>180.75</ele></trkpt>
<trkpt lon="-4.848152" lat="43.315595"><ele>179.5</ele></trkpt>
<trkpt lon="-4.848455" lat="43.315591"><ele>179.75</ele></trkpt>
<trkpt lon="-4.848724" lat="43.315602"><ele>180.25</ele></trkpt>
<trkpt lon="-4.849555" lat="43.315672"><ele>180.25</ele></trkpt>
<trkpt lon="-4.851096" lat="43.315796"><ele>184.5</ele></trkpt>
<trkpt lon="-4.851267" lat="43.315810"><ele>184.5</ele></trkpt>
<trkpt lon="-4.852965" lat="43.315929"><ele>187.25</ele></trkpt>
<trkpt lon="-4.853425" lat="43.315966"><ele>187.75</ele></trkpt>
<trkpt lon="-4.853756" lat="43.316013"><ele>187.5</ele></trkpt>
<trkpt lon="-4.854046" lat="43.316072"><ele>186.75</ele></trkpt>
<trkpt lon="-4.856403" lat="43.316731"><ele>186.25</ele></trkpt>
<trkpt lon="-4.856877" lat="43.316874"><ele>187.75</ele></trkpt>
<trkpt lon="-4.857087" lat="43.316929"><ele>188.25</ele></trkpt>
<trkpt lon="-4.857268" lat="43.316968"><ele>189.0</ele></trkpt>
<trkpt lon="-4.857506" lat="43.316998"><ele>190.0</ele></trkpt>
<trkpt lon="-4.857737" lat="43.317003"><ele>190.75</ele></trkpt>
<trkpt lon="-4.858001" lat="43.316991"><ele>191.75</ele></trkpt>
<trkpt lon="-4.860118" lat="43.316854"><ele>197.25</ele></trkpt>
<trkpt lon="-4.860332" lat="43.316833"><ele>198.5</ele></trkpt>
<trkpt lon="-4.860487" lat="43.316806"><ele>196.5</ele></trkpt>
<trkpt lon="-4.860669" lat="43.316756"><ele>195.75</ele></trkpt>
<trkpt lon="-4.860843" lat="43.316696"><ele>197.25</ele></trkpt>
<trkpt lon="-4.861289" lat="43.316512"><ele>197.75</ele></trkpt>
<trkpt lon="-4.861472" lat="43.316443"><ele>198.5</ele></trkpt>
<trkpt lon="-4.861620" lat="43.316400"><ele>198.75</ele></trkpt>
<trkpt lon="-4.861819" lat="43.316365"><ele>199.25</ele></trkpt>
<trkpt lon="-4.862025" lat="43.316338"><ele>200.0</ele></trkpt>
<trkpt lon="-4.862198" lat="43.316301"><ele>201.0</ele></trkpt>
<trkpt lon="-4.862339" lat="43.316254"><ele>203.25</ele></trkpt>
<trkpt lon="-4.862466" lat="43.316193"><ele>203.25</ele></trkpt>
<trkpt lon="-4.862570" lat="43.316124"><ele>202.0</ele></trkpt>
<trkpt lon="-4.862663" lat="43.316042"><ele>202.75</ele></trkpt>
<trkpt lon="-4.862742" lat="43.315929"><ele>202.0</ele></trkpt>
<trkpt lon="-4.862800" lat="43.315794"><ele>201.0</ele></trkpt>
<trkpt lon="-4.862867" lat="43.315561"><ele>203.25</ele></trkpt>
<trkpt lon="-4.862914" lat="43.315445"><ele>203.75</ele></trkpt>
<trkpt lon="-4.862978" lat="43.315348"><ele>203.75</ele></trkpt>
<trkpt lon="-4.863093" lat="43.315231"><ele>204.25</ele></trkpt>
<trkpt lon="-4.863206" lat="43.315157"><ele>207.5</ele></trkpt>
<trkpt lon="-4.863355" lat="43.315087"><ele>209.5</ele></trkpt>
<trkpt lon="-4.863472" lat="43.315051"><ele>208.75</ele></trkpt>
<trkpt lon="-4.863572" lat="43.315028"><ele>208.0</ele></trkpt>
<trkpt lon="-4.863675" lat="43.315013"><ele>207.75</ele></trkpt>
<trkpt lon="-4.863831" lat="43.315002"><ele>208.5</ele></trkpt>
<trkpt lon="-4.865612" lat="43.314955"><ele>213.5</ele></trkpt>
<trkpt lon="-4.865768" lat="43.314959"><ele>213.5</ele></trkpt>
<trkpt lon="-4.865885" lat="43.314978"><ele>214.25</ele></trkpt>
<trkpt lon="-4.865985" lat="43.315002"><ele>215.5</ele></trkpt>
<trkpt lon="-4.866153" lat="43.315064"><ele>218.75</ele></trkpt>
<trkpt lon="-4.866551" lat="43.315245"><ele>218.25</ele></trkpt>
<trkpt lon="-4.866983" lat="43.315429"><ele>220.75</ele></trkpt>
<trkpt lon="-4.867115" lat="43.315471"><ele>221.0</ele></trkpt>
<trkpt lon="-4.867227" lat="43.315495"><ele>219.5</ele></trkpt>
<trkpt lon="-4.867837" lat="43.315554"><ele>221.75</ele></trkpt>
<trkpt lon="-4.868102" lat="43.315600"><ele>224.5</ele></trkpt>
<trkpt lon="-4.868179" lat="43.315625"><ele>225.0</ele></trkpt>
<trkpt lon="-4.868295" lat="43.315669"><ele>225.5</ele></trkpt>
<trkpt lon="-4.868544" lat="43.315803"><ele>225.75</ele></trkpt>
<trkpt lon="-4.869217" lat="43.316203"><ele>232.5</ele></trkpt>
<trkpt lon="-4.869358" lat="43.316263"><ele>233.25</ele></trkpt>
<trkpt lon="-4.869494" lat="43.316310"><ele>232.75</ele></trkpt>
<trkpt lon="-4.870191" lat="43.316518"><ele>234.25</ele></trkpt>
<trkpt lon="-4.870894" lat="43.316750"><ele>240.75</ele></trkpt>
<trkpt lon="-4.870977" lat="43.316771"><ele>241.75</ele></trkpt>
<trkpt lon="-4.871097" lat="43.316789"><ele>241.75</ele></trkpt>
<trkpt lon="-4.871499" lat="43.316822"><ele>240.0</ele></trkpt>
<trkpt lon="-4.871649" lat="43.316845"><ele>239.25</ele></trkpt>
<trkpt lon="-4.871795" lat="43.316885"><ele>238.75</ele></trkpt>
<trkpt lon="-4.871910" lat="43.316932"><ele>239.0</ele></trkpt>
<trkpt lon="-4.872016" lat="43.316991"><ele>239.5</ele></trkpt>
<trkpt lon="-4.872152" lat="43.317095"><ele>239.75</ele></trkpt>
<trkpt lon="-4.872213" lat="43.317156"><ele>239.75</ele></trkpt>
<trkpt lon="-4.872511" lat="43.317531"><ele>244.25</ele></trkpt>
<trkpt lon="-4.872648" lat="43.317665"><ele>245.25</ele></trkpt>
<trkpt lon="-4.872919" lat="43.317917"><ele>244.5</ele></trkpt>
<trkpt lon="-4.873095" lat="43.318160"><ele>246.75</ele></trkpt>
<trkpt lon="-4.873303" lat="43.318477"><ele>246.75</ele></trkpt>
<trkpt lon="-4.873349" lat="43.318577"><ele>246.5</ele></trkpt>
<trkpt lon="-4.873375" lat="43.318665"><ele>246.5</ele></trkpt>
<trkpt lon="-4.873391" lat="43.318754"><ele>246.5</ele></trkpt>
<trkpt lon="-4.873398" lat="43.318894"><ele>247.5</ele></trkpt>
<trkpt lon="-4.873405" lat="43.319613"><ele>249.75</ele></trkpt>
<trkpt lon="-4.873396" lat="43.319839"><ele>250.5</ele></trkpt>
<trkpt lon="-4.873331" lat="43.320170"><ele>254.0</ele></trkpt>
<trkpt lon="-4.873301" lat="43.320293"><ele>255.5</ele></trkpt>
<trkpt lon="-4.873264" lat="43.320390"><ele>255.25</ele></trkpt>
<trkpt lon="-4.873199" lat="43.320505"><ele>255.5</ele></trkpt>
<trkpt lon="-4.873024" lat="43.320733"><ele>259.5</ele></trkpt>
<trkpt lon="-4.872998" lat="43.320802"><ele>260.5</ele></trkpt>
<trkpt lon="-4.872990" lat="43.320872"><ele>260.5</ele></trkpt>
<trkpt lon="-4.873009" lat="43.320940"><ele>259.0</ele></trkpt>
<trkpt lon="-4.873060" lat="43.321009"><ele>258.75</ele></trkpt>
<trkpt lon="-4.873138" lat="43.321064"><ele>258.5</ele></trkpt>
<trkpt lon="-4.873242" lat="43.321110"><ele>258.0</ele></trkpt>
<trkpt lon="-4.873321" lat="43.321127"><ele>258.25</ele></trkpt>
<trkpt lon="-4.873389" lat="43.321128"><ele>259.75</ele></trkpt>
<trkpt lon="-4.873478" lat="43.321110"><ele>261.0</ele></trkpt>
<trkpt lon="-4.873547" lat="43.321077"><ele>261.5</ele></trkpt>
<trkpt lon="-4.873639" lat="43.321013"><ele>263.0</ele></trkpt>
<trkpt lon="-4.873847" lat="43.320806"><ele>262.25</ele></trkpt>
<trkpt lon="-4.873879" lat="43.320857"><ele>265.25</ele></trkpt>
<trkpt lon="-4.873881" lat="43.320903"><ele>268.25</ele></trkpt>
<trkpt lon="-4.873859" lat="43.320946"><ele>270.25</ele></trkpt>
<trkpt lon="-4.873511" lat="43.321265"><ele>268.75</ele></trkpt>
<trkpt lon="-4.873418" lat="43.321369"><ele>269.75</ele></trkpt>
<trkpt lon="-4.873358" lat="43.321466"><ele>269.5</ele></trkpt>
<trkpt lon="-4.873341" lat="43.321574"><ele>270.5</ele></trkpt>
<trkpt lon="-4.873380" lat="43.321731"><ele>274.25</ele></trkpt>
<trkpt lon="-4.873462" lat="43.321916"><ele>277.25</ele></trkpt>
<trkpt lon="-4.873526" lat="43.322018"><ele>279.0</ele></trkpt>
<trkpt lon="-4.873810" lat="43.322283"><ele>286.0</ele></trkpt>
<trkpt lon="-4.873978" lat="43.322424"><ele>284.5</ele></trkpt>
<trkpt lon="-4.874123" lat="43.322526"><ele>285.25</ele></trkpt>
<trkpt lon="-4.874323" lat="43.322613"><ele>291.5</ele></trkpt>
<trkpt lon="-4.874543" lat="43.322656"><ele>293.75</ele></trkpt>
<trkpt lon="-4.875157" lat="43.322703"><ele>294.5</ele></trkpt>
<trkpt lon="-4.875353" lat="43.322729"><ele>295.25</ele></trkpt>
<trkpt lon="-4.875497" lat="43.322784"><ele>294.5</ele></trkpt>
<trkpt lon="-4.875926" lat="43.323003"><ele>300.25</ele></trkpt>
<trkpt lon="-4.876007" lat="43.323050"><ele>299.75</ele></trkpt>
<trkpt lon="-4.876529" lat="43.323256"><ele>308.0</ele></trkpt>
<trkpt lon="-4.876661" lat="43.323318"><ele>308.0</ele></trkpt>
<trkpt lon="-4.876765" lat="43.323389"><ele>312.0</ele></trkpt>
<trkpt lon="-4.876853" lat="43.323474"><ele>313.5</ele></trkpt>
<trkpt lon="-4.876951" lat="43.323588"><ele>311.75</ele></trkpt>
<trkpt lon="-4.877091" lat="43.323732"><ele>318.5</ele></trkpt>
<trkpt lon="-4.877265" lat="43.323878"><ele>318.25</ele></trkpt>
<trkpt lon="-4.877481" lat="43.324085"><ele>322.75</ele></trkpt>
<trkpt lon="-4.877604" lat="43.324226"><ele>327.75</ele></trkpt>
<trkpt lon="-4.877781" lat="43.324486"><ele>326.75</ele></trkpt>
<trkpt lon="-4.877891" lat="43.324664"><ele>332.5</ele></trkpt>
<trkpt lon="-4.877921" lat="43.324756"><ele>333.25</ele></trkpt>
<trkpt lon="-4.877934" lat="43.324840"><ele>334.0</ele></trkpt>
<trkpt lon="-4.877931" lat="43.324936"><ele>334.5</ele></trkpt>
<trkpt lon="-4.877959" lat="43.325285"><ele>335.5</ele></trkpt>
<trkpt lon="-4.878030" lat="43.325534"><ele>335.0</ele></trkpt>
<trkpt lon="-4.878063" lat="43.325628"><ele>335.25</ele></trkpt>
<trkpt lon="-4.878103" lat="43.325701"><ele>336.5</ele></trkpt>
<trkpt lon="-4.878263" lat="43.325869"><ele>336.5</ele></trkpt>
<trkpt lon="-4.878294" lat="43.325922"><ele>336.5</ele></trkpt>
<trkpt lon="-4.878310" lat="43.325979"><ele>336.25</ele></trkpt>
<trkpt lon="-4.878313" lat="43.326048"><ele>336.25</ele></trkpt>
<trkpt lon="-4.878303" lat="43.326172"><ele>336.5</ele></trkpt>
<trkpt lon="-4.878323" lat="43.326943"><ele>339.0</ele></trkpt>
<trkpt lon="-4.878363" lat="43.327135"><ele>340.25</ele></trkpt>
<trkpt lon="-4.878542" lat="43.327824"><ele>344.75</ele></trkpt>
<trkpt lon="-4.878597" lat="43.328085"><ele>347.25</ele></trkpt>
<trkpt lon="-4.878600" lat="43.328152"><ele>347.25</ele></trkpt>
<trkpt lon="-4.878588" lat="43.328230"><ele>347.25</ele></trkpt>
<trkpt lon="-4.878522" lat="43.328392"><ele>348.25</ele></trkpt>
<trkpt lon="-4.878494" lat="43.328423"><ele>348.75</ele></trkpt>
<trkpt lon="-4.878387" lat="43.328508"><ele>349.0</ele></trkpt>
<trkpt lon="-4.878367" lat="43.328535"><ele>348.75</ele></trkpt>
<trkpt lon="-4.878359" lat="43.328570"><ele>348.5</ele></trkpt>
<trkpt lon="-4.878366" lat="43.328597"><ele>348.0</ele></trkpt>
<trkpt lon="-4.878386" lat="43.328624"><ele>348.0</ele></trkpt>
<trkpt lon="-4.878784" lat="43.328894"><ele>350.5</ele></trkpt>
<trkpt lon="-4.878819" lat="43.328906"><ele>350.75</ele></trkpt>
<trkpt lon="-4.878858" lat="43.328910"><ele>350.75</ele></trkpt>
<trkpt lon="-4.878897" lat="43.328910"><ele>351.0</ele></trkpt>
<trkpt lon="-4.878923" lat="43.328898"><ele>351.25</ele></trkpt>
<trkpt lon="-4.879062" lat="43.328731"><ele>352.75</ele></trkpt>
<trkpt lon="-4.879098" lat="43.328677"><ele>353.25</ele></trkpt>
<trkpt lon="-4.879418" lat="43.328774"><ele>359.75</ele></trkpt>
<trkpt lon="-4.879449" lat="43.328751"><ele>360.5</ele></trkpt>
<trkpt lon="-4.879479" lat="43.328656"><ele>360.75</ele></trkpt>
<trkpt lon="-4.879515" lat="43.328652"><ele>361.25</ele></trkpt>
<trkpt lon="-4.879576" lat="43.328658"><ele>362.5</ele></trkpt>
<trkpt lon="-4.879631" lat="43.328690"><ele>364.0</ele></trkpt>
<trkpt lon="-4.879680" lat="43.328734"><ele>365.25</ele></trkpt>
<trkpt lon="-4.879760" lat="43.328738"><ele>367.25</ele></trkpt>
<trkpt lon="-4.879923" lat="43.328736"><ele>371.25</ele></trkpt>
<trkpt lon="-4.879939" lat="43.328949"><ele>373.5</ele></trkpt>
<trkpt lon="-4.879921" lat="43.329105"><ele>375.5</ele></trkpt>
<trkpt lon="-4.880052" lat="43.329244"><ele>381.75</ele></trkpt>
<trkpt lon="-4.880132" lat="43.329361"><ele>385.75</ele></trkpt>
<trkpt lon="-4.880234" lat="43.329402"><ele>388.5</ele></trkpt>
<trkpt lon="-4.880309" lat="43.329441"><ele>390.5</ele></trkpt>
<trkpt lon="-4.880531" lat="43.329386"><ele>394.5</ele></trkpt>
<trkpt lon="-4.880851" lat="43.329449"><ele>399.25</ele></trkpt>
<trkpt lon="-4.881030" lat="43.329617"><ele>405.5</ele></trkpt>
<trkpt lon="-4.881148" lat="43.329654"><ele>406.75</ele></trkpt>
<trkpt lon="-4.881325" lat="43.329667"><ele>408.0</ele></trkpt>
<trkpt lon="-4.881427" lat="43.329774"><ele>409.75</ele></trkpt>
<trkpt lon="-4.881555" lat="43.329911"><ele>411.0</ele></trkpt>
<trkpt lon="-4.881618" lat="43.329993"><ele>411.5</ele></trkpt>
<trkpt lon="-4.881833" lat="43.330320"><ele>416.25</ele></trkpt>
<trkpt lon="-4.882012" lat="43.330638"><ele>419.25</ele></trkpt>
<trkpt lon="-4.882108" lat="43.330784"><ele>420.75</ele></trkpt>
<trkpt lon="-4.882548" lat="43.331361"><ele>425.5</ele></trkpt>
<trkpt lon="-4.882594" lat="43.331450"><ele>425.75</ele></trkpt>
<trkpt lon="-4.882595" lat="43.331527"><ele>426.25</ele></trkpt>
<trkpt lon="-4.882586" lat="43.331585"><ele>427.0</ele></trkpt>
<trkpt lon="-4.882539" lat="43.331680"><ele>428.75</ele></trkpt>
<trkpt lon="-4.882472" lat="43.331782"><ele>429.25</ele></trkpt>
<trkpt lon="-4.882421" lat="43.331884"><ele>430.25</ele></trkpt>
<trkpt lon="-4.882377" lat="43.332001"><ele>431.25</ele></trkpt>
<trkpt lon="-4.882328" lat="43.332193"><ele>432.75</ele></trkpt>
<trkpt lon="-4.882322" lat="43.332247"><ele>433.25</ele></trkpt>
<trkpt lon="-4.882326" lat="43.332301"><ele>433.75</ele></trkpt>
<trkpt lon="-4.882410" lat="43.332480"><ele>434.75</ele></trkpt>
<trkpt lon="-4.882456" lat="43.332665"><ele>435.75</ele></trkpt>
<trkpt lon="-4.882492" lat="43.332757"><ele>435.75</ele></trkpt>
<trkpt lon="-4.882605" lat="43.332851"><ele>431.5</ele></trkpt>
<trkpt lon="-4.882645" lat="43.332915"><ele>430.0</ele></trkpt>
<trkpt lon="-4.882656" lat="43.332960"><ele>429.5</ele></trkpt>
<trkpt lon="-4.882674" lat="43.333180"><ele>430.5</ele></trkpt>
<trkpt lon="-4.882709" lat="43.333229"><ele>430.75</ele></trkpt>
<trkpt lon="-4.882814" lat="43.333335"><ele>431.75</ele></trkpt>
<trkpt lon="-4.882893" lat="43.333376"><ele>432.75</ele></trkpt>
<trkpt lon="-4.882947" lat="43.333394"><ele>433.0</ele></trkpt>
<trkpt lon="-4.883011" lat="43.333398"><ele>432.75</ele></trkpt>
<trkpt lon="-4.883045" lat="43.333390"><ele>432.25</ele></trkpt>
<trkpt lon="-4.883141" lat="43.333306"><ele>431.5</ele></trkpt>
<trkpt lon="-4.883203" lat="43.333269"><ele>431.25</ele></trkpt>
<trkpt lon="-4.883278" lat="43.333242"><ele>431.5</ele></trkpt>
<trkpt lon="-4.883354" lat="43.333230"><ele>431.75</ele></trkpt>
<trkpt lon="-4.883566" lat="43.333226"><ele>431.25</ele></trkpt>
<trkpt lon="-4.883633" lat="43.333218"><ele>431.25</ele></trkpt>
<trkpt lon="-4.883876" lat="43.333131"><ele>433.0</ele></trkpt>
<trkpt lon="-4.884014" lat="43.333088"><ele>433.75</ele></trkpt>
<trkpt lon="-4.884083" lat="43.333080"><ele>434.5</ele></trkpt>
<trkpt lon="-4.884178" lat="43.333083"><ele>435.5</ele></trkpt>
<trkpt lon="-4.884261" lat="43.333102"><ele>435.5</ele></trkpt>
<trkpt lon="-4.884348" lat="43.333139"><ele>436.25</ele></trkpt>
<trkpt lon="-4.884421" lat="43.333177"><ele>437.0</ele></trkpt>
<trkpt lon="-4.884498" lat="43.333243"><ele>438.5</ele></trkpt>
<trkpt lon="-4.884639" lat="43.333463"><ele>444.0</ele></trkpt>
<trkpt lon="-4.884682" lat="43.333517"><ele>445.5</ele></trkpt>
<trkpt lon="-4.884752" lat="43.333577"><ele>447.0</ele></trkpt>
<trkpt lon="-4.884852" lat="43.333633"><ele>449.25</ele></trkpt>
<trkpt lon="-4.884956" lat="43.333663"><ele>450.75</ele></trkpt>
<trkpt lon="-4.885048" lat="43.333667"><ele>451.0</ele></trkpt>
<trkpt lon="-4.885130" lat="43.333655"><ele>450.75</ele></trkpt>
<trkpt lon="-4.885243" lat="43.333613"><ele>449.0</ele></trkpt>
<trkpt lon="-4.885314" lat="43.333571"><ele>449.0</ele></trkpt>
<trkpt lon="-4.885574" lat="43.333386"><ele>451.0</ele></trkpt>
<trkpt lon="-4.885675" lat="43.333350"><ele>452.25</ele></trkpt>
<trkpt lon="-4.885986" lat="43.333266"><ele>456.5</ele></trkpt>
<trkpt lon="-4.886058" lat="43.333228"><ele>457.0</ele></trkpt>
<trkpt lon="-4.886121" lat="43.333166"><ele>457.0</ele></trkpt>
<trkpt lon="-4.886236" lat="43.333017"><ele>456.75</ele></trkpt>
<trkpt lon="-4.886743" lat="43.332887"><ele>466.0</ele></trkpt>
<trkpt lon="-4.886983" lat="43.332889"><ele>468.75</ele></trkpt>
<trkpt lon="-4.887254" lat="43.332986"><ele>470.5</ele></trkpt>
<trkpt lon="-4.887698" lat="43.332983"><ele>477.0</ele></trkpt>
<trkpt lon="-4.887901" lat="43.333015"><ele>480.25</ele></trkpt>
<trkpt lon="-4.888094" lat="43.332967"><ele>484.5</ele></trkpt>
<trkpt lon="-4.888276" lat="43.332937"><ele>487.75</ele></trkpt>
<trkpt lon="-4.888305" lat="43.333220"><ele>487.25</ele></trkpt>
<trkpt lon="-4.888418" lat="43.333406"><ele>489.0</ele></trkpt>
<trkpt lon="-4.888436" lat="43.333465"><ele>489.0</ele></trkpt>
<trkpt lon="-4.888467" lat="43.333839"><ele>492.5</ele></trkpt>
<trkpt lon="-4.888463" lat="43.333995"><ele>495.5</ele></trkpt>
<trkpt lon="-4.888499" lat="43.334091"><ele>497.25</ele></trkpt>
<trkpt lon="-4.888551" lat="43.334173"><ele>498.5</ele></trkpt>
<trkpt lon="-4.888861" lat="43.334233"><ele>496.75</ele></trkpt>
<trkpt lon="-4.889011" lat="43.334219"><ele>494.75</ele></trkpt>
<trkpt lon="-4.889097" lat="43.334199"><ele>493.75</ele></trkpt>
<trkpt lon="-4.889221" lat="43.334159"><ele>492.5</ele></trkpt>
<trkpt lon="-4.889338" lat="43.334113"><ele>492.25</ele></trkpt>
<trkpt lon="-4.889472" lat="43.334035"><ele>493.0</ele></trkpt>
<trkpt lon="-4.889563" lat="43.334000"><ele>493.75</ele></trkpt>
<trkpt lon="-4.889738" lat="43.333970"><ele>494.0</ele></trkpt>
<trkpt lon="-4.889937" lat="43.333947"><ele>492.75</ele></trkpt>
<trkpt lon="-4.890008" lat="43.333928"><ele>492.5</ele></trkpt>
<trkpt lon="-4.890077" lat="43.333883"><ele>492.5</ele></trkpt>
<trkpt lon="-4.890124" lat="43.333793"><ele>491.5</ele></trkpt>
<trkpt lon="-4.890131" lat="43.333707"><ele>491.5</ele></trkpt>
<trkpt lon="-4.890105" lat="43.333587"><ele>492.0</ele></trkpt>
<trkpt lon="-4.890111" lat="43.333526"><ele>492.5</ele></trkpt>
<trkpt lon="-4.890152" lat="43.333471"><ele>492.75</ele></trkpt>
<trkpt lon="-4.890186" lat="43.333449"><ele>492.75</ele></trkpt>
<trkpt lon="-4.890226" lat="43.333435"><ele>492.75</ele></trkpt>
<trkpt lon="-4.890875" lat="43.333326"><ele>493.0</ele></trkpt>
<trkpt lon="-4.891214" lat="43.333281"><ele>493.5</ele></trkpt>
<trkpt lon="-4.891447" lat="43.333265"><ele>493.5</ele></trkpt>
<trkpt lon="-4.892001" lat="43.333254"><ele>492.25</ele></trkpt>
<trkpt lon="-4.892161" lat="43.333234"><ele>490.0</ele></trkpt>
<trkpt lon="-4.892667" lat="43.333050"><ele>484.0</ele></trkpt>
<trkpt lon="-4.892848" lat="43.333019"><ele>484.25</ele></trkpt>
<trkpt lon="-4.893340" lat="43.332996"><ele>484.25</ele></trkpt>
<trkpt lon="-4.893566" lat="43.333014"><ele>483.5</ele></trkpt>
<trkpt lon="-4.893879" lat="43.333011"><ele>483.0</ele></trkpt>
<trkpt lon="-4.894131" lat="43.333086"><ele>482.25</ele></trkpt>
<trkpt lon="-4.894544" lat="43.333161"><ele>482.0</ele></trkpt>
<trkpt lon="-4.894818" lat="43.333251"><ele>480.75</ele></trkpt>
<trkpt lon="-4.895019" lat="43.333342"><ele>479.75</ele></trkpt>
<trkpt lon="-4.895153" lat="43.333419"><ele>479.25</ele></trkpt>
<trkpt lon="-4.895370" lat="43.333493"><ele>478.25</ele></trkpt>
<trkpt lon="-4.895484" lat="43.333551"><ele>476.25</ele></trkpt>
<trkpt lon="-4.895508" lat="43.333600"><ele>474.5</ele></trkpt>
<trkpt lon="-4.895489" lat="43.333647"><ele>473.75</ele></trkpt>
<trkpt lon="-4.895302" lat="43.333834"><ele>471.0</ele></trkpt>
<trkpt lon="-4.895146" lat="43.334003"><ele>468.5</ele></trkpt>
<trkpt lon="-4.895084" lat="43.334050"><ele>467.75</ele></trkpt>
<trkpt lon="-4.894975" lat="43.334096"><ele>467.0</ele></trkpt>
<trkpt lon="-4.894777" lat="43.334127"><ele>466.0</ele></trkpt>
<trkpt lon="-4.894654" lat="43.334217"><ele>464.0</ele></trkpt>
<trkpt lon="-4.894623" lat="43.334302"><ele>462.5</ele></trkpt>
<trkpt lon="-4.895048" lat="43.334571"><ele>457.75</ele></trkpt>
<trkpt lon="-4.895116" lat="43.334647"><ele>456.75</ele></trkpt>
<trkpt lon="-4.895098" lat="43.334791"><ele>454.75</ele></trkpt>
<trkpt lon="-4.895110" lat="43.334916"><ele>453.0</ele></trkpt>
<trkpt lon="-4.895184" lat="43.334997"><ele>452.0</ele></trkpt>
<trkpt lon="-4.895474" lat="43.335037"><ele>449.5</ele></trkpt>
<trkpt lon="-4.895763" lat="43.335114"><ele>446.5</ele></trkpt>
<trkpt lon="-4.896047" lat="43.335351"><ele>442.25</ele></trkpt>
<trkpt lon="-4.896275" lat="43.335409"><ele>441.5</ele></trkpt>
<trkpt lon="-4.896355" lat="43.335463"><ele>440.75</ele></trkpt>
<trkpt lon="-4.896780" lat="43.335669"><ele>436.0</ele></trkpt>
<trkpt lon="-4.897224" lat="43.335777"><ele>434.75</ele></trkpt>
<trkpt lon="-4.897951" lat="43.336055"><ele>430.5</ele></trkpt>
<trkpt lon="-4.898296" lat="43.336328"><ele>427.75</ele></trkpt>
<trkpt lon="-4.898440" lat="43.336467"><ele>426.5</ele></trkpt>
<trkpt lon="-4.898483" lat="43.336517"><ele>425.75</ele></trkpt>
<trkpt lon="-4.898572" lat="43.336675"><ele>423.75</ele></trkpt>
<trkpt lon="-4.898633" lat="43.336740"><ele>423.25</ele></trkpt>
<trkpt lon="-4.898708" lat="43.336806"><ele>422.75</ele></trkpt>
<trkpt lon="-4.898848" lat="43.336913"><ele>422.0</ele></trkpt>
<trkpt lon="-4.898990" lat="43.337007"><ele>421.5</ele></trkpt>
<trkpt lon="-4.899123" lat="43.337080"><ele>421.25</ele></trkpt>
<trkpt lon="-4.899346" lat="43.337190"><ele>422.5</ele></trkpt>
<trkpt lon="-4.899548" lat="43.337272"><ele>423.75</ele></trkpt>
<trkpt lon="-4.900145" lat="43.337476"><ele>423.75</ele></trkpt>
<trkpt lon="-4.900449" lat="43.337549"><ele>425.0</ele></trkpt>
<trkpt lon="-4.900828" lat="43.337653"><ele>425.75</ele></trkpt>
<trkpt lon="-4.901164" lat="43.337709"><ele>425.0</ele></trkpt>
<trkpt lon="-4.901266" lat="43.337740"><ele>424.75</ele></trkpt>
<trkpt lon="-4.901729" lat="43.337925"><ele>423.25</ele></trkpt>
<trkpt lon="-4.901862" lat="43.337956"><ele>423.25</ele></trkpt>
<trkpt lon="-4.902082" lat="43.338036"><ele>424.25</ele></trkpt>
<trkpt lon="-4.902198" lat="43.338071"><ele>424.5</ele></trkpt>
<trkpt lon="-4.902306" lat="43.338076"><ele>424.5</ele></trkpt>
<trkpt lon="-4.902457" lat="43.338022"><ele>424.25</ele></trkpt>
<trkpt lon="-4.902578" lat="43.337989"><ele>424.0</ele></trkpt>
<trkpt lon="-4.902796" lat="43.337947"><ele>423.25</ele></trkpt>
<trkpt lon="-4.902869" lat="43.337937"><ele>422.5</ele></trkpt>
<trkpt lon="-4.902941" lat="43.337935"><ele>422.0</ele></trkpt>
<trkpt lon="-4.903184" lat="43.337958"><ele>422.0</ele></trkpt>
<trkpt lon="-4.903316" lat="43.337963"><ele>422.25</ele></trkpt>
<trkpt lon="-4.903426" lat="43.337938"><ele>421.75</ele></trkpt>
<trkpt lon="-4.903576" lat="43.337875"><ele>420.0</ele></trkpt>
<trkpt lon="-4.903708" lat="43.337850"><ele>418.25</ele></trkpt>
<trkpt lon="-4.903826" lat="43.337836"><ele>416.75</ele></trkpt>
<trkpt lon="-4.903979" lat="43.337787"><ele>415.5</ele></trkpt>
<trkpt lon="-4.904062" lat="43.337752"><ele>415.5</ele></trkpt>
<trkpt lon="-4.904474" lat="43.337479"><ele>413.75</ele></trkpt>
<trkpt lon="-4.904556" lat="43.337433"><ele>413.75</ele></trkpt>
<trkpt lon="-4.904619" lat="43.337408"><ele>413.75</ele></trkpt>
<trkpt lon="-4.904679" lat="43.337388"><ele>413.75</ele></trkpt>
<trkpt lon="-4.904778" lat="43.337367"><ele>413.25</ele></trkpt>
<trkpt lon="-4.904865" lat="43.337359"><ele>412.5</ele></trkpt>
<trkpt lon="-4.904996" lat="43.337372"><ele>412.25</ele></trkpt>
<trkpt lon="-4.905147" lat="43.337368"><ele>413.0</ele></trkpt>
<trkpt lon="-4.905230" lat="43.337357"><ele>413.0</ele></trkpt>
<trkpt lon="-4.905300" lat="43.337327"><ele>412.5</ele></trkpt>
<trkpt lon="-4.905363" lat="43.337278"><ele>412.0</ele></trkpt>
<trkpt lon="-4.905517" lat="43.337122"><ele>411.0</ele></trkpt>
<trkpt lon="-4.905749" lat="43.336912"><ele>408.75</ele></trkpt>
<trkpt lon="-4.905829" lat="43.336841"><ele>408.25</ele></trkpt>
<trkpt lon="-4.905889" lat="43.336799"><ele>408.0</ele></trkpt>
<trkpt lon="-4.905946" lat="43.336761"><ele>407.75</ele></trkpt>
<trkpt lon="-4.906073" lat="43.336705"><ele>408.0</ele></trkpt>
<trkpt lon="-4.906280" lat="43.336646"><ele>407.75</ele></trkpt>
<trkpt lon="-4.906364" lat="43.336626"><ele>407.75</ele></trkpt>
<trkpt lon="-4.906462" lat="43.336595"><ele>407.75</ele></trkpt>
<trkpt lon="-4.906541" lat="43.336560"><ele>407.5</ele></trkpt>
<trkpt lon="-4.906936" lat="43.336341"><ele>406.5</ele></trkpt>
<trkpt lon="-4.907131" lat="43.336258"><ele>407.0</ele></trkpt>
<trkpt lon="-4.907302" lat="43.336196"><ele>407.5</ele></trkpt>
<trkpt lon="-4.907449" lat="43.336116"><ele>408.75</ele></trkpt>
<trkpt lon="-4.907497" lat="43.336080"><ele>409.5</ele></trkpt>
<trkpt lon="-4.907536" lat="43.336040"><ele>409.75</ele></trkpt>
<trkpt lon="-4.907673" lat="43.335851"><ele>412.75</ele></trkpt>
<trkpt lon="-4.907711" lat="43.335766"><ele>414.0</ele></trkpt>
<trkpt lon="-4.907732" lat="43.335746"><ele>414.0</ele></trkpt>
<trkpt lon="-4.907875" lat="43.335713"><ele>414.25</ele></trkpt>
<trkpt lon="-4.907946" lat="43.335699"><ele>414.25</ele></trkpt>
<trkpt lon="-4.908252" lat="43.335784"><ele>414.75</ele></trkpt>
<trkpt lon="-4.909387" lat="43.336101"><ele>411.25</ele></trkpt>
<trkpt lon="-4.909696" lat="43.336170"><ele>408.5</ele></trkpt>
<trkpt lon="-4.909895" lat="43.336202"><ele>408.75</ele></trkpt>
<trkpt lon="-4.910147" lat="43.336226"><ele>408.75</ele></trkpt>
<trkpt lon="-4.910426" lat="43.336237"><ele>408.0</ele></trkpt>
<trkpt lon="-4.911127" lat="43.336246"><ele>404.75</ele></trkpt>
<trkpt lon="-4.911339" lat="43.336255"><ele>403.0</ele></trkpt>
<trkpt lon="-4.911609" lat="43.336281"><ele>401.75</ele></trkpt>
<trkpt lon="-4.911844" lat="43.336333"><ele>401.5</ele></trkpt>
<trkpt lon="-4.912084" lat="43.336405"><ele>400.75</ele></trkpt>
<trkpt lon="-4.912316" lat="43.336495"><ele>400.75</ele></trkpt>
<trkpt lon="-4.912484" lat="43.336582"><ele>400.0</ele></trkpt>
<trkpt lon="-4.912631" lat="43.336673"><ele>398.75</ele></trkpt>
<trkpt lon="-4.912761" lat="43.336772"><ele>397.5</ele></trkpt>
<trkpt lon="-4.912884" lat="43.336881"><ele>396.25</ele></trkpt>
<trkpt lon="-4.912995" lat="43.336998"><ele>395.5</ele></trkpt>
<trkpt lon="-4.913328" lat="43.337457"><ele>393.0</ele></trkpt>
<trkpt lon="-4.913490" lat="43.337654"><ele>393.75</ele></trkpt>
<trkpt lon="-4.913614" lat="43.337776"><ele>391.0</ele></trkpt>
<trkpt lon="-4.913748" lat="43.337883"><ele>391.5</ele></trkpt>
<trkpt lon="-4.913921" lat="43.337976"><ele>391.25</ele></trkpt>
<trkpt lon="-4.914013" lat="43.338014"><ele>390.0</ele></trkpt>
<trkpt lon="-4.914150" lat="43.338047"><ele>388.25</ele></trkpt>
<trkpt lon="-4.914396" lat="43.338159"><ele>387.75</ele></trkpt>
<trkpt lon="-4.914450" lat="43.338182"><ele>387.75</ele></trkpt>
<trkpt lon="-4.914463" lat="43.338215"><ele>388.0</ele></trkpt>
<trkpt lon="-4.914492" lat="43.338255"><ele>388.5</ele></trkpt>
<trkpt lon="-4.914533" lat="43.338288"><ele>388.5</ele></trkpt>
<trkpt lon="-4.914590" lat="43.338315"><ele>388.25</ele></trkpt>
<trkpt lon="-4.914662" lat="43.338331"><ele>387.5</ele></trkpt>
<trkpt lon="-4.914728" lat="43.338331"><ele>387.0</ele></trkpt>
<trkpt lon="-4.914799" lat="43.338317"><ele>387.0</ele></trkpt>
<trkpt lon="-4.914870" lat="43.338284"><ele>387.0</ele></trkpt>
<trkpt lon="-4.914907" lat="43.338253"><ele>386.75</ele></trkpt>
<trkpt lon="-4.914937" lat="43.338209"><ele>386.25</ele></trkpt>
<trkpt lon="-4.914951" lat="43.338157"><ele>385.5</ele></trkpt>
<trkpt lon="-4.914944" lat="43.338103"><ele>384.75</ele></trkpt>
<trkpt lon="-4.915063" lat="43.337980"><ele>383.25</ele></trkpt>
<trkpt lon="-4.915114" lat="43.337932"><ele>382.75</ele></trkpt>
<trkpt lon="-4.915381" lat="43.337820"><ele>380.25</ele></trkpt>
<trkpt lon="-4.915695" lat="43.337714"><ele>379.75</ele></trkpt>
<trkpt lon="-4.916116" lat="43.337613"><ele>377.25</ele></trkpt>
<trkpt lon="-4.916402" lat="43.337560"><ele>374.75</ele></trkpt>
<trkpt lon="-4.916662" lat="43.337541"><ele>373.0</ele></trkpt>
<trkpt lon="-4.916883" lat="43.337547"><ele>371.75</ele></trkpt>
<trkpt lon="-4.917452" lat="43.337590"><ele>368.25</ele></trkpt>
<trkpt lon="-4.917776" lat="43.337590"><ele>366.5</ele></trkpt>
<trkpt lon="-4.918075" lat="43.337553"><ele>365.25</ele></trkpt>
<trkpt lon="-4.918448" lat="43.337485"><ele>364.75</ele></trkpt>
<trkpt lon="-4.918698" lat="43.337449"><ele>365.25</ele></trkpt>
<trkpt lon="-4.918826" lat="43.337435"><ele>365.5</ele></trkpt>
<trkpt lon="-4.918957" lat="43.337433"><ele>364.75</ele></trkpt>
<trkpt lon="-4.919194" lat="43.337440"><ele>363.25</ele></trkpt>
<trkpt lon="-4.919911" lat="43.337534"><ele>356.25</ele></trkpt>
<trkpt lon="-4.920285" lat="43.337558"><ele>354.0</ele></trkpt>
<trkpt lon="-4.921762" lat="43.337563"><ele>346.75</ele></trkpt>
<trkpt lon="-4.921964" lat="43.337572"><ele>345.75</ele></trkpt>
<trkpt lon="-4.922182" lat="43.337595"><ele>346.25</ele></trkpt>
<trkpt lon="-4.922350" lat="43.337622"><ele>347.0</ele></trkpt>
<trkpt lon="-4.922520" lat="43.337659"><ele>347.25</ele></trkpt>
<trkpt lon="-4.922624" lat="43.337688"><ele>345.75</ele></trkpt>
<trkpt lon="-4.922801" lat="43.337743"><ele>342.0</ele></trkpt>
<trkpt lon="-4.923563" lat="43.338021"><ele>336.0</ele></trkpt>
<trkpt lon="-4.923819" lat="43.338133"><ele>332.5</ele></trkpt>
<trkpt lon="-4.923912" lat="43.338185"><ele>331.75</ele></trkpt>
<trkpt lon="-4.924441" lat="43.338531"><ele>330.5</ele></trkpt>
<trkpt lon="-4.924593" lat="43.338614"><ele>329.25</ele></trkpt>
<trkpt lon="-4.924743" lat="43.338675"><ele>326.75</ele></trkpt>
<trkpt lon="-4.924919" lat="43.338726"><ele>326.5</ele></trkpt>
<trkpt lon="-4.925478" lat="43.338821"><ele>325.5</ele></trkpt>
<trkpt lon="-4.925655" lat="43.338839"><ele>324.75</ele></trkpt>
<trkpt lon="-4.925845" lat="43.338839"><ele>323.75</ele></trkpt>
<trkpt lon="-4.926059" lat="43.338819"><ele>322.0</ele></trkpt>
<trkpt lon="-4.926277" lat="43.338685"><ele>320.75</ele></trkpt>
<trkpt lon="-4.926354" lat="43.338684"><ele>320.0</ele></trkpt>
<trkpt lon="-4.926723" lat="43.338710"><ele>318.5</ele></trkpt>
<trkpt lon="-4.926759" lat="43.338714"><ele>318.5</ele></trkpt>
<trkpt lon="-4.926787" lat="43.338724"><ele>318.5</ele></trkpt>
<trkpt lon="-4.926811" lat="43.338738"><ele>318.5</ele></trkpt>
<trkpt lon="-4.926819" lat="43.338763"><ele>318.25</ele></trkpt>
<trkpt lon="-4.926844" lat="43.338881"><ele>317.0</ele></trkpt>
<trkpt lon="-4.926985" lat="43.338941"><ele>316.5</ele></trkpt>
<trkpt lon="-4.927054" lat="43.338984"><ele>316.5</ele></trkpt>
<trkpt lon="-4.927493" lat="43.339335"><ele>313.75</ele></trkpt>
<trkpt lon="-4.927351" lat="43.339374"><ele>312.25</ele></trkpt>
<trkpt lon="-4.927265" lat="43.339377"><ele>311.75</ele></trkpt>
<trkpt lon="-4.927198" lat="43.339358"><ele>311.5</ele></trkpt>
<trkpt lon="-4.927116" lat="43.339298"><ele>311.75</ele></trkpt>
<trkpt lon="-4.927022" lat="43.339204"><ele>312.5</ele></trkpt>
<trkpt lon="-4.926900" lat="43.339036"><ele>314.25</ele></trkpt>
<trkpt lon="-4.926842" lat="43.338992"><ele>314.5</ele></trkpt>
<trkpt lon="-4.926758" lat="43.338962"><ele>314.75</ele></trkpt>
<trkpt lon="-4.926663" lat="43.338962"><ele>314.25</ele></trkpt>
<trkpt lon="-4.926211" lat="43.339076"><ele>313.25</ele></trkpt>
<trkpt lon="-4.925936" lat="43.339104"><ele>312.25</ele></trkpt>
<trkpt lon="-4.925574" lat="43.339166"><ele>308.0</ele></trkpt>
<trkpt lon="-4.924622" lat="43.339248"><ele>300.5</ele></trkpt>
<trkpt lon="-4.924334" lat="43.339299"><ele>297.25</ele></trkpt>
<trkpt lon="-4.924166" lat="43.339346"><ele>295.5</ele></trkpt>
<trkpt lon="-4.924019" lat="43.339406"><ele>292.25</ele></trkpt>
<trkpt lon="-4.923821" lat="43.339497"><ele>288.5</ele></trkpt>
<trkpt lon="-4.923775" lat="43.339528"><ele>288.0</ele></trkpt>
<trkpt lon="-4.923748" lat="43.339560"><ele>287.25</ele></trkpt>
<trkpt lon="-4.923741" lat="43.339669"><ele>284.75</ele></trkpt>
<trkpt lon="-4.923747" lat="43.339709"><ele>283.75</ele></trkpt>
<trkpt lon="-4.923767" lat="43.339756"><ele>283.25</ele></trkpt>
<trkpt lon="-4.923822" lat="43.339842"><ele>282.5</ele></trkpt>
<trkpt lon="-4.924157" lat="43.340248"><ele>282.75</ele></trkpt>
<trkpt lon="-4.924194" lat="43.340319"><ele>282.5</ele></trkpt>
<trkpt lon="-4.924235" lat="43.340373"><ele>281.75</ele></trkpt>
<trkpt lon="-4.924367" lat="43.340475"><ele>281.0</ele></trkpt>
<trkpt lon="-4.924421" lat="43.340533"><ele>281.0</ele></trkpt>
<trkpt lon="-4.924506" lat="43.340629"><ele>280.75</ele></trkpt>
<trkpt lon="-4.924677" lat="43.340873"><ele>280.0</ele></trkpt>
<trkpt lon="-4.924705" lat="43.340890"><ele>280.0</ele></trkpt>
<trkpt lon="-4.924750" lat="43.340898"><ele>280.0</ele></trkpt>
<trkpt lon="-4.925240" lat="43.340962"><ele>279.75</ele></trkpt>
<trkpt lon="-4.925475" lat="43.340986"><ele>279.0</ele></trkpt>
<trkpt lon="-4.925570" lat="43.340993"><ele>278.5</ele></trkpt>
<trkpt lon="-4.925845" lat="43.340977"><ele>277.75</ele></trkpt>
<trkpt lon="-4.925954" lat="43.340978"><ele>277.0</ele></trkpt>
<trkpt lon="-4.927100" lat="43.341120"><ele>275.25</ele></trkpt>
<trkpt lon="-4.927185" lat="43.341121"><ele>275.25</ele></trkpt>
<trkpt lon="-4.927288" lat="43.341113"><ele>275.25</ele></trkpt>
<trkpt lon="-4.927364" lat="43.341091"><ele>275.25</ele></trkpt>
<trkpt lon="-4.927407" lat="43.341065"><ele>275.0</ele></trkpt>
<trkpt lon="-4.927459" lat="43.340934"><ele>273.25</ele></trkpt>
<trkpt lon="-4.927522" lat="43.340713"><ele>271.5</ele></trkpt>
<trkpt lon="-4.927557" lat="43.340656"><ele>271.5</ele></trkpt>
<trkpt lon="-4.927588" lat="43.340624"><ele>271.5</ele></trkpt>
<trkpt lon="-4.927678" lat="43.340576"><ele>272.25</ele></trkpt>
<trkpt lon="-4.927740" lat="43.340558"><ele>272.5</ele></trkpt>
<trkpt lon="-4.928774" lat="43.340397"><ele>275.25</ele></trkpt>
<trkpt lon="-4.929550" lat="43.340296"><ele>279.0</ele></trkpt>
<trkpt lon="-4.929665" lat="43.340258"><ele>279.0</ele></trkpt>
<trkpt lon="-4.930208" lat="43.339982"><ele>276.75</ele></trkpt>
<trkpt lon="-4.930854" lat="43.339716"><ele>270.25</ele></trkpt>
<trkpt lon="-4.931111" lat="43.339630"><ele>273.5</ele></trkpt>
<trkpt lon="-4.931292" lat="43.339591"><ele>272.5</ele></trkpt>
<trkpt lon="-4.931395" lat="43.339604"><ele>269.5</ele></trkpt>
<trkpt lon="-4.931490" lat="43.339725"><ele>266.0</ele></trkpt>
<trkpt lon="-4.931503" lat="43.339742"><ele>266.0</ele></trkpt>
<trkpt lon="-4.931542" lat="43.339769"><ele>266.5</ele></trkpt>
<trkpt lon="-4.931604" lat="43.339783"><ele>266.75</ele></trkpt>
<trkpt lon="-4.931660" lat="43.339787"><ele>266.75</ele></trkpt>
<trkpt lon="-4.931724" lat="43.339779"><ele>267.25</ele></trkpt>
<trkpt lon="-4.932308" lat="43.339666"><ele>270.0</ele></trkpt>
<trkpt lon="-4.932554" lat="43.339552"><ele>271.75</ele></trkpt>
<trkpt lon="-4.932913" lat="43.339291"><ele>268.75</ele></trkpt>
<trkpt lon="-4.933268" lat="43.339069"><ele>268.5</ele></trkpt>
<trkpt lon="-4.933818" lat="43.338874"><ele>265.0</ele></trkpt>
<trkpt lon="-4.934220" lat="43.338783"><ele>266.25</ele></trkpt>
<trkpt lon="-4.934642" lat="43.338726"><ele>267.0</ele></trkpt>
<trkpt lon="-4.935203" lat="43.338698"><ele>268.75</ele></trkpt>
<trkpt lon="-4.935321" lat="43.338673"><ele>268.5</ele></trkpt>
<trkpt lon="-4.935416" lat="43.338645"><ele>268.5</ele></trkpt>
<trkpt lon="-4.935547" lat="43.338583"><ele>268.0</ele></trkpt>
<trkpt lon="-4.935890" lat="43.338379"><ele>268.75</ele></trkpt>
<trkpt lon="-4.936297" lat="43.338227"><ele>268.25</ele></trkpt>
<trkpt lon="-4.936495" lat="43.338142"><ele>268.75</ele></trkpt>
<trkpt lon="-4.937165" lat="43.337805"><ele>269.25</ele></trkpt>
<trkpt lon="-4.937369" lat="43.337736"><ele>269.75</ele></trkpt>
<trkpt lon="-4.937754" lat="43.337582"><ele>270.5</ele></trkpt>
<trkpt lon="-4.938242" lat="43.337331"><ele>267.0</ele></trkpt>
<trkpt lon="-4.938438" lat="43.337245"><ele>264.5</ele></trkpt>
<trkpt lon="-4.938584" lat="43.337201"><ele>263.5</ele></trkpt>
<trkpt lon="-4.938824" lat="43.337143"><ele>265.75</ele></trkpt>
<trkpt lon="-4.938928" lat="43.337107"><ele>265.75</ele></trkpt>
<trkpt lon="-4.939316" lat="43.336907"><ele>259.75</ele></trkpt>
<trkpt lon="-4.939685" lat="43.336704"><ele>254.75</ele></trkpt>
<trkpt lon="-4.939734" lat="43.336658"><ele>254.0</ele></trkpt>
<trkpt lon="-4.939751" lat="43.336614"><ele>254.0</ele></trkpt>
<trkpt lon="-4.939742" lat="43.336539"><ele>253.25</ele></trkpt>
<trkpt lon="-4.940039" lat="43.336516"><ele>256.25</ele></trkpt>
<trkpt lon="-4.940420" lat="43.336443"><ele>256.75</ele></trkpt>
<trkpt lon="-4.940697" lat="43.336370"><ele>253.5</ele></trkpt>
<trkpt lon="-4.940865" lat="43.336313"><ele>253.5</ele></trkpt>
<trkpt lon="-4.941295" lat="43.336136"><ele>253.25</ele></trkpt>
<trkpt lon="-4.941582" lat="43.336042"><ele>252.5</ele></trkpt>
<trkpt lon="-4.942571" lat="43.335827"><ele>252.5</ele></trkpt>
<trkpt lon="-4.942944" lat="43.335720"><ele>253.25</ele></trkpt>
<trkpt lon="-4.943355" lat="43.335569"><ele>253.0</ele></trkpt>
<trkpt lon="-4.943629" lat="43.335448"><ele>252.75</ele></trkpt>
<trkpt lon="-4.944162" lat="43.335198"><ele>253.0</ele></trkpt>
<trkpt lon="-4.944324" lat="43.335134"><ele>254.5</ele></trkpt>
<trkpt lon="-4.944448" lat="43.335098"><ele>255.5</ele></trkpt>
<trkpt lon="-4.944642" lat="43.335061"><ele>254.5</ele></trkpt>
<trkpt lon="-4.944850" lat="43.335051"><ele>253.75</ele></trkpt>
<trkpt lon="-4.944966" lat="43.335055"><ele>253.25</ele></trkpt>
<trkpt lon="-4.945672" lat="43.335122"><ele>250.5</ele></trkpt>
<trkpt lon="-4.945917" lat="43.335122"><ele>249.75</ele></trkpt>
<trkpt lon="-4.946087" lat="43.335100"><ele>250.25</ele></trkpt>
<trkpt lon="-4.946218" lat="43.335073"><ele>250.5</ele></trkpt>
<trkpt lon="-4.946423" lat="43.335006"><ele>249.75</ele></trkpt>
<trkpt lon="-4.947096" lat="43.334679"><ele>248.5</ele></trkpt>
<trkpt lon="-4.947374" lat="43.334554"><ele>248.5</ele></trkpt>
<trkpt lon="-4.947434" lat="43.334578"><ele>250.0</ele></trkpt>
<trkpt lon="-4.947513" lat="43.334585"><ele>251.0</ele></trkpt>
<trkpt lon="-4.947750" lat="43.334561"><ele>252.0</ele></trkpt>
<trkpt lon="-4.947976" lat="43.334546"><ele>252.75</ele></trkpt>
<trkpt lon="-4.948118" lat="43.334544"><ele>253.25</ele></trkpt>
<trkpt lon="-4.948587" lat="43.334581"><ele>256.5</ele></trkpt>
<trkpt lon="-4.948709" lat="43.334578"><ele>256.75</ele></trkpt>
<trkpt lon="-4.949471" lat="43.334538"><ele>254.5</ele></trkpt>
<trkpt lon="-4.949951" lat="43.334482"><ele>251.75</ele></trkpt>
<trkpt lon="-4.950249" lat="43.334437"><ele>250.0</ele></trkpt>
<trkpt lon="-4.950362" lat="43.334427"><ele>249.5</ele></trkpt>
<trkpt lon="-4.950415" lat="43.334432"><ele>249.25</ele></trkpt>
<trkpt lon="-4.950759" lat="43.334507"><ele>248.75</ele></trkpt>
<trkpt lon="-4.950899" lat="43.334524"><ele>247.75</ele></trkpt>
<trkpt lon="-4.951050" lat="43.334514"><ele>245.75</ele></trkpt>
<trkpt lon="-4.951137" lat="43.334509"><ele>245.0</ele></trkpt>
<trkpt lon="-4.951306" lat="43.334460"><ele>243.5</ele></trkpt>
<trkpt lon="-4.951820" lat="43.334631"><ele>241.0</ele></trkpt>
<trkpt lon="-4.951944" lat="43.334669"><ele>240.0</ele></trkpt>
<trkpt lon="-4.952267" lat="43.334796"><ele>238.5</ele></trkpt>
<trkpt lon="-4.952330" lat="43.334811"><ele>238.0</ele></trkpt>
<trkpt lon="-4.952404" lat="43.334826"><ele>237.5</ele></trkpt>
<trkpt lon="-4.952810" lat="43.334864"><ele>234.25</ele></trkpt>
<trkpt lon="-4.952873" lat="43.334877"><ele>233.75</ele></trkpt>
<trkpt lon="-4.953097" lat="43.334969"><ele>232.25</ele></trkpt>
<trkpt lon="-4.953179" lat="43.334997"><ele>232.25</ele></trkpt>
<trkpt lon="-4.953351" lat="43.335028"><ele>233.25</ele></trkpt>
<trkpt lon="-4.953552" lat="43.335041"><ele>233.25</ele></trkpt>
<trkpt lon="-4.953951" lat="43.335033"><ele>235.25</ele></trkpt>
<trkpt lon="-4.954020" lat="43.335038"><ele>236.25</ele></trkpt>
<trkpt lon="-4.954078" lat="43.335054"><ele>237.25</ele></trkpt>
<trkpt lon="-4.954185" lat="43.335098"><ele>238.5</ele></trkpt>
<trkpt lon="-4.954310" lat="43.335138"><ele>238.75</ele></trkpt>
<trkpt lon="-4.954433" lat="43.335156"><ele>238.75</ele></trkpt>
<trkpt lon="-4.954551" lat="43.335166"><ele>239.0</ele></trkpt>
<trkpt lon="-4.954601" lat="43.335163"><ele>238.75</ele></trkpt>
<trkpt lon="-4.954693" lat="43.335107"><ele>238.75</ele></trkpt>
<trkpt lon="-4.954842" lat="43.335123"><ele>239.0</ele></trkpt>
<trkpt lon="-4.955047" lat="43.335133"><ele>238.5</ele></trkpt>
<trkpt lon="-4.956177" lat="43.335116"><ele>233.5</ele></trkpt>
<trkpt lon="-4.958241" lat="43.335083"><ele>228.0</ele></trkpt>
<trkpt lon="-4.958795" lat="43.335072"><ele>226.5</ele></trkpt>
<trkpt lon="-4.958892" lat="43.335071"><ele>226.0</ele></trkpt>
<trkpt lon="-4.959880" lat="43.335055"><ele>221.0</ele></trkpt>
<trkpt lon="-4.961241" lat="43.335032"><ele>216.25</ele></trkpt>
<trkpt lon="-4.961368" lat="43.335030"><ele>216.25</ele></trkpt>
<trkpt lon="-4.961740" lat="43.335029"><ele>215.0</ele></trkpt>
<trkpt lon="-4.962105" lat="43.335045"><ele>213.75</ele></trkpt>
<trkpt lon="-4.962632" lat="43.335106"><ele>212.5</ele></trkpt>
<trkpt lon="-4.963047" lat="43.335156"><ele>211.5</ele></trkpt>
<trkpt lon="-4.963232" lat="43.335175"><ele>210.5</ele></trkpt>
<trkpt lon="-4.963421" lat="43.335185"><ele>209.75</ele></trkpt>
<trkpt lon="-4.963532" lat="43.335188"><ele>209.5</ele></trkpt>
<trkpt lon="-4.963654" lat="43.335183"><ele>209.25</ele></trkpt>
<trkpt lon="-4.964635" lat="43.335085"><ele>205.5</ele></trkpt>
<trkpt lon="-4.965777" lat="43.334968"><ele>204.75</ele></trkpt>
<trkpt lon="-4.965984" lat="43.334949"><ele>204.75</ele></trkpt>
<trkpt lon="-4.966293" lat="43.334928"><ele>204.25</ele></trkpt>
<trkpt lon="-4.966641" lat="43.334943"><ele>204.0</ele></trkpt>
<trkpt lon="-4.966721" lat="43.334955"><ele>203.75</ele></trkpt>
<trkpt lon="-4.967039" lat="43.335009"><ele>203.25</ele></trkpt>
<trkpt lon="-4.967096" lat="43.335018"><ele>202.75</ele></trkpt>
<trkpt lon="-4.967220" lat="43.335039"><ele>202.0</ele></trkpt>
<trkpt lon="-4.967370" lat="43.335055"><ele>202.5</ele></trkpt>
<trkpt lon="-4.967439" lat="43.335055"><ele>202.75</ele></trkpt>
<trkpt lon="-4.967525" lat="43.335044"><ele>202.75</ele></trkpt>
<trkpt lon="-4.967674" lat="43.335011"><ele>202.25</ele></trkpt>
<trkpt lon="-4.967878" lat="43.334961"><ele>201.75</ele></trkpt>
<trkpt lon="-4.968060" lat="43.334935"><ele>201.75</ele></trkpt>
<trkpt lon="-4.968178" lat="43.334922"><ele>201.5</ele></trkpt>
<trkpt lon="-4.968231" lat="43.334916"><ele>201.5</ele></trkpt>
<trkpt lon="-4.968715" lat="43.334861"><ele>201.25</ele></trkpt>
<trkpt lon="-4.969018" lat="43.334801"><ele>200.75</ele></trkpt>
<trkpt lon="-4.969158" lat="43.334772"><ele>200.25</ele></trkpt>
<trkpt lon="-4.969329" lat="43.334739"><ele>200.0</ele></trkpt>
<trkpt lon="-4.969507" lat="43.334725"><ele>200.0</ele></trkpt>
<trkpt lon="-4.969716" lat="43.334725"><ele>200.0</ele></trkpt>
<trkpt lon="-4.969946" lat="43.334739"><ele>199.0</ele></trkpt>
<trkpt lon="-4.970029" lat="43.334750"><ele>199.0</ele></trkpt>
<trkpt lon="-4.970546" lat="43.334823"><ele>199.0</ele></trkpt>
<trkpt lon="-4.971011" lat="43.334884"><ele>198.0</ele></trkpt>
<trkpt lon="-4.972005" lat="43.335022"><ele>197.0</ele></trkpt>
<trkpt lon="-4.972246" lat="43.335058"><ele>196.75</ele></trkpt>
<trkpt lon="-4.972446" lat="43.335100"><ele>196.25</ele></trkpt>
<trkpt lon="-4.972560" lat="43.335130"><ele>196.25</ele></trkpt>
<trkpt lon="-4.972656" lat="43.335163"><ele>196.5</ele></trkpt>
<trkpt lon="-4.972873" lat="43.335259"><ele>196.75</ele></trkpt>
<trkpt lon="-4.973032" lat="43.335334"><ele>197.0</ele></trkpt>
<trkpt lon="-4.973286" lat="43.335469"><ele>196.5</ele></trkpt>
<trkpt lon="-4.973255" lat="43.335517"><ele>196.75</ele></trkpt>
<trkpt lon="-4.973263" lat="43.335546"><ele>196.75</ele></trkpt>
<trkpt lon="-4.973288" lat="43.335570"><ele>197.0</ele></trkpt>
<trkpt lon="-4.973389" lat="43.335618"><ele>197.0</ele></trkpt>
<trkpt lon="-4.973866" lat="43.335874"><ele>197.5</ele></trkpt>
<trkpt lon="-4.973898" lat="43.335905"><ele>197.25</ele></trkpt>
<trkpt lon="-4.973929" lat="43.335970"><ele>196.75</ele></trkpt>
<trkpt lon="-4.973946" lat="43.336115"><ele>195.75</ele></trkpt>
<trkpt lon="-4.973982" lat="43.336216"><ele>195.5</ele></trkpt>
<trkpt lon="-4.974095" lat="43.336424"><ele>194.25</ele></trkpt>
<trkpt lon="-4.974218" lat="43.336685"><ele>195.0</ele></trkpt>
<trkpt lon="-4.974284" lat="43.336924"><ele>195.75</ele></trkpt>
<trkpt lon="-4.974355" lat="43.337212"><ele>194.25</ele></trkpt>
<trkpt lon="-4.974366" lat="43.337328"><ele>194.0</ele></trkpt>
<trkpt lon="-4.974364" lat="43.337390"><ele>194.25</ele></trkpt>
<trkpt lon="-4.974338" lat="43.337538"><ele>195.0</ele></trkpt>
<trkpt lon="-4.974335" lat="43.337614"><ele>195.25</ele></trkpt>
<trkpt lon="-4.974346" lat="43.337726"><ele>195.5</ele></trkpt>
<trkpt lon="-4.974372" lat="43.337793"><ele>195.75</ele></trkpt>
<trkpt lon="-4.974748" lat="43.338230"><ele>203.25</ele></trkpt>
<trkpt lon="-4.974828" lat="43.338295"><ele>203.75</ele></trkpt>
<trkpt lon="-4.974959" lat="43.338364"><ele>204.75</ele></trkpt>
<trkpt lon="-4.975031" lat="43.338411"><ele>205.5</ele></trkpt>
<trkpt lon="-4.975105" lat="43.338497"><ele>207.25</ele></trkpt>
<trkpt lon="-4.975141" lat="43.338522"><ele>207.5</ele></trkpt>
<trkpt lon="-4.975385" lat="43.338611"><ele>208.5</ele></trkpt>
<trkpt lon="-4.975477" lat="43.338657"><ele>208.75</ele></trkpt>
<trkpt lon="-4.975585" lat="43.338771"><ele>210.0</ele></trkpt>
<trkpt lon="-4.975644" lat="43.338838"><ele>210.5</ele></trkpt>
<trkpt lon="-4.975830" lat="43.339017"><ele>211.75</ele></trkpt>
<trkpt lon="-4.975918" lat="43.339144"><ele>212.75</ele></trkpt>
<trkpt lon="-4.975960" lat="43.339171"><ele>212.75</ele></trkpt>
<trkpt lon="-4.976014" lat="43.339195"><ele>212.75</ele></trkpt>
<trkpt lon="-4.976088" lat="43.339217"><ele>212.5</ele></trkpt>
<trkpt lon="-4.976228" lat="43.339243"><ele>212.5</ele></trkpt>
<trkpt lon="-4.976404" lat="43.339293"><ele>212.5</ele></trkpt>
<trkpt lon="-4.976936" lat="43.339541"><ele>209.5</ele></trkpt>
<trkpt lon="-4.977048" lat="43.339584"><ele>208.5</ele></trkpt>
<trkpt lon="-4.977147" lat="43.339612"><ele>207.25</ele></trkpt>
<trkpt lon="-4.977418" lat="43.339670"><ele>205.25</ele></trkpt>
<trkpt lon="-4.977565" lat="43.339712"><ele>204.0</ele></trkpt>
<trkpt lon="-4.977674" lat="43.339761"><ele>203.5</ele></trkpt>
<trkpt lon="-4.977914" lat="43.339893"><ele>202.5</ele></trkpt>
<trkpt lon="-4.978015" lat="43.339935"><ele>201.75</ele></trkpt>
<trkpt lon="-4.978644" lat="43.340138"><ele>198.0</ele></trkpt>
<trkpt lon="-4.978738" lat="43.340166"><ele>197.25</ele></trkpt>
<trkpt lon="-4.978822" lat="43.340211"><ele>197.0</ele></trkpt>
<trkpt lon="-4.978938" lat="43.340302"><ele>196.5</ele></trkpt>
<trkpt lon="-4.979501" lat="43.340710"><ele>191.25</ele></trkpt>
<trkpt lon="-4.979608" lat="43.340795"><ele>189.5</ele></trkpt>
<trkpt lon="-4.979737" lat="43.340997"><ele>189.0</ele></trkpt>
<trkpt lon="-4.979778" lat="43.341048"><ele>189.25</ele></trkpt>
<trkpt lon="-4.979907" lat="43.341121"><ele>190.25</ele></trkpt>
<trkpt lon="-4.979992" lat="43.341155"><ele>191.25</ele></trkpt>
<trkpt lon="-4.980083" lat="43.341185"><ele>191.5</ele></trkpt>
<trkpt lon="-4.980250" lat="43.341222"><ele>191.5</ele></trkpt>
<trkpt lon="-4.980440" lat="43.341221"><ele>189.75</ele></trkpt>
<trkpt lon="-4.980602" lat="43.341210"><ele>188.25</ele></trkpt>
<trkpt lon="-4.980724" lat="43.341213"><ele>188.25</ele></trkpt>
<trkpt lon="-4.980894" lat="43.341238"><ele>188.5</ele></trkpt>
<trkpt lon="-4.980966" lat="43.341259"><ele>188.5</ele></trkpt>
<trkpt lon="-4.980992" lat="43.341236"><ele>188.0</ele></trkpt>
<trkpt lon="-4.981038" lat="43.341215"><ele>187.5</ele></trkpt>
<trkpt lon="-4.981126" lat="43.341194"><ele>187.0</ele></trkpt>
<trkpt lon="-4.981482" lat="43.341139"><ele>187.0</ele></trkpt>
<trkpt lon="-4.981732" lat="43.341126"><ele>188.0</ele></trkpt>
<trkpt lon="-4.981812" lat="43.341132"><ele>188.25</ele></trkpt>
<trkpt lon="-4.981888" lat="43.341156"><ele>188.5</ele></trkpt>
<trkpt lon="-4.982093" lat="43.341259"><ele>188.0</ele></trkpt>
<trkpt lon="-4.982230" lat="43.341345"><ele>186.25</ele></trkpt>
<trkpt lon="-4.982692" lat="43.341290"><ele>184.5</ele></trkpt>
<trkpt lon="-4.982887" lat="43.341281"><ele>184.0</ele></trkpt>
<trkpt lon="-4.983119" lat="43.341288"><ele>182.25</ele></trkpt>
<trkpt lon="-4.983281" lat="43.341277"><ele>180.75</ele></trkpt>
<trkpt lon="-4.983366" lat="43.341282"><ele>180.75</ele></trkpt>
<trkpt lon="-4.983427" lat="43.341293"><ele>181.5</ele></trkpt>
<trkpt lon="-4.983558" lat="43.341338"><ele>182.75</ele></trkpt>
<trkpt lon="-4.983783" lat="43.341461"><ele>184.25</ele></trkpt>
<trkpt lon="-4.984063" lat="43.341587"><ele>185.0</ele></trkpt>
<trkpt lon="-4.984275" lat="43.341638"><ele>185.75</ele></trkpt>
<trkpt lon="-4.984439" lat="43.341662"><ele>186.0</ele></trkpt>
<trkpt lon="-4.984590" lat="43.341675"><ele>185.75</ele></trkpt>
<trkpt lon="-4.984764" lat="43.341680"><ele>185.5</ele></trkpt>
<trkpt lon="-4.985402" lat="43.341683"><ele>184.0</ele></trkpt>
<trkpt lon="-4.985947" lat="43.341744"><ele>183.5</ele></trkpt>
<trkpt lon="-4.986207" lat="43.341767"><ele>183.25</ele></trkpt>
<trkpt lon="-4.987363" lat="43.341839"><ele>182.0</ele></trkpt>
<trkpt lon="-4.987658" lat="43.341844"><ele>181.75</ele></trkpt>
<trkpt lon="-4.987969" lat="43.341821"><ele>181.75</ele></trkpt>
<trkpt lon="-4.988350" lat="43.341772"><ele>182.0</ele></trkpt>
<trkpt lon="-4.988935" lat="43.341668"><ele>180.75</ele></trkpt>
<trkpt lon="-4.989100" lat="43.341648"><ele>181.0</ele></trkpt>
<trkpt lon="-4.989365" lat="43.341631"><ele>181.0</ele></trkpt>
<trkpt lon="-4.989509" lat="43.341611"><ele>180.75</ele></trkpt>
<trkpt lon="-4.989583" lat="43.341585"><ele>180.75</ele></trkpt>
<trkpt lon="-4.989675" lat="43.341540"><ele>180.5</ele></trkpt>
<trkpt lon="-4.989767" lat="43.341485"><ele>180.5</ele></trkpt>
<trkpt lon="-4.989886" lat="43.341398"><ele>180.25</ele></trkpt>
<trkpt lon="-4.990024" lat="43.341321"><ele>180.25</ele></trkpt>
<trkpt lon="-4.990524" lat="43.341092"><ele>181.25</ele></trkpt>
<trkpt lon="-4.990845" lat="43.340967"><ele>182.0</ele></trkpt>
<trkpt lon="-4.991123" lat="43.340875"><ele>182.25</ele></trkpt>
<trkpt lon="-4.991286" lat="43.340842"><ele>182.75</ele></trkpt>
<trkpt lon="-4.991459" lat="43.340828"><ele>182.75</ele></trkpt>
<trkpt lon="-4.992347" lat="43.340826"><ele>178.5</ele></trkpt>
<trkpt lon="-4.992899" lat="43.340812"><ele>177.0</ele></trkpt>
<trkpt lon="-4.993056" lat="43.340803"><ele>176.75</ele></trkpt>
<trkpt lon="-4.993567" lat="43.340736"><ele>177.5</ele></trkpt>
<trkpt lon="-4.993693" lat="43.340730"><ele>177.25</ele></trkpt>
<trkpt lon="-4.993819" lat="43.340734"><ele>176.25</ele></trkpt>
<trkpt lon="-4.994075" lat="43.340774"><ele>176.5</ele></trkpt>
<trkpt lon="-4.994177" lat="43.340779"><ele>177.75</ele></trkpt>
<trkpt lon="-4.994291" lat="43.340769"><ele>177.75</ele></trkpt>
<trkpt lon="-4.995643" lat="43.340597"><ele>176.0</ele></trkpt>
<trkpt lon="-4.995743" lat="43.340583"><ele>175.5</ele></trkpt>
<trkpt lon="-4.995861" lat="43.340553"><ele>175.75</ele></trkpt>
<trkpt lon="-4.996190" lat="43.340432"><ele>174.25</ele></trkpt>
<trkpt lon="-4.996269" lat="43.340398"><ele>174.25</ele></trkpt>
<trkpt lon="-4.996338" lat="43.340358"><ele>174.25</ele></trkpt>
<trkpt lon="-4.996423" lat="43.340291"><ele>174.5</ele></trkpt>
<trkpt lon="-4.996487" lat="43.340196"><ele>174.25</ele></trkpt>
<trkpt lon="-4.996595" lat="43.339847"><ele>172.25</ele></trkpt>
<trkpt lon="-4.996777" lat="43.339372"><ele>172.75</ele></trkpt>
<trkpt lon="-4.996868" lat="43.339043"><ele>175.0</ele></trkpt>
<trkpt lon="-4.996900" lat="43.338838"><ele>174.75</ele></trkpt>
<trkpt lon="-4.996932" lat="43.338742"><ele>175.0</ele></trkpt>
<trkpt lon="-4.996971" lat="43.338680"><ele>175.0</ele></trkpt>
<trkpt lon="-4.997042" lat="43.338637"><ele>174.75</ele></trkpt>
<trkpt lon="-4.997223" lat="43.338576"><ele>173.75</ele></trkpt>
<trkpt lon="-4.997301" lat="43.338531"><ele>173.25</ele></trkpt>
<trkpt lon="-4.997356" lat="43.338468"><ele>173.0</ele></trkpt>
<trkpt lon="-4.997390" lat="43.338400"><ele>172.75</ele></trkpt>
<trkpt lon="-4.997397" lat="43.338316"><ele>172.25</ele></trkpt>
<trkpt lon="-4.997380" lat="43.338245"><ele>171.25</ele></trkpt>
<trkpt lon="-4.997316" lat="43.338170"><ele>170.25</ele></trkpt>
<trkpt lon="-4.997057" lat="43.337993"><ele>170.5</ele></trkpt>
<trkpt lon="-4.997001" lat="43.337931"><ele>170.75</ele></trkpt>
<trkpt lon="-4.996961" lat="43.337842"><ele>170.25</ele></trkpt>
<trkpt lon="-4.996887" lat="43.337528"><ele>172.0</ele></trkpt>
<trkpt lon="-4.996888" lat="43.337435"><ele>173.0</ele></trkpt>
<trkpt lon="-4.996907" lat="43.337265"><ele>174.75</ele></trkpt>
<trkpt lon="-4.997247" lat="43.337209"><ele>174.25</ele></trkpt>
<trkpt lon="-4.997425" lat="43.337188"><ele>174.5</ele></trkpt>
<trkpt lon="-4.997840" lat="43.337161"><ele>174.0</ele></trkpt>
<trkpt lon="-4.998078" lat="43.337161"><ele>173.25</ele></trkpt>
<trkpt lon="-4.999607" lat="43.337256"><ele>167.5</ele></trkpt>
<trkpt lon="-4.999958" lat="43.337290"><ele>166.0</ele></trkpt>
<trkpt lon="-5.000037" lat="43.337301"><ele>165.5</ele></trkpt>
<trkpt lon="-5.000213" lat="43.337332"><ele>164.5</ele></trkpt>
<trkpt lon="-5.000424" lat="43.337536"><ele>160.5</ele></trkpt>
<trkpt lon="-5.000542" lat="43.337657"><ele>161.0</ele></trkpt>
<trkpt lon="-5.000645" lat="43.337763"><ele>162.75</ele></trkpt>
<trkpt lon="-5.000732" lat="43.337792"><ele>163.0</ele></trkpt>
<trkpt lon="-5.000820" lat="43.337811"><ele>163.25</ele></trkpt>
<trkpt lon="-5.000924" lat="43.337821"><ele>163.75</ele></trkpt>
<trkpt lon="-5.001039" lat="43.337814"><ele>164.25</ele></trkpt>
<trkpt lon="-5.001140" lat="43.337796"><ele>164.25</ele></trkpt>
<trkpt lon="-5.001642" lat="43.337691"><ele>164.25</ele></trkpt>
<trkpt lon="-5.001803" lat="43.337691"><ele>165.75</ele></trkpt>
<trkpt lon="-5.002065" lat="43.337658"><ele>167.0</ele></trkpt>
<trkpt lon="-5.003348" lat="43.337414"><ele>172.75</ele></trkpt>
<trkpt lon="-5.003614" lat="43.337385"><ele>175.25</ele></trkpt>
<trkpt lon="-5.003924" lat="43.337373"><ele>175.25</ele></trkpt>
<trkpt lon="-5.004231" lat="43.337385"><ele>172.75</ele></trkpt>
<trkpt lon="-5.004643" lat="43.337418"><ele>172.5</ele></trkpt>
<trkpt lon="-5.005141" lat="43.337471"><ele>175.75</ele></trkpt>
<trkpt lon="-5.005433" lat="43.337524"><ele>177.5</ele></trkpt>
<trkpt lon="-5.005600" lat="43.337573"><ele>178.5</ele></trkpt>
<trkpt lon="-5.005793" lat="43.337643"><ele>178.5</ele></trkpt>
<trkpt lon="-5.005944" lat="43.337715"><ele>177.5</ele></trkpt>
<trkpt lon="-5.006271" lat="43.337977"><ele>175.25</ele></trkpt>
<trkpt lon="-5.006336" lat="43.338028"><ele>174.5</ele></trkpt>
<trkpt lon="-5.006639" lat="43.338271"><ele>172.0</ele></trkpt>
<trkpt lon="-5.006755" lat="43.338351"><ele>171.5</ele></trkpt>
<trkpt lon="-5.006880" lat="43.338423"><ele>171.25</ele></trkpt>
<trkpt lon="-5.007048" lat="43.338508"><ele>171.0</ele></trkpt>
<trkpt lon="-5.007222" lat="43.338585"><ele>169.75</ele></trkpt>
<trkpt lon="-5.007582" lat="43.338705"><ele>169.25</ele></trkpt>
<trkpt lon="-5.007982" lat="43.338848"><ele>166.75</ele></trkpt>
<trkpt lon="-5.008285" lat="43.338921"><ele>165.0</ele></trkpt>
<trkpt lon="-5.008455" lat="43.338946"><ele>164.25</ele></trkpt>
<trkpt lon="-5.008717" lat="43.338952"><ele>162.75</ele></trkpt>
<trkpt lon="-5.009422" lat="43.338942"><ele>162.75</ele></trkpt>
<trkpt lon="-5.009618" lat="43.338954"><ele>161.75</ele></trkpt>
<trkpt lon="-5.009750" lat="43.338967"><ele>161.0</ele></trkpt>
<trkpt lon="-5.009897" lat="43.338998"><ele>160.25</ele></trkpt>
<trkpt lon="-5.010014" lat="43.339031"><ele>159.25</ele></trkpt>
<trkpt lon="-5.010141" lat="43.339076"><ele>158.5</ele></trkpt>
<trkpt lon="-5.010269" lat="43.339130"><ele>156.75</ele></trkpt>
<trkpt lon="-5.010503" lat="43.339271"><ele>155.25</ele></trkpt>
<trkpt lon="-5.010680" lat="43.339431"><ele>154.0</ele></trkpt>
<trkpt lon="-5.011103" lat="43.339865"><ele>154.25</ele></trkpt>
<trkpt lon="-5.011269" lat="43.340015"><ele>153.75</ele></trkpt>
<trkpt lon="-5.011435" lat="43.340133"><ele>154.5</ele></trkpt>
<trkpt lon="-5.011661" lat="43.340250"><ele>148.75</ele></trkpt>
<trkpt lon="-5.011981" lat="43.340364"><ele>154.25</ele></trkpt>
<trkpt lon="-5.012652" lat="43.340558"><ele>148.5</ele></trkpt>
<trkpt lon="-5.013054" lat="43.340681"><ele>147.75</ele></trkpt>
<trkpt lon="-5.013333" lat="43.340788"><ele>147.5</ele></trkpt>
<trkpt lon="-5.013550" lat="43.340901"><ele>148.25</ele></trkpt>
<trkpt lon="-5.013770" lat="43.341073"><ele>147.5</ele></trkpt>
<trkpt lon="-5.014033" lat="43.341350"><ele>147.5</ele></trkpt>
<trkpt lon="-5.014176" lat="43.341285"><ele>144.75</ele></trkpt>
<trkpt lon="-5.014305" lat="43.341234"><ele>144.25</ele></trkpt>
<trkpt lon="-5.014364" lat="43.341215"><ele>144.5</ele></trkpt>
<trkpt lon="-5.014449" lat="43.341200"><ele>145.0</ele></trkpt>
<trkpt lon="-5.014473" lat="43.341195"><ele>145.25</ele></trkpt>
<trkpt lon="-5.014640" lat="43.341173"><ele>146.75</ele></trkpt>
<trkpt lon="-5.015134" lat="43.341154"><ele>152.0</ele></trkpt>
<trkpt lon="-5.015261" lat="43.341131"><ele>153.5</ele></trkpt>
<trkpt lon="-5.015373" lat="43.341057"><ele>155.0</ele></trkpt>
<trkpt lon="-5.015685" lat="43.340804"><ele>160.0</ele></trkpt>
<trkpt lon="-5.015794" lat="43.340703"><ele>162.5</ele></trkpt>
<trkpt lon="-5.015941" lat="43.340759"><ele>161.75</ele></trkpt>
<trkpt lon="-5.016459" lat="43.340984"><ele>160.25</ele></trkpt>
<trkpt lon="-5.016618" lat="43.341057"><ele>160.0</ele></trkpt>
<trkpt lon="-5.016733" lat="43.341142"><ele>159.75</ele></trkpt>
<trkpt lon="-5.016846" lat="43.341243"><ele>157.75</ele></trkpt>
<trkpt lon="-5.017184" lat="43.341118"><ele>156.25</ele></trkpt>
<trkpt lon="-5.017369" lat="43.341097"><ele>155.0</ele></trkpt>
<trkpt lon="-5.017432" lat="43.341124"><ele>154.25</ele></trkpt>
<trkpt lon="-5.017491" lat="43.341125"><ele>153.75</ele></trkpt>
<trkpt lon="-5.017646" lat="43.341111"><ele>152.25</ele></trkpt>
<trkpt lon="-5.017876" lat="43.341025"><ele>152.25</ele></trkpt>
<trkpt lon="-5.017953" lat="43.340972"><ele>152.5</ele></trkpt>
<trkpt lon="-5.018082" lat="43.340863"><ele>153.25</ele></trkpt>
<trkpt lon="-5.018213" lat="43.340733"><ele>153.25</ele></trkpt>
<trkpt lon="-5.018307" lat="43.340657"><ele>152.25</ele></trkpt>
<trkpt lon="-5.018373" lat="43.340632"><ele>151.75</ele></trkpt>
<trkpt lon="-5.018562" lat="43.340608"><ele>150.5</ele></trkpt>
<trkpt lon="-5.018597" lat="43.340607"><ele>150.5</ele></trkpt>
<trkpt lon="-5.018708" lat="43.340647"><ele>151.25</ele></trkpt>
<trkpt lon="-5.019150" lat="43.340830"><ele>153.75</ele></trkpt>
<trkpt lon="-5.019275" lat="43.340891"><ele>153.75</ele></trkpt>
<trkpt lon="-5.019681" lat="43.341121"><ele>153.75</ele></trkpt>
<trkpt lon="-5.019793" lat="43.341185"><ele>154.0</ele></trkpt>
<trkpt lon="-5.020228" lat="43.341394"><ele>154.5</ele></trkpt>
<trkpt lon="-5.020484" lat="43.341510"><ele>155.5</ele></trkpt>
<trkpt lon="-5.020770" lat="43.341687"><ele>156.5</ele></trkpt>
<trkpt lon="-5.020842" lat="43.341759"><ele>156.75</ele></trkpt>
<trkpt lon="-5.020950" lat="43.341905"><ele>157.5</ele></trkpt>
<trkpt lon="-5.021115" lat="43.342042"><ele>159.5</ele></trkpt>
<trkpt lon="-5.021307" lat="43.342121"><ele>159.75</ele></trkpt>
<trkpt lon="-5.021599" lat="43.342210"><ele>160.0</ele></trkpt>
<trkpt lon="-5.021722" lat="43.342238"><ele>160.0</ele></trkpt>
<trkpt lon="-5.022381" lat="43.342420"><ele>158.25</ele></trkpt>
<trkpt lon="-5.022595" lat="43.342487"><ele>157.25</ele></trkpt>
<trkpt lon="-5.022745" lat="43.342510"><ele>156.75</ele></trkpt>
<trkpt lon="-5.023090" lat="43.342537"><ele>155.5</ele></trkpt>
<trkpt lon="-5.023929" lat="43.342567"><ele>155.25</ele></trkpt>
<trkpt lon="-5.024649" lat="43.342528"><ele>155.0</ele></trkpt>
<trkpt lon="-5.025399" lat="43.342503"><ele>154.75</ele></trkpt>
<trkpt lon="-5.026059" lat="43.342493"><ele>154.75</ele></trkpt>
<trkpt lon="-5.027269" lat="43.342495"><ele>155.0</ele></trkpt>
<trkpt lon="-5.027430" lat="43.342528"><ele>154.25</ele></trkpt>
<trkpt lon="-5.027822" lat="43.342678"><ele>152.5</ele></trkpt>
<trkpt lon="-5.027976" lat="43.342709"><ele>152.0</ele></trkpt>
<trkpt lon="-5.028160" lat="43.342706"><ele>151.5</ele></trkpt>
<trkpt lon="-5.028398" lat="43.342657"><ele>151.0</ele></trkpt>
<trkpt lon="-5.028615" lat="43.342603"><ele>149.25</ele></trkpt>
<trkpt lon="-5.028739" lat="43.342551"><ele>148.75</ele></trkpt>
<trkpt lon="-5.029082" lat="43.342340"><ele>146.25</ele></trkpt>
<trkpt lon="-5.029219" lat="43.342290"><ele>146.0</ele></trkpt>
<trkpt lon="-5.029384" lat="43.342252"><ele>145.75</ele></trkpt>
<trkpt lon="-5.029591" lat="43.342213"><ele>146.0</ele></trkpt>
<trkpt lon="-5.029889" lat="43.342162"><ele>146.25</ele></trkpt>
<trkpt lon="-5.030331" lat="43.342097"><ele>147.25</ele></trkpt>
<trkpt lon="-5.030508" lat="43.342059"><ele>147.0</ele></trkpt>
<trkpt lon="-5.030654" lat="43.342014"><ele>146.5</ele></trkpt>
<trkpt lon="-5.030823" lat="43.341941"><ele>145.25</ele></trkpt>
<trkpt lon="-5.030947" lat="43.341906"><ele>146.25</ele></trkpt>
<trkpt lon="-5.031166" lat="43.341882"><ele>146.25</ele></trkpt>
<trkpt lon="-5.031487" lat="43.341852"><ele>147.0</ele></trkpt>
<trkpt lon="-5.031944" lat="43.341824"><ele>148.0</ele></trkpt>
<trkpt lon="-5.032046" lat="43.341807"><ele>147.0</ele></trkpt>
<trkpt lon="-5.032181" lat="43.341754"><ele>146.5</ele></trkpt>
<trkpt lon="-5.032331" lat="43.341682"><ele>147.25</ele></trkpt>
<trkpt lon="-5.032591" lat="43.341473"><ele>148.0</ele></trkpt>
<trkpt lon="-5.032764" lat="43.341355"><ele>147.25</ele></trkpt>
<trkpt lon="-5.032899" lat="43.341279"><ele>147.5</ele></trkpt>
<trkpt lon="-5.033124" lat="43.341171"><ele>147.5</ele></trkpt>
<trkpt lon="-5.033330" lat="43.341082"><ele>147.25</ele></trkpt>
<trkpt lon="-5.034021" lat="43.340808"><ele>145.5</ele></trkpt>
<trkpt lon="-5.034491" lat="43.340669"><ele>144.0</ele></trkpt>
<trkpt lon="-5.034729" lat="43.340623"><ele>143.75</ele></trkpt>
<trkpt lon="-5.035348" lat="43.340521"><ele>139.5</ele></trkpt>
<trkpt lon="-5.035772" lat="43.340462"><ele>138.25</ele></trkpt>
<trkpt lon="-5.036290" lat="43.340439"><ele>138.75</ele></trkpt>
<trkpt lon="-5.036470" lat="43.340451"><ele>139.5</ele></trkpt>
<trkpt lon="-5.036669" lat="43.340478"><ele>139.5</ele></trkpt>
<trkpt lon="-5.036931" lat="43.340535"><ele>139.25</ele></trkpt>
<trkpt lon="-5.037233" lat="43.340624"><ele>137.75</ele></trkpt>
<trkpt lon="-5.037199" lat="43.340525"><ele>139.75</ele></trkpt>
<trkpt lon="-5.036889" lat="43.340159"><ele>150.0</ele></trkpt>
<trkpt lon="-5.036650" lat="43.340040"><ele>151.5</ele></trkpt>
<trkpt lon="-5.036443" lat="43.339920"><ele>154.0</ele></trkpt>
<trkpt lon="-5.036081" lat="43.339609"><ele>157.25</ele></trkpt>
<trkpt lon="-5.035837" lat="43.339121"><ele>163.5</ele></trkpt>
<trkpt lon="-5.035645" lat="43.338947"><ele>164.0</ele></trkpt>
<trkpt lon="-5.035424" lat="43.338294"><ele>176.5</ele></trkpt>
<trkpt lon="-5.035448" lat="43.337984"><ele>181.25</ele></trkpt>
<trkpt lon="-5.035401" lat="43.337840"><ele>182.5</ele></trkpt>
<trkpt lon="-5.035307" lat="43.337669"><ele>183.5</ele></trkpt>
<trkpt lon="-5.035119" lat="43.337485"><ele>183.25</ele></trkpt>
<trkpt lon="-5.034950" lat="43.337219"><ele>184.0</ele></trkpt>
<trkpt lon="-5.034851" lat="43.337102"><ele>185.25</ele></trkpt>
<trkpt lon="-5.034682" lat="43.337031"><ele>184.0</ele></trkpt>
<trkpt lon="-5.034630" lat="43.336969"><ele>184.25</ele></trkpt>
<trkpt lon="-5.034616" lat="43.336853"><ele>184.75</ele></trkpt>
<trkpt lon="-5.034659" lat="43.336655"><ele>186.5</ele></trkpt>
<trkpt lon="-5.034743" lat="43.336406"><ele>190.25</ele></trkpt>
<trkpt lon="-5.034851" lat="43.336296"><ele>192.0</ele></trkpt>
<trkpt lon="-5.035091" lat="43.336129"><ele>196.75</ele></trkpt>
<trkpt lon="-5.035180" lat="43.335944"><ele>198.5</ele></trkpt>
<trkpt lon="-5.035499" lat="43.335627"><ele>207.75</ele></trkpt>
<trkpt lon="-5.035513" lat="43.335169"><ele>213.5</ele></trkpt>
<trkpt lon="-5.035621" lat="43.334824"><ele>220.5</ele></trkpt>
<trkpt lon="-5.035706" lat="43.334599"><ele>225.5</ele></trkpt>
<trkpt lon="-5.035710" lat="43.334332"><ele>228.25</ele></trkpt>
<trkpt lon="-5.035767" lat="43.333998"><ele>234.0</ele></trkpt>
<trkpt lon="-5.035936" lat="43.333758"><ele>238.25</ele></trkpt>
<trkpt lon="-5.036053" lat="43.333509"><ele>241.25</ele></trkpt>
<trkpt lon="-5.035997" lat="43.333263"><ele>243.75</ele></trkpt>
<trkpt lon="-5.035804" lat="43.333017"><ele>247.5</ele></trkpt>
<trkpt lon="-5.035415" lat="43.332795"><ele>250.0</ele></trkpt>
<trkpt lon="-5.035128" lat="43.332652"><ele>250.25</ele></trkpt>
<trkpt lon="-5.034926" lat="43.332389"><ele>253.0</ele></trkpt>
<trkpt lon="-5.034883" lat="43.332143"><ele>253.75</ele></trkpt>
<trkpt lon="-5.034959" lat="43.331707"><ele>255.0</ele></trkpt>
<trkpt lon="-5.035011" lat="43.331460"><ele>254.5</ele></trkpt>
<trkpt lon="-5.034995" lat="43.331304"><ele>254.0</ele></trkpt>
<trkpt lon="-5.034855" lat="43.331073"><ele>252.5</ele></trkpt>
<trkpt lon="-5.034696" lat="43.330670"><ele>251.75</ele></trkpt>
<trkpt lon="-5.034648" lat="43.330461"><ele>252.5</ele></trkpt>
<trkpt lon="-5.034740" lat="43.330079"><ele>255.0</ele></trkpt>
<trkpt lon="-5.034764" lat="43.329980"><ele>255.75</ele></trkpt>
<trkpt lon="-5.034862" lat="43.329859"><ele>256.5</ele></trkpt>
<trkpt lon="-5.034912" lat="43.329697"><ele>258.75</ele></trkpt>
<trkpt lon="-5.035096" lat="43.329490"><ele>261.0</ele></trkpt>
<trkpt lon="-5.035127" lat="43.329328"><ele>264.5</ele></trkpt>
<trkpt lon="-5.035065" lat="43.329275"><ele>267.25</ele></trkpt>
<trkpt lon="-5.034720" lat="43.329260"><ele>272.25</ele></trkpt>
<trkpt lon="-5.034297" lat="43.329202"><ele>273.5</ele></trkpt>
<trkpt lon="-5.034051" lat="43.329072"><ele>275.0</ele></trkpt>
<trkpt lon="-5.033768" lat="43.328746"><ele>277.5</ele></trkpt>
<trkpt lon="-5.033578" lat="43.328577"><ele>276.5</ele></trkpt>
<trkpt lon="-5.033439" lat="43.328441"><ele>276.25</ele></trkpt>
<trkpt lon="-5.033299" lat="43.328242"><ele>277.0</ele></trkpt>
<trkpt lon="-5.033172" lat="43.328117"><ele>277.25</ele></trkpt>
<trkpt lon="-5.033012" lat="43.328004"><ele>277.5</ele></trkpt>
<trkpt lon="-5.032602" lat="43.327818"><ele>283.0</ele></trkpt>
<trkpt lon="-5.031221" lat="43.327287"><ele>301.5</ele></trkpt>
<trkpt lon="-5.030944" lat="43.327132"><ele>305.0</ele></trkpt>
<trkpt lon="-5.030470" lat="43.326968"><ele>315.0</ele></trkpt>
<trkpt lon="-5.030197" lat="43.326783"><ele>322.5</ele></trkpt>
<trkpt lon="-5.030155" lat="43.326636"><ele>324.75</ele></trkpt>
<trkpt lon="-5.030164" lat="43.326523"><ele>327.0</ele></trkpt>
<trkpt lon="-5.030207" lat="43.326281"><ele>332.5</ele></trkpt>
<trkpt lon="-5.030249" lat="43.326185"><ele>334.5</ele></trkpt>
<trkpt lon="-5.030324" lat="43.326090"><ele>335.0</ele></trkpt>
<trkpt lon="-5.030365" lat="43.326004"><ele>335.0</ele></trkpt>
<trkpt lon="-5.030309" lat="43.325921"><ele>337.0</ele></trkpt>
<trkpt lon="-5.030059" lat="43.325813"><ele>342.75</ele></trkpt>
<trkpt lon="-5.029664" lat="43.325662"><ele>349.75</ele></trkpt>
<trkpt lon="-5.029484" lat="43.325534"><ele>353.5</ele></trkpt>
<trkpt lon="-5.029400" lat="43.325398"><ele>357.5</ele></trkpt>
<trkpt lon="-5.029452" lat="43.325267"><ele>357.0</ele></trkpt>
<trkpt lon="-5.029583" lat="43.325018"><ele>360.75</ele></trkpt>
<trkpt lon="-5.029559" lat="43.324938"><ele>361.25</ele></trkpt>
<trkpt lon="-5.029441" lat="43.324870"><ele>363.5</ele></trkpt>
<trkpt lon="-5.029399" lat="43.324860"><ele>364.25</ele></trkpt>
<trkpt lon="-5.029310" lat="43.324839"><ele>365.75</ele></trkpt>
<trkpt lon="-5.029131" lat="43.324839"><ele>369.5</ele></trkpt>
<trkpt lon="-5.029014" lat="43.324812"><ele>372.5</ele></trkpt>
<trkpt lon="-5.028943" lat="43.324737"><ele>372.25</ele></trkpt>
<trkpt lon="-5.028948" lat="43.324651"><ele>370.25</ele></trkpt>
<trkpt lon="-5.028873" lat="43.324545"><ele>370.5</ele></trkpt>
<trkpt lon="-5.028277" lat="43.324108"><ele>371.25</ele></trkpt>
<trkpt lon="-5.028186" lat="43.323804"><ele>369.5</ele></trkpt>
<trkpt lon="-5.028240" lat="43.323563"><ele>371.0</ele></trkpt>
<trkpt lon="-5.028418" lat="43.323271"><ele>372.75</ele></trkpt>
<trkpt lon="-5.028485" lat="43.323097"><ele>373.75</ele></trkpt>
<trkpt lon="-5.028568" lat="43.322885"><ele>375.25</ele></trkpt>
<trkpt lon="-5.028876" lat="43.322626"><ele>377.0</ele></trkpt>
<trkpt lon="-5.029202" lat="43.322448"><ele>379.25</ele></trkpt>
<trkpt lon="-5.029596" lat="43.322301"><ele>379.5</ele></trkpt>
<trkpt lon="-5.029803" lat="43.322171"><ele>382.75</ele></trkpt>
<trkpt lon="-5.030019" lat="43.322086"><ele>381.25</ele></trkpt>
<trkpt lon="-5.030128" lat="43.321989"><ele>382.0</ele></trkpt>
<trkpt lon="-5.030169" lat="43.321737"><ele>383.25</ele></trkpt>
<trkpt lon="-5.030159" lat="43.321578"><ele>384.25</ele></trkpt>
<trkpt lon="-5.030129" lat="43.321354"><ele>386.0</ele></trkpt>
<trkpt lon="-5.030091" lat="43.321217"><ele>386.25</ele></trkpt>
<trkpt lon="-5.030030" lat="43.321080"><ele>387.25</ele></trkpt>
<trkpt lon="-5.029880" lat="43.320918"><ele>390.75</ele></trkpt>
<trkpt lon="-5.029842" lat="43.320805"><ele>389.75</ele></trkpt>
<trkpt lon="-5.029743" lat="43.320652"><ele>388.25</ele></trkpt>
<trkpt lon="-5.029621" lat="43.320544"><ele>389.25</ele></trkpt>
<trkpt lon="-5.029554" lat="43.320309"><ele>387.0</ele></trkpt>
<trkpt lon="-5.029621" lat="43.320544"><ele>389.25</ele></trkpt>
<trkpt lon="-5.029743" lat="43.320652"><ele>388.25</ele></trkpt>
<trkpt lon="-5.029842" lat="43.320805"><ele>389.75</ele></trkpt>
<trkpt lon="-5.029880" lat="43.320918"><ele>390.75</ele></trkpt>
<trkpt lon="-5.029676" lat="43.320767"><ele>394.5</ele></trkpt>
<trkpt lon="-5.029247" lat="43.320546"><ele>401.25</ele></trkpt>
<trkpt lon="-5.029157" lat="43.320481"><ele>402.5</ele></trkpt>
<trkpt lon="-5.029045" lat="43.320389"><ele>404.25</ele></trkpt>
<trkpt lon="-5.028639" lat="43.320087"><ele>408.25</ele></trkpt>
<trkpt lon="-5.028206" lat="43.319793"><ele>410.75</ele></trkpt>
<trkpt lon="-5.027551" lat="43.319540"><ele>412.5</ele></trkpt>
<trkpt lon="-5.026618" lat="43.319081"><ele>410.5</ele></trkpt>
<trkpt lon="-5.026429" lat="43.318976"><ele>411.5</ele></trkpt>
<trkpt lon="-5.026427" lat="43.318911"><ele>409.75</ele></trkpt>
<trkpt lon="-5.026516" lat="43.318799"><ele>410.75</ele></trkpt>
<trkpt lon="-5.026981" lat="43.318417"><ele>421.0</ele></trkpt>
<trkpt lon="-5.027474" lat="43.317839"><ele>434.25</ele></trkpt>
<trkpt lon="-5.027478" lat="43.317794"><ele>435.75</ele></trkpt>
<trkpt lon="-5.027431" lat="43.317760"><ele>437.5</ele></trkpt>
<trkpt lon="-5.027377" lat="43.317677"><ele>438.25</ele></trkpt>
<trkpt lon="-5.027363" lat="43.317628"><ele>438.0</ele></trkpt>
<trkpt lon="-5.027364" lat="43.317353"><ele>436.5</ele></trkpt>
<trkpt lon="-5.027530" lat="43.317077"><ele>438.5</ele></trkpt>
<trkpt lon="-5.027747" lat="43.316845"><ele>441.5</ele></trkpt>
<trkpt lon="-5.027766" lat="43.316809"><ele>442.0</ele></trkpt>
<trkpt lon="-5.027878" lat="43.316234"><ele>455.75</ele></trkpt>
<trkpt lon="-5.027860" lat="43.316043"><ele>460.5</ele></trkpt>
<trkpt lon="-5.027684" lat="43.315790"><ele>469.0</ele></trkpt>
<trkpt lon="-5.027654" lat="43.315777"><ele>470.25</ele></trkpt>
<trkpt lon="-5.027612" lat="43.315777"><ele>471.25</ele></trkpt>
<trkpt lon="-5.027576" lat="43.315784"><ele>472.0</ele></trkpt>
<trkpt lon="-5.027471" lat="43.315859"><ele>473.5</ele></trkpt>
<trkpt lon="-5.027384" lat="43.315911"><ele>475.25</ele></trkpt>
<trkpt lon="-5.027099" lat="43.316016"><ele>480.0</ele></trkpt>
<trkpt lon="-5.026919" lat="43.316048"><ele>482.75</ele></trkpt>
<trkpt lon="-5.026882" lat="43.316046"><ele>483.5</ele></trkpt>
<trkpt lon="-5.026847" lat="43.316039"><ele>484.0</ele></trkpt>
<trkpt lon="-5.026828" lat="43.316024"><ele>484.75</ele></trkpt>
<trkpt lon="-5.026816" lat="43.315991"><ele>486.0</ele></trkpt>
<trkpt lon="-5.027034" lat="43.315634"><ele>492.75</ele></trkpt>
<trkpt lon="-5.027133" lat="43.315494"><ele>496.0</ele></trkpt>
<trkpt lon="-5.027276" lat="43.315323"><ele>500.25</ele></trkpt>
<trkpt lon="-5.027355" lat="43.315173"><ele>502.25</ele></trkpt>
<trkpt lon="-5.027355" lat="43.315071"><ele>505.25</ele></trkpt>
<trkpt lon="-5.027346" lat="43.315000"><ele>507.75</ele></trkpt>
<trkpt lon="-5.027316" lat="43.314867"><ele>509.25</ele></trkpt>
<trkpt lon="-5.027212" lat="43.314608"><ele>513.75</ele></trkpt>
<trkpt lon="-5.027075" lat="43.314382"><ele>518.75</ele></trkpt>
<trkpt lon="-5.026971" lat="43.313874"><ele>523.0</ele></trkpt>
<trkpt lon="-5.026929" lat="43.313761"><ele>523.5</ele></trkpt>
<trkpt lon="-5.026687" lat="43.313523"><ele>531.5</ele></trkpt>
<trkpt lon="-5.026452" lat="43.313357"><ele>536.75</ele></trkpt>
<trkpt lon="-5.026337" lat="43.313284"><ele>538.25</ele></trkpt>
<trkpt lon="-5.026114" lat="43.313210"><ele>543.25</ele></trkpt>
<trkpt lon="-5.025793" lat="43.313160"><ele>549.75</ele></trkpt>
<trkpt lon="-5.025566" lat="43.313097"><ele>552.75</ele></trkpt>
<trkpt lon="-5.025295" lat="43.313066"><ele>555.25</ele></trkpt>
<trkpt lon="-5.025169" lat="43.313037"><ele>556.25</ele></trkpt>
<trkpt lon="-5.024912" lat="43.312932"><ele>558.0</ele></trkpt>
<trkpt lon="-5.024669" lat="43.312847"><ele>560.75</ele></trkpt>
<trkpt lon="-5.024492" lat="43.312814"><ele>562.75</ele></trkpt>
<trkpt lon="-5.024368" lat="43.312783"><ele>564.0</ele></trkpt>
<trkpt lon="-5.024286" lat="43.312750"><ele>565.0</ele></trkpt>
<trkpt lon="-5.024083" lat="43.312641"><ele>567.5</ele></trkpt>
<trkpt lon="-5.023918" lat="43.312499"><ele>569.0</ele></trkpt>
<trkpt lon="-5.023666" lat="43.312179"><ele>573.75</ele></trkpt>
<trkpt lon="-5.023523" lat="43.311934"><ele>575.75</ele></trkpt>
<trkpt lon="-5.023517" lat="43.311371"><ele>586.75</ele></trkpt>
<trkpt lon="-5.023530" lat="43.311306"><ele>589.75</ele></trkpt>
<trkpt lon="-5.023568" lat="43.311265"><ele>591.25</ele></trkpt>
<trkpt lon="-5.023704" lat="43.311186"><ele>592.75</ele></trkpt>
<trkpt lon="-5.023753" lat="43.311144"><ele>594.0</ele></trkpt>
<trkpt lon="-5.023811" lat="43.311087"><ele>595.25</ele></trkpt>
<trkpt lon="-5.023880" lat="43.310969"><ele>597.25</ele></trkpt>
<trkpt lon="-5.023902" lat="43.310913"><ele>598.0</ele></trkpt>
<trkpt lon="-5.023918" lat="43.310838"><ele>599.5</ele></trkpt>
<trkpt lon="-5.023903" lat="43.310736"><ele>601.25</ele></trkpt>
<trkpt lon="-5.023866" lat="43.310610"><ele>604.25</ele></trkpt>
<trkpt lon="-5.023810" lat="43.310496"><ele>606.5</ele></trkpt>
<trkpt lon="-5.023505" lat="43.310066"><ele>618.75</ele></trkpt>
<trkpt lon="-5.023468" lat="43.309958"><ele>621.5</ele></trkpt>
<trkpt lon="-5.023479" lat="43.309822"><ele>624.25</ele></trkpt>
<trkpt lon="-5.023474" lat="43.309796"><ele>625.0</ele></trkpt>
<trkpt lon="-5.023449" lat="43.309774"><ele>626.5</ele></trkpt>
<trkpt lon="-5.023388" lat="43.309773"><ele>628.25</ele></trkpt>
<trkpt lon="-5.023306" lat="43.309783"><ele>630.0</ele></trkpt>
<trkpt lon="-5.023211" lat="43.309778"><ele>630.75</ele></trkpt>
<trkpt lon="-5.023060" lat="43.309697"><ele>630.75</ele></trkpt>
<trkpt lon="-5.023009" lat="43.309612"><ele>628.5</ele></trkpt>
<trkpt lon="-5.023045" lat="43.309182"><ele>623.75</ele></trkpt>
<trkpt lon="-5.023034" lat="43.309017"><ele>622.75</ele></trkpt>
<trkpt lon="-5.022721" lat="43.308479"><ele>615.5</ele></trkpt>
<trkpt lon="-5.022621" lat="43.308332"><ele>614.5</ele></trkpt>
<trkpt lon="-5.022503" lat="43.308190"><ele>612.25</ele></trkpt>
<trkpt lon="-5.022432" lat="43.308086"><ele>611.5</ele></trkpt>
<trkpt lon="-5.022395" lat="43.308023"><ele>610.0</ele></trkpt>
<trkpt lon="-5.022374" lat="43.307932"><ele>607.5</ele></trkpt>
<trkpt lon="-5.022392" lat="43.307863"><ele>607.25</ele></trkpt>
<trkpt lon="-5.022434" lat="43.307777"><ele>607.75</ele></trkpt>
<trkpt lon="-5.022523" lat="43.307690"><ele>607.25</ele></trkpt>
<trkpt lon="-5.022684" lat="43.307581"><ele>609.25</ele></trkpt>
<trkpt lon="-5.022733" lat="43.307521"><ele>608.75</ele></trkpt>
<trkpt lon="-5.022748" lat="43.307479"><ele>608.5</ele></trkpt>
<trkpt lon="-5.022759" lat="43.307403"><ele>609.25</ele></trkpt>
<trkpt lon="-5.022752" lat="43.307303"><ele>609.25</ele></trkpt>
<trkpt lon="-5.022704" lat="43.307190"><ele>606.75</ele></trkpt>
<trkpt lon="-5.022693" lat="43.307129"><ele>606.0</ele></trkpt>
<trkpt lon="-5.022697" lat="43.307066"><ele>606.0</ele></trkpt>
<trkpt lon="-5.022733" lat="43.306868"><ele>604.75</ele></trkpt>
<trkpt lon="-5.022859" lat="43.306719"><ele>605.75</ele></trkpt>
<trkpt lon="-5.022972" lat="43.306641"><ele>608.5</ele></trkpt>
<trkpt lon="-5.023003" lat="43.306595"><ele>609.5</ele></trkpt>
<trkpt lon="-5.023011" lat="43.306535"><ele>609.25</ele></trkpt>
<trkpt lon="-5.022929" lat="43.306025"><ele>607.0</ele></trkpt>
<trkpt lon="-5.022883" lat="43.305936"><ele>607.25</ele></trkpt>
<trkpt lon="-5.022805" lat="43.305853"><ele>606.5</ele></trkpt>
<trkpt lon="-5.022697" lat="43.305719"><ele>607.25</ele></trkpt>
<trkpt lon="-5.022596" lat="43.305625"><ele>607.75</ele></trkpt>
<trkpt lon="-5.022422" lat="43.305492"><ele>608.25</ele></trkpt>
<trkpt lon="-5.022032" lat="43.305232"><ele>609.5</ele></trkpt>
<trkpt lon="-5.021964" lat="43.305144"><ele>608.75</ele></trkpt>
<trkpt lon="-5.021848" lat="43.304772"><ele>608.75</ele></trkpt>
<trkpt lon="-5.021847" lat="43.304716"><ele>609.25</ele></trkpt>
<trkpt lon="-5.021874" lat="43.304656"><ele>607.5</ele></trkpt>
<trkpt lon="-5.021910" lat="43.304613"><ele>606.5</ele></trkpt>
<trkpt lon="-5.021991" lat="43.304577"><ele>606.25</ele></trkpt>
<trkpt lon="-5.022076" lat="43.304556"><ele>606.25</ele></trkpt>
<trkpt lon="-5.022206" lat="43.304544"><ele>607.25</ele></trkpt>
<trkpt lon="-5.022315" lat="43.304517"><ele>607.5</ele></trkpt>
<trkpt lon="-5.022368" lat="43.304464"><ele>604.25</ele></trkpt>
<trkpt lon="-5.022395" lat="43.304406"><ele>602.0</ele></trkpt>
<trkpt lon="-5.022437" lat="43.304181"><ele>596.75</ele></trkpt>
<trkpt lon="-5.022442" lat="43.304062"><ele>596.0</ele></trkpt>
<trkpt lon="-5.022358" lat="43.303812"><ele>594.75</ele></trkpt>
<trkpt lon="-5.022310" lat="43.303762"><ele>594.75</ele></trkpt>
<trkpt lon="-5.022212" lat="43.303718"><ele>593.25</ele></trkpt>
<trkpt lon="-5.022022" lat="43.303670"><ele>589.5</ele></trkpt>
<trkpt lon="-5.021735" lat="43.303629"><ele>583.25</ele></trkpt>
<trkpt lon="-5.021671" lat="43.303606"><ele>582.0</ele></trkpt>
<trkpt lon="-5.021586" lat="43.303553"><ele>580.75</ele></trkpt>
<trkpt lon="-5.021490" lat="43.303478"><ele>579.25</ele></trkpt>
<trkpt lon="-5.021093" lat="43.303093"><ele>576.5</ele></trkpt>
<trkpt lon="-5.020952" lat="43.303038"><ele>579.0</ele></trkpt>
<trkpt lon="-5.020552" lat="43.303032"><ele>583.0</ele></trkpt>
<trkpt lon="-5.020236" lat="43.302888"><ele>589.75</ele></trkpt>
<trkpt lon="-5.019844" lat="43.302833"><ele>591.75</ele></trkpt>
<trkpt lon="-5.019473" lat="43.302898"><ele>598.25</ele></trkpt>
<trkpt lon="-5.019163" lat="43.303038"><ele>601.75</ele></trkpt>
<trkpt lon="-5.019018" lat="43.303055"><ele>602.5</ele></trkpt>
<trkpt lon="-5.018788" lat="43.303069"><ele>606.0</ele></trkpt>
<trkpt lon="-5.018533" lat="43.303171"><ele>609.5</ele></trkpt>
<trkpt lon="-5.018438" lat="43.303171"><ele>611.25</ele></trkpt>
<trkpt lon="-5.018397" lat="43.303158"><ele>612.25</ele></trkpt>
<trkpt lon="-5.018354" lat="43.303130"><ele>613.5</ele></trkpt>
<trkpt lon="-5.018331" lat="43.303090"><ele>614.25</ele></trkpt>
<trkpt lon="-5.018315" lat="43.303026"><ele>615.0</ele></trkpt>
<trkpt lon="-5.018322" lat="43.302933"><ele>616.0</ele></trkpt>
<trkpt lon="-5.018361" lat="43.302763"><ele>618.0</ele></trkpt>
<trkpt lon="-5.018467" lat="43.302562"><ele>620.0</ele></trkpt>
<trkpt lon="-5.018479" lat="43.302449"><ele>621.75</ele></trkpt>
<trkpt lon="-5.018408" lat="43.302317"><ele>622.25</ele></trkpt>
<trkpt lon="-5.018327" lat="43.302194"><ele>622.25</ele></trkpt>
<trkpt lon="-5.018276" lat="43.301944"><ele>625.25</ele></trkpt>
<trkpt lon="-5.018166" lat="43.301727"><ele>629.25</ele></trkpt>
<trkpt lon="-5.018027" lat="43.301596"><ele>629.25</ele></trkpt>
<trkpt lon="-5.017783" lat="43.301500"><ele>626.5</ele></trkpt>
<trkpt lon="-5.017380" lat="43.301377"><ele>627.0</ele></trkpt>
<trkpt lon="-5.017211" lat="43.301294"><ele>626.5</ele></trkpt>
<trkpt lon="-5.017115" lat="43.301210"><ele>625.75</ele></trkpt>
<trkpt lon="-5.017131" lat="43.301110"><ele>630.0</ele></trkpt>
<trkpt lon="-5.017301" lat="43.300825"><ele>631.25</ele></trkpt>
<trkpt lon="-5.017475" lat="43.300657"><ele>632.0</ele></trkpt>
<trkpt lon="-5.017699" lat="43.300510"><ele>636.5</ele></trkpt>
<trkpt lon="-5.017799" lat="43.300412"><ele>638.25</ele></trkpt>
<trkpt lon="-5.017971" lat="43.300161"><ele>640.75</ele></trkpt>
<trkpt lon="-5.018036" lat="43.300020"><ele>641.25</ele></trkpt>
<trkpt lon="-5.018280" lat="43.299703"><ele>645.5</ele></trkpt>
<trkpt lon="-5.018348" lat="43.299516"><ele>648.25</ele></trkpt>
<trkpt lon="-5.018435" lat="43.299426"><ele>650.0</ele></trkpt>
<trkpt lon="-5.018750" lat="43.299262"><ele>655.0</ele></trkpt>
<trkpt lon="-5.018776" lat="43.299219"><ele>654.75</ele></trkpt>
<trkpt lon="-5.018782" lat="43.299167"><ele>654.0</ele></trkpt>
<trkpt lon="-5.018740" lat="43.299048"><ele>654.5</ele></trkpt>
<trkpt lon="-5.018831" lat="43.298652"><ele>658.75</ele></trkpt>
<trkpt lon="-5.018911" lat="43.298489"><ele>662.0</ele></trkpt>
<trkpt lon="-5.018907" lat="43.298434"><ele>662.75</ele></trkpt>
<trkpt lon="-5.018856" lat="43.298403"><ele>662.5</ele></trkpt>
<trkpt lon="-5.018774" lat="43.298387"><ele>661.75</ele></trkpt>
<trkpt lon="-5.018711" lat="43.298365"><ele>661.25</ele></trkpt>
<trkpt lon="-5.018674" lat="43.298333"><ele>661.5</ele></trkpt>
<trkpt lon="-5.018644" lat="43.298284"><ele>662.0</ele></trkpt>
<trkpt lon="-5.018642" lat="43.298228"><ele>662.5</ele></trkpt>
<trkpt lon="-5.018603" lat="43.298125"><ele>663.0</ele></trkpt>
<trkpt lon="-5.018573" lat="43.298079"><ele>663.25</ele></trkpt>
<trkpt lon="-5.018490" lat="43.297989"><ele>666.0</ele></trkpt>
<trkpt lon="-5.018288" lat="43.297875"><ele>667.25</ele></trkpt>
<trkpt lon="-5.018227" lat="43.297815"><ele>669.25</ele></trkpt>
<trkpt lon="-5.018212" lat="43.297728"><ele>671.75</ele></trkpt>
<trkpt lon="-5.018203" lat="43.297599"><ele>675.5</ele></trkpt>
<trkpt lon="-5.018127" lat="43.297472"><ele>678.5</ele></trkpt>
<trkpt lon="-5.017941" lat="43.297295"><ele>684.0</ele></trkpt>
<trkpt lon="-5.017897" lat="43.297230"><ele>685.5</ele></trkpt>
<trkpt lon="-5.017844" lat="43.297120"><ele>688.0</ele></trkpt>
<trkpt lon="-5.017706" lat="43.296948"><ele>691.75</ele></trkpt>
<trkpt lon="-5.017635" lat="43.296896"><ele>694.75</ele></trkpt>
<trkpt lon="-5.017492" lat="43.296825"><ele>696.75</ele></trkpt>
<trkpt lon="-5.017299" lat="43.296692"><ele>700.25</ele></trkpt>
<trkpt lon="-5.017167" lat="43.296582"><ele>705.0</ele></trkpt>
<trkpt lon="-5.017016" lat="43.296539"><ele>708.25</ele></trkpt>
<trkpt lon="-5.016813" lat="43.296551"><ele>710.75</ele></trkpt>
<trkpt lon="-5.016731" lat="43.296567"><ele>711.75</ele></trkpt>
<trkpt lon="-5.016668" lat="43.296543"><ele>714.0</ele></trkpt>
<trkpt lon="-5.016663" lat="43.296492"><ele>716.75</ele></trkpt>
<trkpt lon="-5.016770" lat="43.296399"><ele>719.25</ele></trkpt>
<trkpt lon="-5.016895" lat="43.296358"><ele>720.5</ele></trkpt>
<trkpt lon="-5.017109" lat="43.296334"><ele>720.0</ele></trkpt>
<trkpt lon="-5.017240" lat="43.296309"><ele>720.25</ele></trkpt>
<trkpt lon="-5.017285" lat="43.296267"><ele>723.25</ele></trkpt>
<trkpt lon="-5.017304" lat="43.296182"><ele>728.5</ele></trkpt>
<trkpt lon="-5.017434" lat="43.295913"><ele>727.25</ele></trkpt>
<trkpt lon="-5.017449" lat="43.295859"><ele>725.75</ele></trkpt>
<trkpt lon="-5.017662" lat="43.295885"><ele>722.25</ele></trkpt>
<trkpt lon="-5.017774" lat="43.295912"><ele>722.0</ele></trkpt>
<trkpt lon="-5.018574" lat="43.296179"><ele>714.25</ele></trkpt>
<trkpt lon="-5.018769" lat="43.296224"><ele>711.0</ele></trkpt>
<trkpt lon="-5.018887" lat="43.296242"><ele>708.25</ele></trkpt>
<trkpt lon="-5.019149" lat="43.296262"><ele>705.0</ele></trkpt>
<trkpt lon="-5.019215" lat="43.296277"><ele>704.75</ele></trkpt>
<trkpt lon="-5.019335" lat="43.296323"><ele>705.0</ele></trkpt>
<trkpt lon="-5.019398" lat="43.296339"><ele>704.5</ele></trkpt>
<trkpt lon="-5.019482" lat="43.296343"><ele>703.0</ele></trkpt>
<trkpt lon="-5.019731" lat="43.296330"><ele>698.5</ele></trkpt>
<trkpt lon="-5.019877" lat="43.296338"><ele>696.25</ele></trkpt>
<trkpt lon="-5.020550" lat="43.296425"><ele>692.0</ele></trkpt>
<trkpt lon="-5.020865" lat="43.296478"><ele>691.25</ele></trkpt>
<trkpt lon="-5.021394" lat="43.296615"><ele>686.25</ele></trkpt>
<trkpt lon="-5.021593" lat="43.296659"><ele>683.5</ele></trkpt>
<trkpt lon="-5.021692" lat="43.296664"><ele>681.75</ele></trkpt>
<trkpt lon="-5.021782" lat="43.296650"><ele>681.0</ele></trkpt>
<trkpt lon="-5.022004" lat="43.296556"><ele>677.75</ele></trkpt>
<trkpt lon="-5.022086" lat="43.296533"><ele>677.0</ele></trkpt>
<trkpt lon="-5.022163" lat="43.296532"><ele>676.75</ele></trkpt>
<trkpt lon="-5.022248" lat="43.296557"><ele>676.5</ele></trkpt>
<trkpt lon="-5.022337" lat="43.296600"><ele>675.5</ele></trkpt>
<trkpt lon="-5.022609" lat="43.296767"><ele>673.5</ele></trkpt>
<trkpt lon="-5.022766" lat="43.296832"><ele>672.0</ele></trkpt>
<trkpt lon="-5.022871" lat="43.296854"><ele>671.25</ele></trkpt>
<trkpt lon="-5.022970" lat="43.296853"><ele>670.25</ele></trkpt>
<trkpt lon="-5.023067" lat="43.296843"><ele>669.0</ele></trkpt>
<trkpt lon="-5.023266" lat="43.296796"><ele>668.0</ele></trkpt>
<trkpt lon="-5.023390" lat="43.296777"><ele>667.0</ele></trkpt>
<trkpt lon="-5.023489" lat="43.296784"><ele>666.0</ele></trkpt>
<trkpt lon="-5.023592" lat="43.296803"><ele>665.5</ele></trkpt>
<trkpt lon="-5.023714" lat="43.296846"><ele>664.25</ele></trkpt>
<trkpt lon="-5.023865" lat="43.296916"><ele>662.75</ele></trkpt>
<trkpt lon="-5.023988" lat="43.296996"><ele>661.5</ele></trkpt>
<trkpt lon="-5.024350" lat="43.297323"><ele>657.75</ele></trkpt>
<trkpt lon="-5.024512" lat="43.297436"><ele>656.5</ele></trkpt>
<trkpt lon="-5.024625" lat="43.297476"><ele>655.75</ele></trkpt>
<trkpt lon="-5.024761" lat="43.297506"><ele>654.75</ele></trkpt>
<trkpt lon="-5.024886" lat="43.297510"><ele>654.0</ele></trkpt>
<trkpt lon="-5.024999" lat="43.297500"><ele>653.0</ele></trkpt>
<trkpt lon="-5.025086" lat="43.297482"><ele>652.0</ele></trkpt>
<trkpt lon="-5.025306" lat="43.297388"><ele>648.75</ele></trkpt>
<trkpt lon="-5.025422" lat="43.297352"><ele>648.0</ele></trkpt>
<trkpt lon="-5.026007" lat="43.297267"><ele>644.25</ele></trkpt>
<trkpt lon="-5.026119" lat="43.297268"><ele>643.75</ele></trkpt>
<trkpt lon="-5.026261" lat="43.297285"><ele>642.5</ele></trkpt>
<trkpt lon="-5.026560" lat="43.297356"><ele>641.0</ele></trkpt>
<trkpt lon="-5.026708" lat="43.297384"><ele>639.75</ele></trkpt>
<trkpt lon="-5.026860" lat="43.297397"><ele>637.75</ele></trkpt>
<trkpt lon="-5.027045" lat="43.297383"><ele>635.25</ele></trkpt>
<trkpt lon="-5.027272" lat="43.297391"><ele>633.5</ele></trkpt>
<trkpt lon="-5.027342" lat="43.297409"><ele>633.0</ele></trkpt>
<trkpt lon="-5.027436" lat="43.297451"><ele>632.75</ele></trkpt>
<trkpt lon="-5.027552" lat="43.297493"><ele>632.25</ele></trkpt>
<trkpt lon="-5.027645" lat="43.297509"><ele>632.0</ele></trkpt>
<trkpt lon="-5.027725" lat="43.297510"><ele>631.25</ele></trkpt>
<trkpt lon="-5.027806" lat="43.297492"><ele>630.5</ele></trkpt>
<trkpt lon="-5.027885" lat="43.297454"><ele>629.25</ele></trkpt>
<trkpt lon="-5.028436" lat="43.297109"><ele>622.5</ele></trkpt>
<trkpt lon="-5.028699" lat="43.297015"><ele>621.0</ele></trkpt>
<trkpt lon="-5.029090" lat="43.296913"><ele>617.5</ele></trkpt>
<trkpt lon="-5.029254" lat="43.296885"><ele>616.0</ele></trkpt>
<trkpt lon="-5.029348" lat="43.296883"><ele>615.75</ele></trkpt>
<trkpt lon="-5.029441" lat="43.296902"><ele>615.75</ele></trkpt>
<trkpt lon="-5.029501" lat="43.296934"><ele>615.0</ele></trkpt>
<trkpt lon="-5.029568" lat="43.296989"><ele>613.75</ele></trkpt>
<trkpt lon="-5.029600" lat="43.297061"><ele>612.75</ele></trkpt>
<trkpt lon="-5.029607" lat="43.297124"><ele>612.25</ele></trkpt>
<trkpt lon="-5.029583" lat="43.297271"><ele>611.0</ele></trkpt>
<trkpt lon="-5.029549" lat="43.297384"><ele>609.5</ele></trkpt>
<trkpt lon="-5.029483" lat="43.297530"><ele>608.75</ele></trkpt>
<trkpt lon="-5.029455" lat="43.297639"><ele>608.5</ele></trkpt>
<trkpt lon="-5.029489" lat="43.297925"><ele>604.25</ele></trkpt>
<trkpt lon="-5.029476" lat="43.298013"><ele>603.5</ele></trkpt>
<trkpt lon="-5.029450" lat="43.298065"><ele>603.25</ele></trkpt>
<trkpt lon="-5.029404" lat="43.298110"><ele>602.0</ele></trkpt>
<trkpt lon="-5.029347" lat="43.298148"><ele>601.0</ele></trkpt>
<trkpt lon="-5.029265" lat="43.298183"><ele>600.25</ele></trkpt>
<trkpt lon="-5.029011" lat="43.298241"><ele>600.75</ele></trkpt>
<trkpt lon="-5.028932" lat="43.298273"><ele>600.25</ele></trkpt>
<trkpt lon="-5.028868" lat="43.298307"><ele>599.5</ele></trkpt>
<trkpt lon="-5.028829" lat="43.298350"><ele>598.5</ele></trkpt>
<trkpt lon="-5.028801" lat="43.298397"><ele>598.25</ele></trkpt>
<trkpt lon="-5.028791" lat="43.298459"><ele>597.75</ele></trkpt>
<trkpt lon="-5.028798" lat="43.298512"><ele>596.75</ele></trkpt>
<trkpt lon="-5.028830" lat="43.298570"><ele>595.5</ele></trkpt>
<trkpt lon="-5.028911" lat="43.298644"><ele>593.75</ele></trkpt>
<trkpt lon="-5.029335" lat="43.298978"><ele>588.25</ele></trkpt>
<trkpt lon="-5.030140" lat="43.299661"><ele>577.5</ele></trkpt>
<trkpt lon="-5.030184" lat="43.299714"><ele>577.5</ele></trkpt>
<trkpt lon="-5.030215" lat="43.299767"><ele>576.75</ele></trkpt>
<trkpt lon="-5.030230" lat="43.299830"><ele>576.0</ele></trkpt>
<trkpt lon="-5.030255" lat="43.300039"><ele>574.0</ele></trkpt>
<trkpt lon="-5.030274" lat="43.300121"><ele>573.5</ele></trkpt>
<trkpt lon="-5.030296" lat="43.300168"><ele>573.0</ele></trkpt>
<trkpt lon="-5.030324" lat="43.300203"><ele>572.5</ele></trkpt>
<trkpt lon="-5.030380" lat="43.300247"><ele>571.5</ele></trkpt>
<trkpt lon="-5.030454" lat="43.300291"><ele>570.75</ele></trkpt>
<trkpt lon="-5.030886" lat="43.300483"><ele>566.75</ele></trkpt>
<trkpt lon="-5.031199" lat="43.300606"><ele>565.0</ele></trkpt>
<trkpt lon="-5.031286" lat="43.300625"><ele>564.0</ele></trkpt>
<trkpt lon="-5.031375" lat="43.300632"><ele>563.0</ele></trkpt>
<trkpt lon="-5.031720" lat="43.300616"><ele>559.25</ele></trkpt>
<trkpt lon="-5.031806" lat="43.300620"><ele>558.25</ele></trkpt>
<trkpt lon="-5.031874" lat="43.300636"><ele>557.5</ele></trkpt>
<trkpt lon="-5.031955" lat="43.300672"><ele>556.75</ele></trkpt>
<trkpt lon="-5.032185" lat="43.300804"><ele>554.75</ele></trkpt>
<trkpt lon="-5.032320" lat="43.300861"><ele>554.5</ele></trkpt>
<trkpt lon="-5.032770" lat="43.300959"><ele>550.25</ele></trkpt>
<trkpt lon="-5.032954" lat="43.301018"><ele>548.0</ele></trkpt>
<trkpt lon="-5.033110" lat="43.301083"><ele>546.75</ele></trkpt>
<trkpt lon="-5.033229" lat="43.301159"><ele>546.0</ele></trkpt>
<trkpt lon="-5.033696" lat="43.301512"><ele>541.75</ele></trkpt>
<trkpt lon="-5.034029" lat="43.301789"><ele>540.0</ele></trkpt>
<trkpt lon="-5.034121" lat="43.301829"><ele>538.75</ele></trkpt>
<trkpt lon="-5.034163" lat="43.301828"><ele>537.75</ele></trkpt>
<trkpt lon="-5.034203" lat="43.301815"><ele>537.0</ele></trkpt>
<trkpt lon="-5.034232" lat="43.301790"><ele>536.25</ele></trkpt>
<trkpt lon="-5.034232" lat="43.301750"><ele>535.5</ele></trkpt>
<trkpt lon="-5.034212" lat="43.301716"><ele>535.0</ele></trkpt>
<trkpt lon="-5.034062" lat="43.301600"><ele>534.75</ele></trkpt>
<trkpt lon="-5.033940" lat="43.301489"><ele>534.0</ele></trkpt>
<trkpt lon="-5.033839" lat="43.301357"><ele>533.75</ele></trkpt>
<trkpt lon="-5.033633" lat="43.301001"><ele>532.0</ele></trkpt>
<trkpt lon="-5.033366" lat="43.300660"><ele>529.5</ele></trkpt>
<trkpt lon="-5.033115" lat="43.300303"><ele>528.0</ele></trkpt>
<trkpt lon="-5.032932" lat="43.299953"><ele>524.75</ele></trkpt>
<trkpt lon="-5.032917" lat="43.299876"><ele>524.5</ele></trkpt>
<trkpt lon="-5.032928" lat="43.299803"><ele>523.75</ele></trkpt>
<trkpt lon="-5.032964" lat="43.299734"><ele>523.0</ele></trkpt>
<trkpt lon="-5.033030" lat="43.299646"><ele>522.5</ele></trkpt>
<trkpt lon="-5.033090" lat="43.299588"><ele>522.0</ele></trkpt>
<trkpt lon="-5.033154" lat="43.299551"><ele>521.5</ele></trkpt>
<trkpt lon="-5.033242" lat="43.299528"><ele>520.5</ele></trkpt>
<trkpt lon="-5.033320" lat="43.299520"><ele>519.75</ele></trkpt>
<trkpt lon="-5.033439" lat="43.299528"><ele>519.5</ele></trkpt>
<trkpt lon="-5.033541" lat="43.299546"><ele>519.5</ele></trkpt>
<trkpt lon="-5.034175" lat="43.299725"><ele>514.75</ele></trkpt>
<trkpt lon="-5.034982" lat="43.299944"><ele>509.25</ele></trkpt>
<trkpt lon="-5.035263" lat="43.299999"><ele>506.0</ele></trkpt>
<trkpt lon="-5.036101" lat="43.300105"><ele>502.25</ele></trkpt>
<trkpt lon="-5.036223" lat="43.300133"><ele>501.5</ele></trkpt>
<trkpt lon="-5.036366" lat="43.300182"><ele>499.75</ele></trkpt>
<trkpt lon="-5.036651" lat="43.300322"><ele>497.0</ele></trkpt>
<trkpt lon="-5.036806" lat="43.300359"><ele>495.25</ele></trkpt>
<trkpt lon="-5.036953" lat="43.300379"><ele>493.75</ele></trkpt>
<trkpt lon="-5.037426" lat="43.300373"><ele>492.5</ele></trkpt>
<trkpt lon="-5.037494" lat="43.300380"><ele>492.25</ele></trkpt>
<trkpt lon="-5.037528" lat="43.300401"><ele>491.75</ele></trkpt>
<trkpt lon="-5.037545" lat="43.300436"><ele>490.5</ele></trkpt>
<trkpt lon="-5.037530" lat="43.300480"><ele>488.5</ele></trkpt>
<trkpt lon="-5.037496" lat="43.300497"><ele>488.0</ele></trkpt>
<trkpt lon="-5.037439" lat="43.300509"><ele>487.5</ele></trkpt>
<trkpt lon="-5.037277" lat="43.300506"><ele>487.25</ele></trkpt>
<trkpt lon="-5.037134" lat="43.300519"><ele>487.0</ele></trkpt>
<trkpt lon="-5.036996" lat="43.300545"><ele>487.0</ele></trkpt>
<trkpt lon="-5.036871" lat="43.300597"><ele>485.75</ele></trkpt>
<trkpt lon="-5.036417" lat="43.300839"><ele>483.5</ele></trkpt>
<trkpt lon="-5.036340" lat="43.300900"><ele>483.5</ele></trkpt>
<trkpt lon="-5.036294" lat="43.300952"><ele>483.5</ele></trkpt>
<trkpt lon="-5.036241" lat="43.301061"><ele>482.75</ele></trkpt>
<trkpt lon="-5.036246" lat="43.301103"><ele>482.0</ele></trkpt>
<trkpt lon="-5.036263" lat="43.301134"><ele>482.5</ele></trkpt>
<trkpt lon="-5.036311" lat="43.301168"><ele>482.5</ele></trkpt>
<trkpt lon="-5.036366" lat="43.301189"><ele>482.0</ele></trkpt>
<trkpt lon="-5.036494" lat="43.301226"><ele>480.75</ele></trkpt>
<trkpt lon="-5.036888" lat="43.301321"><ele>475.75</ele></trkpt>
<trkpt lon="-5.037053" lat="43.301371"><ele>472.5</ele></trkpt>
<trkpt lon="-5.037951" lat="43.301743"><ele>464.75</ele></trkpt>
<trkpt lon="-5.038134" lat="43.301807"><ele>463.75</ele></trkpt>
<trkpt lon="-5.038287" lat="43.301844"><ele>462.75</ele></trkpt>
<trkpt lon="-5.038429" lat="43.301861"><ele>461.25</ele></trkpt>
<trkpt lon="-5.038586" lat="43.301871"><ele>459.75</ele></trkpt>
<trkpt lon="-5.038721" lat="43.301867"><ele>458.75</ele></trkpt>
<trkpt lon="-5.038991" lat="43.301842"><ele>456.0</ele></trkpt>
<trkpt lon="-5.039064" lat="43.301851"><ele>455.75</ele></trkpt>
<trkpt lon="-5.039149" lat="43.301871"><ele>455.25</ele></trkpt>
<trkpt lon="-5.039248" lat="43.301918"><ele>454.25</ele></trkpt>
<trkpt lon="-5.039314" lat="43.301960"><ele>453.5</ele></trkpt>
<trkpt lon="-5.039475" lat="43.302109"><ele>451.5</ele></trkpt>
<trkpt lon="-5.039930" lat="43.302390"><ele>445.5</ele></trkpt>
<trkpt lon="-5.041257" lat="43.303142"><ele>435.75</ele></trkpt>
<trkpt lon="-5.041451" lat="43.303259"><ele>433.0</ele></trkpt>
<trkpt lon="-5.041608" lat="43.303366"><ele>429.5</ele></trkpt>
<trkpt lon="-5.041775" lat="43.303516"><ele>427.0</ele></trkpt>
<trkpt lon="-5.042168" lat="43.303897"><ele>422.25</ele></trkpt>
<trkpt lon="-5.042416" lat="43.304098"><ele>419.75</ele></trkpt>
<trkpt lon="-5.042642" lat="43.304258"><ele>417.5</ele></trkpt>
<trkpt lon="-5.043260" lat="43.304659"><ele>410.0</ele></trkpt>
<trkpt lon="-5.043475" lat="43.304808"><ele>405.75</ele></trkpt>
<trkpt lon="-5.043552" lat="43.304892"><ele>405.0</ele></trkpt>
<trkpt lon="-5.043570" lat="43.304932"><ele>405.25</ele></trkpt>
<trkpt lon="-5.043574" lat="43.304979"><ele>406.25</ele></trkpt>
<trkpt lon="-5.043563" lat="43.305018"><ele>406.5</ele></trkpt>
<trkpt lon="-5.043446" lat="43.305186"><ele>405.0</ele></trkpt>
<trkpt lon="-5.043434" lat="43.305224"><ele>404.5</ele></trkpt>
<trkpt lon="-5.043452" lat="43.305297"><ele>403.25</ele></trkpt>
<trkpt lon="-5.043480" lat="43.305317"><ele>403.25</ele></trkpt>
<trkpt lon="-5.043518" lat="43.305332"><ele>402.75</ele></trkpt>
<trkpt lon="-5.043608" lat="43.305333"><ele>401.5</ele></trkpt>
<trkpt lon="-5.043658" lat="43.305313"><ele>400.75</ele></trkpt>
<trkpt lon="-5.043723" lat="43.305273"><ele>399.75</ele></trkpt>
<trkpt lon="-5.043780" lat="43.305223"><ele>399.5</ele></trkpt>
<trkpt lon="-5.043832" lat="43.305154"><ele>399.25</ele></trkpt>
<trkpt lon="-5.043859" lat="43.305091"><ele>399.25</ele></trkpt>
<trkpt lon="-5.043866" lat="43.305024"><ele>399.25</ele></trkpt>
<trkpt lon="-5.043845" lat="43.304962"><ele>399.0</ele></trkpt>
<trkpt lon="-5.043796" lat="43.304874"><ele>398.25</ele></trkpt>
<trkpt lon="-5.043635" lat="43.304625"><ele>396.25</ele></trkpt>
<trkpt lon="-5.043488" lat="43.304439"><ele>395.0</ele></trkpt>
<trkpt lon="-5.043303" lat="43.304267"><ele>392.0</ele></trkpt>
<trkpt lon="-5.043143" lat="43.304136"><ele>391.75</ele></trkpt>
<trkpt lon="-5.043065" lat="43.304048"><ele>391.25</ele></trkpt>
<trkpt lon="-5.043033" lat="43.303983"><ele>390.25</ele></trkpt>
<trkpt lon="-5.042783" lat="43.303180"><ele>376.75</ele></trkpt>
<trkpt lon="-5.042653" lat="43.302944"><ele>375.25</ele></trkpt>
<trkpt lon="-5.042407" lat="43.302542"><ele>368.5</ele></trkpt>
<trkpt lon="-5.042377" lat="43.302476"><ele>367.5</ele></trkpt>
<trkpt lon="-5.042386" lat="43.302418"><ele>365.75</ele></trkpt>
<trkpt lon="-5.042471" lat="43.302268"><ele>360.5</ele></trkpt>
<trkpt lon="-5.042512" lat="43.302212"><ele>359.25</ele></trkpt>
<trkpt lon="-5.042557" lat="43.302176"><ele>361.0</ele></trkpt>
<trkpt lon="-5.042592" lat="43.302163"><ele>361.5</ele></trkpt>
<trkpt lon="-5.042714" lat="43.302159"><ele>361.25</ele></trkpt>
<trkpt lon="-5.042984" lat="43.302167"><ele>357.75</ele></trkpt>
<trkpt lon="-5.044062" lat="43.302242"><ele>344.5</ele></trkpt>
<trkpt lon="-5.044489" lat="43.302264"><ele>344.25</ele></trkpt>
<trkpt lon="-5.044961" lat="43.302332"><ele>339.5</ele></trkpt>
<trkpt lon="-5.045753" lat="43.302506"><ele>330.25</ele></trkpt>
<trkpt lon="-5.046564" lat="43.302744"><ele>323.0</ele></trkpt>
<trkpt lon="-5.047039" lat="43.302842"><ele>322.25</ele></trkpt>
<trkpt lon="-5.047332" lat="43.302865"><ele>322.5</ele></trkpt>
<trkpt lon="-5.047517" lat="43.302898"><ele>321.0</ele></trkpt>
<trkpt lon="-5.047699" lat="43.302953"><ele>319.75</ele></trkpt>
<trkpt lon="-5.048156" lat="43.303192"><ele>312.5</ele></trkpt>
<trkpt lon="-5.048408" lat="43.303347"><ele>310.0</ele></trkpt>
<trkpt lon="-5.048641" lat="43.303445"><ele>309.5</ele></trkpt>
<trkpt lon="-5.048979" lat="43.303533"><ele>307.75</ele></trkpt>
<trkpt lon="-5.049433" lat="43.303639"><ele>301.5</ele></trkpt>
<trkpt lon="-5.049647" lat="43.303721"><ele>302.25</ele></trkpt>
<trkpt lon="-5.049910" lat="43.303851"><ele>296.25</ele></trkpt>
<trkpt lon="-5.050166" lat="43.304023"><ele>291.75</ele></trkpt>
<trkpt lon="-5.050301" lat="43.304156"><ele>290.25</ele></trkpt>
<trkpt lon="-5.050486" lat="43.304421"><ele>288.0</ele></trkpt>
<trkpt lon="-5.050658" lat="43.304731"><ele>287.5</ele></trkpt>
<trkpt lon="-5.050686" lat="43.304833"><ele>287.5</ele></trkpt>
<trkpt lon="-5.050683" lat="43.304926"><ele>286.25</ele></trkpt>
<trkpt lon="-5.050657" lat="43.304990"><ele>285.0</ele></trkpt>
<trkpt lon="-5.050580" lat="43.305060"><ele>282.25</ele></trkpt>
<trkpt lon="-5.050469" lat="43.305104"><ele>280.5</ele></trkpt>
<trkpt lon="-5.050351" lat="43.305112"><ele>279.0</ele></trkpt>
<trkpt lon="-5.050202" lat="43.305081"><ele>277.25</ele></trkpt>
<trkpt lon="-5.050109" lat="43.304994"><ele>276.75</ele></trkpt>
<trkpt lon="-5.050070" lat="43.304934"><ele>275.75</ele></trkpt>
<trkpt lon="-5.049988" lat="43.304633"><ele>273.5</ele></trkpt>
<trkpt lon="-5.049951" lat="43.304540"><ele>273.5</ele></trkpt>
<trkpt lon="-5.049905" lat="43.304485"><ele>272.75</ele></trkpt>
<trkpt lon="-5.049848" lat="43.304439"><ele>271.5</ele></trkpt>
<trkpt lon="-5.049764" lat="43.304394"><ele>270.5</ele></trkpt>
<trkpt lon="-5.049571" lat="43.304305"><ele>270.75</ele></trkpt>
<trkpt lon="-5.049423" lat="43.304256"><ele>270.5</ele></trkpt>
<trkpt lon="-5.049281" lat="43.304235"><ele>270.75</ele></trkpt>
<trkpt lon="-5.049156" lat="43.304230"><ele>270.5</ele></trkpt>
<trkpt lon="-5.049045" lat="43.304238"><ele>270.5</ele></trkpt>
<trkpt lon="-5.048875" lat="43.304289"><ele>268.5</ele></trkpt>
<trkpt lon="-5.048749" lat="43.304382"><ele>265.25</ele></trkpt>
<trkpt lon="-5.048545" lat="43.304598"><ele>262.5</ele></trkpt>
<trkpt lon="-5.048481" lat="43.304698"><ele>262.25</ele></trkpt>
<trkpt lon="-5.048437" lat="43.304817"><ele>262.5</ele></trkpt>
<trkpt lon="-5.048440" lat="43.304910"><ele>262.25</ele></trkpt>
<trkpt lon="-5.048481" lat="43.305007"><ele>261.25</ele></trkpt>
<trkpt lon="-5.048559" lat="43.305094"><ele>259.5</ele></trkpt>
<trkpt lon="-5.048692" lat="43.305207"><ele>258.25</ele></trkpt>
<trkpt lon="-5.049571" lat="43.305864"><ele>252.0</ele></trkpt>
<trkpt lon="-5.049639" lat="43.305927"><ele>251.25</ele></trkpt>
<trkpt lon="-5.049691" lat="43.306010"><ele>250.25</ele></trkpt>
<trkpt lon="-5.049711" lat="43.306072"><ele>249.5</ele></trkpt>
<trkpt lon="-5.049753" lat="43.306308"><ele>247.75</ele></trkpt>
<trkpt lon="-5.049799" lat="43.306403"><ele>246.5</ele></trkpt>
<trkpt lon="-5.050275" lat="43.306861"><ele>240.25</ele></trkpt>
<trkpt lon="-5.050347" lat="43.306959"><ele>240.0</ele></trkpt>
<trkpt lon="-5.050413" lat="43.307084"><ele>239.0</ele></trkpt>
<trkpt lon="-5.050455" lat="43.307201"><ele>238.25</ele></trkpt>
<trkpt lon="-5.050479" lat="43.307333"><ele>237.75</ele></trkpt>
<trkpt lon="-5.050482" lat="43.307426"><ele>237.5</ele></trkpt>
<trkpt lon="-5.050415" lat="43.307788"><ele>235.5</ele></trkpt>
<trkpt lon="-5.050415" lat="43.307844"><ele>235.5</ele></trkpt>
<trkpt lon="-5.050448" lat="43.307886"><ele>234.5</ele></trkpt>
<trkpt lon="-5.050496" lat="43.307931"><ele>232.75</ele></trkpt>
<trkpt lon="-5.050585" lat="43.307975"><ele>230.0</ele></trkpt>
<trkpt lon="-5.050666" lat="43.308000"><ele>229.0</ele></trkpt>
<trkpt lon="-5.050768" lat="43.307995"><ele>227.75</ele></trkpt>
<trkpt lon="-5.050848" lat="43.307963"><ele>226.5</ele></trkpt>
<trkpt lon="-5.050913" lat="43.307911"><ele>225.5</ele></trkpt>
<trkpt lon="-5.050999" lat="43.307786"><ele>224.5</ele></trkpt>
<trkpt lon="-5.051044" lat="43.307744"><ele>224.0</ele></trkpt>
<trkpt lon="-5.051131" lat="43.307688"><ele>222.75</ele></trkpt>
<trkpt lon="-5.051162" lat="43.307676"><ele>222.25</ele></trkpt>
<trkpt lon="-5.051196" lat="43.307668"><ele>222.0</ele></trkpt>
<trkpt lon="-5.051274" lat="43.307671"><ele>221.0</ele></trkpt>
<trkpt lon="-5.051311" lat="43.307688"><ele>220.5</ele></trkpt>
<trkpt lon="-5.051354" lat="43.307696"><ele>220.0</ele></trkpt>
<trkpt lon="-5.051415" lat="43.307688"><ele>219.25</ele></trkpt>
<trkpt lon="-5.051464" lat="43.307661"><ele>218.75</ele></trkpt>
<trkpt lon="-5.051492" lat="43.307620"><ele>219.0</ele></trkpt>
<trkpt lon="-5.051491" lat="43.307578"><ele>219.25</ele></trkpt>
<trkpt lon="-5.051530" lat="43.307537"><ele>220.75</ele></trkpt>
<trkpt lon="-5.051607" lat="43.307474"><ele>223.5</ele></trkpt>
<trkpt lon="-5.051685" lat="43.307438"><ele>225.5</ele></trkpt>
<trkpt lon="-5.051788" lat="43.307410"><ele>225.5</ele></trkpt>
<trkpt lon="-5.051947" lat="43.307418"><ele>228.0</ele></trkpt>
<trkpt lon="-5.052406" lat="43.307467"><ele>226.5</ele></trkpt>
<trkpt lon="-5.052540" lat="43.307473"><ele>227.25</ele></trkpt>
<trkpt lon="-5.052657" lat="43.307465"><ele>228.0</ele></trkpt>
<trkpt lon="-5.052778" lat="43.307438"><ele>229.25</ele></trkpt>
<trkpt lon="-5.052841" lat="43.307413"><ele>229.5</ele></trkpt>
<trkpt lon="-5.053070" lat="43.307322"><ele>229.75</ele></trkpt>
<trkpt lon="-5.053169" lat="43.307303"><ele>230.0</ele></trkpt>
<trkpt lon="-5.053222" lat="43.307298"><ele>230.0</ele></trkpt>
<trkpt lon="-5.053283" lat="43.307300"><ele>229.5</ele></trkpt>
<trkpt lon="-5.053372" lat="43.307322"><ele>229.25</ele></trkpt>
<trkpt lon="-5.053419" lat="43.307345"><ele>229.5</ele></trkpt>
<trkpt lon="-5.053685" lat="43.307536"><ele>234.0</ele></trkpt>
<trkpt lon="-5.053728" lat="43.307572"><ele>234.25</ele></trkpt>
<trkpt lon="-5.053793" lat="43.307652"><ele>234.5</ele></trkpt>
<trkpt lon="-5.053929" lat="43.307779"><ele>236.0</ele></trkpt>
<trkpt lon="-5.053962" lat="43.307800"><ele>236.5</ele></trkpt>
<trkpt lon="-5.054025" lat="43.307828"><ele>237.5</ele></trkpt>
<trkpt lon="-5.054336" lat="43.307918"><ele>241.75</ele></trkpt>
<trkpt lon="-5.054388" lat="43.307944"><ele>242.0</ele></trkpt>
<trkpt lon="-5.054428" lat="43.307979"><ele>242.0</ele></trkpt>
<trkpt lon="-5.054450" lat="43.308009"><ele>242.0</ele></trkpt>
<trkpt lon="-5.054455" lat="43.308050"><ele>241.25</ele></trkpt>
<trkpt lon="-5.054442" lat="43.308090"><ele>241.75</ele></trkpt>
<trkpt lon="-5.054301" lat="43.308327"><ele>244.0</ele></trkpt>
<trkpt lon="-5.054274" lat="43.308357"><ele>244.75</ele></trkpt>
<trkpt lon="-5.054205" lat="43.308391"><ele>244.75</ele></trkpt>
<trkpt lon="-5.053870" lat="43.308499"><ele>243.0</ele></trkpt>
<trkpt lon="-5.053718" lat="43.308539"><ele>243.75</ele></trkpt>
<trkpt lon="-5.053683" lat="43.308557"><ele>244.25</ele></trkpt>
<trkpt lon="-5.053666" lat="43.308578"><ele>245.25</ele></trkpt>
<trkpt lon="-5.053661" lat="43.308607"><ele>246.75</ele></trkpt>
<trkpt lon="-5.053669" lat="43.308639"><ele>248.25</ele></trkpt>
<trkpt lon="-5.053688" lat="43.308663"><ele>249.25</ele></trkpt>
<trkpt lon="-5.053719" lat="43.308680"><ele>250.25</ele></trkpt>
<trkpt lon="-5.053763" lat="43.308686"><ele>250.75</ele></trkpt>
<trkpt lon="-5.053816" lat="43.308685"><ele>251.0</ele></trkpt>
<trkpt lon="-5.053869" lat="43.308672"><ele>250.5</ele></trkpt>
<trkpt lon="-5.054131" lat="43.308556"><ele>252.0</ele></trkpt>
<trkpt lon="-5.054215" lat="43.308519"><ele>251.75</ele></trkpt>
<trkpt lon="-5.054721" lat="43.308322"><ele>253.75</ele></trkpt>
<trkpt lon="-5.054802" lat="43.308261"><ele>254.25</ele></trkpt>
<trkpt lon="-5.054920" lat="43.308119"><ele>254.25</ele></trkpt>
<trkpt lon="-5.054958" lat="43.308080"><ele>254.5</ele></trkpt>
<trkpt lon="-5.055005" lat="43.308051"><ele>255.0</ele></trkpt>
<trkpt lon="-5.055064" lat="43.308029"><ele>256.0</ele></trkpt>
<trkpt lon="-5.055137" lat="43.308020"><ele>257.0</ele></trkpt>
<trkpt lon="-5.055203" lat="43.308021"><ele>257.5</ele></trkpt>
<trkpt lon="-5.055272" lat="43.308042"><ele>257.25</ele></trkpt>
<trkpt lon="-5.055336" lat="43.308070"><ele>258.25</ele></trkpt>
<trkpt lon="-5.055430" lat="43.308149"><ele>259.75</ele></trkpt>
<trkpt lon="-5.055505" lat="43.308267"><ele>259.0</ele></trkpt>
<trkpt lon="-5.055531" lat="43.308310"><ele>258.25</ele></trkpt>
<trkpt lon="-5.055487" lat="43.308337"><ele>258.0</ele></trkpt>
<trkpt lon="-5.055475" lat="43.308379"><ele>258.0</ele></trkpt>
<trkpt lon="-5.055484" lat="43.308399"><ele>258.0</ele></trkpt>
<trkpt lon="-5.055501" lat="43.308417"><ele>258.0</ele></trkpt>
<trkpt lon="-5.055525" lat="43.308429"><ele>258.0</ele></trkpt>
<trkpt lon="-5.055553" lat="43.308436"><ele>258.0</ele></trkpt>
<trkpt lon="-5.055582" lat="43.308435"><ele>257.75</ele></trkpt>
  </trkseg></trk></gpx>
