<?xml version="1.0" encoding="UTF-8"?>
<gpx version="1.1" creator="compostel-brouter" xmlns="http://www.topografix.com/GPX/1/1">
  <metadata><name>PC-06-Arenas-de-Cabrales</name></metadata>
  <trk><name>PC-06-Arenas-de-Cabrales</name><trkseg>
<trkpt lon="-4.749972" lat="43.240921"><ele>1251.5</ele></trkpt>
<trkpt lon="-4.750002" lat="43.240887"><ele>1249.5</ele></trkpt>
<trkpt lon="-4.750050" lat="43.240868"><ele>1247.5</ele></trkpt>
<trkpt lon="-4.750055" lat="43.240825"><ele>1246.0</ele></trkpt>
<trkpt lon="-4.750018" lat="43.240749"><ele>1244.0</ele></trkpt>
<trkpt lon="-4.749913" lat="43.240622"><ele>1241.25</ele></trkpt>
<trkpt lon="-4.750042" lat="43.240632"><ele>1238.75</ele></trkpt>
<trkpt lon="-4.750101" lat="43.240622"><ele>1236.5</ele></trkpt>
<trkpt lon="-4.750141" lat="43.240645"><ele>1236.25</ele></trkpt>
<trkpt lon="-4.750198" lat="43.240632"><ele>1234.25</ele></trkpt>
<trkpt lon="-4.750436" lat="43.240626"><ele>1228.0</ele></trkpt>
<trkpt lon="-4.750444" lat="43.240600"><ele>1227.0</ele></trkpt>
<trkpt lon="-4.750404" lat="43.240546"><ele>1225.75</ele></trkpt>
<trkpt lon="-4.750337" lat="43.240381"><ele>1222.0</ele></trkpt>
<trkpt lon="-4.750348" lat="43.240200"><ele>1216.75</ele></trkpt>
<trkpt lon="-4.750418" lat="43.240129"><ele>1213.75</ele></trkpt>
<trkpt lon="-4.750410" lat="43.239959"><ele>1210.75</ele></trkpt>
<trkpt lon="-4.750444" lat="43.239856"><ele>1209.5</ele></trkpt>
<trkpt lon="-4.750570" lat="43.239615"><ele>1204.0</ele></trkpt>
<trkpt lon="-4.750549" lat="43.239528"><ele>1203.25</ele></trkpt>
<trkpt lon="-4.750549" lat="43.239193"><ele>1197.5</ele></trkpt>
<trkpt lon="-4.750485" lat="43.239092"><ele>1195.75</ele></trkpt>
<trkpt lon="-4.750530" lat="43.239078"><ele>1195.0</ele></trkpt>
<trkpt lon="-4.750597" lat="43.238951"><ele>1191.0</ele></trkpt>
<trkpt lon="-4.750562" lat="43.238881"><ele>1189.5</ele></trkpt>
<trkpt lon="-4.750552" lat="43.238709"><ele>1185.25</ele></trkpt>
<trkpt lon="-4.750635" lat="43.238652"><ele>1184.0</ele></trkpt>
<trkpt lon="-4.750570" lat="43.238607"><ele>1182.75</ele></trkpt>
<trkpt lon="-4.750238" lat="43.238629"><ele>1180.25</ele></trkpt>
<trkpt lon="-4.750088" lat="43.238615"><ele>1178.0</ele></trkpt>
<trkpt lon="-4.749996" lat="43.238586"><ele>1176.0</ele></trkpt>
<trkpt lon="-4.749841" lat="43.238568"><ele>1175.5</ele></trkpt>
<trkpt lon="-4.749723" lat="43.238502"><ele>1173.75</ele></trkpt>
<trkpt lon="-4.749642" lat="43.238426"><ele>1171.75</ele></trkpt>
<trkpt lon="-4.749624" lat="43.238375"><ele>1170.25</ele></trkpt>
<trkpt lon="-4.749699" lat="43.238287"><ele>1167.25</ele></trkpt>
<trkpt lon="-4.749895" lat="43.238246"><ele>1165.5</ele></trkpt>
<trkpt lon="-4.749978" lat="43.238236"><ele>1165.0</ele></trkpt>
<trkpt lon="-4.750039" lat="43.238201"><ele>1164.0</ele></trkpt>
<trkpt lon="-4.750077" lat="43.238055"><ele>1159.5</ele></trkpt>
<trkpt lon="-4.750326" lat="43.237847"><ele>1155.0</ele></trkpt>
<trkpt lon="-4.750324" lat="43.237802"><ele>1153.75</ele></trkpt>
<trkpt lon="-4.750364" lat="43.237769"><ele>1154.25</ele></trkpt>
<trkpt lon="-4.750332" lat="43.237716"><ele>1152.0</ele></trkpt>
<trkpt lon="-4.750364" lat="43.237685"><ele>1152.0</ele></trkpt>
<trkpt lon="-4.750332" lat="43.237609"><ele>1149.25</ele></trkpt>
<trkpt lon="-4.750259" lat="43.237505"><ele>1144.75</ele></trkpt>
<trkpt lon="-4.750141" lat="43.237412"><ele>1141.75</ele></trkpt>
<trkpt lon="-4.750173" lat="43.237365"><ele>1141.75</ele></trkpt>
<trkpt lon="-4.750192" lat="43.237259"><ele>1141.0</ele></trkpt>
<trkpt lon="-4.750171" lat="43.237224"><ele>1140.25</ele></trkpt>
<trkpt lon="-4.750190" lat="43.237154"><ele>1139.75</ele></trkpt>
<trkpt lon="-4.750152" lat="43.237081"><ele>1138.0</ele></trkpt>
<trkpt lon="-4.750066" lat="43.237103"><ele>1137.0</ele></trkpt>
<trkpt lon="-4.749951" lat="43.236982"><ele>1134.25</ele></trkpt>
<trkpt lon="-4.749865" lat="43.236921"><ele>1130.75</ele></trkpt>
<trkpt lon="-4.749913" lat="43.236864"><ele>1132.0</ele></trkpt>
<trkpt lon="-4.749857" lat="43.236784"><ele>1129.25</ele></trkpt>
<trkpt lon="-4.749688" lat="43.236917"><ele>1125.25</ele></trkpt>
<trkpt lon="-4.749685" lat="43.236846"><ele>1124.5</ele></trkpt>
<trkpt lon="-4.749646" lat="43.236699"><ele>1122.0</ele></trkpt>
<trkpt lon="-4.749525" lat="43.236347"><ele>1114.0</ele></trkpt>
<trkpt lon="-4.749473" lat="43.236223"><ele>1110.5</ele></trkpt>
<trkpt lon="-4.749463" lat="43.236134"><ele>1108.75</ele></trkpt>
<trkpt lon="-4.749465" lat="43.235937"><ele>1105.75</ele></trkpt>
<trkpt lon="-4.749458" lat="43.235886"><ele>1105.0</ele></trkpt>
<trkpt lon="-4.749436" lat="43.235816"><ele>1103.75</ele></trkpt>
<trkpt lon="-4.749390" lat="43.235729"><ele>1102.5</ele></trkpt>
<trkpt lon="-4.749373" lat="43.235652"><ele>1101.5</ele></trkpt>
<trkpt lon="-4.749391" lat="43.235405"><ele>1098.75</ele></trkpt>
<trkpt lon="-4.749414" lat="43.235356"><ele>1098.5</ele></trkpt>
<trkpt lon="-4.749439" lat="43.235323"><ele>1098.5</ele></trkpt>
<trkpt lon="-4.749481" lat="43.235287"><ele>1098.0</ele></trkpt>
<trkpt lon="-4.749622" lat="43.235206"><ele>1096.0</ele></trkpt>
<trkpt lon="-4.749732" lat="43.235156"><ele>1094.25</ele></trkpt>
<trkpt lon="-4.749867" lat="43.235069"><ele>1091.25</ele></trkpt>
<trkpt lon="-4.749954" lat="43.234999"><ele>1089.0</ele></trkpt>
<trkpt lon="-4.750007" lat="43.234927"><ele>1087.0</ele></trkpt>
<trkpt lon="-4.750011" lat="43.234874"><ele>1085.5</ele></trkpt>
<trkpt lon="-4.749988" lat="43.234805"><ele>1084.0</ele></trkpt>
<trkpt lon="-4.749883" lat="43.234654"><ele>1082.25</ele></trkpt>
<trkpt lon="-4.749857" lat="43.234563"><ele>1081.5</ele></trkpt>
<trkpt lon="-4.749864" lat="43.234532"><ele>1081.0</ele></trkpt>
<trkpt lon="-4.749878" lat="43.234501"><ele>1080.25</ele></trkpt>
<trkpt lon="-4.749913" lat="43.234471"><ele>1078.75</ele></trkpt>
<trkpt lon="-4.749959" lat="43.234450"><ele>1077.25</ele></trkpt>
<trkpt lon="-4.750099" lat="43.234434"><ele>1074.0</ele></trkpt>
<trkpt lon="-4.750271" lat="43.234432"><ele>1070.75</ele></trkpt>
<trkpt lon="-4.750338" lat="43.234426"><ele>1070.0</ele></trkpt>
<trkpt lon="-4.750388" lat="43.234415"><ele>1069.5</ele></trkpt>
<trkpt lon="-4.750411" lat="43.234406"><ele>1069.25</ele></trkpt>
<trkpt lon="-4.750445" lat="43.234381"><ele>1068.5</ele></trkpt>
<trkpt lon="-4.750462" lat="43.234363"><ele>1068.0</ele></trkpt>
<trkpt lon="-4.750464" lat="43.234343"><ele>1067.5</ele></trkpt>
<trkpt lon="-4.750456" lat="43.234322"><ele>1067.0</ele></trkpt>
<trkpt lon="-4.750427" lat="43.234290"><ele>1066.75</ele></trkpt>
<trkpt lon="-4.750186" lat="43.234051"><ele>1065.25</ele></trkpt>
<trkpt lon="-4.749990" lat="43.233818"><ele>1063.75</ele></trkpt>
<trkpt lon="-4.749919" lat="43.233768"><ele>1062.75</ele></trkpt>
<trkpt lon="-4.749741" lat="43.233699"><ele>1061.25</ele></trkpt>
<trkpt lon="-4.749698" lat="43.233675"><ele>1060.75</ele></trkpt>
<trkpt lon="-4.749731" lat="43.233592"><ele>1058.25</ele></trkpt>
<trkpt lon="-4.749835" lat="43.233423"><ele>1053.75</ele></trkpt>
<trkpt lon="-4.749844" lat="43.233399"><ele>1053.0</ele></trkpt>
<trkpt lon="-4.749845" lat="43.233360"><ele>1052.0</ele></trkpt>
<trkpt lon="-4.749763" lat="43.233348"><ele>1052.0</ele></trkpt>
<trkpt lon="-4.749631" lat="43.233340"><ele>1051.75</ele></trkpt>
<trkpt lon="-4.749527" lat="43.233307"><ele>1050.75</ele></trkpt>
<trkpt lon="-4.749435" lat="43.233281"><ele>1050.0</ele></trkpt>
<trkpt lon="-4.749369" lat="43.233271"><ele>1049.75</ele></trkpt>
<trkpt lon="-4.749254" lat="43.233274"><ele>1049.25</ele></trkpt>
<trkpt lon="-4.749128" lat="43.233291"><ele>1048.75</ele></trkpt>
<trkpt lon="-4.748932" lat="43.233337"><ele>1047.5</ele></trkpt>
<trkpt lon="-4.748800" lat="43.233329"><ele>1045.75</ele></trkpt>
<trkpt lon="-4.748656" lat="43.233318"><ele>1044.0</ele></trkpt>
<trkpt lon="-4.748542" lat="43.233320"><ele>1043.5</ele></trkpt>
<trkpt lon="-4.748219" lat="43.233403"><ele>1043.75</ele></trkpt>
<trkpt lon="-4.748074" lat="43.233405"><ele>1042.25</ele></trkpt>
<trkpt lon="-4.748043" lat="43.233262"><ele>1039.75</ele></trkpt>
<trkpt lon="-4.748005" lat="43.233201"><ele>1038.5</ele></trkpt>
<trkpt lon="-4.747804" lat="43.233231"><ele>1037.0</ele></trkpt>
<trkpt lon="-4.747770" lat="43.233221"><ele>1036.5</ele></trkpt>
<trkpt lon="-4.747749" lat="43.233191"><ele>1036.0</ele></trkpt>
<trkpt lon="-4.747715" lat="43.233073"><ele>1033.5</ele></trkpt>
<trkpt lon="-4.747729" lat="43.233031"><ele>1032.5</ele></trkpt>
<trkpt lon="-4.747782" lat="43.232953"><ele>1030.75</ele></trkpt>
<trkpt lon="-4.747771" lat="43.232910"><ele>1029.75</ele></trkpt>
<trkpt lon="-4.747723" lat="43.232872"><ele>1028.75</ele></trkpt>
<trkpt lon="-4.747608" lat="43.232843"><ele>1028.0</ele></trkpt>
<trkpt lon="-4.747569" lat="43.232824"><ele>1027.25</ele></trkpt>
<trkpt lon="-4.747539" lat="43.232801"><ele>1026.75</ele></trkpt>
<trkpt lon="-4.747484" lat="43.232731"><ele>1025.5</ele></trkpt>
<trkpt lon="-4.747426" lat="43.232579"><ele>1024.75</ele></trkpt>
<trkpt lon="-4.747456" lat="43.232573"><ele>1024.5</ele></trkpt>
<trkpt lon="-4.747484" lat="43.232568"><ele>1024.5</ele></trkpt>
<trkpt lon="-4.747462" lat="43.232483"><ele>1024.5</ele></trkpt>
<trkpt lon="-4.747517" lat="43.232445"><ele>1025.25</ele></trkpt>
<trkpt lon="-4.747539" lat="43.232417"><ele>1026.0</ele></trkpt>
<trkpt lon="-4.747539" lat="43.232322"><ele>1028.5</ele></trkpt>
<trkpt lon="-4.747575" lat="43.232314"><ele>1028.75</ele></trkpt>
<trkpt lon="-4.747604" lat="43.232298"><ele>1029.25</ele></trkpt>
<trkpt lon="-4.747627" lat="43.232275"><ele>1029.75</ele></trkpt>
<trkpt lon="-4.747631" lat="43.232258"><ele>1030.25</ele></trkpt>
<trkpt lon="-4.747621" lat="43.232206"><ele>1031.75</ele></trkpt>
<trkpt lon="-4.747807" lat="43.232191"><ele>1032.75</ele></trkpt>
<trkpt lon="-4.747831" lat="43.232182"><ele>1033.0</ele></trkpt>
<trkpt lon="-4.747844" lat="43.232165"><ele>1033.25</ele></trkpt>
<trkpt lon="-4.747880" lat="43.232071"><ele>1034.75</ele></trkpt>
<trkpt lon="-4.747929" lat="43.231947"><ele>1035.75</ele></trkpt>
<trkpt lon="-4.747953" lat="43.231822"><ele>1034.5</ele></trkpt>
<trkpt lon="-4.747995" lat="43.231730"><ele>1033.0</ele></trkpt>
<trkpt lon="-4.748065" lat="43.231652"><ele>1031.0</ele></trkpt>
<trkpt lon="-4.748156" lat="43.231588"><ele>1031.25</ele></trkpt>
<trkpt lon="-4.748266" lat="43.231597"><ele>1030.0</ele></trkpt>
<trkpt lon="-4.748429" lat="43.231639"><ele>1027.5</ele></trkpt>
<trkpt lon="-4.748498" lat="43.231645"><ele>1026.5</ele></trkpt>
<trkpt lon="-4.748626" lat="43.231640"><ele>1025.0</ele></trkpt>
<trkpt lon="-4.748804" lat="43.231671"><ele>1021.5</ele></trkpt>
<trkpt lon="-4.748849" lat="43.231657"><ele>1020.75</ele></trkpt>
<trkpt lon="-4.748881" lat="43.231635"><ele>1020.5</ele></trkpt>
<trkpt lon="-4.749073" lat="43.231442"><ele>1018.25</ele></trkpt>
<trkpt lon="-4.749215" lat="43.231361"><ele>1015.5</ele></trkpt>
<trkpt lon="-4.749272" lat="43.231285"><ele>1017.0</ele></trkpt>
<trkpt lon="-4.749418" lat="43.231237"><ele>1015.25</ele></trkpt>
<trkpt lon="-4.749904" lat="43.230998"><ele>1010.25</ele></trkpt>
<trkpt lon="-4.750064" lat="43.230785"><ele>1007.5</ele></trkpt>
<trkpt lon="-4.750653" lat="43.230627"><ele>993.75</ele></trkpt>
<trkpt lon="-4.751429" lat="43.230314"><ele>989.0</ele></trkpt>
<trkpt lon="-4.751725" lat="43.230124"><ele>992.75</ele></trkpt>
<trkpt lon="-4.751948" lat="43.230091"><ele>991.25</ele></trkpt>
<trkpt lon="-4.752127" lat="43.230114"><ele>989.25</ele></trkpt>
<trkpt lon="-4.752636" lat="43.230150"><ele>979.5</ele></trkpt>
<trkpt lon="-4.752921" lat="43.230114"><ele>976.0</ele></trkpt>
<trkpt lon="-4.752971" lat="43.230334"><ele>963.5</ele></trkpt>
<trkpt lon="-4.753164" lat="43.230337"><ele>959.75</ele></trkpt>
<trkpt lon="-4.753335" lat="43.230319"><ele>956.25</ele></trkpt>
<trkpt lon="-4.753499" lat="43.230287"><ele>952.25</ele></trkpt>
<trkpt lon="-4.753660" lat="43.230168"><ele>947.75</ele></trkpt>
<trkpt lon="-4.753725" lat="43.229899"><ele>946.0</ele></trkpt>
<trkpt lon="-4.753822" lat="43.229619"><ele>941.75</ele></trkpt>
<trkpt lon="-4.753763" lat="43.229121"><ele>942.0</ele></trkpt>
<trkpt lon="-4.753882" lat="43.228907"><ele>939.0</ele></trkpt>
<trkpt lon="-4.753854" lat="43.228713"><ele>938.5</ele></trkpt>
<trkpt lon="-4.753983" lat="43.228664"><ele>932.75</ele></trkpt>
<trkpt lon="-4.754091" lat="43.228530"><ele>926.25</ele></trkpt>
<trkpt lon="-4.754146" lat="43.228417"><ele>921.0</ele></trkpt>
<trkpt lon="-4.754214" lat="43.228404"><ele>918.25</ele></trkpt>
<trkpt lon="-4.754264" lat="43.228328"><ele>914.5</ele></trkpt>
<trkpt lon="-4.754208" lat="43.228189"><ele>911.25</ele></trkpt>
<trkpt lon="-4.754148" lat="43.228105"><ele>910.5</ele></trkpt>
<trkpt lon="-4.754012" lat="43.227960"><ele>909.0</ele></trkpt>
<trkpt lon="-4.753913" lat="43.227875"><ele>907.75</ele></trkpt>
<trkpt lon="-4.753816" lat="43.227773"><ele>906.75</ele></trkpt>
<trkpt lon="-4.753754" lat="43.227690"><ele>906.25</ele></trkpt>
<trkpt lon="-4.753615" lat="43.227445"><ele>900.0</ele></trkpt>
<trkpt lon="-4.753603" lat="43.227400"><ele>899.75</ele></trkpt>
<trkpt lon="-4.753608" lat="43.227357"><ele>899.0</ele></trkpt>
<trkpt lon="-4.753640" lat="43.227315"><ele>898.25</ele></trkpt>
<trkpt lon="-4.753703" lat="43.227287"><ele>898.5</ele></trkpt>
<trkpt lon="-4.753771" lat="43.227276"><ele>899.0</ele></trkpt>
<trkpt lon="-4.753875" lat="43.227296"><ele>899.5</ele></trkpt>
<trkpt lon="-4.753948" lat="43.227320"><ele>900.0</ele></trkpt>
<trkpt lon="-4.754077" lat="43.227387"><ele>899.5</ele></trkpt>
<trkpt lon="-4.754170" lat="43.227405"><ele>899.75</ele></trkpt>
<trkpt lon="-4.754302" lat="43.227417"><ele>900.0</ele></trkpt>
<trkpt lon="-4.754435" lat="43.227412"><ele>901.25</ele></trkpt>
<trkpt lon="-4.754566" lat="43.227394"><ele>901.75</ele></trkpt>
<trkpt lon="-4.754672" lat="43.227365"><ele>902.5</ele></trkpt>
<trkpt lon="-4.754741" lat="43.227371"><ele>902.0</ele></trkpt>
<trkpt lon="-4.754895" lat="43.227411"><ele>900.0</ele></trkpt>
<trkpt lon="-4.754978" lat="43.227426"><ele>899.25</ele></trkpt>
<trkpt lon="-4.755050" lat="43.227457"><ele>898.0</ele></trkpt>
<trkpt lon="-4.755101" lat="43.227456"><ele>897.5</ele></trkpt>
<trkpt lon="-4.755140" lat="43.227464"><ele>897.0</ele></trkpt>
<trkpt lon="-4.755296" lat="43.227408"><ele>895.5</ele></trkpt>
<trkpt lon="-4.755339" lat="43.227413"><ele>893.75</ele></trkpt>
<trkpt lon="-4.755394" lat="43.227377"><ele>891.75</ele></trkpt>
<trkpt lon="-4.755450" lat="43.227363"><ele>889.75</ele></trkpt>
<trkpt lon="-4.755520" lat="43.227264"><ele>888.0</ele></trkpt>
<trkpt lon="-4.755869" lat="43.226989"><ele>877.75</ele></trkpt>
<trkpt lon="-4.755955" lat="43.226953"><ele>875.25</ele></trkpt>
<trkpt lon="-4.755984" lat="43.226931"><ele>874.75</ele></trkpt>
<trkpt lon="-4.755995" lat="43.226907"><ele>874.75</ele></trkpt>
<trkpt lon="-4.756012" lat="43.226894"><ele>874.5</ele></trkpt>
<trkpt lon="-4.756062" lat="43.226892"><ele>872.5</ele></trkpt>
<trkpt lon="-4.756086" lat="43.226859"><ele>872.25</ele></trkpt>
<trkpt lon="-4.756129" lat="43.226851"><ele>871.25</ele></trkpt>
<trkpt lon="-4.756138" lat="43.226860"><ele>870.75</ele></trkpt>
<trkpt lon="-4.756154" lat="43.226859"><ele>870.25</ele></trkpt>
<trkpt lon="-4.756205" lat="43.226830"><ele>869.75</ele></trkpt>
<trkpt lon="-4.756246" lat="43.226829"><ele>869.0</ele></trkpt>
<trkpt lon="-4.756283" lat="43.226796"><ele>868.75</ele></trkpt>
<trkpt lon="-4.756306" lat="43.226799"><ele>868.0</ele></trkpt>
<trkpt lon="-4.756351" lat="43.226793"><ele>867.0</ele></trkpt>
<trkpt lon="-4.756376" lat="43.226776"><ele>866.75</ele></trkpt>
<trkpt lon="-4.756450" lat="43.226849"><ele>864.75</ele></trkpt>
<trkpt lon="-4.756442" lat="43.226919"><ele>863.5</ele></trkpt>
<trkpt lon="-4.756494" lat="43.227044"><ele>864.0</ele></trkpt>
<trkpt lon="-4.756503" lat="43.227123"><ele>865.0</ele></trkpt>
<trkpt lon="-4.756501" lat="43.227242"><ele>865.75</ele></trkpt>
<trkpt lon="-4.756512" lat="43.227337"><ele>865.75</ele></trkpt>
<trkpt lon="-4.756550" lat="43.227463"><ele>866.75</ele></trkpt>
<trkpt lon="-4.756577" lat="43.227515"><ele>867.0</ele></trkpt>
<trkpt lon="-4.756659" lat="43.227609"><ele>867.75</ele></trkpt>
<trkpt lon="-4.756734" lat="43.227679"><ele>868.5</ele></trkpt>
<trkpt lon="-4.756842" lat="43.227741"><ele>870.25</ele></trkpt>
<trkpt lon="-4.757113" lat="43.227842"><ele>874.0</ele></trkpt>
<trkpt lon="-4.757298" lat="43.227937"><ele>876.5</ele></trkpt>
<trkpt lon="-4.757345" lat="43.227970"><ele>877.0</ele></trkpt>
<trkpt lon="-4.757416" lat="43.228040"><ele>877.25</ele></trkpt>
<trkpt lon="-4.757524" lat="43.228192"><ele>878.0</ele></trkpt>
<trkpt lon="-4.757609" lat="43.228295"><ele>880.25</ele></trkpt>
<trkpt lon="-4.757769" lat="43.228469"><ele>884.5</ele></trkpt>
<trkpt lon="-4.757820" lat="43.228563"><ele>885.25</ele></trkpt>
<trkpt lon="-4.757835" lat="43.228613"><ele>885.25</ele></trkpt>
<trkpt lon="-4.757835" lat="43.228778"><ele>887.0</ele></trkpt>
<trkpt lon="-4.757880" lat="43.228886"><ele>889.0</ele></trkpt>
<trkpt lon="-4.757928" lat="43.228926"><ele>889.5</ele></trkpt>
<trkpt lon="-4.758083" lat="43.229112"><ele>890.25</ele></trkpt>
<trkpt lon="-4.758196" lat="43.229276"><ele>891.5</ele></trkpt>
<trkpt lon="-4.758237" lat="43.229468"><ele>892.0</ele></trkpt>
<trkpt lon="-4.758230" lat="43.229709"><ele>895.0</ele></trkpt>
<trkpt lon="-4.758242" lat="43.229759"><ele>896.0</ele></trkpt>
<trkpt lon="-4.758277" lat="43.229788"><ele>897.25</ele></trkpt>
<trkpt lon="-4.758384" lat="43.229884"><ele>902.25</ele></trkpt>
<trkpt lon="-4.758417" lat="43.229972"><ele>905.0</ele></trkpt>
<trkpt lon="-4.758403" lat="43.230232"><ele>908.0</ele></trkpt>
<trkpt lon="-4.758435" lat="43.230316"><ele>910.75</ele></trkpt>
<trkpt lon="-4.758477" lat="43.230375"><ele>913.75</ele></trkpt>
<trkpt lon="-4.758485" lat="43.230432"><ele>915.5</ele></trkpt>
<trkpt lon="-4.758500" lat="43.230458"><ele>916.5</ele></trkpt>
<trkpt lon="-4.758523" lat="43.230479"><ele>917.75</ele></trkpt>
<trkpt lon="-4.758547" lat="43.230489"><ele>918.75</ele></trkpt>
<trkpt lon="-4.758573" lat="43.230492"><ele>919.5</ele></trkpt>
<trkpt lon="-4.758641" lat="43.230447"><ele>921.75</ele></trkpt>
<trkpt lon="-4.758641" lat="43.230429"><ele>921.5</ele></trkpt>
<trkpt lon="-4.758712" lat="43.230321"><ele>923.25</ele></trkpt>
<trkpt lon="-4.758732" lat="43.230278"><ele>923.5</ele></trkpt>
<trkpt lon="-4.758780" lat="43.230249"><ele>925.5</ele></trkpt>
<trkpt lon="-4.758807" lat="43.230259"><ele>927.0</ele></trkpt>
<trkpt lon="-4.758796" lat="43.230296"><ele>927.25</ele></trkpt>
<trkpt lon="-4.758816" lat="43.230340"><ele>929.75</ele></trkpt>
<trkpt lon="-4.758843" lat="43.230375"><ele>932.25</ele></trkpt>
<trkpt lon="-4.758856" lat="43.230413"><ele>934.25</ele></trkpt>
<trkpt lon="-4.758852" lat="43.230442"><ele>935.0</ele></trkpt>
<trkpt lon="-4.758859" lat="43.230474"><ele>936.25</ele></trkpt>
<trkpt lon="-4.758920" lat="43.230461"><ele>939.0</ele></trkpt>
<trkpt lon="-4.758962" lat="43.230435"><ele>940.0</ele></trkpt>
<trkpt lon="-4.759001" lat="43.230398"><ele>941.0</ele></trkpt>
<trkpt lon="-4.759031" lat="43.230461"><ele>943.25</ele></trkpt>
<trkpt lon="-4.759033" lat="43.230488"><ele>943.75</ele></trkpt>
<trkpt lon="-4.758999" lat="43.230513"><ele>943.0</ele></trkpt>
<trkpt lon="-4.758978" lat="43.230543"><ele>942.75</ele></trkpt>
<trkpt lon="-4.758988" lat="43.230551"><ele>943.25</ele></trkpt>
<trkpt lon="-4.759009" lat="43.230555"><ele>944.0</ele></trkpt>
<trkpt lon="-4.759123" lat="43.230550"><ele>946.75</ele></trkpt>
<trkpt lon="-4.759163" lat="43.230543"><ele>947.75</ele></trkpt>
<trkpt lon="-4.759199" lat="43.230492"><ele>949.75</ele></trkpt>
<trkpt lon="-4.759227" lat="43.230507"><ele>950.75</ele></trkpt>
<trkpt lon="-4.759289" lat="43.230522"><ele>953.0</ele></trkpt>
<trkpt lon="-4.759310" lat="43.230551"><ele>953.25</ele></trkpt>
<trkpt lon="-4.759331" lat="43.230558"><ele>953.75</ele></trkpt>
<trkpt lon="-4.759355" lat="43.230592"><ele>953.25</ele></trkpt>
<trkpt lon="-4.759447" lat="43.230656"><ele>954.0</ele></trkpt>
<trkpt lon="-4.759841" lat="43.230814"><ele>964.0</ele></trkpt>
<trkpt lon="-4.760055" lat="43.230928"><ele>968.25</ele></trkpt>
<trkpt lon="-4.760219" lat="43.230982"><ele>971.25</ele></trkpt>
<trkpt lon="-4.760367" lat="43.230996"><ele>973.0</ele></trkpt>
<trkpt lon="-4.761040" lat="43.230959"><ele>977.25</ele></trkpt>
<trkpt lon="-4.761195" lat="43.230937"><ele>979.5</ele></trkpt>
<trkpt lon="-4.761279" lat="43.230943"><ele>980.75</ele></trkpt>
<trkpt lon="-4.761330" lat="43.230924"><ele>982.0</ele></trkpt>
<trkpt lon="-4.761378" lat="43.230932"><ele>982.75</ele></trkpt>
<trkpt lon="-4.761417" lat="43.230980"><ele>982.75</ele></trkpt>
<trkpt lon="-4.761465" lat="43.231080"><ele>983.0</ele></trkpt>
<trkpt lon="-4.761568" lat="43.231139"><ele>985.25</ele></trkpt>
<trkpt lon="-4.761694" lat="43.231179"><ele>987.75</ele></trkpt>
<trkpt lon="-4.761777" lat="43.231214"><ele>989.25</ele></trkpt>
<trkpt lon="-4.761826" lat="43.231247"><ele>990.0</ele></trkpt>
<trkpt lon="-4.761881" lat="43.231260"><ele>991.25</ele></trkpt>
<trkpt lon="-4.761953" lat="43.231283"><ele>992.75</ele></trkpt>
<trkpt lon="-4.761999" lat="43.231314"><ele>994.0</ele></trkpt>
<trkpt lon="-4.762079" lat="43.231349"><ele>995.75</ele></trkpt>
<trkpt lon="-4.762124" lat="43.231378"><ele>996.75</ele></trkpt>
<trkpt lon="-4.762289" lat="43.231451"><ele>999.5</ele></trkpt>
<trkpt lon="-4.762352" lat="43.231470"><ele>1000.75</ele></trkpt>
<trkpt lon="-4.762428" lat="43.231482"><ele>1002.5</ele></trkpt>
<trkpt lon="-4.762713" lat="43.231617"><ele>1007.75</ele></trkpt>
<trkpt lon="-4.762973" lat="43.231678"><ele>1012.75</ele></trkpt>
<trkpt lon="-4.763643" lat="43.231790"><ele>1029.25</ele></trkpt>
<trkpt lon="-4.763735" lat="43.231827"><ele>1030.25</ele></trkpt>
<trkpt lon="-4.763878" lat="43.231855"><ele>1031.0</ele></trkpt>
<trkpt lon="-4.763930" lat="43.231868"><ele>1030.75</ele></trkpt>
<trkpt lon="-4.763990" lat="43.231869"><ele>1030.75</ele></trkpt>
<trkpt lon="-4.764271" lat="43.231846"><ele>1030.25</ele></trkpt>
<trkpt lon="-4.764617" lat="43.231803"><ele>1030.0</ele></trkpt>
<trkpt lon="-4.764759" lat="43.231797"><ele>1029.75</ele></trkpt>
<trkpt lon="-4.765344" lat="43.231804"><ele>1028.25</ele></trkpt>
<trkpt lon="-4.765673" lat="43.231825"><ele>1027.25</ele></trkpt>
<trkpt lon="-4.766259" lat="43.231971"><ele>1027.5</ele></trkpt>
<trkpt lon="-4.766327" lat="43.232006"><ele>1027.5</ele></trkpt>
<trkpt lon="-4.766452" lat="43.232091"><ele>1026.75</ele></trkpt>
<trkpt lon="-4.766496" lat="43.232114"><ele>1026.5</ele></trkpt>
<trkpt lon="-4.766622" lat="43.232155"><ele>1027.5</ele></trkpt>
<trkpt lon="-4.766738" lat="43.232182"><ele>1028.0</ele></trkpt>
<trkpt lon="-4.767217" lat="43.232265"><ele>1028.5</ele></trkpt>
<trkpt lon="-4.767283" lat="43.232281"><ele>1029.25</ele></trkpt>
<trkpt lon="-4.767372" lat="43.232309"><ele>1030.5</ele></trkpt>
<trkpt lon="-4.767530" lat="43.232375"><ele>1032.25</ele></trkpt>
<trkpt lon="-4.767642" lat="43.232408"><ele>1032.75</ele></trkpt>
<trkpt lon="-4.767947" lat="43.232440"><ele>1034.75</ele></trkpt>
<trkpt lon="-4.768214" lat="43.232485"><ele>1035.5</ele></trkpt>
<trkpt lon="-4.768399" lat="43.232521"><ele>1035.25</ele></trkpt>
<trkpt lon="-4.768724" lat="43.232608"><ele>1034.75</ele></trkpt>
<trkpt lon="-4.768783" lat="43.232612"><ele>1035.25</ele></trkpt>
<trkpt lon="-4.769134" lat="43.232598"><ele>1039.0</ele></trkpt>
<trkpt lon="-4.769218" lat="43.232605"><ele>1039.75</ele></trkpt>
<trkpt lon="-4.769361" lat="43.232628"><ele>1040.25</ele></trkpt>
<trkpt lon="-4.769613" lat="43.232704"><ele>1038.75</ele></trkpt>
<trkpt lon="-4.769817" lat="43.232781"><ele>1037.25</ele></trkpt>
<trkpt lon="-4.770297" lat="43.232907"><ele>1039.5</ele></trkpt>
<trkpt lon="-4.770331" lat="43.232935"><ele>1039.0</ele></trkpt>
<trkpt lon="-4.770351" lat="43.232970"><ele>1038.25</ele></trkpt>
<trkpt lon="-4.770414" lat="43.233184"><ele>1042.0</ele></trkpt>
<trkpt lon="-4.770449" lat="43.233211"><ele>1043.0</ele></trkpt>
<trkpt lon="-4.770507" lat="43.233228"><ele>1043.5</ele></trkpt>
<trkpt lon="-4.770910" lat="43.233326"><ele>1046.5</ele></trkpt>
<trkpt lon="-4.771177" lat="43.233441"><ele>1050.5</ele></trkpt>
<trkpt lon="-4.771314" lat="43.233486"><ele>1052.5</ele></trkpt>
<trkpt lon="-4.771831" lat="43.233590"><ele>1056.75</ele></trkpt>
<trkpt lon="-4.772111" lat="43.233664"><ele>1060.75</ele></trkpt>
<trkpt lon="-4.772363" lat="43.233726"><ele>1064.25</ele></trkpt>
<trkpt lon="-4.772796" lat="43.233801"><ele>1068.5</ele></trkpt>
<trkpt lon="-4.773044" lat="43.233837"><ele>1070.75</ele></trkpt>
<trkpt lon="-4.773359" lat="43.233857"><ele>1073.75</ele></trkpt>
<trkpt lon="-4.773450" lat="43.233857"><ele>1074.25</ele></trkpt>
<trkpt lon="-4.773634" lat="43.233850"><ele>1075.25</ele></trkpt>
<trkpt lon="-4.774004" lat="43.233822"><ele>1077.75</ele></trkpt>
<trkpt lon="-4.774265" lat="43.233785"><ele>1079.5</ele></trkpt>
<trkpt lon="-4.775297" lat="43.233617"><ele>1089.5</ele></trkpt>
<trkpt lon="-4.775528" lat="43.233559"><ele>1092.5</ele></trkpt>
<trkpt lon="-4.775956" lat="43.233421"><ele>1097.0</ele></trkpt>
<trkpt lon="-4.776126" lat="43.233356"><ele>1097.25</ele></trkpt>
<trkpt lon="-4.776331" lat="43.233257"><ele>1099.0</ele></trkpt>
<trkpt lon="-4.776486" lat="43.233161"><ele>1101.5</ele></trkpt>
<trkpt lon="-4.776537" lat="43.233112"><ele>1102.25</ele></trkpt>
<trkpt lon="-4.776605" lat="43.232990"><ele>1102.75</ele></trkpt>
<trkpt lon="-4.776655" lat="43.232925"><ele>1103.25</ele></trkpt>
<trkpt lon="-4.776702" lat="43.232894"><ele>1103.25</ele></trkpt>
<trkpt lon="-4.776742" lat="43.232884"><ele>1103.5</ele></trkpt>
<trkpt lon="-4.776828" lat="43.232877"><ele>1104.25</ele></trkpt>
<trkpt lon="-4.777496" lat="43.232918"><ele>1110.0</ele></trkpt>
<trkpt lon="-4.777908" lat="43.232891"><ele>1112.0</ele></trkpt>
<trkpt lon="-4.778401" lat="43.232838"><ele>1115.75</ele></trkpt>
<trkpt lon="-4.778581" lat="43.232814"><ele>1118.25</ele></trkpt>
<trkpt lon="-4.778957" lat="43.232778"><ele>1121.5</ele></trkpt>
<trkpt lon="-4.779058" lat="43.232750"><ele>1122.25</ele></trkpt>
<trkpt lon="-4.779163" lat="43.232698"><ele>1122.75</ele></trkpt>
<trkpt lon="-4.779384" lat="43.232523"><ele>1121.75</ele></trkpt>
<trkpt lon="-4.779515" lat="43.232522"><ele>1123.0</ele></trkpt>
<trkpt lon="-4.779685" lat="43.232541"><ele>1124.75</ele></trkpt>
<trkpt lon="-4.779757" lat="43.232611"><ele>1126.0</ele></trkpt>
<trkpt lon="-4.779897" lat="43.232680"><ele>1128.25</ele></trkpt>
<trkpt lon="-4.779963" lat="43.232746"><ele>1130.0</ele></trkpt>
<trkpt lon="-4.780068" lat="43.232816"><ele>1132.75</ele></trkpt>
<trkpt lon="-4.780175" lat="43.232868"><ele>1135.0</ele></trkpt>
<trkpt lon="-4.780318" lat="43.232915"><ele>1137.0</ele></trkpt>
<trkpt lon="-4.780549" lat="43.233067"><ele>1141.0</ele></trkpt>
<trkpt lon="-4.780663" lat="43.233092"><ele>1143.0</ele></trkpt>
<trkpt lon="-4.780866" lat="43.233119"><ele>1146.0</ele></trkpt>
<trkpt lon="-4.780960" lat="43.233154"><ele>1148.0</ele></trkpt>
<trkpt lon="-4.780954" lat="43.233214"><ele>1149.75</ele></trkpt>
<trkpt lon="-4.780983" lat="43.233240"><ele>1151.0</ele></trkpt>
<trkpt lon="-4.781052" lat="43.233250"><ele>1152.25</ele></trkpt>
<trkpt lon="-4.781107" lat="43.233247"><ele>1152.75</ele></trkpt>
<trkpt lon="-4.781181" lat="43.233268"><ele>1154.5</ele></trkpt>
<trkpt lon="-4.781277" lat="43.233318"><ele>1157.75</ele></trkpt>
<trkpt lon="-4.781325" lat="43.233330"><ele>1158.75</ele></trkpt>
<trkpt lon="-4.781448" lat="43.233307"><ele>1159.75</ele></trkpt>
<trkpt lon="-4.781597" lat="43.233294"><ele>1161.25</ele></trkpt>
<trkpt lon="-4.781691" lat="43.233303"><ele>1162.5</ele></trkpt>
<trkpt lon="-4.781841" lat="43.233352"><ele>1163.75</ele></trkpt>
<trkpt lon="-4.781959" lat="43.233455"><ele>1167.0</ele></trkpt>
<trkpt lon="-4.782028" lat="43.233497"><ele>1168.75</ele></trkpt>
<trkpt lon="-4.782062" lat="43.233500"><ele>1169.0</ele></trkpt>
<trkpt lon="-4.782104" lat="43.233504"><ele>1169.5</ele></trkpt>
<trkpt lon="-4.782257" lat="43.233456"><ele>1169.25</ele></trkpt>
<trkpt lon="-4.782339" lat="43.233443"><ele>1169.75</ele></trkpt>
<trkpt lon="-4.782477" lat="43.233496"><ele>1173.0</ele></trkpt>
<trkpt lon="-4.782648" lat="43.233481"><ele>1174.5</ele></trkpt>
<trkpt lon="-4.782784" lat="43.233459"><ele>1175.5</ele></trkpt>
<trkpt lon="-4.782896" lat="43.233458"><ele>1176.5</ele></trkpt>
<trkpt lon="-4.783147" lat="43.233532"><ele>1181.0</ele></trkpt>
<trkpt lon="-4.783548" lat="43.233585"><ele>1186.0</ele></trkpt>
<trkpt lon="-4.783619" lat="43.233588"><ele>1187.0</ele></trkpt>
<trkpt lon="-4.783723" lat="43.233639"><ele>1190.0</ele></trkpt>
<trkpt lon="-4.783877" lat="43.233627"><ele>1191.25</ele></trkpt>
<trkpt lon="-4.784108" lat="43.233587"><ele>1192.25</ele></trkpt>
<trkpt lon="-4.784416" lat="43.233505"><ele>1192.75</ele></trkpt>
<trkpt lon="-4.784488" lat="43.233515"><ele>1194.0</ele></trkpt>
<trkpt lon="-4.784782" lat="43.233457"><ele>1196.0</ele></trkpt>
<trkpt lon="-4.784957" lat="43.233402"><ele>1197.5</ele></trkpt>
<trkpt lon="-4.785388" lat="43.233200"><ele>1201.25</ele></trkpt>
<trkpt lon="-4.785666" lat="43.233151"><ele>1205.0</ele></trkpt>
<trkpt lon="-4.785768" lat="43.233093"><ele>1205.25</ele></trkpt>
<trkpt lon="-4.785818" lat="43.232967"><ele>1206.5</ele></trkpt>
<trkpt lon="-4.785852" lat="43.232913"><ele>1207.75</ele></trkpt>
<trkpt lon="-4.786289" lat="43.232774"><ele>1214.75</ele></trkpt>
<trkpt lon="-4.786706" lat="43.232788"><ele>1218.0</ele></trkpt>
<trkpt lon="-4.786755" lat="43.232781"><ele>1218.25</ele></trkpt>
<trkpt lon="-4.787112" lat="43.232732"><ele>1218.75</ele></trkpt>
<trkpt lon="-4.787517" lat="43.232664"><ele>1216.25</ele></trkpt>
<trkpt lon="-4.787980" lat="43.232548"><ele>1211.75</ele></trkpt>
<trkpt lon="-4.788046" lat="43.232559"><ele>1211.25</ele></trkpt>
<trkpt lon="-4.788171" lat="43.232552"><ele>1209.75</ele></trkpt>
<trkpt lon="-4.788314" lat="43.232545"><ele>1207.75</ele></trkpt>
<trkpt lon="-4.788536" lat="43.232569"><ele>1206.0</ele></trkpt>
<trkpt lon="-4.788766" lat="43.232627"><ele>1205.0</ele></trkpt>
<trkpt lon="-4.788969" lat="43.232613"><ele>1202.75</ele></trkpt>
<trkpt lon="-4.789181" lat="43.232621"><ele>1201.75</ele></trkpt>
<trkpt lon="-4.789260" lat="43.232635"><ele>1201.25</ele></trkpt>
<trkpt lon="-4.789363" lat="43.232640"><ele>1200.25</ele></trkpt>
<trkpt lon="-4.789526" lat="43.232691"><ele>1200.25</ele></trkpt>
<trkpt lon="-4.789629" lat="43.232663"><ele>1198.25</ele></trkpt>
<trkpt lon="-4.789744" lat="43.232647"><ele>1196.75</ele></trkpt>
<trkpt lon="-4.789784" lat="43.232632"><ele>1196.0</ele></trkpt>
<trkpt lon="-4.789866" lat="43.232643"><ele>1196.25</ele></trkpt>
<trkpt lon="-4.790204" lat="43.232617"><ele>1194.5</ele></trkpt>
<trkpt lon="-4.790291" lat="43.232581"><ele>1192.5</ele></trkpt>
<trkpt lon="-4.790578" lat="43.232525"><ele>1189.0</ele></trkpt>
<trkpt lon="-4.790648" lat="43.232553"><ele>1189.75</ele></trkpt>
<trkpt lon="-4.790725" lat="43.232561"><ele>1189.75</ele></trkpt>
<trkpt lon="-4.790943" lat="43.232531"><ele>1187.0</ele></trkpt>
<trkpt lon="-4.791277" lat="43.232534"><ele>1185.75</ele></trkpt>
<trkpt lon="-4.791413" lat="43.232544"><ele>1185.75</ele></trkpt>
<trkpt lon="-4.791635" lat="43.232531"><ele>1183.75</ele></trkpt>
<trkpt lon="-4.791901" lat="43.232498"><ele>1181.75</ele></trkpt>
<trkpt lon="-4.792114" lat="43.232526"><ele>1181.5</ele></trkpt>
<trkpt lon="-4.792242" lat="43.232561"><ele>1182.25</ele></trkpt>
<trkpt lon="-4.792353" lat="43.232579"><ele>1182.75</ele></trkpt>
<trkpt lon="-4.792445" lat="43.232577"><ele>1182.0</ele></trkpt>
<trkpt lon="-4.792541" lat="43.232591"><ele>1182.25</ele></trkpt>
<trkpt lon="-4.792645" lat="43.232634"><ele>1183.5</ele></trkpt>
<trkpt lon="-4.792879" lat="43.232664"><ele>1183.0</ele></trkpt>
<trkpt lon="-4.792991" lat="43.232690"><ele>1183.0</ele></trkpt>
<trkpt lon="-4.793079" lat="43.232732"><ele>1183.75</ele></trkpt>
<trkpt lon="-4.793127" lat="43.232740"><ele>1183.5</ele></trkpt>
<trkpt lon="-4.793194" lat="43.232784"><ele>1184.25</ele></trkpt>
<trkpt lon="-4.793336" lat="43.232792"><ele>1182.5</ele></trkpt>
<trkpt lon="-4.793738" lat="43.232957"><ele>1182.75</ele></trkpt>
<trkpt lon="-4.793872" lat="43.233085"><ele>1184.25</ele></trkpt>
<trkpt lon="-4.794056" lat="43.233190"><ele>1183.25</ele></trkpt>
<trkpt lon="-4.794208" lat="43.233259"><ele>1182.0</ele></trkpt>
<trkpt lon="-4.794297" lat="43.233319"><ele>1182.5</ele></trkpt>
<trkpt lon="-4.794402" lat="43.233348"><ele>1181.75</ele></trkpt>
<trkpt lon="-4.794613" lat="43.233427"><ele>1179.75</ele></trkpt>
<trkpt lon="-4.794732" lat="43.233482"><ele>1179.0</ele></trkpt>
<trkpt lon="-4.794884" lat="43.233513"><ele>1177.5</ele></trkpt>
<trkpt lon="-4.794940" lat="43.233537"><ele>1177.5</ele></trkpt>
<trkpt lon="-4.795116" lat="43.233588"><ele>1175.75</ele></trkpt>
<trkpt lon="-4.795304" lat="43.233659"><ele>1174.25</ele></trkpt>
<trkpt lon="-4.795406" lat="43.233669"><ele>1172.75</ele></trkpt>
<trkpt lon="-4.795447" lat="43.233709"><ele>1173.25</ele></trkpt>
<trkpt lon="-4.795588" lat="43.233747"><ele>1172.25</ele></trkpt>
<trkpt lon="-4.795640" lat="43.233782"><ele>1172.25</ele></trkpt>
<trkpt lon="-4.796044" lat="43.233914"><ele>1169.25</ele></trkpt>
<trkpt lon="-4.796169" lat="43.233941"><ele>1168.25</ele></trkpt>
<trkpt lon="-4.796238" lat="43.233942"><ele>1167.25</ele></trkpt>
<trkpt lon="-4.796350" lat="43.233960"><ele>1166.25</ele></trkpt>
<trkpt lon="-4.796471" lat="43.233995"><ele>1165.5</ele></trkpt>
<trkpt lon="-4.796535" lat="43.233993"><ele>1164.25</ele></trkpt>
<trkpt lon="-4.796570" lat="43.233980"><ele>1163.25</ele></trkpt>
<trkpt lon="-4.796627" lat="43.233961"><ele>1161.5</ele></trkpt>
<trkpt lon="-4.796698" lat="43.233954"><ele>1160.0</ele></trkpt>
<trkpt lon="-4.796980" lat="43.233974"><ele>1155.5</ele></trkpt>
<trkpt lon="-4.797111" lat="43.233965"><ele>1152.75</ele></trkpt>
<trkpt lon="-4.797246" lat="43.233970"><ele>1150.25</ele></trkpt>
<trkpt lon="-4.797336" lat="43.233964"><ele>1148.5</ele></trkpt>
<trkpt lon="-4.797465" lat="43.233987"><ele>1147.0</ele></trkpt>
<trkpt lon="-4.797681" lat="43.234006"><ele>1143.75</ele></trkpt>
<trkpt lon="-4.797799" lat="43.234026"><ele>1142.5</ele></trkpt>
<trkpt lon="-4.797914" lat="43.234058"><ele>1142.5</ele></trkpt>
<trkpt lon="-4.798028" lat="43.234041"><ele>1140.75</ele></trkpt>
<trkpt lon="-4.798202" lat="43.234005"><ele>1137.25</ele></trkpt>
<trkpt lon="-4.798263" lat="43.234006"><ele>1136.75</ele></trkpt>
<trkpt lon="-4.798363" lat="43.233981"><ele>1134.5</ele></trkpt>
<trkpt lon="-4.798478" lat="43.234002"><ele>1134.0</ele></trkpt>
<trkpt lon="-4.798541" lat="43.233994"><ele>1132.75</ele></trkpt>
<trkpt lon="-4.798587" lat="43.233974"><ele>1131.25</ele></trkpt>
<trkpt lon="-4.798793" lat="43.233913"><ele>1127.25</ele></trkpt>
<trkpt lon="-4.798873" lat="43.233903"><ele>1126.5</ele></trkpt>
<trkpt lon="-4.798940" lat="43.233881"><ele>1125.75</ele></trkpt>
<trkpt lon="-4.798991" lat="43.233857"><ele>1125.75</ele></trkpt>
<trkpt lon="-4.799098" lat="43.233807"><ele>1126.25</ele></trkpt>
<trkpt lon="-4.799286" lat="43.233767"><ele>1126.75</ele></trkpt>
<trkpt lon="-4.799762" lat="43.233627"><ele>1127.75</ele></trkpt>
<trkpt lon="-4.799933" lat="43.233605"><ele>1124.5</ele></trkpt>
<trkpt lon="-4.800000" lat="43.233561"><ele>1124.25</ele></trkpt>
<trkpt lon="-4.800054" lat="43.233551"><ele>1124.25</ele></trkpt>
<trkpt lon="-4.800055" lat="43.233611"><ele>1122.75</ele></trkpt>
<trkpt lon="-4.800056" lat="43.233618"><ele>1122.75</ele></trkpt>
<trkpt lon="-4.800097" lat="43.233630"><ele>1123.0</ele></trkpt>
<trkpt lon="-4.800446" lat="43.233560"><ele>1123.0</ele></trkpt>
<trkpt lon="-4.800494" lat="43.233535"><ele>1122.75</ele></trkpt>
<trkpt lon="-4.800638" lat="43.233540"><ele>1121.75</ele></trkpt>
<trkpt lon="-4.800839" lat="43.233521"><ele>1119.0</ele></trkpt>
<trkpt lon="-4.800928" lat="43.233497"><ele>1116.0</ele></trkpt>
<trkpt lon="-4.801014" lat="43.233499"><ele>1114.5</ele></trkpt>
<trkpt lon="-4.801152" lat="43.233474"><ele>1110.75</ele></trkpt>
<trkpt lon="-4.801254" lat="43.233444"><ele>1107.75</ele></trkpt>
<trkpt lon="-4.801399" lat="43.233462"><ele>1107.75</ele></trkpt>
<trkpt lon="-4.801447" lat="43.233483"><ele>1108.5</ele></trkpt>
<trkpt lon="-4.801539" lat="43.233500"><ele>1108.75</ele></trkpt>
<trkpt lon="-4.801613" lat="43.233486"><ele>1107.25</ele></trkpt>
<trkpt lon="-4.801903" lat="43.233397"><ele>1099.75</ele></trkpt>
<trkpt lon="-4.801977" lat="43.233406"><ele>1099.5</ele></trkpt>
<trkpt lon="-4.802130" lat="43.233364"><ele>1095.0</ele></trkpt>
<trkpt lon="-4.802217" lat="43.233362"><ele>1093.5</ele></trkpt>
<trkpt lon="-4.802333" lat="43.233369"><ele>1092.75</ele></trkpt>
<trkpt lon="-4.802550" lat="43.233356"><ele>1089.25</ele></trkpt>
<trkpt lon="-4.802740" lat="43.233356"><ele>1085.75</ele></trkpt>
<trkpt lon="-4.802868" lat="43.233383"><ele>1084.5</ele></trkpt>
<trkpt lon="-4.802972" lat="43.233377"><ele>1081.75</ele></trkpt>
<trkpt lon="-4.803025" lat="43.233342"><ele>1078.25</ele></trkpt>
<trkpt lon="-4.803085" lat="43.233352"><ele>1077.25</ele></trkpt>
<trkpt lon="-4.803139" lat="43.233379"><ele>1077.75</ele></trkpt>
<trkpt lon="-4.803126" lat="43.233329"><ele>1074.5</ele></trkpt>
<trkpt lon="-4.803083" lat="43.233287"><ele>1073.5</ele></trkpt>
<trkpt lon="-4.803062" lat="43.233233"><ele>1071.0</ele></trkpt>
<trkpt lon="-4.803005" lat="43.233209"><ele>1070.75</ele></trkpt>
<trkpt lon="-4.802949" lat="43.233156"><ele>1068.75</ele></trkpt>
<trkpt lon="-4.802895" lat="43.233125"><ele>1068.0</ele></trkpt>
<trkpt lon="-4.802825" lat="43.233107"><ele>1068.25</ele></trkpt>
<trkpt lon="-4.802676" lat="43.233015"><ele>1068.5</ele></trkpt>
<trkpt lon="-4.802627" lat="43.232975"><ele>1069.75</ele></trkpt>
<trkpt lon="-4.802568" lat="43.232959"><ele>1071.25</ele></trkpt>
<trkpt lon="-4.802546" lat="43.232952"><ele>1071.75</ele></trkpt>
<trkpt lon="-4.802828" lat="43.232860"><ele>1066.5</ele></trkpt>
<trkpt lon="-4.803009" lat="43.232746"><ele>1062.0</ele></trkpt>
<trkpt lon="-4.803299" lat="43.232679"><ele>1055.0</ele></trkpt>
<trkpt lon="-4.803556" lat="43.232481"><ele>1058.25</ele></trkpt>
<trkpt lon="-4.803870" lat="43.232314"><ele>1048.25</ele></trkpt>
<trkpt lon="-4.803999" lat="43.232326"><ele>1042.0</ele></trkpt>
<trkpt lon="-4.804179" lat="43.232157"><ele>1039.75</ele></trkpt>
<trkpt lon="-4.804345" lat="43.232105"><ele>1035.0</ele></trkpt>
<trkpt lon="-4.804426" lat="43.232128"><ele>1031.5</ele></trkpt>
<trkpt lon="-4.804628" lat="43.232044"><ele>1026.75</ele></trkpt>
<trkpt lon="-4.804671" lat="43.232048"><ele>1025.25</ele></trkpt>
<trkpt lon="-4.804747" lat="43.232085"><ele>1022.25</ele></trkpt>
<trkpt lon="-4.804787" lat="43.232133"><ele>1020.0</ele></trkpt>
<trkpt lon="-4.804746" lat="43.232258"><ele>1017.75</ele></trkpt>
<trkpt lon="-4.804701" lat="43.232362"><ele>1015.0</ele></trkpt>
<trkpt lon="-4.804582" lat="43.232464"><ele>1015.25</ele></trkpt>
<trkpt lon="-4.804469" lat="43.232548"><ele>1018.0</ele></trkpt>
<trkpt lon="-4.804389" lat="43.232633"><ele>1020.25</ele></trkpt>
<trkpt lon="-4.804419" lat="43.232646"><ele>1019.5</ele></trkpt>
<trkpt lon="-4.804466" lat="43.232667"><ele>1018.25</ele></trkpt>
<trkpt lon="-4.804522" lat="43.232706"><ele>1017.0</ele></trkpt>
<trkpt lon="-4.804628" lat="43.232704"><ele>1014.25</ele></trkpt>
<trkpt lon="-4.804770" lat="43.232692"><ele>1010.25</ele></trkpt>
<trkpt lon="-4.804898" lat="43.232732"><ele>1007.25</ele></trkpt>
<trkpt lon="-4.805007" lat="43.232755"><ele>1004.5</ele></trkpt>
<trkpt lon="-4.805183" lat="43.232813"><ele>1006.5</ele></trkpt>
<trkpt lon="-4.805302" lat="43.232798"><ele>1002.5</ele></trkpt>
<trkpt lon="-4.805537" lat="43.232752"><ele>1000.0</ele></trkpt>
<trkpt lon="-4.805798" lat="43.232632"><ele>995.75</ele></trkpt>
<trkpt lon="-4.805960" lat="43.232549"><ele>988.5</ele></trkpt>
<trkpt lon="-4.806084" lat="43.232469"><ele>983.0</ele></trkpt>
<trkpt lon="-4.806383" lat="43.232368"><ele>982.75</ele></trkpt>
<trkpt lon="-4.806724" lat="43.232174"><ele>973.75</ele></trkpt>
<trkpt lon="-4.806804" lat="43.232135"><ele>972.0</ele></trkpt>
<trkpt lon="-4.806946" lat="43.232071"><ele>969.75</ele></trkpt>
<trkpt lon="-4.807005" lat="43.232065"><ele>968.0</ele></trkpt>
<trkpt lon="-4.807083" lat="43.232088"><ele>966.75</ele></trkpt>
<trkpt lon="-4.807294" lat="43.232193"><ele>965.0</ele></trkpt>
<trkpt lon="-4.807574" lat="43.232262"><ele>960.75</ele></trkpt>
<trkpt lon="-4.807786" lat="43.232353"><ele>959.25</ele></trkpt>
<trkpt lon="-4.807871" lat="43.232397"><ele>958.75</ele></trkpt>
<trkpt lon="-4.808178" lat="43.232422"><ele>951.75</ele></trkpt>
<trkpt lon="-4.808361" lat="43.232388"><ele>946.75</ele></trkpt>
<trkpt lon="-4.808456" lat="43.232396"><ele>945.5</ele></trkpt>
<trkpt lon="-4.808515" lat="43.232419"><ele>945.0</ele></trkpt>
<trkpt lon="-4.808548" lat="43.232459"><ele>945.0</ele></trkpt>
<trkpt lon="-4.808561" lat="43.232520"><ele>945.0</ele></trkpt>
<trkpt lon="-4.808539" lat="43.232652"><ele>943.5</ele></trkpt>
<trkpt lon="-4.808590" lat="43.232813"><ele>938.75</ele></trkpt>
<trkpt lon="-4.808638" lat="43.232922"><ele>936.0</ele></trkpt>
<trkpt lon="-4.808632" lat="43.233009"><ele>936.0</ele></trkpt>
<trkpt lon="-4.808673" lat="43.233108"><ele>933.75</ele></trkpt>
<trkpt lon="-4.808731" lat="43.233084"><ele>931.0</ele></trkpt>
<trkpt lon="-4.808858" lat="43.232935"><ele>925.25</ele></trkpt>
<trkpt lon="-4.808886" lat="43.232864"><ele>924.5</ele></trkpt>
<trkpt lon="-4.808927" lat="43.232838"><ele>922.5</ele></trkpt>
<trkpt lon="-4.808983" lat="43.232851"><ele>919.75</ele></trkpt>
<trkpt lon="-4.808991" lat="43.232992"><ele>919.5</ele></trkpt>
<trkpt lon="-4.809031" lat="43.233029"><ele>918.25</ele></trkpt>
<trkpt lon="-4.809101" lat="43.233062"><ele>916.25</ele></trkpt>
<trkpt lon="-4.809372" lat="43.233076"><ele>911.75</ele></trkpt>
<trkpt lon="-4.810189" lat="43.233045"><ele>903.25</ele></trkpt>
<trkpt lon="-4.810562" lat="43.232972"><ele>902.0</ele></trkpt>
<trkpt lon="-4.810899" lat="43.232857"><ele>898.75</ele></trkpt>
<trkpt lon="-4.810971" lat="43.232853"><ele>897.75</ele></trkpt>
<trkpt lon="-4.811300" lat="43.232898"><ele>895.75</ele></trkpt>
<trkpt lon="-4.811572" lat="43.232921"><ele>893.5</ele></trkpt>
<trkpt lon="-4.811641" lat="43.232938"><ele>892.75</ele></trkpt>
<trkpt lon="-4.811692" lat="43.232966"><ele>891.75</ele></trkpt>
<trkpt lon="-4.811819" lat="43.233008"><ele>887.75</ele></trkpt>
<trkpt lon="-4.811835" lat="43.232966"><ele>887.75</ele></trkpt>
<trkpt lon="-4.811990" lat="43.232969"><ele>882.75</ele></trkpt>
<trkpt lon="-4.812032" lat="43.232957"><ele>881.0</ele></trkpt>
<trkpt lon="-4.812118" lat="43.232982"><ele>878.0</ele></trkpt>
<trkpt lon="-4.812239" lat="43.232972"><ele>873.25</ele></trkpt>
<trkpt lon="-4.812352" lat="43.232952"><ele>868.75</ele></trkpt>
<trkpt lon="-4.812407" lat="43.232974"><ele>868.0</ele></trkpt>
<trkpt lon="-4.812463" lat="43.232976"><ele>866.25</ele></trkpt>
<trkpt lon="-4.812511" lat="43.232941"><ele>862.5</ele></trkpt>
<trkpt lon="-4.812588" lat="43.232928"><ele>859.5</ele></trkpt>
<trkpt lon="-4.812682" lat="43.232936"><ele>857.25</ele></trkpt>
<trkpt lon="-4.812702" lat="43.232926"><ele>856.0</ele></trkpt>
<trkpt lon="-4.812695" lat="43.232892"><ele>854.25</ele></trkpt>
<trkpt lon="-4.812727" lat="43.232881"><ele>852.75</ele></trkpt>
<trkpt lon="-4.812768" lat="43.232893"><ele>852.25</ele></trkpt>
<trkpt lon="-4.812878" lat="43.232993"><ele>852.25</ele></trkpt>
<trkpt lon="-4.812978" lat="43.233032"><ele>848.5</ele></trkpt>
<trkpt lon="-4.813095" lat="43.233161"><ele>844.0</ele></trkpt>
<trkpt lon="-4.813166" lat="43.233201"><ele>840.75</ele></trkpt>
<trkpt lon="-4.813184" lat="43.233239"><ele>840.25</ele></trkpt>
<trkpt lon="-4.813162" lat="43.233255"><ele>841.5</ele></trkpt>
<trkpt lon="-4.813167" lat="43.233268"><ele>841.5</ele></trkpt>
<trkpt lon="-4.813191" lat="43.233280"><ele>840.5</ele></trkpt>
<trkpt lon="-4.813257" lat="43.233298"><ele>837.25</ele></trkpt>
<trkpt lon="-4.813324" lat="43.233341"><ele>834.75</ele></trkpt>
<trkpt lon="-4.813359" lat="43.233302"><ele>832.0</ele></trkpt>
<trkpt lon="-4.813362" lat="43.233065"><ele>828.25</ele></trkpt>
<trkpt lon="-4.813354" lat="43.233001"><ele>826.0</ele></trkpt>
<trkpt lon="-4.813361" lat="43.232919"><ele>821.75</ele></trkpt>
<trkpt lon="-4.813386" lat="43.232886"><ele>819.0</ele></trkpt>
<trkpt lon="-4.813450" lat="43.232903"><ele>816.75</ele></trkpt>
<trkpt lon="-4.813607" lat="43.233041"><ele>811.75</ele></trkpt>
<trkpt lon="-4.813624" lat="43.232972"><ele>810.0</ele></trkpt>
<trkpt lon="-4.813662" lat="43.232931"><ele>807.75</ele></trkpt>
<trkpt lon="-4.813749" lat="43.232951"><ele>805.0</ele></trkpt>
<trkpt lon="-4.813776" lat="43.233026"><ele>805.0</ele></trkpt>
<trkpt lon="-4.813885" lat="43.233113"><ele>801.75</ele></trkpt>
<trkpt lon="-4.813983" lat="43.233044"><ele>798.5</ele></trkpt>
<trkpt lon="-4.814132" lat="43.233232"><ele>792.75</ele></trkpt>
<trkpt lon="-4.814201" lat="43.233311"><ele>788.5</ele></trkpt>
<trkpt lon="-4.814283" lat="43.233378"><ele>785.0</ele></trkpt>
<trkpt lon="-4.814406" lat="43.233522"><ele>784.25</ele></trkpt>
<trkpt lon="-4.814482" lat="43.233549"><ele>781.75</ele></trkpt>
<trkpt lon="-4.814571" lat="43.233606"><ele>780.75</ele></trkpt>
<trkpt lon="-4.814783" lat="43.233630"><ele>773.5</ele></trkpt>
<trkpt lon="-4.814843" lat="43.233646"><ele>771.75</ele></trkpt>
<trkpt lon="-4.814872" lat="43.233669"><ele>771.75</ele></trkpt>
<trkpt lon="-4.814825" lat="43.233725"><ele>776.5</ele></trkpt>
<trkpt lon="-4.814938" lat="43.233750"><ele>772.75</ele></trkpt>
<trkpt lon="-4.815116" lat="43.233723"><ele>763.5</ele></trkpt>
<trkpt lon="-4.815177" lat="43.233723"><ele>761.0</ele></trkpt>
<trkpt lon="-4.815523" lat="43.233816"><ele>750.5</ele></trkpt>
<trkpt lon="-4.815587" lat="43.233869"><ele>750.25</ele></trkpt>
<trkpt lon="-4.815691" lat="43.233883"><ele>745.75</ele></trkpt>
<trkpt lon="-4.815699" lat="43.233910"><ele>746.5</ele></trkpt>
<trkpt lon="-4.815654" lat="43.233950"><ele>750.0</ele></trkpt>
<trkpt lon="-4.815658" lat="43.233987"><ele>751.0</ele></trkpt>
<trkpt lon="-4.815880" lat="43.234067"><ele>743.5</ele></trkpt>
<trkpt lon="-4.815965" lat="43.234127"><ele>740.75</ele></trkpt>
<trkpt lon="-4.816081" lat="43.234146"><ele>734.0</ele></trkpt>
<trkpt lon="-4.816265" lat="43.234210"><ele>726.75</ele></trkpt>
<trkpt lon="-4.816325" lat="43.234269"><ele>725.5</ele></trkpt>
<trkpt lon="-4.816392" lat="43.234353"><ele>724.0</ele></trkpt>
<trkpt lon="-4.816481" lat="43.234426"><ele>722.75</ele></trkpt>
<trkpt lon="-4.816564" lat="43.234452"><ele>720.25</ele></trkpt>
<trkpt lon="-4.816648" lat="43.234463"><ele>717.25</ele></trkpt>
<trkpt lon="-4.816692" lat="43.234449"><ele>715.0</ele></trkpt>
<trkpt lon="-4.816662" lat="43.234397"><ele>714.75</ele></trkpt>
<trkpt lon="-4.816661" lat="43.234369"><ele>714.0</ele></trkpt>
<trkpt lon="-4.816871" lat="43.234405"><ele>707.5</ele></trkpt>
<trkpt lon="-4.816944" lat="43.234452"><ele>706.0</ele></trkpt>
<trkpt lon="-4.817056" lat="43.234544"><ele>703.25</ele></trkpt>
<trkpt lon="-4.817170" lat="43.234618"><ele>700.25</ele></trkpt>
<trkpt lon="-4.817292" lat="43.234648"><ele>696.5</ele></trkpt>
<trkpt lon="-4.817366" lat="43.234688"><ele>695.25</ele></trkpt>
<trkpt lon="-4.817550" lat="43.234816"><ele>692.75</ele></trkpt>
<trkpt lon="-4.817688" lat="43.234817"><ele>687.75</ele></trkpt>
<trkpt lon="-4.817811" lat="43.234854"><ele>684.25</ele></trkpt>
<trkpt lon="-4.817916" lat="43.234894"><ele>681.5</ele></trkpt>
<trkpt lon="-4.817986" lat="43.234936"><ele>680.25</ele></trkpt>
<trkpt lon="-4.818040" lat="43.234950"><ele>678.75</ele></trkpt>
<trkpt lon="-4.818085" lat="43.234979"><ele>678.0</ele></trkpt>
<trkpt lon="-4.818186" lat="43.235007"><ele>675.0</ele></trkpt>
<trkpt lon="-4.818226" lat="43.235042"><ele>674.75</ele></trkpt>
<trkpt lon="-4.818288" lat="43.235069"><ele>673.25</ele></trkpt>
<trkpt lon="-4.818417" lat="43.235103"><ele>669.0</ele></trkpt>
<trkpt lon="-4.818402" lat="43.235063"><ele>668.25</ele></trkpt>
<trkpt lon="-4.818416" lat="43.235053"><ele>667.5</ele></trkpt>
<trkpt lon="-4.818486" lat="43.235095"><ele>665.75</ele></trkpt>
<trkpt lon="-4.818581" lat="43.235169"><ele>663.0</ele></trkpt>
<trkpt lon="-4.818634" lat="43.235230"><ele>662.0</ele></trkpt>
<trkpt lon="-4.818684" lat="43.235224"><ele>660.0</ele></trkpt>
<trkpt lon="-4.818754" lat="43.235245"><ele>657.75</ele></trkpt>
<trkpt lon="-4.818814" lat="43.235302"><ele>656.75</ele></trkpt>
<trkpt lon="-4.818932" lat="43.235327"><ele>653.5</ele></trkpt>
<trkpt lon="-4.818999" lat="43.235393"><ele>653.5</ele></trkpt>
<trkpt lon="-4.819035" lat="43.235387"><ele>652.25</ele></trkpt>
<trkpt lon="-4.819086" lat="43.235387"><ele>651.0</ele></trkpt>
<trkpt lon="-4.819121" lat="43.235414"><ele>650.25</ele></trkpt>
<trkpt lon="-4.819237" lat="43.235458"><ele>648.0</ele></trkpt>
<trkpt lon="-4.819353" lat="43.235476"><ele>646.0</ele></trkpt>
<trkpt lon="-4.819444" lat="43.235447"><ele>644.0</ele></trkpt>
<trkpt lon="-4.819435" lat="43.235481"><ele>644.5</ele></trkpt>
<trkpt lon="-4.819443" lat="43.235509"><ele>644.5</ele></trkpt>
<trkpt lon="-4.819505" lat="43.235561"><ele>644.0</ele></trkpt>
<trkpt lon="-4.819638" lat="43.235720"><ele>644.25</ele></trkpt>
<trkpt lon="-4.819761" lat="43.235790"><ele>643.5</ele></trkpt>
<trkpt lon="-4.819915" lat="43.235948"><ele>644.75</ele></trkpt>
<trkpt lon="-4.819984" lat="43.236000"><ele>644.75</ele></trkpt>
<trkpt lon="-4.820085" lat="43.236042"><ele>644.0</ele></trkpt>
<trkpt lon="-4.820313" lat="43.236094"><ele>641.25</ele></trkpt>
<trkpt lon="-4.820611" lat="43.236190"><ele>638.75</ele></trkpt>
<trkpt lon="-4.820684" lat="43.236226"><ele>638.5</ele></trkpt>
<trkpt lon="-4.820731" lat="43.236260"><ele>638.25</ele></trkpt>
<trkpt lon="-4.820912" lat="43.236501"><ele>637.75</ele></trkpt>
<trkpt lon="-4.820995" lat="43.236592"><ele>637.25</ele></trkpt>
<trkpt lon="-4.821220" lat="43.236801"><ele>635.75</ele></trkpt>
<trkpt lon="-4.821406" lat="43.237000"><ele>635.0</ele></trkpt>
<trkpt lon="-4.821494" lat="43.237067"><ele>634.0</ele></trkpt>
<trkpt lon="-4.821947" lat="43.237325"><ele>627.5</ele></trkpt>
<trkpt lon="-4.822179" lat="43.237443"><ele>626.0</ele></trkpt>
<trkpt lon="-4.822507" lat="43.237586"><ele>624.75</ele></trkpt>
<trkpt lon="-4.822687" lat="43.237639"><ele>623.25</ele></trkpt>
<trkpt lon="-4.822876" lat="43.237683"><ele>621.25</ele></trkpt>
<trkpt lon="-4.822910" lat="43.237701"><ele>621.0</ele></trkpt>
<trkpt lon="-4.822942" lat="43.237728"><ele>621.0</ele></trkpt>
<trkpt lon="-4.823084" lat="43.237889"><ele>621.0</ele></trkpt>
<trkpt lon="-4.823146" lat="43.237940"><ele>620.5</ele></trkpt>
<trkpt lon="-4.823209" lat="43.237969"><ele>619.5</ele></trkpt>
<trkpt lon="-4.823273" lat="43.237976"><ele>617.75</ele></trkpt>
<trkpt lon="-4.823391" lat="43.237982"><ele>615.25</ele></trkpt>
<trkpt lon="-4.823622" lat="43.238079"><ele>613.5</ele></trkpt>
<trkpt lon="-4.823932" lat="43.238185"><ele>607.5</ele></trkpt>
<trkpt lon="-4.824143" lat="43.238292"><ele>603.25</ele></trkpt>
<trkpt lon="-4.824211" lat="43.238317"><ele>602.25</ele></trkpt>
<trkpt lon="-4.824564" lat="43.238371"><ele>599.5</ele></trkpt>
<trkpt lon="-4.824751" lat="43.238418"><ele>597.5</ele></trkpt>
<trkpt lon="-4.824822" lat="43.238456"><ele>597.5</ele></trkpt>
<trkpt lon="-4.824909" lat="43.238539"><ele>596.0</ele></trkpt>
<trkpt lon="-4.824968" lat="43.238609"><ele>593.5</ele></trkpt>
<trkpt lon="-4.825089" lat="43.238681"><ele>591.5</ele></trkpt>
<trkpt lon="-4.825202" lat="43.238770"><ele>590.25</ele></trkpt>
<trkpt lon="-4.825262" lat="43.238806"><ele>589.0</ele></trkpt>
<trkpt lon="-4.825388" lat="43.238844"><ele>588.25</ele></trkpt>
<trkpt lon="-4.825551" lat="43.238922"><ele>588.25</ele></trkpt>
<trkpt lon="-4.825668" lat="43.238960"><ele>588.75</ele></trkpt>
<trkpt lon="-4.825828" lat="43.238993"><ele>588.75</ele></trkpt>
<trkpt lon="-4.825922" lat="43.239002"><ele>588.25</ele></trkpt>
<trkpt lon="-4.826315" lat="43.239019"><ele>586.0</ele></trkpt>
<trkpt lon="-4.826416" lat="43.239007"><ele>585.25</ele></trkpt>
<trkpt lon="-4.826801" lat="43.238925"><ele>582.75</ele></trkpt>
<trkpt lon="-4.826904" lat="43.238843"><ele>582.25</ele></trkpt>
<trkpt lon="-4.826939" lat="43.238840"><ele>582.0</ele></trkpt>
<trkpt lon="-4.827027" lat="43.238842"><ele>582.25</ele></trkpt>
<trkpt lon="-4.827097" lat="43.238821"><ele>582.25</ele></trkpt>
<trkpt lon="-4.827141" lat="43.238814"><ele>582.0</ele></trkpt>
<trkpt lon="-4.827176" lat="43.238818"><ele>582.0</ele></trkpt>
<trkpt lon="-4.827273" lat="43.238844"><ele>582.0</ele></trkpt>
<trkpt lon="-4.827314" lat="43.238842"><ele>581.75</ele></trkpt>
<trkpt lon="-4.827346" lat="43.238832"><ele>581.5</ele></trkpt>
<trkpt lon="-4.827427" lat="43.238860"><ele>581.0</ele></trkpt>
<trkpt lon="-4.827545" lat="43.238916"><ele>579.75</ele></trkpt>
<trkpt lon="-4.827576" lat="43.238954"><ele>580.5</ele></trkpt>
<trkpt lon="-4.827652" lat="43.238976"><ele>579.75</ele></trkpt>
<trkpt lon="-4.827773" lat="43.239053"><ele>580.25</ele></trkpt>
<trkpt lon="-4.827859" lat="43.239078"><ele>579.5</ele></trkpt>
<trkpt lon="-4.827919" lat="43.239077"><ele>578.5</ele></trkpt>
<trkpt lon="-4.827984" lat="43.239105"><ele>577.5</ele></trkpt>
<trkpt lon="-4.828066" lat="43.239115"><ele>575.75</ele></trkpt>
<trkpt lon="-4.828159" lat="43.239140"><ele>574.0</ele></trkpt>
<trkpt lon="-4.828317" lat="43.239160"><ele>570.25</ele></trkpt>
<trkpt lon="-4.828383" lat="43.239181"><ele>568.75</ele></trkpt>
<trkpt lon="-4.828450" lat="43.239235"><ele>567.25</ele></trkpt>
<trkpt lon="-4.828512" lat="43.239304"><ele>565.5</ele></trkpt>
<trkpt lon="-4.828588" lat="43.239359"><ele>562.75</ele></trkpt>
<trkpt lon="-4.828645" lat="43.239391"><ele>560.75</ele></trkpt>
<trkpt lon="-4.828668" lat="43.239431"><ele>560.0</ele></trkpt>
<trkpt lon="-4.828676" lat="43.239504"><ele>563.25</ele></trkpt>
<trkpt lon="-4.828727" lat="43.239554"><ele>562.75</ele></trkpt>
<trkpt lon="-4.828778" lat="43.239625"><ele>561.0</ele></trkpt>
<trkpt lon="-4.828788" lat="43.239692"><ele>561.75</ele></trkpt>
<trkpt lon="-4.828833" lat="43.239707"><ele>556.75</ele></trkpt>
<trkpt lon="-4.828874" lat="43.239757"><ele>553.75</ele></trkpt>
<trkpt lon="-4.828955" lat="43.239805"><ele>552.0</ele></trkpt>
<trkpt lon="-4.829140" lat="43.239884"><ele>546.25</ele></trkpt>
<trkpt lon="-4.829242" lat="43.239911"><ele>544.0</ele></trkpt>
<trkpt lon="-4.829320" lat="43.239958"><ele>542.75</ele></trkpt>
<trkpt lon="-4.829391" lat="43.239992"><ele>540.75</ele></trkpt>
<trkpt lon="-4.829484" lat="43.240078"><ele>541.75</ele></trkpt>
<trkpt lon="-4.829533" lat="43.240097"><ele>541.25</ele></trkpt>
<trkpt lon="-4.829563" lat="43.240175"><ele>542.5</ele></trkpt>
<trkpt lon="-4.829735" lat="43.240345"><ele>536.5</ele></trkpt>
<trkpt lon="-4.829767" lat="43.240420"><ele>537.5</ele></trkpt>
<trkpt lon="-4.829807" lat="43.240463"><ele>537.5</ele></trkpt>
<trkpt lon="-4.829850" lat="43.240526"><ele>537.0</ele></trkpt>
<trkpt lon="-4.829886" lat="43.240552"><ele>536.0</ele></trkpt>
<trkpt lon="-4.829971" lat="43.240654"><ele>534.5</ele></trkpt>
<trkpt lon="-4.830012" lat="43.240834"><ele>535.5</ele></trkpt>
<trkpt lon="-4.830034" lat="43.240862"><ele>534.75</ele></trkpt>
<trkpt lon="-4.830021" lat="43.241147"><ele>534.25</ele></trkpt>
<trkpt lon="-4.830051" lat="43.241226"><ele>534.75</ele></trkpt>
<trkpt lon="-4.830072" lat="43.241365"><ele>535.75</ele></trkpt>
<trkpt lon="-4.830124" lat="43.241480"><ele>538.0</ele></trkpt>
<trkpt lon="-4.830163" lat="43.241511"><ele>537.75</ele></trkpt>
<trkpt lon="-4.830202" lat="43.241558"><ele>538.5</ele></trkpt>
<trkpt lon="-4.830330" lat="43.241648"><ele>537.0</ele></trkpt>
<trkpt lon="-4.830357" lat="43.241688"><ele>537.25</ele></trkpt>
<trkpt lon="-4.830458" lat="43.241775"><ele>535.5</ele></trkpt>
<trkpt lon="-4.830477" lat="43.241807"><ele>535.75</ele></trkpt>
<trkpt lon="-4.830487" lat="43.241927"><ele>540.5</ele></trkpt>
<trkpt lon="-4.830532" lat="43.242092"><ele>539.75</ele></trkpt>
<trkpt lon="-4.830548" lat="43.242120"><ele>539.25</ele></trkpt>
<trkpt lon="-4.830565" lat="43.242258"><ele>538.5</ele></trkpt>
<trkpt lon="-4.830563" lat="43.242297"><ele>538.0</ele></trkpt>
<trkpt lon="-4.830593" lat="43.242347"><ele>534.25</ele></trkpt>
<trkpt lon="-4.830556" lat="43.242585"><ele>532.5</ele></trkpt>
<trkpt lon="-4.830441" lat="43.242701"><ele>531.75</ele></trkpt>
<trkpt lon="-4.830377" lat="43.242746"><ele>531.75</ele></trkpt>
<trkpt lon="-4.830284" lat="43.242879"><ele>527.5</ele></trkpt>
<trkpt lon="-4.830248" lat="43.242963"><ele>524.25</ele></trkpt>
<trkpt lon="-4.830205" lat="43.242998"><ele>523.5</ele></trkpt>
<trkpt lon="-4.830123" lat="43.243026"><ele>524.25</ele></trkpt>
<trkpt lon="-4.830124" lat="43.243041"><ele>523.5</ele></trkpt>
<trkpt lon="-4.830155" lat="43.243048"><ele>522.25</ele></trkpt>
<trkpt lon="-4.830297" lat="43.243031"><ele>519.5</ele></trkpt>
<trkpt lon="-4.830384" lat="43.243029"><ele>516.75</ele></trkpt>
<trkpt lon="-4.830418" lat="43.243021"><ele>516.25</ele></trkpt>
<trkpt lon="-4.830444" lat="43.243024"><ele>515.25</ele></trkpt>
<trkpt lon="-4.830444" lat="43.243104"><ele>511.75</ele></trkpt>
<trkpt lon="-4.830494" lat="43.243164"><ele>508.0</ele></trkpt>
<trkpt lon="-4.830494" lat="43.243195"><ele>507.0</ele></trkpt>
<trkpt lon="-4.830484" lat="43.243217"><ele>506.5</ele></trkpt>
<trkpt lon="-4.830436" lat="43.243229"><ele>507.75</ele></trkpt>
<trkpt lon="-4.830410" lat="43.243248"><ele>508.0</ele></trkpt>
<trkpt lon="-4.830389" lat="43.243274"><ele>508.0</ele></trkpt>
<trkpt lon="-4.830375" lat="43.243314"><ele>507.0</ele></trkpt>
<trkpt lon="-4.830388" lat="43.243355"><ele>506.0</ele></trkpt>
<trkpt lon="-4.830440" lat="43.243453"><ele>504.0</ele></trkpt>
<trkpt lon="-4.830448" lat="43.243503"><ele>503.5</ele></trkpt>
<trkpt lon="-4.830507" lat="43.243602"><ele>500.25</ele></trkpt>
<trkpt lon="-4.830533" lat="43.243682"><ele>499.0</ele></trkpt>
<trkpt lon="-4.830586" lat="43.243784"><ele>496.25</ele></trkpt>
<trkpt lon="-4.830605" lat="43.243892"><ele>495.5</ele></trkpt>
<trkpt lon="-4.830642" lat="43.243974"><ele>494.25</ele></trkpt>
<trkpt lon="-4.830699" lat="43.244142"><ele>492.0</ele></trkpt>
<trkpt lon="-4.830703" lat="43.244178"><ele>491.75</ele></trkpt>
<trkpt lon="-4.830693" lat="43.244219"><ele>491.5</ele></trkpt>
<trkpt lon="-4.830670" lat="43.244265"><ele>492.0</ele></trkpt>
<trkpt lon="-4.830662" lat="43.244328"><ele>491.0</ele></trkpt>
<trkpt lon="-4.830647" lat="43.244631"><ele>491.0</ele></trkpt>
<trkpt lon="-4.830685" lat="43.244711"><ele>489.25</ele></trkpt>
<trkpt lon="-4.830722" lat="43.244749"><ele>488.75</ele></trkpt>
<trkpt lon="-4.830885" lat="43.244856"><ele>483.25</ele></trkpt>
<trkpt lon="-4.830894" lat="43.244937"><ele>486.0</ele></trkpt>
<trkpt lon="-4.830908" lat="43.244951"><ele>485.5</ele></trkpt>
<trkpt lon="-4.830918" lat="43.245227"><ele>482.0</ele></trkpt>
<trkpt lon="-4.830938" lat="43.245250"><ele>479.75</ele></trkpt>
<trkpt lon="-4.830969" lat="43.245416"><ele>474.0</ele></trkpt>
<trkpt lon="-4.830956" lat="43.245475"><ele>474.0</ele></trkpt>
<trkpt lon="-4.830968" lat="43.245493"><ele>472.75</ele></trkpt>
<trkpt lon="-4.830986" lat="43.245478"><ele>471.5</ele></trkpt>
<trkpt lon="-4.831001" lat="43.245439"><ele>470.75</ele></trkpt>
<trkpt lon="-4.831017" lat="43.245451"><ele>469.25</ele></trkpt>
<trkpt lon="-4.831049" lat="43.245552"><ele>465.0</ele></trkpt>
<trkpt lon="-4.831052" lat="43.245599"><ele>463.0</ele></trkpt>
<trkpt lon="-4.831037" lat="43.245626"><ele>463.25</ele></trkpt>
<trkpt lon="-4.831006" lat="43.245658"><ele>464.75</ele></trkpt>
<trkpt lon="-4.830975" lat="43.245649"><ele>468.0</ele></trkpt>
<trkpt lon="-4.830972" lat="43.245636"><ele>468.75</ele></trkpt>
<trkpt lon="-4.830945" lat="43.245622"><ele>471.5</ele></trkpt>
<trkpt lon="-4.830907" lat="43.245652"><ele>474.0</ele></trkpt>
<trkpt lon="-4.830894" lat="43.245697"><ele>474.0</ele></trkpt>
<trkpt lon="-4.830940" lat="43.245851"><ele>466.0</ele></trkpt>
<trkpt lon="-4.830941" lat="43.245902"><ele>467.5</ele></trkpt>
<trkpt lon="-4.830883" lat="43.245973"><ele>474.25</ele></trkpt>
<trkpt lon="-4.830873" lat="43.246008"><ele>475.5</ele></trkpt>
<trkpt lon="-4.830893" lat="43.246036"><ele>474.75</ele></trkpt>
<trkpt lon="-4.831117" lat="43.246129"><ele>468.25</ele></trkpt>
<trkpt lon="-4.831200" lat="43.246177"><ele>465.5</ele></trkpt>
<trkpt lon="-4.831255" lat="43.246199"><ele>463.5</ele></trkpt>
<trkpt lon="-4.831296" lat="43.246249"><ele>463.0</ele></trkpt>
<trkpt lon="-4.831312" lat="43.246284"><ele>463.5</ele></trkpt>
<trkpt lon="-4.831311" lat="43.246341"><ele>465.5</ele></trkpt>
<trkpt lon="-4.831342" lat="43.246427"><ele>466.0</ele></trkpt>
<trkpt lon="-4.831341" lat="43.246514"><ele>467.25</ele></trkpt>
<trkpt lon="-4.831368" lat="43.246578"><ele>466.0</ele></trkpt>
<trkpt lon="-4.831494" lat="43.246685"><ele>460.25</ele></trkpt>
<trkpt lon="-4.831584" lat="43.246739"><ele>458.0</ele></trkpt>
<trkpt lon="-4.831764" lat="43.246824"><ele>451.75</ele></trkpt>
<trkpt lon="-4.831801" lat="43.246856"><ele>451.0</ele></trkpt>
<trkpt lon="-4.831871" lat="43.246967"><ele>450.5</ele></trkpt>
<trkpt lon="-4.831879" lat="43.246998"><ele>450.25</ele></trkpt>
<trkpt lon="-4.831854" lat="43.247100"><ele>453.0</ele></trkpt>
<trkpt lon="-4.831890" lat="43.247152"><ele>450.75</ele></trkpt>
<trkpt lon="-4.831985" lat="43.247231"><ele>443.75</ele></trkpt>
<trkpt lon="-4.832037" lat="43.247292"><ele>441.5</ele></trkpt>
<trkpt lon="-4.832043" lat="43.247325"><ele>442.25</ele></trkpt>
<trkpt lon="-4.832023" lat="43.247386"><ele>447.0</ele></trkpt>
<trkpt lon="-4.832046" lat="43.247452"><ele>447.0</ele></trkpt>
<trkpt lon="-4.832127" lat="43.247571"><ele>441.75</ele></trkpt>
<trkpt lon="-4.832208" lat="43.247673"><ele>436.75</ele></trkpt>
<trkpt lon="-4.832236" lat="43.247727"><ele>436.25</ele></trkpt>
<trkpt lon="-4.832358" lat="43.248033"><ele>432.75</ele></trkpt>
<trkpt lon="-4.832396" lat="43.248071"><ele>431.5</ele></trkpt>
<trkpt lon="-4.832450" lat="43.248079"><ele>427.75</ele></trkpt>
<trkpt lon="-4.832528" lat="43.248063"><ele>419.75</ele></trkpt>
<trkpt lon="-4.832585" lat="43.248085"><ele>416.5</ele></trkpt>
<trkpt lon="-4.832762" lat="43.248243"><ele>417.25</ele></trkpt>
<trkpt lon="-4.832878" lat="43.248327"><ele>419.75</ele></trkpt>
<trkpt lon="-4.833050" lat="43.248363"><ele>414.0</ele></trkpt>
<trkpt lon="-4.833223" lat="43.248411"><ele>403.75</ele></trkpt>
<trkpt lon="-4.833311" lat="43.248442"><ele>399.75</ele></trkpt>
<trkpt lon="-4.833415" lat="43.248523"><ele>399.5</ele></trkpt>
<trkpt lon="-4.833502" lat="43.248611"><ele>403.25</ele></trkpt>
<trkpt lon="-4.833610" lat="43.248830"><ele>394.0</ele></trkpt>
<trkpt lon="-4.833610" lat="43.248922"><ele>395.25</ele></trkpt>
<trkpt lon="-4.833639" lat="43.248978"><ele>394.75</ele></trkpt>
<trkpt lon="-4.833676" lat="43.249019"><ele>392.75</ele></trkpt>
<trkpt lon="-4.833718" lat="43.249101"><ele>391.5</ele></trkpt>
<trkpt lon="-4.833741" lat="43.249117"><ele>389.5</ele></trkpt>
<trkpt lon="-4.833757" lat="43.249115"><ele>388.0</ele></trkpt>
<trkpt lon="-4.833756" lat="43.248996"><ele>384.0</ele></trkpt>
<trkpt lon="-4.833812" lat="43.248837"><ele>373.5</ele></trkpt>
<trkpt lon="-4.833809" lat="43.248774"><ele>371.75</ele></trkpt>
<trkpt lon="-4.833836" lat="43.248762"><ele>368.5</ele></trkpt>
<trkpt lon="-4.833889" lat="43.248922"><ele>368.75</ele></trkpt>
<trkpt lon="-4.833889" lat="43.248987"><ele>370.75</ele></trkpt>
<trkpt lon="-4.833906" lat="43.249037"><ele>370.75</ele></trkpt>
<trkpt lon="-4.834027" lat="43.249165"><ele>365.75</ele></trkpt>
<trkpt lon="-4.834084" lat="43.249198"><ele>364.0</ele></trkpt>
<trkpt lon="-4.834153" lat="43.249197"><ele>359.0</ele></trkpt>
<trkpt lon="-4.834199" lat="43.249189"><ele>356.0</ele></trkpt>
<trkpt lon="-4.834320" lat="43.249242"><ele>353.25</ele></trkpt>
<trkpt lon="-4.834405" lat="43.249271"><ele>350.25</ele></trkpt>
<trkpt lon="-4.834420" lat="43.249252"><ele>348.5</ele></trkpt>
<trkpt lon="-4.834395" lat="43.249227"><ele>348.5</ele></trkpt>
<trkpt lon="-4.834232" lat="43.249128"><ele>350.75</ele></trkpt>
<trkpt lon="-4.834118" lat="43.249050"><ele>354.0</ele></trkpt>
<trkpt lon="-4.834080" lat="43.249015"><ele>355.5</ele></trkpt>
<trkpt lon="-4.834078" lat="43.248855"><ele>348.75</ele></trkpt>
<trkpt lon="-4.834097" lat="43.248864"><ele>347.5</ele></trkpt>
<trkpt lon="-4.834113" lat="43.248916"><ele>348.25</ele></trkpt>
<trkpt lon="-4.834165" lat="43.248950"><ele>345.0</ele></trkpt>
<trkpt lon="-4.834196" lat="43.248935"><ele>342.5</ele></trkpt>
<trkpt lon="-4.834196" lat="43.248858"><ele>339.0</ele></trkpt>
<trkpt lon="-4.834181" lat="43.248732"><ele>335.25</ele></trkpt>
<trkpt lon="-4.834203" lat="43.248731"><ele>334.25</ele></trkpt>
<trkpt lon="-4.834223" lat="43.248738"><ele>333.75</ele></trkpt>
<trkpt lon="-4.834252" lat="43.248777"><ele>333.75</ele></trkpt>
<trkpt lon="-4.834382" lat="43.248892"><ele>329.0</ele></trkpt>
<trkpt lon="-4.834516" lat="43.248979"><ele>327.75</ele></trkpt>
<trkpt lon="-4.834604" lat="43.249092"><ele>326.5</ele></trkpt>
<trkpt lon="-4.834610" lat="43.249127"><ele>326.75</ele></trkpt>
<trkpt lon="-4.834654" lat="43.249191"><ele>323.5</ele></trkpt>
<trkpt lon="-4.834702" lat="43.249214"><ele>318.75</ele></trkpt>
<trkpt lon="-4.834708" lat="43.249269"><ele>318.0</ele></trkpt>
<trkpt lon="-4.834695" lat="43.249338"><ele>319.75</ele></trkpt>
<trkpt lon="-4.834734" lat="43.249466"><ele>317.5</ele></trkpt>
<trkpt lon="-4.834838" lat="43.249624"><ele>322.75</ele></trkpt>
<trkpt lon="-4.834906" lat="43.249682"><ele>319.25</ele></trkpt>
<trkpt lon="-4.834957" lat="43.249743"><ele>315.25</ele></trkpt>
<trkpt lon="-4.835028" lat="43.249911"><ele>314.0</ele></trkpt>
<trkpt lon="-4.835086" lat="43.250032"><ele>313.75</ele></trkpt>
<trkpt lon="-4.835099" lat="43.250094"><ele>315.25</ele></trkpt>
<trkpt lon="-4.835119" lat="43.250139"><ele>315.75</ele></trkpt>
<trkpt lon="-4.835168" lat="43.250194"><ele>315.5</ele></trkpt>
<trkpt lon="-4.835276" lat="43.250291"><ele>314.25</ele></trkpt>
<trkpt lon="-4.835342" lat="43.250316"><ele>308.75</ele></trkpt>
<trkpt lon="-4.835377" lat="43.250361"><ele>306.25</ele></trkpt>
<trkpt lon="-4.835369" lat="43.250412"><ele>308.0</ele></trkpt>
<trkpt lon="-4.835330" lat="43.250448"><ele>312.5</ele></trkpt>
<trkpt lon="-4.835287" lat="43.250472"><ele>317.25</ele></trkpt>
<trkpt lon="-4.835280" lat="43.250507"><ele>318.5</ele></trkpt>
<trkpt lon="-4.835252" lat="43.250544"><ele>320.0</ele></trkpt>
<trkpt lon="-4.835209" lat="43.250571"><ele>320.0</ele></trkpt>
<trkpt lon="-4.835190" lat="43.250599"><ele>319.25</ele></trkpt>
<trkpt lon="-4.835122" lat="43.250649"><ele>318.5</ele></trkpt>
<trkpt lon="-4.835113" lat="43.250699"><ele>317.0</ele></trkpt>
<trkpt lon="-4.835116" lat="43.250802"><ele>313.75</ele></trkpt>
<trkpt lon="-4.835086" lat="43.250852"><ele>313.0</ele></trkpt>
<trkpt lon="-4.835092" lat="43.250867"><ele>312.25</ele></trkpt>
<trkpt lon="-4.835119" lat="43.250857"><ele>311.5</ele></trkpt>
<trkpt lon="-4.835206" lat="43.250856"><ele>308.25</ele></trkpt>
<trkpt lon="-4.835256" lat="43.250873"><ele>305.5</ele></trkpt>
<trkpt lon="-4.835269" lat="43.250888"><ele>304.0</ele></trkpt>
<trkpt lon="-4.835216" lat="43.250891"><ele>306.0</ele></trkpt>
<trkpt lon="-4.835174" lat="43.250915"><ele>306.75</ele></trkpt>
<trkpt lon="-4.835154" lat="43.250964"><ele>305.25</ele></trkpt>
<trkpt lon="-4.835130" lat="43.251109"><ele>300.0</ele></trkpt>
<trkpt lon="-4.835239" lat="43.251052"><ele>296.5</ele></trkpt>
<trkpt lon="-4.835262" lat="43.251108"><ele>292.0</ele></trkpt>
<trkpt lon="-4.835208" lat="43.251208"><ele>292.0</ele></trkpt>
<trkpt lon="-4.835232" lat="43.251217"><ele>290.25</ele></trkpt>
<trkpt lon="-4.835249" lat="43.251197"><ele>289.75</ele></trkpt>
<trkpt lon="-4.835276" lat="43.251180"><ele>288.5</ele></trkpt>
<trkpt lon="-4.835296" lat="43.251188"><ele>287.0</ele></trkpt>
<trkpt lon="-4.835286" lat="43.251246"><ele>285.5</ele></trkpt>
<trkpt lon="-4.835297" lat="43.251259"><ele>284.5</ele></trkpt>
<trkpt lon="-4.835347" lat="43.251229"><ele>282.75</ele></trkpt>
<trkpt lon="-4.835370" lat="43.251164"><ele>283.25</ele></trkpt>
<trkpt lon="-4.835405" lat="43.251101"><ele>283.0</ele></trkpt>
<trkpt lon="-4.835438" lat="43.251102"><ele>280.75</ele></trkpt>
<trkpt lon="-4.835462" lat="43.251116"><ele>278.75</ele></trkpt>
<trkpt lon="-4.835463" lat="43.251180"><ele>277.25</ele></trkpt>
<trkpt lon="-4.835471" lat="43.251204"><ele>276.25</ele></trkpt>
<trkpt lon="-4.835487" lat="43.251207"><ele>275.25</ele></trkpt>
<trkpt lon="-4.835514" lat="43.251292"><ele>271.75</ele></trkpt>
<trkpt lon="-4.835513" lat="43.251350"><ele>270.75</ele></trkpt>
<trkpt lon="-4.835537" lat="43.251342"><ele>269.75</ele></trkpt>
<trkpt lon="-4.835576" lat="43.251289"><ele>270.0</ele></trkpt>
<trkpt lon="-4.835601" lat="43.251288"><ele>270.25</ele></trkpt>
<trkpt lon="-4.835609" lat="43.251311"><ele>269.75</ele></trkpt>
<trkpt lon="-4.835560" lat="43.251523"><ele>264.0</ele></trkpt>
<trkpt lon="-4.835605" lat="43.251609"><ele>261.5</ele></trkpt>
<trkpt lon="-4.835553" lat="43.251746"><ele>258.0</ele></trkpt>
<trkpt lon="-4.835547" lat="43.251816"><ele>256.5</ele></trkpt>
<trkpt lon="-4.835552" lat="43.251866"><ele>255.0</ele></trkpt>
<trkpt lon="-4.835586" lat="43.251881"><ele>255.25</ele></trkpt>
<trkpt lon="-4.835712" lat="43.251856"><ele>259.0</ele></trkpt>
<trkpt lon="-4.835736" lat="43.251859"><ele>259.5</ele></trkpt>
<trkpt lon="-4.835752" lat="43.251876"><ele>260.0</ele></trkpt>
<trkpt lon="-4.835741" lat="43.251907"><ele>259.5</ele></trkpt>
<trkpt lon="-4.835727" lat="43.252006"><ele>259.0</ele></trkpt>
<trkpt lon="-4.835674" lat="43.252209"><ele>255.25</ele></trkpt>
<trkpt lon="-4.835676" lat="43.252257"><ele>254.75</ele></trkpt>
<trkpt lon="-4.835709" lat="43.252356"><ele>255.5</ele></trkpt>
<trkpt lon="-4.835745" lat="43.252400"><ele>257.0</ele></trkpt>
<trkpt lon="-4.835748" lat="43.252447"><ele>256.75</ele></trkpt>
<trkpt lon="-4.835772" lat="43.252488"><ele>257.5</ele></trkpt>
<trkpt lon="-4.835822" lat="43.252534"><ele>259.0</ele></trkpt>
<trkpt lon="-4.835883" lat="43.252700"><ele>256.5</ele></trkpt>
<trkpt lon="-4.836023" lat="43.252905"><ele>254.75</ele></trkpt>
<trkpt lon="-4.836074" lat="43.252945"><ele>255.25</ele></trkpt>
<trkpt lon="-4.836105" lat="43.253006"><ele>253.5</ele></trkpt>
<trkpt lon="-4.836139" lat="43.253052"><ele>252.5</ele></trkpt>
<trkpt lon="-4.836142" lat="43.253112"><ele>251.25</ele></trkpt>
<trkpt lon="-4.836131" lat="43.253177"><ele>249.0</ele></trkpt>
<trkpt lon="-4.836158" lat="43.253216"><ele>249.25</ele></trkpt>
<trkpt lon="-4.836145" lat="43.253255"><ele>247.75</ele></trkpt>
<trkpt lon="-4.836181" lat="43.253311"><ele>247.5</ele></trkpt>
<trkpt lon="-4.836208" lat="43.253348"><ele>246.75</ele></trkpt>
<trkpt lon="-4.836239" lat="43.253374"><ele>246.25</ele></trkpt>
<trkpt lon="-4.836259" lat="43.253407"><ele>245.0</ele></trkpt>
<trkpt lon="-4.836362" lat="43.253409"><ele>247.5</ele></trkpt>
<trkpt lon="-4.836373" lat="43.253428"><ele>246.75</ele></trkpt>
<trkpt lon="-4.836344" lat="43.253446"><ele>245.0</ele></trkpt>
<trkpt lon="-4.836329" lat="43.253474"><ele>242.75</ele></trkpt>
<trkpt lon="-4.836356" lat="43.253488"><ele>242.75</ele></trkpt>
<trkpt lon="-4.836420" lat="43.253472"><ele>244.0</ele></trkpt>
<trkpt lon="-4.836491" lat="43.253470"><ele>243.5</ele></trkpt>
<trkpt lon="-4.836440" lat="43.253568"><ele>237.75</ele></trkpt>
<trkpt lon="-4.836353" lat="43.253656"><ele>234.25</ele></trkpt>
<trkpt lon="-4.836398" lat="43.253659"><ele>234.5</ele></trkpt>
<trkpt lon="-4.836443" lat="43.253643"><ele>234.25</ele></trkpt>
<trkpt lon="-4.836669" lat="43.253644"><ele>230.25</ele></trkpt>
<trkpt lon="-4.836715" lat="43.253625"><ele>230.75</ele></trkpt>
<trkpt lon="-4.836812" lat="43.253623"><ele>229.5</ele></trkpt>
<trkpt lon="-4.836903" lat="43.253631"><ele>228.5</ele></trkpt>
<trkpt lon="-4.836944" lat="43.253679"><ele>228.75</ele></trkpt>
<trkpt lon="-4.837019" lat="43.253788"><ele>231.75</ele></trkpt>
<trkpt lon="-4.837037" lat="43.253819"><ele>233.25</ele></trkpt>
<trkpt lon="-4.837035" lat="43.253842"><ele>234.0</ele></trkpt>
<trkpt lon="-4.836970" lat="43.253872"><ele>232.5</ele></trkpt>
<trkpt lon="-4.836950" lat="43.253888"><ele>232.0</ele></trkpt>
<trkpt lon="-4.837095" lat="43.253877"><ele>237.25</ele></trkpt>
<trkpt lon="-4.837107" lat="43.253884"><ele>238.0</ele></trkpt>
<trkpt lon="-4.837083" lat="43.253914"><ele>238.25</ele></trkpt>
<trkpt lon="-4.837063" lat="43.253959"><ele>238.75</ele></trkpt>
<trkpt lon="-4.837066" lat="43.253991"><ele>240.0</ele></trkpt>
<trkpt lon="-4.837057" lat="43.254048"><ele>241.5</ele></trkpt>
<trkpt lon="-4.837030" lat="43.254115"><ele>242.5</ele></trkpt>
<trkpt lon="-4.836999" lat="43.254157"><ele>242.75</ele></trkpt>
<trkpt lon="-4.836928" lat="43.254212"><ele>242.5</ele></trkpt>
<trkpt lon="-4.836854" lat="43.254304"><ele>243.5</ele></trkpt>
<trkpt lon="-4.836782" lat="43.254285"><ele>238.75</ele></trkpt>
<trkpt lon="-4.836719" lat="43.254313"><ele>237.0</ele></trkpt>
<trkpt lon="-4.836671" lat="43.254386"><ele>239.25</ele></trkpt>
<trkpt lon="-4.836575" lat="43.254505"><ele>239.0</ele></trkpt>
<trkpt lon="-4.836481" lat="43.254589"><ele>235.75</ele></trkpt>
<trkpt lon="-4.836471" lat="43.254702"><ele>238.0</ele></trkpt>
<trkpt lon="-4.836408" lat="43.254779"><ele>237.25</ele></trkpt>
<trkpt lon="-4.836257" lat="43.254855"><ele>233.5</ele></trkpt>
<trkpt lon="-4.836166" lat="43.254890"><ele>231.75</ele></trkpt>
<trkpt lon="-4.835902" lat="43.255127"><ele>228.75</ele></trkpt>
<trkpt lon="-4.835874" lat="43.255212"><ele>230.75</ele></trkpt>
<trkpt lon="-4.835795" lat="43.255278"><ele>229.75</ele></trkpt>
<trkpt lon="-4.835721" lat="43.255305"><ele>226.5</ele></trkpt>
<trkpt lon="-4.835632" lat="43.255491"><ele>226.0</ele></trkpt>
<trkpt lon="-4.835565" lat="43.255629"><ele>231.75</ele></trkpt>
<trkpt lon="-4.835436" lat="43.255715"><ele>231.75</ele></trkpt>
<trkpt lon="-4.835342" lat="43.255886"><ele>234.25</ele></trkpt>
<trkpt lon="-4.835353" lat="43.256021"><ele>239.0</ele></trkpt>
<trkpt lon="-4.835317" lat="43.256035"><ele>237.75</ele></trkpt>
<trkpt lon="-4.835228" lat="43.256065"><ele>236.0</ele></trkpt>
<trkpt lon="-4.834915" lat="43.256178"><ele>237.0</ele></trkpt>
<trkpt lon="-4.834765" lat="43.256262"><ele>236.0</ele></trkpt>
<trkpt lon="-4.834506" lat="43.256437"><ele>237.25</ele></trkpt>
<trkpt lon="-4.834443" lat="43.256473"><ele>238.25</ele></trkpt>
<trkpt lon="-4.834375" lat="43.256501"><ele>238.25</ele></trkpt>
<trkpt lon="-4.834201" lat="43.256543"><ele>235.0</ele></trkpt>
<trkpt lon="-4.833560" lat="43.256590"><ele>230.0</ele></trkpt>
<trkpt lon="-4.833460" lat="43.256603"><ele>228.5</ele></trkpt>
<trkpt lon="-4.833408" lat="43.256624"><ele>228.75</ele></trkpt>
<trkpt lon="-4.833276" lat="43.256701"><ele>229.25</ele></trkpt>
<trkpt lon="-4.832938" lat="43.256944"><ele>229.0</ele></trkpt>
<trkpt lon="-4.832204" lat="43.257343"><ele>218.5</ele></trkpt>
<trkpt lon="-4.832343" lat="43.257472"><ele>225.25</ele></trkpt>
<trkpt lon="-4.832209" lat="43.257564"><ele>224.25</ele></trkpt>
<trkpt lon="-4.832132" lat="43.257608"><ele>225.0</ele></trkpt>
<trkpt lon="-4.832059" lat="43.257682"><ele>226.25</ele></trkpt>
<trkpt lon="-4.831879" lat="43.257824"><ele>226.75</ele></trkpt>
<trkpt lon="-4.831738" lat="43.257915"><ele>226.75</ele></trkpt>
<trkpt lon="-4.831538" lat="43.258088"><ele>229.0</ele></trkpt>
<trkpt lon="-4.831385" lat="43.258142"><ele>228.0</ele></trkpt>
<trkpt lon="-4.831345" lat="43.258170"><ele>228.0</ele></trkpt>
<trkpt lon="-4.831224" lat="43.258285"><ele>229.5</ele></trkpt>
<trkpt lon="-4.831054" lat="43.258391"><ele>226.75</ele></trkpt>
<trkpt lon="-4.830998" lat="43.258438"><ele>225.25</ele></trkpt>
<trkpt lon="-4.830965" lat="43.258480"><ele>225.0</ele></trkpt>
<trkpt lon="-4.830951" lat="43.258515"><ele>225.75</ele></trkpt>
<trkpt lon="-4.830946" lat="43.258563"><ele>227.25</ele></trkpt>
<trkpt lon="-4.830948" lat="43.258652"><ele>230.0</ele></trkpt>
<trkpt lon="-4.830939" lat="43.258676"><ele>229.75</ele></trkpt>
<trkpt lon="-4.830841" lat="43.258734"><ele>225.5</ele></trkpt>
<trkpt lon="-4.830871" lat="43.258862"><ele>229.0</ele></trkpt>
<trkpt lon="-4.830896" lat="43.258901"><ele>229.75</ele></trkpt>
<trkpt lon="-4.831041" lat="43.259076"><ele>228.25</ele></trkpt>
<trkpt lon="-4.831098" lat="43.259138"><ele>229.25</ele></trkpt>
<trkpt lon="-4.831201" lat="43.259336"><ele>228.5</ele></trkpt>
<trkpt lon="-4.831255" lat="43.259421"><ele>230.0</ele></trkpt>
<trkpt lon="-4.831268" lat="43.259485"><ele>228.75</ele></trkpt>
<trkpt lon="-4.831413" lat="43.259716"><ele>230.0</ele></trkpt>
<trkpt lon="-4.831500" lat="43.259810"><ele>229.0</ele></trkpt>
<trkpt lon="-4.831571" lat="43.259873"><ele>228.75</ele></trkpt>
<trkpt lon="-4.831602" lat="43.259911"><ele>227.5</ele></trkpt>
<trkpt lon="-4.831622" lat="43.259949"><ele>225.5</ele></trkpt>
<trkpt lon="-4.831635" lat="43.260199"><ele>216.0</ele></trkpt>
<trkpt lon="-4.831681" lat="43.260334"><ele>214.75</ele></trkpt>
<trkpt lon="-4.831682" lat="43.260376"><ele>214.0</ele></trkpt>
<trkpt lon="-4.831673" lat="43.260398"><ele>212.5</ele></trkpt>
<trkpt lon="-4.831699" lat="43.260495"><ele>214.0</ele></trkpt>
<trkpt lon="-4.831645" lat="43.260542"><ele>207.75</ele></trkpt>
<trkpt lon="-4.831603" lat="43.260411"><ele>209.75</ele></trkpt>
<trkpt lon="-4.831523" lat="43.260241"><ele>209.75</ele></trkpt>
<trkpt lon="-4.831433" lat="43.260265"><ele>205.75</ele></trkpt>
<trkpt lon="-4.831370" lat="43.260289"><ele>204.0</ele></trkpt>
<trkpt lon="-4.831147" lat="43.260345"><ele>205.25</ele></trkpt>
<trkpt lon="-4.830973" lat="43.260391"><ele>209.25</ele></trkpt>
<trkpt lon="-4.830952" lat="43.260347"><ele>209.25</ele></trkpt>
<trkpt lon="-4.830910" lat="43.260357"><ele>210.5</ele></trkpt>
<trkpt lon="-4.830927" lat="43.260485"><ele>211.75</ele></trkpt>
<trkpt lon="-4.830910" lat="43.260536"><ele>213.0</ele></trkpt>
<trkpt lon="-4.830838" lat="43.260636"><ele>215.25</ele></trkpt>
<trkpt lon="-4.830823" lat="43.260687"><ele>216.0</ele></trkpt>
<trkpt lon="-4.830813" lat="43.260698"><ele>217.0</ele></trkpt>
<trkpt lon="-4.830798" lat="43.260698"><ele>218.75</ele></trkpt>
<trkpt lon="-4.830792" lat="43.260688"><ele>219.25</ele></trkpt>
<trkpt lon="-4.830763" lat="43.260580"><ele>220.25</ele></trkpt>
<trkpt lon="-4.830744" lat="43.260584"><ele>221.5</ele></trkpt>
<trkpt lon="-4.830719" lat="43.260601"><ele>223.75</ele></trkpt>
<trkpt lon="-4.830646" lat="43.260682"><ele>234.5</ele></trkpt>
<trkpt lon="-4.830613" lat="43.260704"><ele>239.75</ele></trkpt>
<trkpt lon="-4.830594" lat="43.260698"><ele>241.5</ele></trkpt>
<trkpt lon="-4.830582" lat="43.260677"><ele>240.75</ele></trkpt>
<trkpt lon="-4.830553" lat="43.260675"><ele>244.25</ele></trkpt>
<trkpt lon="-4.830563" lat="43.260583"><ele>233.25</ele></trkpt>
<trkpt lon="-4.830536" lat="43.260569"><ele>238.75</ele></trkpt>
<trkpt lon="-4.830492" lat="43.260572"><ele>253.5</ele></trkpt>
<trkpt lon="-4.830451" lat="43.260543"><ele>264.0</ele></trkpt>
<trkpt lon="-4.830482" lat="43.260521"><ele>252.75</ele></trkpt>
<trkpt lon="-4.830469" lat="43.260432"><ele>249.5</ele></trkpt>
<trkpt lon="-4.830420" lat="43.260441"><ele>261.0</ele></trkpt>
<trkpt lon="-4.830383" lat="43.260437"><ele>268.5</ele></trkpt>
<trkpt lon="-4.830371" lat="43.260345"><ele>255.5</ele></trkpt>
<trkpt lon="-4.830347" lat="43.260344"><ele>258.5</ele></trkpt>
<trkpt lon="-4.830331" lat="43.260298"><ele>251.25</ele></trkpt>
<trkpt lon="-4.830307" lat="43.260287"><ele>251.0</ele></trkpt>
<trkpt lon="-4.830290" lat="43.260288"><ele>252.5</ele></trkpt>
<trkpt lon="-4.830207" lat="43.260348"><ele>280.25</ele></trkpt>
<trkpt lon="-4.830220" lat="43.260232"><ele>261.75</ele></trkpt>
<trkpt lon="-4.830262" lat="43.260138"><ele>257.25</ele></trkpt>
<trkpt lon="-4.830209" lat="43.260172"><ele>263.5</ele></trkpt>
<trkpt lon="-4.830161" lat="43.260185"><ele>270.25</ele></trkpt>
<trkpt lon="-4.830212" lat="43.260065"><ele>263.5</ele></trkpt>
<trkpt lon="-4.830243" lat="43.260036"><ele>261.25</ele></trkpt>
<trkpt lon="-4.830105" lat="43.260057"><ele>272.75</ele></trkpt>
<trkpt lon="-4.829997" lat="43.260086"><ele>284.5</ele></trkpt>
<trkpt lon="-4.829996" lat="43.260056"><ele>282.0</ele></trkpt>
<trkpt lon="-4.830025" lat="43.260003"><ele>275.5</ele></trkpt>
<trkpt lon="-4.830056" lat="43.259985"><ele>274.25</ele></trkpt>
<trkpt lon="-4.830094" lat="43.259937"><ele>273.75</ele></trkpt>
<trkpt lon="-4.830086" lat="43.259926"><ele>274.75</ele></trkpt>
<trkpt lon="-4.830036" lat="43.259941"><ele>278.0</ele></trkpt>
<trkpt lon="-4.830032" lat="43.259927"><ele>279.25</ele></trkpt>
<trkpt lon="-4.830067" lat="43.259900"><ele>277.75</ele></trkpt>
<trkpt lon="-4.830063" lat="43.259861"><ele>280.0</ele></trkpt>
<trkpt lon="-4.830052" lat="43.259844"><ele>282.0</ele></trkpt>
<trkpt lon="-4.830034" lat="43.259843"><ele>284.0</ele></trkpt>
<trkpt lon="-4.829960" lat="43.259886"><ele>286.25</ele></trkpt>
<trkpt lon="-4.829953" lat="43.259857"><ele>288.5</ele></trkpt>
<trkpt lon="-4.829977" lat="43.259804"><ele>291.25</ele></trkpt>
<trkpt lon="-4.829951" lat="43.259810"><ele>291.75</ele></trkpt>
<trkpt lon="-4.829899" lat="43.259856"><ele>290.75</ele></trkpt>
<trkpt lon="-4.829873" lat="43.259869"><ele>291.0</ele></trkpt>
<trkpt lon="-4.829802" lat="43.259889"><ele>292.5</ele></trkpt>
<trkpt lon="-4.829776" lat="43.259883"><ele>294.0</ele></trkpt>
<trkpt lon="-4.829836" lat="43.259828"><ele>295.0</ele></trkpt>
<trkpt lon="-4.829849" lat="43.259807"><ele>295.75</ele></trkpt>
<trkpt lon="-4.829845" lat="43.259794"><ele>296.75</ele></trkpt>
<trkpt lon="-4.829830" lat="43.259797"><ele>297.25</ele></trkpt>
<trkpt lon="-4.829682" lat="43.259872"><ele>299.25</ele></trkpt>
<trkpt lon="-4.829615" lat="43.259941"><ele>299.0</ele></trkpt>
<trkpt lon="-4.829597" lat="43.259940"><ele>300.25</ele></trkpt>
<trkpt lon="-4.829593" lat="43.259929"><ele>301.25</ele></trkpt>
<trkpt lon="-4.829675" lat="43.259818"><ele>303.0</ele></trkpt>
<trkpt lon="-4.829727" lat="43.259768"><ele>303.0</ele></trkpt>
<trkpt lon="-4.829780" lat="43.259704"><ele>304.5</ele></trkpt>
<trkpt lon="-4.829858" lat="43.259650"><ele>303.75</ele></trkpt>
<trkpt lon="-4.829878" lat="43.259618"><ele>304.5</ele></trkpt>
<trkpt lon="-4.829850" lat="43.259616"><ele>305.5</ele></trkpt>
<trkpt lon="-4.829693" lat="43.259691"><ele>309.0</ele></trkpt>
<trkpt lon="-4.829699" lat="43.259664"><ele>309.5</ele></trkpt>
<trkpt lon="-4.829739" lat="43.259623"><ele>309.25</ele></trkpt>
<trkpt lon="-4.829800" lat="43.259589"><ele>308.25</ele></trkpt>
<trkpt lon="-4.829856" lat="43.259585"><ele>306.5</ele></trkpt>
<trkpt lon="-4.829890" lat="43.259535"><ele>307.25</ele></trkpt>
<trkpt lon="-4.829885" lat="43.259516"><ele>308.25</ele></trkpt>
<trkpt lon="-4.829867" lat="43.259504"><ele>309.25</ele></trkpt>
<trkpt lon="-4.829772" lat="43.259475"><ele>313.75</ele></trkpt>
<trkpt lon="-4.829684" lat="43.259467"><ele>318.25</ele></trkpt>
<trkpt lon="-4.829690" lat="43.259490"><ele>317.0</ele></trkpt>
<trkpt lon="-4.829671" lat="43.259521"><ele>317.0</ele></trkpt>
<trkpt lon="-4.829558" lat="43.259522"><ele>323.75</ele></trkpt>
<trkpt lon="-4.829499" lat="43.259567"><ele>325.75</ele></trkpt>
<trkpt lon="-4.829472" lat="43.259609"><ele>325.75</ele></trkpt>
<trkpt lon="-4.829422" lat="43.259656"><ele>326.25</ele></trkpt>
<trkpt lon="-4.829345" lat="43.259696"><ele>327.75</ele></trkpt>
<trkpt lon="-4.829267" lat="43.259721"><ele>330.0</ele></trkpt>
<trkpt lon="-4.829178" lat="43.259739"><ele>332.75</ele></trkpt>
<trkpt lon="-4.829112" lat="43.259743"><ele>335.0</ele></trkpt>
<trkpt lon="-4.828989" lat="43.259785"><ele>338.25</ele></trkpt>
<trkpt lon="-4.828953" lat="43.259803"><ele>339.25</ele></trkpt>
<trkpt lon="-4.828970" lat="43.259757"><ele>339.5</ele></trkpt>
<trkpt lon="-4.829014" lat="43.259710"><ele>339.0</ele></trkpt>
<trkpt lon="-4.829146" lat="43.259639"><ele>337.5</ele></trkpt>
<trkpt lon="-4.829181" lat="43.259607"><ele>337.5</ele></trkpt>
<trkpt lon="-4.829127" lat="43.259610"><ele>338.75</ele></trkpt>
<trkpt lon="-4.829066" lat="43.259585"><ele>340.75</ele></trkpt>
<trkpt lon="-4.829051" lat="43.259530"><ele>342.5</ele></trkpt>
<trkpt lon="-4.828956" lat="43.259485"><ele>344.75</ele></trkpt>
<trkpt lon="-4.828844" lat="43.259447"><ele>347.5</ele></trkpt>
<trkpt lon="-4.828473" lat="43.259296"><ele>342.75</ele></trkpt>
<trkpt lon="-4.828368" lat="43.259273"><ele>341.75</ele></trkpt>
<trkpt lon="-4.828260" lat="43.259264"><ele>340.25</ele></trkpt>
<trkpt lon="-4.828167" lat="43.259247"><ele>337.75</ele></trkpt>
<trkpt lon="-4.828115" lat="43.259262"><ele>337.75</ele></trkpt>
<trkpt lon="-4.827963" lat="43.259336"><ele>335.75</ele></trkpt>
<trkpt lon="-4.827863" lat="43.259407"><ele>334.25</ele></trkpt>
<trkpt lon="-4.827660" lat="43.259506"><ele>335.75</ele></trkpt>
<trkpt lon="-4.827546" lat="43.259528"><ele>336.75</ele></trkpt>
<trkpt lon="-4.827305" lat="43.259520"><ele>338.75</ele></trkpt>
<trkpt lon="-4.827208" lat="43.259534"><ele>343.5</ele></trkpt>
<trkpt lon="-4.827149" lat="43.259549"><ele>347.5</ele></trkpt>
<trkpt lon="-4.827100" lat="43.259550"><ele>348.25</ele></trkpt>
<trkpt lon="-4.826986" lat="43.259510"><ele>340.25</ele></trkpt>
<trkpt lon="-4.826888" lat="43.259488"><ele>336.0</ele></trkpt>
<trkpt lon="-4.826822" lat="43.259487"><ele>336.25</ele></trkpt>
<trkpt lon="-4.826696" lat="43.259466"><ele>334.0</ele></trkpt>
<trkpt lon="-4.826564" lat="43.259433"><ele>336.25</ele></trkpt>
<trkpt lon="-4.826492" lat="43.259403"><ele>338.75</ele></trkpt>
<trkpt lon="-4.826448" lat="43.259352"><ele>338.5</ele></trkpt>
<trkpt lon="-4.826424" lat="43.259289"><ele>336.75</ele></trkpt>
<trkpt lon="-4.826349" lat="43.259267"><ele>339.5</ele></trkpt>
<trkpt lon="-4.826206" lat="43.259209"><ele>341.25</ele></trkpt>
<trkpt lon="-4.826056" lat="43.259172"><ele>342.75</ele></trkpt>
<trkpt lon="-4.825490" lat="43.259208"><ele>350.5</ele></trkpt>
<trkpt lon="-4.825160" lat="43.259261"><ele>356.0</ele></trkpt>
<trkpt lon="-4.825042" lat="43.259268"><ele>357.0</ele></trkpt>
<trkpt lon="-4.824930" lat="43.259270"><ele>358.25</ele></trkpt>
<trkpt lon="-4.824167" lat="43.259223"><ele>369.0</ele></trkpt>
<trkpt lon="-4.823684" lat="43.259229"><ele>376.5</ele></trkpt>
<trkpt lon="-4.823591" lat="43.259184"><ele>376.5</ele></trkpt>
<trkpt lon="-4.823421" lat="43.259086"><ele>379.25</ele></trkpt>
<trkpt lon="-4.823229" lat="43.258986"><ele>382.0</ele></trkpt>
<trkpt lon="-4.823132" lat="43.258943"><ele>383.25</ele></trkpt>
<trkpt lon="-4.822668" lat="43.258888"><ele>390.0</ele></trkpt>
<trkpt lon="-4.822488" lat="43.258812"><ele>391.75</ele></trkpt>
<trkpt lon="-4.821997" lat="43.258499"><ele>400.25</ele></trkpt>
<trkpt lon="-4.821740" lat="43.258417"><ele>404.25</ele></trkpt>
<trkpt lon="-4.821321" lat="43.258345"><ele>409.5</ele></trkpt>
<trkpt lon="-4.821058" lat="43.258309"><ele>411.5</ele></trkpt>
<trkpt lon="-4.820920" lat="43.258299"><ele>412.75</ele></trkpt>
<trkpt lon="-4.820848" lat="43.258286"><ele>413.25</ele></trkpt>
<trkpt lon="-4.820717" lat="43.258282"><ele>414.0</ele></trkpt>
<trkpt lon="-4.820485" lat="43.258306"><ele>416.5</ele></trkpt>
<trkpt lon="-4.820158" lat="43.258327"><ele>418.0</ele></trkpt>
<trkpt lon="-4.819839" lat="43.258332"><ele>417.25</ele></trkpt>
<trkpt lon="-4.819613" lat="43.258349"><ele>418.0</ele></trkpt>
<trkpt lon="-4.819383" lat="43.258375"><ele>420.0</ele></trkpt>
<trkpt lon="-4.818832" lat="43.258389"><ele>423.25</ele></trkpt>
<trkpt lon="-4.818639" lat="43.258400"><ele>425.75</ele></trkpt>
<trkpt lon="-4.818211" lat="43.258376"><ele>428.0</ele></trkpt>
<trkpt lon="-4.817600" lat="43.258366"><ele>427.75</ele></trkpt>
<trkpt lon="-4.817221" lat="43.258412"><ele>430.5</ele></trkpt>
<trkpt lon="-4.816840" lat="43.258430"><ele>433.25</ele></trkpt>
<trkpt lon="-4.816455" lat="43.258409"><ele>436.25</ele></trkpt>
<trkpt lon="-4.816139" lat="43.258418"><ele>442.0</ele></trkpt>
<trkpt lon="-4.815868" lat="43.258406"><ele>443.75</ele></trkpt>
<trkpt lon="-4.815562" lat="43.258404"><ele>445.75</ele></trkpt>
<trkpt lon="-4.814976" lat="43.258477"><ele>455.0</ele></trkpt>
<trkpt lon="-4.814836" lat="43.258447"><ele>458.75</ele></trkpt>
<trkpt lon="-4.814731" lat="43.258386"><ele>460.0</ele></trkpt>
<trkpt lon="-4.814610" lat="43.258346"><ele>459.25</ele></trkpt>
<trkpt lon="-4.814421" lat="43.258431"><ele>465.75</ele></trkpt>
<trkpt lon="-4.814228" lat="43.258503"><ele>469.5</ele></trkpt>
<trkpt lon="-4.813981" lat="43.258573"><ele>473.75</ele></trkpt>
<trkpt lon="-4.813427" lat="43.258707"><ele>483.25</ele></trkpt>
<trkpt lon="-4.813086" lat="43.258780"><ele>487.5</ele></trkpt>
<trkpt lon="-4.812832" lat="43.258850"><ele>490.75</ele></trkpt>
<trkpt lon="-4.812471" lat="43.259013"><ele>497.0</ele></trkpt>
<trkpt lon="-4.812339" lat="43.259073"><ele>497.25</ele></trkpt>
<trkpt lon="-4.812205" lat="43.259193"><ele>498.0</ele></trkpt>
<trkpt lon="-4.812148" lat="43.259272"><ele>495.25</ele></trkpt>
<trkpt lon="-4.812128" lat="43.259385"><ele>497.0</ele></trkpt>
<trkpt lon="-4.812176" lat="43.259481"><ele>503.25</ele></trkpt>
<trkpt lon="-4.812181" lat="43.259541"><ele>505.75</ele></trkpt>
<trkpt lon="-4.812174" lat="43.259586"><ele>507.25</ele></trkpt>
<trkpt lon="-4.812116" lat="43.259621"><ele>507.75</ele></trkpt>
<trkpt lon="-4.811983" lat="43.259607"><ele>504.5</ele></trkpt>
<trkpt lon="-4.811838" lat="43.259562"><ele>503.0</ele></trkpt>
<trkpt lon="-4.811512" lat="43.259447"><ele>502.5</ele></trkpt>
<trkpt lon="-4.811241" lat="43.259344"><ele>498.0</ele></trkpt>
<trkpt lon="-4.811111" lat="43.259318"><ele>498.75</ele></trkpt>
<trkpt lon="-4.810908" lat="43.259322"><ele>495.25</ele></trkpt>
<trkpt lon="-4.810530" lat="43.259399"><ele>487.25</ele></trkpt>
<trkpt lon="-4.810427" lat="43.259496"><ele>489.25</ele></trkpt>
<trkpt lon="-4.810371" lat="43.259512"><ele>488.0</ele></trkpt>
<trkpt lon="-4.810242" lat="43.259505"><ele>484.0</ele></trkpt>
<trkpt lon="-4.810151" lat="43.259482"><ele>482.5</ele></trkpt>
<trkpt lon="-4.810009" lat="43.259436"><ele>479.0</ele></trkpt>
<trkpt lon="-4.809803" lat="43.259353"><ele>475.25</ele></trkpt>
<trkpt lon="-4.809681" lat="43.259338"><ele>473.0</ele></trkpt>
<trkpt lon="-4.809589" lat="43.259382"><ele>474.25</ele></trkpt>
<trkpt lon="-4.809499" lat="43.259454"><ele>477.5</ele></trkpt>
<trkpt lon="-4.809349" lat="43.259553"><ele>479.25</ele></trkpt>
<trkpt lon="-4.809050" lat="43.259674"><ele>480.75</ele></trkpt>
<trkpt lon="-4.808786" lat="43.259840"><ele>486.0</ele></trkpt>
<trkpt lon="-4.808458" lat="43.259994"><ele>489.75</ele></trkpt>
<trkpt lon="-4.807885" lat="43.260221"><ele>498.5</ele></trkpt>
<trkpt lon="-4.807332" lat="43.260535"><ele>505.75</ele></trkpt>
<trkpt lon="-4.807139" lat="43.260736"><ele>515.75</ele></trkpt>
<trkpt lon="-4.807313" lat="43.260644"><ele>513.0</ele></trkpt>
<trkpt lon="-4.807817" lat="43.260595"><ele>522.25</ele></trkpt>
<trkpt lon="-4.807782" lat="43.260664"><ele>527.0</ele></trkpt>
<trkpt lon="-4.807343" lat="43.260852"><ele>529.75</ele></trkpt>
<trkpt lon="-4.807186" lat="43.260933"><ele>531.25</ele></trkpt>
<trkpt lon="-4.807052" lat="43.261034"><ele>535.25</ele></trkpt>
<trkpt lon="-4.806785" lat="43.261129"><ele>535.0</ele></trkpt>
<trkpt lon="-4.806695" lat="43.261199"><ele>538.0</ele></trkpt>
<trkpt lon="-4.806504" lat="43.261227"><ele>539.75</ele></trkpt>
<trkpt lon="-4.806196" lat="43.261228"><ele>542.75</ele></trkpt>
<trkpt lon="-4.805878" lat="43.261273"><ele>547.0</ele></trkpt>
<trkpt lon="-4.805422" lat="43.261406"><ele>551.5</ele></trkpt>
<trkpt lon="-4.804998" lat="43.261565"><ele>553.5</ele></trkpt>
<trkpt lon="-4.804530" lat="43.261981"><ele>566.5</ele></trkpt>
<trkpt lon="-4.804286" lat="43.262126"><ele>572.5</ele></trkpt>
<trkpt lon="-4.803984" lat="43.262110"><ele>575.75</ele></trkpt>
<trkpt lon="-4.803590" lat="43.262163"><ele>582.5</ele></trkpt>
<trkpt lon="-4.803077" lat="43.262211"><ele>589.0</ele></trkpt>
<trkpt lon="-4.801700" lat="43.262201"><ele>605.75</ele></trkpt>
<trkpt lon="-4.801303" lat="43.262274"><ele>610.0</ele></trkpt>
<trkpt lon="-4.801008" lat="43.262379"><ele>610.5</ele></trkpt>
<trkpt lon="-4.800799" lat="43.262516"><ele>612.25</ele></trkpt>
<trkpt lon="-4.800613" lat="43.262583"><ele>611.75</ele></trkpt>
<trkpt lon="-4.800441" lat="43.262706"><ele>615.0</ele></trkpt>
<trkpt lon="-4.799952" lat="43.262933"><ele>619.25</ele></trkpt>
<trkpt lon="-4.799390" lat="43.263116"><ele>620.5</ele></trkpt>
<trkpt lon="-4.798649" lat="43.263426"><ele>625.25</ele></trkpt>
<trkpt lon="-4.798482" lat="43.263537"><ele>631.75</ele></trkpt>
<trkpt lon="-4.798209" lat="43.263551"><ele>635.25</ele></trkpt>
<trkpt lon="-4.798017" lat="43.263487"><ele>635.0</ele></trkpt>
<trkpt lon="-4.797817" lat="43.263508"><ele>637.75</ele></trkpt>
<trkpt lon="-4.797707" lat="43.263680"><ele>641.25</ele></trkpt>
<trkpt lon="-4.797455" lat="43.263853"><ele>642.0</ele></trkpt>
<trkpt lon="-4.797108" lat="43.263923"><ele>644.5</ele></trkpt>
<trkpt lon="-4.796643" lat="43.263976"><ele>642.75</ele></trkpt>
<trkpt lon="-4.796206" lat="43.264113"><ele>642.5</ele></trkpt>
<trkpt lon="-4.796076" lat="43.264164"><ele>642.0</ele></trkpt>
<trkpt lon="-4.795998" lat="43.264238"><ele>641.75</ele></trkpt>
<trkpt lon="-4.795912" lat="43.264353"><ele>643.5</ele></trkpt>
<trkpt lon="-4.795682" lat="43.264417"><ele>642.75</ele></trkpt>
<trkpt lon="-4.795546" lat="43.264396"><ele>640.75</ele></trkpt>
<trkpt lon="-4.795454" lat="43.264367"><ele>640.25</ele></trkpt>
<trkpt lon="-4.795322" lat="43.264347"><ele>640.75</ele></trkpt>
<trkpt lon="-4.795247" lat="43.264346"><ele>641.5</ele></trkpt>
<trkpt lon="-4.795100" lat="43.264358"><ele>642.75</ele></trkpt>
<trkpt lon="-4.794789" lat="43.264344"><ele>644.5</ele></trkpt>
<trkpt lon="-4.794636" lat="43.264375"><ele>647.0</ele></trkpt>
<trkpt lon="-4.794504" lat="43.264389"><ele>647.75</ele></trkpt>
<trkpt lon="-4.794378" lat="43.264384"><ele>647.75</ele></trkpt>
<trkpt lon="-4.794103" lat="43.264429"><ele>651.25</ele></trkpt>
<trkpt lon="-4.794004" lat="43.264439"><ele>652.25</ele></trkpt>
<trkpt lon="-4.793937" lat="43.264436"><ele>652.25</ele></trkpt>
<trkpt lon="-4.793892" lat="43.264423"><ele>651.75</ele></trkpt>
<trkpt lon="-4.793384" lat="43.264468"><ele>656.0</ele></trkpt>
<trkpt lon="-4.792988" lat="43.264525"><ele>659.0</ele></trkpt>
<trkpt lon="-4.792729" lat="43.264578"><ele>661.5</ele></trkpt>
<trkpt lon="-4.792607" lat="43.264595"><ele>662.5</ele></trkpt>
<trkpt lon="-4.792488" lat="43.264641"><ele>664.75</ele></trkpt>
<trkpt lon="-4.792345" lat="43.264665"><ele>665.5</ele></trkpt>
<trkpt lon="-4.791599" lat="43.264756"><ele>672.0</ele></trkpt>
<trkpt lon="-4.790285" lat="43.265025"><ele>676.5</ele></trkpt>
<trkpt lon="-4.789716" lat="43.265176"><ele>684.25</ele></trkpt>
<trkpt lon="-4.789325" lat="43.265149"><ele>685.75</ele></trkpt>
<trkpt lon="-4.788830" lat="43.265127"><ele>685.5</ele></trkpt>
<trkpt lon="-4.788357" lat="43.265208"><ele>689.0</ele></trkpt>
<trkpt lon="-4.787885" lat="43.265235"><ele>687.75</ele></trkpt>
<trkpt lon="-4.787264" lat="43.265240"><ele>688.25</ele></trkpt>
<trkpt lon="-4.786441" lat="43.265196"><ele>684.0</ele></trkpt>
<trkpt lon="-4.785839" lat="43.265249"><ele>682.5</ele></trkpt>
<trkpt lon="-4.784990" lat="43.265385"><ele>682.5</ele></trkpt>
<trkpt lon="-4.784584" lat="43.265412"><ele>677.25</ele></trkpt>
<trkpt lon="-4.783993" lat="43.265471"><ele>674.75</ele></trkpt>
<trkpt lon="-4.783604" lat="43.265540"><ele>673.75</ele></trkpt>
<trkpt lon="-4.783387" lat="43.265579"><ele>672.5</ele></trkpt>
<trkpt lon="-4.782745" lat="43.265719"><ele>672.75</ele></trkpt>
<trkpt lon="-4.782132" lat="43.265751"><ele>666.75</ele></trkpt>
<trkpt lon="-4.782014" lat="43.265800"><ele>667.25</ele></trkpt>
<trkpt lon="-4.781982" lat="43.265831"><ele>668.75</ele></trkpt>
<trkpt lon="-4.781913" lat="43.265862"><ele>670.0</ele></trkpt>
<trkpt lon="-4.781811" lat="43.265873"><ele>671.25</ele></trkpt>
<trkpt lon="-4.781717" lat="43.265833"><ele>668.75</ele></trkpt>
<trkpt lon="-4.781224" lat="43.265810"><ele>669.25</ele></trkpt>
<trkpt lon="-4.781134" lat="43.265808"><ele>669.25</ele></trkpt>
<trkpt lon="-4.781048" lat="43.265798"><ele>669.75</ele></trkpt>
<trkpt lon="-4.780745" lat="43.265687"><ele>667.0</ele></trkpt>
<trkpt lon="-4.780636" lat="43.265636"><ele>665.0</ele></trkpt>
<trkpt lon="-4.780558" lat="43.265609"><ele>664.75</ele></trkpt>
<trkpt lon="-4.780418" lat="43.265681"><ele>670.0</ele></trkpt>
<trkpt lon="-4.780348" lat="43.265671"><ele>669.25</ele></trkpt>
<trkpt lon="-4.780200" lat="43.265612"><ele>666.5</ele></trkpt>
<trkpt lon="-4.780010" lat="43.265607"><ele>668.25</ele></trkpt>
<trkpt lon="-4.779757" lat="43.265528"><ele>666.5</ele></trkpt>
<trkpt lon="-4.779444" lat="43.265358"><ele>663.25</ele></trkpt>
<trkpt lon="-4.779285" lat="43.265337"><ele>665.5</ele></trkpt>
<trkpt lon="-4.779217" lat="43.265341"><ele>667.25</ele></trkpt>
<trkpt lon="-4.779144" lat="43.265337"><ele>669.0</ele></trkpt>
<trkpt lon="-4.779116" lat="43.265315"><ele>669.0</ele></trkpt>
<trkpt lon="-4.779100" lat="43.265304"><ele>669.0</ele></trkpt>
<trkpt lon="-4.779119" lat="43.265192"><ele>664.25</ele></trkpt>
<trkpt lon="-4.778962" lat="43.264954"><ele>666.25</ele></trkpt>
<trkpt lon="-4.778798" lat="43.264857"><ele>669.0</ele></trkpt>
<trkpt lon="-4.778695" lat="43.264714"><ele>667.75</ele></trkpt>
<trkpt lon="-4.778186" lat="43.264288"><ele>667.0</ele></trkpt>
<trkpt lon="-4.778005" lat="43.264172"><ele>669.5</ele></trkpt>
<trkpt lon="-4.777926" lat="43.264096"><ele>669.25</ele></trkpt>
<trkpt lon="-4.777767" lat="43.263869"><ele>669.75</ele></trkpt>
<trkpt lon="-4.777681" lat="43.263784"><ele>670.0</ele></trkpt>
<trkpt lon="-4.777649" lat="43.263590"><ele>667.0</ele></trkpt>
<trkpt lon="-4.777422" lat="43.263494"><ele>672.0</ele></trkpt>
<trkpt lon="-4.777258" lat="43.263465"><ele>676.0</ele></trkpt>
<trkpt lon="-4.777139" lat="43.263456"><ele>678.25</ele></trkpt>
<trkpt lon="-4.776934" lat="43.263465"><ele>682.0</ele></trkpt>
<trkpt lon="-4.776743" lat="43.263459"><ele>684.25</ele></trkpt>
<trkpt lon="-4.776645" lat="43.263470"><ele>685.5</ele></trkpt>
<trkpt lon="-4.776542" lat="43.263455"><ele>686.25</ele></trkpt>
<trkpt lon="-4.776521" lat="43.263444"><ele>686.25</ele></trkpt>
<trkpt lon="-4.776506" lat="43.263425"><ele>686.25</ele></trkpt>
<trkpt lon="-4.776256" lat="43.263412"><ele>688.0</ele></trkpt>
<trkpt lon="-4.776156" lat="43.263427"><ele>689.0</ele></trkpt>
<trkpt lon="-4.776123" lat="43.263430"><ele>689.25</ele></trkpt>
<trkpt lon="-4.775892" lat="43.263381"><ele>690.75</ele></trkpt>
<trkpt lon="-4.775371" lat="43.263270"><ele>694.5</ele></trkpt>
<trkpt lon="-4.775345" lat="43.263278"><ele>694.75</ele></trkpt>
<trkpt lon="-4.775148" lat="43.263306"><ele>697.5</ele></trkpt>
<trkpt lon="-4.774843" lat="43.263361"><ele>704.25</ele></trkpt>
<trkpt lon="-4.774915" lat="43.263501"><ele>707.25</ele></trkpt>
<trkpt lon="-4.774881" lat="43.263738"><ele>715.0</ele></trkpt>
<trkpt lon="-4.774934" lat="43.263864"><ele>717.25</ele></trkpt>
<trkpt lon="-4.774976" lat="43.264101"><ele>724.0</ele></trkpt>
<trkpt lon="-4.774797" lat="43.264181"><ele>729.5</ele></trkpt>
<trkpt lon="-4.774957" lat="43.264355"><ele>736.75</ele></trkpt>
<trkpt lon="-4.775308" lat="43.264694"><ele>747.0</ele></trkpt>
<trkpt lon="-4.775502" lat="43.264867"><ele>751.75</ele></trkpt>
<trkpt lon="-4.775527" lat="43.265113"><ele>763.25</ele></trkpt>
<trkpt lon="-4.775508" lat="43.265236"><ele>769.75</ele></trkpt>
<trkpt lon="-4.775321" lat="43.265496"><ele>787.75</ele></trkpt>
<trkpt lon="-4.775016" lat="43.266124"><ele>832.25</ele></trkpt>
<trkpt lon="-4.774837" lat="43.266542"><ele>861.5</ele></trkpt>
<trkpt lon="-4.774661" lat="43.266847"><ele>885.5</ele></trkpt>
<trkpt lon="-4.774717" lat="43.267070"><ele>897.75</ele></trkpt>
<trkpt lon="-4.774894" lat="43.267274"><ele>907.0</ele></trkpt>
<trkpt lon="-4.775083" lat="43.267430"><ele>917.0</ele></trkpt>
<trkpt lon="-4.775350" lat="43.267521"><ele>921.0</ele></trkpt>
<trkpt lon="-4.775359" lat="43.267581"><ele>923.0</ele></trkpt>
<trkpt lon="-4.775239" lat="43.267792"><ele>938.0</ele></trkpt>
<trkpt lon="-4.775197" lat="43.268098"><ele>951.75</ele></trkpt>
<trkpt lon="-4.775127" lat="43.268329"><ele>965.75</ele></trkpt>
<trkpt lon="-4.775138" lat="43.268659"><ele>987.75</ele></trkpt>
<trkpt lon="-4.775207" lat="43.268839"><ele>997.0</ele></trkpt>
<trkpt lon="-4.775125" lat="43.269141"><ele>1023.75</ele></trkpt>
<trkpt lon="-4.775388" lat="43.269362"><ele>1030.25</ele></trkpt>
<trkpt lon="-4.775355" lat="43.269484"><ele>1042.0</ele></trkpt>
<trkpt lon="-4.775249" lat="43.269599"><ele>1054.5</ele></trkpt>
<trkpt lon="-4.775527" lat="43.269807"><ele>1066.5</ele></trkpt>
<trkpt lon="-4.775742" lat="43.269957"><ele>1080.5</ele></trkpt>
<trkpt lon="-4.775697" lat="43.270127"><ele>1094.25</ele></trkpt>
<trkpt lon="-4.776158" lat="43.270479"><ele>1131.5</ele></trkpt>
<trkpt lon="-4.776011" lat="43.271107"><ele>1188.25</ele></trkpt>
<trkpt lon="-4.775857" lat="43.271170"><ele>1195.5</ele></trkpt>
<trkpt lon="-4.775109" lat="43.271325"><ele>1206.0</ele></trkpt>
<trkpt lon="-4.774930" lat="43.271378"><ele>1203.75</ele></trkpt>
<trkpt lon="-4.774787" lat="43.271392"><ele>1200.25</ele></trkpt>
<trkpt lon="-4.774671" lat="43.271482"><ele>1195.5</ele></trkpt>
<trkpt lon="-4.774391" lat="43.271597"><ele>1189.75</ele></trkpt>
<trkpt lon="-4.774261" lat="43.271663"><ele>1186.0</ele></trkpt>
<trkpt lon="-4.774410" lat="43.271691"><ele>1185.0</ele></trkpt>
<trkpt lon="-4.774679" lat="43.271764"><ele>1183.75</ele></trkpt>
<trkpt lon="-4.774932" lat="43.271776"><ele>1186.75</ele></trkpt>
<trkpt lon="-4.775176" lat="43.271806"><ele>1190.75</ele></trkpt>
<trkpt lon="-4.775358" lat="43.271861"><ele>1194.25</ele></trkpt>
<trkpt lon="-4.775521" lat="43.272003"><ele>1195.5</ele></trkpt>
<trkpt lon="-4.775665" lat="43.272063"><ele>1196.0</ele></trkpt>
<trkpt lon="-4.775963" lat="43.272102"><ele>1197.0</ele></trkpt>
<trkpt lon="-4.776080" lat="43.272061"><ele>1199.25</ele></trkpt>
<trkpt lon="-4.776287" lat="43.272055"><ele>1198.75</ele></trkpt>
<trkpt lon="-4.776477" lat="43.272090"><ele>1195.5</ele></trkpt>
<trkpt lon="-4.776637" lat="43.272039"><ele>1196.25</ele></trkpt>
<trkpt lon="-4.776895" lat="43.271992"><ele>1195.25</ele></trkpt>
<trkpt lon="-4.777107" lat="43.272001"><ele>1192.25</ele></trkpt>
<trkpt lon="-4.777302" lat="43.272017"><ele>1188.75</ele></trkpt>
<trkpt lon="-4.777571" lat="43.272001"><ele>1185.5</ele></trkpt>
<trkpt lon="-4.777935" lat="43.272037"><ele>1177.75</ele></trkpt>
<trkpt lon="-4.778336" lat="43.271978"><ele>1175.0</ele></trkpt>
<trkpt lon="-4.778638" lat="43.271970"><ele>1172.75</ele></trkpt>
<trkpt lon="-4.779088" lat="43.272001"><ele>1159.75</ele></trkpt>
<trkpt lon="-4.778977" lat="43.272371"><ele>1152.0</ele></trkpt>
<trkpt lon="-4.778776" lat="43.272581"><ele>1143.5</ele></trkpt>
<trkpt lon="-4.778414" lat="43.272962"><ele>1124.5</ele></trkpt>
<trkpt lon="-4.778237" lat="43.273050"><ele>1118.75</ele></trkpt>
<trkpt lon="-4.778360" lat="43.273226"><ele>1112.0</ele></trkpt>
<trkpt lon="-4.778092" lat="43.273380"><ele>1100.75</ele></trkpt>
<trkpt lon="-4.778140" lat="43.273458"><ele>1099.0</ele></trkpt>
<trkpt lon="-4.779074" lat="43.273759"><ele>1107.5</ele></trkpt>
<trkpt lon="-4.779417" lat="43.273939"><ele>1109.75</ele></trkpt>
<trkpt lon="-4.779793" lat="43.274017"><ele>1112.5</ele></trkpt>
<trkpt lon="-4.780099" lat="43.274065"><ele>1114.25</ele></trkpt>
<trkpt lon="-4.780737" lat="43.274314"><ele>1122.0</ele></trkpt>
<trkpt lon="-4.781123" lat="43.274474"><ele>1126.75</ele></trkpt>
<trkpt lon="-4.781375" lat="43.274729"><ele>1131.75</ele></trkpt>
<trkpt lon="-4.781558" lat="43.274768"><ele>1132.5</ele></trkpt>
<trkpt lon="-4.781746" lat="43.274888"><ele>1130.75</ele></trkpt>
<trkpt lon="-4.781853" lat="43.274944"><ele>1129.25</ele></trkpt>
<trkpt lon="-4.782084" lat="43.274950"><ele>1128.75</ele></trkpt>
<trkpt lon="-4.782438" lat="43.275028"><ele>1124.5</ele></trkpt>
<trkpt lon="-4.782835" lat="43.275036"><ele>1120.25</ele></trkpt>
<trkpt lon="-4.782926" lat="43.275067"><ele>1118.5</ele></trkpt>
<trkpt lon="-4.782856" lat="43.275317"><ele>1112.5</ele></trkpt>
<trkpt lon="-4.782942" lat="43.275454"><ele>1109.5</ele></trkpt>
<trkpt lon="-4.782888" lat="43.275639"><ele>1104.75</ele></trkpt>
<trkpt lon="-4.782679" lat="43.275794"><ele>1099.0</ele></trkpt>
<trkpt lon="-4.782759" lat="43.275899"><ele>1095.25</ele></trkpt>
<trkpt lon="-4.782604" lat="43.275917"><ele>1096.25</ele></trkpt>
<trkpt lon="-4.782534" lat="43.276079"><ele>1094.0</ele></trkpt>
<trkpt lon="-4.782690" lat="43.276225"><ele>1089.25</ele></trkpt>
<trkpt lon="-4.782690" lat="43.276325"><ele>1088.25</ele></trkpt>
<trkpt lon="-4.782942" lat="43.276513"><ele>1083.25</ele></trkpt>
<trkpt lon="-4.783001" lat="43.276696"><ele>1081.25</ele></trkpt>
<trkpt lon="-4.782958" lat="43.276893"><ele>1080.25</ele></trkpt>
<trkpt lon="-4.783097" lat="43.277557"><ele>1085.0</ele></trkpt>
<trkpt lon="-4.783033" lat="43.277639"><ele>1084.25</ele></trkpt>
<trkpt lon="-4.782920" lat="43.277696"><ele>1086.75</ele></trkpt>
<trkpt lon="-4.782781" lat="43.277936"><ele>1090.0</ele></trkpt>
<trkpt lon="-4.782781" lat="43.277999"><ele>1089.5</ele></trkpt>
<trkpt lon="-4.782884" lat="43.278525"><ele>1087.5</ele></trkpt>
<trkpt lon="-4.782812" lat="43.278653"><ele>1086.25</ele></trkpt>
<trkpt lon="-4.782829" lat="43.278718"><ele>1085.5</ele></trkpt>
<trkpt lon="-4.782785" lat="43.278843"><ele>1082.75</ele></trkpt>
<trkpt lon="-4.782666" lat="43.278927"><ele>1081.75</ele></trkpt>
<trkpt lon="-4.782581" lat="43.279063"><ele>1078.5</ele></trkpt>
<trkpt lon="-4.782454" lat="43.279148"><ele>1074.25</ele></trkpt>
<trkpt lon="-4.782246" lat="43.279247"><ele>1070.25</ele></trkpt>
<trkpt lon="-4.782261" lat="43.279301"><ele>1069.5</ele></trkpt>
<trkpt lon="-4.782239" lat="43.279455"><ele>1066.0</ele></trkpt>
<trkpt lon="-4.782175" lat="43.279531"><ele>1064.5</ele></trkpt>
<trkpt lon="-4.782190" lat="43.279712"><ele>1062.0</ele></trkpt>
<trkpt lon="-4.782498" lat="43.280002"><ele>1060.75</ele></trkpt>
<trkpt lon="-4.782680" lat="43.280242"><ele>1062.0</ele></trkpt>
<trkpt lon="-4.782723" lat="43.280428"><ele>1061.25</ele></trkpt>
<trkpt lon="-4.782688" lat="43.280912"><ele>1058.25</ele></trkpt>
<trkpt lon="-4.782640" lat="43.280976"><ele>1058.75</ele></trkpt>
<trkpt lon="-4.782637" lat="43.281015"><ele>1058.25</ele></trkpt>
<trkpt lon="-4.782574" lat="43.281276"><ele>1057.0</ele></trkpt>
<trkpt lon="-4.782542" lat="43.281359"><ele>1057.25</ele></trkpt>
<trkpt lon="-4.782553" lat="43.281487"><ele>1056.75</ele></trkpt>
<trkpt lon="-4.782540" lat="43.281555"><ele>1057.5</ele></trkpt>
<trkpt lon="-4.782621" lat="43.281635"><ele>1054.75</ele></trkpt>
<trkpt lon="-4.782632" lat="43.281672"><ele>1054.5</ele></trkpt>
<trkpt lon="-4.782635" lat="43.281748"><ele>1054.25</ele></trkpt>
<trkpt lon="-4.782663" lat="43.281803"><ele>1053.5</ele></trkpt>
<trkpt lon="-4.782662" lat="43.281926"><ele>1053.25</ele></trkpt>
<trkpt lon="-4.782551" lat="43.282142"><ele>1053.75</ele></trkpt>
<trkpt lon="-4.782528" lat="43.282424"><ele>1051.0</ele></trkpt>
<trkpt lon="-4.782542" lat="43.282517"><ele>1049.5</ele></trkpt>
<trkpt lon="-4.782588" lat="43.282550"><ele>1048.0</ele></trkpt>
<trkpt lon="-4.782667" lat="43.282538"><ele>1046.25</ele></trkpt>
<trkpt lon="-4.782886" lat="43.282452"><ele>1043.0</ele></trkpt>
<trkpt lon="-4.782941" lat="43.282497"><ele>1041.0</ele></trkpt>
<trkpt lon="-4.782982" lat="43.282755"><ele>1035.25</ele></trkpt>
<trkpt lon="-4.783055" lat="43.282863"><ele>1031.75</ele></trkpt>
<trkpt lon="-4.783064" lat="43.282932"><ele>1030.75</ele></trkpt>
<trkpt lon="-4.783050" lat="43.283001"><ele>1029.75</ele></trkpt>
<trkpt lon="-4.783109" lat="43.283083"><ele>1029.0</ele></trkpt>
<trkpt lon="-4.783108" lat="43.283174"><ele>1028.25</ele></trkpt>
<trkpt lon="-4.783219" lat="43.283338"><ele>1024.25</ele></trkpt>
<trkpt lon="-4.783399" lat="43.283333"><ele>1021.5</ele></trkpt>
<trkpt lon="-4.783447" lat="43.283368"><ele>1019.5</ele></trkpt>
<trkpt lon="-4.783383" lat="43.283427"><ele>1018.0</ele></trkpt>
<trkpt lon="-4.783522" lat="43.283470"><ele>1014.25</ele></trkpt>
<trkpt lon="-4.783544" lat="43.283505"><ele>1012.25</ele></trkpt>
<trkpt lon="-4.783662" lat="43.283501"><ele>1011.25</ele></trkpt>
<trkpt lon="-4.783761" lat="43.283524"><ele>1009.25</ele></trkpt>
<trkpt lon="-4.783825" lat="43.283529"><ele>1008.75</ele></trkpt>
<trkpt lon="-4.783843" lat="43.283542"><ele>1008.0</ele></trkpt>
<trkpt lon="-4.783844" lat="43.283565"><ele>1006.75</ele></trkpt>
<trkpt lon="-4.783727" lat="43.283617"><ele>1004.75</ele></trkpt>
<trkpt lon="-4.783667" lat="43.283696"><ele>1002.5</ele></trkpt>
<trkpt lon="-4.783807" lat="43.283794"><ele>997.5</ele></trkpt>
<trkpt lon="-4.783903" lat="43.283878"><ele>993.5</ele></trkpt>
<trkpt lon="-4.783939" lat="43.284067"><ele>987.75</ele></trkpt>
<trkpt lon="-4.783907" lat="43.284132"><ele>985.25</ele></trkpt>
<trkpt lon="-4.783843" lat="43.284184"><ele>984.25</ele></trkpt>
<trkpt lon="-4.783801" lat="43.284341"><ele>980.25</ele></trkpt>
<trkpt lon="-4.783758" lat="43.284397"><ele>978.75</ele></trkpt>
<trkpt lon="-4.783749" lat="43.284437"><ele>977.5</ele></trkpt>
<trkpt lon="-4.783773" lat="43.284493"><ele>976.5</ele></trkpt>
<trkpt lon="-4.783854" lat="43.284534"><ele>975.5</ele></trkpt>
<trkpt lon="-4.784163" lat="43.284615"><ele>969.75</ele></trkpt>
<trkpt lon="-4.784274" lat="43.284633"><ele>967.75</ele></trkpt>
<trkpt lon="-4.784472" lat="43.284607"><ele>966.25</ele></trkpt>
<trkpt lon="-4.784536" lat="43.284665"><ele>962.5</ele></trkpt>
<trkpt lon="-4.784466" lat="43.284723"><ele>960.5</ele></trkpt>
<trkpt lon="-4.784568" lat="43.284870"><ele>958.0</ele></trkpt>
<trkpt lon="-4.784681" lat="43.284936"><ele>953.75</ele></trkpt>
<trkpt lon="-4.784756" lat="43.284903"><ele>952.0</ele></trkpt>
<trkpt lon="-4.784821" lat="43.285114"><ele>947.0</ele></trkpt>
<trkpt lon="-4.784863" lat="43.285148"><ele>945.25</ele></trkpt>
<trkpt lon="-4.784928" lat="43.285231"><ele>942.25</ele></trkpt>
<trkpt lon="-4.784949" lat="43.285329"><ele>941.25</ele></trkpt>
<trkpt lon="-4.785051" lat="43.285440"><ele>939.0</ele></trkpt>
<trkpt lon="-4.785271" lat="43.285526"><ele>932.75</ele></trkpt>
<trkpt lon="-4.785341" lat="43.285497"><ele>930.25</ele></trkpt>
<trkpt lon="-4.785400" lat="43.285498"><ele>928.25</ele></trkpt>
<trkpt lon="-4.785437" lat="43.285473"><ele>927.0</ele></trkpt>
<trkpt lon="-4.785630" lat="43.285430"><ele>922.0</ele></trkpt>
<trkpt lon="-4.785743" lat="43.285489"><ele>918.25</ele></trkpt>
<trkpt lon="-4.785921" lat="43.285554"><ele>913.0</ele></trkpt>
<trkpt lon="-4.786011" lat="43.285560"><ele>911.75</ele></trkpt>
<trkpt lon="-4.786092" lat="43.285604"><ele>909.75</ele></trkpt>
<trkpt lon="-4.786237" lat="43.285739"><ele>908.0</ele></trkpt>
<trkpt lon="-4.786550" lat="43.285935"><ele>908.0</ele></trkpt>
<trkpt lon="-4.786684" lat="43.286128"><ele>908.0</ele></trkpt>
<trkpt lon="-4.786758" lat="43.286177"><ele>909.25</ele></trkpt>
<trkpt lon="-4.787082" lat="43.286362"><ele>914.0</ele></trkpt>
<trkpt lon="-4.787131" lat="43.286370"><ele>915.0</ele></trkpt>
<trkpt lon="-4.787289" lat="43.286451"><ele>915.75</ele></trkpt>
<trkpt lon="-4.787348" lat="43.286457"><ele>916.5</ele></trkpt>
<trkpt lon="-4.787510" lat="43.286504"><ele>918.5</ele></trkpt>
<trkpt lon="-4.787626" lat="43.286554"><ele>917.0</ele></trkpt>
<trkpt lon="-4.787626" lat="43.286631"><ele>916.0</ele></trkpt>
<trkpt lon="-4.787725" lat="43.286793"><ele>911.75</ele></trkpt>
<trkpt lon="-4.787739" lat="43.286930"><ele>908.5</ele></trkpt>
<trkpt lon="-4.787906" lat="43.287034"><ele>903.25</ele></trkpt>
<trkpt lon="-4.787958" lat="43.287098"><ele>900.5</ele></trkpt>
<trkpt lon="-4.788086" lat="43.287438"><ele>889.0</ele></trkpt>
<trkpt lon="-4.788168" lat="43.287582"><ele>885.25</ele></trkpt>
<trkpt lon="-4.788493" lat="43.287703"><ele>878.75</ele></trkpt>
<trkpt lon="-4.788555" lat="43.287776"><ele>877.0</ele></trkpt>
<trkpt lon="-4.788699" lat="43.287769"><ele>873.75</ele></trkpt>
<trkpt lon="-4.788790" lat="43.287785"><ele>871.25</ele></trkpt>
<trkpt lon="-4.788856" lat="43.287819"><ele>869.5</ele></trkpt>
<trkpt lon="-4.788916" lat="43.287817"><ele>868.0</ele></trkpt>
<trkpt lon="-4.788975" lat="43.287790"><ele>867.25</ele></trkpt>
<trkpt lon="-4.789033" lat="43.287797"><ele>866.0</ele></trkpt>
<trkpt lon="-4.789064" lat="43.287844"><ele>864.75</ele></trkpt>
<trkpt lon="-4.789246" lat="43.287984"><ele>861.0</ele></trkpt>
<trkpt lon="-4.789461" lat="43.288031"><ele>860.75</ele></trkpt>
<trkpt lon="-4.789648" lat="43.288007"><ele>862.0</ele></trkpt>
<trkpt lon="-4.789875" lat="43.288006"><ele>861.25</ele></trkpt>
<trkpt lon="-4.790087" lat="43.288081"><ele>856.0</ele></trkpt>
<trkpt lon="-4.790163" lat="43.288140"><ele>851.5</ele></trkpt>
<trkpt lon="-4.790285" lat="43.288161"><ele>848.75</ele></trkpt>
<trkpt lon="-4.790389" lat="43.288140"><ele>847.5</ele></trkpt>
<trkpt lon="-4.790737" lat="43.288109"><ele>841.0</ele></trkpt>
<trkpt lon="-4.791043" lat="43.288252"><ele>830.5</ele></trkpt>
<trkpt lon="-4.791154" lat="43.288273"><ele>828.25</ele></trkpt>
<trkpt lon="-4.791272" lat="43.288225"><ele>828.0</ele></trkpt>
<trkpt lon="-4.791465" lat="43.288200"><ele>826.75</ele></trkpt>
<trkpt lon="-4.791954" lat="43.288202"><ele>825.25</ele></trkpt>
<trkpt lon="-4.792728" lat="43.288289"><ele>819.25</ele></trkpt>
<trkpt lon="-4.793141" lat="43.288423"><ele>814.0</ele></trkpt>
<trkpt lon="-4.793517" lat="43.288437"><ele>811.5</ele></trkpt>
<trkpt lon="-4.793914" lat="43.288410"><ele>810.5</ele></trkpt>
<trkpt lon="-4.794063" lat="43.288410"><ele>808.5</ele></trkpt>
<trkpt lon="-4.794107" lat="43.288400"><ele>808.5</ele></trkpt>
<trkpt lon="-4.794218" lat="43.288420"><ele>805.75</ele></trkpt>
<trkpt lon="-4.794187" lat="43.288485"><ele>802.25</ele></trkpt>
<trkpt lon="-4.794246" lat="43.288467"><ele>802.5</ele></trkpt>
<trkpt lon="-4.794567" lat="43.288472"><ele>797.5</ele></trkpt>
<trkpt lon="-4.794501" lat="43.288525"><ele>795.5</ele></trkpt>
<trkpt lon="-4.794487" lat="43.288560"><ele>793.75</ele></trkpt>
<trkpt lon="-4.794486" lat="43.288594"><ele>791.75</ele></trkpt>
<trkpt lon="-4.794627" lat="43.288552"><ele>791.25</ele></trkpt>
<trkpt lon="-4.794625" lat="43.288661"><ele>783.5</ele></trkpt>
<trkpt lon="-4.794644" lat="43.288668"><ele>782.5</ele></trkpt>
<trkpt lon="-4.794732" lat="43.288609"><ele>784.75</ele></trkpt>
<trkpt lon="-4.794780" lat="43.288610"><ele>783.0</ele></trkpt>
<trkpt lon="-4.794825" lat="43.288733"><ele>773.0</ele></trkpt>
<trkpt lon="-4.794841" lat="43.288752"><ele>771.25</ele></trkpt>
<trkpt lon="-4.795010" lat="43.288739"><ele>767.25</ele></trkpt>
<trkpt lon="-4.795094" lat="43.288646"><ele>770.0</ele></trkpt>
<trkpt lon="-4.795146" lat="43.288638"><ele>768.5</ele></trkpt>
<trkpt lon="-4.795180" lat="43.288735"><ele>761.25</ele></trkpt>
<trkpt lon="-4.795216" lat="43.288738"><ele>759.75</ele></trkpt>
<trkpt lon="-4.795280" lat="43.288721"><ele>758.5</ele></trkpt>
<trkpt lon="-4.795345" lat="43.288749"><ele>754.75</ele></trkpt>
<trkpt lon="-4.795367" lat="43.288710"><ele>756.25</ele></trkpt>
<trkpt lon="-4.795396" lat="43.288679"><ele>757.25</ele></trkpt>
<trkpt lon="-4.795531" lat="43.288643"><ele>754.75</ele></trkpt>
<trkpt lon="-4.795572" lat="43.288638"><ele>754.0</ele></trkpt>
<trkpt lon="-4.795591" lat="43.288668"><ele>752.0</ele></trkpt>
<trkpt lon="-4.795563" lat="43.288750"><ele>747.75</ele></trkpt>
<trkpt lon="-4.795591" lat="43.288758"><ele>746.5</ele></trkpt>
<trkpt lon="-4.795642" lat="43.288741"><ele>746.25</ele></trkpt>
<trkpt lon="-4.795696" lat="43.288754"><ele>744.0</ele></trkpt>
<trkpt lon="-4.795662" lat="43.288803"><ele>741.5</ele></trkpt>
<trkpt lon="-4.795674" lat="43.288851"><ele>737.75</ele></trkpt>
<trkpt lon="-4.795753" lat="43.288788"><ele>740.0</ele></trkpt>
<trkpt lon="-4.795783" lat="43.288794"><ele>738.5</ele></trkpt>
<trkpt lon="-4.795786" lat="43.288820"><ele>736.25</ele></trkpt>
<trkpt lon="-4.795699" lat="43.288907"><ele>733.0</ele></trkpt>
<trkpt lon="-4.795699" lat="43.288941"><ele>730.75</ele></trkpt>
<trkpt lon="-4.795743" lat="43.288952"><ele>728.25</ele></trkpt>
<trkpt lon="-4.795787" lat="43.288954"><ele>726.25</ele></trkpt>
<trkpt lon="-4.795847" lat="43.288932"><ele>725.75</ele></trkpt>
<trkpt lon="-4.795917" lat="43.288930"><ele>724.5</ele></trkpt>
<trkpt lon="-4.796011" lat="43.288942"><ele>722.0</ele></trkpt>
<trkpt lon="-4.796246" lat="43.289049"><ele>715.0</ele></trkpt>
<trkpt lon="-4.796582" lat="43.289144"><ele>713.25</ele></trkpt>
<trkpt lon="-4.797325" lat="43.289296"><ele>703.75</ele></trkpt>
<trkpt lon="-4.797512" lat="43.289329"><ele>700.75</ele></trkpt>
<trkpt lon="-4.797710" lat="43.289325"><ele>699.25</ele></trkpt>
<trkpt lon="-4.797920" lat="43.289376"><ele>694.0</ele></trkpt>
<trkpt lon="-4.798156" lat="43.289511"><ele>682.0</ele></trkpt>
<trkpt lon="-4.798012" lat="43.289536"><ele>680.5</ele></trkpt>
<trkpt lon="-4.798253" lat="43.289633"><ele>672.25</ele></trkpt>
<trkpt lon="-4.798391" lat="43.289637"><ele>671.25</ele></trkpt>
<trkpt lon="-4.798458" lat="43.289631"><ele>671.25</ele></trkpt>
<trkpt lon="-4.798830" lat="43.289735"><ele>660.75</ele></trkpt>
<trkpt lon="-4.798913" lat="43.289732"><ele>661.0</ele></trkpt>
<trkpt lon="-4.799375" lat="43.289778"><ele>656.0</ele></trkpt>
<trkpt lon="-4.799535" lat="43.289762"><ele>656.0</ele></trkpt>
<trkpt lon="-4.799578" lat="43.289766"><ele>655.25</ele></trkpt>
<trkpt lon="-4.799586" lat="43.289789"><ele>653.75</ele></trkpt>
<trkpt lon="-4.799523" lat="43.289835"><ele>651.0</ele></trkpt>
<trkpt lon="-4.799516" lat="43.289861"><ele>649.25</ele></trkpt>
<trkpt lon="-4.799545" lat="43.289874"><ele>648.0</ele></trkpt>
<trkpt lon="-4.799697" lat="43.289832"><ele>649.5</ele></trkpt>
<trkpt lon="-4.799795" lat="43.289852"><ele>646.75</ele></trkpt>
<trkpt lon="-4.799803" lat="43.289870"><ele>645.5</ele></trkpt>
<trkpt lon="-4.799647" lat="43.289975"><ele>640.25</ele></trkpt>
<trkpt lon="-4.799629" lat="43.290013"><ele>637.5</ele></trkpt>
<trkpt lon="-4.799673" lat="43.290043"><ele>635.25</ele></trkpt>
<trkpt lon="-4.799759" lat="43.290055"><ele>633.25</ele></trkpt>
<trkpt lon="-4.800012" lat="43.289998"><ele>632.75</ele></trkpt>
<trkpt lon="-4.800157" lat="43.290003"><ele>630.5</ele></trkpt>
<trkpt lon="-4.800437" lat="43.290055"><ele>623.25</ele></trkpt>
<trkpt lon="-4.800517" lat="43.290057"><ele>622.0</ele></trkpt>
<trkpt lon="-4.800933" lat="43.290116"><ele>612.0</ele></trkpt>
<trkpt lon="-4.801172" lat="43.290123"><ele>607.5</ele></trkpt>
<trkpt lon="-4.801194" lat="43.290143"><ele>606.0</ele></trkpt>
<trkpt lon="-4.801196" lat="43.290176"><ele>604.25</ele></trkpt>
<trkpt lon="-4.801157" lat="43.290202"><ele>603.25</ele></trkpt>
<trkpt lon="-4.800876" lat="43.290323"><ele>600.25</ele></trkpt>
<trkpt lon="-4.800717" lat="43.290372"><ele>599.25</ele></trkpt>
<trkpt lon="-4.800679" lat="43.290434"><ele>595.25</ele></trkpt>
<trkpt lon="-4.800556" lat="43.290492"><ele>592.5</ele></trkpt>
<trkpt lon="-4.800229" lat="43.290562"><ele>589.75</ele></trkpt>
<trkpt lon="-4.799951" lat="43.290675"><ele>583.75</ele></trkpt>
<trkpt lon="-4.799978" lat="43.290688"><ele>582.5</ele></trkpt>
<trkpt lon="-4.800198" lat="43.290699"><ele>581.25</ele></trkpt>
<trkpt lon="-4.800340" lat="43.290696"><ele>580.5</ele></trkpt>
<trkpt lon="-4.800481" lat="43.290682"><ele>580.0</ele></trkpt>
<trkpt lon="-4.800760" lat="43.290671"><ele>578.25</ele></trkpt>
<trkpt lon="-4.801006" lat="43.290673"><ele>574.25</ele></trkpt>
<trkpt lon="-4.801252" lat="43.290645"><ele>574.5</ele></trkpt>
<trkpt lon="-4.801351" lat="43.290850"><ele>564.5</ele></trkpt>
<trkpt lon="-4.801525" lat="43.290874"><ele>565.25</ele></trkpt>
<trkpt lon="-4.802133" lat="43.291048"><ele>560.5</ele></trkpt>
<trkpt lon="-4.802041" lat="43.291081"><ele>558.0</ele></trkpt>
<trkpt lon="-4.801624" lat="43.291169"><ele>550.75</ele></trkpt>
<trkpt lon="-4.801327" lat="43.291198"><ele>547.0</ele></trkpt>
<trkpt lon="-4.801678" lat="43.291435"><ele>537.75</ele></trkpt>
<trkpt lon="-4.801829" lat="43.291503"><ele>534.0</ele></trkpt>
<trkpt lon="-4.801530" lat="43.291662"><ele>526.0</ele></trkpt>
<trkpt lon="-4.801492" lat="43.291733"><ele>522.0</ele></trkpt>
<trkpt lon="-4.801553" lat="43.291806"><ele>518.5</ele></trkpt>
<trkpt lon="-4.801661" lat="43.291877"><ele>516.25</ele></trkpt>
<trkpt lon="-4.801979" lat="43.291829"><ele>516.75</ele></trkpt>
<trkpt lon="-4.801967" lat="43.291955"><ele>510.5</ele></trkpt>
<trkpt lon="-4.802029" lat="43.291955"><ele>509.25</ele></trkpt>
<trkpt lon="-4.802176" lat="43.291929"><ele>507.75</ele></trkpt>
<trkpt lon="-4.802275" lat="43.291965"><ele>503.75</ele></trkpt>
<trkpt lon="-4.802233" lat="43.292061"><ele>498.5</ele></trkpt>
<trkpt lon="-4.802625" lat="43.292072"><ele>493.25</ele></trkpt>
<trkpt lon="-4.802457" lat="43.292278"><ele>481.75</ele></trkpt>
<trkpt lon="-4.803043" lat="43.292247"><ele>475.25</ele></trkpt>
<trkpt lon="-4.803118" lat="43.292260"><ele>473.5</ele></trkpt>
<trkpt lon="-4.803177" lat="43.292255"><ele>473.0</ele></trkpt>
<trkpt lon="-4.803219" lat="43.292264"><ele>471.75</ele></trkpt>
<trkpt lon="-4.803179" lat="43.292293"><ele>470.25</ele></trkpt>
<trkpt lon="-4.802757" lat="43.292516"><ele>460.0</ele></trkpt>
<trkpt lon="-4.802742" lat="43.292603"><ele>454.0</ele></trkpt>
<trkpt lon="-4.802835" lat="43.292644"><ele>450.25</ele></trkpt>
<trkpt lon="-4.803042" lat="43.292657"><ele>446.25</ele></trkpt>
<trkpt lon="-4.803247" lat="43.292644"><ele>444.25</ele></trkpt>
<trkpt lon="-4.803596" lat="43.292611"><ele>442.0</ele></trkpt>
<trkpt lon="-4.803954" lat="43.292701"><ele>433.5</ele></trkpt>
<trkpt lon="-4.804060" lat="43.292801"><ele>426.5</ele></trkpt>
<trkpt lon="-4.803794" lat="43.292912"><ele>420.75</ele></trkpt>
<trkpt lon="-4.803822" lat="43.293002"><ele>415.75</ele></trkpt>
<trkpt lon="-4.803987" lat="43.293045"><ele>413.0</ele></trkpt>
<trkpt lon="-4.804352" lat="43.293269"><ele>403.25</ele></trkpt>
<trkpt lon="-4.804466" lat="43.293361"><ele>401.5</ele></trkpt>
<trkpt lon="-4.804580" lat="43.293310"><ele>401.25</ele></trkpt>
<trkpt lon="-4.804814" lat="43.293289"><ele>399.0</ele></trkpt>
<trkpt lon="-4.805028" lat="43.293245"><ele>397.25</ele></trkpt>
<trkpt lon="-4.805876" lat="43.293142"><ele>382.5</ele></trkpt>
<trkpt lon="-4.806514" lat="43.293240"><ele>369.25</ele></trkpt>
<trkpt lon="-4.806863" lat="43.293365"><ele>363.5</ele></trkpt>
<trkpt lon="-4.807061" lat="43.293658"><ele>354.25</ele></trkpt>
<trkpt lon="-4.807412" lat="43.293804"><ele>355.75</ele></trkpt>
<trkpt lon="-4.807634" lat="43.293939"><ele>354.0</ele></trkpt>
<trkpt lon="-4.807758" lat="43.294173"><ele>347.5</ele></trkpt>
<trkpt lon="-4.807773" lat="43.294316"><ele>350.0</ele></trkpt>
<trkpt lon="-4.807721" lat="43.294383"><ele>349.0</ele></trkpt>
<trkpt lon="-4.807732" lat="43.294587"><ele>345.5</ele></trkpt>
<trkpt lon="-4.807869" lat="43.294798"><ele>341.25</ele></trkpt>
<trkpt lon="-4.807984" lat="43.294946"><ele>339.75</ele></trkpt>
<trkpt lon="-4.808161" lat="43.295286"><ele>334.0</ele></trkpt>
<trkpt lon="-4.808413" lat="43.295465"><ele>331.25</ele></trkpt>
<trkpt lon="-4.808960" lat="43.295629"><ele>327.5</ele></trkpt>
<trkpt lon="-4.809270" lat="43.295592"><ele>326.25</ele></trkpt>
<trkpt lon="-4.809366" lat="43.295586"><ele>324.75</ele></trkpt>
<trkpt lon="-4.809463" lat="43.295565"><ele>323.25</ele></trkpt>
<trkpt lon="-4.809544" lat="43.295508"><ele>323.5</ele></trkpt>
<trkpt lon="-4.809696" lat="43.295446"><ele>322.0</ele></trkpt>
<trkpt lon="-4.809823" lat="43.295364"><ele>321.25</ele></trkpt>
<trkpt lon="-4.809992" lat="43.295291"><ele>318.75</ele></trkpt>
<trkpt lon="-4.810065" lat="43.295294"><ele>316.75</ele></trkpt>
<trkpt lon="-4.810138" lat="43.295262"><ele>316.0</ele></trkpt>
<trkpt lon="-4.810285" lat="43.295184"><ele>314.0</ele></trkpt>
<trkpt lon="-4.810339" lat="43.295071"><ele>314.75</ele></trkpt>
<trkpt lon="-4.810397" lat="43.295029"><ele>313.25</ele></trkpt>
<trkpt lon="-4.810475" lat="43.294912"><ele>312.25</ele></trkpt>
<trkpt lon="-4.810581" lat="43.294790"><ele>310.5</ele></trkpt>
<trkpt lon="-4.810733" lat="43.294705"><ele>307.0</ele></trkpt>
<trkpt lon="-4.810806" lat="43.294620"><ele>306.25</ele></trkpt>
<trkpt lon="-4.810874" lat="43.294564"><ele>304.5</ele></trkpt>
<trkpt lon="-4.810967" lat="43.294466"><ele>302.25</ele></trkpt>
<trkpt lon="-4.811071" lat="43.294333"><ele>299.5</ele></trkpt>
<trkpt lon="-4.811309" lat="43.294273"><ele>294.0</ele></trkpt>
<trkpt lon="-4.811374" lat="43.294267"><ele>292.75</ele></trkpt>
<trkpt lon="-4.811475" lat="43.294416"><ele>286.0</ele></trkpt>
<trkpt lon="-4.811408" lat="43.294576"><ele>281.75</ele></trkpt>
<trkpt lon="-4.811424" lat="43.294904"><ele>273.25</ele></trkpt>
<trkpt lon="-4.811394" lat="43.295019"><ele>271.75</ele></trkpt>
<trkpt lon="-4.811435" lat="43.295132"><ele>271.0</ele></trkpt>
<trkpt lon="-4.811642" lat="43.295541"><ele>262.75</ele></trkpt>
<trkpt lon="-4.811551" lat="43.295910"><ele>256.0</ele></trkpt>
<trkpt lon="-4.811473" lat="43.296159"><ele>254.75</ele></trkpt>
<trkpt lon="-4.811469" lat="43.296567"><ele>251.5</ele></trkpt>
<trkpt lon="-4.811438" lat="43.296834"><ele>249.25</ele></trkpt>
<trkpt lon="-4.811264" lat="43.297076"><ele>252.75</ele></trkpt>
<trkpt lon="-4.811502" lat="43.297682"><ele>246.75</ele></trkpt>
<trkpt lon="-4.811440" lat="43.297829"><ele>248.25</ele></trkpt>
  </trkseg></trk></gpx>
