<?xml version="1.0" encoding="UTF-8"?>
<gpx version="1.1" creator="compostel-brouter" xmlns="http://www.topografix.com/GPX/1/1">
  <metadata><name>PC-02-Cabanes</name></metadata>
  <trk><name>PC-02-Cabanes</name><trkseg>
<trkpt lon="-4.392766" lat="43.282726"><ele>749.75</ele></trkpt>
<trkpt lon="-4.392862" lat="43.282682"><ele>750.75</ele></trkpt>
<trkpt lon="-4.393062" lat="43.282563"><ele>753.0</ele></trkpt>
<trkpt lon="-4.393092" lat="43.282522"><ele>754.5</ele></trkpt>
<trkpt lon="-4.393236" lat="43.282485"><ele>754.0</ele></trkpt>
<trkpt lon="-4.393347" lat="43.282465"><ele>753.25</ele></trkpt>
<trkpt lon="-4.393717" lat="43.282469"><ele>750.0</ele></trkpt>
<trkpt lon="-4.393931" lat="43.282485"><ele>747.0</ele></trkpt>
<trkpt lon="-4.394245" lat="43.282408"><ele>746.75</ele></trkpt>
<trkpt lon="-4.394506" lat="43.282299"><ele>747.75</ele></trkpt>
<trkpt lon="-4.394776" lat="43.282274"><ele>742.5</ele></trkpt>
<trkpt lon="-4.394957" lat="43.282355"><ele>736.75</ele></trkpt>
<trkpt lon="-4.395140" lat="43.282392"><ele>732.25</ele></trkpt>
<trkpt lon="-4.395656" lat="43.282333"><ele>723.0</ele></trkpt>
<trkpt lon="-4.395971" lat="43.282204"><ele>721.0</ele></trkpt>
<trkpt lon="-4.396061" lat="43.282169"><ele>721.5</ele></trkpt>
<trkpt lon="-4.396312" lat="43.282153"><ele>721.0</ele></trkpt>
<trkpt lon="-4.396492" lat="43.282109"><ele>722.5</ele></trkpt>
<trkpt lon="-4.396743" lat="43.282019"><ele>724.75</ele></trkpt>
<trkpt lon="-4.396944" lat="43.281870"><ele>727.5</ele></trkpt>
<trkpt lon="-4.397047" lat="43.281768"><ele>730.5</ele></trkpt>
<trkpt lon="-4.397311" lat="43.281767"><ele>729.5</ele></trkpt>
<trkpt lon="-4.397975" lat="43.281713"><ele>730.25</ele></trkpt>
<trkpt lon="-4.398823" lat="43.281720"><ele>730.75</ele></trkpt>
<trkpt lon="-4.399056" lat="43.281653"><ele>728.5</ele></trkpt>
<trkpt lon="-4.399337" lat="43.281598"><ele>726.75</ele></trkpt>
<trkpt lon="-4.399656" lat="43.281555"><ele>725.0</ele></trkpt>
<trkpt lon="-4.399821" lat="43.281500"><ele>725.5</ele></trkpt>
<trkpt lon="-4.400132" lat="43.281466"><ele>724.5</ele></trkpt>
<trkpt lon="-4.400367" lat="43.281466"><ele>723.5</ele></trkpt>
<trkpt lon="-4.400697" lat="43.281453"><ele>721.75</ele></trkpt>
<trkpt lon="-4.401029" lat="43.281394"><ele>720.5</ele></trkpt>
<trkpt lon="-4.401238" lat="43.281345"><ele>720.0</ele></trkpt>
<trkpt lon="-4.401457" lat="43.281208"><ele>720.0</ele></trkpt>
<trkpt lon="-4.401557" lat="43.281161"><ele>718.25</ele></trkpt>
<trkpt lon="-4.401643" lat="43.281138"><ele>716.25</ele></trkpt>
<trkpt lon="-4.401642" lat="43.281063"><ele>717.0</ele></trkpt>
<trkpt lon="-4.401809" lat="43.280943"><ele>712.75</ele></trkpt>
<trkpt lon="-4.401999" lat="43.280622"><ele>709.0</ele></trkpt>
<trkpt lon="-4.402164" lat="43.280547"><ele>709.25</ele></trkpt>
<trkpt lon="-4.402561" lat="43.280528"><ele>709.0</ele></trkpt>
<trkpt lon="-4.402631" lat="43.280433"><ele>711.25</ele></trkpt>
<trkpt lon="-4.402774" lat="43.280370"><ele>711.25</ele></trkpt>
<trkpt lon="-4.402831" lat="43.280284"><ele>712.5</ele></trkpt>
<trkpt lon="-4.402833" lat="43.280075"><ele>717.25</ele></trkpt>
<trkpt lon="-4.402970" lat="43.279793"><ele>716.25</ele></trkpt>
<trkpt lon="-4.402921" lat="43.279649"><ele>718.75</ele></trkpt>
<trkpt lon="-4.403035" lat="43.279539"><ele>715.25</ele></trkpt>
<trkpt lon="-4.403207" lat="43.279416"><ele>711.5</ele></trkpt>
<trkpt lon="-4.403350" lat="43.279249"><ele>707.75</ele></trkpt>
<trkpt lon="-4.403508" lat="43.279012"><ele>700.25</ele></trkpt>
<trkpt lon="-4.403678" lat="43.278895"><ele>692.0</ele></trkpt>
<trkpt lon="-4.403774" lat="43.278672"><ele>683.5</ele></trkpt>
<trkpt lon="-4.403801" lat="43.278515"><ele>677.25</ele></trkpt>
<trkpt lon="-4.403786" lat="43.278350"><ele>672.0</ele></trkpt>
<trkpt lon="-4.403846" lat="43.277962"><ele>659.0</ele></trkpt>
<trkpt lon="-4.403899" lat="43.277759"><ele>650.75</ele></trkpt>
<trkpt lon="-4.403844" lat="43.277575"><ele>646.25</ele></trkpt>
<trkpt lon="-4.403724" lat="43.277268"><ele>634.75</ele></trkpt>
<trkpt lon="-4.403633" lat="43.276998"><ele>623.25</ele></trkpt>
<trkpt lon="-4.403233" lat="43.276780"><ele>622.75</ele></trkpt>
<trkpt lon="-4.402172" lat="43.276332"><ele>631.0</ele></trkpt>
<trkpt lon="-4.401428" lat="43.276048"><ele>640.0</ele></trkpt>
<trkpt lon="-4.401181" lat="43.275559"><ele>643.0</ele></trkpt>
<trkpt lon="-4.401166" lat="43.274909"><ele>652.5</ele></trkpt>
<trkpt lon="-4.401195" lat="43.274683"><ele>655.5</ele></trkpt>
<trkpt lon="-4.401081" lat="43.274270"><ele>665.5</ele></trkpt>
<trkpt lon="-4.401015" lat="43.273934"><ele>674.75</ele></trkpt>
<trkpt lon="-4.400914" lat="43.273629"><ele>684.0</ele></trkpt>
<trkpt lon="-4.400772" lat="43.273381"><ele>686.75</ele></trkpt>
<trkpt lon="-4.400151" lat="43.273380"><ele>684.0</ele></trkpt>
<trkpt lon="-4.399576" lat="43.273466"><ele>680.75</ele></trkpt>
<trkpt lon="-4.398758" lat="43.273617"><ele>682.75</ele></trkpt>
<trkpt lon="-4.398131" lat="43.273638"><ele>678.75</ele></trkpt>
<trkpt lon="-4.397370" lat="43.273699"><ele>679.75</ele></trkpt>
<trkpt lon="-4.396618" lat="43.273571"><ele>679.75</ele></trkpt>
<trkpt lon="-4.395947" lat="43.273441"><ele>677.5</ele></trkpt>
<trkpt lon="-4.394460" lat="43.273537"><ele>675.5</ele></trkpt>
<trkpt lon="-4.393645" lat="43.273488"><ele>666.0</ele></trkpt>
<trkpt lon="-4.393217" lat="43.273425"><ele>668.75</ele></trkpt>
<trkpt lon="-4.392821" lat="43.273206"><ele>669.25</ele></trkpt>
<trkpt lon="-4.391829" lat="43.272548"><ele>669.5</ele></trkpt>
<trkpt lon="-4.391705" lat="43.272112"><ele>667.25</ele></trkpt>
<trkpt lon="-4.391780" lat="43.271070"><ele>663.0</ele></trkpt>
<trkpt lon="-4.391767" lat="43.270504"><ele>666.25</ele></trkpt>
<trkpt lon="-4.392008" lat="43.269776"><ele>656.25</ele></trkpt>
<trkpt lon="-4.392297" lat="43.269010"><ele>645.5</ele></trkpt>
<trkpt lon="-4.392336" lat="43.268247"><ele>635.75</ele></trkpt>
<trkpt lon="-4.392090" lat="43.267722"><ele>631.25</ele></trkpt>
<trkpt lon="-4.391692" lat="43.267401"><ele>631.25</ele></trkpt>
<trkpt lon="-4.391294" lat="43.267168"><ele>629.5</ele></trkpt>
<trkpt lon="-4.390963" lat="43.266926"><ele>624.75</ele></trkpt>
<trkpt lon="-4.390687" lat="43.266534"><ele>611.5</ele></trkpt>
<trkpt lon="-4.390829" lat="43.266446"><ele>607.0</ele></trkpt>
<trkpt lon="-4.390393" lat="43.266344"><ele>604.25</ele></trkpt>
<trkpt lon="-4.390017" lat="43.266354"><ele>600.5</ele></trkpt>
<trkpt lon="-4.389572" lat="43.266354"><ele>592.75</ele></trkpt>
<trkpt lon="-4.389034" lat="43.266334"><ele>584.0</ele></trkpt>
<trkpt lon="-4.388534" lat="43.266300"><ele>580.5</ele></trkpt>
<trkpt lon="-4.388135" lat="43.266175"><ele>575.25</ele></trkpt>
<trkpt lon="-4.388082" lat="43.266140"><ele>574.0</ele></trkpt>
<trkpt lon="-4.388079" lat="43.266105"><ele>572.5</ele></trkpt>
<trkpt lon="-4.388128" lat="43.266037"><ele>569.0</ele></trkpt>
<trkpt lon="-4.388189" lat="43.265987"><ele>566.25</ele></trkpt>
<trkpt lon="-4.388194" lat="43.265972"><ele>565.5</ele></trkpt>
<trkpt lon="-4.388178" lat="43.265944"><ele>564.75</ele></trkpt>
<trkpt lon="-4.387701" lat="43.265861"><ele>560.75</ele></trkpt>
<trkpt lon="-4.387578" lat="43.265833"><ele>558.5</ele></trkpt>
<trkpt lon="-4.387276" lat="43.265725"><ele>556.5</ele></trkpt>
<trkpt lon="-4.386526" lat="43.265529"><ele>557.25</ele></trkpt>
<trkpt lon="-4.386271" lat="43.265476"><ele>557.0</ele></trkpt>
<trkpt lon="-4.386046" lat="43.265415"><ele>555.5</ele></trkpt>
<trkpt lon="-4.385678" lat="43.265267"><ele>553.0</ele></trkpt>
<trkpt lon="-4.385585" lat="43.265235"><ele>552.25</ele></trkpt>
<trkpt lon="-4.385442" lat="43.265210"><ele>549.5</ele></trkpt>
<trkpt lon="-4.385352" lat="43.265211"><ele>548.25</ele></trkpt>
<trkpt lon="-4.385198" lat="43.265198"><ele>546.75</ele></trkpt>
<trkpt lon="-4.384858" lat="43.265150"><ele>544.75</ele></trkpt>
<trkpt lon="-4.384485" lat="43.265145"><ele>542.0</ele></trkpt>
<trkpt lon="-4.384306" lat="43.265159"><ele>542.25</ele></trkpt>
<trkpt lon="-4.384165" lat="43.265184"><ele>543.0</ele></trkpt>
<trkpt lon="-4.384021" lat="43.265167"><ele>543.75</ele></trkpt>
<trkpt lon="-4.383717" lat="43.265030"><ele>540.5</ele></trkpt>
<trkpt lon="-4.383650" lat="43.264984"><ele>539.0</ele></trkpt>
<trkpt lon="-4.383646" lat="43.264929"><ele>539.5</ele></trkpt>
<trkpt lon="-4.383659" lat="43.264881"><ele>539.5</ele></trkpt>
<trkpt lon="-4.383697" lat="43.264838"><ele>538.75</ele></trkpt>
<trkpt lon="-4.383799" lat="43.264761"><ele>535.25</ele></trkpt>
<trkpt lon="-4.383861" lat="43.264684"><ele>531.75</ele></trkpt>
<trkpt lon="-4.383910" lat="43.264575"><ele>530.25</ele></trkpt>
<trkpt lon="-4.383928" lat="43.264455"><ele>529.5</ele></trkpt>
<trkpt lon="-4.383924" lat="43.264341"><ele>527.25</ele></trkpt>
<trkpt lon="-4.383856" lat="43.264275"><ele>527.0</ele></trkpt>
<trkpt lon="-4.383780" lat="43.264253"><ele>527.0</ele></trkpt>
<trkpt lon="-4.383512" lat="43.264285"><ele>528.5</ele></trkpt>
<trkpt lon="-4.383319" lat="43.264288"><ele>526.75</ele></trkpt>
<trkpt lon="-4.382987" lat="43.264272"><ele>524.0</ele></trkpt>
<trkpt lon="-4.382871" lat="43.264254"><ele>522.25</ele></trkpt>
<trkpt lon="-4.382489" lat="43.264244"><ele>518.25</ele></trkpt>
<trkpt lon="-4.382444" lat="43.264228"><ele>517.25</ele></trkpt>
<trkpt lon="-4.382410" lat="43.264190"><ele>515.75</ele></trkpt>
<trkpt lon="-4.382413" lat="43.264130"><ele>514.0</ele></trkpt>
<trkpt lon="-4.382442" lat="43.264048"><ele>512.0</ele></trkpt>
<trkpt lon="-4.382454" lat="43.263955"><ele>509.75</ele></trkpt>
<trkpt lon="-4.382455" lat="43.263877"><ele>507.75</ele></trkpt>
<trkpt lon="-4.382419" lat="43.263808"><ele>507.0</ele></trkpt>
<trkpt lon="-4.382407" lat="43.263746"><ele>505.75</ele></trkpt>
<trkpt lon="-4.382422" lat="43.263701"><ele>504.25</ele></trkpt>
<trkpt lon="-4.382454" lat="43.263658"><ele>502.25</ele></trkpt>
<trkpt lon="-4.382532" lat="43.263639"><ele>500.0</ele></trkpt>
<trkpt lon="-4.382604" lat="43.263634"><ele>498.5</ele></trkpt>
<trkpt lon="-4.382822" lat="43.263686"><ele>496.0</ele></trkpt>
<trkpt lon="-4.382873" lat="43.263704"><ele>495.5</ele></trkpt>
<trkpt lon="-4.383028" lat="43.263738"><ele>494.0</ele></trkpt>
<trkpt lon="-4.383196" lat="43.263751"><ele>493.0</ele></trkpt>
<trkpt lon="-4.383315" lat="43.263719"><ele>490.75</ele></trkpt>
<trkpt lon="-4.383414" lat="43.263652"><ele>488.5</ele></trkpt>
<trkpt lon="-4.383467" lat="43.263584"><ele>486.25</ele></trkpt>
<trkpt lon="-4.383504" lat="43.263504"><ele>484.25</ele></trkpt>
<trkpt lon="-4.383529" lat="43.263376"><ele>480.75</ele></trkpt>
<trkpt lon="-4.383614" lat="43.263202"><ele>477.0</ele></trkpt>
<trkpt lon="-4.383793" lat="43.262967"><ele>471.75</ele></trkpt>
<trkpt lon="-4.384103" lat="43.262580"><ele>464.25</ele></trkpt>
<trkpt lon="-4.384221" lat="43.262488"><ele>462.25</ele></trkpt>
<trkpt lon="-4.384378" lat="43.262425"><ele>459.75</ele></trkpt>
<trkpt lon="-4.384594" lat="43.262375"><ele>456.75</ele></trkpt>
<trkpt lon="-4.384720" lat="43.262362"><ele>455.5</ele></trkpt>
<trkpt lon="-4.384809" lat="43.262368"><ele>454.0</ele></trkpt>
<trkpt lon="-4.384873" lat="43.262399"><ele>453.5</ele></trkpt>
<trkpt lon="-4.384980" lat="43.262438"><ele>452.25</ele></trkpt>
<trkpt lon="-4.385077" lat="43.262446"><ele>453.0</ele></trkpt>
<trkpt lon="-4.385169" lat="43.262400"><ele>452.5</ele></trkpt>
<trkpt lon="-4.385286" lat="43.262248"><ele>447.75</ele></trkpt>
<trkpt lon="-4.385310" lat="43.262150"><ele>445.75</ele></trkpt>
<trkpt lon="-4.385316" lat="43.261928"><ele>441.25</ele></trkpt>
<trkpt lon="-4.385346" lat="43.261840"><ele>438.75</ele></trkpt>
<trkpt lon="-4.385471" lat="43.261744"><ele>436.5</ele></trkpt>
<trkpt lon="-4.385748" lat="43.261625"><ele>432.5</ele></trkpt>
<trkpt lon="-4.386058" lat="43.261557"><ele>428.0</ele></trkpt>
<trkpt lon="-4.386363" lat="43.261458"><ele>424.5</ele></trkpt>
<trkpt lon="-4.386556" lat="43.261426"><ele>421.0</ele></trkpt>
<trkpt lon="-4.386865" lat="43.261399"><ele>415.5</ele></trkpt>
<trkpt lon="-4.386953" lat="43.261364"><ele>413.5</ele></trkpt>
<trkpt lon="-4.387033" lat="43.261264"><ele>412.25</ele></trkpt>
<trkpt lon="-4.387060" lat="43.261163"><ele>410.75</ele></trkpt>
<trkpt lon="-4.387145" lat="43.261020"><ele>408.0</ele></trkpt>
<trkpt lon="-4.387291" lat="43.260790"><ele>406.0</ele></trkpt>
<trkpt lon="-4.387432" lat="43.260593"><ele>408.5</ele></trkpt>
<trkpt lon="-4.387496" lat="43.260512"><ele>409.5</ele></trkpt>
<trkpt lon="-4.387608" lat="43.260415"><ele>410.0</ele></trkpt>
<trkpt lon="-4.387940" lat="43.260256"><ele>411.75</ele></trkpt>
<trkpt lon="-4.388096" lat="43.260190"><ele>411.0</ele></trkpt>
<trkpt lon="-4.388206" lat="43.260157"><ele>410.5</ele></trkpt>
<trkpt lon="-4.388366" lat="43.260126"><ele>410.75</ele></trkpt>
<trkpt lon="-4.388566" lat="43.260076"><ele>411.75</ele></trkpt>
<trkpt lon="-4.388771" lat="43.259992"><ele>410.25</ele></trkpt>
<trkpt lon="-4.389004" lat="43.259879"><ele>407.5</ele></trkpt>
<trkpt lon="-4.389459" lat="43.259711"><ele>403.25</ele></trkpt>
<trkpt lon="-4.389660" lat="43.259657"><ele>401.25</ele></trkpt>
<trkpt lon="-4.389777" lat="43.259647"><ele>401.0</ele></trkpt>
<trkpt lon="-4.389912" lat="43.259661"><ele>401.25</ele></trkpt>
<trkpt lon="-4.390125" lat="43.259700"><ele>401.25</ele></trkpt>
<trkpt lon="-4.390549" lat="43.259736"><ele>394.75</ele></trkpt>
<trkpt lon="-4.391083" lat="43.259721"><ele>383.25</ele></trkpt>
<trkpt lon="-4.391682" lat="43.259713"><ele>373.5</ele></trkpt>
<trkpt lon="-4.391850" lat="43.259695"><ele>371.75</ele></trkpt>
<trkpt lon="-4.391987" lat="43.259673"><ele>370.75</ele></trkpt>
<trkpt lon="-4.392109" lat="43.259619"><ele>370.25</ele></trkpt>
<trkpt lon="-4.392172" lat="43.259564"><ele>368.75</ele></trkpt>
<trkpt lon="-4.392209" lat="43.259460"><ele>365.5</ele></trkpt>
<trkpt lon="-4.392140" lat="43.259237"><ele>362.25</ele></trkpt>
<trkpt lon="-4.392159" lat="43.259181"><ele>362.25</ele></trkpt>
<trkpt lon="-4.392335" lat="43.259005"><ele>357.75</ele></trkpt>
<trkpt lon="-4.392459" lat="43.258911"><ele>354.5</ele></trkpt>
<trkpt lon="-4.392577" lat="43.258831"><ele>352.5</ele></trkpt>
<trkpt lon="-4.392724" lat="43.258786"><ele>352.25</ele></trkpt>
<trkpt lon="-4.392907" lat="43.258779"><ele>350.0</ele></trkpt>
<trkpt lon="-4.393084" lat="43.258796"><ele>347.5</ele></trkpt>
<trkpt lon="-4.393236" lat="43.258842"><ele>345.0</ele></trkpt>
<trkpt lon="-4.393475" lat="43.258957"><ele>344.0</ele></trkpt>
<trkpt lon="-4.393670" lat="43.259028"><ele>342.5</ele></trkpt>
<trkpt lon="-4.393747" lat="43.259063"><ele>341.5</ele></trkpt>
<trkpt lon="-4.393831" lat="43.259142"><ele>341.5</ele></trkpt>
<trkpt lon="-4.393879" lat="43.259202"><ele>341.75</ele></trkpt>
<trkpt lon="-4.393943" lat="43.259249"><ele>342.5</ele></trkpt>
<trkpt lon="-4.394044" lat="43.259278"><ele>341.75</ele></trkpt>
<trkpt lon="-4.394209" lat="43.259313"><ele>341.25</ele></trkpt>
<trkpt lon="-4.394380" lat="43.259325"><ele>341.5</ele></trkpt>
<trkpt lon="-4.394505" lat="43.259320"><ele>341.5</ele></trkpt>
<trkpt lon="-4.394594" lat="43.259307"><ele>341.5</ele></trkpt>
<trkpt lon="-4.394736" lat="43.259258"><ele>340.5</ele></trkpt>
<trkpt lon="-4.394982" lat="43.259113"><ele>339.25</ele></trkpt>
<trkpt lon="-4.395038" lat="43.259056"><ele>338.75</ele></trkpt>
<trkpt lon="-4.395117" lat="43.258894"><ele>335.0</ele></trkpt>
<trkpt lon="-4.395164" lat="43.258850"><ele>332.75</ele></trkpt>
<trkpt lon="-4.395228" lat="43.258818"><ele>331.5</ele></trkpt>
<trkpt lon="-4.395426" lat="43.258749"><ele>329.25</ele></trkpt>
<trkpt lon="-4.395527" lat="43.258703"><ele>327.5</ele></trkpt>
<trkpt lon="-4.395617" lat="43.258656"><ele>327.0</ele></trkpt>
<trkpt lon="-4.395697" lat="43.258574"><ele>326.25</ele></trkpt>
<trkpt lon="-4.395803" lat="43.258367"><ele>324.0</ele></trkpt>
<trkpt lon="-4.395919" lat="43.258183"><ele>323.75</ele></trkpt>
<trkpt lon="-4.395944" lat="43.258110"><ele>323.25</ele></trkpt>
<trkpt lon="-4.395899" lat="43.257863"><ele>318.75</ele></trkpt>
<trkpt lon="-4.395796" lat="43.257488"><ele>314.75</ele></trkpt>
<trkpt lon="-4.395799" lat="43.257433"><ele>313.75</ele></trkpt>
<trkpt lon="-4.395822" lat="43.257388"><ele>313.25</ele></trkpt>
<trkpt lon="-4.395891" lat="43.257330"><ele>312.0</ele></trkpt>
<trkpt lon="-4.395985" lat="43.257287"><ele>310.5</ele></trkpt>
<trkpt lon="-4.396276" lat="43.257228"><ele>306.0</ele></trkpt>
<trkpt lon="-4.396404" lat="43.257187"><ele>304.0</ele></trkpt>
<trkpt lon="-4.396485" lat="43.257112"><ele>302.75</ele></trkpt>
<trkpt lon="-4.396555" lat="43.257003"><ele>301.75</ele></trkpt>
<trkpt lon="-4.396620" lat="43.256858"><ele>300.75</ele></trkpt>
<trkpt lon="-4.396714" lat="43.256547"><ele>296.75</ele></trkpt>
<trkpt lon="-4.396728" lat="43.256504"><ele>296.0</ele></trkpt>
<trkpt lon="-4.396788" lat="43.256412"><ele>294.5</ele></trkpt>
<trkpt lon="-4.396893" lat="43.256326"><ele>292.5</ele></trkpt>
<trkpt lon="-4.397095" lat="43.256208"><ele>288.25</ele></trkpt>
<trkpt lon="-4.397256" lat="43.256133"><ele>283.75</ele></trkpt>
<trkpt lon="-4.397478" lat="43.256068"><ele>280.25</ele></trkpt>
<trkpt lon="-4.397669" lat="43.256025"><ele>277.75</ele></trkpt>
<trkpt lon="-4.397992" lat="43.256002"><ele>273.75</ele></trkpt>
<trkpt lon="-4.398126" lat="43.255974"><ele>272.0</ele></trkpt>
<trkpt lon="-4.398241" lat="43.255927"><ele>270.5</ele></trkpt>
<trkpt lon="-4.398407" lat="43.255822"><ele>265.5</ele></trkpt>
<trkpt lon="-4.398605" lat="43.255753"><ele>265.25</ele></trkpt>
<trkpt lon="-4.398683" lat="43.255715"><ele>263.25</ele></trkpt>
<trkpt lon="-4.398695" lat="43.255691"><ele>261.75</ele></trkpt>
<trkpt lon="-4.398676" lat="43.255645"><ele>259.25</ele></trkpt>
<trkpt lon="-4.398632" lat="43.255632"><ele>258.25</ele></trkpt>
<trkpt lon="-4.398547" lat="43.255627"><ele>256.75</ele></trkpt>
<trkpt lon="-4.398440" lat="43.255640"><ele>255.75</ele></trkpt>
<trkpt lon="-4.398305" lat="43.255647"><ele>254.25</ele></trkpt>
<trkpt lon="-4.398170" lat="43.255606"><ele>252.75</ele></trkpt>
<trkpt lon="-4.398084" lat="43.255515"><ele>249.25</ele></trkpt>
<trkpt lon="-4.398030" lat="43.255444"><ele>247.75</ele></trkpt>
<trkpt lon="-4.397949" lat="43.255402"><ele>247.75</ele></trkpt>
<trkpt lon="-4.397886" lat="43.255306"><ele>244.75</ele></trkpt>
<trkpt lon="-4.397150" lat="43.255013"><ele>241.5</ele></trkpt>
<trkpt lon="-4.397142" lat="43.254917"><ele>239.25</ele></trkpt>
<trkpt lon="-4.397069" lat="43.254854"><ele>238.25</ele></trkpt>
<trkpt lon="-4.396685" lat="43.254776"><ele>236.0</ele></trkpt>
<trkpt lon="-4.396586" lat="43.254688"><ele>233.0</ele></trkpt>
<trkpt lon="-4.396552" lat="43.254597"><ele>231.25</ele></trkpt>
<trkpt lon="-4.396524" lat="43.254449"><ele>228.5</ele></trkpt>
<trkpt lon="-4.396555" lat="43.254309"><ele>226.5</ele></trkpt>
<trkpt lon="-4.396708" lat="43.254134"><ele>225.0</ele></trkpt>
<trkpt lon="-4.397131" lat="43.254035"><ele>221.25</ele></trkpt>
<trkpt lon="-4.397306" lat="43.254064"><ele>220.0</ele></trkpt>
<trkpt lon="-4.397511" lat="43.254155"><ele>218.5</ele></trkpt>
<trkpt lon="-4.397780" lat="43.254240"><ele>215.25</ele></trkpt>
<trkpt lon="-4.398176" lat="43.254311"><ele>212.25</ele></trkpt>
<trkpt lon="-4.398358" lat="43.254376"><ele>211.0</ele></trkpt>
<trkpt lon="-4.398696" lat="43.254516"><ele>208.75</ele></trkpt>
<trkpt lon="-4.398917" lat="43.254561"><ele>210.25</ele></trkpt>
<trkpt lon="-4.399226" lat="43.254566"><ele>208.25</ele></trkpt>
<trkpt lon="-4.399332" lat="43.254548"><ele>207.25</ele></trkpt>
<trkpt lon="-4.399608" lat="43.254599"><ele>205.75</ele></trkpt>
<trkpt lon="-4.399748" lat="43.254600"><ele>204.25</ele></trkpt>
<trkpt lon="-4.399834" lat="43.254619"><ele>203.25</ele></trkpt>
<trkpt lon="-4.399929" lat="43.254612"><ele>201.75</ele></trkpt>
<trkpt lon="-4.400133" lat="43.254513"><ele>201.0</ele></trkpt>
<trkpt lon="-4.400307" lat="43.254456"><ele>201.5</ele></trkpt>
<trkpt lon="-4.400387" lat="43.254420"><ele>201.5</ele></trkpt>
<trkpt lon="-4.400491" lat="43.254348"><ele>200.5</ele></trkpt>
<trkpt lon="-4.400801" lat="43.254208"><ele>199.75</ele></trkpt>
<trkpt lon="-4.400963" lat="43.254155"><ele>200.0</ele></trkpt>
<trkpt lon="-4.401119" lat="43.254130"><ele>201.5</ele></trkpt>
<trkpt lon="-4.401566" lat="43.254111"><ele>203.75</ele></trkpt>
<trkpt lon="-4.401745" lat="43.254120"><ele>204.25</ele></trkpt>
<trkpt lon="-4.401886" lat="43.254146"><ele>204.5</ele></trkpt>
<trkpt lon="-4.402006" lat="43.254150"><ele>204.25</ele></trkpt>
<trkpt lon="-4.402136" lat="43.254140"><ele>203.5</ele></trkpt>
<trkpt lon="-4.402249" lat="43.254101"><ele>202.0</ele></trkpt>
<trkpt lon="-4.402476" lat="43.253962"><ele>197.25</ele></trkpt>
<trkpt lon="-4.402800" lat="43.253925"><ele>194.25</ele></trkpt>
<trkpt lon="-4.402944" lat="43.253930"><ele>192.0</ele></trkpt>
<trkpt lon="-4.403041" lat="43.253946"><ele>190.5</ele></trkpt>
<trkpt lon="-4.403132" lat="43.253986"><ele>188.5</ele></trkpt>
<trkpt lon="-4.403189" lat="43.254032"><ele>187.5</ele></trkpt>
<trkpt lon="-4.403260" lat="43.254138"><ele>187.0</ele></trkpt>
<trkpt lon="-4.403291" lat="43.254209"><ele>187.0</ele></trkpt>
<trkpt lon="-4.403337" lat="43.254251"><ele>186.0</ele></trkpt>
<trkpt lon="-4.403411" lat="43.254265"><ele>184.75</ele></trkpt>
<trkpt lon="-4.403490" lat="43.254252"><ele>183.25</ele></trkpt>
<trkpt lon="-4.403591" lat="43.254209"><ele>180.75</ele></trkpt>
<trkpt lon="-4.403904" lat="43.254048"><ele>175.75</ele></trkpt>
<trkpt lon="-4.403989" lat="43.253985"><ele>174.25</ele></trkpt>
<trkpt lon="-4.404068" lat="43.253907"><ele>173.0</ele></trkpt>
<trkpt lon="-4.404098" lat="43.253846"><ele>172.5</ele></trkpt>
<trkpt lon="-4.404128" lat="43.253726"><ele>171.75</ele></trkpt>
<trkpt lon="-4.404224" lat="43.253572"><ele>169.25</ele></trkpt>
<trkpt lon="-4.404175" lat="43.253540"><ele>169.5</ele></trkpt>
<trkpt lon="-4.404038" lat="43.253477"><ele>169.5</ele></trkpt>
<trkpt lon="-4.404015" lat="43.253461"><ele>169.5</ele></trkpt>
<trkpt lon="-4.403989" lat="43.253426"><ele>169.5</ele></trkpt>
<trkpt lon="-4.403989" lat="43.253406"><ele>169.25</ele></trkpt>
<trkpt lon="-4.404013" lat="43.253378"><ele>168.5</ele></trkpt>
<trkpt lon="-4.404053" lat="43.253370"><ele>168.0</ele></trkpt>
<trkpt lon="-4.404119" lat="43.253378"><ele>167.25</ele></trkpt>
<trkpt lon="-4.404181" lat="43.253403"><ele>167.0</ele></trkpt>
<trkpt lon="-4.404521" lat="43.253592"><ele>164.5</ele></trkpt>
<trkpt lon="-4.404595" lat="43.253619"><ele>163.25</ele></trkpt>
<trkpt lon="-4.404669" lat="43.253631"><ele>161.75</ele></trkpt>
<trkpt lon="-4.404780" lat="43.253632"><ele>160.0</ele></trkpt>
<trkpt lon="-4.404840" lat="43.253631"><ele>159.5</ele></trkpt>
<trkpt lon="-4.405186" lat="43.253876"><ele>159.75</ele></trkpt>
<trkpt lon="-4.405241" lat="43.253915"><ele>159.25</ele></trkpt>
<trkpt lon="-4.405277" lat="43.253940"><ele>159.0</ele></trkpt>
<trkpt lon="-4.405270" lat="43.254077"><ele>159.0</ele></trkpt>
<trkpt lon="-4.405478" lat="43.254227"><ele>158.5</ele></trkpt>
<trkpt lon="-4.405658" lat="43.254204"><ele>157.5</ele></trkpt>
<trkpt lon="-4.405911" lat="43.254378"><ele>156.75</ele></trkpt>
<trkpt lon="-4.406246" lat="43.254629"><ele>157.0</ele></trkpt>
<trkpt lon="-4.406323" lat="43.254667"><ele>156.75</ele></trkpt>
<trkpt lon="-4.406490" lat="43.254727"><ele>156.5</ele></trkpt>
<trkpt lon="-4.406527" lat="43.254747"><ele>156.5</ele></trkpt>
<trkpt lon="-4.406628" lat="43.254695"><ele>155.75</ele></trkpt>
<trkpt lon="-4.407032" lat="43.254500"><ele>154.75</ele></trkpt>
<trkpt lon="-4.407152" lat="43.254433"><ele>155.75</ele></trkpt>
<trkpt lon="-4.407210" lat="43.254457"><ele>155.75</ele></trkpt>
<trkpt lon="-4.407368" lat="43.254427"><ele>155.5</ele></trkpt>
<trkpt lon="-4.407504" lat="43.254438"><ele>155.0</ele></trkpt>
<trkpt lon="-4.407565" lat="43.254444"><ele>155.0</ele></trkpt>
<trkpt lon="-4.407631" lat="43.254471"><ele>155.25</ele></trkpt>
<trkpt lon="-4.407717" lat="43.254563"><ele>155.25</ele></trkpt>
<trkpt lon="-4.407768" lat="43.254681"><ele>155.0</ele></trkpt>
<trkpt lon="-4.407854" lat="43.254975"><ele>154.0</ele></trkpt>
<trkpt lon="-4.407892" lat="43.255089"><ele>152.75</ele></trkpt>
<trkpt lon="-4.407973" lat="43.255358"><ele>151.75</ele></trkpt>
<trkpt lon="-4.408030" lat="43.255549"><ele>154.75</ele></trkpt>
<trkpt lon="-4.408043" lat="43.255655"><ele>154.5</ele></trkpt>
<trkpt lon="-4.408135" lat="43.255712"><ele>154.5</ele></trkpt>
<trkpt lon="-4.408381" lat="43.255451"><ele>154.0</ele></trkpt>
<trkpt lon="-4.408459" lat="43.255419"><ele>153.75</ele></trkpt>
<trkpt lon="-4.408658" lat="43.255417"><ele>154.75</ele></trkpt>
<trkpt lon="-4.409126" lat="43.255439"><ele>157.25</ele></trkpt>
<trkpt lon="-4.409196" lat="43.255441"><ele>157.75</ele></trkpt>
<trkpt lon="-4.409410" lat="43.255398"><ele>158.25</ele></trkpt>
<trkpt lon="-4.409643" lat="43.255440"><ele>161.25</ele></trkpt>
<trkpt lon="-4.409787" lat="43.255451"><ele>162.75</ele></trkpt>
<trkpt lon="-4.410137" lat="43.255456"><ele>165.0</ele></trkpt>
<trkpt lon="-4.410328" lat="43.255451"><ele>166.25</ele></trkpt>
<trkpt lon="-4.410477" lat="43.255429"><ele>168.5</ele></trkpt>
<trkpt lon="-4.410657" lat="43.255385"><ele>169.75</ele></trkpt>
<trkpt lon="-4.410866" lat="43.255307"><ele>168.75</ele></trkpt>
<trkpt lon="-4.411135" lat="43.255192"><ele>170.0</ele></trkpt>
<trkpt lon="-4.411271" lat="43.255115"><ele>170.5</ele></trkpt>
<trkpt lon="-4.411365" lat="43.255039"><ele>170.25</ele></trkpt>
<trkpt lon="-4.411472" lat="43.254938"><ele>171.75</ele></trkpt>
<trkpt lon="-4.411514" lat="43.254839"><ele>172.5</ele></trkpt>
<trkpt lon="-4.411550" lat="43.254663"><ele>173.75</ele></trkpt>
<trkpt lon="-4.411556" lat="43.254513"><ele>174.5</ele></trkpt>
<trkpt lon="-4.411574" lat="43.254355"><ele>177.25</ele></trkpt>
<trkpt lon="-4.411561" lat="43.254264"><ele>179.25</ele></trkpt>
<trkpt lon="-4.411510" lat="43.254199"><ele>179.75</ele></trkpt>
<trkpt lon="-4.411426" lat="43.254153"><ele>179.25</ele></trkpt>
<trkpt lon="-4.411277" lat="43.254100"><ele>178.0</ele></trkpt>
<trkpt lon="-4.411199" lat="43.254065"><ele>177.0</ele></trkpt>
<trkpt lon="-4.411156" lat="43.254023"><ele>177.5</ele></trkpt>
<trkpt lon="-4.411137" lat="43.253968"><ele>179.0</ele></trkpt>
<trkpt lon="-4.411119" lat="43.253861"><ele>180.75</ele></trkpt>
<trkpt lon="-4.411119" lat="43.253787"><ele>180.0</ele></trkpt>
<trkpt lon="-4.411142" lat="43.253738"><ele>180.0</ele></trkpt>
<trkpt lon="-4.411203" lat="43.253706"><ele>181.0</ele></trkpt>
<trkpt lon="-4.411346" lat="43.253541"><ele>179.25</ele></trkpt>
<trkpt lon="-4.411626" lat="43.253320"><ele>176.5</ele></trkpt>
<trkpt lon="-4.411889" lat="43.253190"><ele>177.0</ele></trkpt>
<trkpt lon="-4.412100" lat="43.252944"><ele>172.75</ele></trkpt>
<trkpt lon="-4.411982" lat="43.252843"><ele>168.5</ele></trkpt>
<trkpt lon="-4.411926" lat="43.252832"><ele>167.75</ele></trkpt>
<trkpt lon="-4.411577" lat="43.252840"><ele>164.25</ele></trkpt>
<trkpt lon="-4.411358" lat="43.252792"><ele>162.0</ele></trkpt>
<trkpt lon="-4.411269" lat="43.252767"><ele>162.0</ele></trkpt>
<trkpt lon="-4.411124" lat="43.252755"><ele>162.25</ele></trkpt>
<trkpt lon="-4.411064" lat="43.252758"><ele>162.25</ele></trkpt>
<trkpt lon="-4.410770" lat="43.252775"><ele>162.0</ele></trkpt>
<trkpt lon="-4.410656" lat="43.252788"><ele>161.75</ele></trkpt>
<trkpt lon="-4.410552" lat="43.252689"><ele>162.75</ele></trkpt>
<trkpt lon="-4.410527" lat="43.252646"><ele>163.0</ele></trkpt>
<trkpt lon="-4.410509" lat="43.252603"><ele>163.5</ele></trkpt>
<trkpt lon="-4.410509" lat="43.252570"><ele>163.75</ele></trkpt>
<trkpt lon="-4.410527" lat="43.252502"><ele>164.5</ele></trkpt>
<trkpt lon="-4.410556" lat="43.252443"><ele>165.0</ele></trkpt>
<trkpt lon="-4.410587" lat="43.252349"><ele>165.5</ele></trkpt>
<trkpt lon="-4.410552" lat="43.252112"><ele>166.0</ele></trkpt>
<trkpt lon="-4.410496" lat="43.251940"><ele>166.75</ele></trkpt>
<trkpt lon="-4.410377" lat="43.251686"><ele>167.75</ele></trkpt>
<trkpt lon="-4.410350" lat="43.251606"><ele>168.0</ele></trkpt>
<trkpt lon="-4.410335" lat="43.251473"><ele>169.0</ele></trkpt>
<trkpt lon="-4.410310" lat="43.251367"><ele>170.0</ele></trkpt>
<trkpt lon="-4.410202" lat="43.251214"><ele>171.75</ele></trkpt>
<trkpt lon="-4.410165" lat="43.251141"><ele>172.75</ele></trkpt>
<trkpt lon="-4.410147" lat="43.251096"><ele>173.0</ele></trkpt>
<trkpt lon="-4.410148" lat="43.251041"><ele>173.25</ele></trkpt>
<trkpt lon="-4.410170" lat="43.250983"><ele>173.75</ele></trkpt>
<trkpt lon="-4.410235" lat="43.250903"><ele>174.5</ele></trkpt>
<trkpt lon="-4.410267" lat="43.250849"><ele>174.75</ele></trkpt>
<trkpt lon="-4.410302" lat="43.250736"><ele>175.75</ele></trkpt>
<trkpt lon="-4.410342" lat="43.250563"><ele>177.25</ele></trkpt>
<trkpt lon="-4.410423" lat="43.250321"><ele>179.25</ele></trkpt>
<trkpt lon="-4.410483" lat="43.250196"><ele>179.25</ele></trkpt>
<trkpt lon="-4.410528" lat="43.250104"><ele>179.0</ele></trkpt>
<trkpt lon="-4.410582" lat="43.250043"><ele>179.25</ele></trkpt>
<trkpt lon="-4.410663" lat="43.249977"><ele>179.5</ele></trkpt>
<trkpt lon="-4.410880" lat="43.249805"><ele>179.75</ele></trkpt>
<trkpt lon="-4.411084" lat="43.249612"><ele>181.5</ele></trkpt>
<trkpt lon="-4.411239" lat="43.249530"><ele>183.75</ele></trkpt>
<trkpt lon="-4.411427" lat="43.249453"><ele>187.5</ele></trkpt>
<trkpt lon="-4.411802" lat="43.249326"><ele>191.25</ele></trkpt>
<trkpt lon="-4.412034" lat="43.249179"><ele>194.25</ele></trkpt>
<trkpt lon="-4.412141" lat="43.249100"><ele>194.0</ele></trkpt>
<trkpt lon="-4.412396" lat="43.248869"><ele>194.0</ele></trkpt>
<trkpt lon="-4.412434" lat="43.248820"><ele>194.0</ele></trkpt>
<trkpt lon="-4.412536" lat="43.248593"><ele>194.5</ele></trkpt>
<trkpt lon="-4.412604" lat="43.248527"><ele>194.0</ele></trkpt>
<trkpt lon="-4.412821" lat="43.248382"><ele>197.5</ele></trkpt>
<trkpt lon="-4.412898" lat="43.248338"><ele>199.25</ele></trkpt>
<trkpt lon="-4.412944" lat="43.248196"><ele>196.0</ele></trkpt>
<trkpt lon="-4.412943" lat="43.248102"><ele>192.25</ele></trkpt>
<trkpt lon="-4.412969" lat="43.247965"><ele>192.25</ele></trkpt>
<trkpt lon="-4.412989" lat="43.247903"><ele>193.75</ele></trkpt>
<trkpt lon="-4.413006" lat="43.247772"><ele>194.75</ele></trkpt>
<trkpt lon="-4.413059" lat="43.247650"><ele>195.25</ele></trkpt>
<trkpt lon="-4.413114" lat="43.247311"><ele>194.0</ele></trkpt>
<trkpt lon="-4.413149" lat="43.247171"><ele>196.0</ele></trkpt>
<trkpt lon="-4.413162" lat="43.247075"><ele>197.0</ele></trkpt>
<trkpt lon="-4.413149" lat="43.246993"><ele>196.5</ele></trkpt>
<trkpt lon="-4.413111" lat="43.246863"><ele>195.75</ele></trkpt>
<trkpt lon="-4.413014" lat="43.246649"><ele>194.5</ele></trkpt>
<trkpt lon="-4.412986" lat="43.246562"><ele>194.25</ele></trkpt>
<trkpt lon="-4.412976" lat="43.246493"><ele>194.5</ele></trkpt>
<trkpt lon="-4.412947" lat="43.246400"><ele>194.5</ele></trkpt>
<trkpt lon="-4.412927" lat="43.246229"><ele>195.0</ele></trkpt>
<trkpt lon="-4.412886" lat="43.246127"><ele>194.25</ele></trkpt>
<trkpt lon="-4.412584" lat="43.245778"><ele>194.5</ele></trkpt>
<trkpt lon="-4.412539" lat="43.245680"><ele>194.0</ele></trkpt>
<trkpt lon="-4.412520" lat="43.245594"><ele>194.25</ele></trkpt>
<trkpt lon="-4.412492" lat="43.245248"><ele>193.25</ele></trkpt>
<trkpt lon="-4.412455" lat="43.245176"><ele>193.75</ele></trkpt>
<trkpt lon="-4.412332" lat="43.245065"><ele>193.25</ele></trkpt>
<trkpt lon="-4.412235" lat="43.244929"><ele>193.25</ele></trkpt>
<trkpt lon="-4.412148" lat="43.244742"><ele>192.25</ele></trkpt>
<trkpt lon="-4.412000" lat="43.244494"><ele>190.0</ele></trkpt>
<trkpt lon="-4.411629" lat="43.243993"><ele>187.25</ele></trkpt>
<trkpt lon="-4.411374" lat="43.243719"><ele>188.25</ele></trkpt>
<trkpt lon="-4.411307" lat="43.243630"><ele>188.5</ele></trkpt>
<trkpt lon="-4.411252" lat="43.243585"><ele>187.75</ele></trkpt>
<trkpt lon="-4.411225" lat="43.243545"><ele>188.75</ele></trkpt>
<trkpt lon="-4.411222" lat="43.243498"><ele>191.0</ele></trkpt>
<trkpt lon="-4.411242" lat="43.243447"><ele>194.25</ele></trkpt>
<trkpt lon="-4.411165" lat="43.243384"><ele>195.25</ele></trkpt>
<trkpt lon="-4.411015" lat="43.243284"><ele>194.25</ele></trkpt>
<trkpt lon="-4.410793" lat="43.243176"><ele>191.5</ele></trkpt>
<trkpt lon="-4.410360" lat="43.243039"><ele>184.25</ele></trkpt>
<trkpt lon="-4.409735" lat="43.242803"><ele>183.5</ele></trkpt>
<trkpt lon="-4.409650" lat="43.242764"><ele>183.5</ele></trkpt>
<trkpt lon="-4.409556" lat="43.242706"><ele>183.5</ele></trkpt>
<trkpt lon="-4.409472" lat="43.242669"><ele>183.5</ele></trkpt>
<trkpt lon="-4.409040" lat="43.242607"><ele>183.75</ele></trkpt>
<trkpt lon="-4.408940" lat="43.242571"><ele>183.5</ele></trkpt>
<trkpt lon="-4.408778" lat="43.242499"><ele>183.5</ele></trkpt>
<trkpt lon="-4.408664" lat="43.242428"><ele>184.0</ele></trkpt>
<trkpt lon="-4.408288" lat="43.242150"><ele>185.0</ele></trkpt>
<trkpt lon="-4.407935" lat="43.241855"><ele>184.25</ele></trkpt>
<trkpt lon="-4.407819" lat="43.241779"><ele>184.25</ele></trkpt>
<trkpt lon="-4.407657" lat="43.241655"><ele>184.0</ele></trkpt>
<trkpt lon="-4.406965" lat="43.240959"><ele>189.0</ele></trkpt>
<trkpt lon="-4.406800" lat="43.240760"><ele>187.75</ele></trkpt>
<trkpt lon="-4.406755" lat="43.240661"><ele>188.25</ele></trkpt>
<trkpt lon="-4.406721" lat="43.240482"><ele>189.75</ele></trkpt>
<trkpt lon="-4.406697" lat="43.240416"><ele>189.75</ele></trkpt>
<trkpt lon="-4.406709" lat="43.240332"><ele>190.25</ele></trkpt>
<trkpt lon="-4.406699" lat="43.240044"><ele>192.0</ele></trkpt>
<trkpt lon="-4.406712" lat="43.239925"><ele>192.25</ele></trkpt>
<trkpt lon="-4.406765" lat="43.239780"><ele>193.0</ele></trkpt>
<trkpt lon="-4.406816" lat="43.239581"><ele>193.0</ele></trkpt>
<trkpt lon="-4.406882" lat="43.239414"><ele>194.75</ele></trkpt>
<trkpt lon="-4.407007" lat="43.239049"><ele>196.0</ele></trkpt>
<trkpt lon="-4.407064" lat="43.238932"><ele>196.25</ele></trkpt>
<trkpt lon="-4.407084" lat="43.238853"><ele>196.75</ele></trkpt>
<trkpt lon="-4.407070" lat="43.238779"><ele>197.25</ele></trkpt>
<trkpt lon="-4.406958" lat="43.238634"><ele>197.75</ele></trkpt>
<trkpt lon="-4.406811" lat="43.238413"><ele>195.75</ele></trkpt>
<trkpt lon="-4.406670" lat="43.238242"><ele>193.5</ele></trkpt>
<trkpt lon="-4.406637" lat="43.238157"><ele>194.25</ele></trkpt>
<trkpt lon="-4.406653" lat="43.237909"><ele>198.75</ele></trkpt>
<trkpt lon="-4.406613" lat="43.237806"><ele>199.75</ele></trkpt>
<trkpt lon="-4.406538" lat="43.237682"><ele>199.75</ele></trkpt>
<trkpt lon="-4.406477" lat="43.237530"><ele>200.5</ele></trkpt>
<trkpt lon="-4.406307" lat="43.237335"><ele>201.25</ele></trkpt>
<trkpt lon="-4.406130" lat="43.237189"><ele>202.5</ele></trkpt>
<trkpt lon="-4.405941" lat="43.237086"><ele>203.0</ele></trkpt>
<trkpt lon="-4.405696" lat="43.236927"><ele>203.5</ele></trkpt>
<trkpt lon="-4.405590" lat="43.236779"><ele>204.0</ele></trkpt>
<trkpt lon="-4.405446" lat="43.236641"><ele>203.25</ele></trkpt>
<trkpt lon="-4.405281" lat="43.236552"><ele>202.0</ele></trkpt>
<trkpt lon="-4.405168" lat="43.236353"><ele>202.25</ele></trkpt>
<trkpt lon="-4.405050" lat="43.236188"><ele>202.0</ele></trkpt>
<trkpt lon="-4.404909" lat="43.236018"><ele>201.75</ele></trkpt>
<trkpt lon="-4.404802" lat="43.235899"><ele>201.75</ele></trkpt>
<trkpt lon="-4.404630" lat="43.235729"><ele>202.75</ele></trkpt>
<trkpt lon="-4.404551" lat="43.235631"><ele>203.0</ele></trkpt>
<trkpt lon="-4.404403" lat="43.235518"><ele>201.75</ele></trkpt>
<trkpt lon="-4.404151" lat="43.235394"><ele>203.0</ele></trkpt>
<trkpt lon="-4.403964" lat="43.235319"><ele>203.25</ele></trkpt>
<trkpt lon="-4.403789" lat="43.235228"><ele>203.5</ele></trkpt>
<trkpt lon="-4.403614" lat="43.235152"><ele>203.75</ele></trkpt>
<trkpt lon="-4.403459" lat="43.235098"><ele>206.0</ele></trkpt>
<trkpt lon="-4.403297" lat="43.235065"><ele>207.0</ele></trkpt>
<trkpt lon="-4.403104" lat="43.235039"><ele>206.75</ele></trkpt>
<trkpt lon="-4.402967" lat="43.235034"><ele>206.75</ele></trkpt>
<trkpt lon="-4.402839" lat="43.235003"><ele>208.75</ele></trkpt>
<trkpt lon="-4.402654" lat="43.234901"><ele>210.75</ele></trkpt>
<trkpt lon="-4.402503" lat="43.234829"><ele>212.5</ele></trkpt>
<trkpt lon="-4.402350" lat="43.234782"><ele>212.75</ele></trkpt>
<trkpt lon="-4.402237" lat="43.234757"><ele>212.25</ele></trkpt>
<trkpt lon="-4.402086" lat="43.234705"><ele>212.5</ele></trkpt>
<trkpt lon="-4.401966" lat="43.234650"><ele>213.0</ele></trkpt>
<trkpt lon="-4.401691" lat="43.234482"><ele>212.75</ele></trkpt>
<trkpt lon="-4.401546" lat="43.234391"><ele>213.0</ele></trkpt>
<trkpt lon="-4.401422" lat="43.234291"><ele>213.25</ele></trkpt>
<trkpt lon="-4.401176" lat="43.234038"><ele>212.5</ele></trkpt>
<trkpt lon="-4.401043" lat="43.233924"><ele>212.5</ele></trkpt>
<trkpt lon="-4.400931" lat="43.233805"><ele>212.25</ele></trkpt>
<trkpt lon="-4.400830" lat="43.233640"><ele>211.0</ele></trkpt>
<trkpt lon="-4.400783" lat="43.233561"><ele>210.75</ele></trkpt>
<trkpt lon="-4.400746" lat="43.233433"><ele>210.25</ele></trkpt>
<trkpt lon="-4.400740" lat="43.233292"><ele>209.5</ele></trkpt>
<trkpt lon="-4.400663" lat="43.233236"><ele>208.5</ele></trkpt>
<trkpt lon="-4.400840" lat="43.233111"><ele>208.5</ele></trkpt>
<trkpt lon="-4.401100" lat="43.232947"><ele>211.75</ele></trkpt>
<trkpt lon="-4.401138" lat="43.232818"><ele>212.75</ele></trkpt>
<trkpt lon="-4.401134" lat="43.232755"><ele>212.5</ele></trkpt>
<trkpt lon="-4.401120" lat="43.232705"><ele>211.75</ele></trkpt>
<trkpt lon="-4.401130" lat="43.232581"><ele>211.5</ele></trkpt>
<trkpt lon="-4.401205" lat="43.232485"><ele>212.25</ele></trkpt>
<trkpt lon="-4.401302" lat="43.232381"><ele>213.0</ele></trkpt>
<trkpt lon="-4.401353" lat="43.232121"><ele>211.75</ele></trkpt>
<trkpt lon="-4.401441" lat="43.232065"><ele>212.75</ele></trkpt>
<trkpt lon="-4.401571" lat="43.231891"><ele>214.25</ele></trkpt>
<trkpt lon="-4.401605" lat="43.231844"><ele>214.75</ele></trkpt>
<trkpt lon="-4.401701" lat="43.231755"><ele>216.25</ele></trkpt>
<trkpt lon="-4.401893" lat="43.231632"><ele>218.25</ele></trkpt>
<trkpt lon="-4.401934" lat="43.231562"><ele>218.75</ele></trkpt>
<trkpt lon="-4.401973" lat="43.231447"><ele>219.5</ele></trkpt>
<trkpt lon="-4.402090" lat="43.231461"><ele>222.25</ele></trkpt>
<trkpt lon="-4.402168" lat="43.231363"><ele>223.5</ele></trkpt>
<trkpt lon="-4.402447" lat="43.231087"><ele>228.25</ele></trkpt>
<trkpt lon="-4.402511" lat="43.231003"><ele>228.25</ele></trkpt>
<trkpt lon="-4.402584" lat="43.230928"><ele>229.5</ele></trkpt>
<trkpt lon="-4.402807" lat="43.230770"><ele>232.5</ele></trkpt>
<trkpt lon="-4.402879" lat="43.230731"><ele>233.25</ele></trkpt>
<trkpt lon="-4.403061" lat="43.230655"><ele>234.75</ele></trkpt>
<trkpt lon="-4.403602" lat="43.230514"><ele>234.75</ele></trkpt>
<trkpt lon="-4.404054" lat="43.230434"><ele>236.5</ele></trkpt>
<trkpt lon="-4.404252" lat="43.230386"><ele>236.0</ele></trkpt>
<trkpt lon="-4.404586" lat="43.230269"><ele>233.0</ele></trkpt>
<trkpt lon="-4.404643" lat="43.230238"><ele>233.5</ele></trkpt>
<trkpt lon="-4.404659" lat="43.230213"><ele>234.0</ele></trkpt>
<trkpt lon="-4.404605" lat="43.230192"><ele>233.5</ele></trkpt>
<trkpt lon="-4.404533" lat="43.230197"><ele>232.5</ele></trkpt>
<trkpt lon="-4.404386" lat="43.230227"><ele>231.5</ele></trkpt>
<trkpt lon="-4.404060" lat="43.230316"><ele>231.75</ele></trkpt>
<trkpt lon="-4.403909" lat="43.230302"><ele>230.0</ele></trkpt>
<trkpt lon="-4.403950" lat="43.230277"><ele>229.25</ele></trkpt>
<trkpt lon="-4.404016" lat="43.230181"><ele>230.75</ele></trkpt>
<trkpt lon="-4.404016" lat="43.230070"><ele>232.25</ele></trkpt>
<trkpt lon="-4.403997" lat="43.230017"><ele>233.25</ele></trkpt>
<trkpt lon="-4.403958" lat="43.229968"><ele>233.25</ele></trkpt>
<trkpt lon="-4.403873" lat="43.229916"><ele>235.75</ele></trkpt>
<trkpt lon="-4.403718" lat="43.229879"><ele>236.25</ele></trkpt>
<trkpt lon="-4.403460" lat="43.229836"><ele>236.0</ele></trkpt>
<trkpt lon="-4.403369" lat="43.229800"><ele>236.5</ele></trkpt>
<trkpt lon="-4.403325" lat="43.229764"><ele>237.0</ele></trkpt>
<trkpt lon="-4.403292" lat="43.229720"><ele>238.25</ele></trkpt>
<trkpt lon="-4.403278" lat="43.229657"><ele>237.75</ele></trkpt>
<trkpt lon="-4.403288" lat="43.229596"><ele>237.75</ele></trkpt>
<trkpt lon="-4.403367" lat="43.229368"><ele>240.25</ele></trkpt>
<trkpt lon="-4.403439" lat="43.229195"><ele>242.75</ele></trkpt>
<trkpt lon="-4.403570" lat="43.228953"><ele>244.5</ele></trkpt>
<trkpt lon="-4.403726" lat="43.228736"><ele>247.0</ele></trkpt>
<trkpt lon="-4.403829" lat="43.228613"><ele>247.5</ele></trkpt>
<trkpt lon="-4.404047" lat="43.228395"><ele>250.5</ele></trkpt>
<trkpt lon="-4.404185" lat="43.228279"><ele>251.25</ele></trkpt>
<trkpt lon="-4.404492" lat="43.228048"><ele>255.25</ele></trkpt>
<trkpt lon="-4.404567" lat="43.227981"><ele>256.75</ele></trkpt>
<trkpt lon="-4.404648" lat="43.227883"><ele>257.75</ele></trkpt>
<trkpt lon="-4.404737" lat="43.227746"><ele>258.25</ele></trkpt>
<trkpt lon="-4.404901" lat="43.227453"><ele>260.5</ele></trkpt>
<trkpt lon="-4.404969" lat="43.227370"><ele>262.0</ele></trkpt>
<trkpt lon="-4.405089" lat="43.227269"><ele>263.5</ele></trkpt>
<trkpt lon="-4.405442" lat="43.227108"><ele>266.75</ele></trkpt>
<trkpt lon="-4.405625" lat="43.226982"><ele>267.75</ele></trkpt>
<trkpt lon="-4.405772" lat="43.226846"><ele>270.0</ele></trkpt>
<trkpt lon="-4.405931" lat="43.226617"><ele>271.5</ele></trkpt>
<trkpt lon="-4.406110" lat="43.226386"><ele>272.75</ele></trkpt>
<trkpt lon="-4.406157" lat="43.226313"><ele>272.75</ele></trkpt>
<trkpt lon="-4.406231" lat="43.226239"><ele>273.75</ele></trkpt>
<trkpt lon="-4.406356" lat="43.226164"><ele>276.25</ele></trkpt>
<trkpt lon="-4.406701" lat="43.225978"><ele>279.75</ele></trkpt>
<trkpt lon="-4.406827" lat="43.225886"><ele>281.0</ele></trkpt>
<trkpt lon="-4.407019" lat="43.225702"><ele>283.0</ele></trkpt>
<trkpt lon="-4.407232" lat="43.225478"><ele>285.5</ele></trkpt>
<trkpt lon="-4.407295" lat="43.225390"><ele>286.75</ele></trkpt>
<trkpt lon="-4.407404" lat="43.225187"><ele>288.25</ele></trkpt>
<trkpt lon="-4.407481" lat="43.225015"><ele>289.5</ele></trkpt>
<trkpt lon="-4.407523" lat="43.224939"><ele>289.75</ele></trkpt>
<trkpt lon="-4.407630" lat="43.224830"><ele>291.25</ele></trkpt>
<trkpt lon="-4.407752" lat="43.224726"><ele>292.25</ele></trkpt>
<trkpt lon="-4.407897" lat="43.224621"><ele>294.5</ele></trkpt>
<trkpt lon="-4.408078" lat="43.224475"><ele>296.5</ele></trkpt>
<trkpt lon="-4.408247" lat="43.224280"><ele>298.5</ele></trkpt>
<trkpt lon="-4.408388" lat="43.224133"><ele>300.25</ele></trkpt>
<trkpt lon="-4.408737" lat="43.223820"><ele>303.0</ele></trkpt>
<trkpt lon="-4.408809" lat="43.223714"><ele>303.0</ele></trkpt>
<trkpt lon="-4.408856" lat="43.223594"><ele>302.75</ele></trkpt>
<trkpt lon="-4.408858" lat="43.223456"><ele>304.0</ele></trkpt>
<trkpt lon="-4.408876" lat="43.223304"><ele>305.25</ele></trkpt>
<trkpt lon="-4.408910" lat="43.223236"><ele>305.75</ele></trkpt>
<trkpt lon="-4.408951" lat="43.223180"><ele>306.25</ele></trkpt>
<trkpt lon="-4.409073" lat="43.223102"><ele>308.25</ele></trkpt>
<trkpt lon="-4.409304" lat="43.222974"><ele>311.0</ele></trkpt>
<trkpt lon="-4.409407" lat="43.222905"><ele>312.75</ele></trkpt>
<trkpt lon="-4.409493" lat="43.222835"><ele>314.0</ele></trkpt>
<trkpt lon="-4.409805" lat="43.222550"><ele>317.0</ele></trkpt>
<trkpt lon="-4.409952" lat="43.222396"><ele>319.25</ele></trkpt>
<trkpt lon="-4.410082" lat="43.222212"><ele>319.75</ele></trkpt>
<trkpt lon="-4.410167" lat="43.222058"><ele>322.0</ele></trkpt>
<trkpt lon="-4.410182" lat="43.222006"><ele>322.75</ele></trkpt>
<trkpt lon="-4.410182" lat="43.221920"><ele>324.0</ele></trkpt>
<trkpt lon="-4.410174" lat="43.221887"><ele>324.5</ele></trkpt>
<trkpt lon="-4.410135" lat="43.221828"><ele>325.5</ele></trkpt>
<trkpt lon="-4.410016" lat="43.221768"><ele>325.5</ele></trkpt>
<trkpt lon="-4.409728" lat="43.221688"><ele>324.75</ele></trkpt>
<trkpt lon="-4.409665" lat="43.221656"><ele>325.5</ele></trkpt>
<trkpt lon="-4.409617" lat="43.221623"><ele>326.0</ele></trkpt>
<trkpt lon="-4.409532" lat="43.221519"><ele>327.25</ele></trkpt>
<trkpt lon="-4.409478" lat="43.221280"><ele>329.25</ele></trkpt>
<trkpt lon="-4.409454" lat="43.221078"><ele>329.5</ele></trkpt>
<trkpt lon="-4.409439" lat="43.220824"><ele>329.75</ele></trkpt>
<trkpt lon="-4.409446" lat="43.220609"><ele>331.5</ele></trkpt>
<trkpt lon="-4.409433" lat="43.220393"><ele>332.0</ele></trkpt>
<trkpt lon="-4.409229" lat="43.219230"><ele>338.25</ele></trkpt>
<trkpt lon="-4.409194" lat="43.218997"><ele>338.5</ele></trkpt>
<trkpt lon="-4.409194" lat="43.218817"><ele>339.25</ele></trkpt>
<trkpt lon="-4.409215" lat="43.217730"><ele>341.5</ele></trkpt>
<trkpt lon="-4.409242" lat="43.217433"><ele>343.25</ele></trkpt>
<trkpt lon="-4.409290" lat="43.217194"><ele>345.25</ele></trkpt>
<trkpt lon="-4.409358" lat="43.217013"><ele>345.5</ele></trkpt>
<trkpt lon="-4.409463" lat="43.216822"><ele>347.0</ele></trkpt>
<trkpt lon="-4.409589" lat="43.216649"><ele>348.5</ele></trkpt>
<trkpt lon="-4.409776" lat="43.216453"><ele>349.0</ele></trkpt>
<trkpt lon="-4.409921" lat="43.216335"><ele>349.5</ele></trkpt>
<trkpt lon="-4.410072" lat="43.216228"><ele>350.0</ele></trkpt>
<trkpt lon="-4.410607" lat="43.215890"><ele>354.25</ele></trkpt>
<trkpt lon="-4.410745" lat="43.215794"><ele>354.25</ele></trkpt>
<trkpt lon="-4.411158" lat="43.215479"><ele>356.5</ele></trkpt>
<trkpt lon="-4.411365" lat="43.215302"><ele>357.0</ele></trkpt>
<trkpt lon="-4.411565" lat="43.215109"><ele>359.0</ele></trkpt>
<trkpt lon="-4.411760" lat="43.214892"><ele>361.0</ele></trkpt>
<trkpt lon="-4.411910" lat="43.214690"><ele>361.25</ele></trkpt>
<trkpt lon="-4.412020" lat="43.214498"><ele>362.75</ele></trkpt>
<trkpt lon="-4.412104" lat="43.214327"><ele>363.75</ele></trkpt>
<trkpt lon="-4.412419" lat="43.213543"><ele>368.25</ele></trkpt>
<trkpt lon="-4.412466" lat="43.213442"><ele>368.5</ele></trkpt>
<trkpt lon="-4.412577" lat="43.213283"><ele>368.75</ele></trkpt>
<trkpt lon="-4.412663" lat="43.213207"><ele>369.25</ele></trkpt>
<trkpt lon="-4.412864" lat="43.213064"><ele>370.0</ele></trkpt>
<trkpt lon="-4.413102" lat="43.212946"><ele>370.25</ele></trkpt>
<trkpt lon="-4.413655" lat="43.212805"><ele>372.5</ele></trkpt>
<trkpt lon="-4.413944" lat="43.212722"><ele>371.75</ele></trkpt>
<trkpt lon="-4.415546" lat="43.212028"><ele>376.5</ele></trkpt>
<trkpt lon="-4.415716" lat="43.211947"><ele>376.0</ele></trkpt>
<trkpt lon="-4.415882" lat="43.211862"><ele>375.0</ele></trkpt>
<trkpt lon="-4.415995" lat="43.211780"><ele>374.5</ele></trkpt>
<trkpt lon="-4.416082" lat="43.211695"><ele>374.5</ele></trkpt>
<trkpt lon="-4.416139" lat="43.211614"><ele>375.25</ele></trkpt>
<trkpt lon="-4.416406" lat="43.211016"><ele>377.5</ele></trkpt>
<trkpt lon="-4.416531" lat="43.210783"><ele>377.5</ele></trkpt>
<trkpt lon="-4.416674" lat="43.210565"><ele>378.5</ele></trkpt>
<trkpt lon="-4.417320" lat="43.209723"><ele>382.5</ele></trkpt>
<trkpt lon="-4.417524" lat="43.209436"><ele>382.0</ele></trkpt>
<trkpt lon="-4.417705" lat="43.209166"><ele>384.0</ele></trkpt>
<trkpt lon="-4.417875" lat="43.208928"><ele>385.0</ele></trkpt>
<trkpt lon="-4.418015" lat="43.208686"><ele>385.0</ele></trkpt>
<trkpt lon="-4.418107" lat="43.208495"><ele>385.5</ele></trkpt>
<trkpt lon="-4.418220" lat="43.208204"><ele>385.5</ele></trkpt>
<trkpt lon="-4.418319" lat="43.207858"><ele>383.5</ele></trkpt>
<trkpt lon="-4.418366" lat="43.207652"><ele>384.25</ele></trkpt>
<trkpt lon="-4.418394" lat="43.207427"><ele>385.0</ele></trkpt>
<trkpt lon="-4.418410" lat="43.207024"><ele>384.75</ele></trkpt>
<trkpt lon="-4.418424" lat="43.206919"><ele>384.25</ele></trkpt>
<trkpt lon="-4.418505" lat="43.206811"><ele>383.25</ele></trkpt>
<trkpt lon="-4.418589" lat="43.206737"><ele>383.5</ele></trkpt>
<trkpt lon="-4.418731" lat="43.206673"><ele>383.5</ele></trkpt>
<trkpt lon="-4.418926" lat="43.206660"><ele>384.0</ele></trkpt>
<trkpt lon="-4.419055" lat="43.206680"><ele>384.5</ele></trkpt>
<trkpt lon="-4.419203" lat="43.206737"><ele>386.0</ele></trkpt>
<trkpt lon="-4.419686" lat="43.206940"><ele>384.5</ele></trkpt>
<trkpt lon="-4.420057" lat="43.207068"><ele>387.0</ele></trkpt>
<trkpt lon="-4.420205" lat="43.207098"><ele>386.0</ele></trkpt>
<trkpt lon="-4.420870" lat="43.207189"><ele>386.0</ele></trkpt>
<trkpt lon="-4.421062" lat="43.207186"><ele>384.25</ele></trkpt>
<trkpt lon="-4.421265" lat="43.207135"><ele>381.75</ele></trkpt>
<trkpt lon="-4.421646" lat="43.206980"><ele>387.0</ele></trkpt>
<trkpt lon="-4.422317" lat="43.206673"><ele>395.25</ele></trkpt>
<trkpt lon="-4.422594" lat="43.206565"><ele>398.5</ele></trkpt>
<trkpt lon="-4.423286" lat="43.206187"><ele>404.25</ele></trkpt>
<trkpt lon="-4.423448" lat="43.206130"><ele>404.5</ele></trkpt>
<trkpt lon="-4.423883" lat="43.206066"><ele>407.75</ele></trkpt>
<trkpt lon="-4.424143" lat="43.206042"><ele>409.25</ele></trkpt>
<trkpt lon="-4.424362" lat="43.206025"><ele>409.75</ele></trkpt>
<trkpt lon="-4.424700" lat="43.206015"><ele>412.5</ele></trkpt>
<trkpt lon="-4.424902" lat="43.206015"><ele>413.0</ele></trkpt>
<trkpt lon="-4.425057" lat="43.205985"><ele>413.5</ele></trkpt>
<trkpt lon="-4.425226" lat="43.205941"><ele>414.25</ele></trkpt>
<trkpt lon="-4.425509" lat="43.205894"><ele>414.5</ele></trkpt>
<trkpt lon="-4.425766" lat="43.205843"><ele>418.0</ele></trkpt>
<trkpt lon="-4.425809" lat="43.205809"><ele>419.0</ele></trkpt>
<trkpt lon="-4.425949" lat="43.205835"><ele>419.5</ele></trkpt>
<trkpt lon="-4.426074" lat="43.205826"><ele>420.75</ele></trkpt>
<trkpt lon="-4.426337" lat="43.205762"><ele>422.5</ele></trkpt>
<trkpt lon="-4.426459" lat="43.205726"><ele>424.5</ele></trkpt>
<trkpt lon="-4.426673" lat="43.205695"><ele>426.75</ele></trkpt>
<trkpt lon="-4.426793" lat="43.205666"><ele>426.5</ele></trkpt>
<trkpt lon="-4.427130" lat="43.205494"><ele>431.0</ele></trkpt>
<trkpt lon="-4.427535" lat="43.205343"><ele>435.75</ele></trkpt>
<trkpt lon="-4.427733" lat="43.205261"><ele>436.5</ele></trkpt>
<trkpt lon="-4.427951" lat="43.205205"><ele>438.25</ele></trkpt>
<trkpt lon="-4.428232" lat="43.205162"><ele>441.25</ele></trkpt>
<trkpt lon="-4.428540" lat="43.205072"><ele>443.25</ele></trkpt>
<trkpt lon="-4.428630" lat="43.205034"><ele>443.75</ele></trkpt>
<trkpt lon="-4.428654" lat="43.204985"><ele>445.25</ele></trkpt>
<trkpt lon="-4.428608" lat="43.204931"><ele>446.75</ele></trkpt>
<trkpt lon="-4.428509" lat="43.204916"><ele>447.75</ele></trkpt>
<trkpt lon="-4.428232" lat="43.204926"><ele>448.75</ele></trkpt>
<trkpt lon="-4.427725" lat="43.204966"><ele>452.0</ele></trkpt>
<trkpt lon="-4.427634" lat="43.204953"><ele>453.0</ele></trkpt>
<trkpt lon="-4.427566" lat="43.204934"><ele>454.0</ele></trkpt>
<trkpt lon="-4.427515" lat="43.204898"><ele>455.25</ele></trkpt>
<trkpt lon="-4.427500" lat="43.204824"><ele>457.25</ele></trkpt>
<trkpt lon="-4.427514" lat="43.204769"><ele>458.5</ele></trkpt>
<trkpt lon="-4.427553" lat="43.204723"><ele>459.0</ele></trkpt>
<trkpt lon="-4.427668" lat="43.204625"><ele>462.75</ele></trkpt>
<trkpt lon="-4.427796" lat="43.204537"><ele>463.0</ele></trkpt>
<trkpt lon="-4.427987" lat="43.204442"><ele>464.0</ele></trkpt>
<trkpt lon="-4.428131" lat="43.204390"><ele>467.75</ele></trkpt>
<trkpt lon="-4.428254" lat="43.204361"><ele>470.5</ele></trkpt>
<trkpt lon="-4.428473" lat="43.204348"><ele>472.25</ele></trkpt>
<trkpt lon="-4.428722" lat="43.204345"><ele>473.5</ele></trkpt>
<trkpt lon="-4.428906" lat="43.204376"><ele>473.25</ele></trkpt>
<trkpt lon="-4.429033" lat="43.204440"><ele>473.25</ele></trkpt>
<trkpt lon="-4.429152" lat="43.204526"><ele>474.25</ele></trkpt>
<trkpt lon="-4.429279" lat="43.204607"><ele>475.25</ele></trkpt>
<trkpt lon="-4.429467" lat="43.204693"><ele>476.5</ele></trkpt>
<trkpt lon="-4.429707" lat="43.204790"><ele>476.75</ele></trkpt>
<trkpt lon="-4.430107" lat="43.204916"><ele>482.0</ele></trkpt>
<trkpt lon="-4.430285" lat="43.204962"><ele>484.0</ele></trkpt>
<trkpt lon="-4.430423" lat="43.204988"><ele>484.0</ele></trkpt>
<trkpt lon="-4.430548" lat="43.205000"><ele>484.75</ele></trkpt>
<trkpt lon="-4.430751" lat="43.204998"><ele>486.5</ele></trkpt>
<trkpt lon="-4.430913" lat="43.204983"><ele>487.75</ele></trkpt>
<trkpt lon="-4.431113" lat="43.204948"><ele>489.75</ele></trkpt>
<trkpt lon="-4.431376" lat="43.204884"><ele>491.75</ele></trkpt>
<trkpt lon="-4.431551" lat="43.204832"><ele>493.5</ele></trkpt>
<trkpt lon="-4.432271" lat="43.204552"><ele>500.25</ele></trkpt>
<trkpt lon="-4.432469" lat="43.204490"><ele>501.75</ele></trkpt>
<trkpt lon="-4.433383" lat="43.204258"><ele>509.0</ele></trkpt>
<trkpt lon="-4.433607" lat="43.204190"><ele>510.75</ele></trkpt>
<trkpt lon="-4.433872" lat="43.204096"><ele>513.0</ele></trkpt>
<trkpt lon="-4.434049" lat="43.204023"><ele>514.0</ele></trkpt>
<trkpt lon="-4.434225" lat="43.203917"><ele>516.0</ele></trkpt>
<trkpt lon="-4.434316" lat="43.203848"><ele>516.75</ele></trkpt>
<trkpt lon="-4.434352" lat="43.203746"><ele>518.0</ele></trkpt>
<trkpt lon="-4.434374" lat="43.203395"><ele>522.5</ele></trkpt>
<trkpt lon="-4.434368" lat="43.203215"><ele>525.5</ele></trkpt>
<trkpt lon="-4.434398" lat="43.203087"><ele>526.25</ele></trkpt>
<trkpt lon="-4.434470" lat="43.202931"><ele>527.5</ele></trkpt>
<trkpt lon="-4.434575" lat="43.202735"><ele>530.0</ele></trkpt>
<trkpt lon="-4.434768" lat="43.202458"><ele>532.75</ele></trkpt>
<trkpt lon="-4.434899" lat="43.202208"><ele>536.75</ele></trkpt>
<trkpt lon="-4.434942" lat="43.202081"><ele>538.0</ele></trkpt>
<trkpt lon="-4.434995" lat="43.201796"><ele>541.75</ele></trkpt>
<trkpt lon="-4.435040" lat="43.201720"><ele>542.0</ele></trkpt>
<trkpt lon="-4.435288" lat="43.201448"><ele>545.5</ele></trkpt>
<trkpt lon="-4.435709" lat="43.201085"><ele>551.75</ele></trkpt>
<trkpt lon="-4.435832" lat="43.200960"><ele>552.75</ele></trkpt>
<trkpt lon="-4.435874" lat="43.200903"><ele>553.0</ele></trkpt>
<trkpt lon="-4.435997" lat="43.200709"><ele>556.5</ele></trkpt>
<trkpt lon="-4.436190" lat="43.200574"><ele>557.0</ele></trkpt>
<trkpt lon="-4.436295" lat="43.200466"><ele>558.75</ele></trkpt>
<trkpt lon="-4.436343" lat="43.200341"><ele>561.0</ele></trkpt>
<trkpt lon="-4.436417" lat="43.200251"><ele>561.5</ele></trkpt>
<trkpt lon="-4.436580" lat="43.200127"><ele>563.25</ele></trkpt>
<trkpt lon="-4.436760" lat="43.199913"><ele>567.5</ele></trkpt>
<trkpt lon="-4.436850" lat="43.199815"><ele>569.5</ele></trkpt>
<trkpt lon="-4.437036" lat="43.199670"><ele>571.5</ele></trkpt>
<trkpt lon="-4.437212" lat="43.199512"><ele>574.5</ele></trkpt>
<trkpt lon="-4.437316" lat="43.199400"><ele>576.0</ele></trkpt>
<trkpt lon="-4.437485" lat="43.199170"><ele>579.25</ele></trkpt>
<trkpt lon="-4.437763" lat="43.198868"><ele>584.0</ele></trkpt>
<trkpt lon="-4.438055" lat="43.198460"><ele>589.25</ele></trkpt>
<trkpt lon="-4.438164" lat="43.198276"><ele>592.5</ele></trkpt>
<trkpt lon="-4.438235" lat="43.198099"><ele>595.0</ele></trkpt>
<trkpt lon="-4.438300" lat="43.197903"><ele>597.0</ele></trkpt>
<trkpt lon="-4.438349" lat="43.197819"><ele>596.5</ele></trkpt>
<trkpt lon="-4.438423" lat="43.197716"><ele>598.75</ele></trkpt>
<trkpt lon="-4.438547" lat="43.197608"><ele>600.75</ele></trkpt>
<trkpt lon="-4.438723" lat="43.197473"><ele>603.75</ele></trkpt>
<trkpt lon="-4.438918" lat="43.197294"><ele>607.0</ele></trkpt>
<trkpt lon="-4.439355" lat="43.197004"><ele>608.5</ele></trkpt>
<trkpt lon="-4.439596" lat="43.196796"><ele>612.0</ele></trkpt>
<trkpt lon="-4.439827" lat="43.196584"><ele>615.0</ele></trkpt>
<trkpt lon="-4.439950" lat="43.196494"><ele>616.0</ele></trkpt>
<trkpt lon="-4.440162" lat="43.196379"><ele>618.25</ele></trkpt>
<trkpt lon="-4.440305" lat="43.196293"><ele>620.25</ele></trkpt>
<trkpt lon="-4.440502" lat="43.196144"><ele>621.75</ele></trkpt>
<trkpt lon="-4.440642" lat="43.195993"><ele>622.75</ele></trkpt>
<trkpt lon="-4.440770" lat="43.195808"><ele>624.0</ele></trkpt>
<trkpt lon="-4.440862" lat="43.195655"><ele>626.25</ele></trkpt>
<trkpt lon="-4.440950" lat="43.195534"><ele>627.75</ele></trkpt>
<trkpt lon="-4.441161" lat="43.195286"><ele>630.5</ele></trkpt>
<trkpt lon="-4.441327" lat="43.195063"><ele>634.0</ele></trkpt>
<trkpt lon="-4.441570" lat="43.194639"><ele>638.75</ele></trkpt>
<trkpt lon="-4.441697" lat="43.194442"><ele>640.25</ele></trkpt>
<trkpt lon="-4.441789" lat="43.194315"><ele>642.0</ele></trkpt>
<trkpt lon="-4.442000" lat="43.194070"><ele>645.5</ele></trkpt>
<trkpt lon="-4.442104" lat="43.193914"><ele>647.5</ele></trkpt>
<trkpt lon="-4.442221" lat="43.193583"><ele>649.5</ele></trkpt>
<trkpt lon="-4.442268" lat="43.193485"><ele>650.5</ele></trkpt>
<trkpt lon="-4.442433" lat="43.193241"><ele>653.5</ele></trkpt>
<trkpt lon="-4.442564" lat="43.193019"><ele>655.5</ele></trkpt>
<trkpt lon="-4.442980" lat="43.192488"><ele>661.75</ele></trkpt>
<trkpt lon="-4.443110" lat="43.192350"><ele>664.0</ele></trkpt>
<trkpt lon="-4.443254" lat="43.192239"><ele>665.5</ele></trkpt>
<trkpt lon="-4.443405" lat="43.192145"><ele>666.5</ele></trkpt>
<trkpt lon="-4.443577" lat="43.192009"><ele>667.75</ele></trkpt>
<trkpt lon="-4.443970" lat="43.191618"><ele>672.5</ele></trkpt>
<trkpt lon="-4.444121" lat="43.191439"><ele>674.5</ele></trkpt>
<trkpt lon="-4.444623" lat="43.190997"><ele>678.25</ele></trkpt>
<trkpt lon="-4.444746" lat="43.190874"><ele>678.75</ele></trkpt>
<trkpt lon="-4.444829" lat="43.190812"><ele>679.5</ele></trkpt>
<trkpt lon="-4.444931" lat="43.190762"><ele>680.5</ele></trkpt>
<trkpt lon="-4.445231" lat="43.190657"><ele>683.5</ele></trkpt>
<trkpt lon="-4.445313" lat="43.190603"><ele>684.0</ele></trkpt>
<trkpt lon="-4.445386" lat="43.190486"><ele>685.25</ele></trkpt>
<trkpt lon="-4.445484" lat="43.190243"><ele>687.75</ele></trkpt>
<trkpt lon="-4.445567" lat="43.189991"><ele>689.5</ele></trkpt>
<trkpt lon="-4.445681" lat="43.189742"><ele>691.25</ele></trkpt>
<trkpt lon="-4.446031" lat="43.189237"><ele>696.0</ele></trkpt>
<trkpt lon="-4.446152" lat="43.189084"><ele>698.0</ele></trkpt>
<trkpt lon="-4.446302" lat="43.188939"><ele>700.0</ele></trkpt>
<trkpt lon="-4.446486" lat="43.188795"><ele>701.75</ele></trkpt>
<trkpt lon="-4.446792" lat="43.188632"><ele>703.25</ele></trkpt>
<trkpt lon="-4.447219" lat="43.188371"><ele>703.75</ele></trkpt>
<trkpt lon="-4.447701" lat="43.187906"><ele>702.5</ele></trkpt>
<trkpt lon="-4.447930" lat="43.187721"><ele>704.5</ele></trkpt>
<trkpt lon="-4.448003" lat="43.187653"><ele>705.75</ele></trkpt>
<trkpt lon="-4.448051" lat="43.187589"><ele>706.5</ele></trkpt>
<trkpt lon="-4.448126" lat="43.187471"><ele>708.5</ele></trkpt>
<trkpt lon="-4.448164" lat="43.187373"><ele>709.5</ele></trkpt>
<trkpt lon="-4.448168" lat="43.187242"><ele>710.0</ele></trkpt>
<trkpt lon="-4.448146" lat="43.187032"><ele>713.0</ele></trkpt>
<trkpt lon="-4.448155" lat="43.186936"><ele>714.5</ele></trkpt>
<trkpt lon="-4.448188" lat="43.186867"><ele>714.5</ele></trkpt>
<trkpt lon="-4.448245" lat="43.186818"><ele>715.0</ele></trkpt>
<trkpt lon="-4.448419" lat="43.186750"><ele>716.5</ele></trkpt>
<trkpt lon="-4.448593" lat="43.186692"><ele>718.25</ele></trkpt>
<trkpt lon="-4.448696" lat="43.186635"><ele>719.75</ele></trkpt>
<trkpt lon="-4.449017" lat="43.186326"><ele>722.25</ele></trkpt>
<trkpt lon="-4.449213" lat="43.186098"><ele>724.5</ele></trkpt>
<trkpt lon="-4.449409" lat="43.185893"><ele>727.25</ele></trkpt>
<trkpt lon="-4.449748" lat="43.185605"><ele>731.5</ele></trkpt>
<trkpt lon="-4.450008" lat="43.185351"><ele>735.25</ele></trkpt>
<trkpt lon="-4.450323" lat="43.185101"><ele>738.75</ele></trkpt>
<trkpt lon="-4.450503" lat="43.184939"><ele>740.75</ele></trkpt>
<trkpt lon="-4.450668" lat="43.184772"><ele>743.0</ele></trkpt>
<trkpt lon="-4.451001" lat="43.184375"><ele>745.75</ele></trkpt>
<trkpt lon="-4.451084" lat="43.184258"><ele>747.0</ele></trkpt>
<trkpt lon="-4.451236" lat="43.183928"><ele>750.0</ele></trkpt>
<trkpt lon="-4.451331" lat="43.183789"><ele>751.75</ele></trkpt>
<trkpt lon="-4.451430" lat="43.183688"><ele>752.5</ele></trkpt>
<trkpt lon="-4.451582" lat="43.183610"><ele>752.5</ele></trkpt>
<trkpt lon="-4.451963" lat="43.183472"><ele>753.75</ele></trkpt>
<trkpt lon="-4.452160" lat="43.183329"><ele>754.0</ele></trkpt>
<trkpt lon="-4.452266" lat="43.183221"><ele>756.0</ele></trkpt>
<trkpt lon="-4.452337" lat="43.183138"><ele>756.25</ele></trkpt>
<trkpt lon="-4.452621" lat="43.182721"><ele>760.25</ele></trkpt>
<trkpt lon="-4.452739" lat="43.182562"><ele>762.25</ele></trkpt>
<trkpt lon="-4.452891" lat="43.182423"><ele>764.5</ele></trkpt>
<trkpt lon="-4.452993" lat="43.182353"><ele>765.75</ele></trkpt>
<trkpt lon="-4.453136" lat="43.182267"><ele>767.25</ele></trkpt>
<trkpt lon="-4.453321" lat="43.182178"><ele>768.25</ele></trkpt>
<trkpt lon="-4.453431" lat="43.182105"><ele>769.5</ele></trkpt>
<trkpt lon="-4.453558" lat="43.182002"><ele>771.25</ele></trkpt>
<trkpt lon="-4.453773" lat="43.181762"><ele>773.25</ele></trkpt>
<trkpt lon="-4.454023" lat="43.181518"><ele>774.75</ele></trkpt>
<trkpt lon="-4.454320" lat="43.181206"><ele>777.75</ele></trkpt>
<trkpt lon="-4.454405" lat="43.181137"><ele>778.0</ele></trkpt>
<trkpt lon="-4.454478" lat="43.181096"><ele>778.25</ele></trkpt>
<trkpt lon="-4.454555" lat="43.181071"><ele>778.5</ele></trkpt>
<trkpt lon="-4.454696" lat="43.181045"><ele>778.75</ele></trkpt>
<trkpt lon="-4.454892" lat="43.181022"><ele>780.5</ele></trkpt>
<trkpt lon="-4.455152" lat="43.181024"><ele>782.25</ele></trkpt>
<trkpt lon="-4.455372" lat="43.181041"><ele>783.75</ele></trkpt>
<trkpt lon="-4.455544" lat="43.181047"><ele>785.0</ele></trkpt>
<trkpt lon="-4.455693" lat="43.181044"><ele>785.75</ele></trkpt>
<trkpt lon="-4.456151" lat="43.180887"><ele>789.75</ele></trkpt>
<trkpt lon="-4.456437" lat="43.180833"><ele>792.0</ele></trkpt>
<trkpt lon="-4.457056" lat="43.180741"><ele>795.25</ele></trkpt>
<trkpt lon="-4.457317" lat="43.180728"><ele>797.25</ele></trkpt>
<trkpt lon="-4.457767" lat="43.180757"><ele>801.5</ele></trkpt>
<trkpt lon="-4.458112" lat="43.180747"><ele>803.5</ele></trkpt>
<trkpt lon="-4.458356" lat="43.180754"><ele>805.25</ele></trkpt>
<trkpt lon="-4.458424" lat="43.180763"><ele>805.5</ele></trkpt>
<trkpt lon="-4.458519" lat="43.180787"><ele>805.75</ele></trkpt>
<trkpt lon="-4.458755" lat="43.180842"><ele>806.75</ele></trkpt>
<trkpt lon="-4.459005" lat="43.180867"><ele>807.5</ele></trkpt>
<trkpt lon="-4.459199" lat="43.180871"><ele>808.25</ele></trkpt>
<trkpt lon="-4.459401" lat="43.180849"><ele>809.5</ele></trkpt>
<trkpt lon="-4.459582" lat="43.180809"><ele>810.75</ele></trkpt>
<trkpt lon="-4.459778" lat="43.180720"><ele>811.75</ele></trkpt>
<trkpt lon="-4.459910" lat="43.180636"><ele>812.75</ele></trkpt>
<trkpt lon="-4.460007" lat="43.180545"><ele>816.0</ele></trkpt>
<trkpt lon="-4.460067" lat="43.180441"><ele>817.25</ele></trkpt>
<trkpt lon="-4.460095" lat="43.180318"><ele>819.0</ele></trkpt>
<trkpt lon="-4.460074" lat="43.180182"><ele>820.5</ele></trkpt>
<trkpt lon="-4.460031" lat="43.180107"><ele>821.0</ele></trkpt>
<trkpt lon="-4.459977" lat="43.180050"><ele>821.25</ele></trkpt>
<trkpt lon="-4.459886" lat="43.179999"><ele>822.0</ele></trkpt>
<trkpt lon="-4.459458" lat="43.179843"><ele>825.5</ele></trkpt>
<trkpt lon="-4.458160" lat="43.179389"><ele>834.75</ele></trkpt>
<trkpt lon="-4.457955" lat="43.179303"><ele>836.5</ele></trkpt>
<trkpt lon="-4.457743" lat="43.179198"><ele>838.0</ele></trkpt>
<trkpt lon="-4.457587" lat="43.179113"><ele>839.25</ele></trkpt>
<trkpt lon="-4.457464" lat="43.179030"><ele>840.0</ele></trkpt>
<trkpt lon="-4.457407" lat="43.178978"><ele>840.25</ele></trkpt>
<trkpt lon="-4.457368" lat="43.178909"><ele>840.75</ele></trkpt>
<trkpt lon="-4.457359" lat="43.178841"><ele>841.0</ele></trkpt>
<trkpt lon="-4.457373" lat="43.178757"><ele>841.25</ele></trkpt>
<trkpt lon="-4.457416" lat="43.178659"><ele>842.5</ele></trkpt>
<trkpt lon="-4.457440" lat="43.178563"><ele>844.0</ele></trkpt>
<trkpt lon="-4.457450" lat="43.178458"><ele>845.25</ele></trkpt>
<trkpt lon="-4.457432" lat="43.178357"><ele>846.0</ele></trkpt>
<trkpt lon="-4.457399" lat="43.178269"><ele>846.75</ele></trkpt>
<trkpt lon="-4.457335" lat="43.178173"><ele>847.5</ele></trkpt>
<trkpt lon="-4.457133" lat="43.177926"><ele>848.5</ele></trkpt>
<trkpt lon="-4.456922" lat="43.177640"><ele>849.5</ele></trkpt>
<trkpt lon="-4.456713" lat="43.177383"><ele>851.25</ele></trkpt>
<trkpt lon="-4.456414" lat="43.176898"><ele>853.75</ele></trkpt>
<trkpt lon="-4.456242" lat="43.176521"><ele>855.5</ele></trkpt>
<trkpt lon="-4.456188" lat="43.176431"><ele>856.0</ele></trkpt>
<trkpt lon="-4.456126" lat="43.176377"><ele>856.25</ele></trkpt>
<trkpt lon="-4.456047" lat="43.176338"><ele>856.75</ele></trkpt>
<trkpt lon="-4.455903" lat="43.176295"><ele>857.0</ele></trkpt>
<trkpt lon="-4.455735" lat="43.176273"><ele>857.75</ele></trkpt>
<trkpt lon="-4.455217" lat="43.176217"><ele>860.75</ele></trkpt>
<trkpt lon="-4.455086" lat="43.176180"><ele>860.75</ele></trkpt>
<trkpt lon="-4.454965" lat="43.176111"><ele>860.25</ele></trkpt>
<trkpt lon="-4.454869" lat="43.176021"><ele>860.75</ele></trkpt>
<trkpt lon="-4.454779" lat="43.175914"><ele>861.75</ele></trkpt>
<trkpt lon="-4.454708" lat="43.175860"><ele>862.0</ele></trkpt>
<trkpt lon="-4.454605" lat="43.175804"><ele>861.75</ele></trkpt>
<trkpt lon="-4.454353" lat="43.175737"><ele>861.0</ele></trkpt>
<trkpt lon="-4.453731" lat="43.175602"><ele>862.25</ele></trkpt>
<trkpt lon="-4.453327" lat="43.175545"><ele>864.0</ele></trkpt>
<trkpt lon="-4.453251" lat="43.175518"><ele>864.25</ele></trkpt>
<trkpt lon="-4.453149" lat="43.175463"><ele>864.25</ele></trkpt>
<trkpt lon="-4.453065" lat="43.175385"><ele>864.25</ele></trkpt>
<trkpt lon="-4.453028" lat="43.175299"><ele>864.25</ele></trkpt>
<trkpt lon="-4.453020" lat="43.175251"><ele>864.25</ele></trkpt>
<trkpt lon="-4.453032" lat="43.175194"><ele>864.0</ele></trkpt>
<trkpt lon="-4.453066" lat="43.175092"><ele>864.5</ele></trkpt>
<trkpt lon="-4.453130" lat="43.174972"><ele>865.5</ele></trkpt>
<trkpt lon="-4.453214" lat="43.174643"><ele>866.0</ele></trkpt>
<trkpt lon="-4.453249" lat="43.174556"><ele>866.25</ele></trkpt>
<trkpt lon="-4.453296" lat="43.174475"><ele>867.0</ele></trkpt>
<trkpt lon="-4.453419" lat="43.174372"><ele>868.5</ele></trkpt>
<trkpt lon="-4.453471" lat="43.174346"><ele>868.75</ele></trkpt>
<trkpt lon="-4.453627" lat="43.174286"><ele>870.0</ele></trkpt>
<trkpt lon="-4.453697" lat="43.174233"><ele>869.75</ele></trkpt>
<trkpt lon="-4.453918" lat="43.173926"><ele>869.5</ele></trkpt>
<trkpt lon="-4.454032" lat="43.173814"><ele>870.25</ele></trkpt>
<trkpt lon="-4.454074" lat="43.173750"><ele>870.25</ele></trkpt>
<trkpt lon="-4.454135" lat="43.173764"><ele>871.5</ele></trkpt>
<trkpt lon="-4.454273" lat="43.173827"><ele>874.0</ele></trkpt>
<trkpt lon="-4.454589" lat="43.173821"><ele>879.0</ele></trkpt>
<trkpt lon="-4.454758" lat="43.173784"><ele>881.5</ele></trkpt>
<trkpt lon="-4.454930" lat="43.173755"><ele>884.0</ele></trkpt>
<trkpt lon="-4.455242" lat="43.173835"><ele>889.5</ele></trkpt>
<trkpt lon="-4.455583" lat="43.173901"><ele>896.25</ele></trkpt>
<trkpt lon="-4.455708" lat="43.174034"><ele>898.25</ele></trkpt>
<trkpt lon="-4.456065" lat="43.174157"><ele>905.0</ele></trkpt>
<trkpt lon="-4.456410" lat="43.174289"><ele>912.5</ele></trkpt>
<trkpt lon="-4.456692" lat="43.174316"><ele>918.75</ele></trkpt>
<trkpt lon="-4.456965" lat="43.174194"><ele>925.0</ele></trkpt>
<trkpt lon="-4.457194" lat="43.174005"><ele>931.0</ele></trkpt>
<trkpt lon="-4.457345" lat="43.173353"><ele>934.25</ele></trkpt>
<trkpt lon="-4.457564" lat="43.173113"><ele>941.25</ele></trkpt>
<trkpt lon="-4.457736" lat="43.172852"><ele>945.25</ele></trkpt>
<trkpt lon="-4.457529" lat="43.172645"><ele>944.5</ele></trkpt>
<trkpt lon="-4.457514" lat="43.172510"><ele>946.0</ele></trkpt>
<trkpt lon="-4.456964" lat="43.172228"><ele>946.75</ele></trkpt>
<trkpt lon="-4.456849" lat="43.171960"><ele>946.5</ele></trkpt>
<trkpt lon="-4.457262" lat="43.171903"><ele>951.75</ele></trkpt>
<trkpt lon="-4.458612" lat="43.171554"><ele>980.25</ele></trkpt>
<trkpt lon="-4.458684" lat="43.171254"><ele>990.0</ele></trkpt>
<trkpt lon="-4.459133" lat="43.171203"><ele>1000.0</ele></trkpt>
<trkpt lon="-4.459579" lat="43.171114"><ele>1011.25</ele></trkpt>
<trkpt lon="-4.459885" lat="43.170844"><ele>1024.5</ele></trkpt>
<trkpt lon="-4.460199" lat="43.170770"><ele>1032.5</ele></trkpt>
<trkpt lon="-4.460476" lat="43.170719"><ele>1038.5</ele></trkpt>
<trkpt lon="-4.460955" lat="43.170588"><ele>1049.25</ele></trkpt>
<trkpt lon="-4.461264" lat="43.170521"><ele>1056.75</ele></trkpt>
<trkpt lon="-4.461524" lat="43.170306"><ele>1063.5</ele></trkpt>
<trkpt lon="-4.461985" lat="43.170227"><ele>1073.0</ele></trkpt>
<trkpt lon="-4.461971" lat="43.169985"><ele>1080.25</ele></trkpt>
<trkpt lon="-4.461867" lat="43.169792"><ele>1086.25</ele></trkpt>
<trkpt lon="-4.462233" lat="43.169714"><ele>1101.5</ele></trkpt>
<trkpt lon="-4.462439" lat="43.169659"><ele>1108.25</ele></trkpt>
<trkpt lon="-4.462215" lat="43.169455"><ele>1114.0</ele></trkpt>
<trkpt lon="-4.462052" lat="43.169320"><ele>1113.5</ele></trkpt>
<trkpt lon="-4.462060" lat="43.169202"><ele>1119.0</ele></trkpt>
<trkpt lon="-4.462191" lat="43.169160"><ele>1125.0</ele></trkpt>
<trkpt lon="-4.462450" lat="43.168920"><ele>1140.25</ele></trkpt>
<trkpt lon="-4.462855" lat="43.168895"><ele>1150.25</ele></trkpt>
<trkpt lon="-4.463182" lat="43.168795"><ele>1161.25</ele></trkpt>
<trkpt lon="-4.463420" lat="43.168795"><ele>1164.5</ele></trkpt>
<trkpt lon="-4.463418" lat="43.168693"><ele>1170.25</ele></trkpt>
<trkpt lon="-4.463352" lat="43.168469"><ele>1180.75</ele></trkpt>
<trkpt lon="-4.463420" lat="43.168337"><ele>1188.5</ele></trkpt>
<trkpt lon="-4.463577" lat="43.168250"><ele>1194.5</ele></trkpt>
<trkpt lon="-4.463878" lat="43.168138"><ele>1204.25</ele></trkpt>
<trkpt lon="-4.464125" lat="43.168089"><ele>1210.5</ele></trkpt>
<trkpt lon="-4.464457" lat="43.168062"><ele>1216.5</ele></trkpt>
<trkpt lon="-4.464667" lat="43.168035"><ele>1219.25</ele></trkpt>
<trkpt lon="-4.464689" lat="43.167888"><ele>1224.75</ele></trkpt>
<trkpt lon="-4.464806" lat="43.167849"><ele>1228.5</ele></trkpt>
<trkpt lon="-4.465094" lat="43.167834"><ele>1233.0</ele></trkpt>
<trkpt lon="-4.465238" lat="43.167786"><ele>1236.25</ele></trkpt>
<trkpt lon="-4.465446" lat="43.167739"><ele>1238.75</ele></trkpt>
<trkpt lon="-4.465709" lat="43.167663"><ele>1243.25</ele></trkpt>
<trkpt lon="-4.465846" lat="43.167641"><ele>1245.75</ele></trkpt>
<trkpt lon="-4.466057" lat="43.167497"><ele>1255.25</ele></trkpt>
<trkpt lon="-4.466341" lat="43.167417"><ele>1257.0</ele></trkpt>
<trkpt lon="-4.466683" lat="43.167374"><ele>1262.0</ele></trkpt>
<trkpt lon="-4.466848" lat="43.167273"><ele>1268.5</ele></trkpt>
<trkpt lon="-4.467244" lat="43.167221"><ele>1275.0</ele></trkpt>
<trkpt lon="-4.467514" lat="43.167099"><ele>1279.25</ele></trkpt>
<trkpt lon="-4.467807" lat="43.167039"><ele>1285.5</ele></trkpt>
<trkpt lon="-4.468017" lat="43.166892"><ele>1291.25</ele></trkpt>
<trkpt lon="-4.468238" lat="43.166814"><ele>1293.75</ele></trkpt>
<trkpt lon="-4.468864" lat="43.166661"><ele>1307.25</ele></trkpt>
<trkpt lon="-4.469097" lat="43.166620"><ele>1310.5</ele></trkpt>
<trkpt lon="-4.469215" lat="43.166487"><ele>1312.75</ele></trkpt>
<trkpt lon="-4.469708" lat="43.166243"><ele>1328.75</ele></trkpt>
<trkpt lon="-4.469962" lat="43.166146"><ele>1339.5</ele></trkpt>
<trkpt lon="-4.470201" lat="43.166076"><ele>1350.25</ele></trkpt>
<trkpt lon="-4.470606" lat="43.166079"><ele>1368.75</ele></trkpt>
<trkpt lon="-4.470770" lat="43.166117"><ele>1375.0</ele></trkpt>
<trkpt lon="-4.470907" lat="43.166099"><ele>1380.5</ele></trkpt>
<trkpt lon="-4.471154" lat="43.166030"><ele>1390.0</ele></trkpt>
<trkpt lon="-4.471577" lat="43.165965"><ele>1400.75</ele></trkpt>
<trkpt lon="-4.471737" lat="43.165900"><ele>1404.75</ele></trkpt>
<trkpt lon="-4.471867" lat="43.165767"><ele>1411.0</ele></trkpt>
<trkpt lon="-4.471875" lat="43.165644"><ele>1415.5</ele></trkpt>
<trkpt lon="-4.471867" lat="43.165482"><ele>1419.0</ele></trkpt>
<trkpt lon="-4.471938" lat="43.165343"><ele>1422.0</ele></trkpt>
<trkpt lon="-4.472186" lat="43.165289"><ele>1428.75</ele></trkpt>
<trkpt lon="-4.472368" lat="43.165136"><ele>1432.25</ele></trkpt>
<trkpt lon="-4.472443" lat="43.164972"><ele>1435.0</ele></trkpt>
<trkpt lon="-4.472497" lat="43.164801"><ele>1436.75</ele></trkpt>
<trkpt lon="-4.472514" lat="43.164670"><ele>1436.25</ele></trkpt>
<trkpt lon="-4.472523" lat="43.164513"><ele>1432.75</ele></trkpt>
<trkpt lon="-4.472618" lat="43.164383"><ele>1434.5</ele></trkpt>
<trkpt lon="-4.472734" lat="43.164241"><ele>1436.75</ele></trkpt>
<trkpt lon="-4.472860" lat="43.164023"><ele>1439.25</ele></trkpt>
<trkpt lon="-4.472896" lat="43.163904"><ele>1439.0</ele></trkpt>
<trkpt lon="-4.472926" lat="43.163855"><ele>1440.25</ele></trkpt>
<trkpt lon="-4.472912" lat="43.163760"><ele>1439.5</ele></trkpt>
<trkpt lon="-4.472863" lat="43.163658"><ele>1436.5</ele></trkpt>
<trkpt lon="-4.472873" lat="43.163577"><ele>1437.25</ele></trkpt>
<trkpt lon="-4.472871" lat="43.163528"><ele>1437.25</ele></trkpt>
<trkpt lon="-4.472846" lat="43.163458"><ele>1436.25</ele></trkpt>
<trkpt lon="-4.472871" lat="43.163376"><ele>1437.75</ele></trkpt>
<trkpt lon="-4.472871" lat="43.163301"><ele>1437.75</ele></trkpt>
<trkpt lon="-4.472957" lat="43.163186"><ele>1441.75</ele></trkpt>
<trkpt lon="-4.472998" lat="43.163066"><ele>1444.0</ele></trkpt>
<trkpt lon="-4.473038" lat="43.163004"><ele>1445.5</ele></trkpt>
<trkpt lon="-4.473054" lat="43.162932"><ele>1445.5</ele></trkpt>
<trkpt lon="-4.473109" lat="43.162851"><ele>1447.25</ele></trkpt>
<trkpt lon="-4.473110" lat="43.162709"><ele>1446.5</ele></trkpt>
<trkpt lon="-4.473093" lat="43.162579"><ele>1445.75</ele></trkpt>
<trkpt lon="-4.473040" lat="43.162546"><ele>1443.25</ele></trkpt>
<trkpt lon="-4.472997" lat="43.162532"><ele>1441.25</ele></trkpt>
<trkpt lon="-4.472969" lat="43.162469"><ele>1440.25</ele></trkpt>
<trkpt lon="-4.472925" lat="43.162333"><ele>1440.5</ele></trkpt>
<trkpt lon="-4.472934" lat="43.162247"><ele>1442.25</ele></trkpt>
<trkpt lon="-4.472970" lat="43.162162"><ele>1446.0</ele></trkpt>
<trkpt lon="-4.472970" lat="43.162107"><ele>1447.25</ele></trkpt>
<trkpt lon="-4.472932" lat="43.162038"><ele>1447.25</ele></trkpt>
<trkpt lon="-4.472862" lat="43.161947"><ele>1446.5</ele></trkpt>
<trkpt lon="-4.472680" lat="43.161769"><ele>1446.75</ele></trkpt>
<trkpt lon="-4.472604" lat="43.161733"><ele>1447.25</ele></trkpt>
<trkpt lon="-4.472549" lat="43.161718"><ele>1447.25</ele></trkpt>
<trkpt lon="-4.472529" lat="43.161653"><ele>1450.25</ele></trkpt>
<trkpt lon="-4.472573" lat="43.161557"><ele>1452.5</ele></trkpt>
<trkpt lon="-4.472659" lat="43.161471"><ele>1455.75</ele></trkpt>
<trkpt lon="-4.472665" lat="43.161388"><ele>1458.0</ele></trkpt>
<trkpt lon="-4.472715" lat="43.161268"><ele>1468.0</ele></trkpt>
<trkpt lon="-4.472789" lat="43.161198"><ele>1474.25</ele></trkpt>
<trkpt lon="-4.472682" lat="43.161101"><ele>1479.5</ele></trkpt>
<trkpt lon="-4.472599" lat="43.161062"><ele>1480.75</ele></trkpt>
<trkpt lon="-4.472511" lat="43.161049"><ele>1480.25</ele></trkpt>
<trkpt lon="-4.472280" lat="43.160978"><ele>1479.25</ele></trkpt>
<trkpt lon="-4.472136" lat="43.160873"><ele>1483.75</ele></trkpt>
<trkpt lon="-4.472038" lat="43.160792"><ele>1487.0</ele></trkpt>
<trkpt lon="-4.471936" lat="43.160693"><ele>1490.25</ele></trkpt>
<trkpt lon="-4.471908" lat="43.160567"><ele>1496.0</ele></trkpt>
<trkpt lon="-4.472012" lat="43.160456"><ele>1496.25</ele></trkpt>
<trkpt lon="-4.472300" lat="43.160222"><ele>1495.75</ele></trkpt>
<trkpt lon="-4.472582" lat="43.160033"><ele>1496.5</ele></trkpt>
<trkpt lon="-4.472959" lat="43.159866"><ele>1500.25</ele></trkpt>
<trkpt lon="-4.473321" lat="43.159810"><ele>1505.0</ele></trkpt>
<trkpt lon="-4.473586" lat="43.159882"><ele>1514.0</ele></trkpt>
<trkpt lon="-4.473794" lat="43.159899"><ele>1520.75</ele></trkpt>
<trkpt lon="-4.474010" lat="43.159847"><ele>1525.25</ele></trkpt>
<trkpt lon="-4.474150" lat="43.159807"><ele>1527.75</ele></trkpt>
<trkpt lon="-4.474273" lat="43.159690"><ele>1529.75</ele></trkpt>
<trkpt lon="-4.474437" lat="43.159437"><ele>1534.0</ele></trkpt>
<trkpt lon="-4.474460" lat="43.159246"><ele>1540.0</ele></trkpt>
<trkpt lon="-4.474503" lat="43.159157"><ele>1543.0</ele></trkpt>
<trkpt lon="-4.474622" lat="43.159039"><ele>1550.0</ele></trkpt>
<trkpt lon="-4.474732" lat="43.159008"><ele>1553.75</ele></trkpt>
<trkpt lon="-4.474780" lat="43.158986"><ele>1556.25</ele></trkpt>
<trkpt lon="-4.474774" lat="43.158942"><ele>1558.25</ele></trkpt>
<trkpt lon="-4.474637" lat="43.158847"><ele>1558.5</ele></trkpt>
<trkpt lon="-4.474621" lat="43.158801"><ele>1560.0</ele></trkpt>
<trkpt lon="-4.474613" lat="43.158718"><ele>1563.5</ele></trkpt>
<trkpt lon="-4.474570" lat="43.158639"><ele>1566.5</ele></trkpt>
<trkpt lon="-4.474577" lat="43.158549"><ele>1568.75</ele></trkpt>
<trkpt lon="-4.474535" lat="43.158450"><ele>1570.25</ele></trkpt>
<trkpt lon="-4.474464" lat="43.158411"><ele>1570.5</ele></trkpt>
<trkpt lon="-4.474426" lat="43.158390"><ele>1571.0</ele></trkpt>
<trkpt lon="-4.474276" lat="43.158207"><ele>1573.0</ele></trkpt>
<trkpt lon="-4.474259" lat="43.158110"><ele>1573.25</ele></trkpt>
<trkpt lon="-4.474361" lat="43.157909"><ele>1576.0</ele></trkpt>
<trkpt lon="-4.474448" lat="43.157793"><ele>1579.5</ele></trkpt>
<trkpt lon="-4.474521" lat="43.157672"><ele>1585.25</ele></trkpt>
<trkpt lon="-4.474619" lat="43.157614"><ele>1589.0</ele></trkpt>
<trkpt lon="-4.474699" lat="43.157503"><ele>1595.5</ele></trkpt>
<trkpt lon="-4.474878" lat="43.157382"><ele>1602.5</ele></trkpt>
<trkpt lon="-4.475215" lat="43.156930"><ele>1629.25</ele></trkpt>
<trkpt lon="-4.475144" lat="43.156800"><ele>1637.5</ele></trkpt>
<trkpt lon="-4.475071" lat="43.156717"><ele>1642.75</ele></trkpt>
<trkpt lon="-4.474783" lat="43.156609"><ele>1648.75</ele></trkpt>
<trkpt lon="-4.474691" lat="43.156555"><ele>1651.75</ele></trkpt>
<trkpt lon="-4.474690" lat="43.156524"><ele>1654.0</ele></trkpt>
<trkpt lon="-4.474801" lat="43.156522"><ele>1655.5</ele></trkpt>
<trkpt lon="-4.474978" lat="43.156507"><ele>1658.25</ele></trkpt>
<trkpt lon="-4.475218" lat="43.156441"><ele>1665.25</ele></trkpt>
<trkpt lon="-4.475551" lat="43.156308"><ele>1679.25</ele></trkpt>
<trkpt lon="-4.475678" lat="43.156246"><ele>1686.75</ele></trkpt>
<trkpt lon="-4.475752" lat="43.156186"><ele>1691.5</ele></trkpt>
<trkpt lon="-4.475875" lat="43.156130"><ele>1696.25</ele></trkpt>
<trkpt lon="-4.476044" lat="43.156087"><ele>1702.5</ele></trkpt>
<trkpt lon="-4.476213" lat="43.156066"><ele>1708.5</ele></trkpt>
<trkpt lon="-4.476411" lat="43.156062"><ele>1714.5</ele></trkpt>
<trkpt lon="-4.476586" lat="43.156111"><ele>1716.25</ele></trkpt>
<trkpt lon="-4.476921" lat="43.156116"><ele>1726.0</ele></trkpt>
<trkpt lon="-4.477103" lat="43.156112"><ele>1733.25</ele></trkpt>
<trkpt lon="-4.477510" lat="43.155990"><ele>1751.75</ele></trkpt>
<trkpt lon="-4.477868" lat="43.155932"><ele>1762.5</ele></trkpt>
<trkpt lon="-4.478126" lat="43.155927"><ele>1769.0</ele></trkpt>
<trkpt lon="-4.478390" lat="43.155943"><ele>1776.5</ele></trkpt>
<trkpt lon="-4.478773" lat="43.155995"><ele>1788.0</ele></trkpt>
<trkpt lon="-4.479001" lat="43.155952"><ele>1793.5</ele></trkpt>
<trkpt lon="-4.479296" lat="43.155959"><ele>1801.0</ele></trkpt>
<trkpt lon="-4.480201" lat="43.155928"><ele>1824.75</ele></trkpt>
<trkpt lon="-4.480498" lat="43.155895"><ele>1835.25</ele></trkpt>
<trkpt lon="-4.480464" lat="43.155806"><ele>1836.5</ele></trkpt>
<trkpt lon="-4.480477" lat="43.155720"><ele>1840.25</ele></trkpt>
<trkpt lon="-4.480591" lat="43.155716"><ele>1844.5</ele></trkpt>
<trkpt lon="-4.480593" lat="43.155628"><ele>1847.75</ele></trkpt>
<trkpt lon="-4.480585" lat="43.155567"><ele>1849.5</ele></trkpt>
<trkpt lon="-4.480396" lat="43.155435"><ele>1848.5</ele></trkpt>
<trkpt lon="-4.480246" lat="43.155363"><ele>1846.5</ele></trkpt>
<trkpt lon="-4.480339" lat="43.155370"><ele>1849.25</ele></trkpt>
<trkpt lon="-4.480302" lat="43.155334"><ele>1849.5</ele></trkpt>
<trkpt lon="-4.480378" lat="43.155328"><ele>1852.25</ele></trkpt>
<trkpt lon="-4.480348" lat="43.155300"><ele>1852.25</ele></trkpt>
<trkpt lon="-4.480438" lat="43.155299"><ele>1855.25</ele></trkpt>
<trkpt lon="-4.480534" lat="43.155326"><ele>1857.25</ele></trkpt>
<trkpt lon="-4.480607" lat="43.155360"><ele>1858.75</ele></trkpt>
<trkpt lon="-4.480812" lat="43.155411"><ele>1864.75</ele></trkpt>
<trkpt lon="-4.480834" lat="43.155381"><ele>1866.75</ele></trkpt>
<trkpt lon="-4.480955" lat="43.155401"><ele>1871.75</ele></trkpt>
<trkpt lon="-4.481066" lat="43.155410"><ele>1876.5</ele></trkpt>
<trkpt lon="-4.481105" lat="43.155425"><ele>1877.75</ele></trkpt>
<trkpt lon="-4.481146" lat="43.155458"><ele>1878.5</ele></trkpt>
<trkpt lon="-4.481194" lat="43.155470"><ele>1880.25</ele></trkpt>
<trkpt lon="-4.481232" lat="43.155456"><ele>1882.75</ele></trkpt>
<trkpt lon="-4.481255" lat="43.155234"><ele>1893.75</ele></trkpt>
<trkpt lon="-4.481255" lat="43.155173"><ele>1897.0</ele></trkpt>
<trkpt lon="-4.481307" lat="43.155160"><ele>1900.5</ele></trkpt>
<trkpt lon="-4.481392" lat="43.155168"><ele>1904.5</ele></trkpt>
<trkpt lon="-4.481401" lat="43.155143"><ele>1906.5</ele></trkpt>
<trkpt lon="-4.481280" lat="43.154964"><ele>1909.0</ele></trkpt>
<trkpt lon="-4.481261" lat="43.154906"><ele>1911.5</ele></trkpt>
<trkpt lon="-4.481348" lat="43.154908"><ele>1915.5</ele></trkpt>
<trkpt lon="-4.481330" lat="43.154872"><ele>1916.75</ele></trkpt>
<trkpt lon="-4.481323" lat="43.154833"><ele>1918.5</ele></trkpt>
<trkpt lon="-4.481443" lat="43.154829"><ele>1923.75</ele></trkpt>
<trkpt lon="-4.481458" lat="43.154801"><ele>1925.5</ele></trkpt>
<trkpt lon="-4.481521" lat="43.154822"><ele>1927.25</ele></trkpt>
<trkpt lon="-4.481603" lat="43.154838"><ele>1930.25</ele></trkpt>
<trkpt lon="-4.481606" lat="43.154771"><ele>1931.5</ele></trkpt>
<trkpt lon="-4.481663" lat="43.154762"><ele>1933.5</ele></trkpt>
<trkpt lon="-4.481681" lat="43.154744"><ele>1933.5</ele></trkpt>
<trkpt lon="-4.481768" lat="43.154545"><ele>1923.0</ele></trkpt>
<trkpt lon="-4.481677" lat="43.154383"><ele>1918.25</ele></trkpt>
<trkpt lon="-4.481529" lat="43.154197"><ele>1913.0</ele></trkpt>
<trkpt lon="-4.481312" lat="43.153970"><ele>1909.0</ele></trkpt>
<trkpt lon="-4.480962" lat="43.153659"><ele>1907.0</ele></trkpt>
<trkpt lon="-4.480744" lat="43.153351"><ele>1901.25</ele></trkpt>
<trkpt lon="-4.480425" lat="43.153025"><ele>1899.5</ele></trkpt>
<trkpt lon="-4.480213" lat="43.152780"><ele>1896.0</ele></trkpt>
<trkpt lon="-4.479770" lat="43.152117"><ele>1885.5</ele></trkpt>
<trkpt lon="-4.479375" lat="43.151880"><ele>1892.25</ele></trkpt>
<trkpt lon="-4.478907" lat="43.151496"><ele>1891.75</ele></trkpt>
<trkpt lon="-4.478437" lat="43.150984"><ele>1875.75</ele></trkpt>
<trkpt lon="-4.478343" lat="43.150940"><ele>1873.75</ele></trkpt>
<trkpt lon="-4.478136" lat="43.150753"><ele>1864.75</ele></trkpt>
<trkpt lon="-4.477912" lat="43.150613"><ele>1858.0</ele></trkpt>
<trkpt lon="-4.477807" lat="43.150569"><ele>1855.75</ele></trkpt>
<trkpt lon="-4.477717" lat="43.150557"><ele>1856.25</ele></trkpt>
<trkpt lon="-4.477673" lat="43.150512"><ele>1854.25</ele></trkpt>
<trkpt lon="-4.477591" lat="43.150501"><ele>1855.0</ele></trkpt>
<trkpt lon="-4.477396" lat="43.150462"><ele>1857.25</ele></trkpt>
<trkpt lon="-4.477205" lat="43.150376"><ele>1854.75</ele></trkpt>
<trkpt lon="-4.476912" lat="43.150257"><ele>1847.75</ele></trkpt>
<trkpt lon="-4.476770" lat="43.150243"><ele>1848.5</ele></trkpt>
<trkpt lon="-4.476656" lat="43.150195"><ele>1846.0</ele></trkpt>
<trkpt lon="-4.476583" lat="43.150174"><ele>1845.25</ele></trkpt>
<trkpt lon="-4.476237" lat="43.150008"><ele>1834.25</ele></trkpt>
<trkpt lon="-4.476055" lat="43.149952"><ele>1831.75</ele></trkpt>
<trkpt lon="-4.475888" lat="43.149848"><ele>1828.0</ele></trkpt>
<trkpt lon="-4.475461" lat="43.149712"><ele>1826.5</ele></trkpt>
<trkpt lon="-4.475241" lat="43.149593"><ele>1821.0</ele></trkpt>
<trkpt lon="-4.475038" lat="43.149510"><ele>1818.0</ele></trkpt>
<trkpt lon="-4.474916" lat="43.149483"><ele>1818.0</ele></trkpt>
<trkpt lon="-4.474863" lat="43.149465"><ele>1817.25</ele></trkpt>
<trkpt lon="-4.474782" lat="43.149400"><ele>1814.25</ele></trkpt>
<trkpt lon="-4.474644" lat="43.149314"><ele>1811.5</ele></trkpt>
<trkpt lon="-4.474558" lat="43.149207"><ele>1807.25</ele></trkpt>
<trkpt lon="-4.474449" lat="43.149098"><ele>1803.25</ele></trkpt>
<trkpt lon="-4.474323" lat="43.148994"><ele>1798.5</ele></trkpt>
<trkpt lon="-4.474193" lat="43.148902"><ele>1794.25</ele></trkpt>
<trkpt lon="-4.474018" lat="43.148623"><ele>1781.25</ele></trkpt>
<trkpt lon="-4.473896" lat="43.148478"><ele>1775.0</ele></trkpt>
<trkpt lon="-4.473709" lat="43.148389"><ele>1774.0</ele></trkpt>
<trkpt lon="-4.473473" lat="43.148181"><ele>1770.0</ele></trkpt>
<trkpt lon="-4.473376" lat="43.147876"><ele>1758.75</ele></trkpt>
<trkpt lon="-4.473173" lat="43.147680"><ele>1756.0</ele></trkpt>
<trkpt lon="-4.473065" lat="43.147445"><ele>1748.75</ele></trkpt>
<trkpt lon="-4.472776" lat="43.147312"><ele>1752.75</ele></trkpt>
<trkpt lon="-4.472057" lat="43.147148"><ele>1759.25</ele></trkpt>
<trkpt lon="-4.471633" lat="43.147034"><ele>1765.25</ele></trkpt>
<trkpt lon="-4.472008" lat="43.147037"><ele>1758.5</ele></trkpt>
<trkpt lon="-4.472530" lat="43.147085"><ele>1752.25</ele></trkpt>
<trkpt lon="-4.473137" lat="43.147166"><ele>1742.5</ele></trkpt>
<trkpt lon="-4.473439" lat="43.147166"><ele>1737.25</ele></trkpt>
<trkpt lon="-4.473863" lat="43.147141"><ele>1730.25</ele></trkpt>
<trkpt lon="-4.474359" lat="43.147143"><ele>1724.25</ele></trkpt>
<trkpt lon="-4.474768" lat="43.147122"><ele>1721.75</ele></trkpt>
<trkpt lon="-4.475001" lat="43.147072"><ele>1719.75</ele></trkpt>
<trkpt lon="-4.475258" lat="43.147057"><ele>1717.25</ele></trkpt>
<trkpt lon="-4.475541" lat="43.147065"><ele>1714.0</ele></trkpt>
<trkpt lon="-4.475716" lat="43.147084"><ele>1713.5</ele></trkpt>
<trkpt lon="-4.475849" lat="43.147082"><ele>1713.25</ele></trkpt>
<trkpt lon="-4.476100" lat="43.147089"><ele>1712.0</ele></trkpt>
<trkpt lon="-4.476391" lat="43.147190"><ele>1711.0</ele></trkpt>
<trkpt lon="-4.476607" lat="43.147279"><ele>1709.0</ele></trkpt>
<trkpt lon="-4.476782" lat="43.147374"><ele>1708.25</ele></trkpt>
<trkpt lon="-4.477165" lat="43.147423"><ele>1705.25</ele></trkpt>
<trkpt lon="-4.477538" lat="43.147568"><ele>1704.5</ele></trkpt>
<trkpt lon="-4.477687" lat="43.147584"><ele>1701.75</ele></trkpt>
<trkpt lon="-4.477802" lat="43.147632"><ele>1701.0</ele></trkpt>
<trkpt lon="-4.477916" lat="43.147654"><ele>1699.0</ele></trkpt>
<trkpt lon="-4.477991" lat="43.147658"><ele>1697.0</ele></trkpt>
<trkpt lon="-4.478077" lat="43.147650"><ele>1694.75</ele></trkpt>
<trkpt lon="-4.478203" lat="43.147656"><ele>1692.25</ele></trkpt>
<trkpt lon="-4.478291" lat="43.147644"><ele>1690.0</ele></trkpt>
<trkpt lon="-4.478395" lat="43.147668"><ele>1688.25</ele></trkpt>
<trkpt lon="-4.478458" lat="43.147660"><ele>1686.0</ele></trkpt>
<trkpt lon="-4.478554" lat="43.147716"><ele>1686.0</ele></trkpt>
<trkpt lon="-4.478700" lat="43.147707"><ele>1681.5</ele></trkpt>
<trkpt lon="-4.478718" lat="43.147669"><ele>1679.25</ele></trkpt>
<trkpt lon="-4.478691" lat="43.147619"><ele>1677.25</ele></trkpt>
<trkpt lon="-4.478688" lat="43.147574"><ele>1675.25</ele></trkpt>
<trkpt lon="-4.478746" lat="43.147568"><ele>1673.75</ele></trkpt>
<trkpt lon="-4.478985" lat="43.147646"><ele>1669.75</ele></trkpt>
<trkpt lon="-4.479068" lat="43.147711"><ele>1668.75</ele></trkpt>
<trkpt lon="-4.479132" lat="43.147742"><ele>1667.0</ele></trkpt>
<trkpt lon="-4.479545" lat="43.147840"><ele>1665.25</ele></trkpt>
<trkpt lon="-4.479631" lat="43.147881"><ele>1666.5</ele></trkpt>
<trkpt lon="-4.479730" lat="43.147957"><ele>1669.25</ele></trkpt>
<trkpt lon="-4.479856" lat="43.148004"><ele>1669.5</ele></trkpt>
<trkpt lon="-4.479921" lat="43.147999"><ele>1667.75</ele></trkpt>
<trkpt lon="-4.480047" lat="43.147969"><ele>1663.5</ele></trkpt>
<trkpt lon="-4.480138" lat="43.147967"><ele>1661.75</ele></trkpt>
<trkpt lon="-4.480361" lat="43.147993"><ele>1659.75</ele></trkpt>
<trkpt lon="-4.480440" lat="43.148010"><ele>1659.75</ele></trkpt>
<trkpt lon="-4.480543" lat="43.148021"><ele>1658.75</ele></trkpt>
<trkpt lon="-4.480659" lat="43.147991"><ele>1658.0</ele></trkpt>
<trkpt lon="-4.480760" lat="43.147948"><ele>1657.0</ele></trkpt>
<trkpt lon="-4.480820" lat="43.147891"><ele>1654.75</ele></trkpt>
<trkpt lon="-4.480848" lat="43.147796"><ele>1650.5</ele></trkpt>
<trkpt lon="-4.480819" lat="43.147708"><ele>1648.0</ele></trkpt>
<trkpt lon="-4.480666" lat="43.147381"><ele>1639.0</ele></trkpt>
<trkpt lon="-4.480606" lat="43.147305"><ele>1637.0</ele></trkpt>
<trkpt lon="-4.480515" lat="43.147232"><ele>1635.0</ele></trkpt>
<trkpt lon="-4.480534" lat="43.147182"><ele>1633.0</ele></trkpt>
<trkpt lon="-4.480796" lat="43.147153"><ele>1629.75</ele></trkpt>
<trkpt lon="-4.480904" lat="43.147174"><ele>1628.75</ele></trkpt>
<trkpt lon="-4.481054" lat="43.147188"><ele>1625.75</ele></trkpt>
<trkpt lon="-4.481212" lat="43.147196"><ele>1623.0</ele></trkpt>
<trkpt lon="-4.481333" lat="43.147174"><ele>1620.0</ele></trkpt>
<trkpt lon="-4.481467" lat="43.147192"><ele>1619.75</ele></trkpt>
<trkpt lon="-4.481564" lat="43.147165"><ele>1618.25</ele></trkpt>
<trkpt lon="-4.481632" lat="43.147116"><ele>1615.5</ele></trkpt>
<trkpt lon="-4.481692" lat="43.147055"><ele>1612.25</ele></trkpt>
<trkpt lon="-4.481915" lat="43.146924"><ele>1608.25</ele></trkpt>
<trkpt lon="-4.482073" lat="43.146869"><ele>1607.75</ele></trkpt>
<trkpt lon="-4.482278" lat="43.146818"><ele>1607.5</ele></trkpt>
<trkpt lon="-4.482431" lat="43.146769"><ele>1606.0</ele></trkpt>
<trkpt lon="-4.482543" lat="43.146695"><ele>1602.75</ele></trkpt>
<trkpt lon="-4.482708" lat="43.146623"><ele>1600.5</ele></trkpt>
<trkpt lon="-4.483251" lat="43.146337"><ele>1595.0</ele></trkpt>
<trkpt lon="-4.483421" lat="43.146212"><ele>1592.5</ele></trkpt>
<trkpt lon="-4.483590" lat="43.146106"><ele>1592.0</ele></trkpt>
<trkpt lon="-4.483764" lat="43.145985"><ele>1589.5</ele></trkpt>
<trkpt lon="-4.483910" lat="43.145855"><ele>1587.0</ele></trkpt>
<trkpt lon="-4.484141" lat="43.145673"><ele>1583.75</ele></trkpt>
<trkpt lon="-4.484230" lat="43.145587"><ele>1581.5</ele></trkpt>
<trkpt lon="-4.484334" lat="43.145525"><ele>1580.25</ele></trkpt>
<trkpt lon="-4.484468" lat="43.145476"><ele>1579.0</ele></trkpt>
<trkpt lon="-4.484613" lat="43.145433"><ele>1577.0</ele></trkpt>
<trkpt lon="-4.484720" lat="43.145360"><ele>1575.0</ele></trkpt>
<trkpt lon="-4.484856" lat="43.145239"><ele>1570.75</ele></trkpt>
<trkpt lon="-4.484961" lat="43.145133"><ele>1567.0</ele></trkpt>
<trkpt lon="-4.485071" lat="43.145055"><ele>1564.5</ele></trkpt>
<trkpt lon="-4.485328" lat="43.144899"><ele>1559.75</ele></trkpt>
<trkpt lon="-4.485434" lat="43.144787"><ele>1556.5</ele></trkpt>
<trkpt lon="-4.485645" lat="43.144405"><ele>1550.5</ele></trkpt>
<trkpt lon="-4.485763" lat="43.144290"><ele>1548.25</ele></trkpt>
<trkpt lon="-4.485916" lat="43.144178"><ele>1545.75</ele></trkpt>
<trkpt lon="-4.486085" lat="43.144102"><ele>1542.75</ele></trkpt>
<trkpt lon="-4.486279" lat="43.144047"><ele>1539.25</ele></trkpt>
<trkpt lon="-4.486422" lat="43.144049"><ele>1537.0</ele></trkpt>
<trkpt lon="-4.486578" lat="43.144043"><ele>1534.25</ele></trkpt>
<trkpt lon="-4.486870" lat="43.143967"><ele>1528.75</ele></trkpt>
<trkpt lon="-4.487114" lat="43.143918"><ele>1523.75</ele></trkpt>
<trkpt lon="-4.487258" lat="43.143906"><ele>1521.0</ele></trkpt>
<trkpt lon="-4.487389" lat="43.143922"><ele>1517.75</ele></trkpt>
<trkpt lon="-4.487497" lat="43.143947"><ele>1515.25</ele></trkpt>
<trkpt lon="-4.487751" lat="43.144053"><ele>1510.0</ele></trkpt>
<trkpt lon="-4.487867" lat="43.144086"><ele>1507.75</ele></trkpt>
<trkpt lon="-4.488044" lat="43.144116"><ele>1504.0</ele></trkpt>
<trkpt lon="-4.488171" lat="43.144126"><ele>1501.25</ele></trkpt>
<trkpt lon="-4.488339" lat="43.144157"><ele>1497.75</ele></trkpt>
<trkpt lon="-4.488535" lat="43.144202"><ele>1493.75</ele></trkpt>
<trkpt lon="-4.488685" lat="43.144256"><ele>1490.5</ele></trkpt>
<trkpt lon="-4.488735" lat="43.144249"><ele>1489.25</ele></trkpt>
<trkpt lon="-4.488814" lat="43.144170"><ele>1487.5</ele></trkpt>
<trkpt lon="-4.488893" lat="43.144155"><ele>1485.75</ele></trkpt>
<trkpt lon="-4.489092" lat="43.144135"><ele>1482.0</ele></trkpt>
<trkpt lon="-4.489334" lat="43.144059"><ele>1476.0</ele></trkpt>
<trkpt lon="-4.489457" lat="43.144031"><ele>1473.25</ele></trkpt>
<trkpt lon="-4.489618" lat="43.144016"><ele>1470.0</ele></trkpt>
<trkpt lon="-4.489790" lat="43.144014"><ele>1466.75</ele></trkpt>
<trkpt lon="-4.490063" lat="43.144057"><ele>1461.75</ele></trkpt>
<trkpt lon="-4.490383" lat="43.144119"><ele>1456.25</ele></trkpt>
<trkpt lon="-4.490513" lat="43.144153"><ele>1453.75</ele></trkpt>
<trkpt lon="-4.490743" lat="43.144247"><ele>1449.5</ele></trkpt>
<trkpt lon="-4.490848" lat="43.144276"><ele>1447.5</ele></trkpt>
<trkpt lon="-4.490769" lat="43.144303"><ele>1448.5</ele></trkpt>
<trkpt lon="-4.490684" lat="43.144362"><ele>1449.25</ele></trkpt>
<trkpt lon="-4.490620" lat="43.144427"><ele>1449.75</ele></trkpt>
<trkpt lon="-4.490548" lat="43.144593"><ele>1450.5</ele></trkpt>
<trkpt lon="-4.490493" lat="43.144763"><ele>1451.0</ele></trkpt>
<trkpt lon="-4.490463" lat="43.144900"><ele>1451.25</ele></trkpt>
<trkpt lon="-4.490475" lat="43.144973"><ele>1450.75</ele></trkpt>
<trkpt lon="-4.490511" lat="43.145041"><ele>1449.5</ele></trkpt>
<trkpt lon="-4.490440" lat="43.145082"><ele>1450.75</ele></trkpt>
<trkpt lon="-4.490448" lat="43.145155"><ele>1450.0</ele></trkpt>
<trkpt lon="-4.490557" lat="43.145186"><ele>1447.5</ele></trkpt>
<trkpt lon="-4.490651" lat="43.145272"><ele>1444.75</ele></trkpt>
<trkpt lon="-4.490762" lat="43.145403"><ele>1441.5</ele></trkpt>
<trkpt lon="-4.490946" lat="43.145489"><ele>1437.0</ele></trkpt>
<trkpt lon="-4.491287" lat="43.145738"><ele>1427.25</ele></trkpt>
<trkpt lon="-4.491461" lat="43.145799"><ele>1422.75</ele></trkpt>
<trkpt lon="-4.491694" lat="43.145922"><ele>1416.5</ele></trkpt>
<trkpt lon="-4.491920" lat="43.145988"><ele>1411.0</ele></trkpt>
<trkpt lon="-4.492156" lat="43.146110"><ele>1405.25</ele></trkpt>
<trkpt lon="-4.492357" lat="43.146161"><ele>1400.5</ele></trkpt>
<trkpt lon="-4.492553" lat="43.146221"><ele>1395.5</ele></trkpt>
<trkpt lon="-4.492703" lat="43.146329"><ele>1391.25</ele></trkpt>
<trkpt lon="-4.492815" lat="43.146390"><ele>1388.0</ele></trkpt>
<trkpt lon="-4.492984" lat="43.146440"><ele>1384.0</ele></trkpt>
<trkpt lon="-4.493212" lat="43.146695"><ele>1376.75</ele></trkpt>
<trkpt lon="-4.493227" lat="43.146763"><ele>1376.0</ele></trkpt>
<trkpt lon="-4.493284" lat="43.146814"><ele>1374.25</ele></trkpt>
<trkpt lon="-4.493262" lat="43.146893"><ele>1374.25</ele></trkpt>
<trkpt lon="-4.493264" lat="43.147379"><ele>1371.75</ele></trkpt>
<trkpt lon="-4.493239" lat="43.147583"><ele>1372.25</ele></trkpt>
<trkpt lon="-4.493254" lat="43.147814"><ele>1372.0</ele></trkpt>
<trkpt lon="-4.493329" lat="43.147936"><ele>1370.0</ele></trkpt>
<trkpt lon="-4.493387" lat="43.148008"><ele>1368.75</ele></trkpt>
<trkpt lon="-4.493448" lat="43.148146"><ele>1368.0</ele></trkpt>
<trkpt lon="-4.493591" lat="43.148350"><ele>1366.25</ele></trkpt>
<trkpt lon="-4.493660" lat="43.148414"><ele>1364.5</ele></trkpt>
<trkpt lon="-4.493876" lat="43.148519"><ele>1359.0</ele></trkpt>
<trkpt lon="-4.493944" lat="43.148573"><ele>1357.75</ele></trkpt>
<trkpt lon="-4.494030" lat="43.148652"><ele>1356.5</ele></trkpt>
<trkpt lon="-4.494085" lat="43.148740"><ele>1355.25</ele></trkpt>
<trkpt lon="-4.494193" lat="43.148836"><ele>1352.5</ele></trkpt>
<trkpt lon="-4.494301" lat="43.148895"><ele>1350.0</ele></trkpt>
<trkpt lon="-4.494352" lat="43.148905"><ele>1349.0</ele></trkpt>
<trkpt lon="-4.494375" lat="43.149100"><ele>1349.5</ele></trkpt>
<trkpt lon="-4.494579" lat="43.149311"><ele>1345.5</ele></trkpt>
<trkpt lon="-4.494706" lat="43.149548"><ele>1342.25</ele></trkpt>
<trkpt lon="-4.494872" lat="43.149692"><ele>1338.75</ele></trkpt>
<trkpt lon="-4.495079" lat="43.149755"><ele>1334.25</ele></trkpt>
<trkpt lon="-4.495047" lat="43.149879"><ele>1334.75</ele></trkpt>
<trkpt lon="-4.495063" lat="43.149922"><ele>1334.5</ele></trkpt>
<trkpt lon="-4.495142" lat="43.150194"><ele>1331.75</ele></trkpt>
<trkpt lon="-4.495245" lat="43.150619"><ele>1324.75</ele></trkpt>
<trkpt lon="-4.495180" lat="43.150938"><ele>1320.75</ele></trkpt>
<trkpt lon="-4.495147" lat="43.151042"><ele>1319.5</ele></trkpt>
<trkpt lon="-4.495066" lat="43.151185"><ele>1316.0</ele></trkpt>
<trkpt lon="-4.494989" lat="43.151260"><ele>1313.75</ele></trkpt>
<trkpt lon="-4.494779" lat="43.151378"><ele>1313.0</ele></trkpt>
<trkpt lon="-4.494633" lat="43.151432"><ele>1316.25</ele></trkpt>
<trkpt lon="-4.494580" lat="43.151487"><ele>1319.0</ele></trkpt>
<trkpt lon="-4.494621" lat="43.151534"><ele>1319.25</ele></trkpt>
<trkpt lon="-4.494793" lat="43.151638"><ele>1316.25</ele></trkpt>
<trkpt lon="-4.495209" lat="43.151925"><ele>1321.25</ele></trkpt>
<trkpt lon="-4.495306" lat="43.151949"><ele>1320.5</ele></trkpt>
<trkpt lon="-4.495427" lat="43.151988"><ele>1319.5</ele></trkpt>
<trkpt lon="-4.495684" lat="43.152112"><ele>1319.0</ele></trkpt>
<trkpt lon="-4.495832" lat="43.152163"><ele>1317.75</ele></trkpt>
<trkpt lon="-4.496154" lat="43.152288"><ele>1317.75</ele></trkpt>
<trkpt lon="-4.496354" lat="43.152386"><ele>1317.75</ele></trkpt>
<trkpt lon="-4.496534" lat="43.152504"><ele>1317.75</ele></trkpt>
<trkpt lon="-4.496718" lat="43.152710"><ele>1317.25</ele></trkpt>
<trkpt lon="-4.496787" lat="43.152848"><ele>1317.75</ele></trkpt>
<trkpt lon="-4.496845" lat="43.153058"><ele>1319.0</ele></trkpt>
<trkpt lon="-4.496860" lat="43.153210"><ele>1320.75</ele></trkpt>
<trkpt lon="-4.496858" lat="43.153373"><ele>1323.75</ele></trkpt>
<trkpt lon="-4.496891" lat="43.153526"><ele>1324.75</ele></trkpt>
<trkpt lon="-4.496952" lat="43.153664"><ele>1325.25</ele></trkpt>
<trkpt lon="-4.497141" lat="43.153886"><ele>1326.0</ele></trkpt>
<trkpt lon="-4.497177" lat="43.153980"><ele>1326.25</ele></trkpt>
<trkpt lon="-4.497168" lat="43.154026"><ele>1327.25</ele></trkpt>
<trkpt lon="-4.497122" lat="43.154118"><ele>1330.25</ele></trkpt>
<trkpt lon="-4.497129" lat="43.154152"><ele>1330.25</ele></trkpt>
<trkpt lon="-4.497180" lat="43.154188"><ele>1329.5</ele></trkpt>
<trkpt lon="-4.497273" lat="43.154194"><ele>1328.75</ele></trkpt>
<trkpt lon="-4.497450" lat="43.154148"><ele>1327.5</ele></trkpt>
<trkpt lon="-4.497661" lat="43.154069"><ele>1328.0</ele></trkpt>
<trkpt lon="-4.497773" lat="43.154008"><ele>1328.0</ele></trkpt>
<trkpt lon="-4.498081" lat="43.153866"><ele>1327.5</ele></trkpt>
<trkpt lon="-4.498175" lat="43.153808"><ele>1327.5</ele></trkpt>
<trkpt lon="-4.498384" lat="43.153717"><ele>1328.75</ele></trkpt>
<trkpt lon="-4.498553" lat="43.153652"><ele>1329.0</ele></trkpt>
<trkpt lon="-4.498704" lat="43.153604"><ele>1329.0</ele></trkpt>
<trkpt lon="-4.498855" lat="43.153573"><ele>1330.0</ele></trkpt>
<trkpt lon="-4.499025" lat="43.153567"><ele>1330.75</ele></trkpt>
<trkpt lon="-4.499239" lat="43.153606"><ele>1333.0</ele></trkpt>
<trkpt lon="-4.499640" lat="43.153718"><ele>1334.25</ele></trkpt>
<trkpt lon="-4.499829" lat="43.153796"><ele>1333.0</ele></trkpt>
<trkpt lon="-4.500033" lat="43.153908"><ele>1331.75</ele></trkpt>
<trkpt lon="-4.500115" lat="43.153973"><ele>1332.75</ele></trkpt>
<trkpt lon="-4.500284" lat="43.154078"><ele>1332.5</ele></trkpt>
<trkpt lon="-4.500565" lat="43.154275"><ele>1329.5</ele></trkpt>
<trkpt lon="-4.500626" lat="43.154298"><ele>1331.5</ele></trkpt>
<trkpt lon="-4.500698" lat="43.154305"><ele>1333.0</ele></trkpt>
<trkpt lon="-4.500819" lat="43.154245"><ele>1330.75</ele></trkpt>
<trkpt lon="-4.500912" lat="43.154187"><ele>1329.5</ele></trkpt>
<trkpt lon="-4.501046" lat="43.154131"><ele>1329.5</ele></trkpt>
<trkpt lon="-4.501300" lat="43.154047"><ele>1329.25</ele></trkpt>
<trkpt lon="-4.501500" lat="43.154015"><ele>1327.75</ele></trkpt>
<trkpt lon="-4.501627" lat="43.154025"><ele>1326.75</ele></trkpt>
<trkpt lon="-4.501776" lat="43.154068"><ele>1326.5</ele></trkpt>
<trkpt lon="-4.501858" lat="43.154085"><ele>1325.75</ele></trkpt>
<trkpt lon="-4.501988" lat="43.154098"><ele>1323.75</ele></trkpt>
<trkpt lon="-4.502139" lat="43.154096"><ele>1320.25</ele></trkpt>
<trkpt lon="-4.502289" lat="43.154122"><ele>1318.75</ele></trkpt>
<trkpt lon="-4.502554" lat="43.154154"><ele>1315.5</ele></trkpt>
<trkpt lon="-4.502878" lat="43.154212"><ele>1313.0</ele></trkpt>
<trkpt lon="-4.503077" lat="43.154257"><ele>1311.25</ele></trkpt>
<trkpt lon="-4.503214" lat="43.154301"><ele>1309.5</ele></trkpt>
<trkpt lon="-4.503530" lat="43.154440"><ele>1305.75</ele></trkpt>
<trkpt lon="-4.503793" lat="43.154533"><ele>1302.5</ele></trkpt>
<trkpt lon="-4.504130" lat="43.154729"><ele>1298.5</ele></trkpt>
<trkpt lon="-4.504276" lat="43.154914"><ele>1299.25</ele></trkpt>
<trkpt lon="-4.504371" lat="43.155012"><ele>1298.5</ele></trkpt>
<trkpt lon="-4.504418" lat="43.155045"><ele>1296.5</ele></trkpt>
<trkpt lon="-4.504441" lat="43.155081"><ele>1295.25</ele></trkpt>
<trkpt lon="-4.504448" lat="43.155128"><ele>1294.25</ele></trkpt>
<trkpt lon="-4.504432" lat="43.155175"><ele>1294.5</ele></trkpt>
<trkpt lon="-4.504371" lat="43.155240"><ele>1297.25</ele></trkpt>
<trkpt lon="-4.504357" lat="43.155275"><ele>1298.0</ele></trkpt>
<trkpt lon="-4.504355" lat="43.155330"><ele>1297.25</ele></trkpt>
<trkpt lon="-4.504390" lat="43.155467"><ele>1292.5</ele></trkpt>
<trkpt lon="-4.504385" lat="43.155707"><ele>1286.5</ele></trkpt>
<trkpt lon="-4.504357" lat="43.155744"><ele>1287.75</ele></trkpt>
<trkpt lon="-4.504272" lat="43.155820"><ele>1292.5</ele></trkpt>
<trkpt lon="-4.504186" lat="43.155941"><ele>1295.25</ele></trkpt>
<trkpt lon="-4.504111" lat="43.156102"><ele>1294.0</ele></trkpt>
<trkpt lon="-4.504091" lat="43.156181"><ele>1297.5</ele></trkpt>
<trkpt lon="-4.504129" lat="43.156200"><ele>1295.5</ele></trkpt>
<trkpt lon="-4.504205" lat="43.156195"><ele>1293.5</ele></trkpt>
<trkpt lon="-4.504274" lat="43.156147"><ele>1292.0</ele></trkpt>
<trkpt lon="-4.504413" lat="43.156103"><ele>1290.25</ele></trkpt>
<trkpt lon="-4.504494" lat="43.156090"><ele>1291.25</ele></trkpt>
<trkpt lon="-4.504655" lat="43.156015"><ele>1290.75</ele></trkpt>
<trkpt lon="-4.504724" lat="43.155998"><ele>1291.0</ele></trkpt>
<trkpt lon="-4.504875" lat="43.155974"><ele>1291.75</ele></trkpt>
<trkpt lon="-4.504984" lat="43.155965"><ele>1293.0</ele></trkpt>
<trkpt lon="-4.505127" lat="43.155920"><ele>1291.25</ele></trkpt>
<trkpt lon="-4.505217" lat="43.155928"><ele>1293.0</ele></trkpt>
<trkpt lon="-4.505306" lat="43.155971"><ele>1295.25</ele></trkpt>
<trkpt lon="-4.505612" lat="43.156089"><ele>1296.75</ele></trkpt>
<trkpt lon="-4.505983" lat="43.156210"><ele>1299.5</ele></trkpt>
<trkpt lon="-4.506266" lat="43.156290"><ele>1301.25</ele></trkpt>
<trkpt lon="-4.506458" lat="43.156347"><ele>1302.75</ele></trkpt>
<trkpt lon="-4.506656" lat="43.156382"><ele>1303.5</ele></trkpt>
<trkpt lon="-4.507166" lat="43.156384"><ele>1304.5</ele></trkpt>
<trkpt lon="-4.507301" lat="43.156398"><ele>1304.25</ele></trkpt>
<trkpt lon="-4.507365" lat="43.156418"><ele>1304.0</ele></trkpt>
<trkpt lon="-4.507457" lat="43.156465"><ele>1304.75</ele></trkpt>
<trkpt lon="-4.507562" lat="43.156539"><ele>1307.0</ele></trkpt>
<trkpt lon="-4.507608" lat="43.156562"><ele>1307.75</ele></trkpt>
<trkpt lon="-4.507679" lat="43.156583"><ele>1308.75</ele></trkpt>
<trkpt lon="-4.507731" lat="43.156574"><ele>1308.0</ele></trkpt>
<trkpt lon="-4.507875" lat="43.156523"><ele>1306.25</ele></trkpt>
<trkpt lon="-4.508072" lat="43.156467"><ele>1305.25</ele></trkpt>
<trkpt lon="-4.508196" lat="43.156468"><ele>1306.25</ele></trkpt>
<trkpt lon="-4.508911" lat="43.156425"><ele>1307.25</ele></trkpt>
<trkpt lon="-4.509105" lat="43.156437"><ele>1308.75</ele></trkpt>
<trkpt lon="-4.509289" lat="43.156441"><ele>1309.25</ele></trkpt>
<trkpt lon="-4.509433" lat="43.156428"><ele>1309.25</ele></trkpt>
<trkpt lon="-4.509701" lat="43.156387"><ele>1307.75</ele></trkpt>
<trkpt lon="-4.509738" lat="43.156401"><ele>1307.5</ele></trkpt>
<trkpt lon="-4.509756" lat="43.156418"><ele>1307.25</ele></trkpt>
<trkpt lon="-4.509768" lat="43.156445"><ele>1307.0</ele></trkpt>
<trkpt lon="-4.509770" lat="43.156491"><ele>1307.0</ele></trkpt>
<trkpt lon="-4.509750" lat="43.156597"><ele>1307.75</ele></trkpt>
<trkpt lon="-4.509619" lat="43.156938"><ele>1312.0</ele></trkpt>
<trkpt lon="-4.509592" lat="43.157076"><ele>1312.5</ele></trkpt>
<trkpt lon="-4.509556" lat="43.157198"><ele>1313.75</ele></trkpt>
<trkpt lon="-4.509547" lat="43.157273"><ele>1314.25</ele></trkpt>
<trkpt lon="-4.509556" lat="43.157368"><ele>1313.75</ele></trkpt>
<trkpt lon="-4.509549" lat="43.157531"><ele>1314.0</ele></trkpt>
<trkpt lon="-4.509484" lat="43.157756"><ele>1315.25</ele></trkpt>
<trkpt lon="-4.509440" lat="43.157879"><ele>1315.25</ele></trkpt>
<trkpt lon="-4.509387" lat="43.157990"><ele>1315.75</ele></trkpt>
<trkpt lon="-4.509326" lat="43.158088"><ele>1316.75</ele></trkpt>
<trkpt lon="-4.509297" lat="43.158154"><ele>1316.75</ele></trkpt>
<trkpt lon="-4.509285" lat="43.158219"><ele>1316.25</ele></trkpt>
<trkpt lon="-4.509301" lat="43.158455"><ele>1311.5</ele></trkpt>
<trkpt lon="-4.509288" lat="43.158656"><ele>1309.75</ele></trkpt>
<trkpt lon="-4.509263" lat="43.158814"><ele>1309.5</ele></trkpt>
<trkpt lon="-4.509133" lat="43.159286"><ele>1308.5</ele></trkpt>
<trkpt lon="-4.509119" lat="43.159389"><ele>1308.25</ele></trkpt>
<trkpt lon="-4.509119" lat="43.159493"><ele>1307.25</ele></trkpt>
<trkpt lon="-4.509094" lat="43.159540"><ele>1308.0</ele></trkpt>
<trkpt lon="-4.508987" lat="43.159656"><ele>1312.0</ele></trkpt>
<trkpt lon="-4.508956" lat="43.159749"><ele>1311.5</ele></trkpt>
<trkpt lon="-4.508867" lat="43.159963"><ele>1308.25</ele></trkpt>
<trkpt lon="-4.508855" lat="43.160069"><ele>1305.25</ele></trkpt>
<trkpt lon="-4.508830" lat="43.160130"><ele>1304.25</ele></trkpt>
<trkpt lon="-4.508727" lat="43.160250"><ele>1304.25</ele></trkpt>
<trkpt lon="-4.508646" lat="43.160331"><ele>1309.75</ele></trkpt>
<trkpt lon="-4.508654" lat="43.160391"><ele>1313.0</ele></trkpt>
<trkpt lon="-4.508703" lat="43.160408"><ele>1313.0</ele></trkpt>
<trkpt lon="-4.508919" lat="43.160445"><ele>1312.25</ele></trkpt>
<trkpt lon="-4.509077" lat="43.160485"><ele>1314.0</ele></trkpt>
<trkpt lon="-4.509236" lat="43.160539"><ele>1317.25</ele></trkpt>
<trkpt lon="-4.509442" lat="43.160651"><ele>1321.25</ele></trkpt>
<trkpt lon="-4.509543" lat="43.160755"><ele>1321.75</ele></trkpt>
<trkpt lon="-4.509648" lat="43.160833"><ele>1322.5</ele></trkpt>
<trkpt lon="-4.509935" lat="43.160978"><ele>1324.5</ele></trkpt>
<trkpt lon="-4.510073" lat="43.161081"><ele>1323.75</ele></trkpt>
<trkpt lon="-4.510271" lat="43.161182"><ele>1323.5</ele></trkpt>
<trkpt lon="-4.510353" lat="43.161246"><ele>1323.5</ele></trkpt>
<trkpt lon="-4.510457" lat="43.161386"><ele>1322.75</ele></trkpt>
<trkpt lon="-4.510688" lat="43.161478"><ele>1317.25</ele></trkpt>
<trkpt lon="-4.510966" lat="43.161566"><ele>1311.25</ele></trkpt>
<trkpt lon="-4.511819" lat="43.161625"><ele>1294.25</ele></trkpt>
<trkpt lon="-4.512270" lat="43.161638"><ele>1286.5</ele></trkpt>
<trkpt lon="-4.512324" lat="43.161548"><ele>1283.25</ele></trkpt>
<trkpt lon="-4.512308" lat="43.161446"><ele>1280.5</ele></trkpt>
<trkpt lon="-4.512169" lat="43.161314"><ele>1279.0</ele></trkpt>
<trkpt lon="-4.512248" lat="43.161225"><ele>1275.5</ele></trkpt>
<trkpt lon="-4.512489" lat="43.161323"><ele>1273.75</ele></trkpt>
<trkpt lon="-4.513038" lat="43.161505"><ele>1264.75</ele></trkpt>
<trkpt lon="-4.513247" lat="43.161490"><ele>1261.0</ele></trkpt>
<trkpt lon="-4.513848" lat="43.161294"><ele>1245.75</ele></trkpt>
<trkpt lon="-4.514153" lat="43.161278"><ele>1240.5</ele></trkpt>
<trkpt lon="-4.514630" lat="43.161378"><ele>1235.25</ele></trkpt>
<trkpt lon="-4.514871" lat="43.161339"><ele>1231.25</ele></trkpt>
<trkpt lon="-4.515016" lat="43.161167"><ele>1225.75</ele></trkpt>
<trkpt lon="-4.514969" lat="43.161079"><ele>1223.25</ele></trkpt>
<trkpt lon="-4.514780" lat="43.160979"><ele>1221.0</ele></trkpt>
<trkpt lon="-4.514828" lat="43.160897"><ele>1218.5</ele></trkpt>
<trkpt lon="-4.515118" lat="43.160775"><ele>1212.25</ele></trkpt>
<trkpt lon="-4.515521" lat="43.160754"><ele>1206.25</ele></trkpt>
<trkpt lon="-4.516015" lat="43.160801"><ele>1196.75</ele></trkpt>
<trkpt lon="-4.516557" lat="43.160942"><ele>1190.0</ele></trkpt>
<trkpt lon="-4.516857" lat="43.161059"><ele>1189.0</ele></trkpt>
<trkpt lon="-4.517324" lat="43.160926"><ele>1182.0</ele></trkpt>
<trkpt lon="-4.517581" lat="43.160899"><ele>1180.25</ele></trkpt>
<trkpt lon="-4.518263" lat="43.160719"><ele>1173.75</ele></trkpt>
<trkpt lon="-4.519164" lat="43.160550"><ele>1171.75</ele></trkpt>
<trkpt lon="-4.519507" lat="43.160417"><ele>1169.75</ele></trkpt>
<trkpt lon="-4.519802" lat="43.160206"><ele>1167.0</ele></trkpt>
<trkpt lon="-4.520134" lat="43.160110"><ele>1165.25</ele></trkpt>
<trkpt lon="-4.520525" lat="43.160044"><ele>1162.75</ele></trkpt>
<trkpt lon="-4.520827" lat="43.159944"><ele>1157.75</ele></trkpt>
<trkpt lon="-4.521308" lat="43.159809"><ele>1152.0</ele></trkpt>
<trkpt lon="-4.521475" lat="43.159704"><ele>1149.0</ele></trkpt>
<trkpt lon="-4.521621" lat="43.159486"><ele>1145.25</ele></trkpt>
<trkpt lon="-4.522077" lat="43.158641"><ele>1127.25</ele></trkpt>
<trkpt lon="-4.522440" lat="43.158365"><ele>1126.5</ele></trkpt>
<trkpt lon="-4.522656" lat="43.158097"><ele>1125.25</ele></trkpt>
<trkpt lon="-4.523128" lat="43.157854"><ele>1120.5</ele></trkpt>
<trkpt lon="-4.523509" lat="43.157706"><ele>1116.25</ele></trkpt>
<trkpt lon="-4.523724" lat="43.157443"><ele>1111.75</ele></trkpt>
<trkpt lon="-4.523879" lat="43.157287"><ele>1111.5</ele></trkpt>
<trkpt lon="-4.524055" lat="43.157042"><ele>1109.75</ele></trkpt>
<trkpt lon="-4.524264" lat="43.156882"><ele>1107.75</ele></trkpt>
<trkpt lon="-4.524393" lat="43.156909"><ele>1107.75</ele></trkpt>
<trkpt lon="-4.524473" lat="43.157399"><ele>1099.75</ele></trkpt>
<trkpt lon="-4.524378" lat="43.157835"><ele>1092.25</ele></trkpt>
<trkpt lon="-4.523906" lat="43.158297"><ele>1080.75</ele></trkpt>
<trkpt lon="-4.523755" lat="43.158518"><ele>1077.25</ele></trkpt>
<trkpt lon="-4.523792" lat="43.158780"><ele>1071.5</ele></trkpt>
<trkpt lon="-4.523981" lat="43.158938"><ele>1066.75</ele></trkpt>
<trkpt lon="-4.524436" lat="43.159249"><ele>1062.5</ele></trkpt>
<trkpt lon="-4.524602" lat="43.159488"><ele>1061.75</ele></trkpt>
<trkpt lon="-4.525139" lat="43.159934"><ele>1054.25</ele></trkpt>
<trkpt lon="-4.525525" lat="43.160126"><ele>1053.0</ele></trkpt>
<trkpt lon="-4.525703" lat="43.160527"><ele>1054.25</ele></trkpt>
<trkpt lon="-4.526372" lat="43.160654"><ele>1055.75</ele></trkpt>
<trkpt lon="-4.527022" lat="43.160846"><ele>1050.0</ele></trkpt>
<trkpt lon="-4.527817" lat="43.160864"><ele>1045.5</ele></trkpt>
<trkpt lon="-4.528416" lat="43.160865"><ele>1039.25</ele></trkpt>
<trkpt lon="-4.528797" lat="43.160732"><ele>1027.75</ele></trkpt>
<trkpt lon="-4.529033" lat="43.160505"><ele>1022.75</ele></trkpt>
<trkpt lon="-4.529280" lat="43.160212"><ele>1015.0</ele></trkpt>
<trkpt lon="-4.529516" lat="43.160059"><ele>1013.0</ele></trkpt>
<trkpt lon="-4.529677" lat="43.159899"><ele>1008.5</ele></trkpt>
<trkpt lon="-4.529785" lat="43.159893"><ele>1006.5</ele></trkpt>
<trkpt lon="-4.530172" lat="43.160351"><ele>1002.0</ele></trkpt>
<trkpt lon="-4.530579" lat="43.160617"><ele>997.75</ele></trkpt>
<trkpt lon="-4.530664" lat="43.160819"><ele>995.75</ele></trkpt>
<trkpt lon="-4.530820" lat="43.160905"><ele>995.0</ele></trkpt>
<trkpt lon="-4.531336" lat="43.161008"><ele>989.5</ele></trkpt>
<trkpt lon="-4.531550" lat="43.160938"><ele>985.5</ele></trkpt>
<trkpt lon="-4.531658" lat="43.160844"><ele>982.25</ele></trkpt>
<trkpt lon="-4.531620" lat="43.160758"><ele>979.75</ele></trkpt>
<trkpt lon="-4.531405" lat="43.160719"><ele>978.75</ele></trkpt>
<trkpt lon="-4.531298" lat="43.160425"><ele>973.75</ele></trkpt>
<trkpt lon="-4.531336" lat="43.160112"><ele>967.25</ele></trkpt>
<trkpt lon="-4.531190" lat="43.159884"><ele>965.5</ele></trkpt>
<trkpt lon="-4.531287" lat="43.159784"><ele>961.0</ele></trkpt>
<trkpt lon="-4.531502" lat="43.159846"><ele>957.75</ele></trkpt>
<trkpt lon="-4.531726" lat="43.160009"><ele>955.75</ele></trkpt>
<trkpt lon="-4.531871" lat="43.159989"><ele>954.25</ele></trkpt>
<trkpt lon="-4.531942" lat="43.159803"><ele>948.25</ele></trkpt>
<trkpt lon="-4.531953" lat="43.159380"><ele>940.5</ele></trkpt>
<trkpt lon="-4.531867" lat="43.159056"><ele>933.5</ele></trkpt>
<trkpt lon="-4.531738" lat="43.158837"><ele>930.25</ele></trkpt>
<trkpt lon="-4.531792" lat="43.158504"><ele>922.25</ele></trkpt>
<trkpt lon="-4.531926" lat="43.158269"><ele>917.75</ele></trkpt>
<trkpt lon="-4.532028" lat="43.157960"><ele>910.25</ele></trkpt>
<trkpt lon="-4.532156" lat="43.157921"><ele>907.25</ele></trkpt>
<trkpt lon="-4.532273" lat="43.157942"><ele>905.0</ele></trkpt>
<trkpt lon="-4.532370" lat="43.158138"><ele>903.0</ele></trkpt>
<trkpt lon="-4.532441" lat="43.158371"><ele>899.5</ele></trkpt>
<trkpt lon="-4.532435" lat="43.158371"><ele>899.75</ele></trkpt>
<trkpt lon="-4.532590" lat="43.158451"><ele>897.5</ele></trkpt>
<trkpt lon="-4.532960" lat="43.158428"><ele>887.25</ele></trkpt>
<trkpt lon="-4.533389" lat="43.158537"><ele>879.75</ele></trkpt>
<trkpt lon="-4.533610" lat="43.158766"><ele>878.25</ele></trkpt>
<trkpt lon="-4.534018" lat="43.158923"><ele>875.5</ele></trkpt>
<trkpt lon="-4.534173" lat="43.158911"><ele>873.75</ele></trkpt>
<trkpt lon="-4.534340" lat="43.158809"><ele>873.75</ele></trkpt>
<trkpt lon="-4.534527" lat="43.158649"><ele>866.5</ele></trkpt>
<trkpt lon="-4.534814" lat="43.158580"><ele>862.25</ele></trkpt>
<trkpt lon="-4.534957" lat="43.158443"><ele>858.5</ele></trkpt>
<trkpt lon="-4.535069" lat="43.158228"><ele>852.75</ele></trkpt>
<trkpt lon="-4.535254" lat="43.157449"><ele>838.25</ele></trkpt>
<trkpt lon="-4.535348" lat="43.157211"><ele>835.0</ele></trkpt>
<trkpt lon="-4.535775" lat="43.156712"><ele>832.5</ele></trkpt>
<trkpt lon="-4.535981" lat="43.156590"><ele>829.75</ele></trkpt>
<trkpt lon="-4.536172" lat="43.156422"><ele>828.75</ele></trkpt>
<trkpt lon="-4.536322" lat="43.156228"><ele>830.0</ele></trkpt>
<trkpt lon="-4.536389" lat="43.156003"><ele>829.25</ele></trkpt>
<trkpt lon="-4.536491" lat="43.155890"><ele>828.75</ele></trkpt>
<trkpt lon="-4.536743" lat="43.155641"><ele>826.5</ele></trkpt>
<trkpt lon="-4.536933" lat="43.155471"><ele>822.5</ele></trkpt>
<trkpt lon="-4.537744" lat="43.155267"><ele>812.5</ele></trkpt>
<trkpt lon="-4.537934" lat="43.155219"><ele>809.25</ele></trkpt>
<trkpt lon="-4.538213" lat="43.155176"><ele>807.5</ele></trkpt>
<trkpt lon="-4.538618" lat="43.155003"><ele>801.0</ele></trkpt>
<trkpt lon="-4.538827" lat="43.155005"><ele>803.5</ele></trkpt>
<trkpt lon="-4.539240" lat="43.154843"><ele>803.25</ele></trkpt>
<trkpt lon="-4.539723" lat="43.154700"><ele>797.25</ele></trkpt>
<trkpt lon="-4.539787" lat="43.154538"><ele>792.75</ele></trkpt>
<trkpt lon="-4.539962" lat="43.154454"><ele>791.75</ele></trkpt>
<trkpt lon="-4.540434" lat="43.154460"><ele>787.25</ele></trkpt>
<trkpt lon="-4.540908" lat="43.154405"><ele>781.25</ele></trkpt>
<trkpt lon="-4.541364" lat="43.154298"><ele>776.5</ele></trkpt>
<trkpt lon="-4.541537" lat="43.154314"><ele>776.75</ele></trkpt>
<trkpt lon="-4.542258" lat="43.154526"><ele>785.0</ele></trkpt>
<trkpt lon="-4.542419" lat="43.154585"><ele>786.25</ele></trkpt>
<trkpt lon="-4.542579" lat="43.154673"><ele>788.0</ele></trkpt>
<trkpt lon="-4.542838" lat="43.154868"><ele>792.75</ele></trkpt>
<trkpt lon="-4.542938" lat="43.154925"><ele>793.75</ele></trkpt>
<trkpt lon="-4.543362" lat="43.155040"><ele>797.5</ele></trkpt>
<trkpt lon="-4.543447" lat="43.155057"><ele>798.75</ele></trkpt>
<trkpt lon="-4.543533" lat="43.155059"><ele>799.25</ele></trkpt>
<trkpt lon="-4.543961" lat="43.154962"><ele>801.0</ele></trkpt>
<trkpt lon="-4.544155" lat="43.154931"><ele>802.0</ele></trkpt>
<trkpt lon="-4.544301" lat="43.154963"><ele>802.5</ele></trkpt>
<trkpt lon="-4.544429" lat="43.155047"><ele>804.75</ele></trkpt>
<trkpt lon="-4.544532" lat="43.155154"><ele>806.25</ele></trkpt>
<trkpt lon="-4.544780" lat="43.155356"><ele>806.5</ele></trkpt>
<trkpt lon="-4.545129" lat="43.155614"><ele>809.5</ele></trkpt>
<trkpt lon="-4.545416" lat="43.155810"><ele>811.5</ele></trkpt>
<trkpt lon="-4.545560" lat="43.155894"><ele>814.5</ele></trkpt>
<trkpt lon="-4.545696" lat="43.155962"><ele>816.0</ele></trkpt>
<trkpt lon="-4.545927" lat="43.156045"><ele>817.75</ele></trkpt>
<trkpt lon="-4.546194" lat="43.156130"><ele>820.5</ele></trkpt>
<trkpt lon="-4.546520" lat="43.156223"><ele>823.5</ele></trkpt>
<trkpt lon="-4.546855" lat="43.156287"><ele>824.75</ele></trkpt>
<trkpt lon="-4.547022" lat="43.156355"><ele>826.25</ele></trkpt>
<trkpt lon="-4.547157" lat="43.156458"><ele>828.75</ele></trkpt>
<trkpt lon="-4.547220" lat="43.156519"><ele>830.5</ele></trkpt>
<trkpt lon="-4.547415" lat="43.156625"><ele>831.5</ele></trkpt>
<trkpt lon="-4.547511" lat="43.156660"><ele>831.25</ele></trkpt>
<trkpt lon="-4.547613" lat="43.156689"><ele>832.0</ele></trkpt>
<trkpt lon="-4.547797" lat="43.156724"><ele>832.75</ele></trkpt>
<trkpt lon="-4.548052" lat="43.156738"><ele>834.5</ele></trkpt>
<trkpt lon="-4.548640" lat="43.156727"><ele>835.5</ele></trkpt>
<trkpt lon="-4.548793" lat="43.156748"><ele>835.0</ele></trkpt>
<trkpt lon="-4.549485" lat="43.157016"><ele>841.0</ele></trkpt>
<trkpt lon="-4.549743" lat="43.157086"><ele>840.75</ele></trkpt>
<trkpt lon="-4.549821" lat="43.157121"><ele>841.25</ele></trkpt>
<trkpt lon="-4.549911" lat="43.157196"><ele>842.25</ele></trkpt>
<trkpt lon="-4.550358" lat="43.157634"><ele>844.0</ele></trkpt>
<trkpt lon="-4.550465" lat="43.157715"><ele>844.25</ele></trkpt>
<trkpt lon="-4.550550" lat="43.157799"><ele>844.0</ele></trkpt>
<trkpt lon="-4.550584" lat="43.157888"><ele>843.25</ele></trkpt>
<trkpt lon="-4.550602" lat="43.157971"><ele>843.0</ele></trkpt>
<trkpt lon="-4.550587" lat="43.158124"><ele>842.75</ele></trkpt>
<trkpt lon="-4.550565" lat="43.158250"><ele>842.25</ele></trkpt>
<trkpt lon="-4.550516" lat="43.158373"><ele>841.75</ele></trkpt>
<trkpt lon="-4.550358" lat="43.158647"><ele>840.75</ele></trkpt>
<trkpt lon="-4.550307" lat="43.158760"><ele>840.5</ele></trkpt>
<trkpt lon="-4.550270" lat="43.158877"><ele>840.25</ele></trkpt>
<trkpt lon="-4.550259" lat="43.158988"><ele>840.0</ele></trkpt>
<trkpt lon="-4.550276" lat="43.159094"><ele>839.25</ele></trkpt>
<trkpt lon="-4.550320" lat="43.159285"><ele>838.75</ele></trkpt>
<trkpt lon="-4.550377" lat="43.159449"><ele>838.75</ele></trkpt>
<trkpt lon="-4.550363" lat="43.159493"><ele>838.5</ele></trkpt>
<trkpt lon="-4.550339" lat="43.159535"><ele>838.5</ele></trkpt>
<trkpt lon="-4.550263" lat="43.159619"><ele>838.5</ele></trkpt>
<trkpt lon="-4.550236" lat="43.159682"><ele>838.0</ele></trkpt>
<trkpt lon="-4.550238" lat="43.159726"><ele>837.5</ele></trkpt>
<trkpt lon="-4.550257" lat="43.159768"><ele>838.5</ele></trkpt>
<trkpt lon="-4.550304" lat="43.159799"><ele>838.75</ele></trkpt>
<trkpt lon="-4.550391" lat="43.159810"><ele>837.75</ele></trkpt>
<trkpt lon="-4.550470" lat="43.159807"><ele>836.25</ele></trkpt>
<trkpt lon="-4.550611" lat="43.159833"><ele>834.75</ele></trkpt>
<trkpt lon="-4.550680" lat="43.159851"><ele>834.0</ele></trkpt>
<trkpt lon="-4.550732" lat="43.159881"><ele>834.0</ele></trkpt>
<trkpt lon="-4.550794" lat="43.159923"><ele>834.0</ele></trkpt>
<trkpt lon="-4.550843" lat="43.159966"><ele>833.75</ele></trkpt>
<trkpt lon="-4.550953" lat="43.160207"><ele>834.0</ele></trkpt>
<trkpt lon="-4.551178" lat="43.160326"><ele>832.75</ele></trkpt>
<trkpt lon="-4.551386" lat="43.160420"><ele>834.0</ele></trkpt>
<trkpt lon="-4.551929" lat="43.160534"><ele>833.75</ele></trkpt>
<trkpt lon="-4.552175" lat="43.160547"><ele>832.75</ele></trkpt>
<trkpt lon="-4.552490" lat="43.160502"><ele>830.0</ele></trkpt>
<trkpt lon="-4.552862" lat="43.160458"><ele>830.5</ele></trkpt>
<trkpt lon="-4.553102" lat="43.160446"><ele>830.0</ele></trkpt>
<trkpt lon="-4.553184" lat="43.160413"><ele>829.25</ele></trkpt>
<trkpt lon="-4.553304" lat="43.160261"><ele>827.5</ele></trkpt>
<trkpt lon="-4.553438" lat="43.160140"><ele>827.75</ele></trkpt>
<trkpt lon="-4.553593" lat="43.159964"><ele>822.5</ele></trkpt>
<trkpt lon="-4.553664" lat="43.159853"><ele>820.75</ele></trkpt>
<trkpt lon="-4.553773" lat="43.159718"><ele>819.0</ele></trkpt>
<trkpt lon="-4.553840" lat="43.159714"><ele>818.25</ele></trkpt>
<trkpt lon="-4.553983" lat="43.159721"><ele>817.5</ele></trkpt>
<trkpt lon="-4.554080" lat="43.159707"><ele>817.0</ele></trkpt>
<trkpt lon="-4.554420" lat="43.159690"><ele>815.75</ele></trkpt>
<trkpt lon="-4.554613" lat="43.159670"><ele>814.5</ele></trkpt>
<trkpt lon="-4.554785" lat="43.159701"><ele>814.25</ele></trkpt>
<trkpt lon="-4.555146" lat="43.159814"><ele>810.75</ele></trkpt>
<trkpt lon="-4.555473" lat="43.159929"><ele>809.5</ele></trkpt>
<trkpt lon="-4.555811" lat="43.159990"><ele>807.0</ele></trkpt>
<trkpt lon="-4.556076" lat="43.160082"><ele>805.75</ele></trkpt>
<trkpt lon="-4.556459" lat="43.160164"><ele>805.0</ele></trkpt>
<trkpt lon="-4.556752" lat="43.160285"><ele>804.75</ele></trkpt>
<trkpt lon="-4.557009" lat="43.160411"><ele>800.75</ele></trkpt>
<trkpt lon="-4.557274" lat="43.160590"><ele>800.25</ele></trkpt>
<trkpt lon="-4.557405" lat="43.160742"><ele>802.0</ele></trkpt>
<trkpt lon="-4.557537" lat="43.160981"><ele>804.0</ele></trkpt>
<trkpt lon="-4.557594" lat="43.161214"><ele>803.75</ele></trkpt>
<trkpt lon="-4.557583" lat="43.161418"><ele>804.25</ele></trkpt>
<trkpt lon="-4.557634" lat="43.161623"><ele>807.75</ele></trkpt>
<trkpt lon="-4.557646" lat="43.161640"><ele>808.0</ele></trkpt>
<trkpt lon="-4.557677" lat="43.161661"><ele>808.25</ele></trkpt>
<trkpt lon="-4.557742" lat="43.161670"><ele>807.75</ele></trkpt>
<trkpt lon="-4.558200" lat="43.161610"><ele>810.75</ele></trkpt>
<trkpt lon="-4.558360" lat="43.161618"><ele>813.5</ele></trkpt>
<trkpt lon="-4.558608" lat="43.161652"><ele>817.0</ele></trkpt>
<trkpt lon="-4.558934" lat="43.161663"><ele>818.75</ele></trkpt>
<trkpt lon="-4.559066" lat="43.161685"><ele>820.25</ele></trkpt>
<trkpt lon="-4.559172" lat="43.161693"><ele>821.0</ele></trkpt>
<trkpt lon="-4.559221" lat="43.161675"><ele>822.25</ele></trkpt>
<trkpt lon="-4.559276" lat="43.161627"><ele>824.5</ele></trkpt>
<trkpt lon="-4.559309" lat="43.161562"><ele>825.75</ele></trkpt>
<trkpt lon="-4.559311" lat="43.161484"><ele>825.5</ele></trkpt>
<trkpt lon="-4.559277" lat="43.161316"><ele>823.25</ele></trkpt>
<trkpt lon="-4.559271" lat="43.161211"><ele>823.5</ele></trkpt>
<trkpt lon="-4.559294" lat="43.161120"><ele>825.25</ele></trkpt>
<trkpt lon="-4.559389" lat="43.160982"><ele>828.0</ele></trkpt>
<trkpt lon="-4.559401" lat="43.160915"><ele>827.75</ele></trkpt>
<trkpt lon="-4.559398" lat="43.160858"><ele>827.0</ele></trkpt>
<trkpt lon="-4.559422" lat="43.160803"><ele>826.5</ele></trkpt>
<trkpt lon="-4.559502" lat="43.160727"><ele>825.25</ele></trkpt>
<trkpt lon="-4.559627" lat="43.160651"><ele>824.5</ele></trkpt>
<trkpt lon="-4.559834" lat="43.160570"><ele>824.5</ele></trkpt>
<trkpt lon="-4.560006" lat="43.160511"><ele>824.75</ele></trkpt>
<trkpt lon="-4.560165" lat="43.160482"><ele>824.75</ele></trkpt>
  </trkseg></trk></gpx>
