<?xml version="1.0" encoding="UTF-8"?>
<gpx version="1.1" creator="compostel-brouter" xmlns="http://www.topografix.com/GPX/1/1">
  <metadata><name>PC-J7-variante-Montagne (Arenas->Covadonga a pied)</name></metadata>
  <trk><name>PC-J7-variante-Montagne</name><trkseg>
<trkpt lon="-4.811440" lat="43.297829"><ele>248.25</ele></trkpt>
<trkpt lon="-4.811502" lat="43.297682"><ele>246.75</ele></trkpt>
<trkpt lon="-4.811264" lat="43.297076"><ele>252.75</ele></trkpt>
<trkpt lon="-4.811438" lat="43.296834"><ele>249.25</ele></trkpt>
<trkpt lon="-4.811469" lat="43.296567"><ele>251.5</ele></trkpt>
<trkpt lon="-4.811473" lat="43.296159"><ele>254.75</ele></trkpt>
<trkpt lon="-4.811551" lat="43.295910"><ele>256.0</ele></trkpt>
<trkpt lon="-4.811642" lat="43.295541"><ele>262.75</ele></trkpt>
<trkpt lon="-4.811435" lat="43.295132"><ele>271.0</ele></trkpt>
<trkpt lon="-4.811394" lat="43.295019"><ele>271.75</ele></trkpt>
<trkpt lon="-4.811424" lat="43.294904"><ele>273.25</ele></trkpt>
<trkpt lon="-4.811408" lat="43.294576"><ele>281.75</ele></trkpt>
<trkpt lon="-4.811475" lat="43.294416"><ele>286.0</ele></trkpt>
<trkpt lon="-4.811374" lat="43.294267"><ele>292.75</ele></trkpt>
<trkpt lon="-4.811747" lat="43.294235"><ele>291.25</ele></trkpt>
<trkpt lon="-4.811942" lat="43.294284"><ele>288.5</ele></trkpt>
<trkpt lon="-4.812013" lat="43.294302"><ele>289.0</ele></trkpt>
<trkpt lon="-4.812037" lat="43.294329"><ele>288.75</ele></trkpt>
<trkpt lon="-4.811970" lat="43.294471"><ele>283.5</ele></trkpt>
<trkpt lon="-4.812061" lat="43.294661"><ele>280.5</ele></trkpt>
<trkpt lon="-4.812125" lat="43.294880"><ele>275.25</ele></trkpt>
<trkpt lon="-4.812254" lat="43.295005"><ele>274.0</ele></trkpt>
<trkpt lon="-4.812222" lat="43.295173"><ele>268.5</ele></trkpt>
<trkpt lon="-4.812394" lat="43.295434"><ele>266.0</ele></trkpt>
<trkpt lon="-4.812453" lat="43.295653"><ele>262.25</ele></trkpt>
<trkpt lon="-4.812361" lat="43.295922"><ele>253.5</ele></trkpt>
<trkpt lon="-4.812458" lat="43.296164"><ele>253.5</ele></trkpt>
<trkpt lon="-4.812483" lat="43.296270"><ele>250.5</ele></trkpt>
<trkpt lon="-4.812708" lat="43.296558"><ele>248.5</ele></trkpt>
<trkpt lon="-4.812717" lat="43.296725"><ele>243.5</ele></trkpt>
<trkpt lon="-4.812984" lat="43.297066"><ele>240.0</ele></trkpt>
<trkpt lon="-4.812968" lat="43.297324"><ele>231.75</ele></trkpt>
<trkpt lon="-4.813027" lat="43.297515"><ele>228.0</ele></trkpt>
<trkpt lon="-4.813225" lat="43.297863"><ele>224.5</ele></trkpt>
<trkpt lon="-4.813220" lat="43.298003"><ele>218.25</ele></trkpt>
<trkpt lon="-4.813348" lat="43.298198"><ele>216.75</ele></trkpt>
<trkpt lon="-4.813538" lat="43.298357"><ele>216.0</ele></trkpt>
<trkpt lon="-4.813810" lat="43.298437"><ele>213.5</ele></trkpt>
<trkpt lon="-4.814288" lat="43.298488"><ele>208.0</ele></trkpt>
<trkpt lon="-4.814340" lat="43.298507"><ele>207.25</ele></trkpt>
<trkpt lon="-4.814507" lat="43.298609"><ele>202.0</ele></trkpt>
<trkpt lon="-4.814592" lat="43.298691"><ele>198.5</ele></trkpt>
<trkpt lon="-4.814640" lat="43.298715"><ele>197.5</ele></trkpt>
<trkpt lon="-4.814672" lat="43.298837"><ele>194.25</ele></trkpt>
<trkpt lon="-4.814848" lat="43.298907"><ele>190.75</ele></trkpt>
<trkpt lon="-4.815045" lat="43.298962"><ele>186.25</ele></trkpt>
<trkpt lon="-4.815169" lat="43.299017"><ele>182.25</ele></trkpt>
<trkpt lon="-4.815306" lat="43.299034"><ele>180.0</ele></trkpt>
<trkpt lon="-4.815371" lat="43.299124"><ele>175.75</ele></trkpt>
<trkpt lon="-4.815484" lat="43.299238"><ele>169.5</ele></trkpt>
<trkpt lon="-4.815885" lat="43.299291"><ele>163.0</ele></trkpt>
<trkpt lon="-4.816122" lat="43.299264"><ele>162.75</ele></trkpt>
<trkpt lon="-4.816385" lat="43.299352"><ele>157.75</ele></trkpt>
<trkpt lon="-4.816690" lat="43.299338"><ele>157.0</ele></trkpt>
<trkpt lon="-4.816991" lat="43.299471"><ele>148.5</ele></trkpt>
<trkpt lon="-4.817356" lat="43.299503"><ele>149.0</ele></trkpt>
<trkpt lon="-4.817411" lat="43.299511"><ele>148.75</ele></trkpt>
<trkpt lon="-4.817389" lat="43.299540"><ele>148.25</ele></trkpt>
<trkpt lon="-4.817386" lat="43.299601"><ele>147.0</ele></trkpt>
<trkpt lon="-4.817412" lat="43.299664"><ele>145.75</ele></trkpt>
<trkpt lon="-4.817438" lat="43.299693"><ele>145.25</ele></trkpt>
<trkpt lon="-4.817513" lat="43.299731"><ele>144.5</ele></trkpt>
<trkpt lon="-4.817565" lat="43.299743"><ele>144.0</ele></trkpt>
<trkpt lon="-4.817681" lat="43.299742"><ele>143.75</ele></trkpt>
<trkpt lon="-4.817745" lat="43.299726"><ele>144.0</ele></trkpt>
<trkpt lon="-4.817832" lat="43.299694"><ele>144.0</ele></trkpt>
<trkpt lon="-4.818270" lat="43.299522"><ele>142.0</ele></trkpt>
<trkpt lon="-4.818452" lat="43.299450"><ele>140.5</ele></trkpt>
<trkpt lon="-4.818731" lat="43.299327"><ele>140.5</ele></trkpt>
<trkpt lon="-4.818814" lat="43.299308"><ele>140.5</ele></trkpt>
<trkpt lon="-4.818883" lat="43.299306"><ele>140.5</ele></trkpt>
<trkpt lon="-4.818950" lat="43.299318"><ele>140.5</ele></trkpt>
<trkpt lon="-4.818948" lat="43.299268"><ele>140.5</ele></trkpt>
<trkpt lon="-4.818961" lat="43.299230"><ele>141.25</ele></trkpt>
<trkpt lon="-4.818979" lat="43.299263"><ele>140.0</ele></trkpt>
<trkpt lon="-4.819012" lat="43.299284"><ele>139.0</ele></trkpt>
<trkpt lon="-4.819318" lat="43.299379"><ele>138.75</ele></trkpt>
<trkpt lon="-4.819372" lat="43.299392"><ele>140.0</ele></trkpt>
<trkpt lon="-4.819369" lat="43.299338"><ele>139.5</ele></trkpt>
<trkpt lon="-4.819386" lat="43.299290"><ele>139.5</ele></trkpt>
<trkpt lon="-4.819405" lat="43.299268"><ele>139.5</ele></trkpt>
<trkpt lon="-4.819461" lat="43.299233"><ele>140.0</ele></trkpt>
<trkpt lon="-4.819545" lat="43.299190"><ele>141.0</ele></trkpt>
<trkpt lon="-4.819881" lat="43.299166"><ele>146.75</ele></trkpt>
<trkpt lon="-4.819968" lat="43.299142"><ele>147.5</ele></trkpt>
<trkpt lon="-4.820082" lat="43.299075"><ele>149.5</ele></trkpt>
<trkpt lon="-4.820097" lat="43.299056"><ele>149.5</ele></trkpt>
<trkpt lon="-4.820107" lat="43.299010"><ele>148.5</ele></trkpt>
<trkpt lon="-4.820122" lat="43.298980"><ele>148.25</ele></trkpt>
<trkpt lon="-4.820138" lat="43.298968"><ele>148.5</ele></trkpt>
<trkpt lon="-4.820174" lat="43.298967"><ele>150.0</ele></trkpt>
<trkpt lon="-4.820190" lat="43.298977"><ele>151.0</ele></trkpt>
<trkpt lon="-4.820195" lat="43.299014"><ele>152.25</ele></trkpt>
<trkpt lon="-4.820152" lat="43.299139"><ele>154.0</ele></trkpt>
<trkpt lon="-4.819938" lat="43.299431"><ele>157.0</ele></trkpt>
<trkpt lon="-4.819841" lat="43.299605"><ele>160.25</ele></trkpt>
<trkpt lon="-4.819827" lat="43.299652"><ele>161.25</ele></trkpt>
<trkpt lon="-4.819850" lat="43.299690"><ele>164.25</ele></trkpt>
<trkpt lon="-4.819888" lat="43.299705"><ele>167.5</ele></trkpt>
<trkpt lon="-4.819928" lat="43.299703"><ele>170.0</ele></trkpt>
<trkpt lon="-4.819962" lat="43.299690"><ele>171.5</ele></trkpt>
<trkpt lon="-4.820051" lat="43.299615"><ele>171.75</ele></trkpt>
<trkpt lon="-4.820462" lat="43.299193"><ele>174.25</ele></trkpt>
<trkpt lon="-4.820569" lat="43.299087"><ele>175.25</ele></trkpt>
<trkpt lon="-4.820715" lat="43.298961"><ele>175.5</ele></trkpt>
<trkpt lon="-4.820815" lat="43.298856"><ele>175.5</ele></trkpt>
<trkpt lon="-4.821086" lat="43.298469"><ele>177.0</ele></trkpt>
<trkpt lon="-4.821135" lat="43.298423"><ele>178.25</ele></trkpt>
<trkpt lon="-4.821265" lat="43.298351"><ele>183.0</ele></trkpt>
<trkpt lon="-4.821317" lat="43.298298"><ele>184.5</ele></trkpt>
<trkpt lon="-4.821334" lat="43.298258"><ele>184.25</ele></trkpt>
<trkpt lon="-4.821353" lat="43.298143"><ele>182.5</ele></trkpt>
<trkpt lon="-4.821389" lat="43.298005"><ele>182.25</ele></trkpt>
<trkpt lon="-4.821451" lat="43.297840"><ele>184.75</ele></trkpt>
<trkpt lon="-4.821600" lat="43.297527"><ele>187.75</ele></trkpt>
<trkpt lon="-4.821733" lat="43.297342"><ele>190.75</ele></trkpt>
<trkpt lon="-4.821820" lat="43.297235"><ele>192.25</ele></trkpt>
<trkpt lon="-4.821906" lat="43.297137"><ele>192.5</ele></trkpt>
<trkpt lon="-4.822008" lat="43.297050"><ele>195.75</ele></trkpt>
<trkpt lon="-4.822104" lat="43.296978"><ele>198.0</ele></trkpt>
<trkpt lon="-4.822219" lat="43.296906"><ele>199.75</ele></trkpt>
<trkpt lon="-4.822496" lat="43.296768"><ele>201.5</ele></trkpt>
<trkpt lon="-4.822845" lat="43.296621"><ele>209.25</ele></trkpt>
<trkpt lon="-4.823140" lat="43.296477"><ele>214.75</ele></trkpt>
<trkpt lon="-4.823255" lat="43.296427"><ele>215.25</ele></trkpt>
<trkpt lon="-4.823438" lat="43.296384"><ele>218.25</ele></trkpt>
<trkpt lon="-4.823557" lat="43.296331"><ele>220.25</ele></trkpt>
<trkpt lon="-4.823809" lat="43.296108"><ele>223.0</ele></trkpt>
<trkpt lon="-4.824205" lat="43.295797"><ele>227.5</ele></trkpt>
<trkpt lon="-4.824336" lat="43.295707"><ele>230.0</ele></trkpt>
<trkpt lon="-4.824536" lat="43.295606"><ele>233.25</ele></trkpt>
<trkpt lon="-4.824776" lat="43.295520"><ele>235.25</ele></trkpt>
<trkpt lon="-4.825404" lat="43.295404"><ele>247.75</ele></trkpt>
<trkpt lon="-4.825569" lat="43.295336"><ele>246.5</ele></trkpt>
<trkpt lon="-4.825650" lat="43.295274"><ele>246.25</ele></trkpt>
<trkpt lon="-4.825752" lat="43.295168"><ele>247.5</ele></trkpt>
<trkpt lon="-4.825982" lat="43.294866"><ele>250.0</ele></trkpt>
<trkpt lon="-4.826066" lat="43.294786"><ele>251.75</ele></trkpt>
<trkpt lon="-4.826293" lat="43.294627"><ele>256.5</ele></trkpt>
<trkpt lon="-4.826543" lat="43.294468"><ele>262.0</ele></trkpt>
<trkpt lon="-4.826584" lat="43.294383"><ele>262.75</ele></trkpt>
<trkpt lon="-4.826593" lat="43.294278"><ele>263.0</ele></trkpt>
<trkpt lon="-4.826622" lat="43.294183"><ele>264.5</ele></trkpt>
<trkpt lon="-4.826668" lat="43.294099"><ele>265.25</ele></trkpt>
<trkpt lon="-4.826810" lat="43.293928"><ele>269.25</ele></trkpt>
<trkpt lon="-4.826866" lat="43.293816"><ele>271.0</ele></trkpt>
<trkpt lon="-4.826883" lat="43.293604"><ele>271.0</ele></trkpt>
<trkpt lon="-4.826958" lat="43.293428"><ele>273.25</ele></trkpt>
<trkpt lon="-4.827024" lat="43.293317"><ele>275.75</ele></trkpt>
<trkpt lon="-4.827254" lat="43.293052"><ele>280.25</ele></trkpt>
<trkpt lon="-4.827326" lat="43.292999"><ele>283.0</ele></trkpt>
<trkpt lon="-4.827377" lat="43.292992"><ele>285.5</ele></trkpt>
<trkpt lon="-4.827416" lat="43.293002"><ele>287.75</ele></trkpt>
<trkpt lon="-4.827431" lat="43.293033"><ele>288.5</ele></trkpt>
<trkpt lon="-4.827429" lat="43.293063"><ele>288.75</ele></trkpt>
<trkpt lon="-4.827286" lat="43.293368"><ele>290.0</ele></trkpt>
<trkpt lon="-4.827286" lat="43.293489"><ele>291.75</ele></trkpt>
<trkpt lon="-4.827301" lat="43.293536"><ele>293.0</ele></trkpt>
<trkpt lon="-4.827351" lat="43.293571"><ele>296.25</ele></trkpt>
<trkpt lon="-4.827394" lat="43.293562"><ele>298.25</ele></trkpt>
<trkpt lon="-4.827426" lat="43.293467"><ele>298.25</ele></trkpt>
<trkpt lon="-4.827487" lat="43.293366"><ele>299.0</ele></trkpt>
<trkpt lon="-4.827552" lat="43.293291"><ele>300.5</ele></trkpt>
<trkpt lon="-4.827618" lat="43.293176"><ele>301.0</ele></trkpt>
<trkpt lon="-4.827823" lat="43.292950"><ele>307.75</ele></trkpt>
<trkpt lon="-4.827866" lat="43.292879"><ele>308.25</ele></trkpt>
<trkpt lon="-4.827905" lat="43.292754"><ele>307.75</ele></trkpt>
<trkpt lon="-4.827956" lat="43.292701"><ele>308.25</ele></trkpt>
<trkpt lon="-4.828051" lat="43.292668"><ele>310.25</ele></trkpt>
<trkpt lon="-4.828391" lat="43.292650"><ele>313.75</ele></trkpt>
<trkpt lon="-4.828748" lat="43.292615"><ele>317.75</ele></trkpt>
<trkpt lon="-4.829102" lat="43.292520"><ele>321.25</ele></trkpt>
<trkpt lon="-4.829690" lat="43.292294"><ele>323.5</ele></trkpt>
<trkpt lon="-4.829731" lat="43.292282"><ele>323.5</ele></trkpt>
<trkpt lon="-4.829771" lat="43.292282"><ele>324.0</ele></trkpt>
<trkpt lon="-4.829795" lat="43.292289"><ele>325.0</ele></trkpt>
<trkpt lon="-4.829797" lat="43.292308"><ele>326.5</ele></trkpt>
<trkpt lon="-4.829775" lat="43.292325"><ele>327.5</ele></trkpt>
<trkpt lon="-4.829710" lat="43.292342"><ele>327.5</ele></trkpt>
<trkpt lon="-4.829618" lat="43.292378"><ele>327.75</ele></trkpt>
<trkpt lon="-4.829169" lat="43.292619"><ele>329.25</ele></trkpt>
<trkpt lon="-4.828895" lat="43.292788"><ele>329.75</ele></trkpt>
<trkpt lon="-4.828747" lat="43.292865"><ele>330.5</ele></trkpt>
<trkpt lon="-4.828669" lat="43.292916"><ele>331.5</ele></trkpt>
<trkpt lon="-4.828380" lat="43.293132"><ele>334.25</ele></trkpt>
<trkpt lon="-4.828300" lat="43.293201"><ele>334.75</ele></trkpt>
<trkpt lon="-4.828187" lat="43.293329"><ele>336.25</ele></trkpt>
<trkpt lon="-4.828118" lat="43.293458"><ele>338.25</ele></trkpt>
<trkpt lon="-4.828043" lat="43.293669"><ele>341.25</ele></trkpt>
<trkpt lon="-4.828032" lat="43.293739"><ele>342.25</ele></trkpt>
<trkpt lon="-4.828055" lat="43.293782"><ele>344.5</ele></trkpt>
<trkpt lon="-4.828107" lat="43.293767"><ele>346.75</ele></trkpt>
<trkpt lon="-4.828265" lat="43.293555"><ele>348.5</ele></trkpt>
<trkpt lon="-4.828354" lat="43.293435"><ele>347.75</ele></trkpt>
<trkpt lon="-4.828407" lat="43.293381"><ele>347.75</ele></trkpt>
<trkpt lon="-4.828524" lat="43.293296"><ele>348.25</ele></trkpt>
<trkpt lon="-4.828603" lat="43.293264"><ele>349.5</ele></trkpt>
<trkpt lon="-4.828688" lat="43.293237"><ele>350.25</ele></trkpt>
<trkpt lon="-4.829064" lat="43.293169"><ele>356.25</ele></trkpt>
<trkpt lon="-4.829298" lat="43.293111"><ele>359.75</ele></trkpt>
<trkpt lon="-4.829667" lat="43.292954"><ele>364.5</ele></trkpt>
<trkpt lon="-4.829818" lat="43.292877"><ele>366.25</ele></trkpt>
<trkpt lon="-4.829945" lat="43.292833"><ele>367.75</ele></trkpt>
<trkpt lon="-4.830023" lat="43.292818"><ele>368.75</ele></trkpt>
<trkpt lon="-4.830114" lat="43.292812"><ele>369.25</ele></trkpt>
<trkpt lon="-4.830661" lat="43.292857"><ele>377.75</ele></trkpt>
<trkpt lon="-4.830768" lat="43.292831"><ele>379.0</ele></trkpt>
<trkpt lon="-4.831432" lat="43.292519"><ele>384.0</ele></trkpt>
<trkpt lon="-4.831604" lat="43.292477"><ele>386.25</ele></trkpt>
<trkpt lon="-4.831697" lat="43.292472"><ele>387.75</ele></trkpt>
<trkpt lon="-4.831840" lat="43.292480"><ele>389.0</ele></trkpt>
<trkpt lon="-4.831973" lat="43.292512"><ele>391.25</ele></trkpt>
<trkpt lon="-4.832057" lat="43.292540"><ele>392.0</ele></trkpt>
<trkpt lon="-4.832193" lat="43.292593"><ele>393.75</ele></trkpt>
<trkpt lon="-4.832377" lat="43.292682"><ele>397.0</ele></trkpt>
<trkpt lon="-4.832688" lat="43.292795"><ele>399.5</ele></trkpt>
<trkpt lon="-4.832887" lat="43.292893"><ele>400.75</ele></trkpt>
<trkpt lon="-4.832912" lat="43.292928"><ele>401.5</ele></trkpt>
<trkpt lon="-4.833531" lat="43.293199"><ele>405.5</ele></trkpt>
<trkpt lon="-4.833839" lat="43.293352"><ele>407.5</ele></trkpt>
<trkpt lon="-4.834416" lat="43.293588"><ele>406.75</ele></trkpt>
<trkpt lon="-4.834448" lat="43.293612"><ele>407.0</ele></trkpt>
<trkpt lon="-4.834496" lat="43.293669"><ele>407.0</ele></trkpt>
<trkpt lon="-4.834578" lat="43.293639"><ele>407.0</ele></trkpt>
<trkpt lon="-4.834657" lat="43.293627"><ele>406.75</ele></trkpt>
<trkpt lon="-4.834721" lat="43.293608"><ele>406.75</ele></trkpt>
<trkpt lon="-4.834783" lat="43.293575"><ele>407.0</ele></trkpt>
<trkpt lon="-4.835119" lat="43.293350"><ele>409.5</ele></trkpt>
<trkpt lon="-4.835250" lat="43.293285"><ele>411.25</ele></trkpt>
<trkpt lon="-4.835365" lat="43.293242"><ele>412.5</ele></trkpt>
<trkpt lon="-4.835524" lat="43.293221"><ele>414.25</ele></trkpt>
<trkpt lon="-4.835747" lat="43.293216"><ele>416.25</ele></trkpt>
<trkpt lon="-4.835881" lat="43.293241"><ele>417.0</ele></trkpt>
<trkpt lon="-4.835972" lat="43.293279"><ele>417.25</ele></trkpt>
<trkpt lon="-4.836068" lat="43.293306"><ele>418.0</ele></trkpt>
<trkpt lon="-4.836160" lat="43.293321"><ele>418.25</ele></trkpt>
<trkpt lon="-4.836236" lat="43.293325"><ele>418.5</ele></trkpt>
<trkpt lon="-4.836682" lat="43.293321"><ele>423.25</ele></trkpt>
<trkpt lon="-4.836765" lat="43.293313"><ele>424.0</ele></trkpt>
<trkpt lon="-4.836810" lat="43.293278"><ele>425.25</ele></trkpt>
<trkpt lon="-4.836815" lat="43.293237"><ele>426.25</ele></trkpt>
<trkpt lon="-4.836792" lat="43.293192"><ele>427.0</ele></trkpt>
<trkpt lon="-4.836621" lat="43.293045"><ele>427.75</ele></trkpt>
<trkpt lon="-4.836598" lat="43.293007"><ele>428.75</ele></trkpt>
<trkpt lon="-4.836587" lat="43.292972"><ele>429.5</ele></trkpt>
<trkpt lon="-4.836609" lat="43.292950"><ele>430.25</ele></trkpt>
<trkpt lon="-4.836640" lat="43.292947"><ele>430.75</ele></trkpt>
<trkpt lon="-4.836689" lat="43.292954"><ele>431.25</ele></trkpt>
<trkpt lon="-4.836725" lat="43.292976"><ele>431.25</ele></trkpt>
<trkpt lon="-4.836782" lat="43.293020"><ele>431.0</ele></trkpt>
<trkpt lon="-4.836854" lat="43.293055"><ele>431.25</ele></trkpt>
<trkpt lon="-4.837012" lat="43.293099"><ele>432.25</ele></trkpt>
<trkpt lon="-4.837105" lat="43.293104"><ele>432.75</ele></trkpt>
<trkpt lon="-4.837327" lat="43.293088"><ele>435.5</ele></trkpt>
<trkpt lon="-4.837668" lat="43.293091"><ele>439.5</ele></trkpt>
<trkpt lon="-4.838141" lat="43.293113"><ele>443.25</ele></trkpt>
<trkpt lon="-4.838259" lat="43.293098"><ele>444.25</ele></trkpt>
<trkpt lon="-4.838490" lat="43.293035"><ele>447.5</ele></trkpt>
<trkpt lon="-4.838664" lat="43.293037"><ele>449.0</ele></trkpt>
<trkpt lon="-4.838978" lat="43.293068"><ele>451.5</ele></trkpt>
<trkpt lon="-4.839232" lat="43.293075"><ele>453.5</ele></trkpt>
<trkpt lon="-4.839330" lat="43.293071"><ele>454.0</ele></trkpt>
<trkpt lon="-4.839695" lat="43.293028"><ele>459.0</ele></trkpt>
<trkpt lon="-4.840046" lat="43.292971"><ele>463.0</ele></trkpt>
<trkpt lon="-4.840198" lat="43.292949"><ele>465.75</ele></trkpt>
<trkpt lon="-4.840451" lat="43.292954"><ele>467.5</ele></trkpt>
<trkpt lon="-4.840603" lat="43.292929"><ele>470.0</ele></trkpt>
<trkpt lon="-4.841078" lat="43.292878"><ele>477.0</ele></trkpt>
<trkpt lon="-4.841829" lat="43.292841"><ele>482.5</ele></trkpt>
<trkpt lon="-4.842526" lat="43.292825"><ele>488.0</ele></trkpt>
<trkpt lon="-4.842766" lat="43.292844"><ele>490.75</ele></trkpt>
<trkpt lon="-4.843037" lat="43.292846"><ele>492.75</ele></trkpt>
<trkpt lon="-4.843366" lat="43.292869"><ele>498.5</ele></trkpt>
<trkpt lon="-4.843751" lat="43.292913"><ele>501.25</ele></trkpt>
<trkpt lon="-4.843998" lat="43.292963"><ele>502.75</ele></trkpt>
<trkpt lon="-4.844410" lat="43.293016"><ele>504.0</ele></trkpt>
<trkpt lon="-4.844657" lat="43.293005"><ele>508.25</ele></trkpt>
<trkpt lon="-4.844945" lat="43.293000"><ele>510.0</ele></trkpt>
<trkpt lon="-4.845275" lat="43.293014"><ele>511.25</ele></trkpt>
<trkpt lon="-4.845534" lat="43.293063"><ele>514.75</ele></trkpt>
<trkpt lon="-4.845776" lat="43.293223"><ele>511.75</ele></trkpt>
<trkpt lon="-4.846036" lat="43.293361"><ele>512.75</ele></trkpt>
<trkpt lon="-4.846229" lat="43.293433"><ele>514.75</ele></trkpt>
<trkpt lon="-4.846540" lat="43.293497"><ele>518.5</ele></trkpt>
<trkpt lon="-4.846551" lat="43.293486"><ele>519.25</ele></trkpt>
<trkpt lon="-4.846575" lat="43.293482"><ele>520.0</ele></trkpt>
<trkpt lon="-4.846853" lat="43.293490"><ele>523.0</ele></trkpt>
<trkpt lon="-4.847054" lat="43.293509"><ele>527.0</ele></trkpt>
<trkpt lon="-4.847206" lat="43.293560"><ele>530.0</ele></trkpt>
<trkpt lon="-4.847430" lat="43.293728"><ele>530.5</ele></trkpt>
<trkpt lon="-4.847555" lat="43.293852"><ele>529.0</ele></trkpt>
<trkpt lon="-4.847637" lat="43.293963"><ele>529.25</ele></trkpt>
<trkpt lon="-4.847659" lat="43.293968"><ele>530.0</ele></trkpt>
<trkpt lon="-4.847690" lat="43.293962"><ele>531.25</ele></trkpt>
<trkpt lon="-4.847709" lat="43.293941"><ele>532.25</ele></trkpt>
<trkpt lon="-4.847709" lat="43.293908"><ele>532.75</ele></trkpt>
<trkpt lon="-4.847601" lat="43.293726"><ele>538.0</ele></trkpt>
<trkpt lon="-4.847531" lat="43.293632"><ele>540.0</ele></trkpt>
<trkpt lon="-4.847512" lat="43.293586"><ele>542.0</ele></trkpt>
<trkpt lon="-4.847533" lat="43.293573"><ele>543.75</ele></trkpt>
<trkpt lon="-4.847559" lat="43.293574"><ele>544.75</ele></trkpt>
<trkpt lon="-4.847756" lat="43.293715"><ele>545.0</ele></trkpt>
<trkpt lon="-4.848094" lat="43.293943"><ele>547.0</ele></trkpt>
<trkpt lon="-4.848356" lat="43.294063"><ele>550.75</ele></trkpt>
<trkpt lon="-4.848399" lat="43.294081"><ele>551.5</ele></trkpt>
<trkpt lon="-4.848550" lat="43.294177"><ele>553.5</ele></trkpt>
<trkpt lon="-4.848730" lat="43.294315"><ele>556.0</ele></trkpt>
<trkpt lon="-4.848850" lat="43.294396"><ele>557.25</ele></trkpt>
<trkpt lon="-4.848899" lat="43.294401"><ele>558.5</ele></trkpt>
<trkpt lon="-4.848922" lat="43.294392"><ele>559.5</ele></trkpt>
<trkpt lon="-4.848922" lat="43.294359"><ele>560.5</ele></trkpt>
<trkpt lon="-4.848843" lat="43.294289"><ele>560.5</ele></trkpt>
<trkpt lon="-4.848712" lat="43.293983"><ele>565.5</ele></trkpt>
<trkpt lon="-4.848679" lat="43.293937"><ele>565.75</ele></trkpt>
<trkpt lon="-4.848565" lat="43.293835"><ele>566.0</ele></trkpt>
<trkpt lon="-4.848570" lat="43.293800"><ele>567.75</ele></trkpt>
<trkpt lon="-4.848607" lat="43.293798"><ele>569.0</ele></trkpt>
<trkpt lon="-4.848649" lat="43.293813"><ele>569.75</ele></trkpt>
<trkpt lon="-4.848717" lat="43.293863"><ele>569.75</ele></trkpt>
<trkpt lon="-4.849175" lat="43.294140"><ele>575.25</ele></trkpt>
<trkpt lon="-4.849336" lat="43.294244"><ele>576.75</ele></trkpt>
<trkpt lon="-4.849496" lat="43.294316"><ele>579.0</ele></trkpt>
<trkpt lon="-4.849562" lat="43.294356"><ele>579.25</ele></trkpt>
<trkpt lon="-4.849615" lat="43.294398"><ele>579.25</ele></trkpt>
<trkpt lon="-4.849741" lat="43.294558"><ele>581.0</ele></trkpt>
<trkpt lon="-4.849767" lat="43.294604"><ele>581.25</ele></trkpt>
<trkpt lon="-4.849800" lat="43.294733"><ele>581.75</ele></trkpt>
<trkpt lon="-4.849810" lat="43.294747"><ele>582.5</ele></trkpt>
<trkpt lon="-4.849841" lat="43.294752"><ele>583.25</ele></trkpt>
<trkpt lon="-4.849876" lat="43.294740"><ele>583.75</ele></trkpt>
<trkpt lon="-4.849931" lat="43.294702"><ele>584.5</ele></trkpt>
<trkpt lon="-4.849991" lat="43.294615"><ele>586.5</ele></trkpt>
<trkpt lon="-4.850003" lat="43.294536"><ele>587.25</ele></trkpt>
<trkpt lon="-4.849995" lat="43.294494"><ele>587.5</ele></trkpt>
<trkpt lon="-4.849926" lat="43.294299"><ele>591.0</ele></trkpt>
<trkpt lon="-4.849780" lat="43.294071"><ele>595.25</ele></trkpt>
<trkpt lon="-4.849568" lat="43.293839"><ele>599.25</ele></trkpt>
<trkpt lon="-4.849444" lat="43.293720"><ele>601.25</ele></trkpt>
<trkpt lon="-4.849141" lat="43.293470"><ele>602.5</ele></trkpt>
<trkpt lon="-4.849120" lat="43.293436"><ele>603.5</ele></trkpt>
<trkpt lon="-4.849131" lat="43.293422"><ele>604.5</ele></trkpt>
<trkpt lon="-4.849163" lat="43.293424"><ele>605.5</ele></trkpt>
<trkpt lon="-4.849191" lat="43.293435"><ele>606.0</ele></trkpt>
<trkpt lon="-4.849245" lat="43.293476"><ele>605.75</ele></trkpt>
<trkpt lon="-4.849308" lat="43.293513"><ele>606.0</ele></trkpt>
<trkpt lon="-4.849394" lat="43.293552"><ele>607.0</ele></trkpt>
<trkpt lon="-4.849807" lat="43.293713"><ele>611.25</ele></trkpt>
<trkpt lon="-4.850115" lat="43.293825"><ele>614.0</ele></trkpt>
<trkpt lon="-4.850211" lat="43.293872"><ele>614.75</ele></trkpt>
<trkpt lon="-4.850403" lat="43.293927"><ele>616.5</ele></trkpt>
<trkpt lon="-4.850637" lat="43.293977"><ele>618.25</ele></trkpt>
<trkpt lon="-4.850725" lat="43.293986"><ele>618.75</ele></trkpt>
<trkpt lon="-4.851044" lat="43.293988"><ele>620.75</ele></trkpt>
<trkpt lon="-4.851246" lat="43.293983"><ele>621.25</ele></trkpt>
<trkpt lon="-4.851259" lat="43.293963"><ele>622.0</ele></trkpt>
<trkpt lon="-4.851362" lat="43.293935"><ele>623.0</ele></trkpt>
<trkpt lon="-4.851950" lat="43.293810"><ele>626.5</ele></trkpt>
<trkpt lon="-4.852211" lat="43.293728"><ele>628.75</ele></trkpt>
<trkpt lon="-4.852296" lat="43.293706"><ele>629.5</ele></trkpt>
<trkpt lon="-4.852569" lat="43.293663"><ele>630.5</ele></trkpt>
<trkpt lon="-4.852728" lat="43.293622"><ele>632.5</ele></trkpt>
<trkpt lon="-4.852807" lat="43.293612"><ele>633.0</ele></trkpt>
<trkpt lon="-4.852909" lat="43.293603"><ele>634.5</ele></trkpt>
<trkpt lon="-4.852977" lat="43.293603"><ele>635.0</ele></trkpt>
<trkpt lon="-4.853038" lat="43.293610"><ele>634.75</ele></trkpt>
<trkpt lon="-4.853154" lat="43.293636"><ele>636.25</ele></trkpt>
<trkpt lon="-4.853452" lat="43.293726"><ele>636.75</ele></trkpt>
<trkpt lon="-4.853547" lat="43.293737"><ele>637.25</ele></trkpt>
<trkpt lon="-4.853597" lat="43.293736"><ele>638.0</ele></trkpt>
<trkpt lon="-4.853659" lat="43.293724"><ele>638.0</ele></trkpt>
<trkpt lon="-4.853721" lat="43.293699"><ele>638.25</ele></trkpt>
<trkpt lon="-4.853798" lat="43.293654"><ele>639.25</ele></trkpt>
<trkpt lon="-4.854211" lat="43.293386"><ele>642.75</ele></trkpt>
<trkpt lon="-4.854361" lat="43.293315"><ele>643.75</ele></trkpt>
<trkpt lon="-4.854658" lat="43.293198"><ele>646.5</ele></trkpt>
<trkpt lon="-4.854728" lat="43.293184"><ele>646.5</ele></trkpt>
<trkpt lon="-4.854791" lat="43.293181"><ele>648.0</ele></trkpt>
<trkpt lon="-4.854846" lat="43.293193"><ele>648.5</ele></trkpt>
<trkpt lon="-4.854911" lat="43.293225"><ele>648.75</ele></trkpt>
<trkpt lon="-4.855036" lat="43.293338"><ele>648.25</ele></trkpt>
<trkpt lon="-4.855103" lat="43.293410"><ele>648.0</ele></trkpt>
<trkpt lon="-4.855144" lat="43.293441"><ele>648.25</ele></trkpt>
<trkpt lon="-4.855198" lat="43.293470"><ele>648.75</ele></trkpt>
<trkpt lon="-4.855595" lat="43.293622"><ele>651.0</ele></trkpt>
<trkpt lon="-4.855724" lat="43.293709"><ele>652.0</ele></trkpt>
<trkpt lon="-4.855822" lat="43.293805"><ele>652.0</ele></trkpt>
<trkpt lon="-4.855874" lat="43.293889"><ele>649.5</ele></trkpt>
<trkpt lon="-4.855898" lat="43.293909"><ele>648.75</ele></trkpt>
<trkpt lon="-4.855937" lat="43.293923"><ele>648.25</ele></trkpt>
<trkpt lon="-4.856070" lat="43.293935"><ele>649.75</ele></trkpt>
<trkpt lon="-4.856172" lat="43.293935"><ele>650.75</ele></trkpt>
<trkpt lon="-4.856334" lat="43.293920"><ele>652.5</ele></trkpt>
<trkpt lon="-4.856541" lat="43.293884"><ele>653.5</ele></trkpt>
<trkpt lon="-4.856654" lat="43.293851"><ele>653.75</ele></trkpt>
<trkpt lon="-4.856969" lat="43.293679"><ele>656.0</ele></trkpt>
<trkpt lon="-4.857041" lat="43.293649"><ele>656.75</ele></trkpt>
<trkpt lon="-4.857183" lat="43.293613"><ele>657.25</ele></trkpt>
<trkpt lon="-4.857456" lat="43.293571"><ele>659.0</ele></trkpt>
<trkpt lon="-4.857546" lat="43.293573"><ele>659.5</ele></trkpt>
<trkpt lon="-4.857711" lat="43.293594"><ele>659.75</ele></trkpt>
<trkpt lon="-4.858121" lat="43.293702"><ele>662.75</ele></trkpt>
<trkpt lon="-4.858318" lat="43.293729"><ele>664.0</ele></trkpt>
<trkpt lon="-4.858481" lat="43.293740"><ele>664.5</ele></trkpt>
<trkpt lon="-4.858607" lat="43.293736"><ele>666.0</ele></trkpt>
<trkpt lon="-4.858783" lat="43.293721"><ele>668.25</ele></trkpt>
<trkpt lon="-4.859014" lat="43.293719"><ele>670.75</ele></trkpt>
<trkpt lon="-4.859119" lat="43.293730"><ele>671.5</ele></trkpt>
<trkpt lon="-4.859305" lat="43.293764"><ele>671.25</ele></trkpt>
<trkpt lon="-4.859406" lat="43.293774"><ele>671.5</ele></trkpt>
<trkpt lon="-4.860084" lat="43.293927"><ele>674.5</ele></trkpt>
<trkpt lon="-4.860350" lat="43.294026"><ele>675.75</ele></trkpt>
<trkpt lon="-4.860505" lat="43.294098"><ele>677.75</ele></trkpt>
<trkpt lon="-4.860571" lat="43.294105"><ele>679.25</ele></trkpt>
<trkpt lon="-4.860676" lat="43.294090"><ele>679.5</ele></trkpt>
<trkpt lon="-4.861144" lat="43.293977"><ele>683.75</ele></trkpt>
<trkpt lon="-4.861646" lat="43.293842"><ele>689.75</ele></trkpt>
<trkpt lon="-4.861785" lat="43.293815"><ele>691.5</ele></trkpt>
<trkpt lon="-4.862200" lat="43.293767"><ele>694.75</ele></trkpt>
<trkpt lon="-4.862778" lat="43.293670"><ele>699.75</ele></trkpt>
<trkpt lon="-4.863068" lat="43.293599"><ele>703.75</ele></trkpt>
<trkpt lon="-4.863195" lat="43.293585"><ele>705.0</ele></trkpt>
<trkpt lon="-4.863303" lat="43.293563"><ele>706.5</ele></trkpt>
<trkpt lon="-4.863545" lat="43.293527"><ele>707.25</ele></trkpt>
<trkpt lon="-4.863789" lat="43.293480"><ele>709.25</ele></trkpt>
<trkpt lon="-4.864158" lat="43.293455"><ele>711.5</ele></trkpt>
<trkpt lon="-4.864283" lat="43.293462"><ele>712.5</ele></trkpt>
<trkpt lon="-4.864384" lat="43.293474"><ele>713.0</ele></trkpt>
<trkpt lon="-4.864442" lat="43.293473"><ele>713.75</ele></trkpt>
<trkpt lon="-4.864473" lat="43.293459"><ele>715.0</ele></trkpt>
<trkpt lon="-4.864470" lat="43.293431"><ele>716.5</ele></trkpt>
<trkpt lon="-4.864446" lat="43.293399"><ele>718.0</ele></trkpt>
<trkpt lon="-4.864365" lat="43.293365"><ele>719.25</ele></trkpt>
<trkpt lon="-4.864197" lat="43.293319"><ele>720.25</ele></trkpt>
<trkpt lon="-4.864115" lat="43.293284"><ele>722.25</ele></trkpt>
<trkpt lon="-4.863886" lat="43.293206"><ele>726.5</ele></trkpt>
<trkpt lon="-4.863785" lat="43.293190"><ele>728.5</ele></trkpt>
<trkpt lon="-4.863482" lat="43.293159"><ele>733.75</ele></trkpt>
<trkpt lon="-4.863316" lat="43.293129"><ele>738.0</ele></trkpt>
<trkpt lon="-4.863167" lat="43.293111"><ele>740.75</ele></trkpt>
<trkpt lon="-4.862567" lat="43.293020"><ele>752.25</ele></trkpt>
<trkpt lon="-4.862384" lat="43.292965"><ele>755.25</ele></trkpt>
<trkpt lon="-4.861875" lat="43.292686"><ele>763.5</ele></trkpt>
<trkpt lon="-4.861641" lat="43.292484"><ele>774.25</ele></trkpt>
<trkpt lon="-4.861548" lat="43.292434"><ele>778.0</ele></trkpt>
<trkpt lon="-4.861441" lat="43.292404"><ele>780.25</ele></trkpt>
<trkpt lon="-4.861554" lat="43.292334"><ele>784.25</ele></trkpt>
<trkpt lon="-4.861683" lat="43.292317"><ele>785.5</ele></trkpt>
<trkpt lon="-4.861930" lat="43.292321"><ele>788.0</ele></trkpt>
<trkpt lon="-4.862016" lat="43.292305"><ele>790.5</ele></trkpt>
<trkpt lon="-4.862193" lat="43.292321"><ele>792.25</ele></trkpt>
<trkpt lon="-4.862515" lat="43.292313"><ele>798.75</ele></trkpt>
<trkpt lon="-4.862640" lat="43.292324"><ele>801.25</ele></trkpt>
<trkpt lon="-4.862692" lat="43.292357"><ele>800.5</ele></trkpt>
<trkpt lon="-4.862753" lat="43.292354"><ele>802.25</ele></trkpt>
<trkpt lon="-4.862789" lat="43.292335"><ele>804.0</ele></trkpt>
<trkpt lon="-4.862792" lat="43.292309"><ele>805.5</ele></trkpt>
<trkpt lon="-4.862779" lat="43.292288"><ele>806.75</ele></trkpt>
<trkpt lon="-4.862684" lat="43.292236"><ele>807.75</ele></trkpt>
<trkpt lon="-4.862586" lat="43.292165"><ele>812.5</ele></trkpt>
<trkpt lon="-4.862377" lat="43.292083"><ele>819.75</ele></trkpt>
<trkpt lon="-4.862521" lat="43.292069"><ele>821.5</ele></trkpt>
<trkpt lon="-4.862960" lat="43.292087"><ele>827.5</ele></trkpt>
<trkpt lon="-4.863432" lat="43.292079"><ele>833.75</ele></trkpt>
<trkpt lon="-4.863618" lat="43.292065"><ele>837.25</ele></trkpt>
<trkpt lon="-4.863770" lat="43.292075"><ele>841.75</ele></trkpt>
<trkpt lon="-4.864057" lat="43.292128"><ele>847.25</ele></trkpt>
<trkpt lon="-4.864117" lat="43.292158"><ele>845.75</ele></trkpt>
<trkpt lon="-4.864246" lat="43.292195"><ele>845.0</ele></trkpt>
<trkpt lon="-4.864358" lat="43.292208"><ele>847.0</ele></trkpt>
<trkpt lon="-4.864641" lat="43.292193"><ele>855.25</ele></trkpt>
<trkpt lon="-4.864870" lat="43.292212"><ele>860.5</ele></trkpt>
<trkpt lon="-4.864832" lat="43.292133"><ele>867.75</ele></trkpt>
<trkpt lon="-4.864754" lat="43.292094"><ele>869.25</ele></trkpt>
<trkpt lon="-4.864562" lat="43.292067"><ele>872.0</ele></trkpt>
<trkpt lon="-4.864485" lat="43.292037"><ele>876.75</ele></trkpt>
<trkpt lon="-4.864606" lat="43.292009"><ele>879.75</ele></trkpt>
<trkpt lon="-4.864827" lat="43.291977"><ele>885.25</ele></trkpt>
<trkpt lon="-4.864988" lat="43.291981"><ele>889.75</ele></trkpt>
<trkpt lon="-4.864938" lat="43.291956"><ele>890.75</ele></trkpt>
<trkpt lon="-4.864715" lat="43.291901"><ele>891.0</ele></trkpt>
<trkpt lon="-4.864624" lat="43.291898"><ele>893.0</ele></trkpt>
<trkpt lon="-4.864683" lat="43.291875"><ele>894.5</ele></trkpt>
<trkpt lon="-4.864889" lat="43.291831"><ele>902.75</ele></trkpt>
<trkpt lon="-4.864988" lat="43.291833"><ele>904.75</ele></trkpt>
<trkpt lon="-4.865107" lat="43.291862"><ele>909.75</ele></trkpt>
<trkpt lon="-4.865075" lat="43.291812"><ele>912.0</ele></trkpt>
<trkpt lon="-4.864903" lat="43.291756"><ele>911.0</ele></trkpt>
<trkpt lon="-4.864737" lat="43.291721"><ele>911.75</ele></trkpt>
<trkpt lon="-4.864664" lat="43.291712"><ele>912.75</ele></trkpt>
<trkpt lon="-4.864556" lat="43.291725"><ele>911.5</ele></trkpt>
<trkpt lon="-4.864458" lat="43.291701"><ele>913.75</ele></trkpt>
<trkpt lon="-4.864398" lat="43.291677"><ele>914.5</ele></trkpt>
<trkpt lon="-4.864280" lat="43.291579"><ele>918.75</ele></trkpt>
<trkpt lon="-4.864183" lat="43.291529"><ele>920.5</ele></trkpt>
<trkpt lon="-4.863939" lat="43.291470"><ele>922.75</ele></trkpt>
<trkpt lon="-4.863876" lat="43.291441"><ele>923.5</ele></trkpt>
<trkpt lon="-4.863995" lat="43.291396"><ele>927.75</ele></trkpt>
<trkpt lon="-4.864116" lat="43.291384"><ele>931.25</ele></trkpt>
<trkpt lon="-4.864199" lat="43.291403"><ele>931.0</ele></trkpt>
<trkpt lon="-4.864323" lat="43.291403"><ele>932.0</ele></trkpt>
<trkpt lon="-4.864559" lat="43.291341"><ele>937.0</ele></trkpt>
<trkpt lon="-4.864595" lat="43.291316"><ele>937.5</ele></trkpt>
<trkpt lon="-4.864645" lat="43.291307"><ele>938.0</ele></trkpt>
<trkpt lon="-4.864749" lat="43.291339"><ele>940.0</ele></trkpt>
<trkpt lon="-4.864817" lat="43.291344"><ele>942.25</ele></trkpt>
<trkpt lon="-4.864868" lat="43.291331"><ele>943.75</ele></trkpt>
<trkpt lon="-4.865003" lat="43.291243"><ele>948.0</ele></trkpt>
<trkpt lon="-4.865038" lat="43.291228"><ele>949.0</ele></trkpt>
<trkpt lon="-4.865090" lat="43.291251"><ele>950.5</ele></trkpt>
<trkpt lon="-4.865227" lat="43.291281"><ele>954.5</ele></trkpt>
<trkpt lon="-4.865301" lat="43.291248"><ele>956.25</ele></trkpt>
<trkpt lon="-4.865505" lat="43.291246"><ele>959.5</ele></trkpt>
<trkpt lon="-4.865650" lat="43.291192"><ele>959.0</ele></trkpt>
<trkpt lon="-4.865692" lat="43.291104"><ele>959.0</ele></trkpt>
<trkpt lon="-4.865696" lat="43.291012"><ele>960.25</ele></trkpt>
<trkpt lon="-4.865605" lat="43.290879"><ele>963.25</ele></trkpt>
<trkpt lon="-4.865234" lat="43.290633"><ele>969.75</ele></trkpt>
<trkpt lon="-4.865164" lat="43.290553"><ele>972.25</ele></trkpt>
<trkpt lon="-4.865031" lat="43.290460"><ele>975.0</ele></trkpt>
<trkpt lon="-4.864845" lat="43.290363"><ele>977.0</ele></trkpt>
<trkpt lon="-4.864738" lat="43.290294"><ele>979.25</ele></trkpt>
<trkpt lon="-4.864698" lat="43.290234"><ele>981.25</ele></trkpt>
<trkpt lon="-4.864543" lat="43.290146"><ele>983.0</ele></trkpt>
<trkpt lon="-4.864351" lat="43.289967"><ele>988.5</ele></trkpt>
<trkpt lon="-4.864135" lat="43.289849"><ele>991.5</ele></trkpt>
<trkpt lon="-4.863969" lat="43.289710"><ele>997.0</ele></trkpt>
<trkpt lon="-4.863817" lat="43.289666"><ele>997.25</ele></trkpt>
<trkpt lon="-4.863582" lat="43.289548"><ele>1001.75</ele></trkpt>
<trkpt lon="-4.863490" lat="43.289495"><ele>1004.0</ele></trkpt>
<trkpt lon="-4.863426" lat="43.289436"><ele>1006.75</ele></trkpt>
<trkpt lon="-4.863354" lat="43.289412"><ele>1007.0</ele></trkpt>
<trkpt lon="-4.863274" lat="43.289391"><ele>1008.5</ele></trkpt>
<trkpt lon="-4.863107" lat="43.289386"><ele>1010.5</ele></trkpt>
<trkpt lon="-4.862997" lat="43.289400"><ele>1010.75</ele></trkpt>
<trkpt lon="-4.862905" lat="43.289399"><ele>1011.25</ele></trkpt>
<trkpt lon="-4.862789" lat="43.289410"><ele>1011.75</ele></trkpt>
<trkpt lon="-4.862625" lat="43.289353"><ele>1015.5</ele></trkpt>
<trkpt lon="-4.862571" lat="43.289300"><ele>1017.0</ele></trkpt>
<trkpt lon="-4.862470" lat="43.289219"><ele>1018.75</ele></trkpt>
<trkpt lon="-4.862337" lat="43.289144"><ele>1018.75</ele></trkpt>
<trkpt lon="-4.862233" lat="43.289042"><ele>1016.75</ele></trkpt>
<trkpt lon="-4.862190" lat="43.288925"><ele>1013.25</ele></trkpt>
<trkpt lon="-4.862119" lat="43.288795"><ele>1009.75</ele></trkpt>
<trkpt lon="-4.862066" lat="43.288624"><ele>1007.5</ele></trkpt>
<trkpt lon="-4.862099" lat="43.288378"><ele>1007.25</ele></trkpt>
<trkpt lon="-4.862111" lat="43.288209"><ele>1006.75</ele></trkpt>
<trkpt lon="-4.862099" lat="43.287978"><ele>1006.75</ele></trkpt>
<trkpt lon="-4.862083" lat="43.287863"><ele>1008.25</ele></trkpt>
<trkpt lon="-4.862009" lat="43.287596"><ele>1012.5</ele></trkpt>
<trkpt lon="-4.861952" lat="43.287460"><ele>1014.0</ele></trkpt>
<trkpt lon="-4.861944" lat="43.287356"><ele>1017.5</ele></trkpt>
<trkpt lon="-4.861822" lat="43.287069"><ele>1023.75</ele></trkpt>
<trkpt lon="-4.861675" lat="43.286821"><ele>1028.0</ele></trkpt>
<trkpt lon="-4.861595" lat="43.286625"><ele>1030.25</ele></trkpt>
<trkpt lon="-4.861599" lat="43.286571"><ele>1028.75</ele></trkpt>
<trkpt lon="-4.861646" lat="43.286529"><ele>1028.5</ele></trkpt>
<trkpt lon="-4.861723" lat="43.286505"><ele>1029.5</ele></trkpt>
<trkpt lon="-4.861881" lat="43.286439"><ele>1030.5</ele></trkpt>
<trkpt lon="-4.861997" lat="43.286405"><ele>1032.0</ele></trkpt>
<trkpt lon="-4.862122" lat="43.286342"><ele>1032.25</ele></trkpt>
<trkpt lon="-4.862198" lat="43.286319"><ele>1033.0</ele></trkpt>
<trkpt lon="-4.862387" lat="43.286229"><ele>1032.75</ele></trkpt>
<trkpt lon="-4.862805" lat="43.286120"><ele>1038.25</ele></trkpt>
<trkpt lon="-4.862865" lat="43.286078"><ele>1037.75</ele></trkpt>
<trkpt lon="-4.862950" lat="43.286049"><ele>1039.0</ele></trkpt>
<trkpt lon="-4.863097" lat="43.285954"><ele>1039.0</ele></trkpt>
<trkpt lon="-4.863235" lat="43.285893"><ele>1040.75</ele></trkpt>
<trkpt lon="-4.863318" lat="43.285877"><ele>1042.75</ele></trkpt>
<trkpt lon="-4.863456" lat="43.285807"><ele>1044.25</ele></trkpt>
<trkpt lon="-4.863570" lat="43.285766"><ele>1048.25</ele></trkpt>
<trkpt lon="-4.863662" lat="43.285753"><ele>1052.5</ele></trkpt>
<trkpt lon="-4.863729" lat="43.285766"><ele>1055.5</ele></trkpt>
<trkpt lon="-4.863758" lat="43.285748"><ele>1057.25</ele></trkpt>
<trkpt lon="-4.863669" lat="43.285609"><ele>1053.75</ele></trkpt>
<trkpt lon="-4.863654" lat="43.285555"><ele>1053.25</ele></trkpt>
<trkpt lon="-4.863582" lat="43.285479"><ele>1049.75</ele></trkpt>
<trkpt lon="-4.863531" lat="43.285387"><ele>1049.0</ele></trkpt>
<trkpt lon="-4.863490" lat="43.285276"><ele>1049.5</ele></trkpt>
<trkpt lon="-4.863415" lat="43.285047"><ele>1049.25</ele></trkpt>
<trkpt lon="-4.863417" lat="43.285003"><ele>1050.25</ele></trkpt>
<trkpt lon="-4.863477" lat="43.284818"><ele>1049.5</ele></trkpt>
<trkpt lon="-4.863720" lat="43.284677"><ele>1053.5</ele></trkpt>
<trkpt lon="-4.863770" lat="43.284669"><ele>1054.75</ele></trkpt>
<trkpt lon="-4.863896" lat="43.284603"><ele>1056.5</ele></trkpt>
<trkpt lon="-4.863965" lat="43.284585"><ele>1059.0</ele></trkpt>
<trkpt lon="-4.864087" lat="43.284512"><ele>1061.75</ele></trkpt>
<trkpt lon="-4.864143" lat="43.284427"><ele>1062.0</ele></trkpt>
<trkpt lon="-4.864143" lat="43.284228"><ele>1067.0</ele></trkpt>
<trkpt lon="-4.864116" lat="43.284193"><ele>1066.25</ele></trkpt>
<trkpt lon="-4.864118" lat="43.284154"><ele>1067.0</ele></trkpt>
<trkpt lon="-4.864102" lat="43.284112"><ele>1066.75</ele></trkpt>
<trkpt lon="-4.864101" lat="43.284073"><ele>1067.25</ele></trkpt>
<trkpt lon="-4.864166" lat="43.283955"><ele>1073.0</ele></trkpt>
<trkpt lon="-4.864162" lat="43.283924"><ele>1073.0</ele></trkpt>
<trkpt lon="-4.864190" lat="43.283903"><ele>1075.0</ele></trkpt>
<trkpt lon="-4.864201" lat="43.283843"><ele>1075.75</ele></trkpt>
<trkpt lon="-4.864264" lat="43.283712"><ele>1079.0</ele></trkpt>
<trkpt lon="-4.864287" lat="43.283627"><ele>1080.0</ele></trkpt>
<trkpt lon="-4.864327" lat="43.283583"><ele>1081.0</ele></trkpt>
<trkpt lon="-4.864348" lat="43.283529"><ele>1079.75</ele></trkpt>
<trkpt lon="-4.864390" lat="43.283498"><ele>1080.25</ele></trkpt>
<trkpt lon="-4.864753" lat="43.283395"><ele>1087.5</ele></trkpt>
<trkpt lon="-4.865020" lat="43.283291"><ele>1090.5</ele></trkpt>
<trkpt lon="-4.865063" lat="43.283257"><ele>1090.25</ele></trkpt>
<trkpt lon="-4.865127" lat="43.283227"><ele>1091.25</ele></trkpt>
<trkpt lon="-4.865178" lat="43.283218"><ele>1093.0</ele></trkpt>
<trkpt lon="-4.865420" lat="43.283117"><ele>1097.25</ele></trkpt>
<trkpt lon="-4.865491" lat="43.283074"><ele>1097.5</ele></trkpt>
<trkpt lon="-4.865665" lat="43.283017"><ele>1099.5</ele></trkpt>
<trkpt lon="-4.865756" lat="43.282977"><ele>1099.75</ele></trkpt>
<trkpt lon="-4.865886" lat="43.282969"><ele>1103.0</ele></trkpt>
<trkpt lon="-4.866092" lat="43.282930"><ele>1106.25</ele></trkpt>
<trkpt lon="-4.866162" lat="43.282932"><ele>1108.0</ele></trkpt>
<trkpt lon="-4.866217" lat="43.282924"><ele>1109.0</ele></trkpt>
<trkpt lon="-4.866479" lat="43.282850"><ele>1112.75</ele></trkpt>
<trkpt lon="-4.866530" lat="43.282824"><ele>1113.5</ele></trkpt>
<trkpt lon="-4.866552" lat="43.282790"><ele>1113.25</ele></trkpt>
<trkpt lon="-4.866591" lat="43.282648"><ele>1113.5</ele></trkpt>
<trkpt lon="-4.866649" lat="43.282534"><ele>1115.25</ele></trkpt>
<trkpt lon="-4.866671" lat="43.282512"><ele>1116.25</ele></trkpt>
<trkpt lon="-4.866698" lat="43.282437"><ele>1118.5</ele></trkpt>
<trkpt lon="-4.866708" lat="43.282359"><ele>1120.25</ele></trkpt>
<trkpt lon="-4.866693" lat="43.282307"><ele>1120.5</ele></trkpt>
<trkpt lon="-4.866705" lat="43.282243"><ele>1122.25</ele></trkpt>
<trkpt lon="-4.866720" lat="43.282225"><ele>1123.25</ele></trkpt>
<trkpt lon="-4.866740" lat="43.282221"><ele>1124.25</ele></trkpt>
<trkpt lon="-4.866764" lat="43.282244"><ele>1125.0</ele></trkpt>
<trkpt lon="-4.866772" lat="43.282271"><ele>1125.0</ele></trkpt>
<trkpt lon="-4.866808" lat="43.282314"><ele>1125.75</ele></trkpt>
<trkpt lon="-4.866862" lat="43.282350"><ele>1127.75</ele></trkpt>
<trkpt lon="-4.866885" lat="43.282385"><ele>1128.25</ele></trkpt>
<trkpt lon="-4.866926" lat="43.282427"><ele>1129.25</ele></trkpt>
<trkpt lon="-4.866944" lat="43.282430"><ele>1130.0</ele></trkpt>
<trkpt lon="-4.866957" lat="43.282425"><ele>1131.0</ele></trkpt>
<trkpt lon="-4.866942" lat="43.282358"><ele>1131.25</ele></trkpt>
<trkpt lon="-4.866987" lat="43.282232"><ele>1136.0</ele></trkpt>
<trkpt lon="-4.866975" lat="43.282167"><ele>1138.5</ele></trkpt>
<trkpt lon="-4.866981" lat="43.282126"><ele>1141.25</ele></trkpt>
<trkpt lon="-4.866962" lat="43.282078"><ele>1142.75</ele></trkpt>
<trkpt lon="-4.866871" lat="43.281980"><ele>1141.5</ele></trkpt>
<trkpt lon="-4.866860" lat="43.281947"><ele>1142.0</ele></trkpt>
<trkpt lon="-4.866817" lat="43.281905"><ele>1140.75</ele></trkpt>
<trkpt lon="-4.866820" lat="43.281857"><ele>1143.5</ele></trkpt>
<trkpt lon="-4.866773" lat="43.281816"><ele>1142.5</ele></trkpt>
<trkpt lon="-4.866744" lat="43.281800"><ele>1141.25</ele></trkpt>
<trkpt lon="-4.866728" lat="43.281781"><ele>1141.5</ele></trkpt>
<trkpt lon="-4.866662" lat="43.281745"><ele>1139.5</ele></trkpt>
<trkpt lon="-4.866647" lat="43.281731"><ele>1139.5</ele></trkpt>
<trkpt lon="-4.866617" lat="43.281670"><ele>1141.25</ele></trkpt>
<trkpt lon="-4.866605" lat="43.281638"><ele>1141.5</ele></trkpt>
<trkpt lon="-4.866605" lat="43.281602"><ele>1142.75</ele></trkpt>
<trkpt lon="-4.866640" lat="43.281550"><ele>1146.5</ele></trkpt>
<trkpt lon="-4.866632" lat="43.281482"><ele>1148.0</ele></trkpt>
<trkpt lon="-4.866643" lat="43.281430"><ele>1150.0</ele></trkpt>
<trkpt lon="-4.866743" lat="43.281401"><ele>1153.5</ele></trkpt>
<trkpt lon="-4.866890" lat="43.281266"><ele>1159.25</ele></trkpt>
<trkpt lon="-4.866961" lat="43.281193"><ele>1161.25</ele></trkpt>
<trkpt lon="-4.867154" lat="43.281053"><ele>1165.5</ele></trkpt>
<trkpt lon="-4.867258" lat="43.280980"><ele>1169.25</ele></trkpt>
<trkpt lon="-4.867399" lat="43.280904"><ele>1173.25</ele></trkpt>
<trkpt lon="-4.867450" lat="43.280894"><ele>1173.75</ele></trkpt>
<trkpt lon="-4.867519" lat="43.280893"><ele>1174.0</ele></trkpt>
<trkpt lon="-4.867585" lat="43.280910"><ele>1173.75</ele></trkpt>
<trkpt lon="-4.867828" lat="43.280936"><ele>1174.5</ele></trkpt>
<trkpt lon="-4.867892" lat="43.280948"><ele>1174.5</ele></trkpt>
<trkpt lon="-4.868016" lat="43.280921"><ele>1176.25</ele></trkpt>
<trkpt lon="-4.868167" lat="43.280865"><ele>1175.75</ele></trkpt>
<trkpt lon="-4.868313" lat="43.280769"><ele>1177.0</ele></trkpt>
<trkpt lon="-4.868476" lat="43.280632"><ele>1177.5</ele></trkpt>
<trkpt lon="-4.868513" lat="43.280597"><ele>1177.25</ele></trkpt>
<trkpt lon="-4.868659" lat="43.280425"><ele>1179.0</ele></trkpt>
<trkpt lon="-4.868749" lat="43.280337"><ele>1179.0</ele></trkpt>
<trkpt lon="-4.868838" lat="43.280264"><ele>1178.25</ele></trkpt>
<trkpt lon="-4.868942" lat="43.280196"><ele>1179.0</ele></trkpt>
<trkpt lon="-4.869053" lat="43.280144"><ele>1179.5</ele></trkpt>
<trkpt lon="-4.869084" lat="43.280120"><ele>1180.0</ele></trkpt>
<trkpt lon="-4.869210" lat="43.280092"><ele>1179.25</ele></trkpt>
<trkpt lon="-4.869254" lat="43.280051"><ele>1181.5</ele></trkpt>
<trkpt lon="-4.869253" lat="43.280018"><ele>1183.5</ele></trkpt>
<trkpt lon="-4.869240" lat="43.279992"><ele>1184.25</ele></trkpt>
<trkpt lon="-4.869157" lat="43.279907"><ele>1182.25</ele></trkpt>
<trkpt lon="-4.869119" lat="43.279822"><ele>1181.25</ele></trkpt>
<trkpt lon="-4.869141" lat="43.279732"><ele>1178.75</ele></trkpt>
<trkpt lon="-4.869214" lat="43.279647"><ele>1179.0</ele></trkpt>
<trkpt lon="-4.869280" lat="43.279603"><ele>1179.75</ele></trkpt>
<trkpt lon="-4.869387" lat="43.279562"><ele>1180.75</ele></trkpt>
<trkpt lon="-4.869659" lat="43.279417"><ele>1186.75</ele></trkpt>
<trkpt lon="-4.869794" lat="43.279382"><ele>1191.0</ele></trkpt>
<trkpt lon="-4.869930" lat="43.279384"><ele>1196.0</ele></trkpt>
<trkpt lon="-4.869945" lat="43.279477"><ele>1196.5</ele></trkpt>
<trkpt lon="-4.869955" lat="43.279704"><ele>1201.5</ele></trkpt>
<trkpt lon="-4.869975" lat="43.279719"><ele>1202.75</ele></trkpt>
<trkpt lon="-4.870012" lat="43.279731"><ele>1203.0</ele></trkpt>
<trkpt lon="-4.870100" lat="43.279708"><ele>1203.25</ele></trkpt>
<trkpt lon="-4.870237" lat="43.279634"><ele>1204.5</ele></trkpt>
<trkpt lon="-4.870274" lat="43.279554"><ele>1207.75</ele></trkpt>
<trkpt lon="-4.870308" lat="43.279450"><ele>1213.25</ele></trkpt>
<trkpt lon="-4.870336" lat="43.279411"><ele>1215.75</ele></trkpt>
<trkpt lon="-4.870361" lat="43.279403"><ele>1217.25</ele></trkpt>
<trkpt lon="-4.870382" lat="43.279409"><ele>1218.0</ele></trkpt>
<trkpt lon="-4.870402" lat="43.279448"><ele>1218.0</ele></trkpt>
<trkpt lon="-4.870421" lat="43.279410"><ele>1220.0</ele></trkpt>
<trkpt lon="-4.870446" lat="43.279418"><ele>1221.0</ele></trkpt>
<trkpt lon="-4.870472" lat="43.279484"><ele>1219.5</ele></trkpt>
<trkpt lon="-4.870522" lat="43.279496"><ele>1221.25</ele></trkpt>
<trkpt lon="-4.870542" lat="43.279492"><ele>1222.25</ele></trkpt>
<trkpt lon="-4.870564" lat="43.279475"><ele>1224.5</ele></trkpt>
<trkpt lon="-4.870613" lat="43.279407"><ele>1229.75</ele></trkpt>
<trkpt lon="-4.870652" lat="43.279335"><ele>1231.75</ele></trkpt>
<trkpt lon="-4.870734" lat="43.279308"><ele>1234.25</ele></trkpt>
<trkpt lon="-4.870891" lat="43.279223"><ele>1235.5</ele></trkpt>
<trkpt lon="-4.870971" lat="43.279197"><ele>1237.25</ele></trkpt>
<trkpt lon="-4.871016" lat="43.279169"><ele>1238.25</ele></trkpt>
<trkpt lon="-4.871040" lat="43.279131"><ele>1240.25</ele></trkpt>
<trkpt lon="-4.871082" lat="43.279116"><ele>1242.5</ele></trkpt>
<trkpt lon="-4.871117" lat="43.279074"><ele>1244.75</ele></trkpt>
<trkpt lon="-4.871125" lat="43.279027"><ele>1246.25</ele></trkpt>
<trkpt lon="-4.871099" lat="43.278960"><ele>1248.25</ele></trkpt>
<trkpt lon="-4.871032" lat="43.278895"><ele>1248.75</ele></trkpt>
<trkpt lon="-4.871000" lat="43.278836"><ele>1251.5</ele></trkpt>
<trkpt lon="-4.871005" lat="43.278808"><ele>1253.25</ele></trkpt>
<trkpt lon="-4.871067" lat="43.278793"><ele>1255.5</ele></trkpt>
<trkpt lon="-4.871177" lat="43.278793"><ele>1256.5</ele></trkpt>
<trkpt lon="-4.871279" lat="43.278756"><ele>1259.0</ele></trkpt>
<trkpt lon="-4.871320" lat="43.278729"><ele>1261.0</ele></trkpt>
<trkpt lon="-4.871337" lat="43.278696"><ele>1263.0</ele></trkpt>
<trkpt lon="-4.871305" lat="43.278630"><ele>1267.0</ele></trkpt>
<trkpt lon="-4.871230" lat="43.278598"><ele>1268.5</ele></trkpt>
<trkpt lon="-4.871103" lat="43.278552"><ele>1269.75</ele></trkpt>
<trkpt lon="-4.871104" lat="43.278528"><ele>1271.25</ele></trkpt>
<trkpt lon="-4.871148" lat="43.278510"><ele>1272.5</ele></trkpt>
<trkpt lon="-4.871221" lat="43.278465"><ele>1275.5</ele></trkpt>
<trkpt lon="-4.871265" lat="43.278458"><ele>1276.25</ele></trkpt>
<trkpt lon="-4.871373" lat="43.278395"><ele>1280.5</ele></trkpt>
<trkpt lon="-4.871732" lat="43.278223"><ele>1287.25</ele></trkpt>
<trkpt lon="-4.871960" lat="43.278134"><ele>1291.75</ele></trkpt>
<trkpt lon="-4.872154" lat="43.278072"><ele>1296.75</ele></trkpt>
<trkpt lon="-4.872272" lat="43.278056"><ele>1299.0</ele></trkpt>
<trkpt lon="-4.872333" lat="43.278051"><ele>1300.75</ele></trkpt>
<trkpt lon="-4.872495" lat="43.278071"><ele>1303.75</ele></trkpt>
<trkpt lon="-4.872538" lat="43.278016"><ele>1306.0</ele></trkpt>
<trkpt lon="-4.872662" lat="43.277934"><ele>1308.75</ele></trkpt>
<trkpt lon="-4.872699" lat="43.277918"><ele>1309.75</ele></trkpt>
<trkpt lon="-4.872740" lat="43.277833"><ele>1312.5</ele></trkpt>
<trkpt lon="-4.872743" lat="43.277629"><ele>1319.25</ele></trkpt>
<trkpt lon="-4.872715" lat="43.277542"><ele>1321.25</ele></trkpt>
<trkpt lon="-4.872645" lat="43.277207"><ele>1334.0</ele></trkpt>
<trkpt lon="-4.872657" lat="43.276855"><ele>1344.25</ele></trkpt>
<trkpt lon="-4.872690" lat="43.276715"><ele>1348.5</ele></trkpt>
<trkpt lon="-4.872650" lat="43.276447"><ele>1359.75</ele></trkpt>
<trkpt lon="-4.872521" lat="43.276162"><ele>1374.5</ele></trkpt>
<trkpt lon="-4.872361" lat="43.276176"><ele>1376.25</ele></trkpt>
<trkpt lon="-4.872149" lat="43.276147"><ele>1382.25</ele></trkpt>
<trkpt lon="-4.871921" lat="43.276081"><ele>1391.75</ele></trkpt>
<trkpt lon="-4.871772" lat="43.276061"><ele>1395.5</ele></trkpt>
<trkpt lon="-4.871704" lat="43.275957"><ele>1401.25</ele></trkpt>
<trkpt lon="-4.871732" lat="43.275827"><ele>1407.5</ele></trkpt>
<trkpt lon="-4.871815" lat="43.275699"><ele>1409.25</ele></trkpt>
<trkpt lon="-4.871916" lat="43.275574"><ele>1409.75</ele></trkpt>
<trkpt lon="-4.871883" lat="43.275424"><ele>1409.75</ele></trkpt>
<trkpt lon="-4.871767" lat="43.275332"><ele>1410.75</ele></trkpt>
<trkpt lon="-4.871922" lat="43.275051"><ele>1411.0</ele></trkpt>
<trkpt lon="-4.872105" lat="43.274976"><ele>1411.0</ele></trkpt>
<trkpt lon="-4.872274" lat="43.275023"><ele>1409.75</ele></trkpt>
<trkpt lon="-4.872454" lat="43.275143"><ele>1410.75</ele></trkpt>
<trkpt lon="-4.872659" lat="43.275209"><ele>1409.75</ele></trkpt>
<trkpt lon="-4.872788" lat="43.275266"><ele>1409.75</ele></trkpt>
<trkpt lon="-4.872898" lat="43.275274"><ele>1410.75</ele></trkpt>
<trkpt lon="-4.873208" lat="43.275275"><ele>1412.0</ele></trkpt>
<trkpt lon="-4.873431" lat="43.275268"><ele>1410.75</ele></trkpt>
<trkpt lon="-4.873655" lat="43.275213"><ele>1407.75</ele></trkpt>
<trkpt lon="-4.873774" lat="43.275159"><ele>1404.25</ele></trkpt>
<trkpt lon="-4.873622" lat="43.274994"><ele>1412.5</ele></trkpt>
<trkpt lon="-4.873503" lat="43.274839"><ele>1416.75</ele></trkpt>
<trkpt lon="-4.873419" lat="43.274687"><ele>1419.0</ele></trkpt>
<trkpt lon="-4.873373" lat="43.274506"><ele>1420.5</ele></trkpt>
<trkpt lon="-4.873305" lat="43.274350"><ele>1423.75</ele></trkpt>
<trkpt lon="-4.873284" lat="43.274180"><ele>1427.25</ele></trkpt>
<trkpt lon="-4.873201" lat="43.274093"><ele>1427.75</ele></trkpt>
<trkpt lon="-4.872920" lat="43.273767"><ele>1436.5</ele></trkpt>
<trkpt lon="-4.872665" lat="43.273589"><ele>1446.0</ele></trkpt>
<trkpt lon="-4.872550" lat="43.273411"><ele>1453.75</ele></trkpt>
<trkpt lon="-4.872556" lat="43.272945"><ele>1473.75</ele></trkpt>
<trkpt lon="-4.872535" lat="43.272687"><ele>1486.5</ele></trkpt>
<trkpt lon="-4.872405" lat="43.272653"><ele>1497.25</ele></trkpt>
<trkpt lon="-4.872358" lat="43.272319"><ele>1511.0</ele></trkpt>
<trkpt lon="-4.872243" lat="43.272206"><ele>1518.0</ele></trkpt>
<trkpt lon="-4.872264" lat="43.271971"><ele>1529.0</ele></trkpt>
<trkpt lon="-4.872373" lat="43.271842"><ele>1534.25</ele></trkpt>
<trkpt lon="-4.872478" lat="43.271762"><ele>1536.25</ele></trkpt>
<trkpt lon="-4.872514" lat="43.271694"><ele>1538.75</ele></trkpt>
<trkpt lon="-4.872415" lat="43.271512"><ele>1545.75</ele></trkpt>
<trkpt lon="-4.872191" lat="43.271323"><ele>1553.5</ele></trkpt>
<trkpt lon="-4.871936" lat="43.271065"><ele>1560.75</ele></trkpt>
<trkpt lon="-4.871223" lat="43.270493"><ele>1580.25</ele></trkpt>
<trkpt lon="-4.870635" lat="43.270163"><ele>1587.75</ele></trkpt>
<trkpt lon="-4.870021" lat="43.269959"><ele>1592.25</ele></trkpt>
<trkpt lon="-4.869714" lat="43.269712"><ele>1588.75</ele></trkpt>
<trkpt lon="-4.869340" lat="43.269481"><ele>1583.25</ele></trkpt>
<trkpt lon="-4.868965" lat="43.269330"><ele>1579.5</ele></trkpt>
<trkpt lon="-4.868889" lat="43.269306"><ele>1580.0</ele></trkpt>
<trkpt lon="-4.868845" lat="43.268913"><ele>1571.5</ele></trkpt>
<trkpt lon="-4.868668" lat="43.268795"><ele>1571.5</ele></trkpt>
<trkpt lon="-4.868538" lat="43.268549"><ele>1568.0</ele></trkpt>
<trkpt lon="-4.868554" lat="43.268326"><ele>1561.5</ele></trkpt>
<trkpt lon="-4.868746" lat="43.267966"><ele>1546.5</ele></trkpt>
<trkpt lon="-4.868653" lat="43.267780"><ele>1537.75</ele></trkpt>
<trkpt lon="-4.868647" lat="43.267685"><ele>1532.5</ele></trkpt>
<trkpt lon="-4.868726" lat="43.267537"><ele>1525.25</ele></trkpt>
<trkpt lon="-4.868585" lat="43.267469"><ele>1521.0</ele></trkpt>
<trkpt lon="-4.868340" lat="43.267272"><ele>1514.5</ele></trkpt>
<trkpt lon="-4.868294" lat="43.267124"><ele>1510.0</ele></trkpt>
<trkpt lon="-4.868398" lat="43.266965"><ele>1505.5</ele></trkpt>
<trkpt lon="-4.868481" lat="43.266859"><ele>1504.75</ele></trkpt>
<trkpt lon="-4.868502" lat="43.266753"><ele>1505.0</ele></trkpt>
<trkpt lon="-4.868752" lat="43.266790"><ele>1509.25</ele></trkpt>
<trkpt lon="-4.869270" lat="43.267055"><ele>1517.75</ele></trkpt>
<trkpt lon="-4.869584" lat="43.267113"><ele>1523.25</ele></trkpt>
<trkpt lon="-4.870354" lat="43.267526"><ele>1544.5</ele></trkpt>
<trkpt lon="-4.870736" lat="43.267674"><ele>1543.25</ele></trkpt>
<trkpt lon="-4.871272" lat="43.267652"><ele>1548.0</ele></trkpt>
<trkpt lon="-4.871814" lat="43.267652"><ele>1543.75</ele></trkpt>
<trkpt lon="-4.872239" lat="43.267638"><ele>1541.5</ele></trkpt>
<trkpt lon="-4.872596" lat="43.267750"><ele>1537.75</ele></trkpt>
<trkpt lon="-4.872737" lat="43.267746"><ele>1537.0</ele></trkpt>
<trkpt lon="-4.873292" lat="43.267598"><ele>1525.5</ele></trkpt>
<trkpt lon="-4.873815" lat="43.267652"><ele>1509.25</ele></trkpt>
<trkpt lon="-4.874086" lat="43.267737"><ele>1503.5</ele></trkpt>
<trkpt lon="-4.874493" lat="43.267889"><ele>1496.75</ele></trkpt>
<trkpt lon="-4.874862" lat="43.267970"><ele>1493.25</ele></trkpt>
<trkpt lon="-4.875324" lat="43.268145"><ele>1484.5</ele></trkpt>
<trkpt lon="-4.875718" lat="43.268302"><ele>1482.0</ele></trkpt>
<trkpt lon="-4.876230" lat="43.268571"><ele>1483.0</ele></trkpt>
<trkpt lon="-4.876950" lat="43.269069"><ele>1486.0</ele></trkpt>
<trkpt lon="-4.877345" lat="43.269306"><ele>1493.0</ele></trkpt>
<trkpt lon="-4.877659" lat="43.269477"><ele>1494.5</ele></trkpt>
<trkpt lon="-4.878127" lat="43.269602"><ele>1498.5</ele></trkpt>
<trkpt lon="-4.878244" lat="43.269335"><ele>1504.25</ele></trkpt>
<trkpt lon="-4.878458" lat="43.269028"><ele>1517.0</ele></trkpt>
<trkpt lon="-4.878720" lat="43.269020"><ele>1521.25</ele></trkpt>
<trkpt lon="-4.878983" lat="43.269098"><ele>1526.5</ele></trkpt>
<trkpt lon="-4.879325" lat="43.269168"><ele>1535.5</ele></trkpt>
<trkpt lon="-4.879539" lat="43.269160"><ele>1537.5</ele></trkpt>
<trkpt lon="-4.879912" lat="43.269122"><ele>1538.25</ele></trkpt>
<trkpt lon="-4.880537" lat="43.269172"><ele>1537.5</ele></trkpt>
<trkpt lon="-4.881169" lat="43.268942"><ele>1530.5</ele></trkpt>
<trkpt lon="-4.881530" lat="43.268903"><ele>1539.5</ele></trkpt>
<trkpt lon="-4.882373" lat="43.268898"><ele>1565.75</ele></trkpt>
<trkpt lon="-4.882464" lat="43.268728"><ele>1571.25</ele></trkpt>
<trkpt lon="-4.882825" lat="43.268564"><ele>1582.0</ele></trkpt>
<trkpt lon="-4.882990" lat="43.268416"><ele>1590.0</ele></trkpt>
<trkpt lon="-4.883148" lat="43.268163"><ele>1602.0</ele></trkpt>
<trkpt lon="-4.883419" lat="43.267939"><ele>1613.5</ele></trkpt>
<trkpt lon="-4.883615" lat="43.267692"><ele>1621.75</ele></trkpt>
<trkpt lon="-4.883638" lat="43.267495"><ele>1623.5</ele></trkpt>
<trkpt lon="-4.883653" lat="43.267188"><ele>1630.5</ele></trkpt>
<trkpt lon="-4.883781" lat="43.267062"><ele>1631.75</ele></trkpt>
<trkpt lon="-4.883924" lat="43.266947"><ele>1636.75</ele></trkpt>
<trkpt lon="-4.884345" lat="43.266711"><ele>1646.5</ele></trkpt>
<trkpt lon="-4.884541" lat="43.266530"><ele>1655.0</ele></trkpt>
<trkpt lon="-4.884894" lat="43.266503"><ele>1652.25</ele></trkpt>
<trkpt lon="-4.885399" lat="43.266448"><ele>1661.5</ele></trkpt>
<trkpt lon="-4.885670" lat="43.266267"><ele>1674.75</ele></trkpt>
<trkpt lon="-4.885748" lat="43.265947"><ele>1676.0</ele></trkpt>
<trkpt lon="-4.886087" lat="43.266026"><ele>1679.5</ele></trkpt>
<trkpt lon="-4.886506" lat="43.266109"><ele>1682.0</ele></trkpt>
<trkpt lon="-4.887044" lat="43.266125"><ele>1692.0</ele></trkpt>
<trkpt lon="-4.887298" lat="43.266304"><ele>1691.5</ele></trkpt>
<trkpt lon="-4.887805" lat="43.266409"><ele>1692.0</ele></trkpt>
<trkpt lon="-4.888041" lat="43.266428"><ele>1684.0</ele></trkpt>
<trkpt lon="-4.888268" lat="43.266338"><ele>1679.5</ele></trkpt>
<trkpt lon="-4.889324" lat="43.266219"><ele>1676.0</ele></trkpt>
<trkpt lon="-4.889401" lat="43.266113"><ele>1678.75</ele></trkpt>
<trkpt lon="-4.889607" lat="43.266107"><ele>1682.0</ele></trkpt>
<trkpt lon="-4.890233" lat="43.266401"><ele>1684.25</ele></trkpt>
<trkpt lon="-4.890534" lat="43.266407"><ele>1686.0</ele></trkpt>
<trkpt lon="-4.891195" lat="43.266119"><ele>1686.0</ele></trkpt>
<trkpt lon="-4.891813" lat="43.266001"><ele>1697.0</ele></trkpt>
<trkpt lon="-4.892276" lat="43.265976"><ele>1698.5</ele></trkpt>
<trkpt lon="-4.892911" lat="43.266026"><ele>1691.75</ele></trkpt>
<trkpt lon="-4.893461" lat="43.265882"><ele>1688.0</ele></trkpt>
<trkpt lon="-4.894130" lat="43.265651"><ele>1674.25</ele></trkpt>
<trkpt lon="-4.894499" lat="43.265557"><ele>1666.0</ele></trkpt>
<trkpt lon="-4.895031" lat="43.265544"><ele>1648.25</ele></trkpt>
<trkpt lon="-4.895598" lat="43.265544"><ele>1631.25</ele></trkpt>
<trkpt lon="-4.896319" lat="43.265557"><ele>1614.25</ele></trkpt>
<trkpt lon="-4.896868" lat="43.265257"><ele>1608.25</ele></trkpt>
<trkpt lon="-4.897151" lat="43.265169"><ele>1605.75</ele></trkpt>
<trkpt lon="-4.897529" lat="43.265357"><ele>1613.25</ele></trkpt>
<trkpt lon="-4.898044" lat="43.265244"><ele>1603.5</ele></trkpt>
<trkpt lon="-4.898731" lat="43.265238"><ele>1599.5</ele></trkpt>
<trkpt lon="-4.899254" lat="43.265188"><ele>1601.25</ele></trkpt>
<trkpt lon="-4.899649" lat="43.265013"><ele>1602.75</ele></trkpt>
<trkpt lon="-4.900061" lat="43.264813"><ele>1597.75</ele></trkpt>
<trkpt lon="-4.900173" lat="43.264644"><ele>1595.5</ele></trkpt>
<trkpt lon="-4.900404" lat="43.264544"><ele>1591.5</ele></trkpt>
<trkpt lon="-4.900585" lat="43.264438"><ele>1591.5</ele></trkpt>
<trkpt lon="-4.900447" lat="43.264326"><ele>1589.25</ele></trkpt>
<trkpt lon="-4.900379" lat="43.264244"><ele>1588.25</ele></trkpt>
<trkpt lon="-4.900349" lat="43.264111"><ele>1583.0</ele></trkpt>
<trkpt lon="-4.900453" lat="43.264076"><ele>1577.0</ele></trkpt>
<trkpt lon="-4.900451" lat="43.263860"><ele>1565.0</ele></trkpt>
<trkpt lon="-4.900756" lat="43.263826"><ele>1556.0</ele></trkpt>
<trkpt lon="-4.900904" lat="43.263771"><ele>1550.25</ele></trkpt>
<trkpt lon="-4.900983" lat="43.263717"><ele>1547.25</ele></trkpt>
<trkpt lon="-4.901048" lat="43.263599"><ele>1543.75</ele></trkpt>
<trkpt lon="-4.901985" lat="43.263801"><ele>1540.75</ele></trkpt>
<trkpt lon="-4.902573" lat="43.263948"><ele>1559.25</ele></trkpt>
<trkpt lon="-4.902999" lat="43.264083"><ele>1563.0</ele></trkpt>
<trkpt lon="-4.903475" lat="43.264221"><ele>1552.0</ele></trkpt>
<trkpt lon="-4.903844" lat="43.264299"><ele>1546.75</ele></trkpt>
<trkpt lon="-4.904051" lat="43.264282"><ele>1544.5</ele></trkpt>
<trkpt lon="-4.904242" lat="43.264303"><ele>1544.25</ele></trkpt>
<trkpt lon="-4.904421" lat="43.264429"><ele>1543.75</ele></trkpt>
<trkpt lon="-4.904477" lat="43.264486"><ele>1545.0</ele></trkpt>
<trkpt lon="-4.904656" lat="43.264539"><ele>1548.25</ele></trkpt>
<trkpt lon="-4.905009" lat="43.264576"><ele>1554.5</ele></trkpt>
<trkpt lon="-4.905345" lat="43.264747"><ele>1558.5</ele></trkpt>
<trkpt lon="-4.905473" lat="43.264825"><ele>1560.25</ele></trkpt>
<trkpt lon="-4.905855" lat="43.264825"><ele>1557.5</ele></trkpt>
<trkpt lon="-4.906149" lat="43.264723"><ele>1554.25</ele></trkpt>
<trkpt lon="-4.906495" lat="43.264672"><ele>1551.0</ele></trkpt>
<trkpt lon="-4.906830" lat="43.264680"><ele>1546.75</ele></trkpt>
<trkpt lon="-4.907113" lat="43.264761"><ele>1546.5</ele></trkpt>
<trkpt lon="-4.907253" lat="43.264873"><ele>1543.75</ele></trkpt>
<trkpt lon="-4.907694" lat="43.264999"><ele>1543.25</ele></trkpt>
<trkpt lon="-4.908095" lat="43.265088"><ele>1543.25</ele></trkpt>
<trkpt lon="-4.909408" lat="43.265187"><ele>1535.5</ele></trkpt>
<trkpt lon="-4.910317" lat="43.265321"><ele>1522.25</ele></trkpt>
<trkpt lon="-4.910839" lat="43.265331"><ele>1512.5</ele></trkpt>
<trkpt lon="-4.911332" lat="43.265363"><ele>1507.25</ele></trkpt>
<trkpt lon="-4.912211" lat="43.265500"><ele>1502.75</ele></trkpt>
<trkpt lon="-4.912796" lat="43.265639"><ele>1494.25</ele></trkpt>
<trkpt lon="-4.913281" lat="43.265720"><ele>1498.0</ele></trkpt>
<trkpt lon="-4.914483" lat="43.265652"><ele>1480.75</ele></trkpt>
<trkpt lon="-4.914841" lat="43.265723"><ele>1474.75</ele></trkpt>
<trkpt lon="-4.915174" lat="43.265754"><ele>1471.75</ele></trkpt>
<trkpt lon="-4.915465" lat="43.265847"><ele>1469.25</ele></trkpt>
<trkpt lon="-4.915707" lat="43.265905"><ele>1465.75</ele></trkpt>
<trkpt lon="-4.915835" lat="43.265972"><ele>1464.25</ele></trkpt>
<trkpt lon="-4.915997" lat="43.266093"><ele>1462.75</ele></trkpt>
<trkpt lon="-4.916229" lat="43.266195"><ele>1464.5</ele></trkpt>
<trkpt lon="-4.916473" lat="43.266250"><ele>1463.5</ele></trkpt>
<trkpt lon="-4.916701" lat="43.266327"><ele>1461.25</ele></trkpt>
<trkpt lon="-4.916993" lat="43.266416"><ele>1458.75</ele></trkpt>
<trkpt lon="-4.917418" lat="43.266649"><ele>1460.75</ele></trkpt>
<trkpt lon="-4.917666" lat="43.266633"><ele>1463.0</ele></trkpt>
<trkpt lon="-4.917949" lat="43.266570"><ele>1469.0</ele></trkpt>
<trkpt lon="-4.918227" lat="43.266604"><ele>1473.75</ele></trkpt>
<trkpt lon="-4.918725" lat="43.266725"><ele>1475.25</ele></trkpt>
<trkpt lon="-4.919077" lat="43.266861"><ele>1469.25</ele></trkpt>
<trkpt lon="-4.919919" lat="43.267054"><ele>1447.75</ele></trkpt>
<trkpt lon="-4.920213" lat="43.267335"><ele>1442.5</ele></trkpt>
<trkpt lon="-4.920418" lat="43.267373"><ele>1439.25</ele></trkpt>
<trkpt lon="-4.921065" lat="43.267163"><ele>1420.0</ele></trkpt>
<trkpt lon="-4.921759" lat="43.267407"><ele>1401.5</ele></trkpt>
<trkpt lon="-4.922429" lat="43.267442"><ele>1387.0</ele></trkpt>
<trkpt lon="-4.922660" lat="43.267564"><ele>1382.25</ele></trkpt>
<trkpt lon="-4.923992" lat="43.267680"><ele>1345.75</ele></trkpt>
<trkpt lon="-4.924837" lat="43.267872"><ele>1325.75</ele></trkpt>
<trkpt lon="-4.925348" lat="43.268005"><ele>1311.75</ele></trkpt>
<trkpt lon="-4.926113" lat="43.268075"><ele>1296.75</ele></trkpt>
<trkpt lon="-4.927002" lat="43.268307"><ele>1279.0</ele></trkpt>
<trkpt lon="-4.927209" lat="43.268649"><ele>1279.75</ele></trkpt>
<trkpt lon="-4.927773" lat="43.268649"><ele>1275.25</ele></trkpt>
<trkpt lon="-4.928301" lat="43.268688"><ele>1272.25</ele></trkpt>
<trkpt lon="-4.928584" lat="43.268769"><ele>1270.75</ele></trkpt>
<trkpt lon="-4.928787" lat="43.268845"><ele>1265.25</ele></trkpt>
<trkpt lon="-4.928953" lat="43.268873"><ele>1260.75</ele></trkpt>
<trkpt lon="-4.929118" lat="43.268881"><ele>1257.0</ele></trkpt>
<trkpt lon="-4.929306" lat="43.268828"><ele>1254.0</ele></trkpt>
<trkpt lon="-4.929430" lat="43.268749"><ele>1252.25</ele></trkpt>
<trkpt lon="-4.929642" lat="43.268708"><ele>1249.0</ele></trkpt>
<trkpt lon="-4.929883" lat="43.268743"><ele>1248.75</ele></trkpt>
<trkpt lon="-4.930093" lat="43.268813"><ele>1247.75</ele></trkpt>
<trkpt lon="-4.930251" lat="43.268887"><ele>1247.0</ele></trkpt>
<trkpt lon="-4.930965" lat="43.269287"><ele>1254.5</ele></trkpt>
<trkpt lon="-4.931256" lat="43.269368"><ele>1248.25</ele></trkpt>
<trkpt lon="-4.931356" lat="43.269410"><ele>1245.25</ele></trkpt>
<trkpt lon="-4.931534" lat="43.269376"><ele>1242.0</ele></trkpt>
<trkpt lon="-4.931752" lat="43.269407"><ele>1238.75</ele></trkpt>
<trkpt lon="-4.931981" lat="43.269431"><ele>1235.75</ele></trkpt>
<trkpt lon="-4.932205" lat="43.269415"><ele>1233.0</ele></trkpt>
<trkpt lon="-4.932391" lat="43.269424"><ele>1228.75</ele></trkpt>
<trkpt lon="-4.932532" lat="43.269438"><ele>1225.5</ele></trkpt>
<trkpt lon="-4.932725" lat="43.269432"><ele>1221.5</ele></trkpt>
<trkpt lon="-4.932915" lat="43.269418"><ele>1220.5</ele></trkpt>
<trkpt lon="-4.933148" lat="43.269429"><ele>1220.75</ele></trkpt>
<trkpt lon="-4.933368" lat="43.269473"><ele>1222.5</ele></trkpt>
<trkpt lon="-4.933755" lat="43.269563"><ele>1221.0</ele></trkpt>
<trkpt lon="-4.933916" lat="43.269414"><ele>1219.0</ele></trkpt>
<trkpt lon="-4.934041" lat="43.269462"><ele>1216.75</ele></trkpt>
<trkpt lon="-4.934205" lat="43.269455"><ele>1215.25</ele></trkpt>
<trkpt lon="-4.934426" lat="43.269491"><ele>1212.5</ele></trkpt>
<trkpt lon="-4.934503" lat="43.269412"><ele>1213.25</ele></trkpt>
<trkpt lon="-4.934637" lat="43.269345"><ele>1214.25</ele></trkpt>
<trkpt lon="-4.934714" lat="43.269328"><ele>1214.25</ele></trkpt>
<trkpt lon="-4.934838" lat="43.269382"><ele>1211.0</ele></trkpt>
<trkpt lon="-4.934924" lat="43.269361"><ele>1211.0</ele></trkpt>
<trkpt lon="-4.935078" lat="43.269353"><ele>1210.75</ele></trkpt>
<trkpt lon="-4.935227" lat="43.269406"><ele>1208.75</ele></trkpt>
<trkpt lon="-4.935378" lat="43.269479"><ele>1207.25</ele></trkpt>
<trkpt lon="-4.935434" lat="43.269518"><ele>1207.0</ele></trkpt>
<trkpt lon="-4.935570" lat="43.269531"><ele>1207.25</ele></trkpt>
<trkpt lon="-4.935932" lat="43.269737"><ele>1205.25</ele></trkpt>
<trkpt lon="-4.936206" lat="43.269952"><ele>1204.5</ele></trkpt>
<trkpt lon="-4.936392" lat="43.270006"><ele>1203.0</ele></trkpt>
<trkpt lon="-4.936581" lat="43.270043"><ele>1200.25</ele></trkpt>
<trkpt lon="-4.936729" lat="43.270037"><ele>1197.5</ele></trkpt>
<trkpt lon="-4.936779" lat="43.270024"><ele>1196.25</ele></trkpt>
<trkpt lon="-4.937201" lat="43.269965"><ele>1188.5</ele></trkpt>
<trkpt lon="-4.937473" lat="43.269882"><ele>1182.5</ele></trkpt>
<trkpt lon="-4.937510" lat="43.269834"><ele>1183.0</ele></trkpt>
<trkpt lon="-4.937655" lat="43.269865"><ele>1176.75</ele></trkpt>
<trkpt lon="-4.937817" lat="43.269796"><ele>1174.75</ele></trkpt>
<trkpt lon="-4.938447" lat="43.269637"><ele>1180.0</ele></trkpt>
<trkpt lon="-4.938500" lat="43.269646"><ele>1179.25</ele></trkpt>
<trkpt lon="-4.938627" lat="43.269645"><ele>1179.25</ele></trkpt>
<trkpt lon="-4.938706" lat="43.269590"><ele>1182.75</ele></trkpt>
<trkpt lon="-4.938854" lat="43.269586"><ele>1182.75</ele></trkpt>
<trkpt lon="-4.938918" lat="43.269559"><ele>1183.25</ele></trkpt>
<trkpt lon="-4.938957" lat="43.269565"><ele>1182.5</ele></trkpt>
<trkpt lon="-4.939043" lat="43.269539"><ele>1182.0</ele></trkpt>
<trkpt lon="-4.939154" lat="43.269465"><ele>1182.5</ele></trkpt>
<trkpt lon="-4.939292" lat="43.269456"><ele>1180.25</ele></trkpt>
<trkpt lon="-4.939393" lat="43.269434"><ele>1179.25</ele></trkpt>
<trkpt lon="-4.939465" lat="43.269434"><ele>1178.0</ele></trkpt>
<trkpt lon="-4.939509" lat="43.269412"><ele>1178.5</ele></trkpt>
<trkpt lon="-4.939726" lat="43.269378"><ele>1177.5</ele></trkpt>
<trkpt lon="-4.939800" lat="43.269378"><ele>1176.75</ele></trkpt>
<trkpt lon="-4.939940" lat="43.269356"><ele>1175.75</ele></trkpt>
<trkpt lon="-4.940061" lat="43.269308"><ele>1175.5</ele></trkpt>
<trkpt lon="-4.940142" lat="43.269305"><ele>1174.5</ele></trkpt>
<trkpt lon="-4.940242" lat="43.269272"><ele>1173.75</ele></trkpt>
<trkpt lon="-4.940404" lat="43.269249"><ele>1172.5</ele></trkpt>
<trkpt lon="-4.940523" lat="43.269270"><ele>1172.0</ele></trkpt>
<trkpt lon="-4.940666" lat="43.269317"><ele>1171.5</ele></trkpt>
<trkpt lon="-4.940762" lat="43.269279"><ele>1171.75</ele></trkpt>
<trkpt lon="-4.941028" lat="43.269001"><ele>1170.75</ele></trkpt>
<trkpt lon="-4.941203" lat="43.268768"><ele>1166.75</ele></trkpt>
<trkpt lon="-4.941654" lat="43.268378"><ele>1148.25</ele></trkpt>
<trkpt lon="-4.941832" lat="43.268255"><ele>1146.0</ele></trkpt>
<trkpt lon="-4.942078" lat="43.268136"><ele>1143.0</ele></trkpt>
<trkpt lon="-4.942240" lat="43.268097"><ele>1140.75</ele></trkpt>
<trkpt lon="-4.942674" lat="43.268018"><ele>1137.75</ele></trkpt>
<trkpt lon="-4.943079" lat="43.268001"><ele>1139.5</ele></trkpt>
<trkpt lon="-4.943221" lat="43.267987"><ele>1142.25</ele></trkpt>
<trkpt lon="-4.943359" lat="43.268008"><ele>1143.25</ele></trkpt>
<trkpt lon="-4.943460" lat="43.268070"><ele>1141.0</ele></trkpt>
<trkpt lon="-4.943526" lat="43.268148"><ele>1139.0</ele></trkpt>
<trkpt lon="-4.943633" lat="43.268194"><ele>1138.25</ele></trkpt>
<trkpt lon="-4.943699" lat="43.268192"><ele>1139.0</ele></trkpt>
<trkpt lon="-4.943894" lat="43.267978"><ele>1140.0</ele></trkpt>
<trkpt lon="-4.943980" lat="43.267854"><ele>1137.25</ele></trkpt>
<trkpt lon="-4.944677" lat="43.267482"><ele>1124.25</ele></trkpt>
<trkpt lon="-4.945531" lat="43.267517"><ele>1112.75</ele></trkpt>
<trkpt lon="-4.946118" lat="43.267761"><ele>1103.0</ele></trkpt>
<trkpt lon="-4.946482" lat="43.267959"><ele>1096.75</ele></trkpt>
<trkpt lon="-4.946842" lat="43.268378"><ele>1089.75</ele></trkpt>
<trkpt lon="-4.947497" lat="43.268532"><ele>1072.75</ele></trkpt>
<trkpt lon="-4.947985" lat="43.268728"><ele>1061.0</ele></trkpt>
<trkpt lon="-4.948308" lat="43.268757"><ele>1055.5</ele></trkpt>
<trkpt lon="-4.948760" lat="43.268876"><ele>1044.75</ele></trkpt>
<trkpt lon="-4.949403" lat="43.269184"><ele>1037.25</ele></trkpt>
<trkpt lon="-4.949792" lat="43.269442"><ele>1036.25</ele></trkpt>
<trkpt lon="-4.949900" lat="43.269379"><ele>1036.25</ele></trkpt>
<trkpt lon="-4.949929" lat="43.269307"><ele>1035.75</ele></trkpt>
<trkpt lon="-4.950047" lat="43.269260"><ele>1034.5</ele></trkpt>
<trkpt lon="-4.950087" lat="43.269205"><ele>1033.5</ele></trkpt>
<trkpt lon="-4.950170" lat="43.269177"><ele>1032.25</ele></trkpt>
<trkpt lon="-4.950231" lat="43.269177"><ele>1031.5</ele></trkpt>
<trkpt lon="-4.950321" lat="43.269198"><ele>1031.0</ele></trkpt>
<trkpt lon="-4.950503" lat="43.269179"><ele>1028.0</ele></trkpt>
<trkpt lon="-4.950570" lat="43.269109"><ele>1026.0</ele></trkpt>
<trkpt lon="-4.950654" lat="43.269079"><ele>1025.0</ele></trkpt>
<trkpt lon="-4.950838" lat="43.269057"><ele>1023.0</ele></trkpt>
<trkpt lon="-4.951013" lat="43.269052"><ele>1022.75</ele></trkpt>
<trkpt lon="-4.951146" lat="43.269062"><ele>1022.0</ele></trkpt>
<trkpt lon="-4.951348" lat="43.269104"><ele>1019.25</ele></trkpt>
<trkpt lon="-4.951456" lat="43.269151"><ele>1017.75</ele></trkpt>
<trkpt lon="-4.951639" lat="43.269253"><ele>1016.75</ele></trkpt>
<trkpt lon="-4.952023" lat="43.269491"><ele>1015.0</ele></trkpt>
<trkpt lon="-4.952190" lat="43.269564"><ele>1015.0</ele></trkpt>
<trkpt lon="-4.952561" lat="43.269676"><ele>1013.75</ele></trkpt>
<trkpt lon="-4.953019" lat="43.269900"><ele>1014.25</ele></trkpt>
<trkpt lon="-4.953225" lat="43.269982"><ele>1013.25</ele></trkpt>
<trkpt lon="-4.953407" lat="43.270040"><ele>1013.25</ele></trkpt>
<trkpt lon="-4.953548" lat="43.270073"><ele>1014.25</ele></trkpt>
<trkpt lon="-4.953700" lat="43.270070"><ele>1014.5</ele></trkpt>
<trkpt lon="-4.953885" lat="43.270084"><ele>1014.5</ele></trkpt>
<trkpt lon="-4.954037" lat="43.270106"><ele>1016.25</ele></trkpt>
<trkpt lon="-4.954193" lat="43.270113"><ele>1017.75</ele></trkpt>
<trkpt lon="-4.954368" lat="43.270104"><ele>1020.25</ele></trkpt>
<trkpt lon="-4.954433" lat="43.270079"><ele>1021.0</ele></trkpt>
<trkpt lon="-4.954493" lat="43.270090"><ele>1021.0</ele></trkpt>
<trkpt lon="-4.954556" lat="43.270129"><ele>1020.75</ele></trkpt>
<trkpt lon="-4.954746" lat="43.270158"><ele>1019.75</ele></trkpt>
<trkpt lon="-4.954965" lat="43.270155"><ele>1018.5</ele></trkpt>
<trkpt lon="-4.955075" lat="43.270174"><ele>1017.25</ele></trkpt>
<trkpt lon="-4.955161" lat="43.270202"><ele>1016.0</ele></trkpt>
<trkpt lon="-4.955218" lat="43.270246"><ele>1015.0</ele></trkpt>
<trkpt lon="-4.955422" lat="43.270339"><ele>1014.25</ele></trkpt>
<trkpt lon="-4.955568" lat="43.270376"><ele>1013.75</ele></trkpt>
<trkpt lon="-4.955707" lat="43.270430"><ele>1012.5</ele></trkpt>
<trkpt lon="-4.955897" lat="43.270385"><ele>1010.5</ele></trkpt>
<trkpt lon="-4.956018" lat="43.270377"><ele>1009.25</ele></trkpt>
<trkpt lon="-4.956185" lat="43.270291"><ele>1010.75</ele></trkpt>
<trkpt lon="-4.956448" lat="43.270433"><ele>1016.0</ele></trkpt>
<trkpt lon="-4.956676" lat="43.270573"><ele>1019.75</ele></trkpt>
<trkpt lon="-4.956977" lat="43.270768"><ele>1023.75</ele></trkpt>
<trkpt lon="-4.957138" lat="43.270914"><ele>1026.75</ele></trkpt>
<trkpt lon="-4.957323" lat="43.271006"><ele>1031.5</ele></trkpt>
<trkpt lon="-4.957461" lat="43.271224"><ele>1034.5</ele></trkpt>
<trkpt lon="-4.957709" lat="43.271866"><ele>1038.5</ele></trkpt>
<trkpt lon="-4.957889" lat="43.272252"><ele>1041.5</ele></trkpt>
<trkpt lon="-4.957921" lat="43.272467"><ele>1042.5</ele></trkpt>
<trkpt lon="-4.958027" lat="43.272844"><ele>1042.25</ele></trkpt>
<trkpt lon="-4.958152" lat="43.272969"><ele>1043.0</ele></trkpt>
<trkpt lon="-4.958466" lat="43.273093"><ele>1043.5</ele></trkpt>
<trkpt lon="-4.958819" lat="43.273154"><ele>1043.5</ele></trkpt>
<trkpt lon="-4.958841" lat="43.273188"><ele>1043.25</ele></trkpt>
<trkpt lon="-4.958804" lat="43.273200"><ele>1043.0</ele></trkpt>
<trkpt lon="-4.958774" lat="43.273220"><ele>1042.75</ele></trkpt>
<trkpt lon="-4.958557" lat="43.273675"><ele>1037.25</ele></trkpt>
<trkpt lon="-4.958542" lat="43.273727"><ele>1036.5</ele></trkpt>
<trkpt lon="-4.958549" lat="43.273844"><ele>1035.25</ele></trkpt>
<trkpt lon="-4.958530" lat="43.273934"><ele>1034.5</ele></trkpt>
<trkpt lon="-4.958545" lat="43.273981"><ele>1034.25</ele></trkpt>
<trkpt lon="-4.958604" lat="43.274085"><ele>1033.5</ele></trkpt>
<trkpt lon="-4.958704" lat="43.274203"><ele>1032.75</ele></trkpt>
<trkpt lon="-4.958716" lat="43.274282"><ele>1032.0</ele></trkpt>
<trkpt lon="-4.958680" lat="43.274385"><ele>1031.25</ele></trkpt>
<trkpt lon="-4.958682" lat="43.274426"><ele>1030.75</ele></trkpt>
<trkpt lon="-4.958705" lat="43.274464"><ele>1030.5</ele></trkpt>
<trkpt lon="-4.958741" lat="43.274500"><ele>1030.5</ele></trkpt>
<trkpt lon="-4.958796" lat="43.274535"><ele>1030.0</ele></trkpt>
<trkpt lon="-4.958889" lat="43.274577"><ele>1029.5</ele></trkpt>
<trkpt lon="-4.959162" lat="43.274671"><ele>1027.25</ele></trkpt>
<trkpt lon="-4.959327" lat="43.274765"><ele>1026.25</ele></trkpt>
<trkpt lon="-4.959392" lat="43.274818"><ele>1025.75</ele></trkpt>
<trkpt lon="-4.959568" lat="43.274991"><ele>1024.0</ele></trkpt>
<trkpt lon="-4.959625" lat="43.275024"><ele>1023.75</ele></trkpt>
<trkpt lon="-4.959674" lat="43.275036"><ele>1023.5</ele></trkpt>
<trkpt lon="-4.959949" lat="43.275030"><ele>1022.0</ele></trkpt>
<trkpt lon="-4.960009" lat="43.275043"><ele>1021.75</ele></trkpt>
<trkpt lon="-4.960072" lat="43.275069"><ele>1021.25</ele></trkpt>
<trkpt lon="-4.960151" lat="43.275129"><ele>1020.75</ele></trkpt>
<trkpt lon="-4.960505" lat="43.275361"><ele>1018.75</ele></trkpt>
<trkpt lon="-4.960607" lat="43.275390"><ele>1018.25</ele></trkpt>
<trkpt lon="-4.960752" lat="43.275408"><ele>1017.75</ele></trkpt>
<trkpt lon="-4.960901" lat="43.275403"><ele>1017.25</ele></trkpt>
<trkpt lon="-4.961072" lat="43.275389"><ele>1016.5</ele></trkpt>
<trkpt lon="-4.961195" lat="43.275391"><ele>1016.25</ele></trkpt>
<trkpt lon="-4.961238" lat="43.275406"><ele>1016.25</ele></trkpt>
<trkpt lon="-4.961294" lat="43.275437"><ele>1016.0</ele></trkpt>
<trkpt lon="-4.961404" lat="43.275517"><ele>1015.75</ele></trkpt>
<trkpt lon="-4.961466" lat="43.275543"><ele>1015.5</ele></trkpt>
<trkpt lon="-4.961523" lat="43.275562"><ele>1015.5</ele></trkpt>
<trkpt lon="-4.961780" lat="43.275589"><ele>1015.0</ele></trkpt>
<trkpt lon="-4.961833" lat="43.275602"><ele>1015.0</ele></trkpt>
<trkpt lon="-4.961897" lat="43.275633"><ele>1015.0</ele></trkpt>
<trkpt lon="-4.962050" lat="43.275798"><ele>1014.5</ele></trkpt>
<trkpt lon="-4.962092" lat="43.275854"><ele>1014.75</ele></trkpt>
<trkpt lon="-4.962131" lat="43.275909"><ele>1015.75</ele></trkpt>
<trkpt lon="-4.962195" lat="43.276051"><ele>1017.5</ele></trkpt>
<trkpt lon="-4.962564" lat="43.276407"><ele>1021.5</ele></trkpt>
<trkpt lon="-4.962832" lat="43.276742"><ele>1028.25</ele></trkpt>
<trkpt lon="-4.962967" lat="43.276937"><ele>1032.5</ele></trkpt>
<trkpt lon="-4.963041" lat="43.277021"><ele>1033.75</ele></trkpt>
<trkpt lon="-4.963109" lat="43.277055"><ele>1035.25</ele></trkpt>
<trkpt lon="-4.963187" lat="43.277069"><ele>1036.75</ele></trkpt>
<trkpt lon="-4.963293" lat="43.277075"><ele>1038.75</ele></trkpt>
<trkpt lon="-4.963361" lat="43.277088"><ele>1040.25</ele></trkpt>
<trkpt lon="-4.963535" lat="43.277186"><ele>1042.75</ele></trkpt>
<trkpt lon="-4.963608" lat="43.277264"><ele>1044.25</ele></trkpt>
<trkpt lon="-4.963936" lat="43.277571"><ele>1055.75</ele></trkpt>
<trkpt lon="-4.964048" lat="43.277695"><ele>1059.0</ele></trkpt>
<trkpt lon="-4.964066" lat="43.277728"><ele>1059.25</ele></trkpt>
<trkpt lon="-4.964134" lat="43.277734"><ele>1059.25</ele></trkpt>
<trkpt lon="-4.964173" lat="43.277727"><ele>1059.25</ele></trkpt>
<trkpt lon="-4.964202" lat="43.277708"><ele>1059.25</ele></trkpt>
<trkpt lon="-4.964470" lat="43.277767"><ele>1056.75</ele></trkpt>
<trkpt lon="-4.964782" lat="43.277905"><ele>1055.75</ele></trkpt>
<trkpt lon="-4.964870" lat="43.278024"><ele>1056.5</ele></trkpt>
<trkpt lon="-4.964898" lat="43.278120"><ele>1058.25</ele></trkpt>
<trkpt lon="-4.964917" lat="43.278262"><ele>1061.5</ele></trkpt>
<trkpt lon="-4.964952" lat="43.278422"><ele>1063.0</ele></trkpt>
<trkpt lon="-4.964998" lat="43.278507"><ele>1062.0</ele></trkpt>
<trkpt lon="-4.965081" lat="43.278536"><ele>1060.0</ele></trkpt>
<trkpt lon="-4.965186" lat="43.278584"><ele>1056.0</ele></trkpt>
<trkpt lon="-4.965285" lat="43.278615"><ele>1051.75</ele></trkpt>
<trkpt lon="-4.965597" lat="43.278741"><ele>1044.0</ele></trkpt>
<trkpt lon="-4.965686" lat="43.278807"><ele>1040.25</ele></trkpt>
<trkpt lon="-4.965773" lat="43.278916"><ele>1035.5</ele></trkpt>
<trkpt lon="-4.965864" lat="43.278971"><ele>1032.25</ele></trkpt>
<trkpt lon="-4.965979" lat="43.279006"><ele>1029.5</ele></trkpt>
<trkpt lon="-4.966445" lat="43.279119"><ele>1020.0</ele></trkpt>
<trkpt lon="-4.966642" lat="43.279079"><ele>1016.5</ele></trkpt>
<trkpt lon="-4.966942" lat="43.279170"><ele>1009.0</ele></trkpt>
<trkpt lon="-4.967102" lat="43.279171"><ele>1006.5</ele></trkpt>
<trkpt lon="-4.967214" lat="43.279262"><ele>1004.0</ele></trkpt>
<trkpt lon="-4.967222" lat="43.279313"><ele>1003.25</ele></trkpt>
<trkpt lon="-4.967190" lat="43.279342"><ele>1003.5</ele></trkpt>
<trkpt lon="-4.967203" lat="43.279372"><ele>1003.0</ele></trkpt>
<trkpt lon="-4.967233" lat="43.279391"><ele>1002.25</ele></trkpt>
<trkpt lon="-4.967372" lat="43.279383"><ele>1000.75</ele></trkpt>
<trkpt lon="-4.967532" lat="43.279417"><ele>998.0</ele></trkpt>
<trkpt lon="-4.967788" lat="43.279435"><ele>993.25</ele></trkpt>
<trkpt lon="-4.968042" lat="43.279474"><ele>989.5</ele></trkpt>
<trkpt lon="-4.968582" lat="43.279653"><ele>982.75</ele></trkpt>
<trkpt lon="-4.968925" lat="43.279805"><ele>978.0</ele></trkpt>
<trkpt lon="-4.969165" lat="43.279859"><ele>980.5</ele></trkpt>
<trkpt lon="-4.969337" lat="43.279983"><ele>978.5</ele></trkpt>
<trkpt lon="-4.969522" lat="43.280037"><ele>977.5</ele></trkpt>
<trkpt lon="-4.970335" lat="43.280308"><ele>962.75</ele></trkpt>
<trkpt lon="-4.970554" lat="43.280325"><ele>958.25</ele></trkpt>
<trkpt lon="-4.971553" lat="43.280698"><ele>937.75</ele></trkpt>
<trkpt lon="-4.971790" lat="43.280722"><ele>936.0</ele></trkpt>
<trkpt lon="-4.971905" lat="43.280778"><ele>932.75</ele></trkpt>
<trkpt lon="-4.971998" lat="43.280880"><ele>928.25</ele></trkpt>
<trkpt lon="-4.972604" lat="43.281218"><ele>918.25</ele></trkpt>
<trkpt lon="-4.972614" lat="43.281324"><ele>915.75</ele></trkpt>
<trkpt lon="-4.972661" lat="43.281360"><ele>914.5</ele></trkpt>
<trkpt lon="-4.972724" lat="43.281381"><ele>913.5</ele></trkpt>
<trkpt lon="-4.972852" lat="43.281416"><ele>913.25</ele></trkpt>
<trkpt lon="-4.972905" lat="43.281425"><ele>913.5</ele></trkpt>
<trkpt lon="-4.972936" lat="43.281474"><ele>914.25</ele></trkpt>
<trkpt lon="-4.972978" lat="43.281485"><ele>914.25</ele></trkpt>
<trkpt lon="-4.973430" lat="43.281510"><ele>913.5</ele></trkpt>
<trkpt lon="-4.973640" lat="43.281557"><ele>912.5</ele></trkpt>
<trkpt lon="-4.973801" lat="43.281569"><ele>912.25</ele></trkpt>
<trkpt lon="-4.973965" lat="43.281603"><ele>912.0</ele></trkpt>
<trkpt lon="-4.974064" lat="43.281612"><ele>911.0</ele></trkpt>
<trkpt lon="-4.974191" lat="43.281597"><ele>909.5</ele></trkpt>
<trkpt lon="-4.974276" lat="43.281579"><ele>908.5</ele></trkpt>
<trkpt lon="-4.974427" lat="43.281580"><ele>907.25</ele></trkpt>
<trkpt lon="-4.974610" lat="43.281600"><ele>906.0</ele></trkpt>
<trkpt lon="-4.974773" lat="43.281641"><ele>904.75</ele></trkpt>
<trkpt lon="-4.974933" lat="43.281700"><ele>903.75</ele></trkpt>
<trkpt lon="-4.975129" lat="43.281763"><ele>904.25</ele></trkpt>
<trkpt lon="-4.975452" lat="43.281821"><ele>901.25</ele></trkpt>
<trkpt lon="-4.975502" lat="43.281844"><ele>900.5</ele></trkpt>
<trkpt lon="-4.975562" lat="43.281916"><ele>899.5</ele></trkpt>
<trkpt lon="-4.975616" lat="43.281962"><ele>900.0</ele></trkpt>
<trkpt lon="-4.975736" lat="43.281966"><ele>898.75</ele></trkpt>
<trkpt lon="-4.975781" lat="43.281974"><ele>898.5</ele></trkpt>
<trkpt lon="-4.975809" lat="43.281971"><ele>898.0</ele></trkpt>
<trkpt lon="-4.975829" lat="43.281953"><ele>897.25</ele></trkpt>
<trkpt lon="-4.975871" lat="43.281931"><ele>896.25</ele></trkpt>
<trkpt lon="-4.975920" lat="43.281928"><ele>895.5</ele></trkpt>
<trkpt lon="-4.976039" lat="43.281939"><ele>894.0</ele></trkpt>
<trkpt lon="-4.976094" lat="43.281955"><ele>893.5</ele></trkpt>
<trkpt lon="-4.976156" lat="43.281961"><ele>892.75</ele></trkpt>
<trkpt lon="-4.976332" lat="43.281999"><ele>891.0</ele></trkpt>
<trkpt lon="-4.976679" lat="43.281969"><ele>884.25</ele></trkpt>
<trkpt lon="-4.976900" lat="43.281929"><ele>881.25</ele></trkpt>
<trkpt lon="-4.977137" lat="43.281870"><ele>880.25</ele></trkpt>
<trkpt lon="-4.977375" lat="43.281794"><ele>879.5</ele></trkpt>
<trkpt lon="-4.977611" lat="43.281780"><ele>878.75</ele></trkpt>
<trkpt lon="-4.977890" lat="43.281670"><ele>878.5</ele></trkpt>
<trkpt lon="-4.978091" lat="43.281662"><ele>878.0</ele></trkpt>
<trkpt lon="-4.978281" lat="43.281630"><ele>878.25</ele></trkpt>
<trkpt lon="-4.978553" lat="43.281566"><ele>877.75</ele></trkpt>
<trkpt lon="-4.978648" lat="43.281529"><ele>877.75</ele></trkpt>
<trkpt lon="-4.978800" lat="43.281425"><ele>877.5</ele></trkpt>
<trkpt lon="-4.978907" lat="43.281389"><ele>877.0</ele></trkpt>
<trkpt lon="-4.979341" lat="43.281515"><ele>881.0</ele></trkpt>
<trkpt lon="-4.979709" lat="43.281470"><ele>883.75</ele></trkpt>
<trkpt lon="-4.980025" lat="43.281458"><ele>885.0</ele></trkpt>
<trkpt lon="-4.980248" lat="43.281423"><ele>886.0</ele></trkpt>
<trkpt lon="-4.980433" lat="43.281437"><ele>888.0</ele></trkpt>
<trkpt lon="-4.980539" lat="43.281479"><ele>888.5</ele></trkpt>
<trkpt lon="-4.980757" lat="43.281484"><ele>890.0</ele></trkpt>
<trkpt lon="-4.980825" lat="43.281458"><ele>890.75</ele></trkpt>
<trkpt lon="-4.981134" lat="43.281166"><ele>897.25</ele></trkpt>
<trkpt lon="-4.981421" lat="43.281053"><ele>899.5</ele></trkpt>
<trkpt lon="-4.981924" lat="43.281035"><ele>901.25</ele></trkpt>
<trkpt lon="-4.982174" lat="43.281007"><ele>902.5</ele></trkpt>
<trkpt lon="-4.982347" lat="43.280975"><ele>902.0</ele></trkpt>
<trkpt lon="-4.982688" lat="43.280858"><ele>901.75</ele></trkpt>
<trkpt lon="-4.983028" lat="43.280799"><ele>899.75</ele></trkpt>
<trkpt lon="-4.983169" lat="43.280806"><ele>898.75</ele></trkpt>
<trkpt lon="-4.983303" lat="43.280808"><ele>898.25</ele></trkpt>
<trkpt lon="-4.983363" lat="43.280844"><ele>897.5</ele></trkpt>
<trkpt lon="-4.983405" lat="43.281064"><ele>895.75</ele></trkpt>
<trkpt lon="-4.983582" lat="43.281181"><ele>892.5</ele></trkpt>
<trkpt lon="-4.983813" lat="43.281248"><ele>889.5</ele></trkpt>
<trkpt lon="-4.984033" lat="43.281251"><ele>887.25</ele></trkpt>
<trkpt lon="-4.984424" lat="43.281165"><ele>882.5</ele></trkpt>
<trkpt lon="-4.984961" lat="43.281060"><ele>876.75</ele></trkpt>
<trkpt lon="-4.985472" lat="43.281008"><ele>872.0</ele></trkpt>
<trkpt lon="-4.985607" lat="43.280954"><ele>871.25</ele></trkpt>
<trkpt lon="-4.985678" lat="43.280944"><ele>871.0</ele></trkpt>
<trkpt lon="-4.985746" lat="43.280948"><ele>870.5</ele></trkpt>
<trkpt lon="-4.986225" lat="43.281026"><ele>864.25</ele></trkpt>
<trkpt lon="-4.986330" lat="43.281012"><ele>862.0</ele></trkpt>
<trkpt lon="-4.986422" lat="43.280976"><ele>861.25</ele></trkpt>
<trkpt lon="-4.986500" lat="43.280933"><ele>861.25</ele></trkpt>
<trkpt lon="-4.986565" lat="43.280909"><ele>861.25</ele></trkpt>
<trkpt lon="-4.986652" lat="43.280902"><ele>860.5</ele></trkpt>
<trkpt lon="-4.986710" lat="43.280902"><ele>860.75</ele></trkpt>
<trkpt lon="-4.986798" lat="43.280927"><ele>861.5</ele></trkpt>
<trkpt lon="-4.986909" lat="43.281026"><ele>862.0</ele></trkpt>
<trkpt lon="-4.986923" lat="43.281175"><ele>861.0</ele></trkpt>
<trkpt lon="-4.986937" lat="43.281212"><ele>860.75</ele></trkpt>
<trkpt lon="-4.986976" lat="43.281285"><ele>860.0</ele></trkpt>
<trkpt lon="-4.987023" lat="43.281345"><ele>859.0</ele></trkpt>
<trkpt lon="-4.987513" lat="43.281782"><ele>854.0</ele></trkpt>
<trkpt lon="-4.990871" lat="43.282451"><ele>842.75</ele></trkpt>
<trkpt lon="-4.991058" lat="43.282497"><ele>842.0</ele></trkpt>
<trkpt lon="-4.991092" lat="43.282501"><ele>842.0</ele></trkpt>
<trkpt lon="-4.991328" lat="43.282302"><ele>841.5</ele></trkpt>
<trkpt lon="-4.991816" lat="43.281923"><ele>843.0</ele></trkpt>
<trkpt lon="-4.993208" lat="43.281678"><ele>842.5</ele></trkpt>
<trkpt lon="-4.993659" lat="43.281683"><ele>846.5</ele></trkpt>
<trkpt lon="-4.994016" lat="43.281839"><ele>848.25</ele></trkpt>
<trkpt lon="-4.994687" lat="43.282226"><ele>847.5</ele></trkpt>
<trkpt lon="-4.994913" lat="43.282315"><ele>849.75</ele></trkpt>
<trkpt lon="-4.995220" lat="43.282523"><ele>849.0</ele></trkpt>
<trkpt lon="-4.995317" lat="43.282618"><ele>849.25</ele></trkpt>
<trkpt lon="-4.995454" lat="43.282678"><ele>850.0</ele></trkpt>
<trkpt lon="-4.995558" lat="43.282700"><ele>850.5</ele></trkpt>
<trkpt lon="-4.996157" lat="43.282629"><ele>855.5</ele></trkpt>
<trkpt lon="-4.996345" lat="43.282612"><ele>856.75</ele></trkpt>
<trkpt lon="-4.996485" lat="43.282589"><ele>859.0</ele></trkpt>
<trkpt lon="-4.996584" lat="43.282526"><ele>860.5</ele></trkpt>
<trkpt lon="-4.996799" lat="43.282407"><ele>866.25</ele></trkpt>
<trkpt lon="-4.996853" lat="43.282382"><ele>868.0</ele></trkpt>
<trkpt lon="-4.996914" lat="43.282365"><ele>870.0</ele></trkpt>
<trkpt lon="-4.996983" lat="43.282368"><ele>872.25</ele></trkpt>
<trkpt lon="-4.997133" lat="43.282397"><ele>877.25</ele></trkpt>
<trkpt lon="-4.997352" lat="43.282451"><ele>883.75</ele></trkpt>
<trkpt lon="-4.997700" lat="43.282580"><ele>893.0</ele></trkpt>
<trkpt lon="-4.997753" lat="43.282590"><ele>894.25</ele></trkpt>
<trkpt lon="-4.997879" lat="43.282568"><ele>896.0</ele></trkpt>
<trkpt lon="-4.998090" lat="43.282509"><ele>900.0</ele></trkpt>
<trkpt lon="-4.998204" lat="43.282500"><ele>901.5</ele></trkpt>
<trkpt lon="-4.998462" lat="43.282506"><ele>905.5</ele></trkpt>
<trkpt lon="-4.998602" lat="43.282519"><ele>908.5</ele></trkpt>
<trkpt lon="-4.998845" lat="43.282603"><ele>914.25</ele></trkpt>
<trkpt lon="-4.999099" lat="43.282650"><ele>922.0</ele></trkpt>
<trkpt lon="-4.999258" lat="43.282644"><ele>927.0</ele></trkpt>
<trkpt lon="-4.999291" lat="43.282639"><ele>928.25</ele></trkpt>
<trkpt lon="-4.999320" lat="43.282626"><ele>929.25</ele></trkpt>
<trkpt lon="-4.999346" lat="43.282584"><ele>930.25</ele></trkpt>
<trkpt lon="-4.999340" lat="43.282531"><ele>930.5</ele></trkpt>
<trkpt lon="-4.999310" lat="43.282514"><ele>930.0</ele></trkpt>
<trkpt lon="-4.999314" lat="43.282480"><ele>931.0</ele></trkpt>
<trkpt lon="-4.999284" lat="43.282450"><ele>931.25</ele></trkpt>
<trkpt lon="-4.999277" lat="43.282424"><ele>932.0</ele></trkpt>
<trkpt lon="-4.999276" lat="43.282400"><ele>933.0</ele></trkpt>
<trkpt lon="-4.999296" lat="43.282382"><ele>934.25</ele></trkpt>
<trkpt lon="-4.999445" lat="43.282393"><ele>937.75</ele></trkpt>
<trkpt lon="-4.999550" lat="43.282444"><ele>939.0</ele></trkpt>
<trkpt lon="-4.999631" lat="43.282446"><ele>941.25</ele></trkpt>
<trkpt lon="-4.999735" lat="43.282419"><ele>945.0</ele></trkpt>
<trkpt lon="-4.999805" lat="43.282389"><ele>947.0</ele></trkpt>
<trkpt lon="-4.999884" lat="43.282389"><ele>948.75</ele></trkpt>
<trkpt lon="-4.999985" lat="43.282409"><ele>950.5</ele></trkpt>
<trkpt lon="-5.000055" lat="43.282437"><ele>951.5</ele></trkpt>
<trkpt lon="-5.000191" lat="43.282486"><ele>952.75</ele></trkpt>
<trkpt lon="-5.000285" lat="43.282507"><ele>954.0</ele></trkpt>
<trkpt lon="-5.000366" lat="43.282515"><ele>955.5</ele></trkpt>
<trkpt lon="-5.000452" lat="43.282484"><ele>957.25</ele></trkpt>
<trkpt lon="-5.000497" lat="43.282436"><ele>958.75</ele></trkpt>
<trkpt lon="-5.000559" lat="43.282427"><ele>960.0</ele></trkpt>
<trkpt lon="-5.000603" lat="43.282439"><ele>960.5</ele></trkpt>
<trkpt lon="-5.000738" lat="43.282510"><ele>961.25</ele></trkpt>
<trkpt lon="-5.000902" lat="43.282563"><ele>961.5</ele></trkpt>
<trkpt lon="-5.001013" lat="43.282557"><ele>961.5</ele></trkpt>
<trkpt lon="-5.001161" lat="43.282536"><ele>961.75</ele></trkpt>
<trkpt lon="-5.001277" lat="43.282527"><ele>961.5</ele></trkpt>
<trkpt lon="-5.001513" lat="43.282518"><ele>960.5</ele></trkpt>
<trkpt lon="-5.001775" lat="43.282484"><ele>959.75</ele></trkpt>
<trkpt lon="-5.002066" lat="43.282475"><ele>960.25</ele></trkpt>
<trkpt lon="-5.002278" lat="43.282483"><ele>961.75</ele></trkpt>
<trkpt lon="-5.002486" lat="43.282505"><ele>962.75</ele></trkpt>
<trkpt lon="-5.002687" lat="43.282517"><ele>965.0</ele></trkpt>
<trkpt lon="-5.002860" lat="43.282497"><ele>967.25</ele></trkpt>
<trkpt lon="-5.002984" lat="43.282470"><ele>969.75</ele></trkpt>
<trkpt lon="-5.003142" lat="43.282406"><ele>972.75</ele></trkpt>
<trkpt lon="-5.003584" lat="43.282131"><ele>977.0</ele></trkpt>
<trkpt lon="-5.003585" lat="43.282092"><ele>977.5</ele></trkpt>
<trkpt lon="-5.003683" lat="43.281784"><ele>980.25</ele></trkpt>
<trkpt lon="-5.003687" lat="43.281709"><ele>981.25</ele></trkpt>
<trkpt lon="-5.003676" lat="43.281636"><ele>982.0</ele></trkpt>
<trkpt lon="-5.003654" lat="43.281563"><ele>982.75</ele></trkpt>
<trkpt lon="-5.003616" lat="43.281501"><ele>983.5</ele></trkpt>
<trkpt lon="-5.003573" lat="43.281454"><ele>984.25</ele></trkpt>
<trkpt lon="-5.003489" lat="43.281396"><ele>986.0</ele></trkpt>
<trkpt lon="-5.002996" lat="43.281154"><ele>991.25</ele></trkpt>
<trkpt lon="-5.002857" lat="43.281075"><ele>992.75</ele></trkpt>
<trkpt lon="-5.002789" lat="43.281023"><ele>993.75</ele></trkpt>
<trkpt lon="-5.002733" lat="43.280955"><ele>994.75</ele></trkpt>
<trkpt lon="-5.002706" lat="43.280875"><ele>995.25</ele></trkpt>
<trkpt lon="-5.002711" lat="43.280801"><ele>995.75</ele></trkpt>
<trkpt lon="-5.002774" lat="43.280555"><ele>999.0</ele></trkpt>
<trkpt lon="-5.002833" lat="43.280524"><ele>998.5</ele></trkpt>
<trkpt lon="-5.002889" lat="43.280473"><ele>998.5</ele></trkpt>
<trkpt lon="-5.002924" lat="43.280428"><ele>998.75</ele></trkpt>
<trkpt lon="-5.003107" lat="43.280154"><ele>999.0</ele></trkpt>
<trkpt lon="-5.003129" lat="43.280087"><ele>998.5</ele></trkpt>
<trkpt lon="-5.003158" lat="43.280038"><ele>997.75</ele></trkpt>
<trkpt lon="-5.003198" lat="43.280000"><ele>996.75</ele></trkpt>
<trkpt lon="-5.003270" lat="43.279957"><ele>996.5</ele></trkpt>
<trkpt lon="-5.003627" lat="43.279790"><ele>994.75</ele></trkpt>
<trkpt lon="-5.003715" lat="43.279753"><ele>994.0</ele></trkpt>
<trkpt lon="-5.003819" lat="43.279720"><ele>993.0</ele></trkpt>
<trkpt lon="-5.004160" lat="43.279667"><ele>991.25</ele></trkpt>
<trkpt lon="-5.004225" lat="43.279676"><ele>991.0</ele></trkpt>
<trkpt lon="-5.004284" lat="43.279695"><ele>990.5</ele></trkpt>
<trkpt lon="-5.004326" lat="43.279740"><ele>989.0</ele></trkpt>
<trkpt lon="-5.004334" lat="43.279785"><ele>988.0</ele></trkpt>
<trkpt lon="-5.004319" lat="43.279827"><ele>987.0</ele></trkpt>
<trkpt lon="-5.004236" lat="43.279938"><ele>985.25</ele></trkpt>
<trkpt lon="-5.004215" lat="43.279979"><ele>984.75</ele></trkpt>
<trkpt lon="-5.004209" lat="43.280017"><ele>984.25</ele></trkpt>
<trkpt lon="-5.004217" lat="43.280064"><ele>984.25</ele></trkpt>
<trkpt lon="-5.004249" lat="43.280114"><ele>983.75</ele></trkpt>
<trkpt lon="-5.004304" lat="43.280161"><ele>983.0</ele></trkpt>
<trkpt lon="-5.004355" lat="43.280186"><ele>982.75</ele></trkpt>
<trkpt lon="-5.004418" lat="43.280201"><ele>982.0</ele></trkpt>
<trkpt lon="-5.004487" lat="43.280205"><ele>981.5</ele></trkpt>
<trkpt lon="-5.004556" lat="43.280195"><ele>981.0</ele></trkpt>
<trkpt lon="-5.005002" lat="43.280097"><ele>978.5</ele></trkpt>
<trkpt lon="-5.005118" lat="43.280085"><ele>978.75</ele></trkpt>
<trkpt lon="-5.005188" lat="43.280094"><ele>978.75</ele></trkpt>
<trkpt lon="-5.005293" lat="43.280119"><ele>978.75</ele></trkpt>
<trkpt lon="-5.005468" lat="43.280192"><ele>978.5</ele></trkpt>
<trkpt lon="-5.005615" lat="43.280232"><ele>978.5</ele></trkpt>
<trkpt lon="-5.005773" lat="43.280236"><ele>978.25</ele></trkpt>
<trkpt lon="-5.006129" lat="43.280207"><ele>980.5</ele></trkpt>
<trkpt lon="-5.006389" lat="43.280206"><ele>978.5</ele></trkpt>
<trkpt lon="-5.006616" lat="43.280238"><ele>977.5</ele></trkpt>
<trkpt lon="-5.006841" lat="43.280299"><ele>977.5</ele></trkpt>
<trkpt lon="-5.006889" lat="43.280305"><ele>977.0</ele></trkpt>
<trkpt lon="-5.006984" lat="43.280307"><ele>976.5</ele></trkpt>
<trkpt lon="-5.007213" lat="43.280298"><ele>976.25</ele></trkpt>
<trkpt lon="-5.007279" lat="43.280301"><ele>976.0</ele></trkpt>
<trkpt lon="-5.007578" lat="43.280340"><ele>976.0</ele></trkpt>
<trkpt lon="-5.007654" lat="43.280341"><ele>975.5</ele></trkpt>
<trkpt lon="-5.008002" lat="43.280324"><ele>973.5</ele></trkpt>
<trkpt lon="-5.008060" lat="43.280332"><ele>973.75</ele></trkpt>
<trkpt lon="-5.008101" lat="43.280345"><ele>973.5</ele></trkpt>
<trkpt lon="-5.008218" lat="43.280397"><ele>973.25</ele></trkpt>
<trkpt lon="-5.008390" lat="43.280452"><ele>972.0</ele></trkpt>
<trkpt lon="-5.008698" lat="43.280518"><ele>968.75</ele></trkpt>
<trkpt lon="-5.008838" lat="43.280531"><ele>967.75</ele></trkpt>
<trkpt lon="-5.008897" lat="43.280524"><ele>967.0</ele></trkpt>
<trkpt lon="-5.008945" lat="43.280499"><ele>966.5</ele></trkpt>
<trkpt lon="-5.009004" lat="43.280453"><ele>965.75</ele></trkpt>
<trkpt lon="-5.009087" lat="43.280410"><ele>965.0</ele></trkpt>
<trkpt lon="-5.009290" lat="43.280343"><ele>964.25</ele></trkpt>
<trkpt lon="-5.009495" lat="43.280259"><ele>962.75</ele></trkpt>
<trkpt lon="-5.009626" lat="43.280218"><ele>963.0</ele></trkpt>
<trkpt lon="-5.009672" lat="43.280188"><ele>963.0</ele></trkpt>
<trkpt lon="-5.009804" lat="43.280003"><ele>959.5</ele></trkpt>
<trkpt lon="-5.009854" lat="43.279960"><ele>959.5</ele></trkpt>
<trkpt lon="-5.009905" lat="43.279932"><ele>959.5</ele></trkpt>
<trkpt lon="-5.009992" lat="43.279909"><ele>959.5</ele></trkpt>
<trkpt lon="-5.010289" lat="43.279898"><ele>956.5</ele></trkpt>
<trkpt lon="-5.010623" lat="43.279873"><ele>953.0</ele></trkpt>
<trkpt lon="-5.010930" lat="43.279867"><ele>950.25</ele></trkpt>
<trkpt lon="-5.011030" lat="43.279870"><ele>949.75</ele></trkpt>
<trkpt lon="-5.011201" lat="43.279886"><ele>948.5</ele></trkpt>
<trkpt lon="-5.011396" lat="43.279921"><ele>947.25</ele></trkpt>
<trkpt lon="-5.011456" lat="43.279915"><ele>946.75</ele></trkpt>
<trkpt lon="-5.011511" lat="43.279898"><ele>946.25</ele></trkpt>
<trkpt lon="-5.011548" lat="43.279866"><ele>946.0</ele></trkpt>
<trkpt lon="-5.011568" lat="43.279831"><ele>945.75</ele></trkpt>
<trkpt lon="-5.011717" lat="43.279845"><ele>946.0</ele></trkpt>
<trkpt lon="-5.011963" lat="43.279901"><ele>945.25</ele></trkpt>
<trkpt lon="-5.012375" lat="43.279903"><ele>944.0</ele></trkpt>
<trkpt lon="-5.012579" lat="43.279921"><ele>942.25</ele></trkpt>
<trkpt lon="-5.013194" lat="43.280002"><ele>938.5</ele></trkpt>
<trkpt lon="-5.013978" lat="43.280363"><ele>942.5</ele></trkpt>
<trkpt lon="-5.014194" lat="43.280464"><ele>943.0</ele></trkpt>
<trkpt lon="-5.014288" lat="43.280556"><ele>943.0</ele></trkpt>
<trkpt lon="-5.014448" lat="43.280607"><ele>944.0</ele></trkpt>
<trkpt lon="-5.015417" lat="43.281067"><ele>943.5</ele></trkpt>
<trkpt lon="-5.015618" lat="43.281128"><ele>944.5</ele></trkpt>
<trkpt lon="-5.016004" lat="43.281352"><ele>948.0</ele></trkpt>
<trkpt lon="-5.016239" lat="43.281414"><ele>949.0</ele></trkpt>
<trkpt lon="-5.016599" lat="43.281542"><ele>951.75</ele></trkpt>
<trkpt lon="-5.016727" lat="43.281613"><ele>953.75</ele></trkpt>
<trkpt lon="-5.017060" lat="43.281655"><ele>955.25</ele></trkpt>
<trkpt lon="-5.017310" lat="43.281678"><ele>955.75</ele></trkpt>
<trkpt lon="-5.017800" lat="43.281734"><ele>955.0</ele></trkpt>
<trkpt lon="-5.017895" lat="43.281780"><ele>956.0</ele></trkpt>
<trkpt lon="-5.018063" lat="43.281770"><ele>953.0</ele></trkpt>
<trkpt lon="-5.018412" lat="43.281864"><ele>951.0</ele></trkpt>
<trkpt lon="-5.018592" lat="43.281923"><ele>950.5</ele></trkpt>
<trkpt lon="-5.018953" lat="43.281950"><ele>950.25</ele></trkpt>
<trkpt lon="-5.019720" lat="43.282077"><ele>960.5</ele></trkpt>
<trkpt lon="-5.019908" lat="43.282137"><ele>965.0</ele></trkpt>
<trkpt lon="-5.020061" lat="43.282158"><ele>967.0</ele></trkpt>
<trkpt lon="-5.020179" lat="43.282149"><ele>967.0</ele></trkpt>
<trkpt lon="-5.020202" lat="43.282165"><ele>967.75</ele></trkpt>
<trkpt lon="-5.020305" lat="43.282184"><ele>968.75</ele></trkpt>
<trkpt lon="-5.020376" lat="43.282171"><ele>967.75</ele></trkpt>
<trkpt lon="-5.020457" lat="43.282171"><ele>967.25</ele></trkpt>
<trkpt lon="-5.020530" lat="43.282157"><ele>966.5</ele></trkpt>
<trkpt lon="-5.020702" lat="43.282175"><ele>968.5</ele></trkpt>
<trkpt lon="-5.020908" lat="43.282132"><ele>968.5</ele></trkpt>
<trkpt lon="-5.021005" lat="43.282106"><ele>968.0</ele></trkpt>
<trkpt lon="-5.021088" lat="43.282110"><ele>968.5</ele></trkpt>
<trkpt lon="-5.021191" lat="43.282144"><ele>969.5</ele></trkpt>
<trkpt lon="-5.021224" lat="43.282175"><ele>970.25</ele></trkpt>
<trkpt lon="-5.021389" lat="43.282195"><ele>970.25</ele></trkpt>
<trkpt lon="-5.021705" lat="43.282300"><ele>976.25</ele></trkpt>
<trkpt lon="-5.022052" lat="43.282352"><ele>981.25</ele></trkpt>
<trkpt lon="-5.022185" lat="43.282299"><ele>980.0</ele></trkpt>
<trkpt lon="-5.022291" lat="43.282310"><ele>980.5</ele></trkpt>
<trkpt lon="-5.022373" lat="43.282287"><ele>980.0</ele></trkpt>
<trkpt lon="-5.022438" lat="43.282339"><ele>981.25</ele></trkpt>
<trkpt lon="-5.022671" lat="43.282380"><ele>983.0</ele></trkpt>
<trkpt lon="-5.022823" lat="43.282472"><ele>984.25</ele></trkpt>
<trkpt lon="-5.022986" lat="43.282497"><ele>986.0</ele></trkpt>
<trkpt lon="-5.023209" lat="43.282563"><ele>992.0</ele></trkpt>
<trkpt lon="-5.023498" lat="43.282590"><ele>995.5</ele></trkpt>
<trkpt lon="-5.023718" lat="43.282618"><ele>997.0</ele></trkpt>
<trkpt lon="-5.023952" lat="43.282687"><ele>998.25</ele></trkpt>
<trkpt lon="-5.024254" lat="43.282745"><ele>996.75</ele></trkpt>
<trkpt lon="-5.024695" lat="43.282743"><ele>989.5</ele></trkpt>
<trkpt lon="-5.025220" lat="43.282855"><ele>980.5</ele></trkpt>
<trkpt lon="-5.025492" lat="43.282937"><ele>977.0</ele></trkpt>
<trkpt lon="-5.025626" lat="43.282921"><ele>972.75</ele></trkpt>
<trkpt lon="-5.025801" lat="43.282953"><ele>969.75</ele></trkpt>
<trkpt lon="-5.025782" lat="43.282873"><ele>967.0</ele></trkpt>
<trkpt lon="-5.025865" lat="43.282909"><ele>966.0</ele></trkpt>
<trkpt lon="-5.026221" lat="43.282957"><ele>957.5</ele></trkpt>
<trkpt lon="-5.026216" lat="43.282918"><ele>956.25</ele></trkpt>
<trkpt lon="-5.026305" lat="43.282948"><ele>955.0</ele></trkpt>
<trkpt lon="-5.027003" lat="43.283080"><ele>940.75</ele></trkpt>
<trkpt lon="-5.027514" lat="43.283192"><ele>936.75</ele></trkpt>
<trkpt lon="-5.027820" lat="43.283207"><ele>934.75</ele></trkpt>
<trkpt lon="-5.028182" lat="43.283150"><ele>932.25</ele></trkpt>
<trkpt lon="-5.028542" lat="43.283162"><ele>930.25</ele></trkpt>
<trkpt lon="-5.029024" lat="43.283244"><ele>926.75</ele></trkpt>
<trkpt lon="-5.029481" lat="43.283278"><ele>920.75</ele></trkpt>
<trkpt lon="-5.029822" lat="43.283289"><ele>915.5</ele></trkpt>
<trkpt lon="-5.030156" lat="43.283370"><ele>911.25</ele></trkpt>
<trkpt lon="-5.031256" lat="43.283631"><ele>897.0</ele></trkpt>
<trkpt lon="-5.032339" lat="43.283803"><ele>895.75</ele></trkpt>
<trkpt lon="-5.032544" lat="43.283948"><ele>894.75</ele></trkpt>
<trkpt lon="-5.032729" lat="43.283935"><ele>893.0</ele></trkpt>
<trkpt lon="-5.032952" lat="43.283943"><ele>891.75</ele></trkpt>
<trkpt lon="-5.033217" lat="43.283992"><ele>891.0</ele></trkpt>
<trkpt lon="-5.033490" lat="43.284052"><ele>890.25</ele></trkpt>
<trkpt lon="-5.033868" lat="43.284020"><ele>889.5</ele></trkpt>
<trkpt lon="-5.034389" lat="43.284062"><ele>888.75</ele></trkpt>
<trkpt lon="-5.034580" lat="43.284103"><ele>888.75</ele></trkpt>
<trkpt lon="-5.035396" lat="43.284323"><ele>883.0</ele></trkpt>
<trkpt lon="-5.035529" lat="43.284349"><ele>881.0</ele></trkpt>
<trkpt lon="-5.035701" lat="43.284357"><ele>877.75</ele></trkpt>
<trkpt lon="-5.035956" lat="43.284478"><ele>876.25</ele></trkpt>
<trkpt lon="-5.036077" lat="43.284492"><ele>875.0</ele></trkpt>
<trkpt lon="-5.036555" lat="43.284627"><ele>869.25</ele></trkpt>
<trkpt lon="-5.036777" lat="43.284748"><ele>866.25</ele></trkpt>
<trkpt lon="-5.037011" lat="43.284918"><ele>867.0</ele></trkpt>
<trkpt lon="-5.037273" lat="43.284973"><ele>865.75</ele></trkpt>
<trkpt lon="-5.037485" lat="43.284978"><ele>866.75</ele></trkpt>
<trkpt lon="-5.037797" lat="43.285053"><ele>870.75</ele></trkpt>
<trkpt lon="-5.038774" lat="43.285216"><ele>878.75</ele></trkpt>
<trkpt lon="-5.039271" lat="43.285240"><ele>883.75</ele></trkpt>
<trkpt lon="-5.039695" lat="43.285290"><ele>888.75</ele></trkpt>
<trkpt lon="-5.040285" lat="43.285336"><ele>884.25</ele></trkpt>
<trkpt lon="-5.040444" lat="43.285440"><ele>882.5</ele></trkpt>
<trkpt lon="-5.040745" lat="43.285497"><ele>877.75</ele></trkpt>
<trkpt lon="-5.041018" lat="43.285582"><ele>874.5</ele></trkpt>
<trkpt lon="-5.041972" lat="43.285927"><ele>872.25</ele></trkpt>
<trkpt lon="-5.042872" lat="43.286344"><ele>861.75</ele></trkpt>
<trkpt lon="-5.042940" lat="43.286539"><ele>858.25</ele></trkpt>
<trkpt lon="-5.043064" lat="43.286725"><ele>854.5</ele></trkpt>
<trkpt lon="-5.043294" lat="43.286880"><ele>851.25</ele></trkpt>
<trkpt lon="-5.043401" lat="43.286990"><ele>849.25</ele></trkpt>
<trkpt lon="-5.043605" lat="43.287055"><ele>846.5</ele></trkpt>
<trkpt lon="-5.043999" lat="43.287238"><ele>844.75</ele></trkpt>
<trkpt lon="-5.044154" lat="43.287234"><ele>844.25</ele></trkpt>
<trkpt lon="-5.044466" lat="43.287324"><ele>843.75</ele></trkpt>
<trkpt lon="-5.044704" lat="43.287283"><ele>841.0</ele></trkpt>
<trkpt lon="-5.044820" lat="43.287273"><ele>839.5</ele></trkpt>
<trkpt lon="-5.044994" lat="43.287332"><ele>838.5</ele></trkpt>
<trkpt lon="-5.045172" lat="43.287419"><ele>836.5</ele></trkpt>
<trkpt lon="-5.045551" lat="43.287574"><ele>831.5</ele></trkpt>
<trkpt lon="-5.045777" lat="43.287752"><ele>829.0</ele></trkpt>
<trkpt lon="-5.045854" lat="43.287923"><ele>825.25</ele></trkpt>
<trkpt lon="-5.045826" lat="43.288042"><ele>824.5</ele></trkpt>
<trkpt lon="-5.046795" lat="43.288890"><ele>812.75</ele></trkpt>
<trkpt lon="-5.046761" lat="43.289025"><ele>813.75</ele></trkpt>
<trkpt lon="-5.046772" lat="43.289135"><ele>813.25</ele></trkpt>
<trkpt lon="-5.046829" lat="43.289216"><ele>812.25</ele></trkpt>
<trkpt lon="-5.047023" lat="43.289275"><ele>806.5</ele></trkpt>
<trkpt lon="-5.047216" lat="43.289352"><ele>801.0</ele></trkpt>
<trkpt lon="-5.047302" lat="43.289553"><ele>797.75</ele></trkpt>
<trkpt lon="-5.047326" lat="43.289678"><ele>795.75</ele></trkpt>
<trkpt lon="-5.047402" lat="43.289781"><ele>793.0</ele></trkpt>
<trkpt lon="-5.047522" lat="43.289896"><ele>789.0</ele></trkpt>
<trkpt lon="-5.047577" lat="43.289901"><ele>786.5</ele></trkpt>
<trkpt lon="-5.047617" lat="43.289854"><ele>783.75</ele></trkpt>
<trkpt lon="-5.047981" lat="43.289836"><ele>768.75</ele></trkpt>
<trkpt lon="-5.048147" lat="43.289892"><ele>763.5</ele></trkpt>
<trkpt lon="-5.048237" lat="43.290000"><ele>760.0</ele></trkpt>
<trkpt lon="-5.048497" lat="43.290092"><ele>754.25</ele></trkpt>
<trkpt lon="-5.048642" lat="43.290162"><ele>751.5</ele></trkpt>
<trkpt lon="-5.048802" lat="43.290184"><ele>747.5</ele></trkpt>
<trkpt lon="-5.049008" lat="43.290294"><ele>742.25</ele></trkpt>
<trkpt lon="-5.049207" lat="43.290342"><ele>737.0</ele></trkpt>
<trkpt lon="-5.049394" lat="43.290357"><ele>732.0</ele></trkpt>
<trkpt lon="-5.049541" lat="43.290345"><ele>727.75</ele></trkpt>
<trkpt lon="-5.050155" lat="43.290337"><ele>713.25</ele></trkpt>
<trkpt lon="-5.050842" lat="43.290460"><ele>699.0</ele></trkpt>
<trkpt lon="-5.051269" lat="43.290656"><ele>691.75</ele></trkpt>
<trkpt lon="-5.051743" lat="43.290754"><ele>683.0</ele></trkpt>
<trkpt lon="-5.052409" lat="43.290871"><ele>672.0</ele></trkpt>
<trkpt lon="-5.052650" lat="43.290927"><ele>668.75</ele></trkpt>
<trkpt lon="-5.052805" lat="43.290999"><ele>667.25</ele></trkpt>
<trkpt lon="-5.054560" lat="43.291637"><ele>640.5</ele></trkpt>
<trkpt lon="-5.054780" lat="43.291516"><ele>635.0</ele></trkpt>
<trkpt lon="-5.054935" lat="43.291642"><ele>632.25</ele></trkpt>
<trkpt lon="-5.055039" lat="43.291520"><ele>628.75</ele></trkpt>
<trkpt lon="-5.055184" lat="43.291574"><ele>625.25</ele></trkpt>
<trkpt lon="-5.055572" lat="43.291694"><ele>615.5</ele></trkpt>
<trkpt lon="-5.055818" lat="43.291753"><ele>610.25</ele></trkpt>
<trkpt lon="-5.055916" lat="43.291937"><ele>606.0</ele></trkpt>
<trkpt lon="-5.056395" lat="43.292038"><ele>592.75</ele></trkpt>
<trkpt lon="-5.056769" lat="43.292150"><ele>582.5</ele></trkpt>
<trkpt lon="-5.056796" lat="43.292270"><ele>581.75</ele></trkpt>
<trkpt lon="-5.056905" lat="43.292362"><ele>579.5</ele></trkpt>
<trkpt lon="-5.056953" lat="43.292467"><ele>579.25</ele></trkpt>
<trkpt lon="-5.057074" lat="43.292489"><ele>575.5</ele></trkpt>
<trkpt lon="-5.057188" lat="43.292577"><ele>575.25</ele></trkpt>
<trkpt lon="-5.057569" lat="43.292779"><ele>567.25</ele></trkpt>
<trkpt lon="-5.057614" lat="43.292895"><ele>567.25</ele></trkpt>
<trkpt lon="-5.057675" lat="43.292974"><ele>565.5</ele></trkpt>
<trkpt lon="-5.057676" lat="43.293045"><ele>565.25</ele></trkpt>
<trkpt lon="-5.057712" lat="43.293097"><ele>562.75</ele></trkpt>
<trkpt lon="-5.057843" lat="43.293072"><ele>561.0</ele></trkpt>
<trkpt lon="-5.057998" lat="43.293248"><ele>559.5</ele></trkpt>
<trkpt lon="-5.057900" lat="43.293595"><ele>556.0</ele></trkpt>
<trkpt lon="-5.057702" lat="43.293793"><ele>552.75</ele></trkpt>
<trkpt lon="-5.057488" lat="43.294124"><ele>547.25</ele></trkpt>
<trkpt lon="-5.057354" lat="43.294388"><ele>546.5</ele></trkpt>
<trkpt lon="-5.057319" lat="43.294668"><ele>542.75</ele></trkpt>
<trkpt lon="-5.057250" lat="43.294765"><ele>540.75</ele></trkpt>
<trkpt lon="-5.057170" lat="43.294843"><ele>540.5</ele></trkpt>
<trkpt lon="-5.057037" lat="43.294908"><ele>539.75</ele></trkpt>
<trkpt lon="-5.056876" lat="43.295061"><ele>538.5</ele></trkpt>
<trkpt lon="-5.056766" lat="43.295146"><ele>538.0</ele></trkpt>
<trkpt lon="-5.056202" lat="43.295514"><ele>533.5</ele></trkpt>
<trkpt lon="-5.055943" lat="43.295592"><ele>532.25</ele></trkpt>
<trkpt lon="-5.055695" lat="43.295655"><ele>532.0</ele></trkpt>
<trkpt lon="-5.055462" lat="43.295783"><ele>530.25</ele></trkpt>
<trkpt lon="-5.055219" lat="43.295944"><ele>529.5</ele></trkpt>
<trkpt lon="-5.055083" lat="43.296079"><ele>529.0</ele></trkpt>
<trkpt lon="-5.054715" lat="43.296637"><ele>526.5</ele></trkpt>
<trkpt lon="-5.053997" lat="43.297344"><ele>524.0</ele></trkpt>
<trkpt lon="-5.053812" lat="43.297499"><ele>523.0</ele></trkpt>
<trkpt lon="-5.053564" lat="43.297736"><ele>522.0</ele></trkpt>
<trkpt lon="-5.053370" lat="43.297999"><ele>521.25</ele></trkpt>
<trkpt lon="-5.053053" lat="43.298264"><ele>521.0</ele></trkpt>
<trkpt lon="-5.052741" lat="43.298495"><ele>521.5</ele></trkpt>
<trkpt lon="-5.052666" lat="43.298651"><ele>522.0</ele></trkpt>
<trkpt lon="-5.052692" lat="43.298811"><ele>521.0</ele></trkpt>
<trkpt lon="-5.052886" lat="43.299152"><ele>519.75</ele></trkpt>
<trkpt lon="-5.053060" lat="43.299434"><ele>519.0</ele></trkpt>
<trkpt lon="-5.053418" lat="43.299882"><ele>520.5</ele></trkpt>
<trkpt lon="-5.053170" lat="43.300463"><ele>527.75</ele></trkpt>
<trkpt lon="-5.052977" lat="43.300635"><ele>529.25</ele></trkpt>
<trkpt lon="-5.052669" lat="43.300760"><ele>533.5</ele></trkpt>
<trkpt lon="-5.052365" lat="43.300789"><ele>536.5</ele></trkpt>
<trkpt lon="-5.052174" lat="43.300771"><ele>538.0</ele></trkpt>
<trkpt lon="-5.052032" lat="43.300869"><ele>539.25</ele></trkpt>
<trkpt lon="-5.051839" lat="43.301759"><ele>518.5</ele></trkpt>
<trkpt lon="-5.052389" lat="43.302411"><ele>499.75</ele></trkpt>
<trkpt lon="-5.052552" lat="43.302439"><ele>505.25</ele></trkpt>
<trkpt lon="-5.052811" lat="43.302622"><ele>501.5</ele></trkpt>
<trkpt lon="-5.052856" lat="43.302748"><ele>493.0</ele></trkpt>
<trkpt lon="-5.053312" lat="43.303045"><ele>487.25</ele></trkpt>
<trkpt lon="-5.053234" lat="43.303305"><ele>471.75</ele></trkpt>
<trkpt lon="-5.053267" lat="43.303434"><ele>464.0</ele></trkpt>
<trkpt lon="-5.053582" lat="43.303603"><ele>455.25</ele></trkpt>
<trkpt lon="-5.053653" lat="43.303786"><ele>445.0</ele></trkpt>
<trkpt lon="-5.053657" lat="43.303967"><ele>432.75</ele></trkpt>
<trkpt lon="-5.053930" lat="43.304100"><ele>435.25</ele></trkpt>
<trkpt lon="-5.054200" lat="43.304632"><ele>415.5</ele></trkpt>
<trkpt lon="-5.054016" lat="43.305038"><ele>394.0</ele></trkpt>
<trkpt lon="-5.053850" lat="43.305128"><ele>383.75</ele></trkpt>
<trkpt lon="-5.053688" lat="43.305131"><ele>376.25</ele></trkpt>
<trkpt lon="-5.053843" lat="43.305445"><ele>373.5</ele></trkpt>
<trkpt lon="-5.053663" lat="43.306085"><ele>351.5</ele></trkpt>
<trkpt lon="-5.053533" lat="43.306035"><ele>345.25</ele></trkpt>
<trkpt lon="-5.053470" lat="43.306224"><ele>339.75</ele></trkpt>
<trkpt lon="-5.053246" lat="43.306096"><ele>330.0</ele></trkpt>
<trkpt lon="-5.053203" lat="43.306343"><ele>323.25</ele></trkpt>
<trkpt lon="-5.052939" lat="43.306002"><ele>318.25</ele></trkpt>
<trkpt lon="-5.052871" lat="43.306071"><ele>313.25</ele></trkpt>
<trkpt lon="-5.052759" lat="43.306047"><ele>311.25</ele></trkpt>
<trkpt lon="-5.052823" lat="43.306224"><ele>305.75</ele></trkpt>
<trkpt lon="-5.052806" lat="43.306400"><ele>298.0</ele></trkpt>
<trkpt lon="-5.052604" lat="43.306363"><ele>293.25</ele></trkpt>
<trkpt lon="-5.052579" lat="43.306456"><ele>287.0</ele></trkpt>
<trkpt lon="-5.052500" lat="43.306510"><ele>281.5</ele></trkpt>
<trkpt lon="-5.052662" lat="43.306629"><ele>279.25</ele></trkpt>
<trkpt lon="-5.052787" lat="43.306849"><ele>266.75</ele></trkpt>
<trkpt lon="-5.052762" lat="43.307021"><ele>253.0</ele></trkpt>
<trkpt lon="-5.052631" lat="43.307113"><ele>245.75</ele></trkpt>
<trkpt lon="-5.052421" lat="43.307159"><ele>241.25</ele></trkpt>
<trkpt lon="-5.052574" lat="43.307272"><ele>235.75</ele></trkpt>
<trkpt lon="-5.052912" lat="43.307301"><ele>232.75</ele></trkpt>
<trkpt lon="-5.053220" lat="43.307161"><ele>242.75</ele></trkpt>
<trkpt lon="-5.053070" lat="43.307322"><ele>229.75</ele></trkpt>
<trkpt lon="-5.053169" lat="43.307303"><ele>230.0</ele></trkpt>
<trkpt lon="-5.053222" lat="43.307298"><ele>230.0</ele></trkpt>
<trkpt lon="-5.053283" lat="43.307300"><ele>229.5</ele></trkpt>
<trkpt lon="-5.053372" lat="43.307322"><ele>229.25</ele></trkpt>
<trkpt lon="-5.053419" lat="43.307345"><ele>229.5</ele></trkpt>
<trkpt lon="-5.053685" lat="43.307536"><ele>234.0</ele></trkpt>
<trkpt lon="-5.053578" lat="43.307595"><ele>229.75</ele></trkpt>
<trkpt lon="-5.053646" lat="43.307668"><ele>230.25</ele></trkpt>
<trkpt lon="-5.053755" lat="43.307720"><ele>232.25</ele></trkpt>
<trkpt lon="-5.053720" lat="43.307688"><ele>231.75</ele></trkpt>
<trkpt lon="-5.053793" lat="43.307652"><ele>234.5</ele></trkpt>
<trkpt lon="-5.053929" lat="43.307779"><ele>236.0</ele></trkpt>
<trkpt lon="-5.053962" lat="43.307800"><ele>236.5</ele></trkpt>
<trkpt lon="-5.054025" lat="43.307828"><ele>237.5</ele></trkpt>
<trkpt lon="-5.054336" lat="43.307918"><ele>241.75</ele></trkpt>
<trkpt lon="-5.054388" lat="43.307944"><ele>242.0</ele></trkpt>
<trkpt lon="-5.054428" lat="43.307979"><ele>242.0</ele></trkpt>
<trkpt lon="-5.054450" lat="43.308009"><ele>242.0</ele></trkpt>
<trkpt lon="-5.054455" lat="43.308050"><ele>241.25</ele></trkpt>
<trkpt lon="-5.054442" lat="43.308090"><ele>241.75</ele></trkpt>
<trkpt lon="-5.054301" lat="43.308327"><ele>244.0</ele></trkpt>
<trkpt lon="-5.054274" lat="43.308357"><ele>244.75</ele></trkpt>
<trkpt lon="-5.054205" lat="43.308391"><ele>244.75</ele></trkpt>
<trkpt lon="-5.053870" lat="43.308499"><ele>243.0</ele></trkpt>
<trkpt lon="-5.053718" lat="43.308539"><ele>243.75</ele></trkpt>
<trkpt lon="-5.053683" lat="43.308557"><ele>244.25</ele></trkpt>
<trkpt lon="-5.053666" lat="43.308578"><ele>245.25</ele></trkpt>
<trkpt lon="-5.053661" lat="43.308607"><ele>246.75</ele></trkpt>
<trkpt lon="-5.053669" lat="43.308639"><ele>248.25</ele></trkpt>
<trkpt lon="-5.053688" lat="43.308663"><ele>249.25</ele></trkpt>
<trkpt lon="-5.053719" lat="43.308680"><ele>250.25</ele></trkpt>
<trkpt lon="-5.053763" lat="43.308686"><ele>250.75</ele></trkpt>
<trkpt lon="-5.053816" lat="43.308685"><ele>251.0</ele></trkpt>
<trkpt lon="-5.053869" lat="43.308672"><ele>250.5</ele></trkpt>
<trkpt lon="-5.054131" lat="43.308556"><ele>252.0</ele></trkpt>
<trkpt lon="-5.054158" lat="43.308589"><ele>254.5</ele></trkpt>
<trkpt lon="-5.054144" lat="43.308615"><ele>255.25</ele></trkpt>
<trkpt lon="-5.053899" lat="43.308712"><ele>252.75</ele></trkpt>
<trkpt lon="-5.053881" lat="43.308745"><ele>254.0</ele></trkpt>
<trkpt lon="-5.053928" lat="43.308748"><ele>254.75</ele></trkpt>
<trkpt lon="-5.054168" lat="43.308653"><ele>256.75</ele></trkpt>
<trkpt lon="-5.054201" lat="43.308641"><ele>256.75</ele></trkpt>
<trkpt lon="-5.054220" lat="43.308671"><ele>257.5</ele></trkpt>
<trkpt lon="-5.054311" lat="43.308639"><ele>258.25</ele></trkpt>
<trkpt lon="-5.054301" lat="43.308624"><ele>258.0</ele></trkpt>
<trkpt lon="-5.054356" lat="43.308605"><ele>258.25</ele></trkpt>
<trkpt lon="-5.054848" lat="43.308445"><ele>257.25</ele></trkpt>
<trkpt lon="-5.055151" lat="43.308347"><ele>258.25</ele></trkpt>
<trkpt lon="-5.055134" lat="43.308315"><ele>258.25</ele></trkpt>
<trkpt lon="-5.055195" lat="43.308282"><ele>257.75</ele></trkpt>
<trkpt lon="-5.055430" lat="43.308149"><ele>259.75</ele></trkpt>
<trkpt lon="-5.055505" lat="43.308267"><ele>259.0</ele></trkpt>
<trkpt lon="-5.055531" lat="43.308310"><ele>258.25</ele></trkpt>
<trkpt lon="-5.055487" lat="43.308337"><ele>258.0</ele></trkpt>
<trkpt lon="-5.055475" lat="43.308379"><ele>258.0</ele></trkpt>
<trkpt lon="-5.055484" lat="43.308399"><ele>258.0</ele></trkpt>
<trkpt lon="-5.055501" lat="43.308417"><ele>258.0</ele></trkpt>
<trkpt lon="-5.055525" lat="43.308429"><ele>258.0</ele></trkpt>
<trkpt lon="-5.055553" lat="43.308436"><ele>258.0</ele></trkpt>
<trkpt lon="-5.055582" lat="43.308435"><ele>257.75</ele></trkpt>
  </trkseg></trk></gpx>
