<?xml version="1.0" encoding="UTF-8"?>
<gpx version="1.1" creator="compostel-brouter" xmlns="http://www.topografix.com/GPX/1/1">
  <metadata><name>PC-J5-variante-Cabana-Veronica-Bulnes (intermédiaire, sans escalade)</name></metadata>
  <trk><name>PC-J5-variante-Bulnes</name><trkseg>
<trkpt lon="-4.811780" lat="43.144174"><ele>1082.25</ele></trkpt>
<trkpt lon="-4.811763" lat="43.144207"><ele>1081.0</ele></trkpt>
<trkpt lon="-4.811735" lat="43.144221"><ele>1080.25</ele></trkpt>
<trkpt lon="-4.811649" lat="43.144235"><ele>1078.75</ele></trkpt>
<trkpt lon="-4.811535" lat="43.144239"><ele>1077.25</ele></trkpt>
<trkpt lon="-4.811518" lat="43.144251"><ele>1077.0</ele></trkpt>
<trkpt lon="-4.811505" lat="43.144280"><ele>1076.25</ele></trkpt>
<trkpt lon="-4.811595" lat="43.144292"><ele>1077.25</ele></trkpt>
<trkpt lon="-4.811627" lat="43.144388"><ele>1076.25</ele></trkpt>
<trkpt lon="-4.811761" lat="43.144537"><ele>1075.5</ele></trkpt>
<trkpt lon="-4.811777" lat="43.144582"><ele>1075.25</ele></trkpt>
<trkpt lon="-4.811793" lat="43.144699"><ele>1074.5</ele></trkpt>
<trkpt lon="-4.811798" lat="43.144804"><ele>1074.25</ele></trkpt>
<trkpt lon="-4.811772" lat="43.144883"><ele>1074.0</ele></trkpt>
<trkpt lon="-4.811688" lat="43.144975"><ele>1073.0</ele></trkpt>
<trkpt lon="-4.811572" lat="43.145133"><ele>1073.25</ele></trkpt>
<trkpt lon="-4.811410" lat="43.145256"><ele>1072.0</ele></trkpt>
<trkpt lon="-4.811166" lat="43.145387"><ele>1070.75</ele></trkpt>
<trkpt lon="-4.810995" lat="43.145536"><ele>1070.0</ele></trkpt>
<trkpt lon="-4.810852" lat="43.145693"><ele>1069.0</ele></trkpt>
<trkpt lon="-4.810559" lat="43.145860"><ele>1067.0</ele></trkpt>
<trkpt lon="-4.810385" lat="43.145912"><ele>1066.75</ele></trkpt>
<trkpt lon="-4.810231" lat="43.145843"><ele>1066.0</ele></trkpt>
<trkpt lon="-4.809993" lat="43.145672"><ele>1065.75</ele></trkpt>
<trkpt lon="-4.809691" lat="43.145725"><ele>1067.0</ele></trkpt>
<trkpt lon="-4.809333" lat="43.145843"><ele>1074.0</ele></trkpt>
<trkpt lon="-4.808899" lat="43.145891"><ele>1083.5</ele></trkpt>
<trkpt lon="-4.808804" lat="43.145902"><ele>1085.0</ele></trkpt>
<trkpt lon="-4.808484" lat="43.145890"><ele>1090.75</ele></trkpt>
<trkpt lon="-4.808036" lat="43.145850"><ele>1102.25</ele></trkpt>
<trkpt lon="-4.807958" lat="43.145738"><ele>1107.0</ele></trkpt>
<trkpt lon="-4.807772" lat="43.145605"><ele>1116.25</ele></trkpt>
<trkpt lon="-4.807591" lat="43.145699"><ele>1121.75</ele></trkpt>
<trkpt lon="-4.807440" lat="43.145716"><ele>1127.25</ele></trkpt>
<trkpt lon="-4.807192" lat="43.145507"><ele>1143.25</ele></trkpt>
<trkpt lon="-4.807015" lat="43.145309"><ele>1155.0</ele></trkpt>
<trkpt lon="-4.806829" lat="43.145360"><ele>1162.0</ele></trkpt>
<trkpt lon="-4.806769" lat="43.145271"><ele>1166.0</ele></trkpt>
<trkpt lon="-4.806688" lat="43.145211"><ele>1171.0</ele></trkpt>
<trkpt lon="-4.806545" lat="43.145124"><ele>1179.0</ele></trkpt>
<trkpt lon="-4.806288" lat="43.145235"><ele>1187.0</ele></trkpt>
<trkpt lon="-4.806142" lat="43.145064"><ele>1196.5</ele></trkpt>
<trkpt lon="-4.805779" lat="43.145278"><ele>1208.75</ele></trkpt>
<trkpt lon="-4.805518" lat="43.145250"><ele>1217.5</ele></trkpt>
<trkpt lon="-4.805289" lat="43.145401"><ele>1223.25</ele></trkpt>
<trkpt lon="-4.804988" lat="43.145418"><ele>1231.75</ele></trkpt>
<trkpt lon="-4.804560" lat="43.145524"><ele>1243.0</ele></trkpt>
<trkpt lon="-4.804311" lat="43.145556"><ele>1251.75</ele></trkpt>
<trkpt lon="-4.804066" lat="43.145596"><ele>1261.0</ele></trkpt>
<trkpt lon="-4.803788" lat="43.145708"><ele>1275.25</ele></trkpt>
<trkpt lon="-4.803399" lat="43.145662"><ele>1290.0</ele></trkpt>
<trkpt lon="-4.803128" lat="43.145767"><ele>1306.25</ele></trkpt>
<trkpt lon="-4.803275" lat="43.146071"><ele>1315.25</ele></trkpt>
<trkpt lon="-4.803207" lat="43.146232"><ele>1323.5</ele></trkpt>
<trkpt lon="-4.803242" lat="43.146282"><ele>1322.25</ele></trkpt>
<trkpt lon="-4.803222" lat="43.146362"><ele>1325.0</ele></trkpt>
<trkpt lon="-4.803083" lat="43.146424"><ele>1336.25</ele></trkpt>
<trkpt lon="-4.803067" lat="43.146491"><ele>1340.0</ele></trkpt>
<trkpt lon="-4.803042" lat="43.146547"><ele>1344.0</ele></trkpt>
<trkpt lon="-4.803021" lat="43.146536"><ele>1345.0</ele></trkpt>
<trkpt lon="-4.803010" lat="43.146542"><ele>1345.75</ele></trkpt>
<trkpt lon="-4.803000" lat="43.146625"><ele>1349.0</ele></trkpt>
<trkpt lon="-4.802956" lat="43.146624"><ele>1351.25</ele></trkpt>
<trkpt lon="-4.802859" lat="43.146645"><ele>1356.25</ele></trkpt>
<trkpt lon="-4.802703" lat="43.146626"><ele>1364.25</ele></trkpt>
<trkpt lon="-4.802651" lat="43.146593"><ele>1367.5</ele></trkpt>
<trkpt lon="-4.802614" lat="43.146609"><ele>1369.5</ele></trkpt>
<trkpt lon="-4.802607" lat="43.146668"><ele>1369.25</ele></trkpt>
<trkpt lon="-4.802633" lat="43.146688"><ele>1370.25</ele></trkpt>
<trkpt lon="-4.802622" lat="43.146716"><ele>1373.75</ele></trkpt>
<trkpt lon="-4.802546" lat="43.146698"><ele>1375.5</ele></trkpt>
<trkpt lon="-4.802544" lat="43.146741"><ele>1379.75</ele></trkpt>
<trkpt lon="-4.802523" lat="43.146793"><ele>1385.5</ele></trkpt>
<trkpt lon="-4.802550" lat="43.146825"><ele>1387.75</ele></trkpt>
<trkpt lon="-4.802595" lat="43.146849"><ele>1389.25</ele></trkpt>
<trkpt lon="-4.802622" lat="43.146965"><ele>1401.5</ele></trkpt>
<trkpt lon="-4.802774" lat="43.147041"><ele>1405.25</ele></trkpt>
<trkpt lon="-4.802809" lat="43.147140"><ele>1409.25</ele></trkpt>
<trkpt lon="-4.802755" lat="43.147225"><ele>1418.25</ele></trkpt>
<trkpt lon="-4.802696" lat="43.147353"><ele>1421.25</ele></trkpt>
<trkpt lon="-4.802572" lat="43.147471"><ele>1429.5</ele></trkpt>
<trkpt lon="-4.802438" lat="43.147615"><ele>1437.25</ele></trkpt>
<trkpt lon="-4.802278" lat="43.147695"><ele>1445.0</ele></trkpt>
<trkpt lon="-4.802056" lat="43.147726"><ele>1459.25</ele></trkpt>
<trkpt lon="-4.801921" lat="43.147795"><ele>1467.75</ele></trkpt>
<trkpt lon="-4.801884" lat="43.147856"><ele>1471.5</ele></trkpt>
<trkpt lon="-4.801888" lat="43.147888"><ele>1472.0</ele></trkpt>
<trkpt lon="-4.801879" lat="43.147907"><ele>1473.0</ele></trkpt>
<trkpt lon="-4.801856" lat="43.147933"><ele>1475.25</ele></trkpt>
<trkpt lon="-4.801813" lat="43.147925"><ele>1477.75</ele></trkpt>
<trkpt lon="-4.801746" lat="43.147995"><ele>1484.5</ele></trkpt>
<trkpt lon="-4.801793" lat="43.148056"><ele>1482.75</ele></trkpt>
<trkpt lon="-4.801817" lat="43.148110"><ele>1481.75</ele></trkpt>
<trkpt lon="-4.801811" lat="43.148144"><ele>1482.5</ele></trkpt>
<trkpt lon="-4.801845" lat="43.148234"><ele>1481.75</ele></trkpt>
<trkpt lon="-4.801834" lat="43.148256"><ele>1482.5</ele></trkpt>
<trkpt lon="-4.801766" lat="43.148302"><ele>1486.25</ele></trkpt>
<trkpt lon="-4.801748" lat="43.148378"><ele>1488.0</ele></trkpt>
<trkpt lon="-4.801751" lat="43.148439"><ele>1488.5</ele></trkpt>
<trkpt lon="-4.801841" lat="43.148613"><ele>1487.0</ele></trkpt>
<trkpt lon="-4.801920" lat="43.148712"><ele>1489.75</ele></trkpt>
<trkpt lon="-4.801916" lat="43.148766"><ele>1493.0</ele></trkpt>
<trkpt lon="-4.802022" lat="43.148868"><ele>1495.75</ele></trkpt>
<trkpt lon="-4.802127" lat="43.148935"><ele>1497.0</ele></trkpt>
<trkpt lon="-4.802203" lat="43.149045"><ele>1497.75</ele></trkpt>
<trkpt lon="-4.802209" lat="43.149112"><ele>1499.25</ele></trkpt>
<trkpt lon="-4.802196" lat="43.149151"><ele>1501.25</ele></trkpt>
<trkpt lon="-4.802175" lat="43.149164"><ele>1503.25</ele></trkpt>
<trkpt lon="-4.802129" lat="43.149249"><ele>1505.5</ele></trkpt>
<trkpt lon="-4.802078" lat="43.149309"><ele>1508.25</ele></trkpt>
<trkpt lon="-4.802026" lat="43.149327"><ele>1511.5</ele></trkpt>
<trkpt lon="-4.802014" lat="43.149502"><ele>1510.75</ele></trkpt>
<trkpt lon="-4.801991" lat="43.149540"><ele>1512.25</ele></trkpt>
<trkpt lon="-4.802023" lat="43.149615"><ele>1510.75</ele></trkpt>
<trkpt lon="-4.802009" lat="43.149668"><ele>1511.75</ele></trkpt>
<trkpt lon="-4.801966" lat="43.149718"><ele>1514.5</ele></trkpt>
<trkpt lon="-4.801795" lat="43.149858"><ele>1525.75</ele></trkpt>
<trkpt lon="-4.801604" lat="43.149923"><ele>1535.0</ele></trkpt>
<trkpt lon="-4.801331" lat="43.150045"><ele>1548.5</ele></trkpt>
<trkpt lon="-4.801115" lat="43.150084"><ele>1558.75</ele></trkpt>
<trkpt lon="-4.801014" lat="43.150020"><ele>1560.5</ele></trkpt>
<trkpt lon="-4.800986" lat="43.150012"><ele>1561.25</ele></trkpt>
<trkpt lon="-4.800972" lat="43.149997"><ele>1561.5</ele></trkpt>
<trkpt lon="-4.800941" lat="43.149999"><ele>1562.75</ele></trkpt>
<trkpt lon="-4.800863" lat="43.149955"><ele>1567.0</ele></trkpt>
<trkpt lon="-4.800847" lat="43.149955"><ele>1567.75</ele></trkpt>
<trkpt lon="-4.800812" lat="43.149972"><ele>1569.25</ele></trkpt>
<trkpt lon="-4.800783" lat="43.149972"><ele>1570.5</ele></trkpt>
<trkpt lon="-4.800741" lat="43.149994"><ele>1572.25</ele></trkpt>
<trkpt lon="-4.800720" lat="43.149994"><ele>1573.25</ele></trkpt>
<trkpt lon="-4.800710" lat="43.150055"><ele>1576.0</ele></trkpt>
<trkpt lon="-4.800719" lat="43.150089"><ele>1577.25</ele></trkpt>
<trkpt lon="-4.800701" lat="43.150103"><ele>1578.5</ele></trkpt>
<trkpt lon="-4.800714" lat="43.150125"><ele>1579.0</ele></trkpt>
<trkpt lon="-4.800705" lat="43.150158"><ele>1580.75</ele></trkpt>
<trkpt lon="-4.800716" lat="43.150177"><ele>1581.25</ele></trkpt>
<trkpt lon="-4.800760" lat="43.150226"><ele>1581.75</ele></trkpt>
<trkpt lon="-4.800864" lat="43.150287"><ele>1580.75</ele></trkpt>
<trkpt lon="-4.800873" lat="43.150334"><ele>1583.0</ele></trkpt>
<trkpt lon="-4.800901" lat="43.150373"><ele>1584.0</ele></trkpt>
<trkpt lon="-4.800966" lat="43.150495"><ele>1588.75</ele></trkpt>
<trkpt lon="-4.800972" lat="43.150527"><ele>1590.5</ele></trkpt>
<trkpt lon="-4.801012" lat="43.150575"><ele>1592.25</ele></trkpt>
<trkpt lon="-4.801052" lat="43.150607"><ele>1593.25</ele></trkpt>
<trkpt lon="-4.801074" lat="43.150644"><ele>1595.0</ele></trkpt>
<trkpt lon="-4.801093" lat="43.150660"><ele>1595.5</ele></trkpt>
<trkpt lon="-4.801205" lat="43.150674"><ele>1595.75</ele></trkpt>
<trkpt lon="-4.801271" lat="43.150701"><ele>1597.5</ele></trkpt>
<trkpt lon="-4.801287" lat="43.150714"><ele>1598.5</ele></trkpt>
<trkpt lon="-4.801343" lat="43.150730"><ele>1599.75</ele></trkpt>
<trkpt lon="-4.801391" lat="43.150729"><ele>1599.75</ele></trkpt>
<trkpt lon="-4.801423" lat="43.150746"><ele>1601.5</ele></trkpt>
<trkpt lon="-4.801459" lat="43.150751"><ele>1602.5</ele></trkpt>
<trkpt lon="-4.801468" lat="43.150743"><ele>1602.0</ele></trkpt>
<trkpt lon="-4.801524" lat="43.150735"><ele>1602.25</ele></trkpt>
<trkpt lon="-4.801576" lat="43.150743"><ele>1603.75</ele></trkpt>
<trkpt lon="-4.801640" lat="43.150740"><ele>1604.5</ele></trkpt>
<trkpt lon="-4.801689" lat="43.150765"><ele>1606.0</ele></trkpt>
<trkpt lon="-4.801732" lat="43.150796"><ele>1606.75</ele></trkpt>
<trkpt lon="-4.801812" lat="43.150826"><ele>1606.25</ele></trkpt>
<trkpt lon="-4.801958" lat="43.150941"><ele>1608.0</ele></trkpt>
<trkpt lon="-4.802185" lat="43.151054"><ele>1608.5</ele></trkpt>
<trkpt lon="-4.802245" lat="43.151090"><ele>1609.75</ele></trkpt>
<trkpt lon="-4.802265" lat="43.151091"><ele>1609.5</ele></trkpt>
<trkpt lon="-4.802351" lat="43.151121"><ele>1610.25</ele></trkpt>
<trkpt lon="-4.802394" lat="43.151122"><ele>1609.5</ele></trkpt>
<trkpt lon="-4.802472" lat="43.151139"><ele>1609.5</ele></trkpt>
<trkpt lon="-4.802513" lat="43.151155"><ele>1610.0</ele></trkpt>
<trkpt lon="-4.802524" lat="43.151169"><ele>1611.0</ele></trkpt>
<trkpt lon="-4.802674" lat="43.151221"><ele>1613.5</ele></trkpt>
<trkpt lon="-4.802869" lat="43.151230"><ele>1612.0</ele></trkpt>
<trkpt lon="-4.802941" lat="43.151212"><ele>1610.0</ele></trkpt>
<trkpt lon="-4.803013" lat="43.151208"><ele>1609.0</ele></trkpt>
<trkpt lon="-4.803066" lat="43.151226"><ele>1609.25</ele></trkpt>
<trkpt lon="-4.803130" lat="43.151241"><ele>1608.0</ele></trkpt>
<trkpt lon="-4.803155" lat="43.151294"><ele>1611.0</ele></trkpt>
<trkpt lon="-4.803235" lat="43.151381"><ele>1615.75</ele></trkpt>
<trkpt lon="-4.803284" lat="43.151415"><ele>1615.0</ele></trkpt>
<trkpt lon="-4.803286" lat="43.151441"><ele>1614.75</ele></trkpt>
<trkpt lon="-4.803269" lat="43.151455"><ele>1615.25</ele></trkpt>
<trkpt lon="-4.803253" lat="43.151508"><ele>1615.5</ele></trkpt>
<trkpt lon="-4.803222" lat="43.151555"><ele>1616.5</ele></trkpt>
<trkpt lon="-4.803220" lat="43.151577"><ele>1616.75</ele></trkpt>
<trkpt lon="-4.803238" lat="43.151626"><ele>1615.75</ele></trkpt>
<trkpt lon="-4.803346" lat="43.151743"><ele>1609.5</ele></trkpt>
<trkpt lon="-4.803345" lat="43.151782"><ele>1610.0</ele></trkpt>
<trkpt lon="-4.803333" lat="43.151808"><ele>1611.5</ele></trkpt>
<trkpt lon="-4.803308" lat="43.151844"><ele>1613.25</ele></trkpt>
<trkpt lon="-4.803333" lat="43.151891"><ele>1611.75</ele></trkpt>
<trkpt lon="-4.803352" lat="43.151964"><ele>1616.0</ele></trkpt>
<trkpt lon="-4.803389" lat="43.151995"><ele>1621.0</ele></trkpt>
<trkpt lon="-4.803438" lat="43.152019"><ele>1622.25</ele></trkpt>
<trkpt lon="-4.803592" lat="43.152127"><ele>1620.75</ele></trkpt>
<trkpt lon="-4.803684" lat="43.152161"><ele>1618.25</ele></trkpt>
<trkpt lon="-4.803713" lat="43.152179"><ele>1618.75</ele></trkpt>
<trkpt lon="-4.803859" lat="43.152199"><ele>1614.0</ele></trkpt>
<trkpt lon="-4.803839" lat="43.152041"><ele>1599.25</ele></trkpt>
<trkpt lon="-4.803813" lat="43.151997"><ele>1596.0</ele></trkpt>
<trkpt lon="-4.803813" lat="43.151946"><ele>1591.0</ele></trkpt>
<trkpt lon="-4.803827" lat="43.151917"><ele>1584.25</ele></trkpt>
<trkpt lon="-4.803849" lat="43.151910"><ele>1581.5</ele></trkpt>
<trkpt lon="-4.803904" lat="43.151946"><ele>1586.0</ele></trkpt>
<trkpt lon="-4.803933" lat="43.151985"><ele>1586.75</ele></trkpt>
<trkpt lon="-4.804035" lat="43.152068"><ele>1590.0</ele></trkpt>
<trkpt lon="-4.804075" lat="43.152083"><ele>1590.25</ele></trkpt>
<trkpt lon="-4.804120" lat="43.152158"><ele>1604.5</ele></trkpt>
<trkpt lon="-4.804188" lat="43.152205"><ele>1616.0</ele></trkpt>
<trkpt lon="-4.804265" lat="43.152301"><ele>1628.0</ele></trkpt>
<trkpt lon="-4.804360" lat="43.152391"><ele>1636.5</ele></trkpt>
<trkpt lon="-4.804397" lat="43.152476"><ele>1643.25</ele></trkpt>
<trkpt lon="-4.804499" lat="43.152617"><ele>1659.25</ele></trkpt>
<trkpt lon="-4.804535" lat="43.152654"><ele>1663.0</ele></trkpt>
<trkpt lon="-4.804557" lat="43.152672"><ele>1664.5</ele></trkpt>
<trkpt lon="-4.804717" lat="43.152678"><ele>1663.5</ele></trkpt>
<trkpt lon="-4.804743" lat="43.152685"><ele>1663.5</ele></trkpt>
<trkpt lon="-4.804727" lat="43.152699"><ele>1664.75</ele></trkpt>
<trkpt lon="-4.804731" lat="43.152745"><ele>1668.25</ele></trkpt>
<trkpt lon="-4.804742" lat="43.152760"><ele>1669.0</ele></trkpt>
<trkpt lon="-4.804795" lat="43.152802"><ele>1671.25</ele></trkpt>
<trkpt lon="-4.804879" lat="43.152897"><ele>1677.0</ele></trkpt>
<trkpt lon="-4.804951" lat="43.152939"><ele>1678.25</ele></trkpt>
<trkpt lon="-4.804998" lat="43.152975"><ele>1679.5</ele></trkpt>
<trkpt lon="-4.805049" lat="43.153049"><ele>1685.25</ele></trkpt>
<trkpt lon="-4.805139" lat="43.153095"><ele>1690.0</ele></trkpt>
<trkpt lon="-4.805209" lat="43.153193"><ele>1702.75</ele></trkpt>
<trkpt lon="-4.805299" lat="43.153256"><ele>1713.0</ele></trkpt>
<trkpt lon="-4.805359" lat="43.153264"><ele>1716.25</ele></trkpt>
<trkpt lon="-4.805417" lat="43.153262"><ele>1718.0</ele></trkpt>
<trkpt lon="-4.805557" lat="43.153246"><ele>1721.0</ele></trkpt>
<trkpt lon="-4.805687" lat="43.153209"><ele>1734.75</ele></trkpt>
<trkpt lon="-4.805896" lat="43.153170"><ele>1749.25</ele></trkpt>
<trkpt lon="-4.805961" lat="43.153137"><ele>1745.0</ele></trkpt>
<trkpt lon="-4.806190" lat="43.153110"><ele>1751.0</ele></trkpt>
<trkpt lon="-4.806262" lat="43.153086"><ele>1749.5</ele></trkpt>
<trkpt lon="-4.806288" lat="43.153103"><ele>1754.0</ele></trkpt>
<trkpt lon="-4.806301" lat="43.153125"><ele>1758.5</ele></trkpt>
<trkpt lon="-4.806332" lat="43.153123"><ele>1759.25</ele></trkpt>
<trkpt lon="-4.806367" lat="43.153092"><ele>1755.5</ele></trkpt>
<trkpt lon="-4.806404" lat="43.153099"><ele>1758.25</ele></trkpt>
<trkpt lon="-4.806416" lat="43.153113"><ele>1760.5</ele></trkpt>
<trkpt lon="-4.806466" lat="43.153128"><ele>1763.75</ele></trkpt>
<trkpt lon="-4.806497" lat="43.153103"><ele>1761.0</ele></trkpt>
<trkpt lon="-4.806551" lat="43.153103"><ele>1762.25</ele></trkpt>
<trkpt lon="-4.806597" lat="43.153117"><ele>1765.0</ele></trkpt>
<trkpt lon="-4.806643" lat="43.153143"><ele>1768.5</ele></trkpt>
<trkpt lon="-4.806762" lat="43.153153"><ele>1768.75</ele></trkpt>
<trkpt lon="-4.806843" lat="43.153178"><ele>1769.5</ele></trkpt>
<trkpt lon="-4.806901" lat="43.153229"><ele>1771.0</ele></trkpt>
<trkpt lon="-4.806959" lat="43.153262"><ele>1771.0</ele></trkpt>
<trkpt lon="-4.807008" lat="43.153301"><ele>1770.75</ele></trkpt>
<trkpt lon="-4.807025" lat="43.153357"><ele>1773.25</ele></trkpt>
<trkpt lon="-4.807025" lat="43.153417"><ele>1778.75</ele></trkpt>
<trkpt lon="-4.807037" lat="43.153464"><ele>1782.5</ele></trkpt>
<trkpt lon="-4.807130" lat="43.153574"><ele>1789.75</ele></trkpt>
<trkpt lon="-4.807152" lat="43.153589"><ele>1790.5</ele></trkpt>
<trkpt lon="-4.807203" lat="43.153585"><ele>1789.0</ele></trkpt>
<trkpt lon="-4.807342" lat="43.153545"><ele>1783.75</ele></trkpt>
<trkpt lon="-4.807417" lat="43.153548"><ele>1783.5</ele></trkpt>
<trkpt lon="-4.807487" lat="43.153559"><ele>1784.25</ele></trkpt>
<trkpt lon="-4.807589" lat="43.153589"><ele>1781.25</ele></trkpt>
<trkpt lon="-4.807670" lat="43.153628"><ele>1779.5</ele></trkpt>
<trkpt lon="-4.807866" lat="43.153770"><ele>1789.0</ele></trkpt>
<trkpt lon="-4.807904" lat="43.153879"><ele>1805.0</ele></trkpt>
<trkpt lon="-4.807931" lat="43.153934"><ele>1811.25</ele></trkpt>
<trkpt lon="-4.807909" lat="43.153980"><ele>1815.0</ele></trkpt>
<trkpt lon="-4.807833" lat="43.154017"><ele>1817.25</ele></trkpt>
<trkpt lon="-4.807758" lat="43.154033"><ele>1818.25</ele></trkpt>
<trkpt lon="-4.807559" lat="43.153974"><ele>1819.25</ele></trkpt>
<trkpt lon="-4.807521" lat="43.154021"><ele>1823.0</ele></trkpt>
<trkpt lon="-4.807279" lat="43.154197"><ele>1836.25</ele></trkpt>
<trkpt lon="-4.807161" lat="43.154236"><ele>1838.75</ele></trkpt>
<trkpt lon="-4.806990" lat="43.154240"><ele>1839.5</ele></trkpt>
<trkpt lon="-4.806834" lat="43.154228"><ele>1839.5</ele></trkpt>
<trkpt lon="-4.806646" lat="43.154185"><ele>1838.25</ele></trkpt>
<trkpt lon="-4.806523" lat="43.154158"><ele>1839.25</ele></trkpt>
<trkpt lon="-4.806357" lat="43.154154"><ele>1842.75</ele></trkpt>
<trkpt lon="-4.806053" lat="43.154066"><ele>1848.25</ele></trkpt>
<trkpt lon="-4.806094" lat="43.154135"><ele>1850.0</ele></trkpt>
<trkpt lon="-4.806122" lat="43.154234"><ele>1850.5</ele></trkpt>
<trkpt lon="-4.806091" lat="43.154288"><ele>1851.0</ele></trkpt>
<trkpt lon="-4.806150" lat="43.154376"><ele>1850.25</ele></trkpt>
<trkpt lon="-4.806345" lat="43.154590"><ele>1848.5</ele></trkpt>
<trkpt lon="-4.806467" lat="43.154676"><ele>1848.5</ele></trkpt>
<trkpt lon="-4.806638" lat="43.154827"><ele>1849.25</ele></trkpt>
<trkpt lon="-4.807049" lat="43.155156"><ele>1849.75</ele></trkpt>
<trkpt lon="-4.807219" lat="43.155317"><ele>1850.25</ele></trkpt>
<trkpt lon="-4.807593" lat="43.155589"><ele>1849.25</ele></trkpt>
<trkpt lon="-4.807677" lat="43.155701"><ele>1849.5</ele></trkpt>
<trkpt lon="-4.807800" lat="43.155866"><ele>1848.25</ele></trkpt>
<trkpt lon="-4.807909" lat="43.156124"><ele>1850.5</ele></trkpt>
<trkpt lon="-4.807984" lat="43.156302"><ele>1852.25</ele></trkpt>
<trkpt lon="-4.808030" lat="43.156655"><ele>1855.0</ele></trkpt>
<trkpt lon="-4.808270" lat="43.157076"><ele>1855.5</ele></trkpt>
<trkpt lon="-4.808421" lat="43.157343"><ele>1852.75</ele></trkpt>
<trkpt lon="-4.808662" lat="43.157639"><ele>1854.5</ele></trkpt>
<trkpt lon="-4.808847" lat="43.157761"><ele>1858.5</ele></trkpt>
<trkpt lon="-4.809075" lat="43.157976"><ele>1862.25</ele></trkpt>
<trkpt lon="-4.809402" lat="43.158254"><ele>1855.75</ele></trkpt>
<trkpt lon="-4.809467" lat="43.158535"><ele>1851.75</ele></trkpt>
<trkpt lon="-4.809597" lat="43.158787"><ele>1856.5</ele></trkpt>
<trkpt lon="-4.809688" lat="43.158882"><ele>1858.25</ele></trkpt>
<trkpt lon="-4.809963" lat="43.158984"><ele>1860.0</ele></trkpt>
<trkpt lon="-4.810063" lat="43.159090"><ele>1862.25</ele></trkpt>
<trkpt lon="-4.810188" lat="43.159261"><ele>1864.75</ele></trkpt>
<trkpt lon="-4.810351" lat="43.159428"><ele>1866.0</ele></trkpt>
<trkpt lon="-4.810419" lat="43.159428"><ele>1865.5</ele></trkpt>
<trkpt lon="-4.810567" lat="43.159385"><ele>1863.75</ele></trkpt>
<trkpt lon="-4.810628" lat="43.159347"><ele>1863.0</ele></trkpt>
<trkpt lon="-4.810702" lat="43.159327"><ele>1862.5</ele></trkpt>
<trkpt lon="-4.810798" lat="43.159311"><ele>1862.5</ele></trkpt>
<trkpt lon="-4.810850" lat="43.159332"><ele>1862.5</ele></trkpt>
<trkpt lon="-4.810957" lat="43.159419"><ele>1862.5</ele></trkpt>
<trkpt lon="-4.811205" lat="43.159449"><ele>1862.25</ele></trkpt>
<trkpt lon="-4.811448" lat="43.159449"><ele>1862.5</ele></trkpt>
<trkpt lon="-4.811683" lat="43.159361"><ele>1861.0</ele></trkpt>
<trkpt lon="-4.812038" lat="43.159244"><ele>1860.5</ele></trkpt>
<trkpt lon="-4.812259" lat="43.159262"><ele>1859.25</ele></trkpt>
<trkpt lon="-4.812476" lat="43.159297"><ele>1858.0</ele></trkpt>
<trkpt lon="-4.812600" lat="43.159482"><ele>1857.5</ele></trkpt>
<trkpt lon="-4.812633" lat="43.159591"><ele>1855.5</ele></trkpt>
<trkpt lon="-4.812775" lat="43.159709"><ele>1851.25</ele></trkpt>
<trkpt lon="-4.812874" lat="43.159886"><ele>1844.75</ele></trkpt>
<trkpt lon="-4.812912" lat="43.159997"><ele>1840.5</ele></trkpt>
<trkpt lon="-4.812972" lat="43.160102"><ele>1838.25</ele></trkpt>
<trkpt lon="-4.813405" lat="43.160229"><ele>1831.0</ele></trkpt>
<trkpt lon="-4.813979" lat="43.160474"><ele>1818.5</ele></trkpt>
<trkpt lon="-4.814646" lat="43.160666"><ele>1819.0</ele></trkpt>
<trkpt lon="-4.814933" lat="43.160759"><ele>1819.75</ele></trkpt>
<trkpt lon="-4.815198" lat="43.160809"><ele>1819.75</ele></trkpt>
<trkpt lon="-4.815566" lat="43.160893"><ele>1825.0</ele></trkpt>
<trkpt lon="-4.815853" lat="43.161027"><ele>1827.5</ele></trkpt>
<trkpt lon="-4.816152" lat="43.161153"><ele>1829.5</ele></trkpt>
<trkpt lon="-4.816428" lat="43.161245"><ele>1830.5</ele></trkpt>
<trkpt lon="-4.816796" lat="43.161346"><ele>1825.75</ele></trkpt>
<trkpt lon="-4.817176" lat="43.161346"><ele>1823.5</ele></trkpt>
<trkpt lon="-4.817288" lat="43.161333"><ele>1823.5</ele></trkpt>
<trkpt lon="-4.818095" lat="43.161245"><ele>1826.25</ele></trkpt>
<trkpt lon="-4.819383" lat="43.161186"><ele>1851.0</ele></trkpt>
<trkpt lon="-4.819763" lat="43.161254"><ele>1863.5</ele></trkpt>
<trkpt lon="-4.820004" lat="43.161413"><ele>1872.5</ele></trkpt>
<trkpt lon="-4.820093" lat="43.161614"><ele>1877.25</ele></trkpt>
<trkpt lon="-4.820174" lat="43.161749"><ele>1881.75</ele></trkpt>
<trkpt lon="-4.820369" lat="43.162009"><ele>1891.75</ele></trkpt>
<trkpt lon="-4.820496" lat="43.162109"><ele>1897.75</ele></trkpt>
<trkpt lon="-4.820542" lat="43.162243"><ele>1904.75</ele></trkpt>
<trkpt lon="-4.820542" lat="43.162487"><ele>1915.25</ele></trkpt>
<trkpt lon="-4.820634" lat="43.162956"><ele>1928.5</ele></trkpt>
<trkpt lon="-4.820691" lat="43.163116"><ele>1933.75</ele></trkpt>
<trkpt lon="-4.820841" lat="43.163258"><ele>1940.25</ele></trkpt>
<trkpt lon="-4.820921" lat="43.163451"><ele>1947.5</ele></trkpt>
<trkpt lon="-4.820956" lat="43.163560"><ele>1952.5</ele></trkpt>
<trkpt lon="-4.821047" lat="43.163728"><ele>1962.0</ele></trkpt>
<trkpt lon="-4.821174" lat="43.163879"><ele>1972.75</ele></trkpt>
<trkpt lon="-4.821737" lat="43.163904"><ele>1981.25</ele></trkpt>
<trkpt lon="-4.822082" lat="43.163904"><ele>1987.5</ele></trkpt>
<trkpt lon="-4.822082" lat="43.164072"><ele>1996.0</ele></trkpt>
<trkpt lon="-4.822094" lat="43.164223"><ele>2003.75</ele></trkpt>
<trkpt lon="-4.822232" lat="43.164483"><ele>2014.25</ele></trkpt>
<trkpt lon="-4.822320" lat="43.164789"><ele>2025.75</ele></trkpt>
<trkpt lon="-4.822429" lat="43.164823"><ele>2025.75</ele></trkpt>
<trkpt lon="-4.822504" lat="43.164823"><ele>2024.5</ele></trkpt>
<trkpt lon="-4.822580" lat="43.164864"><ele>2025.25</ele></trkpt>
<trkpt lon="-4.822653" lat="43.164926"><ele>2027.75</ele></trkpt>
<trkpt lon="-4.822741" lat="43.164900"><ele>2025.25</ele></trkpt>
<trkpt lon="-4.822797" lat="43.164921"><ele>2026.5</ele></trkpt>
<trkpt lon="-4.822880" lat="43.164933"><ele>2029.75</ele></trkpt>
<trkpt lon="-4.823154" lat="43.164792"><ele>2031.5</ele></trkpt>
<trkpt lon="-4.823313" lat="43.164698"><ele>2030.75</ele></trkpt>
<trkpt lon="-4.823409" lat="43.164586"><ele>2032.0</ele></trkpt>
<trkpt lon="-4.823467" lat="43.164491"><ele>2030.25</ele></trkpt>
<trkpt lon="-4.823532" lat="43.164443"><ele>2029.75</ele></trkpt>
<trkpt lon="-4.823648" lat="43.164443"><ele>2031.75</ele></trkpt>
<trkpt lon="-4.823850" lat="43.164428"><ele>2030.75</ele></trkpt>
<trkpt lon="-4.824003" lat="43.164452"><ele>2031.75</ele></trkpt>
<trkpt lon="-4.824122" lat="43.164487"><ele>2033.75</ele></trkpt>
<trkpt lon="-4.824228" lat="43.164509"><ele>2035.75</ele></trkpt>
<trkpt lon="-4.824343" lat="43.164496"><ele>2035.25</ele></trkpt>
<trkpt lon="-4.824434" lat="43.164544"><ele>2039.0</ele></trkpt>
<trkpt lon="-4.824605" lat="43.164551"><ele>2039.75</ele></trkpt>
<trkpt lon="-4.824689" lat="43.164572"><ele>2041.0</ele></trkpt>
<trkpt lon="-4.824880" lat="43.164671"><ele>2044.0</ele></trkpt>
<trkpt lon="-4.825016" lat="43.164713"><ele>2044.0</ele></trkpt>
<trkpt lon="-4.825191" lat="43.164757"><ele>2046.25</ele></trkpt>
<trkpt lon="-4.825241" lat="43.164834"><ele>2045.5</ele></trkpt>
<trkpt lon="-4.825300" lat="43.164952"><ele>2043.5</ele></trkpt>
<trkpt lon="-4.825333" lat="43.165063"><ele>2041.5</ele></trkpt>
<trkpt lon="-4.825363" lat="43.165106"><ele>2040.5</ele></trkpt>
<trkpt lon="-4.825363" lat="43.165138"><ele>2039.25</ele></trkpt>
<trkpt lon="-4.825314" lat="43.165173"><ele>2038.25</ele></trkpt>
<trkpt lon="-4.825280" lat="43.165222"><ele>2037.0</ele></trkpt>
<trkpt lon="-4.825341" lat="43.165334"><ele>2033.0</ele></trkpt>
<trkpt lon="-4.825363" lat="43.165405"><ele>2029.5</ele></trkpt>
<trkpt lon="-4.825384" lat="43.165523"><ele>2024.0</ele></trkpt>
<trkpt lon="-4.825386" lat="43.165628"><ele>2022.0</ele></trkpt>
<trkpt lon="-4.825354" lat="43.165757"><ele>2023.5</ele></trkpt>
<trkpt lon="-4.825412" lat="43.165905"><ele>2020.75</ele></trkpt>
<trkpt lon="-4.825455" lat="43.166106"><ele>2020.25</ele></trkpt>
<trkpt lon="-4.825486" lat="43.166196"><ele>2018.75</ele></trkpt>
<trkpt lon="-4.825575" lat="43.166368"><ele>2016.5</ele></trkpt>
<trkpt lon="-4.825687" lat="43.166556"><ele>2014.25</ele></trkpt>
<trkpt lon="-4.825744" lat="43.166616"><ele>2012.75</ele></trkpt>
<trkpt lon="-4.826002" lat="43.166784"><ele>2008.75</ele></trkpt>
<trkpt lon="-4.826037" lat="43.166830"><ele>2008.75</ele></trkpt>
<trkpt lon="-4.826150" lat="43.166906"><ele>2007.5</ele></trkpt>
<trkpt lon="-4.826252" lat="43.167004"><ele>2008.25</ele></trkpt>
<trkpt lon="-4.826361" lat="43.167083"><ele>2007.75</ele></trkpt>
<trkpt lon="-4.826560" lat="43.167327"><ele>2002.0</ele></trkpt>
<trkpt lon="-4.826631" lat="43.167388"><ele>1999.75</ele></trkpt>
<trkpt lon="-4.826597" lat="43.167459"><ele>1998.5</ele></trkpt>
<trkpt lon="-4.826490" lat="43.167488"><ele>1997.75</ele></trkpt>
<trkpt lon="-4.826467" lat="43.167569"><ele>1993.0</ele></trkpt>
<trkpt lon="-4.826437" lat="43.167627"><ele>1989.25</ele></trkpt>
<trkpt lon="-4.826362" lat="43.167722"><ele>1982.5</ele></trkpt>
<trkpt lon="-4.826189" lat="43.167838"><ele>1975.25</ele></trkpt>
<trkpt lon="-4.826184" lat="43.167925"><ele>1970.25</ele></trkpt>
<trkpt lon="-4.826152" lat="43.168073"><ele>1961.5</ele></trkpt>
<trkpt lon="-4.826148" lat="43.168159"><ele>1958.25</ele></trkpt>
<trkpt lon="-4.826114" lat="43.168408"><ele>1948.25</ele></trkpt>
<trkpt lon="-4.825956" lat="43.168604"><ele>1939.5</ele></trkpt>
<trkpt lon="-4.826193" lat="43.168571"><ele>1945.0</ele></trkpt>
<trkpt lon="-4.826377" lat="43.168480"><ele>1951.5</ele></trkpt>
<trkpt lon="-4.826580" lat="43.168495"><ele>1950.5</ele></trkpt>
<trkpt lon="-4.826771" lat="43.168591"><ele>1946.5</ele></trkpt>
<trkpt lon="-4.826856" lat="43.168658"><ele>1944.25</ele></trkpt>
<trkpt lon="-4.826981" lat="43.168811"><ele>1941.75</ele></trkpt>
<trkpt lon="-4.827040" lat="43.168969"><ele>1938.5</ele></trkpt>
<trkpt lon="-4.827047" lat="43.169132"><ele>1934.0</ele></trkpt>
<trkpt lon="-4.826928" lat="43.169299"><ele>1931.0</ele></trkpt>
<trkpt lon="-4.826790" lat="43.169467"><ele>1929.5</ele></trkpt>
<trkpt lon="-4.826705" lat="43.169606"><ele>1929.75</ele></trkpt>
<trkpt lon="-4.826685" lat="43.169826"><ele>1929.25</ele></trkpt>
<trkpt lon="-4.826764" lat="43.169903"><ele>1929.25</ele></trkpt>
<trkpt lon="-4.827047" lat="43.170042"><ele>1930.25</ele></trkpt>
<trkpt lon="-4.827053" lat="43.170286"><ele>1930.25</ele></trkpt>
<trkpt lon="-4.826994" lat="43.170530"><ele>1934.5</ele></trkpt>
<trkpt lon="-4.826889" lat="43.170750"><ele>1935.25</ele></trkpt>
<trkpt lon="-4.826741" lat="43.170835"><ele>1932.5</ele></trkpt>
<trkpt lon="-4.826927" lat="43.171003"><ele>1935.25</ele></trkpt>
<trkpt lon="-4.827172" lat="43.171138"><ele>1939.0</ele></trkpt>
<trkpt lon="-4.827448" lat="43.171225"><ele>1942.0</ele></trkpt>
<trkpt lon="-4.827738" lat="43.171285"><ele>1944.25</ele></trkpt>
<trkpt lon="-4.827998" lat="43.171361"><ele>1944.0</ele></trkpt>
<trkpt lon="-4.828199" lat="43.171355"><ele>1944.25</ele></trkpt>
<trkpt lon="-4.828414" lat="43.171269"><ele>1946.0</ele></trkpt>
<trkpt lon="-4.828548" lat="43.171166"><ele>1946.0</ele></trkpt>
<trkpt lon="-4.828764" lat="43.171052"><ele>1945.75</ele></trkpt>
<trkpt lon="-4.829165" lat="43.170894"><ele>1943.5</ele></trkpt>
<trkpt lon="-4.829323" lat="43.170877"><ele>1940.75</ele></trkpt>
<trkpt lon="-4.829277" lat="43.171104"><ele>1947.0</ele></trkpt>
<trkpt lon="-4.829174" lat="43.171221"><ele>1952.25</ele></trkpt>
<trkpt lon="-4.829162" lat="43.171389"><ele>1957.75</ele></trkpt>
<trkpt lon="-4.829162" lat="43.171590"><ele>1961.5</ele></trkpt>
<trkpt lon="-4.829128" lat="43.171976"><ele>1964.5</ele></trkpt>
<trkpt lon="-4.829105" lat="43.172538"><ele>1979.5</ele></trkpt>
<trkpt lon="-4.828921" lat="43.172781"><ele>1997.5</ele></trkpt>
<trkpt lon="-4.828599" lat="43.172966"><ele>2016.0</ele></trkpt>
<trkpt lon="-4.828415" lat="43.173192"><ele>2035.0</ele></trkpt>
<trkpt lon="-4.828461" lat="43.173360"><ele>2048.25</ele></trkpt>
<trkpt lon="-4.828587" lat="43.173443"><ele>2054.75</ele></trkpt>
<trkpt lon="-4.828852" lat="43.173578"><ele>2058.75</ele></trkpt>
<trkpt lon="-4.829024" lat="43.173695"><ele>2066.5</ele></trkpt>
<trkpt lon="-4.829059" lat="43.173947"><ele>2083.25</ele></trkpt>
<trkpt lon="-4.829093" lat="43.174383"><ele>2114.0</ele></trkpt>
<trkpt lon="-4.829243" lat="43.174651"><ele>2132.5</ele></trkpt>
<trkpt lon="-4.829461" lat="43.174861"><ele>2143.5</ele></trkpt>
<trkpt lon="-4.829542" lat="43.175104"><ele>2151.75</ele></trkpt>
<trkpt lon="-4.829634" lat="43.175314"><ele>2163.25</ele></trkpt>
<trkpt lon="-4.829938" lat="43.175576"><ele>2177.75</ele></trkpt>
<trkpt lon="-4.829976" lat="43.175678"><ele>2184.25</ele></trkpt>
<trkpt lon="-4.829761" lat="43.175800"><ele>2190.75</ele></trkpt>
<trkpt lon="-4.829649" lat="43.175903"><ele>2195.25</ele></trkpt>
<trkpt lon="-4.829705" lat="43.176039"><ele>2198.5</ele></trkpt>
<trkpt lon="-4.829676" lat="43.176352"><ele>2204.25</ele></trkpt>
<trkpt lon="-4.829633" lat="43.176507"><ele>2204.25</ele></trkpt>
<trkpt lon="-4.829718" lat="43.176662"><ele>2206.75</ele></trkpt>
<trkpt lon="-4.829817" lat="43.176807"><ele>2204.75</ele></trkpt>
<trkpt lon="-4.830242" lat="43.177003"><ele>2210.0</ele></trkpt>
<trkpt lon="-4.830780" lat="43.177220"><ele>2226.5</ele></trkpt>
<trkpt lon="-4.831162" lat="43.177478"><ele>2233.0</ele></trkpt>
<trkpt lon="-4.831219" lat="43.177591"><ele>2233.25</ele></trkpt>
<trkpt lon="-4.831091" lat="43.177761"><ele>2228.75</ele></trkpt>
<trkpt lon="-4.831178" lat="43.177809"><ele>2232.0</ele></trkpt>
<trkpt lon="-4.831246" lat="43.177948"><ele>2241.25</ele></trkpt>
<trkpt lon="-4.831846" lat="43.178050"><ele>2248.25</ele></trkpt>
<trkpt lon="-4.832023" lat="43.178062"><ele>2250.0</ele></trkpt>
<trkpt lon="-4.832216" lat="43.178067"><ele>2252.5</ele></trkpt>
<trkpt lon="-4.832449" lat="43.178036"><ele>2258.0</ele></trkpt>
<trkpt lon="-4.832626" lat="43.177995"><ele>2263.5</ele></trkpt>
<trkpt lon="-4.832819" lat="43.177966"><ele>2269.5</ele></trkpt>
<trkpt lon="-4.833012" lat="43.177972"><ele>2274.0</ele></trkpt>
<trkpt lon="-4.833263" lat="43.177919"><ele>2277.75</ele></trkpt>
<trkpt lon="-4.833351" lat="43.178004"><ele>2279.25</ele></trkpt>
<trkpt lon="-4.833413" lat="43.178088"><ele>2279.25</ele></trkpt>
<trkpt lon="-4.833421" lat="43.178193"><ele>2282.25</ele></trkpt>
<trkpt lon="-4.833396" lat="43.178306"><ele>2286.5</ele></trkpt>
<trkpt lon="-4.833402" lat="43.178424"><ele>2286.75</ele></trkpt>
<trkpt lon="-4.833359" lat="43.178546"><ele>2287.5</ele></trkpt>
<trkpt lon="-4.833349" lat="43.178639"><ele>2287.5</ele></trkpt>
<trkpt lon="-4.833370" lat="43.178809"><ele>2287.75</ele></trkpt>
<trkpt lon="-4.833410" lat="43.178910"><ele>2287.75</ele></trkpt>
<trkpt lon="-4.833495" lat="43.178994"><ele>2289.25</ele></trkpt>
<trkpt lon="-4.833579" lat="43.179121"><ele>2292.5</ele></trkpt>
<trkpt lon="-4.833668" lat="43.179171"><ele>2294.25</ele></trkpt>
<trkpt lon="-4.833665" lat="43.179220"><ele>2296.0</ele></trkpt>
<trkpt lon="-4.833614" lat="43.179285"><ele>2298.5</ele></trkpt>
<trkpt lon="-4.833571" lat="43.179358"><ele>2303.0</ele></trkpt>
<trkpt lon="-4.833552" lat="43.179476"><ele>2309.0</ele></trkpt>
<trkpt lon="-4.833605" lat="43.179538"><ele>2309.25</ele></trkpt>
<trkpt lon="-4.833645" lat="43.179612"><ele>2311.75</ele></trkpt>
<trkpt lon="-4.833626" lat="43.179664"><ele>2314.25</ele></trkpt>
<trkpt lon="-4.833544" lat="43.179710"><ele>2318.0</ele></trkpt>
<trkpt lon="-4.833351" lat="43.179766"><ele>2323.0</ele></trkpt>
<trkpt lon="-4.833329" lat="43.179807"><ele>2324.0</ele></trkpt>
<trkpt lon="-4.833319" lat="43.180017"><ele>2327.0</ele></trkpt>
<trkpt lon="-4.833285" lat="43.180078"><ele>2330.0</ele></trkpt>
<trkpt lon="-4.833392" lat="43.180109"><ele>2327.75</ele></trkpt>
<trkpt lon="-4.833530" lat="43.180122"><ele>2325.75</ele></trkpt>
<trkpt lon="-4.833609" lat="43.180100"><ele>2323.75</ele></trkpt>
<trkpt lon="-4.833717" lat="43.180058"><ele>2323.25</ele></trkpt>
<trkpt lon="-4.833803" lat="43.180064"><ele>2324.0</ele></trkpt>
<trkpt lon="-4.833849" lat="43.180040"><ele>2323.5</ele></trkpt>
<trkpt lon="-4.833872" lat="43.179994"><ele>2322.5</ele></trkpt>
<trkpt lon="-4.833927" lat="43.179990"><ele>2323.25</ele></trkpt>
<trkpt lon="-4.833975" lat="43.180009"><ele>2324.5</ele></trkpt>
<trkpt lon="-4.834044" lat="43.180061"><ele>2326.5</ele></trkpt>
<trkpt lon="-4.834107" lat="43.180131"><ele>2328.25</ele></trkpt>
<trkpt lon="-4.834173" lat="43.180181"><ele>2329.25</ele></trkpt>
<trkpt lon="-4.834310" lat="43.180234"><ele>2332.5</ele></trkpt>
<trkpt lon="-4.834414" lat="43.180306"><ele>2334.75</ele></trkpt>
<trkpt lon="-4.834461" lat="43.180317"><ele>2336.5</ele></trkpt>
<trkpt lon="-4.834518" lat="43.180350"><ele>2340.5</ele></trkpt>
<trkpt lon="-4.834590" lat="43.180365"><ele>2343.75</ele></trkpt>
<trkpt lon="-4.834596" lat="43.180434"><ele>2346.5</ele></trkpt>
<trkpt lon="-4.834635" lat="43.180486"><ele>2349.25</ele></trkpt>
<trkpt lon="-4.834716" lat="43.180500"><ele>2351.5</ele></trkpt>
<trkpt lon="-4.834833" lat="43.180461"><ele>2357.0</ele></trkpt>
<trkpt lon="-4.834935" lat="43.180483"><ele>2362.75</ele></trkpt>
<trkpt lon="-4.834970" lat="43.180504"><ele>2364.5</ele></trkpt>
<trkpt lon="-4.835054" lat="43.180537"><ele>2367.75</ele></trkpt>
<trkpt lon="-4.835210" lat="43.180684"><ele>2378.0</ele></trkpt>
<trkpt lon="-4.835268" lat="43.180751"><ele>2381.25</ele></trkpt>
<trkpt lon="-4.835383" lat="43.180822"><ele>2384.5</ele></trkpt>
<trkpt lon="-4.835424" lat="43.180839"><ele>2384.75</ele></trkpt>
<trkpt lon="-4.835477" lat="43.180843"><ele>2385.0</ele></trkpt>
<trkpt lon="-4.835541" lat="43.180953"><ele>2381.25</ele></trkpt>
<trkpt lon="-4.835635" lat="43.181028"><ele>2377.75</ele></trkpt>
<trkpt lon="-4.835892" lat="43.181120"><ele>2369.0</ele></trkpt>
<trkpt lon="-4.836169" lat="43.181231"><ele>2364.75</ele></trkpt>
<trkpt lon="-4.836245" lat="43.181330"><ele>2360.25</ele></trkpt>
<trkpt lon="-4.836375" lat="43.181367"><ele>2361.5</ele></trkpt>
<trkpt lon="-4.836666" lat="43.181560"><ele>2353.75</ele></trkpt>
<trkpt lon="-4.836740" lat="43.181646"><ele>2349.25</ele></trkpt>
<trkpt lon="-4.836754" lat="43.181733"><ele>2342.5</ele></trkpt>
<trkpt lon="-4.836942" lat="43.181873"><ele>2339.25</ele></trkpt>
<trkpt lon="-4.837055" lat="43.181974"><ele>2336.25</ele></trkpt>
<trkpt lon="-4.837061" lat="43.182115"><ele>2325.5</ele></trkpt>
<trkpt lon="-4.837180" lat="43.182278"><ele>2315.75</ele></trkpt>
<trkpt lon="-4.837158" lat="43.182468"><ele>2301.25</ele></trkpt>
<trkpt lon="-4.837212" lat="43.182551"><ele>2296.5</ele></trkpt>
<trkpt lon="-4.837303" lat="43.182620"><ele>2295.25</ele></trkpt>
<trkpt lon="-4.837428" lat="43.182778"><ele>2289.25</ele></trkpt>
<trkpt lon="-4.837531" lat="43.182935"><ele>2280.0</ele></trkpt>
<trkpt lon="-4.837693" lat="43.183046"><ele>2278.5</ele></trkpt>
<trkpt lon="-4.837783" lat="43.183112"><ele>2281.75</ele></trkpt>
<trkpt lon="-4.837876" lat="43.183221"><ele>2285.75</ele></trkpt>
<trkpt lon="-4.837895" lat="43.183303"><ele>2285.75</ele></trkpt>
<trkpt lon="-4.838082" lat="43.183432"><ele>2292.75</ele></trkpt>
<trkpt lon="-4.838147" lat="43.183677"><ele>2291.75</ele></trkpt>
<trkpt lon="-4.838418" lat="43.184079"><ele>2300.0</ele></trkpt>
<trkpt lon="-4.838390" lat="43.184195"><ele>2300.0</ele></trkpt>
<trkpt lon="-4.838315" lat="43.184304"><ele>2301.0</ele></trkpt>
<trkpt lon="-4.838222" lat="43.184461"><ele>2303.5</ele></trkpt>
<trkpt lon="-4.838091" lat="43.184726"><ele>2307.25</ele></trkpt>
<trkpt lon="-4.838054" lat="43.185189"><ele>2311.25</ele></trkpt>
<trkpt lon="-4.837914" lat="43.185319"><ele>2309.75</ele></trkpt>
<trkpt lon="-4.837802" lat="43.185584"><ele>2317.25</ele></trkpt>
<trkpt lon="-4.837727" lat="43.185741"><ele>2325.75</ele></trkpt>
<trkpt lon="-4.837522" lat="43.185959"><ele>2337.25</ele></trkpt>
<trkpt lon="-4.837279" lat="43.186095"><ele>2347.75</ele></trkpt>
<trkpt lon="-4.837204" lat="43.186224"><ele>2354.5</ele></trkpt>
<trkpt lon="-4.837185" lat="43.186408"><ele>2364.0</ele></trkpt>
<trkpt lon="-4.837232" lat="43.186626"><ele>2370.25</ele></trkpt>
<trkpt lon="-4.837363" lat="43.186749"><ele>2373.0</ele></trkpt>
<trkpt lon="-4.837484" lat="43.186967"><ele>2371.5</ele></trkpt>
<trkpt lon="-4.837820" lat="43.187246"><ele>2379.0</ele></trkpt>
<trkpt lon="-4.838091" lat="43.187600"><ele>2381.75</ele></trkpt>
<trkpt lon="-4.838147" lat="43.187716"><ele>2384.0</ele></trkpt>
<trkpt lon="-4.838241" lat="43.187859"><ele>2389.75</ele></trkpt>
<trkpt lon="-4.838390" lat="43.187954"><ele>2398.75</ele></trkpt>
<trkpt lon="-4.838521" lat="43.188152"><ele>2411.0</ele></trkpt>
<trkpt lon="-4.838493" lat="43.188438"><ele>2424.75</ele></trkpt>
<trkpt lon="-4.838400" lat="43.188587"><ele>2431.25</ele></trkpt>
<trkpt lon="-4.838297" lat="43.188853"><ele>2423.75</ele></trkpt>
<trkpt lon="-4.838213" lat="43.189119"><ele>2408.75</ele></trkpt>
<trkpt lon="-4.838129" lat="43.189315"><ele>2397.25</ele></trkpt>
<trkpt lon="-4.838130" lat="43.189780"><ele>2382.5</ele></trkpt>
<trkpt lon="-4.838002" lat="43.190084"><ele>2372.25</ele></trkpt>
<trkpt lon="-4.838016" lat="43.190716"><ele>2385.0</ele></trkpt>
<trkpt lon="-4.838006" lat="43.190793"><ele>2385.75</ele></trkpt>
<trkpt lon="-4.838058" lat="43.190826"><ele>2387.75</ele></trkpt>
<trkpt lon="-4.838278" lat="43.190787"><ele>2387.25</ele></trkpt>
<trkpt lon="-4.838509" lat="43.190798"><ele>2383.75</ele></trkpt>
<trkpt lon="-4.838751" lat="43.190834"><ele>2376.25</ele></trkpt>
<trkpt lon="-4.839146" lat="43.190871"><ele>2364.0</ele></trkpt>
<trkpt lon="-4.839305" lat="43.190971"><ele>2355.75</ele></trkpt>
<trkpt lon="-4.839407" lat="43.191089"><ele>2343.25</ele></trkpt>
<trkpt lon="-4.839455" lat="43.191189"><ele>2333.75</ele></trkpt>
<trkpt lon="-4.839684" lat="43.191268"><ele>2327.25</ele></trkpt>
<trkpt lon="-4.839869" lat="43.191365"><ele>2319.75</ele></trkpt>
<trkpt lon="-4.839996" lat="43.191410"><ele>2317.25</ele></trkpt>
<trkpt lon="-4.840102" lat="43.191419"><ele>2317.75</ele></trkpt>
<trkpt lon="-4.840201" lat="43.191512"><ele>2311.75</ele></trkpt>
<trkpt lon="-4.840458" lat="43.191510"><ele>2312.0</ele></trkpt>
<trkpt lon="-4.840724" lat="43.191494"><ele>2312.25</ele></trkpt>
<trkpt lon="-4.841284" lat="43.191454"><ele>2320.5</ele></trkpt>
<trkpt lon="-4.841455" lat="43.191454"><ele>2323.25</ele></trkpt>
<trkpt lon="-4.841806" lat="43.191413"><ele>2332.75</ele></trkpt>
<trkpt lon="-4.842067" lat="43.191337"><ele>2341.75</ele></trkpt>
<trkpt lon="-4.842117" lat="43.191216"><ele>2342.75</ele></trkpt>
<trkpt lon="-4.842406" lat="43.191063"><ele>2338.75</ele></trkpt>
<trkpt lon="-4.842556" lat="43.190998"><ele>2334.75</ele></trkpt>
<trkpt lon="-4.842637" lat="43.190872"><ele>2326.25</ele></trkpt>
<trkpt lon="-4.842763" lat="43.190738"><ele>2318.0</ele></trkpt>
<trkpt lon="-4.842911" lat="43.190712"><ele>2312.75</ele></trkpt>
<trkpt lon="-4.843018" lat="43.190673"><ele>2308.0</ele></trkpt>
<trkpt lon="-4.843174" lat="43.190638"><ele>2303.75</ele></trkpt>
<trkpt lon="-4.843455" lat="43.190594"><ele>2297.0</ele></trkpt>
<trkpt lon="-4.843522" lat="43.190559"><ele>2293.5</ele></trkpt>
<trkpt lon="-4.843565" lat="43.190516"><ele>2290.0</ele></trkpt>
<trkpt lon="-4.843860" lat="43.190375"><ele>2275.75</ele></trkpt>
<trkpt lon="-4.844043" lat="43.190340"><ele>2270.0</ele></trkpt>
<trkpt lon="-4.844177" lat="43.190344"><ele>2268.0</ele></trkpt>
<trkpt lon="-4.844348" lat="43.190277"><ele>2261.75</ele></trkpt>
<trkpt lon="-4.844595" lat="43.190262"><ele>2258.25</ele></trkpt>
<trkpt lon="-4.844788" lat="43.190176"><ele>2250.25</ele></trkpt>
<trkpt lon="-4.844890" lat="43.190187"><ele>2248.5</ele></trkpt>
<trkpt lon="-4.845239" lat="43.190156"><ele>2242.75</ele></trkpt>
<trkpt lon="-4.845641" lat="43.189972"><ele>2227.0</ele></trkpt>
<trkpt lon="-4.845743" lat="43.189804"><ele>2218.0</ele></trkpt>
<trkpt lon="-4.845802" lat="43.189671"><ele>2211.0</ele></trkpt>
<trkpt lon="-4.845888" lat="43.189616"><ele>2207.25</ele></trkpt>
<trkpt lon="-4.846022" lat="43.189595"><ele>2205.0</ele></trkpt>
<trkpt lon="-4.846121" lat="43.189552"><ele>2201.5</ele></trkpt>
<trkpt lon="-4.846285" lat="43.189458"><ele>2196.25</ele></trkpt>
<trkpt lon="-4.846408" lat="43.189429"><ele>2195.25</ele></trkpt>
<trkpt lon="-4.846518" lat="43.189341"><ele>2191.25</ele></trkpt>
<trkpt lon="-4.846752" lat="43.189266"><ele>2185.5</ele></trkpt>
<trkpt lon="-4.846867" lat="43.189298"><ele>2183.0</ele></trkpt>
<trkpt lon="-4.846985" lat="43.189280"><ele>2179.0</ele></trkpt>
<trkpt lon="-4.847071" lat="43.189326"><ele>2178.0</ele></trkpt>
<trkpt lon="-4.847251" lat="43.189307"><ele>2172.25</ele></trkpt>
<trkpt lon="-4.847444" lat="43.189388"><ele>2166.0</ele></trkpt>
<trkpt lon="-4.847540" lat="43.189503"><ele>2165.0</ele></trkpt>
<trkpt lon="-4.847629" lat="43.189527"><ele>2161.75</ele></trkpt>
<trkpt lon="-4.847723" lat="43.189501"><ele>2155.75</ele></trkpt>
<trkpt lon="-4.847894" lat="43.189501"><ele>2149.5</ele></trkpt>
<trkpt lon="-4.847926" lat="43.189458"><ele>2146.0</ele></trkpt>
<trkpt lon="-4.847908" lat="43.189407"><ele>2143.75</ele></trkpt>
<trkpt lon="-4.847951" lat="43.189333"><ele>2138.0</ele></trkpt>
<trkpt lon="-4.848038" lat="43.189312"><ele>2133.5</ele></trkpt>
<trkpt lon="-4.848130" lat="43.189290"><ele>2131.25</ele></trkpt>
<trkpt lon="-4.848283" lat="43.189206"><ele>2122.75</ele></trkpt>
<trkpt lon="-4.848452" lat="43.189125"><ele>2113.5</ele></trkpt>
<trkpt lon="-4.848637" lat="43.189153"><ele>2111.75</ele></trkpt>
<trkpt lon="-4.848750" lat="43.189188"><ele>2113.25</ele></trkpt>
<trkpt lon="-4.848924" lat="43.189176"><ele>2108.5</ele></trkpt>
<trkpt lon="-4.849072" lat="43.189157"><ele>2105.5</ele></trkpt>
<trkpt lon="-4.849262" lat="43.189085"><ele>2101.5</ele></trkpt>
<trkpt lon="-4.849474" lat="43.189059"><ele>2101.75</ele></trkpt>
<trkpt lon="-4.849782" lat="43.188995"><ele>2096.75</ele></trkpt>
<trkpt lon="-4.850021" lat="43.188967"><ele>2092.75</ele></trkpt>
<trkpt lon="-4.850241" lat="43.188924"><ele>2092.0</ele></trkpt>
<trkpt lon="-4.850475" lat="43.188928"><ele>2093.25</ele></trkpt>
<trkpt lon="-4.850890" lat="43.188828"><ele>2085.5</ele></trkpt>
<trkpt lon="-4.851142" lat="43.188758"><ele>2080.5</ele></trkpt>
<trkpt lon="-4.851300" lat="43.188750"><ele>2079.75</ele></trkpt>
<trkpt lon="-4.851711" lat="43.188727"><ele>2074.5</ele></trkpt>
<trkpt lon="-4.851977" lat="43.188725"><ele>2068.5</ele></trkpt>
<trkpt lon="-4.852100" lat="43.188701"><ele>2068.0</ele></trkpt>
<trkpt lon="-4.852213" lat="43.188772"><ele>2063.5</ele></trkpt>
<trkpt lon="-4.852306" lat="43.188783"><ele>2060.0</ele></trkpt>
<trkpt lon="-4.852489" lat="43.188744"><ele>2055.0</ele></trkpt>
<trkpt lon="-4.852596" lat="43.188729"><ele>2053.0</ele></trkpt>
<trkpt lon="-4.852720" lat="43.188748"><ele>2050.75</ele></trkpt>
<trkpt lon="-4.852875" lat="43.188750"><ele>2049.25</ele></trkpt>
<trkpt lon="-4.853015" lat="43.188766"><ele>2048.75</ele></trkpt>
<trkpt lon="-4.853154" lat="43.188824"><ele>2050.5</ele></trkpt>
<trkpt lon="-4.853358" lat="43.188787"><ele>2051.25</ele></trkpt>
<trkpt lon="-4.853457" lat="43.188754"><ele>2051.5</ele></trkpt>
<trkpt lon="-4.853554" lat="43.188822"><ele>2050.0</ele></trkpt>
<trkpt lon="-4.853645" lat="43.188903"><ele>2046.5</ele></trkpt>
<trkpt lon="-4.853760" lat="43.188969"><ele>2045.75</ele></trkpt>
<trkpt lon="-4.853803" lat="43.188992"><ele>2045.5</ele></trkpt>
<trkpt lon="-4.853878" lat="43.188995"><ele>2046.25</ele></trkpt>
<trkpt lon="-4.853964" lat="43.189069"><ele>2044.25</ele></trkpt>
<trkpt lon="-4.853969" lat="43.189129"><ele>2043.75</ele></trkpt>
<trkpt lon="-4.854071" lat="43.189182"><ele>2042.25</ele></trkpt>
<trkpt lon="-4.853969" lat="43.189129"><ele>2043.75</ele></trkpt>
<trkpt lon="-4.853964" lat="43.189069"><ele>2044.25</ele></trkpt>
<trkpt lon="-4.853878" lat="43.188995"><ele>2046.25</ele></trkpt>
<trkpt lon="-4.853803" lat="43.188992"><ele>2045.5</ele></trkpt>
<trkpt lon="-4.853760" lat="43.188969"><ele>2045.75</ele></trkpt>
<trkpt lon="-4.853645" lat="43.188903"><ele>2046.5</ele></trkpt>
<trkpt lon="-4.853554" lat="43.188822"><ele>2050.0</ele></trkpt>
<trkpt lon="-4.853457" lat="43.188754"><ele>2051.5</ele></trkpt>
<trkpt lon="-4.853358" lat="43.188787"><ele>2051.25</ele></trkpt>
<trkpt lon="-4.853154" lat="43.188824"><ele>2050.5</ele></trkpt>
<trkpt lon="-4.853015" lat="43.188766"><ele>2048.75</ele></trkpt>
<trkpt lon="-4.852875" lat="43.188750"><ele>2049.25</ele></trkpt>
<trkpt lon="-4.852720" lat="43.188748"><ele>2050.75</ele></trkpt>
<trkpt lon="-4.852596" lat="43.188729"><ele>2053.0</ele></trkpt>
<trkpt lon="-4.852489" lat="43.188744"><ele>2055.0</ele></trkpt>
<trkpt lon="-4.852306" lat="43.188783"><ele>2060.0</ele></trkpt>
<trkpt lon="-4.852213" lat="43.188772"><ele>2063.5</ele></trkpt>
<trkpt lon="-4.852100" lat="43.188701"><ele>2068.0</ele></trkpt>
<trkpt lon="-4.851977" lat="43.188725"><ele>2068.5</ele></trkpt>
<trkpt lon="-4.851711" lat="43.188727"><ele>2074.5</ele></trkpt>
<trkpt lon="-4.851300" lat="43.188750"><ele>2079.75</ele></trkpt>
<trkpt lon="-4.851142" lat="43.188758"><ele>2080.5</ele></trkpt>
<trkpt lon="-4.850890" lat="43.188828"><ele>2085.5</ele></trkpt>
<trkpt lon="-4.850475" lat="43.188928"><ele>2093.25</ele></trkpt>
<trkpt lon="-4.850241" lat="43.188924"><ele>2092.0</ele></trkpt>
<trkpt lon="-4.850021" lat="43.188967"><ele>2092.75</ele></trkpt>
<trkpt lon="-4.849782" lat="43.188995"><ele>2096.75</ele></trkpt>
<trkpt lon="-4.849474" lat="43.189059"><ele>2101.75</ele></trkpt>
<trkpt lon="-4.849262" lat="43.189085"><ele>2101.5</ele></trkpt>
<trkpt lon="-4.849072" lat="43.189157"><ele>2105.5</ele></trkpt>
<trkpt lon="-4.848924" lat="43.189176"><ele>2108.5</ele></trkpt>
<trkpt lon="-4.848750" lat="43.189188"><ele>2113.25</ele></trkpt>
<trkpt lon="-4.848637" lat="43.189153"><ele>2111.75</ele></trkpt>
<trkpt lon="-4.848452" lat="43.189125"><ele>2113.5</ele></trkpt>
<trkpt lon="-4.848283" lat="43.189206"><ele>2122.75</ele></trkpt>
<trkpt lon="-4.848130" lat="43.189290"><ele>2131.25</ele></trkpt>
<trkpt lon="-4.848038" lat="43.189312"><ele>2133.5</ele></trkpt>
<trkpt lon="-4.847951" lat="43.189333"><ele>2138.0</ele></trkpt>
<trkpt lon="-4.847908" lat="43.189407"><ele>2143.75</ele></trkpt>
<trkpt lon="-4.847926" lat="43.189458"><ele>2146.0</ele></trkpt>
<trkpt lon="-4.847894" lat="43.189501"><ele>2149.5</ele></trkpt>
<trkpt lon="-4.847723" lat="43.189501"><ele>2155.75</ele></trkpt>
<trkpt lon="-4.847629" lat="43.189527"><ele>2161.75</ele></trkpt>
<trkpt lon="-4.847540" lat="43.189503"><ele>2165.0</ele></trkpt>
<trkpt lon="-4.847444" lat="43.189388"><ele>2166.0</ele></trkpt>
<trkpt lon="-4.847251" lat="43.189307"><ele>2172.25</ele></trkpt>
<trkpt lon="-4.847071" lat="43.189326"><ele>2178.0</ele></trkpt>
<trkpt lon="-4.846985" lat="43.189280"><ele>2179.0</ele></trkpt>
<trkpt lon="-4.846867" lat="43.189298"><ele>2183.0</ele></trkpt>
<trkpt lon="-4.846752" lat="43.189266"><ele>2185.5</ele></trkpt>
<trkpt lon="-4.846518" lat="43.189341"><ele>2191.25</ele></trkpt>
<trkpt lon="-4.846408" lat="43.189429"><ele>2195.25</ele></trkpt>
<trkpt lon="-4.846285" lat="43.189458"><ele>2196.25</ele></trkpt>
<trkpt lon="-4.846121" lat="43.189552"><ele>2201.5</ele></trkpt>
<trkpt lon="-4.846022" lat="43.189595"><ele>2205.0</ele></trkpt>
<trkpt lon="-4.845888" lat="43.189616"><ele>2207.25</ele></trkpt>
<trkpt lon="-4.845802" lat="43.189671"><ele>2211.0</ele></trkpt>
<trkpt lon="-4.845743" lat="43.189804"><ele>2218.0</ele></trkpt>
<trkpt lon="-4.845641" lat="43.189972"><ele>2227.0</ele></trkpt>
<trkpt lon="-4.845239" lat="43.190156"><ele>2242.75</ele></trkpt>
<trkpt lon="-4.844890" lat="43.190187"><ele>2248.5</ele></trkpt>
<trkpt lon="-4.844788" lat="43.190176"><ele>2250.25</ele></trkpt>
<trkpt lon="-4.844595" lat="43.190262"><ele>2258.25</ele></trkpt>
<trkpt lon="-4.844348" lat="43.190277"><ele>2261.75</ele></trkpt>
<trkpt lon="-4.844177" lat="43.190344"><ele>2268.0</ele></trkpt>
<trkpt lon="-4.844043" lat="43.190340"><ele>2270.0</ele></trkpt>
<trkpt lon="-4.843860" lat="43.190375"><ele>2275.75</ele></trkpt>
<trkpt lon="-4.843565" lat="43.190516"><ele>2290.0</ele></trkpt>
<trkpt lon="-4.843522" lat="43.190559"><ele>2293.5</ele></trkpt>
<trkpt lon="-4.843455" lat="43.190594"><ele>2297.0</ele></trkpt>
<trkpt lon="-4.843174" lat="43.190638"><ele>2303.75</ele></trkpt>
<trkpt lon="-4.843018" lat="43.190673"><ele>2308.0</ele></trkpt>
<trkpt lon="-4.842911" lat="43.190712"><ele>2312.75</ele></trkpt>
<trkpt lon="-4.842763" lat="43.190738"><ele>2318.0</ele></trkpt>
<trkpt lon="-4.842637" lat="43.190872"><ele>2326.25</ele></trkpt>
<trkpt lon="-4.842556" lat="43.190998"><ele>2334.75</ele></trkpt>
<trkpt lon="-4.842406" lat="43.191063"><ele>2338.75</ele></trkpt>
<trkpt lon="-4.842117" lat="43.191216"><ele>2342.75</ele></trkpt>
<trkpt lon="-4.842067" lat="43.191337"><ele>2341.75</ele></trkpt>
<trkpt lon="-4.841806" lat="43.191413"><ele>2332.75</ele></trkpt>
<trkpt lon="-4.841455" lat="43.191454"><ele>2323.25</ele></trkpt>
<trkpt lon="-4.841284" lat="43.191454"><ele>2320.5</ele></trkpt>
<trkpt lon="-4.840724" lat="43.191494"><ele>2312.25</ele></trkpt>
<trkpt lon="-4.840515" lat="43.191610"><ele>2304.25</ele></trkpt>
<trkpt lon="-4.839773" lat="43.191794"><ele>2293.0</ele></trkpt>
<trkpt lon="-4.839431" lat="43.191966"><ele>2287.75</ele></trkpt>
<trkpt lon="-4.839283" lat="43.192107"><ele>2285.0</ele></trkpt>
<trkpt lon="-4.839075" lat="43.192263"><ele>2277.75</ele></trkpt>
<trkpt lon="-4.838343" lat="43.192619"><ele>2255.25</ele></trkpt>
<trkpt lon="-4.838213" lat="43.192714"><ele>2251.75</ele></trkpt>
<trkpt lon="-4.837969" lat="43.192939"><ele>2242.25</ele></trkpt>
<trkpt lon="-4.837808" lat="43.193027"><ele>2240.75</ele></trkpt>
<trkpt lon="-4.837644" lat="43.193117"><ele>2240.75</ele></trkpt>
<trkpt lon="-4.837302" lat="43.193247"><ele>2233.5</ele></trkpt>
<trkpt lon="-4.836912" lat="43.193331"><ele>2223.75</ele></trkpt>
<trkpt lon="-4.836717" lat="43.193390"><ele>2220.25</ele></trkpt>
<trkpt lon="-4.836538" lat="43.193627"><ele>2202.25</ele></trkpt>
<trkpt lon="-4.836391" lat="43.193888"><ele>2183.0</ele></trkpt>
<trkpt lon="-4.836164" lat="43.194148"><ele>2173.75</ele></trkpt>
<trkpt lon="-4.835855" lat="43.194338"><ele>2155.25</ele></trkpt>
<trkpt lon="-4.835757" lat="43.194552"><ele>2147.0</ele></trkpt>
<trkpt lon="-4.835865" lat="43.194997"><ele>2149.0</ele></trkpt>
<trkpt lon="-4.835589" lat="43.195219"><ele>2153.75</ele></trkpt>
<trkpt lon="-4.834928" lat="43.195409"><ele>2139.75</ele></trkpt>
<trkpt lon="-4.834392" lat="43.195597"><ele>2129.0</ele></trkpt>
<trkpt lon="-4.833362" lat="43.195597"><ele>2097.5</ele></trkpt>
<trkpt lon="-4.832931" lat="43.195720"><ele>2091.25</ele></trkpt>
<trkpt lon="-4.832472" lat="43.195709"><ele>2079.75</ele></trkpt>
<trkpt lon="-4.832005" lat="43.195722"><ele>2063.0</ele></trkpt>
<trkpt lon="-4.831669" lat="43.195858"><ele>2049.75</ele></trkpt>
<trkpt lon="-4.830997" lat="43.196035"><ele>2026.75</ele></trkpt>
<trkpt lon="-4.830586" lat="43.196253"><ele>2019.25</ele></trkpt>
<trkpt lon="-4.830436" lat="43.196349"><ele>2014.75</ele></trkpt>
<trkpt lon="-4.830081" lat="43.196757"><ele>2017.0</ele></trkpt>
<trkpt lon="-4.829614" lat="43.197057"><ele>2016.75</ele></trkpt>
<trkpt lon="-4.829334" lat="43.197234"><ele>2015.75</ele></trkpt>
<trkpt lon="-4.829054" lat="43.197384"><ele>2019.25</ele></trkpt>
<trkpt lon="-4.828643" lat="43.197765"><ele>2036.25</ele></trkpt>
<trkpt lon="-4.828288" lat="43.197874"><ele>2041.0</ele></trkpt>
<trkpt lon="-4.828139" lat="43.198010"><ele>2046.5</ele></trkpt>
<trkpt lon="-4.828157" lat="43.198214"><ele>2058.25</ele></trkpt>
<trkpt lon="-4.828232" lat="43.198527"><ele>2076.5</ele></trkpt>
<trkpt lon="-4.828251" lat="43.198650"><ele>2083.0</ele></trkpt>
<trkpt lon="-4.828169" lat="43.198787"><ele>2089.5</ele></trkpt>
<trkpt lon="-4.827901" lat="43.198880"><ele>2090.75</ele></trkpt>
<trkpt lon="-4.827603" lat="43.199035"><ele>2089.0</ele></trkpt>
<trkpt lon="-4.827505" lat="43.199112"><ele>2085.5</ele></trkpt>
<trkpt lon="-4.827362" lat="43.199178"><ele>2082.5</ele></trkpt>
<trkpt lon="-4.827255" lat="43.199251"><ele>2081.75</ele></trkpt>
<trkpt lon="-4.827159" lat="43.199281"><ele>2079.25</ele></trkpt>
<trkpt lon="-4.827101" lat="43.199343"><ele>2078.5</ele></trkpt>
<trkpt lon="-4.826875" lat="43.199546"><ele>2073.0</ele></trkpt>
<trkpt lon="-4.826855" lat="43.199578"><ele>2073.0</ele></trkpt>
<trkpt lon="-4.826844" lat="43.199657"><ele>2071.75</ele></trkpt>
<trkpt lon="-4.826821" lat="43.199713"><ele>2071.5</ele></trkpt>
<trkpt lon="-4.826807" lat="43.199799"><ele>2071.25</ele></trkpt>
<trkpt lon="-4.826756" lat="43.199875"><ele>2070.25</ele></trkpt>
<trkpt lon="-4.826727" lat="43.200014"><ele>2067.25</ele></trkpt>
<trkpt lon="-4.826690" lat="43.200051"><ele>2066.5</ele></trkpt>
<trkpt lon="-4.826662" lat="43.200102"><ele>2066.25</ele></trkpt>
<trkpt lon="-4.826594" lat="43.200107"><ele>2063.0</ele></trkpt>
<trkpt lon="-4.826533" lat="43.200124"><ele>2060.5</ele></trkpt>
<trkpt lon="-4.826546" lat="43.200163"><ele>2061.5</ele></trkpt>
<trkpt lon="-4.826606" lat="43.200217"><ele>2065.0</ele></trkpt>
<trkpt lon="-4.826568" lat="43.200242"><ele>2063.5</ele></trkpt>
<trkpt lon="-4.826495" lat="43.200246"><ele>2060.0</ele></trkpt>
<trkpt lon="-4.826492" lat="43.200273"><ele>2060.0</ele></trkpt>
<trkpt lon="-4.826461" lat="43.200301"><ele>2059.0</ele></trkpt>
<trkpt lon="-4.826435" lat="43.200340"><ele>2058.5</ele></trkpt>
<trkpt lon="-4.826427" lat="43.200390"><ele>2059.0</ele></trkpt>
<trkpt lon="-4.826395" lat="43.200456"><ele>2058.5</ele></trkpt>
<trkpt lon="-4.826340" lat="43.200531"><ele>2057.0</ele></trkpt>
<trkpt lon="-4.826244" lat="43.200585"><ele>2054.25</ele></trkpt>
<trkpt lon="-4.826169" lat="43.200615"><ele>2052.0</ele></trkpt>
<trkpt lon="-4.826093" lat="43.200678"><ele>2051.75</ele></trkpt>
<trkpt lon="-4.826027" lat="43.200714"><ele>2050.5</ele></trkpt>
<trkpt lon="-4.825939" lat="43.200749"><ele>2047.75</ele></trkpt>
<trkpt lon="-4.825887" lat="43.200758"><ele>2045.25</ele></trkpt>
<trkpt lon="-4.825889" lat="43.200664"><ele>2043.0</ele></trkpt>
<trkpt lon="-4.825876" lat="43.200642"><ele>2042.0</ele></trkpt>
<trkpt lon="-4.825774" lat="43.200651"><ele>2039.25</ele></trkpt>
<trkpt lon="-4.825693" lat="43.200691"><ele>2037.25</ele></trkpt>
<trkpt lon="-4.825637" lat="43.200702"><ele>2035.75</ele></trkpt>
<trkpt lon="-4.825608" lat="43.200685"><ele>2035.0</ele></trkpt>
<trkpt lon="-4.825558" lat="43.200676"><ele>2033.75</ele></trkpt>
<trkpt lon="-4.825451" lat="43.200626"><ele>2031.0</ele></trkpt>
<trkpt lon="-4.825441" lat="43.200652"><ele>2030.5</ele></trkpt>
<trkpt lon="-4.825417" lat="43.200664"><ele>2029.5</ele></trkpt>
<trkpt lon="-4.825349" lat="43.200664"><ele>2027.5</ele></trkpt>
<trkpt lon="-4.825223" lat="43.200723"><ele>2023.75</ele></trkpt>
<trkpt lon="-4.825133" lat="43.200778"><ele>2021.25</ele></trkpt>
<trkpt lon="-4.825068" lat="43.200809"><ele>2019.5</ele></trkpt>
<trkpt lon="-4.824979" lat="43.200829"><ele>2017.5</ele></trkpt>
<trkpt lon="-4.824953" lat="43.200753"><ele>2017.0</ele></trkpt>
<trkpt lon="-4.824876" lat="43.200716"><ele>2015.75</ele></trkpt>
<trkpt lon="-4.824795" lat="43.200739"><ele>2014.25</ele></trkpt>
<trkpt lon="-4.824724" lat="43.200751"><ele>2013.0</ele></trkpt>
<trkpt lon="-4.824649" lat="43.200738"><ele>2011.5</ele></trkpt>
<trkpt lon="-4.824533" lat="43.200680"><ele>2008.5</ele></trkpt>
<trkpt lon="-4.824440" lat="43.200677"><ele>2006.5</ele></trkpt>
<trkpt lon="-4.824363" lat="43.200683"><ele>2005.75</ele></trkpt>
<trkpt lon="-4.824278" lat="43.200710"><ele>2005.0</ele></trkpt>
<trkpt lon="-4.824181" lat="43.200711"><ele>2003.5</ele></trkpt>
<trkpt lon="-4.824012" lat="43.200800"><ele>2000.0</ele></trkpt>
<trkpt lon="-4.823891" lat="43.200834"><ele>1997.0</ele></trkpt>
<trkpt lon="-4.823793" lat="43.200903"><ele>1996.0</ele></trkpt>
<trkpt lon="-4.823674" lat="43.200937"><ele>1994.75</ele></trkpt>
<trkpt lon="-4.823593" lat="43.200987"><ele>1992.75</ele></trkpt>
<trkpt lon="-4.823425" lat="43.201033"><ele>1989.75</ele></trkpt>
<trkpt lon="-4.823331" lat="43.201041"><ele>1988.75</ele></trkpt>
<trkpt lon="-4.823167" lat="43.201086"><ele>1986.5</ele></trkpt>
<trkpt lon="-4.823012" lat="43.201117"><ele>1984.5</ele></trkpt>
<trkpt lon="-4.822930" lat="43.201163"><ele>1982.75</ele></trkpt>
<trkpt lon="-4.822887" lat="43.201207"><ele>1981.25</ele></trkpt>
<trkpt lon="-4.822877" lat="43.201237"><ele>1980.25</ele></trkpt>
<trkpt lon="-4.822776" lat="43.201248"><ele>1979.0</ele></trkpt>
<trkpt lon="-4.822713" lat="43.201290"><ele>1978.0</ele></trkpt>
<trkpt lon="-4.822672" lat="43.201337"><ele>1976.5</ele></trkpt>
<trkpt lon="-4.822672" lat="43.201405"><ele>1974.25</ele></trkpt>
<trkpt lon="-4.822639" lat="43.201449"><ele>1973.25</ele></trkpt>
<trkpt lon="-4.822583" lat="43.201497"><ele>1972.0</ele></trkpt>
<trkpt lon="-4.822569" lat="43.201523"><ele>1971.25</ele></trkpt>
<trkpt lon="-4.822497" lat="43.201543"><ele>1970.5</ele></trkpt>
<trkpt lon="-4.822456" lat="43.201570"><ele>1970.75</ele></trkpt>
<trkpt lon="-4.822356" lat="43.201686"><ele>1969.5</ele></trkpt>
<trkpt lon="-4.822281" lat="43.201754"><ele>1969.0</ele></trkpt>
<trkpt lon="-4.822238" lat="43.201817"><ele>1968.0</ele></trkpt>
<trkpt lon="-4.822136" lat="43.201899"><ele>1967.25</ele></trkpt>
<trkpt lon="-4.822034" lat="43.202011"><ele>1965.75</ele></trkpt>
<trkpt lon="-4.821859" lat="43.202115"><ele>1964.75</ele></trkpt>
<trkpt lon="-4.821657" lat="43.202311"><ele>1960.25</ele></trkpt>
<trkpt lon="-4.821505" lat="43.202553"><ele>1955.75</ele></trkpt>
<trkpt lon="-4.821491" lat="43.202605"><ele>1954.75</ele></trkpt>
<trkpt lon="-4.821500" lat="43.202795"><ele>1950.75</ele></trkpt>
<trkpt lon="-4.821444" lat="43.202813"><ele>1951.5</ele></trkpt>
<trkpt lon="-4.821305" lat="43.202864"><ele>1951.75</ele></trkpt>
<trkpt lon="-4.821218" lat="43.202889"><ele>1951.5</ele></trkpt>
<trkpt lon="-4.821172" lat="43.202947"><ele>1950.0</ele></trkpt>
<trkpt lon="-4.821132" lat="43.203029"><ele>1947.75</ele></trkpt>
<trkpt lon="-4.821049" lat="43.203103"><ele>1945.5</ele></trkpt>
<trkpt lon="-4.821031" lat="43.203184"><ele>1943.0</ele></trkpt>
<trkpt lon="-4.821054" lat="43.203272"><ele>1940.0</ele></trkpt>
<trkpt lon="-4.821016" lat="43.203395"><ele>1937.0</ele></trkpt>
<trkpt lon="-4.820955" lat="43.203522"><ele>1934.25</ele></trkpt>
<trkpt lon="-4.820917" lat="43.203623"><ele>1932.25</ele></trkpt>
<trkpt lon="-4.820875" lat="43.203691"><ele>1932.25</ele></trkpt>
<trkpt lon="-4.820852" lat="43.203718"><ele>1932.0</ele></trkpt>
<trkpt lon="-4.820875" lat="43.203691"><ele>1932.25</ele></trkpt>
<trkpt lon="-4.820917" lat="43.203623"><ele>1932.25</ele></trkpt>
<trkpt lon="-4.820955" lat="43.203522"><ele>1934.25</ele></trkpt>
<trkpt lon="-4.821016" lat="43.203395"><ele>1937.0</ele></trkpt>
<trkpt lon="-4.821054" lat="43.203272"><ele>1940.0</ele></trkpt>
<trkpt lon="-4.821031" lat="43.203184"><ele>1943.0</ele></trkpt>
<trkpt lon="-4.821049" lat="43.203103"><ele>1945.5</ele></trkpt>
<trkpt lon="-4.821132" lat="43.203029"><ele>1947.75</ele></trkpt>
<trkpt lon="-4.821172" lat="43.202947"><ele>1950.0</ele></trkpt>
<trkpt lon="-4.821218" lat="43.202889"><ele>1951.5</ele></trkpt>
<trkpt lon="-4.821305" lat="43.202864"><ele>1951.75</ele></trkpt>
<trkpt lon="-4.821446" lat="43.202992"><ele>1949.75</ele></trkpt>
<trkpt lon="-4.821445" lat="43.203074"><ele>1948.75</ele></trkpt>
<trkpt lon="-4.821423" lat="43.203123"><ele>1947.5</ele></trkpt>
<trkpt lon="-4.821419" lat="43.203198"><ele>1945.5</ele></trkpt>
<trkpt lon="-4.821437" lat="43.203363"><ele>1941.75</ele></trkpt>
<trkpt lon="-4.821536" lat="43.203483"><ele>1939.75</ele></trkpt>
<trkpt lon="-4.821587" lat="43.203507"><ele>1939.5</ele></trkpt>
<trkpt lon="-4.821667" lat="43.203619"><ele>1936.5</ele></trkpt>
<trkpt lon="-4.821594" lat="43.203776"><ele>1931.0</ele></trkpt>
<trkpt lon="-4.821643" lat="43.203839"><ele>1928.75</ele></trkpt>
<trkpt lon="-4.821669" lat="43.203911"><ele>1925.75</ele></trkpt>
<trkpt lon="-4.821714" lat="43.204100"><ele>1918.0</ele></trkpt>
<trkpt lon="-4.821677" lat="43.204158"><ele>1913.75</ele></trkpt>
<trkpt lon="-4.821696" lat="43.204232"><ele>1912.0</ele></trkpt>
<trkpt lon="-4.821635" lat="43.204301"><ele>1909.0</ele></trkpt>
<trkpt lon="-4.821665" lat="43.204365"><ele>1906.5</ele></trkpt>
<trkpt lon="-4.821639" lat="43.204406"><ele>1905.25</ele></trkpt>
<trkpt lon="-4.821612" lat="43.204480"><ele>1902.5</ele></trkpt>
<trkpt lon="-4.821631" lat="43.204538"><ele>1900.25</ele></trkpt>
<trkpt lon="-4.821590" lat="43.204662"><ele>1894.75</ele></trkpt>
<trkpt lon="-4.821605" lat="43.204761"><ele>1891.25</ele></trkpt>
<trkpt lon="-4.821597" lat="43.204863"><ele>1888.25</ele></trkpt>
<trkpt lon="-4.821552" lat="43.204909"><ele>1886.5</ele></trkpt>
<trkpt lon="-4.821568" lat="43.205145"><ele>1881.5</ele></trkpt>
<trkpt lon="-4.821652" lat="43.205350"><ele>1875.0</ele></trkpt>
<trkpt lon="-4.821689" lat="43.205548"><ele>1869.25</ele></trkpt>
<trkpt lon="-4.821734" lat="43.205624"><ele>1867.5</ele></trkpt>
<trkpt lon="-4.821726" lat="43.205731"><ele>1861.5</ele></trkpt>
<trkpt lon="-4.821710" lat="43.205794"><ele>1857.0</ele></trkpt>
<trkpt lon="-4.821818" lat="43.205948"><ele>1863.75</ele></trkpt>
<trkpt lon="-4.821779" lat="43.206023"><ele>1861.25</ele></trkpt>
<trkpt lon="-4.821746" lat="43.206122"><ele>1858.5</ele></trkpt>
<trkpt lon="-4.821731" lat="43.206261"><ele>1849.75</ele></trkpt>
<trkpt lon="-4.821761" lat="43.206327"><ele>1846.75</ele></trkpt>
<trkpt lon="-4.821873" lat="43.206441"><ele>1841.0</ele></trkpt>
<trkpt lon="-4.822051" lat="43.206527"><ele>1837.5</ele></trkpt>
<trkpt lon="-4.822193" lat="43.206609"><ele>1833.25</ele></trkpt>
<trkpt lon="-4.822268" lat="43.206679"><ele>1831.0</ele></trkpt>
<trkpt lon="-4.822359" lat="43.206785"><ele>1831.25</ele></trkpt>
<trkpt lon="-4.822404" lat="43.206825"><ele>1830.25</ele></trkpt>
<trkpt lon="-4.822468" lat="43.206866"><ele>1829.0</ele></trkpt>
<trkpt lon="-4.822522" lat="43.206877"><ele>1829.5</ele></trkpt>
<trkpt lon="-4.822564" lat="43.206924"><ele>1828.0</ele></trkpt>
<trkpt lon="-4.822555" lat="43.206988"><ele>1824.75</ele></trkpt>
<trkpt lon="-4.822528" lat="43.207016"><ele>1822.75</ele></trkpt>
<trkpt lon="-4.822462" lat="43.207056"><ele>1819.75</ele></trkpt>
<trkpt lon="-4.822477" lat="43.207091"><ele>1818.5</ele></trkpt>
<trkpt lon="-4.822447" lat="43.207124"><ele>1817.25</ele></trkpt>
<trkpt lon="-4.822474" lat="43.207161"><ele>1816.0</ele></trkpt>
<trkpt lon="-4.822413" lat="43.207190"><ele>1814.25</ele></trkpt>
<trkpt lon="-4.822413" lat="43.207241"><ele>1812.25</ele></trkpt>
<trkpt lon="-4.822362" lat="43.207287"><ele>1809.5</ele></trkpt>
<trkpt lon="-4.822380" lat="43.207366"><ele>1806.75</ele></trkpt>
<trkpt lon="-4.822347" lat="43.207410"><ele>1803.25</ele></trkpt>
<trkpt lon="-4.822287" lat="43.207470"><ele>1796.5</ele></trkpt>
<trkpt lon="-4.822256" lat="43.207558"><ele>1790.25</ele></trkpt>
<trkpt lon="-4.822226" lat="43.207593"><ele>1786.75</ele></trkpt>
<trkpt lon="-4.822256" lat="43.207646"><ele>1787.25</ele></trkpt>
<trkpt lon="-4.822229" lat="43.207661"><ele>1784.5</ele></trkpt>
<trkpt lon="-4.822211" lat="43.207705"><ele>1782.75</ele></trkpt>
<trkpt lon="-4.822247" lat="43.207765"><ele>1782.25</ele></trkpt>
<trkpt lon="-4.822208" lat="43.207793"><ele>1779.75</ele></trkpt>
<trkpt lon="-4.822217" lat="43.207862"><ele>1778.0</ele></trkpt>
<trkpt lon="-4.822169" lat="43.207888"><ele>1778.0</ele></trkpt>
<trkpt lon="-4.822202" lat="43.207958"><ele>1776.0</ele></trkpt>
<trkpt lon="-4.822142" lat="43.207976"><ele>1775.75</ele></trkpt>
<trkpt lon="-4.822163" lat="43.208055"><ele>1773.75</ele></trkpt>
<trkpt lon="-4.822114" lat="43.208093"><ele>1772.5</ele></trkpt>
<trkpt lon="-4.822117" lat="43.208165"><ele>1770.5</ele></trkpt>
<trkpt lon="-4.822051" lat="43.208209"><ele>1767.75</ele></trkpt>
<trkpt lon="-4.822042" lat="43.208302"><ele>1764.0</ele></trkpt>
<trkpt lon="-4.821923" lat="43.208739"><ele>1750.25</ele></trkpt>
<trkpt lon="-4.821908" lat="43.208831"><ele>1748.25</ele></trkpt>
<trkpt lon="-4.821866" lat="43.208931"><ele>1745.75</ele></trkpt>
<trkpt lon="-4.821802" lat="43.209047"><ele>1743.25</ele></trkpt>
<trkpt lon="-4.821793" lat="43.209124"><ele>1743.0</ele></trkpt>
<trkpt lon="-4.821793" lat="43.209333"><ele>1737.75</ele></trkpt>
<trkpt lon="-4.821750" lat="43.209556"><ele>1731.75</ele></trkpt>
<trkpt lon="-4.821685" lat="43.209722"><ele>1729.0</ele></trkpt>
<trkpt lon="-4.821672" lat="43.209807"><ele>1726.5</ele></trkpt>
<trkpt lon="-4.821679" lat="43.209851"><ele>1725.25</ele></trkpt>
<trkpt lon="-4.821706" lat="43.209881"><ele>1725.0</ele></trkpt>
<trkpt lon="-4.821717" lat="43.209908"><ele>1724.25</ele></trkpt>
<trkpt lon="-4.821720" lat="43.210001"><ele>1721.75</ele></trkpt>
<trkpt lon="-4.821700" lat="43.210041"><ele>1720.25</ele></trkpt>
<trkpt lon="-4.821701" lat="43.210080"><ele>1719.0</ele></trkpt>
<trkpt lon="-4.821712" lat="43.210116"><ele>1718.0</ele></trkpt>
<trkpt lon="-4.821767" lat="43.210144"><ele>1718.5</ele></trkpt>
<trkpt lon="-4.821851" lat="43.210168"><ele>1719.5</ele></trkpt>
<trkpt lon="-4.821905" lat="43.210217"><ele>1719.5</ele></trkpt>
<trkpt lon="-4.821948" lat="43.210313"><ele>1717.5</ele></trkpt>
<trkpt lon="-4.821955" lat="43.210407"><ele>1713.75</ele></trkpt>
<trkpt lon="-4.822019" lat="43.210440"><ele>1713.25</ele></trkpt>
<trkpt lon="-4.822094" lat="43.210497"><ele>1711.75</ele></trkpt>
<trkpt lon="-4.822151" lat="43.210528"><ele>1711.25</ele></trkpt>
<trkpt lon="-4.822219" lat="43.210596"><ele>1709.75</ele></trkpt>
<trkpt lon="-4.822260" lat="43.210684"><ele>1708.75</ele></trkpt>
<trkpt lon="-4.822241" lat="43.210775"><ele>1705.5</ele></trkpt>
<trkpt lon="-4.822185" lat="43.210828"><ele>1701.25</ele></trkpt>
<trkpt lon="-4.822185" lat="43.210885"><ele>1700.5</ele></trkpt>
<trkpt lon="-4.822162" lat="43.210973"><ele>1698.0</ele></trkpt>
<trkpt lon="-4.822090" lat="43.211119"><ele>1692.5</ele></trkpt>
<trkpt lon="-4.822087" lat="43.211196"><ele>1690.5</ele></trkpt>
<trkpt lon="-4.822053" lat="43.211243"><ele>1687.75</ele></trkpt>
<trkpt lon="-4.822045" lat="43.211290"><ele>1686.25</ele></trkpt>
<trkpt lon="-4.822045" lat="43.211372"><ele>1684.25</ele></trkpt>
<trkpt lon="-4.822004" lat="43.211474"><ele>1680.0</ele></trkpt>
<trkpt lon="-4.821939" lat="43.211535"><ele>1675.5</ele></trkpt>
<trkpt lon="-4.821943" lat="43.211639"><ele>1673.5</ele></trkpt>
<trkpt lon="-4.821875" lat="43.211716"><ele>1669.0</ele></trkpt>
<trkpt lon="-4.821777" lat="43.211859"><ele>1661.75</ele></trkpt>
<trkpt lon="-4.821645" lat="43.212165"><ele>1648.0</ele></trkpt>
<trkpt lon="-4.821615" lat="43.212305"><ele>1641.75</ele></trkpt>
<trkpt lon="-4.821588" lat="43.212382"><ele>1637.25</ele></trkpt>
<trkpt lon="-4.821611" lat="43.212476"><ele>1634.5</ele></trkpt>
<trkpt lon="-4.821645" lat="43.212569"><ele>1632.5</ele></trkpt>
<trkpt lon="-4.821656" lat="43.212668"><ele>1629.5</ele></trkpt>
<trkpt lon="-4.821554" lat="43.212745"><ele>1624.0</ele></trkpt>
<trkpt lon="-4.821445" lat="43.212858"><ele>1618.75</ele></trkpt>
<trkpt lon="-4.821350" lat="43.212974"><ele>1613.5</ele></trkpt>
<trkpt lon="-4.821346" lat="43.213150"><ele>1609.75</ele></trkpt>
<trkpt lon="-4.821361" lat="43.213197"><ele>1609.25</ele></trkpt>
<trkpt lon="-4.821419" lat="43.213269"><ele>1610.5</ele></trkpt>
<trkpt lon="-4.821433" lat="43.213327"><ele>1610.25</ele></trkpt>
<trkpt lon="-4.821365" lat="43.213463"><ele>1604.0</ele></trkpt>
<trkpt lon="-4.821353" lat="43.213541"><ele>1601.75</ele></trkpt>
<trkpt lon="-4.821358" lat="43.213634"><ele>1599.5</ele></trkpt>
<trkpt lon="-4.821349" lat="43.213710"><ele>1596.5</ele></trkpt>
<trkpt lon="-4.821276" lat="43.213921"><ele>1586.25</ele></trkpt>
<trkpt lon="-4.821278" lat="43.213997"><ele>1583.75</ele></trkpt>
<trkpt lon="-4.821143" lat="43.214116"><ele>1574.0</ele></trkpt>
<trkpt lon="-4.821068" lat="43.214300"><ele>1568.75</ele></trkpt>
<trkpt lon="-4.820843" lat="43.214695"><ele>1550.0</ele></trkpt>
<trkpt lon="-4.820785" lat="43.214838"><ele>1542.75</ele></trkpt>
<trkpt lon="-4.820686" lat="43.214941"><ele>1534.75</ele></trkpt>
<trkpt lon="-4.820634" lat="43.215036"><ele>1530.25</ele></trkpt>
<trkpt lon="-4.820377" lat="43.215304"><ele>1513.75</ele></trkpt>
<trkpt lon="-4.820284" lat="43.215465"><ele>1504.75</ele></trkpt>
<trkpt lon="-4.820226" lat="43.215610"><ele>1497.25</ele></trkpt>
<trkpt lon="-4.820223" lat="43.216101"><ele>1480.75</ele></trkpt>
<trkpt lon="-4.820230" lat="43.216306"><ele>1477.25</ele></trkpt>
<trkpt lon="-4.820242" lat="43.216389"><ele>1476.25</ele></trkpt>
<trkpt lon="-4.820193" lat="43.216475"><ele>1476.25</ele></trkpt>
<trkpt lon="-4.820124" lat="43.216524"><ele>1472.0</ele></trkpt>
<trkpt lon="-4.820060" lat="43.216625"><ele>1466.0</ele></trkpt>
<trkpt lon="-4.820036" lat="43.216702"><ele>1462.25</ele></trkpt>
<trkpt lon="-4.820106" lat="43.216775"><ele>1469.75</ele></trkpt>
<trkpt lon="-4.820069" lat="43.217028"><ele>1460.5</ele></trkpt>
<trkpt lon="-4.819900" lat="43.217169"><ele>1447.0</ele></trkpt>
<trkpt lon="-4.819834" lat="43.217250"><ele>1442.75</ele></trkpt>
<trkpt lon="-4.819891" lat="43.217380"><ele>1442.25</ele></trkpt>
<trkpt lon="-4.819915" lat="43.217459"><ele>1441.25</ele></trkpt>
<trkpt lon="-4.819855" lat="43.217657"><ele>1434.0</ele></trkpt>
<trkpt lon="-4.819813" lat="43.217836"><ele>1428.0</ele></trkpt>
<trkpt lon="-4.819773" lat="43.217902"><ele>1424.75</ele></trkpt>
<trkpt lon="-4.819628" lat="43.217985"><ele>1417.0</ele></trkpt>
<trkpt lon="-4.819532" lat="43.218052"><ele>1411.5</ele></trkpt>
<trkpt lon="-4.819514" lat="43.218111"><ele>1409.0</ele></trkpt>
<trkpt lon="-4.819468" lat="43.218183"><ele>1405.5</ele></trkpt>
<trkpt lon="-4.819487" lat="43.218280"><ele>1403.25</ele></trkpt>
<trkpt lon="-4.819550" lat="43.218359"><ele>1401.5</ele></trkpt>
<trkpt lon="-4.819647" lat="43.218461"><ele>1398.0</ele></trkpt>
<trkpt lon="-4.819680" lat="43.218566"><ele>1393.0</ele></trkpt>
<trkpt lon="-4.819747" lat="43.218707"><ele>1388.25</ele></trkpt>
<trkpt lon="-4.819777" lat="43.218734"><ele>1388.0</ele></trkpt>
<trkpt lon="-4.819788" lat="43.218773"><ele>1386.0</ele></trkpt>
<trkpt lon="-4.819844" lat="43.218813"><ele>1385.0</ele></trkpt>
<trkpt lon="-4.819850" lat="43.218841"><ele>1383.25</ele></trkpt>
<trkpt lon="-4.819882" lat="43.218894"><ele>1380.5</ele></trkpt>
<trkpt lon="-4.819939" lat="43.218963"><ele>1378.25</ele></trkpt>
<trkpt lon="-4.819937" lat="43.219002"><ele>1376.75</ele></trkpt>
<trkpt lon="-4.819921" lat="43.219030"><ele>1375.5</ele></trkpt>
<trkpt lon="-4.819935" lat="43.219060"><ele>1374.5</ele></trkpt>
<trkpt lon="-4.820001" lat="43.219110"><ele>1373.25</ele></trkpt>
<trkpt lon="-4.820092" lat="43.219155"><ele>1371.5</ele></trkpt>
<trkpt lon="-4.820136" lat="43.219216"><ele>1366.5</ele></trkpt>
<trkpt lon="-4.820169" lat="43.219211"><ele>1367.0</ele></trkpt>
<trkpt lon="-4.820287" lat="43.219233"><ele>1365.25</ele></trkpt>
<trkpt lon="-4.820323" lat="43.219229"><ele>1366.5</ele></trkpt>
<trkpt lon="-4.820411" lat="43.219260"><ele>1365.75</ele></trkpt>
<trkpt lon="-4.820498" lat="43.219339"><ele>1359.75</ele></trkpt>
<trkpt lon="-4.820601" lat="43.219383"><ele>1356.0</ele></trkpt>
<trkpt lon="-4.820744" lat="43.219399"><ele>1353.5</ele></trkpt>
<trkpt lon="-4.820880" lat="43.219435"><ele>1350.0</ele></trkpt>
<trkpt lon="-4.821068" lat="43.219499"><ele>1352.5</ele></trkpt>
<trkpt lon="-4.821159" lat="43.219564"><ele>1351.25</ele></trkpt>
<trkpt lon="-4.821279" lat="43.219596"><ele>1353.0</ele></trkpt>
<trkpt lon="-4.821378" lat="43.219683"><ele>1345.5</ele></trkpt>
<trkpt lon="-4.821436" lat="43.219773"><ele>1341.25</ele></trkpt>
<trkpt lon="-4.821370" lat="43.219849"><ele>1339.0</ele></trkpt>
<trkpt lon="-4.821386" lat="43.219886"><ele>1338.5</ele></trkpt>
<trkpt lon="-4.821427" lat="43.219922"><ele>1338.0</ele></trkpt>
<trkpt lon="-4.821551" lat="43.219993"><ele>1336.0</ele></trkpt>
<trkpt lon="-4.821675" lat="43.219962"><ele>1336.75</ele></trkpt>
<trkpt lon="-4.821761" lat="43.219990"><ele>1334.5</ele></trkpt>
<trkpt lon="-4.821739" lat="43.220071"><ele>1332.5</ele></trkpt>
<trkpt lon="-4.821688" lat="43.220098"><ele>1332.0</ele></trkpt>
<trkpt lon="-4.821651" lat="43.220163"><ele>1330.25</ele></trkpt>
<trkpt lon="-4.821483" lat="43.220282"><ele>1325.0</ele></trkpt>
<trkpt lon="-4.821415" lat="43.220350"><ele>1324.75</ele></trkpt>
<trkpt lon="-4.821380" lat="43.220431"><ele>1325.0</ele></trkpt>
<trkpt lon="-4.821402" lat="43.220505"><ele>1325.5</ele></trkpt>
<trkpt lon="-4.821374" lat="43.220554"><ele>1326.0</ele></trkpt>
<trkpt lon="-4.821335" lat="43.220598"><ele>1327.25</ele></trkpt>
<trkpt lon="-4.821308" lat="43.220657"><ele>1327.75</ele></trkpt>
<trkpt lon="-4.821268" lat="43.220712"><ele>1327.75</ele></trkpt>
<trkpt lon="-4.821125" lat="43.220816"><ele>1323.75</ele></trkpt>
<trkpt lon="-4.821059" lat="43.220849"><ele>1321.25</ele></trkpt>
<trkpt lon="-4.820998" lat="43.220867"><ele>1319.5</ele></trkpt>
<trkpt lon="-4.820935" lat="43.220909"><ele>1318.5</ele></trkpt>
<trkpt lon="-4.820876" lat="43.220902"><ele>1316.5</ele></trkpt>
<trkpt lon="-4.820830" lat="43.220858"><ele>1313.5</ele></trkpt>
<trkpt lon="-4.820736" lat="43.220860"><ele>1310.25</ele></trkpt>
<trkpt lon="-4.820681" lat="43.220832"><ele>1307.5</ele></trkpt>
<trkpt lon="-4.820652" lat="43.220848"><ele>1307.0</ele></trkpt>
<trkpt lon="-4.820638" lat="43.220823"><ele>1306.5</ele></trkpt>
<trkpt lon="-4.820618" lat="43.220814"><ele>1306.5</ele></trkpt>
<trkpt lon="-4.820580" lat="43.220797"><ele>1306.25</ele></trkpt>
<trkpt lon="-4.820378" lat="43.220798"><ele>1300.75</ele></trkpt>
<trkpt lon="-4.820321" lat="43.220784"><ele>1300.5</ele></trkpt>
<trkpt lon="-4.820193" lat="43.220787"><ele>1296.25</ele></trkpt>
<trkpt lon="-4.820082" lat="43.220822"><ele>1289.5</ele></trkpt>
<trkpt lon="-4.820018" lat="43.220803"><ele>1289.0</ele></trkpt>
<trkpt lon="-4.819962" lat="43.220805"><ele>1286.75</ele></trkpt>
<trkpt lon="-4.819887" lat="43.220838"><ele>1282.0</ele></trkpt>
<trkpt lon="-4.819854" lat="43.220831"><ele>1280.75</ele></trkpt>
<trkpt lon="-4.819807" lat="43.220840"><ele>1279.0</ele></trkpt>
<trkpt lon="-4.819728" lat="43.220824"><ele>1276.75</ele></trkpt>
<trkpt lon="-4.819673" lat="43.220832"><ele>1273.75</ele></trkpt>
<trkpt lon="-4.819631" lat="43.220825"><ele>1272.5</ele></trkpt>
<trkpt lon="-4.819585" lat="43.220844"><ele>1270.25</ele></trkpt>
<trkpt lon="-4.819541" lat="43.220825"><ele>1268.5</ele></trkpt>
<trkpt lon="-4.819387" lat="43.220888"><ele>1263.75</ele></trkpt>
<trkpt lon="-4.819313" lat="43.220899"><ele>1261.75</ele></trkpt>
<trkpt lon="-4.819233" lat="43.220877"><ele>1257.25</ele></trkpt>
<trkpt lon="-4.819119" lat="43.220927"><ele>1257.5</ele></trkpt>
<trkpt lon="-4.819043" lat="43.220928"><ele>1253.0</ele></trkpt>
<trkpt lon="-4.818949" lat="43.220897"><ele>1245.25</ele></trkpt>
<trkpt lon="-4.818894" lat="43.220895"><ele>1242.25</ele></trkpt>
<trkpt lon="-4.818860" lat="43.220873"><ele>1239.5</ele></trkpt>
<trkpt lon="-4.818819" lat="43.220866"><ele>1238.25</ele></trkpt>
<trkpt lon="-4.818780" lat="43.220891"><ele>1237.75</ele></trkpt>
<trkpt lon="-4.818728" lat="43.220886"><ele>1235.75</ele></trkpt>
<trkpt lon="-4.818692" lat="43.220913"><ele>1234.25</ele></trkpt>
<trkpt lon="-4.818629" lat="43.220908"><ele>1231.75</ele></trkpt>
<trkpt lon="-4.818586" lat="43.220924"><ele>1229.5</ele></trkpt>
<trkpt lon="-4.818556" lat="43.220974"><ele>1226.25</ele></trkpt>
<trkpt lon="-4.818511" lat="43.221009"><ele>1222.75</ele></trkpt>
<trkpt lon="-4.818462" lat="43.220988"><ele>1222.0</ele></trkpt>
<trkpt lon="-4.818328" lat="43.221034"><ele>1213.5</ele></trkpt>
<trkpt lon="-4.818290" lat="43.221061"><ele>1209.75</ele></trkpt>
<trkpt lon="-4.818240" lat="43.221069"><ele>1207.0</ele></trkpt>
<trkpt lon="-4.818128" lat="43.221168"><ele>1209.25</ele></trkpt>
<trkpt lon="-4.818063" lat="43.221122"><ele>1196.5</ele></trkpt>
<trkpt lon="-4.818048" lat="43.221164"><ele>1203.75</ele></trkpt>
<trkpt lon="-4.818017" lat="43.221178"><ele>1205.0</ele></trkpt>
<trkpt lon="-4.817990" lat="43.221169"><ele>1202.0</ele></trkpt>
<trkpt lon="-4.817961" lat="43.221125"><ele>1192.25</ele></trkpt>
<trkpt lon="-4.817856" lat="43.221114"><ele>1185.0</ele></trkpt>
<trkpt lon="-4.817611" lat="43.221113"><ele>1173.5</ele></trkpt>
<trkpt lon="-4.817186" lat="43.221057"><ele>1155.25</ele></trkpt>
<trkpt lon="-4.817105" lat="43.220973"><ele>1154.25</ele></trkpt>
<trkpt lon="-4.816989" lat="43.220984"><ele>1148.25</ele></trkpt>
<trkpt lon="-4.816917" lat="43.220963"><ele>1144.5</ele></trkpt>
<trkpt lon="-4.816789" lat="43.220891"><ele>1136.25</ele></trkpt>
<trkpt lon="-4.816732" lat="43.220894"><ele>1131.75</ele></trkpt>
<trkpt lon="-4.816697" lat="43.220856"><ele>1129.25</ele></trkpt>
<trkpt lon="-4.816677" lat="43.220855"><ele>1127.75</ele></trkpt>
<trkpt lon="-4.816680" lat="43.220876"><ele>1127.75</ele></trkpt>
<trkpt lon="-4.816667" lat="43.220892"><ele>1126.75</ele></trkpt>
<trkpt lon="-4.816648" lat="43.220887"><ele>1125.5</ele></trkpt>
<trkpt lon="-4.816621" lat="43.220865"><ele>1123.75</ele></trkpt>
<trkpt lon="-4.816592" lat="43.220868"><ele>1121.75</ele></trkpt>
<trkpt lon="-4.816556" lat="43.220889"><ele>1119.25</ele></trkpt>
<trkpt lon="-4.816524" lat="43.220860"><ele>1117.25</ele></trkpt>
<trkpt lon="-4.816513" lat="43.220876"><ele>1116.5</ele></trkpt>
<trkpt lon="-4.816481" lat="43.220872"><ele>1114.25</ele></trkpt>
<trkpt lon="-4.816415" lat="43.220828"><ele>1109.75</ele></trkpt>
<trkpt lon="-4.816343" lat="43.220901"><ele>1106.5</ele></trkpt>
<trkpt lon="-4.816214" lat="43.220921"><ele>1101.25</ele></trkpt>
<trkpt lon="-4.815894" lat="43.220831"><ele>1090.25</ele></trkpt>
<trkpt lon="-4.815833" lat="43.220851"><ele>1089.0</ele></trkpt>
<trkpt lon="-4.815771" lat="43.220826"><ele>1087.5</ele></trkpt>
<trkpt lon="-4.815717" lat="43.220838"><ele>1086.25</ele></trkpt>
<trkpt lon="-4.815618" lat="43.220875"><ele>1084.25</ele></trkpt>
<trkpt lon="-4.815489" lat="43.220886"><ele>1082.0</ele></trkpt>
<trkpt lon="-4.815393" lat="43.220918"><ele>1080.5</ele></trkpt>
<trkpt lon="-4.815336" lat="43.220917"><ele>1079.75</ele></trkpt>
<trkpt lon="-4.815271" lat="43.220949"><ele>1078.5</ele></trkpt>
<trkpt lon="-4.815207" lat="43.220995"><ele>1078.0</ele></trkpt>
<trkpt lon="-4.815090" lat="43.221191"><ele>1074.0</ele></trkpt>
<trkpt lon="-4.815046" lat="43.221228"><ele>1072.5</ele></trkpt>
<trkpt lon="-4.815025" lat="43.221275"><ele>1070.75</ele></trkpt>
<trkpt lon="-4.815016" lat="43.221338"><ele>1068.25</ele></trkpt>
<trkpt lon="-4.814966" lat="43.221368"><ele>1066.75</ele></trkpt>
<trkpt lon="-4.814913" lat="43.221440"><ele>1065.25</ele></trkpt>
<trkpt lon="-4.814892" lat="43.221500"><ele>1064.0</ele></trkpt>
<trkpt lon="-4.814902" lat="43.221554"><ele>1063.5</ele></trkpt>
<trkpt lon="-4.814865" lat="43.221602"><ele>1061.75</ele></trkpt>
<trkpt lon="-4.814788" lat="43.221640"><ele>1058.75</ele></trkpt>
<trkpt lon="-4.814731" lat="43.221647"><ele>1056.75</ele></trkpt>
<trkpt lon="-4.814635" lat="43.221700"><ele>1056.5</ele></trkpt>
<trkpt lon="-4.814621" lat="43.221707"><ele>1056.5</ele></trkpt>
<trkpt lon="-4.814581" lat="43.221755"><ele>1055.5</ele></trkpt>
<trkpt lon="-4.814549" lat="43.221830"><ele>1053.25</ele></trkpt>
<trkpt lon="-4.814545" lat="43.221885"><ele>1051.0</ele></trkpt>
<trkpt lon="-4.814571" lat="43.221996"><ele>1046.25</ele></trkpt>
<trkpt lon="-4.814583" lat="43.222028"><ele>1045.0</ele></trkpt>
<trkpt lon="-4.814574" lat="43.222110"><ele>1041.5</ele></trkpt>
<trkpt lon="-4.814552" lat="43.222124"><ele>1040.5</ele></trkpt>
<trkpt lon="-4.814488" lat="43.222165"><ele>1037.25</ele></trkpt>
<trkpt lon="-4.814473" lat="43.222234"><ele>1033.0</ele></trkpt>
<trkpt lon="-4.814512" lat="43.222383"><ele>1025.75</ele></trkpt>
<trkpt lon="-4.814502" lat="43.222412"><ele>1023.5</ele></trkpt>
<trkpt lon="-4.814438" lat="43.222480"><ele>1016.0</ele></trkpt>
<trkpt lon="-4.814467" lat="43.222504"><ele>1015.5</ele></trkpt>
<trkpt lon="-4.814428" lat="43.222524"><ele>1014.5</ele></trkpt>
<trkpt lon="-4.814364" lat="43.222580"><ele>1018.25</ele></trkpt>
<trkpt lon="-4.814369" lat="43.222657"><ele>1014.5</ele></trkpt>
<trkpt lon="-4.814423" lat="43.222731"><ele>1007.25</ele></trkpt>
<trkpt lon="-4.814488" lat="43.222790"><ele>1007.0</ele></trkpt>
<trkpt lon="-4.814500" lat="43.222846"><ele>1005.75</ele></trkpt>
<trkpt lon="-4.814539" lat="43.222947"><ele>1004.0</ele></trkpt>
<trkpt lon="-4.814531" lat="43.223059"><ele>998.5</ele></trkpt>
<trkpt lon="-4.814555" lat="43.223180"><ele>991.75</ele></trkpt>
<trkpt lon="-4.814570" lat="43.223220"><ele>989.75</ele></trkpt>
<trkpt lon="-4.814540" lat="43.223228"><ele>988.25</ele></trkpt>
<trkpt lon="-4.814473" lat="43.223228"><ele>985.75</ele></trkpt>
<trkpt lon="-4.814420" lat="43.223245"><ele>985.0</ele></trkpt>
<trkpt lon="-4.814385" lat="43.223281"><ele>984.25</ele></trkpt>
<trkpt lon="-4.814373" lat="43.223316"><ele>982.75</ele></trkpt>
<trkpt lon="-4.814380" lat="43.223361"><ele>980.5</ele></trkpt>
<trkpt lon="-4.814483" lat="43.223462"><ele>974.75</ele></trkpt>
<trkpt lon="-4.814556" lat="43.223578"><ele>969.0</ele></trkpt>
<trkpt lon="-4.814580" lat="43.223662"><ele>968.0</ele></trkpt>
<trkpt lon="-4.814642" lat="43.223723"><ele>966.0</ele></trkpt>
<trkpt lon="-4.814730" lat="43.223779"><ele>960.0</ele></trkpt>
<trkpt lon="-4.814790" lat="43.223806"><ele>958.5</ele></trkpt>
<trkpt lon="-4.814935" lat="43.223908"><ele>950.25</ele></trkpt>
<trkpt lon="-4.814989" lat="43.223984"><ele>947.0</ele></trkpt>
<trkpt lon="-4.815034" lat="43.223997"><ele>947.25</ele></trkpt>
<trkpt lon="-4.815053" lat="43.224046"><ele>946.25</ele></trkpt>
<trkpt lon="-4.815096" lat="43.224065"><ele>946.25</ele></trkpt>
<trkpt lon="-4.815131" lat="43.224166"><ele>942.0</ele></trkpt>
<trkpt lon="-4.815118" lat="43.224187"><ele>941.75</ele></trkpt>
<trkpt lon="-4.815128" lat="43.224206"><ele>941.25</ele></trkpt>
<trkpt lon="-4.815121" lat="43.224274"><ele>940.25</ele></trkpt>
<trkpt lon="-4.815148" lat="43.224338"><ele>938.5</ele></trkpt>
<trkpt lon="-4.815151" lat="43.224381"><ele>937.75</ele></trkpt>
<trkpt lon="-4.815181" lat="43.224438"><ele>935.5</ele></trkpt>
<trkpt lon="-4.815230" lat="43.224453"><ele>933.5</ele></trkpt>
<trkpt lon="-4.815279" lat="43.224500"><ele>931.0</ele></trkpt>
<trkpt lon="-4.815294" lat="43.224610"><ele>929.5</ele></trkpt>
<trkpt lon="-4.815309" lat="43.224634"><ele>929.25</ele></trkpt>
<trkpt lon="-4.815300" lat="43.224681"><ele>928.5</ele></trkpt>
<trkpt lon="-4.815346" lat="43.224788"><ele>926.0</ele></trkpt>
<trkpt lon="-4.815422" lat="43.225024"><ele>918.75</ele></trkpt>
<trkpt lon="-4.815388" lat="43.225129"><ele>917.5</ele></trkpt>
<trkpt lon="-4.815430" lat="43.225201"><ele>915.0</ele></trkpt>
<trkpt lon="-4.815454" lat="43.225260"><ele>913.25</ele></trkpt>
<trkpt lon="-4.815495" lat="43.225324"><ele>911.0</ele></trkpt>
<trkpt lon="-4.815491" lat="43.225367"><ele>910.5</ele></trkpt>
<trkpt lon="-4.815554" lat="43.225496"><ele>905.25</ele></trkpt>
<trkpt lon="-4.815625" lat="43.225594"><ele>902.75</ele></trkpt>
<trkpt lon="-4.815633" lat="43.225617"><ele>902.5</ele></trkpt>
<trkpt lon="-4.815654" lat="43.225635"><ele>902.0</ele></trkpt>
<trkpt lon="-4.815737" lat="43.225654"><ele>900.5</ele></trkpt>
<trkpt lon="-4.815798" lat="43.225737"><ele>898.25</ele></trkpt>
<trkpt lon="-4.815821" lat="43.225810"><ele>896.5</ele></trkpt>
<trkpt lon="-4.815849" lat="43.225866"><ele>895.0</ele></trkpt>
<trkpt lon="-4.815891" lat="43.225927"><ele>893.25</ele></trkpt>
<trkpt lon="-4.815978" lat="43.226086"><ele>889.0</ele></trkpt>
<trkpt lon="-4.815994" lat="43.226190"><ele>887.0</ele></trkpt>
<trkpt lon="-4.815972" lat="43.226254"><ele>886.25</ele></trkpt>
<trkpt lon="-4.815988" lat="43.226446"><ele>883.25</ele></trkpt>
<trkpt lon="-4.815945" lat="43.226510"><ele>883.0</ele></trkpt>
<trkpt lon="-4.816044" lat="43.226606"><ele>880.0</ele></trkpt>
<trkpt lon="-4.816065" lat="43.226693"><ele>878.5</ele></trkpt>
<trkpt lon="-4.816043" lat="43.226720"><ele>878.75</ele></trkpt>
<trkpt lon="-4.816055" lat="43.226792"><ele>878.0</ele></trkpt>
<trkpt lon="-4.816105" lat="43.226900"><ele>875.5</ele></trkpt>
<trkpt lon="-4.816112" lat="43.226946"><ele>874.75</ele></trkpt>
<trkpt lon="-4.816192" lat="43.227003"><ele>874.0</ele></trkpt>
<trkpt lon="-4.816216" lat="43.227106"><ele>873.5</ele></trkpt>
<trkpt lon="-4.816327" lat="43.227204"><ele>870.5</ele></trkpt>
<trkpt lon="-4.816450" lat="43.227330"><ele>868.75</ele></trkpt>
<trkpt lon="-4.816473" lat="43.227451"><ele>868.25</ele></trkpt>
<trkpt lon="-4.816539" lat="43.227521"><ele>867.25</ele></trkpt>
<trkpt lon="-4.816725" lat="43.227757"><ele>863.0</ele></trkpt>
<trkpt lon="-4.816882" lat="43.227828"><ele>861.5</ele></trkpt>
<trkpt lon="-4.817027" lat="43.227916"><ele>860.25</ele></trkpt>
<trkpt lon="-4.817048" lat="43.227949"><ele>860.25</ele></trkpt>
<trkpt lon="-4.817065" lat="43.227962"><ele>860.0</ele></trkpt>
<trkpt lon="-4.817092" lat="43.227964"><ele>859.75</ele></trkpt>
<trkpt lon="-4.817143" lat="43.227992"><ele>859.25</ele></trkpt>
<trkpt lon="-4.817158" lat="43.228035"><ele>859.0</ele></trkpt>
<trkpt lon="-4.817234" lat="43.228123"><ele>857.0</ele></trkpt>
<trkpt lon="-4.817241" lat="43.228181"><ele>856.5</ele></trkpt>
<trkpt lon="-4.817279" lat="43.228261"><ele>855.5</ele></trkpt>
<trkpt lon="-4.817279" lat="43.228329"><ele>854.75</ele></trkpt>
<trkpt lon="-4.817303" lat="43.228373"><ele>854.25</ele></trkpt>
<trkpt lon="-4.817334" lat="43.228543"><ele>852.75</ele></trkpt>
<trkpt lon="-4.817322" lat="43.228580"><ele>852.5</ele></trkpt>
<trkpt lon="-4.817344" lat="43.228603"><ele>852.0</ele></trkpt>
<trkpt lon="-4.817360" lat="43.228663"><ele>851.5</ele></trkpt>
<trkpt lon="-4.817335" lat="43.228702"><ele>851.5</ele></trkpt>
<trkpt lon="-4.817337" lat="43.228785"><ele>851.0</ele></trkpt>
<trkpt lon="-4.817351" lat="43.228844"><ele>850.25</ele></trkpt>
<trkpt lon="-4.817352" lat="43.228873"><ele>850.0</ele></trkpt>
<trkpt lon="-4.817344" lat="43.228889"><ele>850.0</ele></trkpt>
<trkpt lon="-4.817354" lat="43.228945"><ele>850.5</ele></trkpt>
<trkpt lon="-4.817461" lat="43.229115"><ele>847.75</ele></trkpt>
<trkpt lon="-4.817468" lat="43.229187"><ele>847.75</ele></trkpt>
<trkpt lon="-4.817509" lat="43.229258"><ele>845.75</ele></trkpt>
<trkpt lon="-4.817587" lat="43.229322"><ele>845.5</ele></trkpt>
<trkpt lon="-4.817611" lat="43.229429"><ele>844.75</ele></trkpt>
<trkpt lon="-4.817653" lat="43.229491"><ele>845.0</ele></trkpt>
<trkpt lon="-4.817649" lat="43.229551"><ele>846.25</ele></trkpt>
<trkpt lon="-4.817680" lat="43.229680"><ele>846.25</ele></trkpt>
<trkpt lon="-4.817692" lat="43.229695"><ele>845.5</ele></trkpt>
<trkpt lon="-4.817717" lat="43.229683"><ele>843.25</ele></trkpt>
<trkpt lon="-4.817741" lat="43.229732"><ele>841.0</ele></trkpt>
<trkpt lon="-4.817763" lat="43.229803"><ele>838.0</ele></trkpt>
<trkpt lon="-4.817792" lat="43.229837"><ele>836.5</ele></trkpt>
<trkpt lon="-4.817781" lat="43.229871"><ele>835.75</ele></trkpt>
<trkpt lon="-4.817703" lat="43.229975"><ele>840.75</ele></trkpt>
<trkpt lon="-4.817684" lat="43.230082"><ele>839.5</ele></trkpt>
<trkpt lon="-4.817739" lat="43.230134"><ele>833.0</ele></trkpt>
<trkpt lon="-4.817754" lat="43.230149"><ele>831.25</ele></trkpt>
<trkpt lon="-4.817899" lat="43.230217"><ele>831.0</ele></trkpt>
<trkpt lon="-4.817916" lat="43.230354"><ele>826.5</ele></trkpt>
<trkpt lon="-4.817981" lat="43.230531"><ele>821.75</ele></trkpt>
<trkpt lon="-4.817966" lat="43.230560"><ele>819.75</ele></trkpt>
<trkpt lon="-4.818012" lat="43.230651"><ele>817.75</ele></trkpt>
<trkpt lon="-4.818022" lat="43.230826"><ele>810.25</ele></trkpt>
<trkpt lon="-4.818044" lat="43.230860"><ele>810.5</ele></trkpt>
<trkpt lon="-4.818065" lat="43.230940"><ele>811.25</ele></trkpt>
<trkpt lon="-4.818056" lat="43.230978"><ele>810.5</ele></trkpt>
<trkpt lon="-4.818030" lat="43.230997"><ele>809.25</ele></trkpt>
<trkpt lon="-4.817971" lat="43.231109"><ele>805.25</ele></trkpt>
<trkpt lon="-4.817872" lat="43.231171"><ele>800.25</ele></trkpt>
<trkpt lon="-4.817774" lat="43.231253"><ele>794.5</ele></trkpt>
<trkpt lon="-4.817692" lat="43.231431"><ele>795.25</ele></trkpt>
<trkpt lon="-4.817651" lat="43.231493"><ele>794.25</ele></trkpt>
<trkpt lon="-4.817647" lat="43.231576"><ele>791.75</ele></trkpt>
<trkpt lon="-4.817606" lat="43.231607"><ele>791.0</ele></trkpt>
<trkpt lon="-4.817594" lat="43.231826"><ele>782.5</ele></trkpt>
<trkpt lon="-4.817559" lat="43.231861"><ele>780.0</ele></trkpt>
<trkpt lon="-4.817527" lat="43.231875"><ele>778.0</ele></trkpt>
<trkpt lon="-4.817504" lat="43.231940"><ele>773.25</ele></trkpt>
<trkpt lon="-4.817452" lat="43.231982"><ele>779.5</ele></trkpt>
<trkpt lon="-4.817426" lat="43.232035"><ele>782.75</ele></trkpt>
<trkpt lon="-4.817346" lat="43.232105"><ele>783.0</ele></trkpt>
<trkpt lon="-4.817292" lat="43.232125"><ele>780.75</ele></trkpt>
<trkpt lon="-4.817265" lat="43.232157"><ele>776.75</ele></trkpt>
<trkpt lon="-4.817142" lat="43.232361"><ele>772.0</ele></trkpt>
<trkpt lon="-4.817044" lat="43.232544"><ele>769.0</ele></trkpt>
<trkpt lon="-4.817033" lat="43.232574"><ele>769.25</ele></trkpt>
<trkpt lon="-4.817064" lat="43.232646"><ele>767.0</ele></trkpt>
<trkpt lon="-4.817137" lat="43.232798"><ele>758.5</ele></trkpt>
<trkpt lon="-4.817191" lat="43.232878"><ele>750.5</ele></trkpt>
<trkpt lon="-4.817180" lat="43.232948"><ele>747.75</ele></trkpt>
<trkpt lon="-4.817166" lat="43.233037"><ele>744.0</ele></trkpt>
<trkpt lon="-4.817201" lat="43.233093"><ele>740.25</ele></trkpt>
<trkpt lon="-4.817188" lat="43.233148"><ele>738.25</ele></trkpt>
<trkpt lon="-4.817053" lat="43.233239"><ele>740.75</ele></trkpt>
<trkpt lon="-4.816917" lat="43.233310"><ele>743.75</ele></trkpt>
<trkpt lon="-4.816883" lat="43.233338"><ele>742.5</ele></trkpt>
<trkpt lon="-4.816865" lat="43.233377"><ele>739.5</ele></trkpt>
<trkpt lon="-4.816878" lat="43.233422"><ele>736.0</ele></trkpt>
<trkpt lon="-4.816910" lat="43.233465"><ele>732.75</ele></trkpt>
<trkpt lon="-4.816963" lat="43.233507"><ele>729.0</ele></trkpt>
<trkpt lon="-4.817134" lat="43.233522"><ele>721.75</ele></trkpt>
<trkpt lon="-4.817230" lat="43.233519"><ele>719.0</ele></trkpt>
<trkpt lon="-4.817341" lat="43.233530"><ele>720.0</ele></trkpt>
<trkpt lon="-4.817379" lat="43.233533"><ele>720.25</ele></trkpt>
<trkpt lon="-4.817454" lat="43.233570"><ele>717.75</ele></trkpt>
<trkpt lon="-4.817478" lat="43.233647"><ele>710.75</ele></trkpt>
<trkpt lon="-4.817680" lat="43.233731"><ele>704.75</ele></trkpt>
<trkpt lon="-4.817846" lat="43.233742"><ele>705.0</ele></trkpt>
<trkpt lon="-4.817940" lat="43.233812"><ele>699.75</ele></trkpt>
<trkpt lon="-4.818063" lat="43.233844"><ele>697.5</ele></trkpt>
<trkpt lon="-4.818181" lat="43.233895"><ele>689.75</ele></trkpt>
<trkpt lon="-4.818335" lat="43.233886"><ele>686.25</ele></trkpt>
<trkpt lon="-4.818400" lat="43.233903"><ele>684.5</ele></trkpt>
<trkpt lon="-4.818456" lat="43.233900"><ele>684.25</ele></trkpt>
<trkpt lon="-4.818537" lat="43.233923"><ele>682.5</ele></trkpt>
<trkpt lon="-4.818550" lat="43.233951"><ele>680.75</ele></trkpt>
<trkpt lon="-4.818583" lat="43.233972"><ele>679.25</ele></trkpt>
<trkpt lon="-4.818737" lat="43.234020"><ele>677.75</ele></trkpt>
<trkpt lon="-4.818826" lat="43.234130"><ele>673.0</ele></trkpt>
<trkpt lon="-4.818869" lat="43.234166"><ele>671.5</ele></trkpt>
<trkpt lon="-4.818877" lat="43.234200"><ele>670.25</ele></trkpt>
<trkpt lon="-4.818975" lat="43.234346"><ele>665.25</ele></trkpt>
<trkpt lon="-4.819120" lat="43.234379"><ele>665.25</ele></trkpt>
<trkpt lon="-4.819187" lat="43.234388"><ele>666.0</ele></trkpt>
<trkpt lon="-4.819208" lat="43.234405"><ele>665.75</ele></trkpt>
<trkpt lon="-4.819209" lat="43.234469"><ele>662.0</ele></trkpt>
<trkpt lon="-4.819325" lat="43.234586"><ele>659.5</ele></trkpt>
<trkpt lon="-4.819368" lat="43.234683"><ele>655.0</ele></trkpt>
<trkpt lon="-4.819305" lat="43.234758"><ele>651.5</ele></trkpt>
<trkpt lon="-4.819305" lat="43.234819"><ele>650.25</ele></trkpt>
<trkpt lon="-4.819341" lat="43.234894"><ele>648.75</ele></trkpt>
<trkpt lon="-4.819427" lat="43.234991"><ele>646.25</ele></trkpt>
<trkpt lon="-4.819462" lat="43.235068"><ele>645.5</ele></trkpt>
<trkpt lon="-4.819492" lat="43.235128"><ele>645.25</ele></trkpt>
<trkpt lon="-4.819510" lat="43.235225"><ele>643.75</ele></trkpt>
<trkpt lon="-4.819527" lat="43.235265"><ele>643.25</ele></trkpt>
<trkpt lon="-4.819601" lat="43.235374"><ele>642.5</ele></trkpt>
<trkpt lon="-4.819573" lat="43.235391"><ele>642.75</ele></trkpt>
<trkpt lon="-4.819444" lat="43.235447"><ele>644.0</ele></trkpt>
<trkpt lon="-4.819435" lat="43.235481"><ele>644.5</ele></trkpt>
<trkpt lon="-4.819443" lat="43.235509"><ele>644.5</ele></trkpt>
<trkpt lon="-4.819505" lat="43.235561"><ele>644.0</ele></trkpt>
<trkpt lon="-4.819638" lat="43.235720"><ele>644.25</ele></trkpt>
<trkpt lon="-4.819761" lat="43.235790"><ele>643.5</ele></trkpt>
<trkpt lon="-4.819915" lat="43.235948"><ele>644.75</ele></trkpt>
<trkpt lon="-4.819984" lat="43.236000"><ele>644.75</ele></trkpt>
<trkpt lon="-4.820085" lat="43.236042"><ele>644.0</ele></trkpt>
<trkpt lon="-4.820313" lat="43.236094"><ele>641.25</ele></trkpt>
<trkpt lon="-4.820611" lat="43.236190"><ele>638.75</ele></trkpt>
<trkpt lon="-4.820684" lat="43.236226"><ele>638.5</ele></trkpt>
<trkpt lon="-4.820731" lat="43.236260"><ele>638.25</ele></trkpt>
<trkpt lon="-4.820912" lat="43.236501"><ele>637.75</ele></trkpt>
<trkpt lon="-4.820995" lat="43.236592"><ele>637.25</ele></trkpt>
<trkpt lon="-4.821220" lat="43.236801"><ele>635.75</ele></trkpt>
<trkpt lon="-4.821406" lat="43.237000"><ele>635.0</ele></trkpt>
<trkpt lon="-4.821494" lat="43.237067"><ele>634.0</ele></trkpt>
<trkpt lon="-4.821947" lat="43.237325"><ele>627.5</ele></trkpt>
<trkpt lon="-4.822179" lat="43.237443"><ele>626.0</ele></trkpt>
<trkpt lon="-4.822507" lat="43.237586"><ele>624.75</ele></trkpt>
<trkpt lon="-4.822687" lat="43.237639"><ele>623.25</ele></trkpt>
<trkpt lon="-4.822876" lat="43.237683"><ele>621.25</ele></trkpt>
<trkpt lon="-4.822910" lat="43.237701"><ele>621.0</ele></trkpt>
<trkpt lon="-4.822942" lat="43.237728"><ele>621.0</ele></trkpt>
<trkpt lon="-4.823084" lat="43.237889"><ele>621.0</ele></trkpt>
<trkpt lon="-4.823146" lat="43.237940"><ele>620.5</ele></trkpt>
<trkpt lon="-4.823209" lat="43.237969"><ele>619.5</ele></trkpt>
<trkpt lon="-4.823273" lat="43.237976"><ele>617.75</ele></trkpt>
<trkpt lon="-4.823391" lat="43.237982"><ele>615.25</ele></trkpt>
<trkpt lon="-4.823622" lat="43.238079"><ele>613.5</ele></trkpt>
<trkpt lon="-4.823932" lat="43.238185"><ele>607.5</ele></trkpt>
<trkpt lon="-4.824143" lat="43.238292"><ele>603.25</ele></trkpt>
<trkpt lon="-4.824211" lat="43.238317"><ele>602.25</ele></trkpt>
<trkpt lon="-4.824564" lat="43.238371"><ele>599.5</ele></trkpt>
<trkpt lon="-4.824751" lat="43.238418"><ele>597.5</ele></trkpt>
<trkpt lon="-4.824822" lat="43.238456"><ele>597.5</ele></trkpt>
<trkpt lon="-4.824909" lat="43.238539"><ele>596.0</ele></trkpt>
<trkpt lon="-4.824968" lat="43.238609"><ele>593.5</ele></trkpt>
<trkpt lon="-4.825089" lat="43.238681"><ele>591.5</ele></trkpt>
<trkpt lon="-4.825202" lat="43.238770"><ele>590.25</ele></trkpt>
<trkpt lon="-4.825262" lat="43.238806"><ele>589.0</ele></trkpt>
<trkpt lon="-4.825388" lat="43.238844"><ele>588.25</ele></trkpt>
<trkpt lon="-4.825551" lat="43.238922"><ele>588.25</ele></trkpt>
<trkpt lon="-4.825668" lat="43.238960"><ele>588.75</ele></trkpt>
<trkpt lon="-4.825828" lat="43.238993"><ele>588.75</ele></trkpt>
<trkpt lon="-4.825922" lat="43.239002"><ele>588.25</ele></trkpt>
<trkpt lon="-4.826315" lat="43.239019"><ele>586.0</ele></trkpt>
<trkpt lon="-4.826416" lat="43.239007"><ele>585.25</ele></trkpt>
<trkpt lon="-4.826801" lat="43.238925"><ele>582.75</ele></trkpt>
<trkpt lon="-4.826904" lat="43.238843"><ele>582.25</ele></trkpt>
<trkpt lon="-4.826939" lat="43.238840"><ele>582.0</ele></trkpt>
<trkpt lon="-4.827027" lat="43.238842"><ele>582.25</ele></trkpt>
<trkpt lon="-4.827097" lat="43.238821"><ele>582.25</ele></trkpt>
<trkpt lon="-4.827141" lat="43.238814"><ele>582.0</ele></trkpt>
<trkpt lon="-4.827176" lat="43.238818"><ele>582.0</ele></trkpt>
<trkpt lon="-4.827273" lat="43.238844"><ele>582.0</ele></trkpt>
<trkpt lon="-4.827314" lat="43.238842"><ele>581.75</ele></trkpt>
<trkpt lon="-4.827346" lat="43.238832"><ele>581.5</ele></trkpt>
<trkpt lon="-4.827427" lat="43.238860"><ele>581.0</ele></trkpt>
<trkpt lon="-4.827545" lat="43.238916"><ele>579.75</ele></trkpt>
<trkpt lon="-4.827576" lat="43.238954"><ele>580.5</ele></trkpt>
<trkpt lon="-4.827652" lat="43.238976"><ele>579.75</ele></trkpt>
<trkpt lon="-4.827773" lat="43.239053"><ele>580.25</ele></trkpt>
<trkpt lon="-4.827859" lat="43.239078"><ele>579.5</ele></trkpt>
<trkpt lon="-4.827919" lat="43.239077"><ele>578.5</ele></trkpt>
<trkpt lon="-4.827984" lat="43.239105"><ele>577.5</ele></trkpt>
<trkpt lon="-4.828066" lat="43.239115"><ele>575.75</ele></trkpt>
<trkpt lon="-4.828159" lat="43.239140"><ele>574.0</ele></trkpt>
<trkpt lon="-4.828317" lat="43.239160"><ele>570.25</ele></trkpt>
<trkpt lon="-4.828383" lat="43.239181"><ele>568.75</ele></trkpt>
<trkpt lon="-4.828450" lat="43.239235"><ele>567.25</ele></trkpt>
<trkpt lon="-4.828512" lat="43.239304"><ele>565.5</ele></trkpt>
<trkpt lon="-4.828588" lat="43.239359"><ele>562.75</ele></trkpt>
<trkpt lon="-4.828645" lat="43.239391"><ele>560.75</ele></trkpt>
<trkpt lon="-4.828668" lat="43.239431"><ele>560.0</ele></trkpt>
<trkpt lon="-4.828676" lat="43.239504"><ele>563.25</ele></trkpt>
<trkpt lon="-4.828727" lat="43.239554"><ele>562.75</ele></trkpt>
<trkpt lon="-4.828778" lat="43.239625"><ele>561.0</ele></trkpt>
<trkpt lon="-4.828788" lat="43.239692"><ele>561.75</ele></trkpt>
<trkpt lon="-4.828833" lat="43.239707"><ele>556.75</ele></trkpt>
<trkpt lon="-4.828874" lat="43.239757"><ele>553.75</ele></trkpt>
<trkpt lon="-4.828955" lat="43.239805"><ele>552.0</ele></trkpt>
<trkpt lon="-4.829140" lat="43.239884"><ele>546.25</ele></trkpt>
<trkpt lon="-4.829242" lat="43.239911"><ele>544.0</ele></trkpt>
<trkpt lon="-4.829320" lat="43.239958"><ele>542.75</ele></trkpt>
<trkpt lon="-4.829391" lat="43.239992"><ele>540.75</ele></trkpt>
<trkpt lon="-4.829484" lat="43.240078"><ele>541.75</ele></trkpt>
<trkpt lon="-4.829533" lat="43.240097"><ele>541.25</ele></trkpt>
<trkpt lon="-4.829563" lat="43.240175"><ele>542.5</ele></trkpt>
<trkpt lon="-4.829735" lat="43.240345"><ele>536.5</ele></trkpt>
<trkpt lon="-4.829767" lat="43.240420"><ele>537.5</ele></trkpt>
<trkpt lon="-4.829807" lat="43.240463"><ele>537.5</ele></trkpt>
<trkpt lon="-4.829850" lat="43.240526"><ele>537.0</ele></trkpt>
<trkpt lon="-4.829886" lat="43.240552"><ele>536.0</ele></trkpt>
<trkpt lon="-4.829971" lat="43.240654"><ele>534.5</ele></trkpt>
<trkpt lon="-4.830012" lat="43.240834"><ele>535.5</ele></trkpt>
<trkpt lon="-4.830034" lat="43.240862"><ele>534.75</ele></trkpt>
<trkpt lon="-4.830021" lat="43.241147"><ele>534.25</ele></trkpt>
<trkpt lon="-4.830051" lat="43.241226"><ele>534.75</ele></trkpt>
<trkpt lon="-4.830072" lat="43.241365"><ele>535.75</ele></trkpt>
<trkpt lon="-4.830124" lat="43.241480"><ele>538.0</ele></trkpt>
<trkpt lon="-4.830163" lat="43.241511"><ele>537.75</ele></trkpt>
<trkpt lon="-4.830202" lat="43.241558"><ele>538.5</ele></trkpt>
<trkpt lon="-4.830330" lat="43.241648"><ele>537.0</ele></trkpt>
<trkpt lon="-4.830357" lat="43.241688"><ele>537.25</ele></trkpt>
<trkpt lon="-4.830458" lat="43.241775"><ele>535.5</ele></trkpt>
<trkpt lon="-4.830477" lat="43.241807"><ele>535.75</ele></trkpt>
<trkpt lon="-4.830487" lat="43.241927"><ele>540.5</ele></trkpt>
<trkpt lon="-4.830532" lat="43.242092"><ele>539.75</ele></trkpt>
<trkpt lon="-4.830548" lat="43.242120"><ele>539.25</ele></trkpt>
<trkpt lon="-4.830565" lat="43.242258"><ele>538.5</ele></trkpt>
<trkpt lon="-4.830563" lat="43.242297"><ele>538.0</ele></trkpt>
<trkpt lon="-4.830593" lat="43.242347"><ele>534.25</ele></trkpt>
<trkpt lon="-4.830556" lat="43.242585"><ele>532.5</ele></trkpt>
<trkpt lon="-4.830441" lat="43.242701"><ele>531.75</ele></trkpt>
<trkpt lon="-4.830377" lat="43.242746"><ele>531.75</ele></trkpt>
<trkpt lon="-4.830284" lat="43.242879"><ele>527.5</ele></trkpt>
<trkpt lon="-4.830248" lat="43.242963"><ele>524.25</ele></trkpt>
<trkpt lon="-4.830205" lat="43.242998"><ele>523.5</ele></trkpt>
<trkpt lon="-4.830123" lat="43.243026"><ele>524.25</ele></trkpt>
<trkpt lon="-4.830124" lat="43.243041"><ele>523.5</ele></trkpt>
<trkpt lon="-4.830155" lat="43.243048"><ele>522.25</ele></trkpt>
<trkpt lon="-4.830297" lat="43.243031"><ele>519.5</ele></trkpt>
<trkpt lon="-4.830384" lat="43.243029"><ele>516.75</ele></trkpt>
<trkpt lon="-4.830418" lat="43.243021"><ele>516.25</ele></trkpt>
<trkpt lon="-4.830444" lat="43.243024"><ele>515.25</ele></trkpt>
<trkpt lon="-4.830444" lat="43.243104"><ele>511.75</ele></trkpt>
<trkpt lon="-4.830494" lat="43.243164"><ele>508.0</ele></trkpt>
<trkpt lon="-4.830494" lat="43.243195"><ele>507.0</ele></trkpt>
<trkpt lon="-4.830484" lat="43.243217"><ele>506.5</ele></trkpt>
<trkpt lon="-4.830436" lat="43.243229"><ele>507.75</ele></trkpt>
<trkpt lon="-4.830410" lat="43.243248"><ele>508.0</ele></trkpt>
<trkpt lon="-4.830389" lat="43.243274"><ele>508.0</ele></trkpt>
<trkpt lon="-4.830375" lat="43.243314"><ele>507.0</ele></trkpt>
<trkpt lon="-4.830388" lat="43.243355"><ele>506.0</ele></trkpt>
<trkpt lon="-4.830440" lat="43.243453"><ele>504.0</ele></trkpt>
<trkpt lon="-4.830448" lat="43.243503"><ele>503.5</ele></trkpt>
<trkpt lon="-4.830507" lat="43.243602"><ele>500.25</ele></trkpt>
<trkpt lon="-4.830533" lat="43.243682"><ele>499.0</ele></trkpt>
<trkpt lon="-4.830586" lat="43.243784"><ele>496.25</ele></trkpt>
<trkpt lon="-4.830605" lat="43.243892"><ele>495.5</ele></trkpt>
<trkpt lon="-4.830642" lat="43.243974"><ele>494.25</ele></trkpt>
<trkpt lon="-4.830699" lat="43.244142"><ele>492.0</ele></trkpt>
<trkpt lon="-4.830703" lat="43.244178"><ele>491.75</ele></trkpt>
<trkpt lon="-4.830693" lat="43.244219"><ele>491.5</ele></trkpt>
<trkpt lon="-4.830670" lat="43.244265"><ele>492.0</ele></trkpt>
<trkpt lon="-4.830662" lat="43.244328"><ele>491.0</ele></trkpt>
<trkpt lon="-4.830647" lat="43.244631"><ele>491.0</ele></trkpt>
<trkpt lon="-4.830685" lat="43.244711"><ele>489.25</ele></trkpt>
<trkpt lon="-4.830722" lat="43.244749"><ele>488.75</ele></trkpt>
<trkpt lon="-4.830885" lat="43.244856"><ele>483.25</ele></trkpt>
<trkpt lon="-4.830894" lat="43.244937"><ele>486.0</ele></trkpt>
<trkpt lon="-4.830908" lat="43.244951"><ele>485.5</ele></trkpt>
<trkpt lon="-4.830918" lat="43.245227"><ele>482.0</ele></trkpt>
<trkpt lon="-4.830938" lat="43.245250"><ele>479.75</ele></trkpt>
<trkpt lon="-4.830969" lat="43.245416"><ele>474.0</ele></trkpt>
<trkpt lon="-4.830956" lat="43.245475"><ele>474.0</ele></trkpt>
<trkpt lon="-4.830968" lat="43.245493"><ele>472.75</ele></trkpt>
<trkpt lon="-4.830986" lat="43.245478"><ele>471.5</ele></trkpt>
<trkpt lon="-4.831001" lat="43.245439"><ele>470.75</ele></trkpt>
<trkpt lon="-4.831017" lat="43.245451"><ele>469.25</ele></trkpt>
<trkpt lon="-4.831049" lat="43.245552"><ele>465.0</ele></trkpt>
<trkpt lon="-4.831052" lat="43.245599"><ele>463.0</ele></trkpt>
<trkpt lon="-4.831037" lat="43.245626"><ele>463.25</ele></trkpt>
<trkpt lon="-4.831006" lat="43.245658"><ele>464.75</ele></trkpt>
<trkpt lon="-4.830975" lat="43.245649"><ele>468.0</ele></trkpt>
<trkpt lon="-4.830972" lat="43.245636"><ele>468.75</ele></trkpt>
<trkpt lon="-4.830945" lat="43.245622"><ele>471.5</ele></trkpt>
<trkpt lon="-4.830907" lat="43.245652"><ele>474.0</ele></trkpt>
<trkpt lon="-4.830894" lat="43.245697"><ele>474.0</ele></trkpt>
<trkpt lon="-4.830940" lat="43.245851"><ele>466.0</ele></trkpt>
<trkpt lon="-4.830941" lat="43.245902"><ele>467.5</ele></trkpt>
<trkpt lon="-4.830883" lat="43.245973"><ele>474.25</ele></trkpt>
<trkpt lon="-4.830873" lat="43.246008"><ele>475.5</ele></trkpt>
<trkpt lon="-4.830893" lat="43.246036"><ele>474.75</ele></trkpt>
<trkpt lon="-4.831117" lat="43.246129"><ele>468.25</ele></trkpt>
<trkpt lon="-4.831200" lat="43.246177"><ele>465.5</ele></trkpt>
<trkpt lon="-4.831255" lat="43.246199"><ele>463.5</ele></trkpt>
<trkpt lon="-4.831296" lat="43.246249"><ele>463.0</ele></trkpt>
<trkpt lon="-4.831312" lat="43.246284"><ele>463.5</ele></trkpt>
<trkpt lon="-4.831311" lat="43.246341"><ele>465.5</ele></trkpt>
<trkpt lon="-4.831342" lat="43.246427"><ele>466.0</ele></trkpt>
<trkpt lon="-4.831341" lat="43.246514"><ele>467.25</ele></trkpt>
<trkpt lon="-4.831368" lat="43.246578"><ele>466.0</ele></trkpt>
<trkpt lon="-4.831494" lat="43.246685"><ele>460.25</ele></trkpt>
<trkpt lon="-4.831584" lat="43.246739"><ele>458.0</ele></trkpt>
<trkpt lon="-4.831764" lat="43.246824"><ele>451.75</ele></trkpt>
<trkpt lon="-4.831801" lat="43.246856"><ele>451.0</ele></trkpt>
<trkpt lon="-4.831871" lat="43.246967"><ele>450.5</ele></trkpt>
<trkpt lon="-4.831879" lat="43.246998"><ele>450.25</ele></trkpt>
<trkpt lon="-4.831854" lat="43.247100"><ele>453.0</ele></trkpt>
<trkpt lon="-4.831890" lat="43.247152"><ele>450.75</ele></trkpt>
<trkpt lon="-4.831985" lat="43.247231"><ele>443.75</ele></trkpt>
<trkpt lon="-4.832037" lat="43.247292"><ele>441.5</ele></trkpt>
<trkpt lon="-4.832037" lat="43.247292"><ele>441.5</ele></trkpt>
<trkpt lon="-4.831985" lat="43.247231"><ele>443.75</ele></trkpt>
<trkpt lon="-4.831890" lat="43.247152"><ele>450.75</ele></trkpt>
<trkpt lon="-4.831854" lat="43.247100"><ele>453.0</ele></trkpt>
<trkpt lon="-4.831879" lat="43.246998"><ele>450.25</ele></trkpt>
<trkpt lon="-4.831871" lat="43.246967"><ele>450.5</ele></trkpt>
<trkpt lon="-4.831801" lat="43.246856"><ele>451.0</ele></trkpt>
<trkpt lon="-4.831764" lat="43.246824"><ele>451.75</ele></trkpt>
<trkpt lon="-4.831584" lat="43.246739"><ele>458.0</ele></trkpt>
<trkpt lon="-4.831494" lat="43.246685"><ele>460.25</ele></trkpt>
<trkpt lon="-4.831368" lat="43.246578"><ele>466.0</ele></trkpt>
<trkpt lon="-4.831341" lat="43.246514"><ele>467.25</ele></trkpt>
<trkpt lon="-4.831342" lat="43.246427"><ele>466.0</ele></trkpt>
<trkpt lon="-4.831311" lat="43.246341"><ele>465.5</ele></trkpt>
<trkpt lon="-4.831312" lat="43.246284"><ele>463.5</ele></trkpt>
<trkpt lon="-4.831296" lat="43.246249"><ele>463.0</ele></trkpt>
<trkpt lon="-4.831255" lat="43.246199"><ele>463.5</ele></trkpt>
<trkpt lon="-4.831200" lat="43.246177"><ele>465.5</ele></trkpt>
<trkpt lon="-4.831117" lat="43.246129"><ele>468.25</ele></trkpt>
<trkpt lon="-4.830893" lat="43.246036"><ele>474.75</ele></trkpt>
<trkpt lon="-4.830873" lat="43.246008"><ele>475.5</ele></trkpt>
<trkpt lon="-4.830883" lat="43.245973"><ele>474.25</ele></trkpt>
<trkpt lon="-4.830941" lat="43.245902"><ele>467.5</ele></trkpt>
<trkpt lon="-4.830940" lat="43.245851"><ele>466.0</ele></trkpt>
<trkpt lon="-4.830894" lat="43.245697"><ele>474.0</ele></trkpt>
<trkpt lon="-4.830907" lat="43.245652"><ele>474.0</ele></trkpt>
<trkpt lon="-4.830945" lat="43.245622"><ele>471.5</ele></trkpt>
<trkpt lon="-4.830972" lat="43.245636"><ele>468.75</ele></trkpt>
<trkpt lon="-4.830975" lat="43.245649"><ele>468.0</ele></trkpt>
<trkpt lon="-4.831006" lat="43.245658"><ele>464.75</ele></trkpt>
<trkpt lon="-4.831037" lat="43.245626"><ele>463.25</ele></trkpt>
<trkpt lon="-4.831052" lat="43.245599"><ele>463.0</ele></trkpt>
<trkpt lon="-4.831049" lat="43.245552"><ele>465.0</ele></trkpt>
<trkpt lon="-4.831017" lat="43.245451"><ele>469.25</ele></trkpt>
<trkpt lon="-4.831001" lat="43.245439"><ele>470.75</ele></trkpt>
<trkpt lon="-4.830986" lat="43.245478"><ele>471.5</ele></trkpt>
<trkpt lon="-4.830968" lat="43.245493"><ele>472.75</ele></trkpt>
<trkpt lon="-4.830956" lat="43.245475"><ele>474.0</ele></trkpt>
<trkpt lon="-4.830969" lat="43.245416"><ele>474.0</ele></trkpt>
<trkpt lon="-4.830938" lat="43.245250"><ele>479.75</ele></trkpt>
<trkpt lon="-4.830918" lat="43.245227"><ele>482.0</ele></trkpt>
<trkpt lon="-4.830908" lat="43.244951"><ele>485.5</ele></trkpt>
<trkpt lon="-4.830894" lat="43.244937"><ele>486.0</ele></trkpt>
<trkpt lon="-4.830885" lat="43.244856"><ele>483.25</ele></trkpt>
<trkpt lon="-4.830722" lat="43.244749"><ele>488.75</ele></trkpt>
<trkpt lon="-4.830685" lat="43.244711"><ele>489.25</ele></trkpt>
<trkpt lon="-4.830647" lat="43.244631"><ele>491.0</ele></trkpt>
<trkpt lon="-4.830662" lat="43.244328"><ele>491.0</ele></trkpt>
<trkpt lon="-4.830670" lat="43.244265"><ele>492.0</ele></trkpt>
<trkpt lon="-4.830693" lat="43.244219"><ele>491.5</ele></trkpt>
<trkpt lon="-4.830703" lat="43.244178"><ele>491.75</ele></trkpt>
<trkpt lon="-4.830699" lat="43.244142"><ele>492.0</ele></trkpt>
<trkpt lon="-4.830642" lat="43.243974"><ele>494.25</ele></trkpt>
<trkpt lon="-4.830605" lat="43.243892"><ele>495.5</ele></trkpt>
<trkpt lon="-4.830586" lat="43.243784"><ele>496.25</ele></trkpt>
<trkpt lon="-4.830533" lat="43.243682"><ele>499.0</ele></trkpt>
<trkpt lon="-4.830507" lat="43.243602"><ele>500.25</ele></trkpt>
<trkpt lon="-4.830448" lat="43.243503"><ele>503.5</ele></trkpt>
<trkpt lon="-4.830440" lat="43.243453"><ele>504.0</ele></trkpt>
<trkpt lon="-4.830388" lat="43.243355"><ele>506.0</ele></trkpt>
<trkpt lon="-4.830375" lat="43.243314"><ele>507.0</ele></trkpt>
<trkpt lon="-4.830389" lat="43.243274"><ele>508.0</ele></trkpt>
<trkpt lon="-4.830410" lat="43.243248"><ele>508.0</ele></trkpt>
<trkpt lon="-4.830436" lat="43.243229"><ele>507.75</ele></trkpt>
<trkpt lon="-4.830484" lat="43.243217"><ele>506.5</ele></trkpt>
<trkpt lon="-4.830494" lat="43.243195"><ele>507.0</ele></trkpt>
<trkpt lon="-4.830494" lat="43.243164"><ele>508.0</ele></trkpt>
<trkpt lon="-4.830444" lat="43.243104"><ele>511.75</ele></trkpt>
<trkpt lon="-4.830444" lat="43.243024"><ele>515.25</ele></trkpt>
<trkpt lon="-4.830418" lat="43.243021"><ele>516.25</ele></trkpt>
<trkpt lon="-4.830384" lat="43.243029"><ele>516.75</ele></trkpt>
<trkpt lon="-4.830297" lat="43.243031"><ele>519.5</ele></trkpt>
<trkpt lon="-4.830155" lat="43.243048"><ele>522.25</ele></trkpt>
<trkpt lon="-4.830124" lat="43.243041"><ele>523.5</ele></trkpt>
<trkpt lon="-4.830123" lat="43.243026"><ele>524.25</ele></trkpt>
<trkpt lon="-4.830205" lat="43.242998"><ele>523.5</ele></trkpt>
<trkpt lon="-4.830248" lat="43.242963"><ele>524.25</ele></trkpt>
<trkpt lon="-4.830284" lat="43.242879"><ele>527.5</ele></trkpt>
<trkpt lon="-4.830377" lat="43.242746"><ele>531.75</ele></trkpt>
<trkpt lon="-4.830441" lat="43.242701"><ele>531.75</ele></trkpt>
<trkpt lon="-4.830556" lat="43.242585"><ele>532.5</ele></trkpt>
<trkpt lon="-4.830593" lat="43.242347"><ele>534.25</ele></trkpt>
<trkpt lon="-4.830563" lat="43.242297"><ele>538.0</ele></trkpt>
<trkpt lon="-4.830565" lat="43.242258"><ele>538.5</ele></trkpt>
<trkpt lon="-4.830548" lat="43.242120"><ele>539.25</ele></trkpt>
<trkpt lon="-4.830532" lat="43.242092"><ele>539.75</ele></trkpt>
<trkpt lon="-4.830487" lat="43.241927"><ele>540.5</ele></trkpt>
<trkpt lon="-4.830477" lat="43.241807"><ele>535.75</ele></trkpt>
<trkpt lon="-4.830458" lat="43.241775"><ele>535.5</ele></trkpt>
<trkpt lon="-4.830357" lat="43.241688"><ele>537.25</ele></trkpt>
<trkpt lon="-4.830330" lat="43.241648"><ele>537.0</ele></trkpt>
<trkpt lon="-4.830202" lat="43.241558"><ele>538.5</ele></trkpt>
<trkpt lon="-4.830163" lat="43.241511"><ele>537.75</ele></trkpt>
<trkpt lon="-4.830124" lat="43.241480"><ele>538.0</ele></trkpt>
<trkpt lon="-4.830072" lat="43.241365"><ele>535.75</ele></trkpt>
<trkpt lon="-4.830051" lat="43.241226"><ele>534.75</ele></trkpt>
<trkpt lon="-4.830021" lat="43.241147"><ele>534.25</ele></trkpt>
<trkpt lon="-4.830034" lat="43.240862"><ele>534.75</ele></trkpt>
<trkpt lon="-4.830012" lat="43.240834"><ele>535.5</ele></trkpt>
<trkpt lon="-4.829971" lat="43.240654"><ele>534.5</ele></trkpt>
<trkpt lon="-4.829886" lat="43.240552"><ele>536.0</ele></trkpt>
<trkpt lon="-4.829850" lat="43.240526"><ele>537.0</ele></trkpt>
<trkpt lon="-4.829807" lat="43.240463"><ele>537.5</ele></trkpt>
<trkpt lon="-4.829767" lat="43.240420"><ele>537.5</ele></trkpt>
<trkpt lon="-4.829735" lat="43.240345"><ele>536.5</ele></trkpt>
<trkpt lon="-4.829563" lat="43.240175"><ele>542.5</ele></trkpt>
<trkpt lon="-4.829533" lat="43.240097"><ele>541.25</ele></trkpt>
<trkpt lon="-4.829484" lat="43.240078"><ele>541.75</ele></trkpt>
<trkpt lon="-4.829391" lat="43.239992"><ele>540.75</ele></trkpt>
<trkpt lon="-4.829320" lat="43.239958"><ele>542.75</ele></trkpt>
<trkpt lon="-4.829242" lat="43.239911"><ele>544.0</ele></trkpt>
<trkpt lon="-4.829140" lat="43.239884"><ele>546.25</ele></trkpt>
<trkpt lon="-4.828955" lat="43.239805"><ele>552.0</ele></trkpt>
<trkpt lon="-4.828874" lat="43.239757"><ele>553.75</ele></trkpt>
<trkpt lon="-4.828833" lat="43.239707"><ele>556.75</ele></trkpt>
<trkpt lon="-4.828788" lat="43.239692"><ele>561.75</ele></trkpt>
<trkpt lon="-4.828778" lat="43.239625"><ele>561.0</ele></trkpt>
<trkpt lon="-4.828727" lat="43.239554"><ele>562.75</ele></trkpt>
<trkpt lon="-4.828676" lat="43.239504"><ele>563.25</ele></trkpt>
<trkpt lon="-4.828668" lat="43.239431"><ele>560.0</ele></trkpt>
<trkpt lon="-4.828645" lat="43.239391"><ele>560.75</ele></trkpt>
<trkpt lon="-4.828588" lat="43.239359"><ele>562.75</ele></trkpt>
<trkpt lon="-4.828512" lat="43.239304"><ele>565.5</ele></trkpt>
<trkpt lon="-4.828450" lat="43.239235"><ele>567.25</ele></trkpt>
<trkpt lon="-4.828383" lat="43.239181"><ele>568.75</ele></trkpt>
<trkpt lon="-4.828317" lat="43.239160"><ele>570.25</ele></trkpt>
<trkpt lon="-4.828159" lat="43.239140"><ele>574.0</ele></trkpt>
<trkpt lon="-4.828066" lat="43.239115"><ele>575.75</ele></trkpt>
<trkpt lon="-4.827984" lat="43.239105"><ele>577.5</ele></trkpt>
<trkpt lon="-4.827919" lat="43.239077"><ele>578.5</ele></trkpt>
<trkpt lon="-4.827859" lat="43.239078"><ele>579.5</ele></trkpt>
<trkpt lon="-4.827773" lat="43.239053"><ele>580.25</ele></trkpt>
<trkpt lon="-4.827652" lat="43.238976"><ele>579.75</ele></trkpt>
<trkpt lon="-4.827576" lat="43.238954"><ele>580.5</ele></trkpt>
<trkpt lon="-4.827545" lat="43.238916"><ele>579.75</ele></trkpt>
<trkpt lon="-4.827427" lat="43.238860"><ele>581.0</ele></trkpt>
<trkpt lon="-4.827346" lat="43.238832"><ele>581.5</ele></trkpt>
<trkpt lon="-4.827314" lat="43.238842"><ele>581.75</ele></trkpt>
<trkpt lon="-4.827273" lat="43.238844"><ele>582.0</ele></trkpt>
<trkpt lon="-4.827176" lat="43.238818"><ele>582.0</ele></trkpt>
<trkpt lon="-4.827141" lat="43.238814"><ele>582.0</ele></trkpt>
<trkpt lon="-4.827097" lat="43.238821"><ele>582.25</ele></trkpt>
<trkpt lon="-4.827027" lat="43.238842"><ele>582.25</ele></trkpt>
<trkpt lon="-4.826939" lat="43.238840"><ele>582.0</ele></trkpt>
<trkpt lon="-4.826904" lat="43.238843"><ele>582.25</ele></trkpt>
<trkpt lon="-4.826801" lat="43.238925"><ele>582.75</ele></trkpt>
<trkpt lon="-4.826416" lat="43.239007"><ele>585.25</ele></trkpt>
<trkpt lon="-4.826315" lat="43.239019"><ele>586.0</ele></trkpt>
<trkpt lon="-4.825922" lat="43.239002"><ele>588.25</ele></trkpt>
<trkpt lon="-4.825828" lat="43.238993"><ele>588.75</ele></trkpt>
<trkpt lon="-4.825668" lat="43.238960"><ele>588.75</ele></trkpt>
<trkpt lon="-4.825551" lat="43.238922"><ele>588.25</ele></trkpt>
<trkpt lon="-4.825388" lat="43.238844"><ele>588.25</ele></trkpt>
<trkpt lon="-4.825262" lat="43.238806"><ele>589.0</ele></trkpt>
<trkpt lon="-4.825202" lat="43.238770"><ele>590.25</ele></trkpt>
<trkpt lon="-4.825089" lat="43.238681"><ele>591.5</ele></trkpt>
<trkpt lon="-4.824968" lat="43.238609"><ele>593.5</ele></trkpt>
<trkpt lon="-4.824909" lat="43.238539"><ele>596.0</ele></trkpt>
<trkpt lon="-4.824822" lat="43.238456"><ele>597.5</ele></trkpt>
<trkpt lon="-4.824751" lat="43.238418"><ele>597.5</ele></trkpt>
<trkpt lon="-4.824564" lat="43.238371"><ele>599.5</ele></trkpt>
<trkpt lon="-4.824211" lat="43.238317"><ele>602.25</ele></trkpt>
<trkpt lon="-4.824143" lat="43.238292"><ele>603.25</ele></trkpt>
<trkpt lon="-4.823932" lat="43.238185"><ele>607.5</ele></trkpt>
<trkpt lon="-4.823622" lat="43.238079"><ele>613.5</ele></trkpt>
<trkpt lon="-4.823391" lat="43.237982"><ele>615.25</ele></trkpt>
<trkpt lon="-4.823273" lat="43.237976"><ele>617.75</ele></trkpt>
<trkpt lon="-4.823209" lat="43.237969"><ele>619.5</ele></trkpt>
<trkpt lon="-4.823146" lat="43.237940"><ele>620.5</ele></trkpt>
<trkpt lon="-4.823084" lat="43.237889"><ele>621.0</ele></trkpt>
<trkpt lon="-4.822942" lat="43.237728"><ele>621.0</ele></trkpt>
<trkpt lon="-4.822910" lat="43.237701"><ele>621.0</ele></trkpt>
<trkpt lon="-4.822876" lat="43.237683"><ele>621.25</ele></trkpt>
<trkpt lon="-4.822687" lat="43.237639"><ele>623.25</ele></trkpt>
<trkpt lon="-4.822507" lat="43.237586"><ele>624.75</ele></trkpt>
<trkpt lon="-4.822179" lat="43.237443"><ele>626.0</ele></trkpt>
<trkpt lon="-4.821947" lat="43.237325"><ele>627.5</ele></trkpt>
<trkpt lon="-4.821494" lat="43.237067"><ele>634.0</ele></trkpt>
<trkpt lon="-4.821406" lat="43.237000"><ele>635.0</ele></trkpt>
<trkpt lon="-4.821220" lat="43.236801"><ele>635.75</ele></trkpt>
<trkpt lon="-4.820995" lat="43.236592"><ele>637.25</ele></trkpt>
<trkpt lon="-4.820912" lat="43.236501"><ele>637.75</ele></trkpt>
<trkpt lon="-4.820731" lat="43.236260"><ele>638.25</ele></trkpt>
<trkpt lon="-4.820684" lat="43.236226"><ele>638.5</ele></trkpt>
<trkpt lon="-4.820611" lat="43.236190"><ele>638.75</ele></trkpt>
<trkpt lon="-4.820313" lat="43.236094"><ele>641.25</ele></trkpt>
<trkpt lon="-4.820085" lat="43.236042"><ele>644.0</ele></trkpt>
<trkpt lon="-4.819984" lat="43.236000"><ele>644.75</ele></trkpt>
<trkpt lon="-4.819915" lat="43.235948"><ele>644.75</ele></trkpt>
<trkpt lon="-4.819761" lat="43.235790"><ele>643.5</ele></trkpt>
<trkpt lon="-4.819638" lat="43.235720"><ele>644.25</ele></trkpt>
<trkpt lon="-4.819505" lat="43.235561"><ele>644.0</ele></trkpt>
<trkpt lon="-4.819443" lat="43.235509"><ele>644.5</ele></trkpt>
<trkpt lon="-4.819435" lat="43.235481"><ele>644.5</ele></trkpt>
<trkpt lon="-4.819444" lat="43.235447"><ele>644.0</ele></trkpt>
<trkpt lon="-4.819353" lat="43.235476"><ele>646.0</ele></trkpt>
<trkpt lon="-4.819237" lat="43.235458"><ele>648.0</ele></trkpt>
<trkpt lon="-4.819121" lat="43.235414"><ele>650.25</ele></trkpt>
<trkpt lon="-4.819086" lat="43.235387"><ele>651.0</ele></trkpt>
<trkpt lon="-4.819035" lat="43.235387"><ele>652.25</ele></trkpt>
<trkpt lon="-4.818999" lat="43.235393"><ele>653.5</ele></trkpt>
<trkpt lon="-4.818932" lat="43.235327"><ele>653.5</ele></trkpt>
<trkpt lon="-4.818814" lat="43.235302"><ele>656.75</ele></trkpt>
<trkpt lon="-4.818754" lat="43.235245"><ele>657.75</ele></trkpt>
<trkpt lon="-4.818684" lat="43.235224"><ele>660.0</ele></trkpt>
<trkpt lon="-4.818634" lat="43.235230"><ele>662.0</ele></trkpt>
<trkpt lon="-4.818581" lat="43.235169"><ele>663.0</ele></trkpt>
<trkpt lon="-4.818486" lat="43.235095"><ele>665.75</ele></trkpt>
<trkpt lon="-4.818416" lat="43.235053"><ele>667.5</ele></trkpt>
<trkpt lon="-4.818402" lat="43.235063"><ele>668.25</ele></trkpt>
<trkpt lon="-4.818417" lat="43.235103"><ele>669.0</ele></trkpt>
<trkpt lon="-4.818288" lat="43.235069"><ele>673.25</ele></trkpt>
<trkpt lon="-4.818226" lat="43.235042"><ele>674.75</ele></trkpt>
<trkpt lon="-4.818186" lat="43.235007"><ele>675.0</ele></trkpt>
<trkpt lon="-4.818085" lat="43.234979"><ele>678.0</ele></trkpt>
<trkpt lon="-4.818040" lat="43.234950"><ele>678.75</ele></trkpt>
<trkpt lon="-4.817986" lat="43.234936"><ele>680.25</ele></trkpt>
<trkpt lon="-4.817916" lat="43.234894"><ele>681.5</ele></trkpt>
<trkpt lon="-4.817811" lat="43.234854"><ele>684.25</ele></trkpt>
<trkpt lon="-4.817688" lat="43.234817"><ele>687.75</ele></trkpt>
<trkpt lon="-4.817550" lat="43.234816"><ele>692.75</ele></trkpt>
<trkpt lon="-4.817366" lat="43.234688"><ele>695.25</ele></trkpt>
<trkpt lon="-4.817292" lat="43.234648"><ele>696.5</ele></trkpt>
<trkpt lon="-4.817170" lat="43.234618"><ele>700.25</ele></trkpt>
<trkpt lon="-4.817056" lat="43.234544"><ele>703.25</ele></trkpt>
<trkpt lon="-4.816944" lat="43.234452"><ele>706.0</ele></trkpt>
<trkpt lon="-4.816871" lat="43.234405"><ele>707.5</ele></trkpt>
<trkpt lon="-4.816661" lat="43.234369"><ele>714.0</ele></trkpt>
<trkpt lon="-4.816662" lat="43.234397"><ele>714.75</ele></trkpt>
<trkpt lon="-4.816692" lat="43.234449"><ele>715.0</ele></trkpt>
<trkpt lon="-4.816648" lat="43.234463"><ele>717.25</ele></trkpt>
<trkpt lon="-4.816564" lat="43.234452"><ele>720.25</ele></trkpt>
<trkpt lon="-4.816481" lat="43.234426"><ele>722.75</ele></trkpt>
<trkpt lon="-4.816392" lat="43.234353"><ele>724.0</ele></trkpt>
<trkpt lon="-4.816325" lat="43.234269"><ele>725.5</ele></trkpt>
<trkpt lon="-4.816265" lat="43.234210"><ele>726.75</ele></trkpt>
<trkpt lon="-4.816081" lat="43.234146"><ele>734.0</ele></trkpt>
<trkpt lon="-4.815965" lat="43.234127"><ele>740.75</ele></trkpt>
<trkpt lon="-4.815880" lat="43.234067"><ele>743.5</ele></trkpt>
<trkpt lon="-4.815658" lat="43.233987"><ele>751.0</ele></trkpt>
<trkpt lon="-4.815654" lat="43.233950"><ele>750.0</ele></trkpt>
<trkpt lon="-4.815699" lat="43.233910"><ele>746.5</ele></trkpt>
<trkpt lon="-4.815691" lat="43.233883"><ele>745.75</ele></trkpt>
<trkpt lon="-4.815587" lat="43.233869"><ele>750.25</ele></trkpt>
<trkpt lon="-4.815523" lat="43.233816"><ele>750.5</ele></trkpt>
<trkpt lon="-4.815177" lat="43.233723"><ele>761.0</ele></trkpt>
<trkpt lon="-4.815116" lat="43.233723"><ele>763.5</ele></trkpt>
<trkpt lon="-4.814938" lat="43.233750"><ele>772.75</ele></trkpt>
<trkpt lon="-4.814825" lat="43.233725"><ele>776.5</ele></trkpt>
<trkpt lon="-4.814872" lat="43.233669"><ele>771.75</ele></trkpt>
<trkpt lon="-4.814843" lat="43.233646"><ele>771.75</ele></trkpt>
<trkpt lon="-4.814783" lat="43.233630"><ele>773.5</ele></trkpt>
<trkpt lon="-4.814571" lat="43.233606"><ele>780.75</ele></trkpt>
<trkpt lon="-4.814482" lat="43.233549"><ele>781.75</ele></trkpt>
<trkpt lon="-4.814406" lat="43.233522"><ele>784.25</ele></trkpt>
<trkpt lon="-4.814283" lat="43.233378"><ele>785.0</ele></trkpt>
<trkpt lon="-4.814201" lat="43.233311"><ele>788.5</ele></trkpt>
<trkpt lon="-4.814132" lat="43.233232"><ele>792.75</ele></trkpt>
<trkpt lon="-4.813983" lat="43.233044"><ele>798.5</ele></trkpt>
<trkpt lon="-4.813885" lat="43.233113"><ele>801.75</ele></trkpt>
<trkpt lon="-4.813776" lat="43.233026"><ele>805.0</ele></trkpt>
<trkpt lon="-4.813749" lat="43.232951"><ele>805.0</ele></trkpt>
<trkpt lon="-4.813662" lat="43.232931"><ele>807.75</ele></trkpt>
<trkpt lon="-4.813624" lat="43.232972"><ele>810.0</ele></trkpt>
<trkpt lon="-4.813607" lat="43.233041"><ele>811.75</ele></trkpt>
<trkpt lon="-4.813450" lat="43.232903"><ele>816.75</ele></trkpt>
<trkpt lon="-4.813386" lat="43.232886"><ele>819.0</ele></trkpt>
<trkpt lon="-4.813361" lat="43.232919"><ele>821.75</ele></trkpt>
<trkpt lon="-4.813354" lat="43.233001"><ele>826.0</ele></trkpt>
<trkpt lon="-4.813362" lat="43.233065"><ele>828.25</ele></trkpt>
<trkpt lon="-4.813359" lat="43.233302"><ele>832.0</ele></trkpt>
<trkpt lon="-4.813324" lat="43.233341"><ele>834.75</ele></trkpt>
<trkpt lon="-4.813257" lat="43.233298"><ele>837.25</ele></trkpt>
<trkpt lon="-4.813191" lat="43.233280"><ele>840.5</ele></trkpt>
<trkpt lon="-4.813167" lat="43.233268"><ele>841.5</ele></trkpt>
<trkpt lon="-4.813162" lat="43.233255"><ele>841.5</ele></trkpt>
<trkpt lon="-4.813184" lat="43.233239"><ele>840.25</ele></trkpt>
<trkpt lon="-4.813166" lat="43.233201"><ele>840.75</ele></trkpt>
<trkpt lon="-4.813095" lat="43.233161"><ele>844.0</ele></trkpt>
<trkpt lon="-4.812978" lat="43.233032"><ele>848.5</ele></trkpt>
<trkpt lon="-4.812878" lat="43.232993"><ele>852.25</ele></trkpt>
<trkpt lon="-4.812768" lat="43.232893"><ele>852.25</ele></trkpt>
<trkpt lon="-4.812727" lat="43.232881"><ele>852.75</ele></trkpt>
<trkpt lon="-4.812695" lat="43.232892"><ele>854.25</ele></trkpt>
<trkpt lon="-4.812702" lat="43.232926"><ele>856.0</ele></trkpt>
<trkpt lon="-4.812682" lat="43.232936"><ele>857.25</ele></trkpt>
<trkpt lon="-4.812588" lat="43.232928"><ele>859.5</ele></trkpt>
<trkpt lon="-4.812511" lat="43.232941"><ele>862.5</ele></trkpt>
<trkpt lon="-4.812463" lat="43.232976"><ele>866.25</ele></trkpt>
<trkpt lon="-4.812407" lat="43.232974"><ele>868.0</ele></trkpt>
<trkpt lon="-4.812352" lat="43.232952"><ele>868.75</ele></trkpt>
<trkpt lon="-4.812239" lat="43.232972"><ele>873.25</ele></trkpt>
<trkpt lon="-4.812118" lat="43.232982"><ele>878.0</ele></trkpt>
<trkpt lon="-4.812032" lat="43.232957"><ele>881.0</ele></trkpt>
<trkpt lon="-4.811990" lat="43.232969"><ele>882.75</ele></trkpt>
<trkpt lon="-4.811835" lat="43.232966"><ele>887.75</ele></trkpt>
<trkpt lon="-4.811819" lat="43.233008"><ele>887.75</ele></trkpt>
<trkpt lon="-4.811692" lat="43.232966"><ele>891.75</ele></trkpt>
<trkpt lon="-4.811641" lat="43.232938"><ele>892.75</ele></trkpt>
<trkpt lon="-4.811572" lat="43.232921"><ele>893.5</ele></trkpt>
<trkpt lon="-4.811300" lat="43.232898"><ele>895.75</ele></trkpt>
<trkpt lon="-4.810971" lat="43.232853"><ele>897.75</ele></trkpt>
<trkpt lon="-4.810899" lat="43.232857"><ele>898.75</ele></trkpt>
<trkpt lon="-4.810562" lat="43.232972"><ele>902.0</ele></trkpt>
<trkpt lon="-4.810189" lat="43.233045"><ele>903.25</ele></trkpt>
<trkpt lon="-4.809372" lat="43.233076"><ele>911.75</ele></trkpt>
<trkpt lon="-4.809101" lat="43.233062"><ele>916.25</ele></trkpt>
<trkpt lon="-4.809031" lat="43.233029"><ele>918.25</ele></trkpt>
<trkpt lon="-4.808991" lat="43.232992"><ele>919.5</ele></trkpt>
<trkpt lon="-4.808983" lat="43.232851"><ele>919.75</ele></trkpt>
<trkpt lon="-4.808927" lat="43.232838"><ele>922.5</ele></trkpt>
<trkpt lon="-4.808886" lat="43.232864"><ele>924.5</ele></trkpt>
<trkpt lon="-4.808858" lat="43.232935"><ele>925.25</ele></trkpt>
<trkpt lon="-4.808731" lat="43.233084"><ele>931.0</ele></trkpt>
<trkpt lon="-4.808673" lat="43.233108"><ele>933.75</ele></trkpt>
<trkpt lon="-4.808632" lat="43.233009"><ele>936.0</ele></trkpt>
<trkpt lon="-4.808638" lat="43.232922"><ele>936.0</ele></trkpt>
<trkpt lon="-4.808590" lat="43.232813"><ele>938.75</ele></trkpt>
<trkpt lon="-4.808539" lat="43.232652"><ele>943.5</ele></trkpt>
<trkpt lon="-4.808561" lat="43.232520"><ele>945.0</ele></trkpt>
<trkpt lon="-4.808548" lat="43.232459"><ele>945.0</ele></trkpt>
<trkpt lon="-4.808515" lat="43.232419"><ele>945.0</ele></trkpt>
<trkpt lon="-4.808456" lat="43.232396"><ele>945.5</ele></trkpt>
<trkpt lon="-4.808361" lat="43.232388"><ele>946.75</ele></trkpt>
<trkpt lon="-4.808178" lat="43.232422"><ele>951.75</ele></trkpt>
<trkpt lon="-4.807871" lat="43.232397"><ele>958.75</ele></trkpt>
<trkpt lon="-4.807786" lat="43.232353"><ele>959.25</ele></trkpt>
<trkpt lon="-4.807574" lat="43.232262"><ele>960.75</ele></trkpt>
<trkpt lon="-4.807294" lat="43.232193"><ele>965.0</ele></trkpt>
<trkpt lon="-4.807083" lat="43.232088"><ele>966.75</ele></trkpt>
<trkpt lon="-4.807005" lat="43.232065"><ele>968.0</ele></trkpt>
<trkpt lon="-4.806946" lat="43.232071"><ele>969.75</ele></trkpt>
<trkpt lon="-4.806804" lat="43.232135"><ele>972.0</ele></trkpt>
<trkpt lon="-4.806724" lat="43.232174"><ele>973.75</ele></trkpt>
<trkpt lon="-4.806383" lat="43.232368"><ele>982.75</ele></trkpt>
<trkpt lon="-4.806084" lat="43.232469"><ele>983.0</ele></trkpt>
<trkpt lon="-4.805960" lat="43.232549"><ele>988.5</ele></trkpt>
<trkpt lon="-4.805798" lat="43.232632"><ele>995.75</ele></trkpt>
<trkpt lon="-4.805537" lat="43.232752"><ele>1000.0</ele></trkpt>
<trkpt lon="-4.805302" lat="43.232798"><ele>1002.5</ele></trkpt>
<trkpt lon="-4.805183" lat="43.232813"><ele>1006.5</ele></trkpt>
<trkpt lon="-4.805007" lat="43.232755"><ele>1004.5</ele></trkpt>
<trkpt lon="-4.804898" lat="43.232732"><ele>1007.25</ele></trkpt>
<trkpt lon="-4.804770" lat="43.232692"><ele>1010.25</ele></trkpt>
<trkpt lon="-4.804628" lat="43.232704"><ele>1014.25</ele></trkpt>
<trkpt lon="-4.804522" lat="43.232706"><ele>1017.0</ele></trkpt>
<trkpt lon="-4.804466" lat="43.232667"><ele>1018.25</ele></trkpt>
<trkpt lon="-4.804419" lat="43.232646"><ele>1019.5</ele></trkpt>
<trkpt lon="-4.804389" lat="43.232633"><ele>1020.25</ele></trkpt>
<trkpt lon="-4.804469" lat="43.232548"><ele>1018.0</ele></trkpt>
<trkpt lon="-4.804582" lat="43.232464"><ele>1015.25</ele></trkpt>
<trkpt lon="-4.804701" lat="43.232362"><ele>1015.0</ele></trkpt>
<trkpt lon="-4.804746" lat="43.232258"><ele>1017.75</ele></trkpt>
<trkpt lon="-4.804787" lat="43.232133"><ele>1020.0</ele></trkpt>
<trkpt lon="-4.804747" lat="43.232085"><ele>1022.25</ele></trkpt>
<trkpt lon="-4.804671" lat="43.232048"><ele>1025.25</ele></trkpt>
<trkpt lon="-4.804628" lat="43.232044"><ele>1026.75</ele></trkpt>
<trkpt lon="-4.804426" lat="43.232128"><ele>1031.5</ele></trkpt>
<trkpt lon="-4.804345" lat="43.232105"><ele>1035.0</ele></trkpt>
<trkpt lon="-4.804179" lat="43.232157"><ele>1039.75</ele></trkpt>
<trkpt lon="-4.803999" lat="43.232326"><ele>1042.0</ele></trkpt>
<trkpt lon="-4.803870" lat="43.232314"><ele>1048.25</ele></trkpt>
<trkpt lon="-4.803556" lat="43.232481"><ele>1058.25</ele></trkpt>
<trkpt lon="-4.803299" lat="43.232679"><ele>1055.0</ele></trkpt>
<trkpt lon="-4.803009" lat="43.232746"><ele>1062.0</ele></trkpt>
<trkpt lon="-4.802828" lat="43.232860"><ele>1066.5</ele></trkpt>
<trkpt lon="-4.802546" lat="43.232952"><ele>1071.75</ele></trkpt>
<trkpt lon="-4.802568" lat="43.232959"><ele>1071.25</ele></trkpt>
<trkpt lon="-4.802627" lat="43.232975"><ele>1069.75</ele></trkpt>
<trkpt lon="-4.802676" lat="43.233015"><ele>1068.5</ele></trkpt>
<trkpt lon="-4.802825" lat="43.233107"><ele>1068.25</ele></trkpt>
<trkpt lon="-4.802895" lat="43.233125"><ele>1068.0</ele></trkpt>
<trkpt lon="-4.802949" lat="43.233156"><ele>1068.75</ele></trkpt>
<trkpt lon="-4.803005" lat="43.233209"><ele>1070.75</ele></trkpt>
<trkpt lon="-4.803062" lat="43.233233"><ele>1071.0</ele></trkpt>
<trkpt lon="-4.803083" lat="43.233287"><ele>1073.5</ele></trkpt>
<trkpt lon="-4.803126" lat="43.233329"><ele>1074.5</ele></trkpt>
<trkpt lon="-4.803139" lat="43.233379"><ele>1077.75</ele></trkpt>
<trkpt lon="-4.803085" lat="43.233352"><ele>1077.25</ele></trkpt>
<trkpt lon="-4.803025" lat="43.233342"><ele>1078.25</ele></trkpt>
<trkpt lon="-4.802972" lat="43.233377"><ele>1081.75</ele></trkpt>
<trkpt lon="-4.802868" lat="43.233383"><ele>1084.5</ele></trkpt>
<trkpt lon="-4.802740" lat="43.233356"><ele>1085.75</ele></trkpt>
<trkpt lon="-4.802550" lat="43.233356"><ele>1089.25</ele></trkpt>
<trkpt lon="-4.802333" lat="43.233369"><ele>1092.75</ele></trkpt>
<trkpt lon="-4.802217" lat="43.233362"><ele>1093.5</ele></trkpt>
<trkpt lon="-4.802130" lat="43.233364"><ele>1095.0</ele></trkpt>
<trkpt lon="-4.801977" lat="43.233406"><ele>1099.5</ele></trkpt>
<trkpt lon="-4.801903" lat="43.233397"><ele>1099.75</ele></trkpt>
<trkpt lon="-4.801613" lat="43.233486"><ele>1107.25</ele></trkpt>
<trkpt lon="-4.801539" lat="43.233500"><ele>1108.75</ele></trkpt>
<trkpt lon="-4.801447" lat="43.233483"><ele>1108.5</ele></trkpt>
<trkpt lon="-4.801399" lat="43.233462"><ele>1107.75</ele></trkpt>
<trkpt lon="-4.801254" lat="43.233444"><ele>1107.75</ele></trkpt>
<trkpt lon="-4.801152" lat="43.233474"><ele>1110.75</ele></trkpt>
<trkpt lon="-4.801014" lat="43.233499"><ele>1114.5</ele></trkpt>
<trkpt lon="-4.800928" lat="43.233497"><ele>1116.0</ele></trkpt>
<trkpt lon="-4.800839" lat="43.233521"><ele>1119.0</ele></trkpt>
<trkpt lon="-4.800638" lat="43.233540"><ele>1121.75</ele></trkpt>
<trkpt lon="-4.800494" lat="43.233535"><ele>1122.75</ele></trkpt>
<trkpt lon="-4.800446" lat="43.233560"><ele>1123.0</ele></trkpt>
<trkpt lon="-4.800097" lat="43.233630"><ele>1123.0</ele></trkpt>
<trkpt lon="-4.800056" lat="43.233618"><ele>1122.75</ele></trkpt>
<trkpt lon="-4.800055" lat="43.233611"><ele>1122.75</ele></trkpt>
<trkpt lon="-4.800054" lat="43.233551"><ele>1124.25</ele></trkpt>
<trkpt lon="-4.800000" lat="43.233561"><ele>1124.25</ele></trkpt>
<trkpt lon="-4.799933" lat="43.233605"><ele>1124.5</ele></trkpt>
<trkpt lon="-4.799762" lat="43.233627"><ele>1127.75</ele></trkpt>
<trkpt lon="-4.799286" lat="43.233767"><ele>1126.75</ele></trkpt>
<trkpt lon="-4.799098" lat="43.233807"><ele>1126.25</ele></trkpt>
<trkpt lon="-4.798991" lat="43.233857"><ele>1125.75</ele></trkpt>
<trkpt lon="-4.798940" lat="43.233881"><ele>1125.75</ele></trkpt>
<trkpt lon="-4.798873" lat="43.233903"><ele>1126.5</ele></trkpt>
<trkpt lon="-4.798793" lat="43.233913"><ele>1127.25</ele></trkpt>
<trkpt lon="-4.798587" lat="43.233974"><ele>1131.25</ele></trkpt>
<trkpt lon="-4.798541" lat="43.233994"><ele>1132.75</ele></trkpt>
<trkpt lon="-4.798478" lat="43.234002"><ele>1134.0</ele></trkpt>
<trkpt lon="-4.798363" lat="43.233981"><ele>1134.5</ele></trkpt>
<trkpt lon="-4.798263" lat="43.234006"><ele>1136.75</ele></trkpt>
<trkpt lon="-4.798202" lat="43.234005"><ele>1137.25</ele></trkpt>
<trkpt lon="-4.798028" lat="43.234041"><ele>1140.75</ele></trkpt>
<trkpt lon="-4.797914" lat="43.234058"><ele>1142.5</ele></trkpt>
<trkpt lon="-4.797799" lat="43.234026"><ele>1142.5</ele></trkpt>
<trkpt lon="-4.797681" lat="43.234006"><ele>1143.75</ele></trkpt>
<trkpt lon="-4.797465" lat="43.233987"><ele>1147.0</ele></trkpt>
<trkpt lon="-4.797336" lat="43.233964"><ele>1148.5</ele></trkpt>
<trkpt lon="-4.797246" lat="43.233970"><ele>1150.25</ele></trkpt>
<trkpt lon="-4.797111" lat="43.233965"><ele>1152.75</ele></trkpt>
<trkpt lon="-4.796980" lat="43.233974"><ele>1155.5</ele></trkpt>
<trkpt lon="-4.796698" lat="43.233954"><ele>1160.0</ele></trkpt>
<trkpt lon="-4.796627" lat="43.233961"><ele>1161.5</ele></trkpt>
<trkpt lon="-4.796570" lat="43.233980"><ele>1163.25</ele></trkpt>
<trkpt lon="-4.796535" lat="43.233993"><ele>1164.25</ele></trkpt>
<trkpt lon="-4.796471" lat="43.233995"><ele>1165.5</ele></trkpt>
<trkpt lon="-4.796350" lat="43.233960"><ele>1166.25</ele></trkpt>
<trkpt lon="-4.796238" lat="43.233942"><ele>1167.25</ele></trkpt>
<trkpt lon="-4.796169" lat="43.233941"><ele>1168.25</ele></trkpt>
<trkpt lon="-4.796044" lat="43.233914"><ele>1169.25</ele></trkpt>
<trkpt lon="-4.795640" lat="43.233782"><ele>1172.25</ele></trkpt>
<trkpt lon="-4.795588" lat="43.233747"><ele>1172.25</ele></trkpt>
<trkpt lon="-4.795447" lat="43.233709"><ele>1173.25</ele></trkpt>
<trkpt lon="-4.795406" lat="43.233669"><ele>1172.75</ele></trkpt>
<trkpt lon="-4.795304" lat="43.233659"><ele>1174.25</ele></trkpt>
<trkpt lon="-4.795116" lat="43.233588"><ele>1175.75</ele></trkpt>
<trkpt lon="-4.794940" lat="43.233537"><ele>1177.5</ele></trkpt>
<trkpt lon="-4.794884" lat="43.233513"><ele>1177.5</ele></trkpt>
<trkpt lon="-4.794732" lat="43.233482"><ele>1179.0</ele></trkpt>
<trkpt lon="-4.794613" lat="43.233427"><ele>1179.75</ele></trkpt>
<trkpt lon="-4.794402" lat="43.233348"><ele>1181.75</ele></trkpt>
<trkpt lon="-4.794297" lat="43.233319"><ele>1182.5</ele></trkpt>
<trkpt lon="-4.794208" lat="43.233259"><ele>1182.0</ele></trkpt>
<trkpt lon="-4.794056" lat="43.233190"><ele>1183.25</ele></trkpt>
<trkpt lon="-4.793872" lat="43.233085"><ele>1184.25</ele></trkpt>
<trkpt lon="-4.793738" lat="43.232957"><ele>1182.75</ele></trkpt>
<trkpt lon="-4.793336" lat="43.232792"><ele>1182.5</ele></trkpt>
<trkpt lon="-4.793194" lat="43.232784"><ele>1184.25</ele></trkpt>
<trkpt lon="-4.793127" lat="43.232740"><ele>1183.5</ele></trkpt>
<trkpt lon="-4.793079" lat="43.232732"><ele>1183.75</ele></trkpt>
<trkpt lon="-4.792991" lat="43.232690"><ele>1183.0</ele></trkpt>
<trkpt lon="-4.792879" lat="43.232664"><ele>1183.0</ele></trkpt>
<trkpt lon="-4.792645" lat="43.232634"><ele>1183.5</ele></trkpt>
<trkpt lon="-4.792541" lat="43.232591"><ele>1182.25</ele></trkpt>
<trkpt lon="-4.792445" lat="43.232577"><ele>1182.0</ele></trkpt>
<trkpt lon="-4.792353" lat="43.232579"><ele>1182.75</ele></trkpt>
<trkpt lon="-4.792242" lat="43.232561"><ele>1182.25</ele></trkpt>
<trkpt lon="-4.792114" lat="43.232526"><ele>1181.5</ele></trkpt>
<trkpt lon="-4.791901" lat="43.232498"><ele>1181.75</ele></trkpt>
<trkpt lon="-4.791635" lat="43.232531"><ele>1183.75</ele></trkpt>
<trkpt lon="-4.791413" lat="43.232544"><ele>1185.75</ele></trkpt>
<trkpt lon="-4.791277" lat="43.232534"><ele>1185.75</ele></trkpt>
<trkpt lon="-4.790943" lat="43.232531"><ele>1187.0</ele></trkpt>
<trkpt lon="-4.790725" lat="43.232561"><ele>1189.75</ele></trkpt>
<trkpt lon="-4.790648" lat="43.232553"><ele>1189.75</ele></trkpt>
<trkpt lon="-4.790578" lat="43.232525"><ele>1189.0</ele></trkpt>
<trkpt lon="-4.790291" lat="43.232581"><ele>1192.5</ele></trkpt>
<trkpt lon="-4.790204" lat="43.232617"><ele>1194.5</ele></trkpt>
<trkpt lon="-4.789866" lat="43.232643"><ele>1196.25</ele></trkpt>
<trkpt lon="-4.789784" lat="43.232632"><ele>1196.0</ele></trkpt>
<trkpt lon="-4.789744" lat="43.232647"><ele>1196.75</ele></trkpt>
<trkpt lon="-4.789629" lat="43.232663"><ele>1198.25</ele></trkpt>
<trkpt lon="-4.789526" lat="43.232691"><ele>1200.25</ele></trkpt>
<trkpt lon="-4.789363" lat="43.232640"><ele>1200.25</ele></trkpt>
<trkpt lon="-4.789260" lat="43.232635"><ele>1201.25</ele></trkpt>
<trkpt lon="-4.789181" lat="43.232621"><ele>1201.75</ele></trkpt>
<trkpt lon="-4.788969" lat="43.232613"><ele>1202.75</ele></trkpt>
<trkpt lon="-4.788766" lat="43.232627"><ele>1205.0</ele></trkpt>
<trkpt lon="-4.788536" lat="43.232569"><ele>1206.0</ele></trkpt>
<trkpt lon="-4.788314" lat="43.232545"><ele>1207.75</ele></trkpt>
<trkpt lon="-4.788171" lat="43.232552"><ele>1209.75</ele></trkpt>
<trkpt lon="-4.788046" lat="43.232559"><ele>1211.25</ele></trkpt>
<trkpt lon="-4.787980" lat="43.232548"><ele>1211.75</ele></trkpt>
<trkpt lon="-4.787517" lat="43.232664"><ele>1216.25</ele></trkpt>
<trkpt lon="-4.787112" lat="43.232732"><ele>1218.75</ele></trkpt>
<trkpt lon="-4.786755" lat="43.232781"><ele>1218.25</ele></trkpt>
<trkpt lon="-4.786706" lat="43.232788"><ele>1218.0</ele></trkpt>
<trkpt lon="-4.786289" lat="43.232774"><ele>1214.75</ele></trkpt>
<trkpt lon="-4.785852" lat="43.232913"><ele>1207.75</ele></trkpt>
<trkpt lon="-4.785818" lat="43.232967"><ele>1206.5</ele></trkpt>
<trkpt lon="-4.785768" lat="43.233093"><ele>1205.25</ele></trkpt>
<trkpt lon="-4.785666" lat="43.233151"><ele>1205.0</ele></trkpt>
<trkpt lon="-4.785388" lat="43.233200"><ele>1201.25</ele></trkpt>
<trkpt lon="-4.784957" lat="43.233402"><ele>1197.5</ele></trkpt>
<trkpt lon="-4.784782" lat="43.233457"><ele>1196.0</ele></trkpt>
<trkpt lon="-4.784488" lat="43.233515"><ele>1194.0</ele></trkpt>
<trkpt lon="-4.784416" lat="43.233505"><ele>1192.75</ele></trkpt>
<trkpt lon="-4.784108" lat="43.233587"><ele>1192.25</ele></trkpt>
<trkpt lon="-4.783877" lat="43.233627"><ele>1191.25</ele></trkpt>
<trkpt lon="-4.783723" lat="43.233639"><ele>1190.0</ele></trkpt>
<trkpt lon="-4.783619" lat="43.233588"><ele>1187.0</ele></trkpt>
<trkpt lon="-4.783548" lat="43.233585"><ele>1186.0</ele></trkpt>
<trkpt lon="-4.783147" lat="43.233532"><ele>1181.0</ele></trkpt>
<trkpt lon="-4.782896" lat="43.233458"><ele>1176.5</ele></trkpt>
<trkpt lon="-4.782784" lat="43.233459"><ele>1175.5</ele></trkpt>
<trkpt lon="-4.782648" lat="43.233481"><ele>1174.5</ele></trkpt>
<trkpt lon="-4.782477" lat="43.233496"><ele>1173.0</ele></trkpt>
<trkpt lon="-4.782339" lat="43.233443"><ele>1169.75</ele></trkpt>
<trkpt lon="-4.782257" lat="43.233456"><ele>1169.25</ele></trkpt>
<trkpt lon="-4.782104" lat="43.233504"><ele>1169.5</ele></trkpt>
<trkpt lon="-4.782062" lat="43.233500"><ele>1169.0</ele></trkpt>
<trkpt lon="-4.782028" lat="43.233497"><ele>1168.75</ele></trkpt>
<trkpt lon="-4.781959" lat="43.233455"><ele>1167.0</ele></trkpt>
<trkpt lon="-4.781841" lat="43.233352"><ele>1163.75</ele></trkpt>
<trkpt lon="-4.781691" lat="43.233303"><ele>1162.5</ele></trkpt>
<trkpt lon="-4.781597" lat="43.233294"><ele>1161.25</ele></trkpt>
<trkpt lon="-4.781448" lat="43.233307"><ele>1159.75</ele></trkpt>
<trkpt lon="-4.781325" lat="43.233330"><ele>1158.75</ele></trkpt>
<trkpt lon="-4.781277" lat="43.233318"><ele>1157.75</ele></trkpt>
<trkpt lon="-4.781181" lat="43.233268"><ele>1154.5</ele></trkpt>
<trkpt lon="-4.781107" lat="43.233247"><ele>1152.75</ele></trkpt>
<trkpt lon="-4.781052" lat="43.233250"><ele>1152.25</ele></trkpt>
<trkpt lon="-4.780983" lat="43.233240"><ele>1151.0</ele></trkpt>
<trkpt lon="-4.780954" lat="43.233214"><ele>1149.75</ele></trkpt>
<trkpt lon="-4.780960" lat="43.233154"><ele>1148.0</ele></trkpt>
<trkpt lon="-4.780866" lat="43.233119"><ele>1146.0</ele></trkpt>
<trkpt lon="-4.780663" lat="43.233092"><ele>1143.0</ele></trkpt>
<trkpt lon="-4.780549" lat="43.233067"><ele>1141.0</ele></trkpt>
<trkpt lon="-4.780318" lat="43.232915"><ele>1137.0</ele></trkpt>
<trkpt lon="-4.780175" lat="43.232868"><ele>1135.0</ele></trkpt>
<trkpt lon="-4.780068" lat="43.232816"><ele>1132.75</ele></trkpt>
<trkpt lon="-4.779963" lat="43.232746"><ele>1130.0</ele></trkpt>
<trkpt lon="-4.779897" lat="43.232680"><ele>1128.25</ele></trkpt>
<trkpt lon="-4.779757" lat="43.232611"><ele>1126.0</ele></trkpt>
<trkpt lon="-4.779685" lat="43.232541"><ele>1124.75</ele></trkpt>
<trkpt lon="-4.779515" lat="43.232522"><ele>1123.0</ele></trkpt>
<trkpt lon="-4.779384" lat="43.232523"><ele>1121.75</ele></trkpt>
<trkpt lon="-4.779163" lat="43.232698"><ele>1122.75</ele></trkpt>
<trkpt lon="-4.779058" lat="43.232750"><ele>1122.25</ele></trkpt>
<trkpt lon="-4.778957" lat="43.232778"><ele>1121.5</ele></trkpt>
<trkpt lon="-4.778581" lat="43.232814"><ele>1118.25</ele></trkpt>
<trkpt lon="-4.778401" lat="43.232838"><ele>1115.75</ele></trkpt>
<trkpt lon="-4.777908" lat="43.232891"><ele>1112.0</ele></trkpt>
<trkpt lon="-4.777496" lat="43.232918"><ele>1110.0</ele></trkpt>
<trkpt lon="-4.776828" lat="43.232877"><ele>1104.25</ele></trkpt>
<trkpt lon="-4.776742" lat="43.232884"><ele>1103.5</ele></trkpt>
<trkpt lon="-4.776702" lat="43.232894"><ele>1103.25</ele></trkpt>
<trkpt lon="-4.776655" lat="43.232925"><ele>1103.25</ele></trkpt>
<trkpt lon="-4.776605" lat="43.232990"><ele>1102.75</ele></trkpt>
<trkpt lon="-4.776537" lat="43.233112"><ele>1102.25</ele></trkpt>
<trkpt lon="-4.776486" lat="43.233161"><ele>1101.5</ele></trkpt>
<trkpt lon="-4.776331" lat="43.233257"><ele>1099.0</ele></trkpt>
<trkpt lon="-4.776126" lat="43.233356"><ele>1097.25</ele></trkpt>
<trkpt lon="-4.775956" lat="43.233421"><ele>1097.0</ele></trkpt>
<trkpt lon="-4.775528" lat="43.233559"><ele>1092.5</ele></trkpt>
<trkpt lon="-4.775297" lat="43.233617"><ele>1089.5</ele></trkpt>
<trkpt lon="-4.774265" lat="43.233785"><ele>1079.5</ele></trkpt>
<trkpt lon="-4.774004" lat="43.233822"><ele>1077.75</ele></trkpt>
<trkpt lon="-4.773634" lat="43.233850"><ele>1075.25</ele></trkpt>
<trkpt lon="-4.773450" lat="43.233857"><ele>1074.25</ele></trkpt>
<trkpt lon="-4.773359" lat="43.233857"><ele>1073.75</ele></trkpt>
<trkpt lon="-4.773044" lat="43.233837"><ele>1070.75</ele></trkpt>
<trkpt lon="-4.772796" lat="43.233801"><ele>1068.5</ele></trkpt>
<trkpt lon="-4.772363" lat="43.233726"><ele>1064.25</ele></trkpt>
<trkpt lon="-4.772111" lat="43.233664"><ele>1060.75</ele></trkpt>
<trkpt lon="-4.771831" lat="43.233590"><ele>1056.75</ele></trkpt>
<trkpt lon="-4.771314" lat="43.233486"><ele>1052.5</ele></trkpt>
<trkpt lon="-4.771177" lat="43.233441"><ele>1050.5</ele></trkpt>
<trkpt lon="-4.770910" lat="43.233326"><ele>1046.5</ele></trkpt>
<trkpt lon="-4.770507" lat="43.233228"><ele>1043.5</ele></trkpt>
<trkpt lon="-4.770449" lat="43.233211"><ele>1043.0</ele></trkpt>
<trkpt lon="-4.770414" lat="43.233184"><ele>1042.0</ele></trkpt>
<trkpt lon="-4.770351" lat="43.232970"><ele>1038.25</ele></trkpt>
<trkpt lon="-4.770331" lat="43.232935"><ele>1039.0</ele></trkpt>
<trkpt lon="-4.770297" lat="43.232907"><ele>1039.5</ele></trkpt>
<trkpt lon="-4.769817" lat="43.232781"><ele>1037.25</ele></trkpt>
<trkpt lon="-4.769613" lat="43.232704"><ele>1038.75</ele></trkpt>
<trkpt lon="-4.769361" lat="43.232628"><ele>1040.25</ele></trkpt>
<trkpt lon="-4.769218" lat="43.232605"><ele>1039.75</ele></trkpt>
<trkpt lon="-4.769134" lat="43.232598"><ele>1039.0</ele></trkpt>
<trkpt lon="-4.768783" lat="43.232612"><ele>1035.25</ele></trkpt>
<trkpt lon="-4.768724" lat="43.232608"><ele>1034.75</ele></trkpt>
<trkpt lon="-4.768399" lat="43.232521"><ele>1035.25</ele></trkpt>
<trkpt lon="-4.768214" lat="43.232485"><ele>1035.5</ele></trkpt>
<trkpt lon="-4.767947" lat="43.232440"><ele>1034.75</ele></trkpt>
<trkpt lon="-4.767642" lat="43.232408"><ele>1032.75</ele></trkpt>
<trkpt lon="-4.767530" lat="43.232375"><ele>1032.25</ele></trkpt>
<trkpt lon="-4.767372" lat="43.232309"><ele>1030.5</ele></trkpt>
<trkpt lon="-4.767283" lat="43.232281"><ele>1029.25</ele></trkpt>
<trkpt lon="-4.767217" lat="43.232265"><ele>1028.5</ele></trkpt>
<trkpt lon="-4.766738" lat="43.232182"><ele>1028.0</ele></trkpt>
<trkpt lon="-4.766622" lat="43.232155"><ele>1027.5</ele></trkpt>
<trkpt lon="-4.766496" lat="43.232114"><ele>1026.5</ele></trkpt>
<trkpt lon="-4.766452" lat="43.232091"><ele>1026.75</ele></trkpt>
<trkpt lon="-4.766327" lat="43.232006"><ele>1027.5</ele></trkpt>
<trkpt lon="-4.766259" lat="43.231971"><ele>1027.5</ele></trkpt>
<trkpt lon="-4.765673" lat="43.231825"><ele>1027.25</ele></trkpt>
<trkpt lon="-4.765344" lat="43.231804"><ele>1028.25</ele></trkpt>
<trkpt lon="-4.764759" lat="43.231797"><ele>1029.75</ele></trkpt>
<trkpt lon="-4.764617" lat="43.231803"><ele>1030.0</ele></trkpt>
<trkpt lon="-4.764271" lat="43.231846"><ele>1030.25</ele></trkpt>
<trkpt lon="-4.763990" lat="43.231869"><ele>1030.75</ele></trkpt>
<trkpt lon="-4.763930" lat="43.231868"><ele>1030.75</ele></trkpt>
<trkpt lon="-4.763878" lat="43.231855"><ele>1031.0</ele></trkpt>
<trkpt lon="-4.763735" lat="43.231827"><ele>1030.25</ele></trkpt>
<trkpt lon="-4.763643" lat="43.231790"><ele>1029.25</ele></trkpt>
<trkpt lon="-4.762973" lat="43.231678"><ele>1012.75</ele></trkpt>
<trkpt lon="-4.762713" lat="43.231617"><ele>1007.75</ele></trkpt>
<trkpt lon="-4.762428" lat="43.231482"><ele>1002.5</ele></trkpt>
<trkpt lon="-4.762352" lat="43.231470"><ele>1000.75</ele></trkpt>
<trkpt lon="-4.762289" lat="43.231451"><ele>999.5</ele></trkpt>
<trkpt lon="-4.762124" lat="43.231378"><ele>996.75</ele></trkpt>
<trkpt lon="-4.762079" lat="43.231349"><ele>995.75</ele></trkpt>
<trkpt lon="-4.761999" lat="43.231314"><ele>994.0</ele></trkpt>
<trkpt lon="-4.761953" lat="43.231283"><ele>992.75</ele></trkpt>
<trkpt lon="-4.761881" lat="43.231260"><ele>991.25</ele></trkpt>
<trkpt lon="-4.761826" lat="43.231247"><ele>990.0</ele></trkpt>
<trkpt lon="-4.761777" lat="43.231214"><ele>989.25</ele></trkpt>
<trkpt lon="-4.761694" lat="43.231179"><ele>987.75</ele></trkpt>
<trkpt lon="-4.761568" lat="43.231139"><ele>985.25</ele></trkpt>
<trkpt lon="-4.761465" lat="43.231080"><ele>983.0</ele></trkpt>
<trkpt lon="-4.761417" lat="43.230980"><ele>982.75</ele></trkpt>
<trkpt lon="-4.761378" lat="43.230932"><ele>982.75</ele></trkpt>
<trkpt lon="-4.761330" lat="43.230924"><ele>982.0</ele></trkpt>
<trkpt lon="-4.761279" lat="43.230943"><ele>980.75</ele></trkpt>
<trkpt lon="-4.761195" lat="43.230937"><ele>979.5</ele></trkpt>
<trkpt lon="-4.761040" lat="43.230959"><ele>977.25</ele></trkpt>
<trkpt lon="-4.760367" lat="43.230996"><ele>973.0</ele></trkpt>
<trkpt lon="-4.760219" lat="43.230982"><ele>971.25</ele></trkpt>
<trkpt lon="-4.760055" lat="43.230928"><ele>968.25</ele></trkpt>
<trkpt lon="-4.759841" lat="43.230814"><ele>964.0</ele></trkpt>
<trkpt lon="-4.759447" lat="43.230656"><ele>954.0</ele></trkpt>
<trkpt lon="-4.759355" lat="43.230592"><ele>953.25</ele></trkpt>
<trkpt lon="-4.759331" lat="43.230558"><ele>953.75</ele></trkpt>
<trkpt lon="-4.759310" lat="43.230551"><ele>953.25</ele></trkpt>
<trkpt lon="-4.759289" lat="43.230522"><ele>953.0</ele></trkpt>
<trkpt lon="-4.759227" lat="43.230507"><ele>950.75</ele></trkpt>
<trkpt lon="-4.759199" lat="43.230492"><ele>949.75</ele></trkpt>
<trkpt lon="-4.759163" lat="43.230543"><ele>947.75</ele></trkpt>
<trkpt lon="-4.759123" lat="43.230550"><ele>946.75</ele></trkpt>
<trkpt lon="-4.759009" lat="43.230555"><ele>944.0</ele></trkpt>
<trkpt lon="-4.758988" lat="43.230551"><ele>943.25</ele></trkpt>
<trkpt lon="-4.758978" lat="43.230543"><ele>942.75</ele></trkpt>
<trkpt lon="-4.758999" lat="43.230513"><ele>943.0</ele></trkpt>
<trkpt lon="-4.759033" lat="43.230488"><ele>943.75</ele></trkpt>
<trkpt lon="-4.759031" lat="43.230461"><ele>943.25</ele></trkpt>
<trkpt lon="-4.759001" lat="43.230398"><ele>941.0</ele></trkpt>
<trkpt lon="-4.758962" lat="43.230435"><ele>940.0</ele></trkpt>
<trkpt lon="-4.758920" lat="43.230461"><ele>939.0</ele></trkpt>
<trkpt lon="-4.758859" lat="43.230474"><ele>936.25</ele></trkpt>
<trkpt lon="-4.758852" lat="43.230442"><ele>935.0</ele></trkpt>
<trkpt lon="-4.758856" lat="43.230413"><ele>934.25</ele></trkpt>
<trkpt lon="-4.758843" lat="43.230375"><ele>932.25</ele></trkpt>
<trkpt lon="-4.758816" lat="43.230340"><ele>929.75</ele></trkpt>
<trkpt lon="-4.758796" lat="43.230296"><ele>927.25</ele></trkpt>
<trkpt lon="-4.758807" lat="43.230259"><ele>927.0</ele></trkpt>
<trkpt lon="-4.758780" lat="43.230249"><ele>925.5</ele></trkpt>
<trkpt lon="-4.758732" lat="43.230278"><ele>923.5</ele></trkpt>
<trkpt lon="-4.758712" lat="43.230321"><ele>923.25</ele></trkpt>
<trkpt lon="-4.758641" lat="43.230429"><ele>921.5</ele></trkpt>
<trkpt lon="-4.758641" lat="43.230447"><ele>921.75</ele></trkpt>
<trkpt lon="-4.758573" lat="43.230492"><ele>919.5</ele></trkpt>
<trkpt lon="-4.758547" lat="43.230489"><ele>918.75</ele></trkpt>
<trkpt lon="-4.758523" lat="43.230479"><ele>917.75</ele></trkpt>
<trkpt lon="-4.758500" lat="43.230458"><ele>916.5</ele></trkpt>
<trkpt lon="-4.758485" lat="43.230432"><ele>915.5</ele></trkpt>
<trkpt lon="-4.758477" lat="43.230375"><ele>913.75</ele></trkpt>
<trkpt lon="-4.758435" lat="43.230316"><ele>910.75</ele></trkpt>
<trkpt lon="-4.758403" lat="43.230232"><ele>908.0</ele></trkpt>
<trkpt lon="-4.758417" lat="43.229972"><ele>905.0</ele></trkpt>
<trkpt lon="-4.758384" lat="43.229884"><ele>902.25</ele></trkpt>
<trkpt lon="-4.758277" lat="43.229788"><ele>897.25</ele></trkpt>
<trkpt lon="-4.758242" lat="43.229759"><ele>896.0</ele></trkpt>
<trkpt lon="-4.758230" lat="43.229709"><ele>895.0</ele></trkpt>
<trkpt lon="-4.758237" lat="43.229468"><ele>892.0</ele></trkpt>
<trkpt lon="-4.758196" lat="43.229276"><ele>891.5</ele></trkpt>
<trkpt lon="-4.758083" lat="43.229112"><ele>890.25</ele></trkpt>
<trkpt lon="-4.757928" lat="43.228926"><ele>889.5</ele></trkpt>
<trkpt lon="-4.757880" lat="43.228886"><ele>889.0</ele></trkpt>
<trkpt lon="-4.757835" lat="43.228778"><ele>887.0</ele></trkpt>
<trkpt lon="-4.757835" lat="43.228613"><ele>885.25</ele></trkpt>
<trkpt lon="-4.757820" lat="43.228563"><ele>885.25</ele></trkpt>
<trkpt lon="-4.757769" lat="43.228469"><ele>884.5</ele></trkpt>
<trkpt lon="-4.757609" lat="43.228295"><ele>880.25</ele></trkpt>
<trkpt lon="-4.757524" lat="43.228192"><ele>878.0</ele></trkpt>
<trkpt lon="-4.757416" lat="43.228040"><ele>877.25</ele></trkpt>
<trkpt lon="-4.757345" lat="43.227970"><ele>877.0</ele></trkpt>
<trkpt lon="-4.757298" lat="43.227937"><ele>876.5</ele></trkpt>
<trkpt lon="-4.757113" lat="43.227842"><ele>874.0</ele></trkpt>
<trkpt lon="-4.756842" lat="43.227741"><ele>870.25</ele></trkpt>
<trkpt lon="-4.756734" lat="43.227679"><ele>868.5</ele></trkpt>
<trkpt lon="-4.756659" lat="43.227609"><ele>867.75</ele></trkpt>
<trkpt lon="-4.756577" lat="43.227515"><ele>867.0</ele></trkpt>
<trkpt lon="-4.756550" lat="43.227463"><ele>866.75</ele></trkpt>
<trkpt lon="-4.756512" lat="43.227337"><ele>865.75</ele></trkpt>
<trkpt lon="-4.756501" lat="43.227242"><ele>865.75</ele></trkpt>
<trkpt lon="-4.756503" lat="43.227123"><ele>865.0</ele></trkpt>
<trkpt lon="-4.756494" lat="43.227044"><ele>864.0</ele></trkpt>
<trkpt lon="-4.756442" lat="43.226919"><ele>863.5</ele></trkpt>
<trkpt lon="-4.756450" lat="43.226849"><ele>864.75</ele></trkpt>
<trkpt lon="-4.756376" lat="43.226776"><ele>866.75</ele></trkpt>
<trkpt lon="-4.756351" lat="43.226793"><ele>867.0</ele></trkpt>
<trkpt lon="-4.756306" lat="43.226799"><ele>868.0</ele></trkpt>
<trkpt lon="-4.756283" lat="43.226796"><ele>868.75</ele></trkpt>
<trkpt lon="-4.756246" lat="43.226829"><ele>869.0</ele></trkpt>
<trkpt lon="-4.756205" lat="43.226830"><ele>869.75</ele></trkpt>
<trkpt lon="-4.756154" lat="43.226859"><ele>870.25</ele></trkpt>
<trkpt lon="-4.756138" lat="43.226860"><ele>870.75</ele></trkpt>
<trkpt lon="-4.756129" lat="43.226851"><ele>871.25</ele></trkpt>
<trkpt lon="-4.756086" lat="43.226859"><ele>872.25</ele></trkpt>
<trkpt lon="-4.756062" lat="43.226892"><ele>872.5</ele></trkpt>
<trkpt lon="-4.756012" lat="43.226894"><ele>874.5</ele></trkpt>
<trkpt lon="-4.755995" lat="43.226907"><ele>874.75</ele></trkpt>
<trkpt lon="-4.755984" lat="43.226931"><ele>874.75</ele></trkpt>
<trkpt lon="-4.755955" lat="43.226953"><ele>875.25</ele></trkpt>
<trkpt lon="-4.755869" lat="43.226989"><ele>877.75</ele></trkpt>
<trkpt lon="-4.755520" lat="43.227264"><ele>888.0</ele></trkpt>
<trkpt lon="-4.755450" lat="43.227363"><ele>889.75</ele></trkpt>
<trkpt lon="-4.755394" lat="43.227377"><ele>891.75</ele></trkpt>
<trkpt lon="-4.755339" lat="43.227413"><ele>893.75</ele></trkpt>
<trkpt lon="-4.755296" lat="43.227408"><ele>895.5</ele></trkpt>
<trkpt lon="-4.755140" lat="43.227464"><ele>897.0</ele></trkpt>
<trkpt lon="-4.755101" lat="43.227456"><ele>897.5</ele></trkpt>
<trkpt lon="-4.755050" lat="43.227457"><ele>898.0</ele></trkpt>
<trkpt lon="-4.754978" lat="43.227426"><ele>899.25</ele></trkpt>
<trkpt lon="-4.754895" lat="43.227411"><ele>900.0</ele></trkpt>
<trkpt lon="-4.754741" lat="43.227371"><ele>902.0</ele></trkpt>
<trkpt lon="-4.754672" lat="43.227365"><ele>902.5</ele></trkpt>
<trkpt lon="-4.754566" lat="43.227394"><ele>901.75</ele></trkpt>
<trkpt lon="-4.754435" lat="43.227412"><ele>901.25</ele></trkpt>
<trkpt lon="-4.754302" lat="43.227417"><ele>900.0</ele></trkpt>
<trkpt lon="-4.754170" lat="43.227405"><ele>899.75</ele></trkpt>
<trkpt lon="-4.754077" lat="43.227387"><ele>899.5</ele></trkpt>
<trkpt lon="-4.753948" lat="43.227320"><ele>900.0</ele></trkpt>
<trkpt lon="-4.753875" lat="43.227296"><ele>899.5</ele></trkpt>
<trkpt lon="-4.753771" lat="43.227276"><ele>899.0</ele></trkpt>
<trkpt lon="-4.753703" lat="43.227287"><ele>898.5</ele></trkpt>
<trkpt lon="-4.753640" lat="43.227315"><ele>898.25</ele></trkpt>
<trkpt lon="-4.753608" lat="43.227357"><ele>899.0</ele></trkpt>
<trkpt lon="-4.753603" lat="43.227400"><ele>899.75</ele></trkpt>
<trkpt lon="-4.753615" lat="43.227445"><ele>900.0</ele></trkpt>
<trkpt lon="-4.753754" lat="43.227690"><ele>906.25</ele></trkpt>
<trkpt lon="-4.753816" lat="43.227773"><ele>906.75</ele></trkpt>
<trkpt lon="-4.753913" lat="43.227875"><ele>907.75</ele></trkpt>
<trkpt lon="-4.754012" lat="43.227960"><ele>909.0</ele></trkpt>
<trkpt lon="-4.754148" lat="43.228105"><ele>910.5</ele></trkpt>
<trkpt lon="-4.754208" lat="43.228189"><ele>911.25</ele></trkpt>
<trkpt lon="-4.754264" lat="43.228328"><ele>914.5</ele></trkpt>
<trkpt lon="-4.754214" lat="43.228404"><ele>918.25</ele></trkpt>
<trkpt lon="-4.754146" lat="43.228417"><ele>921.0</ele></trkpt>
<trkpt lon="-4.754091" lat="43.228530"><ele>926.25</ele></trkpt>
<trkpt lon="-4.753983" lat="43.228664"><ele>932.75</ele></trkpt>
<trkpt lon="-4.753854" lat="43.228713"><ele>938.5</ele></trkpt>
<trkpt lon="-4.753882" lat="43.228907"><ele>939.0</ele></trkpt>
<trkpt lon="-4.753763" lat="43.229121"><ele>942.0</ele></trkpt>
<trkpt lon="-4.753822" lat="43.229619"><ele>941.75</ele></trkpt>
<trkpt lon="-4.753725" lat="43.229899"><ele>946.0</ele></trkpt>
<trkpt lon="-4.753660" lat="43.230168"><ele>947.75</ele></trkpt>
<trkpt lon="-4.753499" lat="43.230287"><ele>952.25</ele></trkpt>
<trkpt lon="-4.753335" lat="43.230319"><ele>956.25</ele></trkpt>
<trkpt lon="-4.753164" lat="43.230337"><ele>959.75</ele></trkpt>
<trkpt lon="-4.752971" lat="43.230334"><ele>963.5</ele></trkpt>
<trkpt lon="-4.752921" lat="43.230114"><ele>976.0</ele></trkpt>
<trkpt lon="-4.752636" lat="43.230150"><ele>979.5</ele></trkpt>
<trkpt lon="-4.752127" lat="43.230114"><ele>989.25</ele></trkpt>
<trkpt lon="-4.751948" lat="43.230091"><ele>991.25</ele></trkpt>
<trkpt lon="-4.751725" lat="43.230124"><ele>992.75</ele></trkpt>
<trkpt lon="-4.751429" lat="43.230314"><ele>989.0</ele></trkpt>
<trkpt lon="-4.750653" lat="43.230627"><ele>993.75</ele></trkpt>
<trkpt lon="-4.750064" lat="43.230785"><ele>1007.5</ele></trkpt>
<trkpt lon="-4.749904" lat="43.230998"><ele>1010.25</ele></trkpt>
<trkpt lon="-4.749418" lat="43.231237"><ele>1015.25</ele></trkpt>
<trkpt lon="-4.749272" lat="43.231285"><ele>1017.0</ele></trkpt>
<trkpt lon="-4.749215" lat="43.231361"><ele>1015.5</ele></trkpt>
<trkpt lon="-4.749073" lat="43.231442"><ele>1018.25</ele></trkpt>
<trkpt lon="-4.748881" lat="43.231635"><ele>1020.5</ele></trkpt>
<trkpt lon="-4.748849" lat="43.231657"><ele>1020.75</ele></trkpt>
<trkpt lon="-4.748804" lat="43.231671"><ele>1021.5</ele></trkpt>
<trkpt lon="-4.748626" lat="43.231640"><ele>1025.0</ele></trkpt>
<trkpt lon="-4.748498" lat="43.231645"><ele>1026.5</ele></trkpt>
<trkpt lon="-4.748429" lat="43.231639"><ele>1027.5</ele></trkpt>
<trkpt lon="-4.748266" lat="43.231597"><ele>1030.0</ele></trkpt>
<trkpt lon="-4.748156" lat="43.231588"><ele>1031.25</ele></trkpt>
<trkpt lon="-4.748065" lat="43.231652"><ele>1031.0</ele></trkpt>
<trkpt lon="-4.747995" lat="43.231730"><ele>1033.0</ele></trkpt>
<trkpt lon="-4.747953" lat="43.231822"><ele>1034.5</ele></trkpt>
<trkpt lon="-4.747929" lat="43.231947"><ele>1035.75</ele></trkpt>
<trkpt lon="-4.747880" lat="43.232071"><ele>1034.75</ele></trkpt>
<trkpt lon="-4.747844" lat="43.232165"><ele>1033.25</ele></trkpt>
<trkpt lon="-4.747831" lat="43.232182"><ele>1033.0</ele></trkpt>
<trkpt lon="-4.747807" lat="43.232191"><ele>1032.75</ele></trkpt>
<trkpt lon="-4.747621" lat="43.232206"><ele>1031.75</ele></trkpt>
<trkpt lon="-4.747631" lat="43.232258"><ele>1030.25</ele></trkpt>
<trkpt lon="-4.747627" lat="43.232275"><ele>1029.75</ele></trkpt>
<trkpt lon="-4.747604" lat="43.232298"><ele>1029.25</ele></trkpt>
<trkpt lon="-4.747575" lat="43.232314"><ele>1028.75</ele></trkpt>
<trkpt lon="-4.747539" lat="43.232322"><ele>1028.5</ele></trkpt>
<trkpt lon="-4.747539" lat="43.232417"><ele>1026.0</ele></trkpt>
<trkpt lon="-4.747517" lat="43.232445"><ele>1025.25</ele></trkpt>
<trkpt lon="-4.747462" lat="43.232483"><ele>1024.5</ele></trkpt>
<trkpt lon="-4.747484" lat="43.232568"><ele>1024.5</ele></trkpt>
<trkpt lon="-4.747456" lat="43.232573"><ele>1024.5</ele></trkpt>
<trkpt lon="-4.747426" lat="43.232579"><ele>1024.75</ele></trkpt>
<trkpt lon="-4.747484" lat="43.232731"><ele>1025.5</ele></trkpt>
<trkpt lon="-4.747539" lat="43.232801"><ele>1026.75</ele></trkpt>
<trkpt lon="-4.747569" lat="43.232824"><ele>1027.25</ele></trkpt>
<trkpt lon="-4.747608" lat="43.232843"><ele>1028.0</ele></trkpt>
<trkpt lon="-4.747723" lat="43.232872"><ele>1028.75</ele></trkpt>
<trkpt lon="-4.747771" lat="43.232910"><ele>1029.75</ele></trkpt>
<trkpt lon="-4.747782" lat="43.232953"><ele>1030.75</ele></trkpt>
<trkpt lon="-4.747729" lat="43.233031"><ele>1032.5</ele></trkpt>
<trkpt lon="-4.747715" lat="43.233073"><ele>1033.5</ele></trkpt>
<trkpt lon="-4.747749" lat="43.233191"><ele>1036.0</ele></trkpt>
<trkpt lon="-4.747770" lat="43.233221"><ele>1036.5</ele></trkpt>
<trkpt lon="-4.747804" lat="43.233231"><ele>1037.0</ele></trkpt>
<trkpt lon="-4.748005" lat="43.233201"><ele>1038.5</ele></trkpt>
<trkpt lon="-4.748043" lat="43.233262"><ele>1039.75</ele></trkpt>
<trkpt lon="-4.748074" lat="43.233405"><ele>1042.25</ele></trkpt>
<trkpt lon="-4.748219" lat="43.233403"><ele>1043.75</ele></trkpt>
<trkpt lon="-4.748542" lat="43.233320"><ele>1043.5</ele></trkpt>
<trkpt lon="-4.748656" lat="43.233318"><ele>1044.0</ele></trkpt>
<trkpt lon="-4.748800" lat="43.233329"><ele>1045.75</ele></trkpt>
<trkpt lon="-4.748932" lat="43.233337"><ele>1047.5</ele></trkpt>
<trkpt lon="-4.749128" lat="43.233291"><ele>1048.75</ele></trkpt>
<trkpt lon="-4.749254" lat="43.233274"><ele>1049.25</ele></trkpt>
<trkpt lon="-4.749369" lat="43.233271"><ele>1049.75</ele></trkpt>
<trkpt lon="-4.749435" lat="43.233281"><ele>1050.0</ele></trkpt>
<trkpt lon="-4.749527" lat="43.233307"><ele>1050.75</ele></trkpt>
<trkpt lon="-4.749631" lat="43.233340"><ele>1051.75</ele></trkpt>
<trkpt lon="-4.749763" lat="43.233348"><ele>1052.0</ele></trkpt>
<trkpt lon="-4.749845" lat="43.233360"><ele>1052.0</ele></trkpt>
<trkpt lon="-4.749844" lat="43.233399"><ele>1053.0</ele></trkpt>
<trkpt lon="-4.749835" lat="43.233423"><ele>1053.75</ele></trkpt>
<trkpt lon="-4.749731" lat="43.233592"><ele>1058.25</ele></trkpt>
<trkpt lon="-4.749698" lat="43.233675"><ele>1060.75</ele></trkpt>
<trkpt lon="-4.749741" lat="43.233699"><ele>1061.25</ele></trkpt>
<trkpt lon="-4.749919" lat="43.233768"><ele>1062.75</ele></trkpt>
<trkpt lon="-4.749990" lat="43.233818"><ele>1063.75</ele></trkpt>
<trkpt lon="-4.750186" lat="43.234051"><ele>1065.25</ele></trkpt>
<trkpt lon="-4.750427" lat="43.234290"><ele>1066.75</ele></trkpt>
<trkpt lon="-4.750456" lat="43.234322"><ele>1067.0</ele></trkpt>
<trkpt lon="-4.750464" lat="43.234343"><ele>1067.5</ele></trkpt>
<trkpt lon="-4.750462" lat="43.234363"><ele>1068.0</ele></trkpt>
<trkpt lon="-4.750445" lat="43.234381"><ele>1068.5</ele></trkpt>
<trkpt lon="-4.750411" lat="43.234406"><ele>1069.25</ele></trkpt>
<trkpt lon="-4.750388" lat="43.234415"><ele>1069.5</ele></trkpt>
<trkpt lon="-4.750338" lat="43.234426"><ele>1070.0</ele></trkpt>
<trkpt lon="-4.750271" lat="43.234432"><ele>1070.75</ele></trkpt>
<trkpt lon="-4.750099" lat="43.234434"><ele>1074.0</ele></trkpt>
<trkpt lon="-4.749959" lat="43.234450"><ele>1077.25</ele></trkpt>
<trkpt lon="-4.749913" lat="43.234471"><ele>1078.75</ele></trkpt>
<trkpt lon="-4.749878" lat="43.234501"><ele>1080.25</ele></trkpt>
<trkpt lon="-4.749864" lat="43.234532"><ele>1081.0</ele></trkpt>
<trkpt lon="-4.749857" lat="43.234563"><ele>1081.5</ele></trkpt>
<trkpt lon="-4.749883" lat="43.234654"><ele>1082.25</ele></trkpt>
<trkpt lon="-4.749988" lat="43.234805"><ele>1084.0</ele></trkpt>
<trkpt lon="-4.750011" lat="43.234874"><ele>1085.5</ele></trkpt>
<trkpt lon="-4.750007" lat="43.234927"><ele>1087.0</ele></trkpt>
<trkpt lon="-4.749954" lat="43.234999"><ele>1089.0</ele></trkpt>
<trkpt lon="-4.749867" lat="43.235069"><ele>1091.25</ele></trkpt>
<trkpt lon="-4.749732" lat="43.235156"><ele>1094.25</ele></trkpt>
<trkpt lon="-4.749622" lat="43.235206"><ele>1096.0</ele></trkpt>
<trkpt lon="-4.749481" lat="43.235287"><ele>1098.0</ele></trkpt>
<trkpt lon="-4.749439" lat="43.235323"><ele>1098.5</ele></trkpt>
<trkpt lon="-4.749414" lat="43.235356"><ele>1098.5</ele></trkpt>
<trkpt lon="-4.749391" lat="43.235405"><ele>1098.75</ele></trkpt>
<trkpt lon="-4.749373" lat="43.235652"><ele>1101.5</ele></trkpt>
<trkpt lon="-4.749390" lat="43.235729"><ele>1102.5</ele></trkpt>
<trkpt lon="-4.749436" lat="43.235816"><ele>1103.75</ele></trkpt>
<trkpt lon="-4.749458" lat="43.235886"><ele>1105.0</ele></trkpt>
<trkpt lon="-4.749465" lat="43.235937"><ele>1105.75</ele></trkpt>
<trkpt lon="-4.749463" lat="43.236134"><ele>1108.75</ele></trkpt>
<trkpt lon="-4.749473" lat="43.236223"><ele>1110.5</ele></trkpt>
<trkpt lon="-4.749525" lat="43.236347"><ele>1114.0</ele></trkpt>
<trkpt lon="-4.749646" lat="43.236699"><ele>1122.0</ele></trkpt>
<trkpt lon="-4.749685" lat="43.236846"><ele>1124.5</ele></trkpt>
<trkpt lon="-4.749688" lat="43.236917"><ele>1125.25</ele></trkpt>
<trkpt lon="-4.749857" lat="43.236784"><ele>1129.25</ele></trkpt>
<trkpt lon="-4.749913" lat="43.236864"><ele>1132.0</ele></trkpt>
<trkpt lon="-4.749865" lat="43.236921"><ele>1130.75</ele></trkpt>
<trkpt lon="-4.749951" lat="43.236982"><ele>1134.25</ele></trkpt>
<trkpt lon="-4.750066" lat="43.237103"><ele>1137.0</ele></trkpt>
<trkpt lon="-4.750152" lat="43.237081"><ele>1138.0</ele></trkpt>
<trkpt lon="-4.750190" lat="43.237154"><ele>1139.75</ele></trkpt>
<trkpt lon="-4.750171" lat="43.237224"><ele>1140.25</ele></trkpt>
<trkpt lon="-4.750192" lat="43.237259"><ele>1141.0</ele></trkpt>
<trkpt lon="-4.750173" lat="43.237365"><ele>1141.75</ele></trkpt>
<trkpt lon="-4.750141" lat="43.237412"><ele>1141.75</ele></trkpt>
<trkpt lon="-4.750259" lat="43.237505"><ele>1144.75</ele></trkpt>
<trkpt lon="-4.750332" lat="43.237609"><ele>1149.25</ele></trkpt>
<trkpt lon="-4.750364" lat="43.237685"><ele>1152.0</ele></trkpt>
<trkpt lon="-4.750332" lat="43.237716"><ele>1152.0</ele></trkpt>
<trkpt lon="-4.750364" lat="43.237769"><ele>1154.25</ele></trkpt>
<trkpt lon="-4.750324" lat="43.237802"><ele>1153.75</ele></trkpt>
<trkpt lon="-4.750326" lat="43.237847"><ele>1155.0</ele></trkpt>
<trkpt lon="-4.750077" lat="43.238055"><ele>1159.5</ele></trkpt>
<trkpt lon="-4.750039" lat="43.238201"><ele>1164.0</ele></trkpt>
<trkpt lon="-4.749978" lat="43.238236"><ele>1165.0</ele></trkpt>
<trkpt lon="-4.749895" lat="43.238246"><ele>1165.5</ele></trkpt>
<trkpt lon="-4.749699" lat="43.238287"><ele>1167.25</ele></trkpt>
<trkpt lon="-4.749624" lat="43.238375"><ele>1170.25</ele></trkpt>
<trkpt lon="-4.749642" lat="43.238426"><ele>1171.75</ele></trkpt>
<trkpt lon="-4.749723" lat="43.238502"><ele>1173.75</ele></trkpt>
<trkpt lon="-4.749841" lat="43.238568"><ele>1175.5</ele></trkpt>
<trkpt lon="-4.749996" lat="43.238586"><ele>1176.0</ele></trkpt>
<trkpt lon="-4.750088" lat="43.238615"><ele>1178.0</ele></trkpt>
<trkpt lon="-4.750238" lat="43.238629"><ele>1180.25</ele></trkpt>
<trkpt lon="-4.750570" lat="43.238607"><ele>1182.75</ele></trkpt>
<trkpt lon="-4.750635" lat="43.238652"><ele>1184.0</ele></trkpt>
<trkpt lon="-4.750552" lat="43.238709"><ele>1185.25</ele></trkpt>
<trkpt lon="-4.750562" lat="43.238881"><ele>1189.5</ele></trkpt>
<trkpt lon="-4.750597" lat="43.238951"><ele>1191.0</ele></trkpt>
<trkpt lon="-4.750530" lat="43.239078"><ele>1195.0</ele></trkpt>
<trkpt lon="-4.750485" lat="43.239092"><ele>1195.75</ele></trkpt>
<trkpt lon="-4.750549" lat="43.239193"><ele>1197.5</ele></trkpt>
<trkpt lon="-4.750549" lat="43.239528"><ele>1203.25</ele></trkpt>
<trkpt lon="-4.750570" lat="43.239615"><ele>1204.0</ele></trkpt>
<trkpt lon="-4.750444" lat="43.239856"><ele>1209.5</ele></trkpt>
<trkpt lon="-4.750410" lat="43.239959"><ele>1210.75</ele></trkpt>
<trkpt lon="-4.750418" lat="43.240129"><ele>1213.75</ele></trkpt>
<trkpt lon="-4.750348" lat="43.240200"><ele>1216.75</ele></trkpt>
<trkpt lon="-4.750337" lat="43.240381"><ele>1222.0</ele></trkpt>
<trkpt lon="-4.750404" lat="43.240546"><ele>1225.75</ele></trkpt>
<trkpt lon="-4.750444" lat="43.240600"><ele>1227.0</ele></trkpt>
<trkpt lon="-4.750436" lat="43.240626"><ele>1228.0</ele></trkpt>
<trkpt lon="-4.750198" lat="43.240632"><ele>1234.25</ele></trkpt>
<trkpt lon="-4.750141" lat="43.240645"><ele>1236.25</ele></trkpt>
<trkpt lon="-4.750101" lat="43.240622"><ele>1236.5</ele></trkpt>
<trkpt lon="-4.750042" lat="43.240632"><ele>1238.75</ele></trkpt>
<trkpt lon="-4.749913" lat="43.240622"><ele>1241.25</ele></trkpt>
<trkpt lon="-4.750018" lat="43.240749"><ele>1244.0</ele></trkpt>
<trkpt lon="-4.750055" lat="43.240825"><ele>1246.0</ele></trkpt>
<trkpt lon="-4.750050" lat="43.240868"><ele>1247.5</ele></trkpt>
<trkpt lon="-4.750002" lat="43.240887"><ele>1249.5</ele></trkpt>
<trkpt lon="-4.749972" lat="43.240921"><ele>1251.5</ele></trkpt>
  </trkseg></trk></gpx>
