<?xml version="1.0" encoding="UTF-8"?>
<gpx version="1.1" creator="compostel-brouter" xmlns="http://www.topografix.com/GPX/1/1">
  <metadata><name>Compostelle belgique - trace reelle (BRouter/OSM, profil hiking)</name></metadata>
  <trk><name>belgique</name><trkseg>
<trkpt lon="5.579704" lat="50.632806"><ele>63.75</ele></trkpt>
<trkpt lon="5.579124" lat="50.632812"><ele>63.75</ele></trkpt>
<trkpt lon="5.579051" lat="50.632812"><ele>63.5</ele></trkpt>
<trkpt lon="5.578389" lat="50.632815"><ele>63.75</ele></trkpt>
<trkpt lon="5.578307" lat="50.632812"><ele>64.0</ele></trkpt>
<trkpt lon="5.578245" lat="50.632792"><ele>64.0</ele></trkpt>
<trkpt lon="5.578194" lat="50.632821"><ele>63.75</ele></trkpt>
<trkpt lon="5.578132" lat="50.632850"><ele>64.0</ele></trkpt>
<trkpt lon="5.578125" lat="50.632889"><ele>64.0</ele></trkpt>
<trkpt lon="5.577989" lat="50.632881"><ele>64.0</ele></trkpt>
<trkpt lon="5.577840" lat="50.632872"><ele>64.0</ele></trkpt>
<trkpt lon="5.577154" lat="50.632838"><ele>64.5</ele></trkpt>
<trkpt lon="5.577131" lat="50.632836"><ele>64.75</ele></trkpt>
<trkpt lon="5.576990" lat="50.632826"><ele>64.75</ele></trkpt>
<trkpt lon="5.576859" lat="50.632818"><ele>64.5</ele></trkpt>
<trkpt lon="5.576639" lat="50.632814"><ele>64.0</ele></trkpt>
<trkpt lon="5.576529" lat="50.632813"><ele>64.0</ele></trkpt>
<trkpt lon="5.576299" lat="50.632812"><ele>64.0</ele></trkpt>
<trkpt lon="5.576102" lat="50.632794"><ele>63.75</ele></trkpt>
<trkpt lon="5.575981" lat="50.632915"><ele>63.75</ele></trkpt>
<trkpt lon="5.575915" lat="50.632890"><ele>63.5</ele></trkpt>
<trkpt lon="5.575884" lat="50.632911"><ele>63.5</ele></trkpt>
<trkpt lon="5.575721" lat="50.632898"><ele>63.25</ele></trkpt>
<trkpt lon="5.575376" lat="50.632846"><ele>63.0</ele></trkpt>
<trkpt lon="5.574849" lat="50.632733"><ele>64.75</ele></trkpt>
<trkpt lon="5.574826" lat="50.632718"><ele>64.75</ele></trkpt>
<trkpt lon="5.574742" lat="50.632693"><ele>64.75</ele></trkpt>
<trkpt lon="5.574649" lat="50.632678"><ele>65.25</ele></trkpt>
<trkpt lon="5.574649" lat="50.632684"><ele>65.25</ele></trkpt>
<trkpt lon="5.574236" lat="50.632718"><ele>66.25</ele></trkpt>
<trkpt lon="5.574132" lat="50.632671"><ele>66.25</ele></trkpt>
<trkpt lon="5.574112" lat="50.632617"><ele>66.5</ele></trkpt>
<trkpt lon="5.574045" lat="50.632562"><ele>66.25</ele></trkpt>
<trkpt lon="5.573968" lat="50.632537"><ele>66.0</ele></trkpt>
<trkpt lon="5.573860" lat="50.632524"><ele>65.25</ele></trkpt>
<trkpt lon="5.572179" lat="50.632687"><ele>64.0</ele></trkpt>
<trkpt lon="5.571864" lat="50.632713"><ele>67.0</ele></trkpt>
<trkpt lon="5.571657" lat="50.632731"><ele>66.75</ele></trkpt>
<trkpt lon="5.571627" lat="50.632751"><ele>66.25</ele></trkpt>
<trkpt lon="5.571602" lat="50.632776"><ele>66.0</ele></trkpt>
<trkpt lon="5.571484" lat="50.632787"><ele>64.25</ele></trkpt>
<trkpt lon="5.571180" lat="50.632817"><ele>65.0</ele></trkpt>
<trkpt lon="5.571125" lat="50.632822"><ele>65.75</ele></trkpt>
<trkpt lon="5.570962" lat="50.632838"><ele>66.0</ele></trkpt>
<trkpt lon="5.570788" lat="50.632854"><ele>66.0</ele></trkpt>
<trkpt lon="5.570748" lat="50.632858"><ele>66.0</ele></trkpt>
<trkpt lon="5.570680" lat="50.632840"><ele>66.0</ele></trkpt>
<trkpt lon="5.569966" lat="50.632907"><ele>65.25</ele></trkpt>
<trkpt lon="5.569935" lat="50.632924"><ele>65.25</ele></trkpt>
<trkpt lon="5.569928" lat="50.632897"><ele>65.25</ele></trkpt>
<trkpt lon="5.569895" lat="50.632868"><ele>65.0</ele></trkpt>
<trkpt lon="5.569854" lat="50.632822"><ele>65.0</ele></trkpt>
<trkpt lon="5.569736" lat="50.632832"><ele>65.0</ele></trkpt>
<trkpt lon="5.569643" lat="50.632839"><ele>64.5</ele></trkpt>
<trkpt lon="5.569601" lat="50.632843"><ele>64.5</ele></trkpt>
<trkpt lon="5.569568" lat="50.632845"><ele>64.25</ele></trkpt>
<trkpt lon="5.569559" lat="50.632763"><ele>64.25</ele></trkpt>
<trkpt lon="5.569544" lat="50.632762"><ele>64.25</ele></trkpt>
<trkpt lon="5.569525" lat="50.632627"><ele>64.25</ele></trkpt>
<trkpt lon="5.569502" lat="50.632593"><ele>64.0</ele></trkpt>
<trkpt lon="5.569451" lat="50.632572"><ele>64.0</ele></trkpt>
<trkpt lon="5.569342" lat="50.632554"><ele>63.5</ele></trkpt>
<trkpt lon="5.569143" lat="50.632534"><ele>62.5</ele></trkpt>
<trkpt lon="5.569139" lat="50.632482"><ele>62.5</ele></trkpt>
<trkpt lon="5.569021" lat="50.632377"><ele>61.5</ele></trkpt>
<trkpt lon="5.568894" lat="50.632345"><ele>60.5</ele></trkpt>
<trkpt lon="5.568782" lat="50.632332"><ele>60.75</ele></trkpt>
<trkpt lon="5.568672" lat="50.632333"><ele>60.75</ele></trkpt>
<trkpt lon="5.568570" lat="50.632342"><ele>60.75</ele></trkpt>
<trkpt lon="5.568410" lat="50.632371"><ele>60.75</ele></trkpt>
<trkpt lon="5.568276" lat="50.632425"><ele>60.75</ele></trkpt>
<trkpt lon="5.568202" lat="50.632489"><ele>61.0</ele></trkpt>
<trkpt lon="5.568155" lat="50.632564"><ele>61.0</ele></trkpt>
<trkpt lon="5.568142" lat="50.632599"><ele>61.25</ele></trkpt>
<trkpt lon="5.567880" lat="50.632625"><ele>62.5</ele></trkpt>
<trkpt lon="5.567866" lat="50.632760"><ele>62.5</ele></trkpt>
<trkpt lon="5.567639" lat="50.632746"><ele>63.0</ele></trkpt>
<trkpt lon="5.567565" lat="50.632743"><ele>63.0</ele></trkpt>
<trkpt lon="5.567455" lat="50.632737"><ele>63.0</ele></trkpt>
<trkpt lon="5.567477" lat="50.632593"><ele>63.0</ele></trkpt>
<trkpt lon="5.567385" lat="50.632584"><ele>63.0</ele></trkpt>
<trkpt lon="5.567278" lat="50.632577"><ele>63.0</ele></trkpt>
<trkpt lon="5.567236" lat="50.632549"><ele>63.0</ele></trkpt>
<trkpt lon="5.567182" lat="50.632500"><ele>63.0</ele></trkpt>
<trkpt lon="5.567136" lat="50.632517"><ele>63.0</ele></trkpt>
<trkpt lon="5.567038" lat="50.632531"><ele>63.0</ele></trkpt>
<trkpt lon="5.566960" lat="50.632534"><ele>62.75</ele></trkpt>
<trkpt lon="5.565012" lat="50.632358"><ele>65.0</ele></trkpt>
<trkpt lon="5.564791" lat="50.632339"><ele>65.0</ele></trkpt>
<trkpt lon="5.564676" lat="50.632325"><ele>65.0</ele></trkpt>
<trkpt lon="5.564503" lat="50.632289"><ele>65.75</ele></trkpt>
<trkpt lon="5.564455" lat="50.632284"><ele>66.0</ele></trkpt>
<trkpt lon="5.564244" lat="50.632266"><ele>67.25</ele></trkpt>
<trkpt lon="5.563784" lat="50.632281"><ele>69.25</ele></trkpt>
<trkpt lon="5.563661" lat="50.632287"><ele>70.0</ele></trkpt>
<trkpt lon="5.563514" lat="50.632307"><ele>69.75</ele></trkpt>
<trkpt lon="5.563334" lat="50.632313"><ele>68.5</ele></trkpt>
<trkpt lon="5.562872" lat="50.632299"><ele>70.25</ele></trkpt>
<trkpt lon="5.562635" lat="50.632281"><ele>71.0</ele></trkpt>
<trkpt lon="5.562530" lat="50.632269"><ele>71.5</ele></trkpt>
<trkpt lon="5.562434" lat="50.632252"><ele>71.75</ele></trkpt>
<trkpt lon="5.562344" lat="50.632275"><ele>71.75</ele></trkpt>
<trkpt lon="5.562285" lat="50.632292"><ele>71.75</ele></trkpt>
<trkpt lon="5.562158" lat="50.632295"><ele>72.25</ele></trkpt>
<trkpt lon="5.561892" lat="50.632285"><ele>73.75</ele></trkpt>
<trkpt lon="5.561657" lat="50.632266"><ele>74.75</ele></trkpt>
<trkpt lon="5.561321" lat="50.632217"><ele>76.0</ele></trkpt>
<trkpt lon="5.561200" lat="50.632192"><ele>76.0</ele></trkpt>
<trkpt lon="5.561044" lat="50.632161"><ele>76.25</ele></trkpt>
<trkpt lon="5.560874" lat="50.632127"><ele>78.0</ele></trkpt>
<trkpt lon="5.560497" lat="50.632031"><ele>80.5</ele></trkpt>
<trkpt lon="5.560449" lat="50.632009"><ele>80.25</ele></trkpt>
<trkpt lon="5.560340" lat="50.631924"><ele>78.75</ele></trkpt>
<trkpt lon="5.560268" lat="50.631926"><ele>78.0</ele></trkpt>
<trkpt lon="5.560215" lat="50.631929"><ele>78.25</ele></trkpt>
<trkpt lon="5.560197" lat="50.631929"><ele>78.25</ele></trkpt>
<trkpt lon="5.560143" lat="50.631931"><ele>78.5</ele></trkpt>
<trkpt lon="5.560101" lat="50.631927"><ele>78.5</ele></trkpt>
<trkpt lon="5.560053" lat="50.631913"><ele>78.75</ele></trkpt>
<trkpt lon="5.559999" lat="50.631898"><ele>79.0</ele></trkpt>
<trkpt lon="5.559979" lat="50.631925"><ele>79.0</ele></trkpt>
<trkpt lon="5.559958" lat="50.631919"><ele>79.0</ele></trkpt>
<trkpt lon="5.559928" lat="50.631910"><ele>79.0</ele></trkpt>
<trkpt lon="5.559814" lat="50.632067"><ele>78.5</ele></trkpt>
<trkpt lon="5.559601" lat="50.632064"><ele>78.75</ele></trkpt>
<trkpt lon="5.559214" lat="50.632039"><ele>79.0</ele></trkpt>
<trkpt lon="5.559069" lat="50.632030"><ele>79.0</ele></trkpt>
<trkpt lon="5.558780" lat="50.632011"><ele>79.75</ele></trkpt>
<trkpt lon="5.558510" lat="50.631991"><ele>80.0</ele></trkpt>
<trkpt lon="5.558325" lat="50.631955"><ele>80.75</ele></trkpt>
<trkpt lon="5.558091" lat="50.631906"><ele>81.25</ele></trkpt>
<trkpt lon="5.557879" lat="50.631856"><ele>81.75</ele></trkpt>
<trkpt lon="5.557769" lat="50.631827"><ele>82.0</ele></trkpt>
<trkpt lon="5.557643" lat="50.631781"><ele>82.0</ele></trkpt>
<trkpt lon="5.557183" lat="50.631584"><ele>83.25</ele></trkpt>
<trkpt lon="5.556857" lat="50.631403"><ele>83.75</ele></trkpt>
<trkpt lon="5.556684" lat="50.631306"><ele>84.25</ele></trkpt>
<trkpt lon="5.556561" lat="50.631247"><ele>84.5</ele></trkpt>
<trkpt lon="5.556264" lat="50.631090"><ele>85.0</ele></trkpt>
<trkpt lon="5.556194" lat="50.631053"><ele>85.25</ele></trkpt>
<trkpt lon="5.556108" lat="50.631005"><ele>85.75</ele></trkpt>
<trkpt lon="5.556048" lat="50.630971"><ele>86.0</ele></trkpt>
<trkpt lon="5.555414" lat="50.630607"><ele>87.75</ele></trkpt>
<trkpt lon="5.555189" lat="50.630491"><ele>88.5</ele></trkpt>
<trkpt lon="5.554331" lat="50.630011"><ele>91.5</ele></trkpt>
<trkpt lon="5.553379" lat="50.629470"><ele>94.75</ele></trkpt>
<trkpt lon="5.552500" lat="50.628981"><ele>98.25</ele></trkpt>
<trkpt lon="5.552440" lat="50.628944"><ele>98.5</ele></trkpt>
<trkpt lon="5.552357" lat="50.628875"><ele>99.0</ele></trkpt>
<trkpt lon="5.551940" lat="50.628442"><ele>102.75</ele></trkpt>
<trkpt lon="5.551751" lat="50.628257"><ele>105.25</ele></trkpt>
<trkpt lon="5.551576" lat="50.627947"><ele>109.75</ele></trkpt>
<trkpt lon="5.551506" lat="50.627891"><ele>110.5</ele></trkpt>
<trkpt lon="5.550610" lat="50.627331"><ele>121.5</ele></trkpt>
<trkpt lon="5.550497" lat="50.627282"><ele>123.0</ele></trkpt>
<trkpt lon="5.549573" lat="50.626993"><ele>135.0</ele></trkpt>
<trkpt lon="5.549462" lat="50.626950"><ele>136.5</ele></trkpt>
<trkpt lon="5.549388" lat="50.626892"><ele>138.25</ele></trkpt>
<trkpt lon="5.549243" lat="50.626777"><ele>140.75</ele></trkpt>
<trkpt lon="5.548890" lat="50.626526"><ele>148.75</ele></trkpt>
<trkpt lon="5.548613" lat="50.626297"><ele>154.75</ele></trkpt>
<trkpt lon="5.548514" lat="50.626225"><ele>157.5</ele></trkpt>
<trkpt lon="5.548458" lat="50.626162"><ele>158.5</ele></trkpt>
<trkpt lon="5.548450" lat="50.626083"><ele>159.0</ele></trkpt>
<trkpt lon="5.548477" lat="50.625989"><ele>160.5</ele></trkpt>
<trkpt lon="5.548539" lat="50.625856"><ele>162.25</ele></trkpt>
<trkpt lon="5.548557" lat="50.625797"><ele>163.0</ele></trkpt>
<trkpt lon="5.548502" lat="50.625664"><ele>164.75</ele></trkpt>
<trkpt lon="5.548425" lat="50.625578"><ele>165.75</ele></trkpt>
<trkpt lon="5.548558" lat="50.625514"><ele>166.0</ele></trkpt>
<trkpt lon="5.548487" lat="50.625440"><ele>166.0</ele></trkpt>
<trkpt lon="5.548259" lat="50.625518"><ele>166.5</ele></trkpt>
<trkpt lon="5.548056" lat="50.625597"><ele>167.5</ele></trkpt>
<trkpt lon="5.547938" lat="50.625651"><ele>167.75</ele></trkpt>
<trkpt lon="5.547863" lat="50.625691"><ele>168.0</ele></trkpt>
<trkpt lon="5.547491" lat="50.625931"><ele>170.75</ele></trkpt>
<trkpt lon="5.547320" lat="50.626031"><ele>172.25</ele></trkpt>
<trkpt lon="5.547187" lat="50.626080"><ele>173.0</ele></trkpt>
<trkpt lon="5.547019" lat="50.626104"><ele>173.5</ele></trkpt>
<trkpt lon="5.546919" lat="50.626112"><ele>174.0</ele></trkpt>
<trkpt lon="5.546620" lat="50.626138"><ele>175.0</ele></trkpt>
<trkpt lon="5.546172" lat="50.626159"><ele>176.5</ele></trkpt>
<trkpt lon="5.545860" lat="50.626183"><ele>176.0</ele></trkpt>
<trkpt lon="5.545426" lat="50.626256"><ele>174.0</ele></trkpt>
<trkpt lon="5.545098" lat="50.626286"><ele>174.0</ele></trkpt>
<trkpt lon="5.544994" lat="50.626214"><ele>174.5</ele></trkpt>
<trkpt lon="5.544569" lat="50.625961"><ele>174.5</ele></trkpt>
<trkpt lon="5.544178" lat="50.625751"><ele>174.25</ele></trkpt>
<trkpt lon="5.543698" lat="50.625475"><ele>174.5</ele></trkpt>
<trkpt lon="5.542772" lat="50.624958"><ele>177.0</ele></trkpt>
<trkpt lon="5.542703" lat="50.625002"><ele>176.75</ele></trkpt>
<trkpt lon="5.542613" lat="50.625041"><ele>176.75</ele></trkpt>
<trkpt lon="5.541960" lat="50.625137"><ele>175.5</ele></trkpt>
<trkpt lon="5.541711" lat="50.625229"><ele>174.75</ele></trkpt>
<trkpt lon="5.541382" lat="50.625378"><ele>174.5</ele></trkpt>
<trkpt lon="5.541089" lat="50.625497"><ele>173.0</ele></trkpt>
<trkpt lon="5.540960" lat="50.625548"><ele>172.25</ele></trkpt>
<trkpt lon="5.540895" lat="50.625573"><ele>172.0</ele></trkpt>
<trkpt lon="5.540760" lat="50.625599"><ele>171.75</ele></trkpt>
<trkpt lon="5.540627" lat="50.625558"><ele>171.75</ele></trkpt>
<trkpt lon="5.540001" lat="50.625475"><ele>171.25</ele></trkpt>
<trkpt lon="5.539954" lat="50.625472"><ele>171.25</ele></trkpt>
<trkpt lon="5.539900" lat="50.625477"><ele>171.0</ele></trkpt>
<trkpt lon="5.539864" lat="50.625478"><ele>171.0</ele></trkpt>
<trkpt lon="5.539490" lat="50.625389"><ele>170.5</ele></trkpt>
<trkpt lon="5.539074" lat="50.625276"><ele>169.5</ele></trkpt>
<trkpt lon="5.538998" lat="50.625230"><ele>169.25</ele></trkpt>
<trkpt lon="5.538870" lat="50.625148"><ele>168.75</ele></trkpt>
<trkpt lon="5.538636" lat="50.625062"><ele>167.25</ele></trkpt>
<trkpt lon="5.538583" lat="50.625042"><ele>166.75</ele></trkpt>
<trkpt lon="5.538380" lat="50.624987"><ele>164.25</ele></trkpt>
<trkpt lon="5.538069" lat="50.624961"><ele>161.0</ele></trkpt>
<trkpt lon="5.536312" lat="50.624994"><ele>141.25</ele></trkpt>
<trkpt lon="5.536211" lat="50.625006"><ele>140.5</ele></trkpt>
<trkpt lon="5.536149" lat="50.625040"><ele>140.0</ele></trkpt>
<trkpt lon="5.536090" lat="50.624988"><ele>139.75</ele></trkpt>
<trkpt lon="5.536091" lat="50.624913"><ele>139.75</ele></trkpt>
<trkpt lon="5.535953" lat="50.624897"><ele>138.75</ele></trkpt>
<trkpt lon="5.535698" lat="50.624752"><ele>137.0</ele></trkpt>
<trkpt lon="5.534134" lat="50.623718"><ele>129.75</ele></trkpt>
<trkpt lon="5.533580" lat="50.623331"><ele>124.75</ele></trkpt>
<trkpt lon="5.533496" lat="50.623309"><ele>124.5</ele></trkpt>
<trkpt lon="5.533401" lat="50.623243"><ele>124.5</ele></trkpt>
<trkpt lon="5.532920" lat="50.622857"><ele>117.0</ele></trkpt>
<trkpt lon="5.532535" lat="50.622387"><ele>110.75</ele></trkpt>
<trkpt lon="5.532037" lat="50.622089"><ele>97.25</ele></trkpt>
<trkpt lon="5.531844" lat="50.621966"><ele>92.0</ele></trkpt>
<trkpt lon="5.531636" lat="50.621834"><ele>90.0</ele></trkpt>
<trkpt lon="5.530637" lat="50.621199"><ele>69.25</ele></trkpt>
<trkpt lon="5.530548" lat="50.621187"><ele>68.0</ele></trkpt>
<trkpt lon="5.530484" lat="50.621176"><ele>67.75</ele></trkpt>
<trkpt lon="5.530452" lat="50.621103"><ele>67.5</ele></trkpt>
<trkpt lon="5.530392" lat="50.621052"><ele>67.0</ele></trkpt>
<trkpt lon="5.529964" lat="50.620881"><ele>65.0</ele></trkpt>
<trkpt lon="5.529802" lat="50.620820"><ele>64.75</ele></trkpt>
<trkpt lon="5.529728" lat="50.620791"><ele>64.75</ele></trkpt>
<trkpt lon="5.529700" lat="50.620780"><ele>64.75</ele></trkpt>
<trkpt lon="5.529383" lat="50.620663"><ele>64.25</ele></trkpt>
<trkpt lon="5.529300" lat="50.620665"><ele>64.25</ele></trkpt>
<trkpt lon="5.529223" lat="50.620658"><ele>64.25</ele></trkpt>
<trkpt lon="5.529130" lat="50.620641"><ele>64.25</ele></trkpt>
<trkpt lon="5.528780" lat="50.620570"><ele>64.0</ele></trkpt>
<trkpt lon="5.528293" lat="50.620454"><ele>63.5</ele></trkpt>
<trkpt lon="5.527863" lat="50.620343"><ele>63.0</ele></trkpt>
<trkpt lon="5.527745" lat="50.620311"><ele>63.0</ele></trkpt>
<trkpt lon="5.527679" lat="50.620294"><ele>63.0</ele></trkpt>
<trkpt lon="5.527623" lat="50.620268"><ele>63.0</ele></trkpt>
<trkpt lon="5.527546" lat="50.620216"><ele>63.0</ele></trkpt>
<trkpt lon="5.527266" lat="50.620297"><ele>63.75</ele></trkpt>
<trkpt lon="5.525916" lat="50.620768"><ele>69.25</ele></trkpt>
<trkpt lon="5.525781" lat="50.620806"><ele>70.25</ele></trkpt>
<trkpt lon="5.525636" lat="50.620802"><ele>70.0</ele></trkpt>
<trkpt lon="5.525557" lat="50.620775"><ele>69.5</ele></trkpt>
<trkpt lon="5.525503" lat="50.620757"><ele>69.0</ele></trkpt>
<trkpt lon="5.525440" lat="50.620707"><ele>67.75</ele></trkpt>
<trkpt lon="5.525394" lat="50.620635"><ele>66.0</ele></trkpt>
<trkpt lon="5.525321" lat="50.620469"><ele>65.25</ele></trkpt>
<trkpt lon="5.525288" lat="50.620386"><ele>66.75</ele></trkpt>
<trkpt lon="5.525272" lat="50.620307"><ele>68.25</ele></trkpt>
<trkpt lon="5.525272" lat="50.620180"><ele>67.75</ele></trkpt>
<trkpt lon="5.525330" lat="50.620016"><ele>65.75</ele></trkpt>
<trkpt lon="5.525429" lat="50.619878"><ele>64.25</ele></trkpt>
<trkpt lon="5.525497" lat="50.619765"><ele>63.75</ele></trkpt>
<trkpt lon="5.525548" lat="50.619608"><ele>63.0</ele></trkpt>
<trkpt lon="5.525552" lat="50.619461"><ele>62.0</ele></trkpt>
<trkpt lon="5.525525" lat="50.619343"><ele>62.0</ele></trkpt>
<trkpt lon="5.525457" lat="50.619327"><ele>62.0</ele></trkpt>
<trkpt lon="5.525404" lat="50.619304"><ele>62.0</ele></trkpt>
<trkpt lon="5.525364" lat="50.619269"><ele>62.0</ele></trkpt>
<trkpt lon="5.525348" lat="50.619242"><ele>62.0</ele></trkpt>
<trkpt lon="5.525177" lat="50.619269"><ele>62.0</ele></trkpt>
<trkpt lon="5.525085" lat="50.619271"><ele>62.0</ele></trkpt>
<trkpt lon="5.525048" lat="50.619264"><ele>62.0</ele></trkpt>
<trkpt lon="5.525011" lat="50.619323"><ele>62.0</ele></trkpt>
<trkpt lon="5.524964" lat="50.619371"><ele>62.0</ele></trkpt>
<trkpt lon="5.524605" lat="50.619666"><ele>62.0</ele></trkpt>
<trkpt lon="5.524529" lat="50.619711"><ele>62.0</ele></trkpt>
<trkpt lon="5.524479" lat="50.619730"><ele>62.0</ele></trkpt>
<trkpt lon="5.523380" lat="50.620030"><ele>62.0</ele></trkpt>
<trkpt lon="5.522893" lat="50.620162"><ele>62.75</ele></trkpt>
<trkpt lon="5.522309" lat="50.620323"><ele>62.0</ele></trkpt>
<trkpt lon="5.522011" lat="50.620390"><ele>62.0</ele></trkpt>
<trkpt lon="5.521428" lat="50.620502"><ele>62.0</ele></trkpt>
<trkpt lon="5.521199" lat="50.620546"><ele>62.0</ele></trkpt>
<trkpt lon="5.521071" lat="50.620582"><ele>62.0</ele></trkpt>
<trkpt lon="5.520992" lat="50.620619"><ele>62.0</ele></trkpt>
<trkpt lon="5.520948" lat="50.620662"><ele>62.0</ele></trkpt>
<trkpt lon="5.520887" lat="50.620781"><ele>62.0</ele></trkpt>
<trkpt lon="5.520856" lat="50.620825"><ele>62.0</ele></trkpt>
<trkpt lon="5.520812" lat="50.620861"><ele>62.25</ele></trkpt>
<trkpt lon="5.520748" lat="50.620898"><ele>62.75</ele></trkpt>
<trkpt lon="5.520679" lat="50.620926"><ele>63.25</ele></trkpt>
<trkpt lon="5.520581" lat="50.620947"><ele>63.75</ele></trkpt>
<trkpt lon="5.520280" lat="50.620968"><ele>64.0</ele></trkpt>
<trkpt lon="5.520039" lat="50.620973"><ele>64.0</ele></trkpt>
<trkpt lon="5.519256" lat="50.620971"><ele>64.0</ele></trkpt>
<trkpt lon="5.519011" lat="50.620964"><ele>64.0</ele></trkpt>
<trkpt lon="5.518201" lat="50.620927"><ele>64.25</ele></trkpt>
<trkpt lon="5.517441" lat="50.620864"><ele>63.0</ele></trkpt>
<trkpt lon="5.517190" lat="50.620837"><ele>63.0</ele></trkpt>
<trkpt lon="5.516996" lat="50.620874"><ele>63.5</ele></trkpt>
<trkpt lon="5.516973" lat="50.620871"><ele>63.5</ele></trkpt>
<trkpt lon="5.514942" lat="50.620598"><ele>65.75</ele></trkpt>
<trkpt lon="5.514913" lat="50.620578"><ele>65.75</ele></trkpt>
<trkpt lon="5.514879" lat="50.620571"><ele>66.0</ele></trkpt>
<trkpt lon="5.514834" lat="50.620560"><ele>66.0</ele></trkpt>
<trkpt lon="5.514685" lat="50.620488"><ele>66.75</ele></trkpt>
<trkpt lon="5.514628" lat="50.620471"><ele>66.75</ele></trkpt>
<trkpt lon="5.514575" lat="50.620468"><ele>67.0</ele></trkpt>
<trkpt lon="5.514537" lat="50.620456"><ele>67.0</ele></trkpt>
<trkpt lon="5.514509" lat="50.620438"><ele>67.0</ele></trkpt>
<trkpt lon="5.514488" lat="50.620413"><ele>66.75</ele></trkpt>
<trkpt lon="5.514482" lat="50.620384"><ele>66.5</ele></trkpt>
<trkpt lon="5.514406" lat="50.620250"><ele>66.0</ele></trkpt>
<trkpt lon="5.514388" lat="50.620201"><ele>65.75</ele></trkpt>
<trkpt lon="5.514290" lat="50.620145"><ele>66.0</ele></trkpt>
<trkpt lon="5.514196" lat="50.620094"><ele>66.0</ele></trkpt>
<trkpt lon="5.513391" lat="50.619693"><ele>65.0</ele></trkpt>
<trkpt lon="5.513240" lat="50.619652"><ele>65.25</ele></trkpt>
<trkpt lon="5.513092" lat="50.619624"><ele>65.5</ele></trkpt>
<trkpt lon="5.512084" lat="50.619483"><ele>67.0</ele></trkpt>
<trkpt lon="5.512125" lat="50.619375"><ele>66.5</ele></trkpt>
<trkpt lon="5.512245" lat="50.619035"><ele>65.75</ele></trkpt>
<trkpt lon="5.512253" lat="50.618963"><ele>65.75</ele></trkpt>
<trkpt lon="5.512278" lat="50.618899"><ele>65.75</ele></trkpt>
<trkpt lon="5.512349" lat="50.618804"><ele>65.0</ele></trkpt>
<trkpt lon="5.512423" lat="50.618619"><ele>64.25</ele></trkpt>
<trkpt lon="5.512501" lat="50.618452"><ele>63.25</ele></trkpt>
<trkpt lon="5.512573" lat="50.618374"><ele>63.0</ele></trkpt>
<trkpt lon="5.512502" lat="50.618345"><ele>63.0</ele></trkpt>
<trkpt lon="5.512390" lat="50.618321"><ele>62.75</ele></trkpt>
<trkpt lon="5.512290" lat="50.618310"><ele>62.75</ele></trkpt>
<trkpt lon="5.512154" lat="50.618310"><ele>63.0</ele></trkpt>
<trkpt lon="5.512090" lat="50.618311"><ele>63.0</ele></trkpt>
<trkpt lon="5.511944" lat="50.618290"><ele>63.0</ele></trkpt>
<trkpt lon="5.511736" lat="50.618235"><ele>63.0</ele></trkpt>
<trkpt lon="5.510988" lat="50.618058"><ele>63.0</ele></trkpt>
<trkpt lon="5.511043" lat="50.618095"><ele>63.0</ele></trkpt>
<trkpt lon="5.511247" lat="50.618143"><ele>63.0</ele></trkpt>
<trkpt lon="5.511250" lat="50.618138"><ele>63.0</ele></trkpt>
<trkpt lon="5.511376" lat="50.617909"><ele>61.75</ele></trkpt>
<trkpt lon="5.511421" lat="50.617826"><ele>61.25</ele></trkpt>
<trkpt lon="5.511391" lat="50.617772"><ele>61.25</ele></trkpt>
<trkpt lon="5.511372" lat="50.617742"><ele>61.25</ele></trkpt>
<trkpt lon="5.511354" lat="50.617709"><ele>61.5</ele></trkpt>
<trkpt lon="5.511431" lat="50.617675"><ele>61.5</ele></trkpt>
<trkpt lon="5.511490" lat="50.617635"><ele>61.75</ele></trkpt>
<trkpt lon="5.511555" lat="50.617570"><ele>61.75</ele></trkpt>
<trkpt lon="5.511619" lat="50.617485"><ele>62.0</ele></trkpt>
<trkpt lon="5.511915" lat="50.616954"><ele>63.25</ele></trkpt>
<trkpt lon="5.511959" lat="50.616856"><ele>63.5</ele></trkpt>
<trkpt lon="5.511978" lat="50.616790"><ele>63.5</ele></trkpt>
<trkpt lon="5.511950" lat="50.616667"><ele>63.75</ele></trkpt>
<trkpt lon="5.511895" lat="50.616596"><ele>64.0</ele></trkpt>
<trkpt lon="5.511854" lat="50.616563"><ele>64.0</ele></trkpt>
<trkpt lon="5.511801" lat="50.616534"><ele>64.25</ele></trkpt>
<trkpt lon="5.511737" lat="50.616509"><ele>64.25</ele></trkpt>
<trkpt lon="5.511509" lat="50.616455"><ele>64.5</ele></trkpt>
<trkpt lon="5.510896" lat="50.616314"><ele>62.75</ele></trkpt>
<trkpt lon="5.510599" lat="50.616242"><ele>63.0</ele></trkpt>
<trkpt lon="5.510616" lat="50.616204"><ele>63.5</ele></trkpt>
<trkpt lon="5.510635" lat="50.616162"><ele>64.25</ele></trkpt>
<trkpt lon="5.510697" lat="50.616019"><ele>64.5</ele></trkpt>
<trkpt lon="5.510736" lat="50.615971"><ele>64.25</ele></trkpt>
<trkpt lon="5.510899" lat="50.615513"><ele>61.75</ele></trkpt>
<trkpt lon="5.511054" lat="50.615085"><ele>61.0</ele></trkpt>
<trkpt lon="5.510808" lat="50.615017"><ele>61.0</ele></trkpt>
<trkpt lon="5.510662" lat="50.614975"><ele>60.75</ele></trkpt>
<trkpt lon="5.510591" lat="50.614944"><ele>61.0</ele></trkpt>
<trkpt lon="5.509901" lat="50.614740"><ele>61.0</ele></trkpt>
<trkpt lon="5.509805" lat="50.614712"><ele>61.0</ele></trkpt>
<trkpt lon="5.509692" lat="50.614695"><ele>61.0</ele></trkpt>
<trkpt lon="5.509653" lat="50.614684"><ele>61.25</ele></trkpt>
<trkpt lon="5.509234" lat="50.614562"><ele>62.0</ele></trkpt>
<trkpt lon="5.508906" lat="50.614469"><ele>62.0</ele></trkpt>
<trkpt lon="5.508050" lat="50.614223"><ele>62.0</ele></trkpt>
<trkpt lon="5.507973" lat="50.614211"><ele>62.25</ele></trkpt>
<trkpt lon="5.507986" lat="50.614076"><ele>62.25</ele></trkpt>
<trkpt lon="5.507977" lat="50.613985"><ele>62.75</ele></trkpt>
<trkpt lon="5.507939" lat="50.613894"><ele>62.75</ele></trkpt>
<trkpt lon="5.507889" lat="50.613825"><ele>63.0</ele></trkpt>
<trkpt lon="5.507687" lat="50.613642"><ele>63.0</ele></trkpt>
<trkpt lon="5.507657" lat="50.613621"><ele>63.0</ele></trkpt>
<trkpt lon="5.507580" lat="50.613578"><ele>63.0</ele></trkpt>
<trkpt lon="5.507475" lat="50.613528"><ele>63.0</ele></trkpt>
<trkpt lon="5.506752" lat="50.613154"><ele>63.75</ele></trkpt>
<trkpt lon="5.506377" lat="50.612944"><ele>64.0</ele></trkpt>
<trkpt lon="5.505929" lat="50.612682"><ele>64.0</ele></trkpt>
<trkpt lon="5.505837" lat="50.612621"><ele>64.0</ele></trkpt>
<trkpt lon="5.505794" lat="50.612592"><ele>64.0</ele></trkpt>
<trkpt lon="5.505502" lat="50.612343"><ele>64.0</ele></trkpt>
<trkpt lon="5.504827" lat="50.611625"><ele>64.0</ele></trkpt>
<trkpt lon="5.504159" lat="50.610920"><ele>64.0</ele></trkpt>
<trkpt lon="5.503824" lat="50.610560"><ele>63.0</ele></trkpt>
<trkpt lon="5.503734" lat="50.610469"><ele>63.25</ele></trkpt>
<trkpt lon="5.503677" lat="50.610437"><ele>63.25</ele></trkpt>
<trkpt lon="5.503596" lat="50.610405"><ele>63.25</ele></trkpt>
<trkpt lon="5.503552" lat="50.610400"><ele>63.25</ele></trkpt>
<trkpt lon="5.503450" lat="50.610404"><ele>63.25</ele></trkpt>
<trkpt lon="5.503432" lat="50.610406"><ele>63.25</ele></trkpt>
<trkpt lon="5.503390" lat="50.610355"><ele>63.25</ele></trkpt>
<trkpt lon="5.502070" lat="50.609191"><ele>61.5</ele></trkpt>
<trkpt lon="5.501972" lat="50.609088"><ele>61.0</ele></trkpt>
<trkpt lon="5.501889" lat="50.608976"><ele>62.25</ele></trkpt>
<trkpt lon="5.501749" lat="50.608812"><ele>61.5</ele></trkpt>
<trkpt lon="5.501585" lat="50.608663"><ele>62.25</ele></trkpt>
<trkpt lon="5.501458" lat="50.608567"><ele>61.25</ele></trkpt>
<trkpt lon="5.501240" lat="50.608431"><ele>61.5</ele></trkpt>
<trkpt lon="5.500808" lat="50.608227"><ele>60.75</ele></trkpt>
<trkpt lon="5.500773" lat="50.608195"><ele>61.0</ele></trkpt>
<trkpt lon="5.500750" lat="50.608161"><ele>61.25</ele></trkpt>
<trkpt lon="5.500743" lat="50.608085"><ele>61.75</ele></trkpt>
<trkpt lon="5.500758" lat="50.608054"><ele>62.0</ele></trkpt>
<trkpt lon="5.500896" lat="50.607881"><ele>62.25</ele></trkpt>
<trkpt lon="5.500816" lat="50.607852"><ele>62.0</ele></trkpt>
<trkpt lon="5.500699" lat="50.607985"><ele>62.0</ele></trkpt>
<trkpt lon="5.500620" lat="50.607977"><ele>62.0</ele></trkpt>
<trkpt lon="5.500551" lat="50.607983"><ele>62.25</ele></trkpt>
<trkpt lon="5.500471" lat="50.607982"><ele>62.25</ele></trkpt>
<trkpt lon="5.500400" lat="50.607969"><ele>62.25</ele></trkpt>
<trkpt lon="5.500329" lat="50.607944"><ele>62.25</ele></trkpt>
<trkpt lon="5.499867" lat="50.607692"><ele>62.5</ele></trkpt>
<trkpt lon="5.499515" lat="50.607453"><ele>62.25</ele></trkpt>
<trkpt lon="5.499010" lat="50.607079"><ele>61.25</ele></trkpt>
<trkpt lon="5.498934" lat="50.607128"><ele>61.5</ele></trkpt>
<trkpt lon="5.498912" lat="50.607151"><ele>61.5</ele></trkpt>
<trkpt lon="5.498881" lat="50.607227"><ele>62.0</ele></trkpt>
<trkpt lon="5.498857" lat="50.607350"><ele>62.25</ele></trkpt>
<trkpt lon="5.498704" lat="50.607352"><ele>62.25</ele></trkpt>
<trkpt lon="5.498607" lat="50.607339"><ele>62.25</ele></trkpt>
<trkpt lon="5.497942" lat="50.607137"><ele>63.5</ele></trkpt>
<trkpt lon="5.497601" lat="50.607028"><ele>64.0</ele></trkpt>
<trkpt lon="5.497428" lat="50.606961"><ele>64.5</ele></trkpt>
<trkpt lon="5.497306" lat="50.606904"><ele>63.75</ele></trkpt>
<trkpt lon="5.497222" lat="50.606875"><ele>63.5</ele></trkpt>
<trkpt lon="5.497122" lat="50.606872"><ele>63.5</ele></trkpt>
<trkpt lon="5.497014" lat="50.606886"><ele>63.5</ele></trkpt>
<trkpt lon="5.496510" lat="50.606998"><ele>63.75</ele></trkpt>
<trkpt lon="5.496434" lat="50.606991"><ele>63.75</ele></trkpt>
<trkpt lon="5.496296" lat="50.606940"><ele>63.5</ele></trkpt>
<trkpt lon="5.496084" lat="50.606875"><ele>64.25</ele></trkpt>
<trkpt lon="5.496043" lat="50.606862"><ele>64.25</ele></trkpt>
<trkpt lon="5.495982" lat="50.606852"><ele>64.25</ele></trkpt>
<trkpt lon="5.495883" lat="50.606823"><ele>64.5</ele></trkpt>
<trkpt lon="5.495683" lat="50.606755"><ele>63.0</ele></trkpt>
<trkpt lon="5.495515" lat="50.606683"><ele>63.25</ele></trkpt>
<trkpt lon="5.494566" lat="50.606215"><ele>65.0</ele></trkpt>
<trkpt lon="5.494351" lat="50.606092"><ele>65.75</ele></trkpt>
<trkpt lon="5.493992" lat="50.605885"><ele>65.0</ele></trkpt>
<trkpt lon="5.493786" lat="50.605781"><ele>64.75</ele></trkpt>
<trkpt lon="5.491745" lat="50.604551"><ele>64.25</ele></trkpt>
<trkpt lon="5.488838" lat="50.602869"><ele>64.0</ele></trkpt>
<trkpt lon="5.487865" lat="50.602289"><ele>65.25</ele></trkpt>
<trkpt lon="5.487678" lat="50.602206"><ele>64.75</ele></trkpt>
<trkpt lon="5.487259" lat="50.601960"><ele>65.0</ele></trkpt>
<trkpt lon="5.486897" lat="50.601660"><ele>67.25</ele></trkpt>
<trkpt lon="5.486587" lat="50.601451"><ele>65.75</ele></trkpt>
<trkpt lon="5.486085" lat="50.601200"><ele>64.75</ele></trkpt>
<trkpt lon="5.485646" lat="50.600922"><ele>65.25</ele></trkpt>
<trkpt lon="5.484547" lat="50.600248"><ele>64.5</ele></trkpt>
<trkpt lon="5.484235" lat="50.600020"><ele>65.75</ele></trkpt>
<trkpt lon="5.483997" lat="50.599832"><ele>65.25</ele></trkpt>
<trkpt lon="5.483953" lat="50.599781"><ele>65.75</ele></trkpt>
<trkpt lon="5.483922" lat="50.599689"><ele>67.0</ele></trkpt>
<trkpt lon="5.483922" lat="50.599655"><ele>67.0</ele></trkpt>
<trkpt lon="5.483932" lat="50.599611"><ele>67.0</ele></trkpt>
<trkpt lon="5.483995" lat="50.599533"><ele>67.0</ele></trkpt>
<trkpt lon="5.485287" lat="50.598656"><ele>67.0</ele></trkpt>
<trkpt lon="5.485448" lat="50.598610"><ele>67.0</ele></trkpt>
<trkpt lon="5.485564" lat="50.598549"><ele>67.0</ele></trkpt>
<trkpt lon="5.485625" lat="50.598519"><ele>67.25</ele></trkpt>
<trkpt lon="5.485677" lat="50.598489"><ele>67.25</ele></trkpt>
<trkpt lon="5.485685" lat="50.598460"><ele>67.5</ele></trkpt>
<trkpt lon="5.485003" lat="50.597865"><ele>67.5</ele></trkpt>
<trkpt lon="5.484725" lat="50.597648"><ele>68.0</ele></trkpt>
<trkpt lon="5.484437" lat="50.597456"><ele>68.0</ele></trkpt>
<trkpt lon="5.484119" lat="50.597268"><ele>68.5</ele></trkpt>
<trkpt lon="5.483929" lat="50.597177"><ele>68.25</ele></trkpt>
<trkpt lon="5.483714" lat="50.597087"><ele>68.0</ele></trkpt>
<trkpt lon="5.483357" lat="50.596959"><ele>68.0</ele></trkpt>
<trkpt lon="5.483144" lat="50.596894"><ele>67.5</ele></trkpt>
<trkpt lon="5.482885" lat="50.596833"><ele>68.0</ele></trkpt>
<trkpt lon="5.482549" lat="50.596789"><ele>68.5</ele></trkpt>
<trkpt lon="5.482293" lat="50.596785"><ele>68.5</ele></trkpt>
<trkpt lon="5.482064" lat="50.596797"><ele>68.5</ele></trkpt>
<trkpt lon="5.481821" lat="50.596831"><ele>68.25</ele></trkpt>
<trkpt lon="5.481218" lat="50.597010"><ele>67.0</ele></trkpt>
<trkpt lon="5.481091" lat="50.597036"><ele>66.5</ele></trkpt>
<trkpt lon="5.481012" lat="50.597014"><ele>66.25</ele></trkpt>
<trkpt lon="5.480780" lat="50.596819"><ele>66.5</ele></trkpt>
<trkpt lon="5.480689" lat="50.596641"><ele>66.75</ele></trkpt>
<trkpt lon="5.480768" lat="50.596329"><ele>65.75</ele></trkpt>
<trkpt lon="5.480750" lat="50.596203"><ele>65.5</ele></trkpt>
<trkpt lon="5.480667" lat="50.596046"><ele>65.5</ele></trkpt>
<trkpt lon="5.480081" lat="50.595055"><ele>66.0</ele></trkpt>
<trkpt lon="5.480062" lat="50.594988"><ele>66.0</ele></trkpt>
<trkpt lon="5.480031" lat="50.594657"><ele>66.0</ele></trkpt>
<trkpt lon="5.480059" lat="50.594606"><ele>66.0</ele></trkpt>
<trkpt lon="5.480102" lat="50.594566"><ele>66.0</ele></trkpt>
<trkpt lon="5.480153" lat="50.594539"><ele>66.0</ele></trkpt>
<trkpt lon="5.480359" lat="50.594458"><ele>67.0</ele></trkpt>
<trkpt lon="5.480322" lat="50.594421"><ele>66.5</ele></trkpt>
<trkpt lon="5.480290" lat="50.594390"><ele>66.5</ele></trkpt>
<trkpt lon="5.480256" lat="50.594376"><ele>66.5</ele></trkpt>
<trkpt lon="5.480130" lat="50.594323"><ele>67.25</ele></trkpt>
<trkpt lon="5.479812" lat="50.594154"><ele>67.25</ele></trkpt>
<trkpt lon="5.479524" lat="50.594013"><ele>67.5</ele></trkpt>
<trkpt lon="5.479402" lat="50.593943"><ele>67.25</ele></trkpt>
<trkpt lon="5.479083" lat="50.593730"><ele>68.25</ele></trkpt>
<trkpt lon="5.478390" lat="50.593288"><ele>67.75</ele></trkpt>
<trkpt lon="5.477867" lat="50.592966"><ele>67.25</ele></trkpt>
<trkpt lon="5.477563" lat="50.592799"><ele>68.5</ele></trkpt>
<trkpt lon="5.477193" lat="50.592613"><ele>67.25</ele></trkpt>
<trkpt lon="5.476817" lat="50.592441"><ele>67.25</ele></trkpt>
<trkpt lon="5.476377" lat="50.592267"><ele>68.25</ele></trkpt>
<trkpt lon="5.475855" lat="50.592089"><ele>66.75</ele></trkpt>
<trkpt lon="5.475595" lat="50.592007"><ele>68.0</ele></trkpt>
<trkpt lon="5.474812" lat="50.591795"><ele>66.75</ele></trkpt>
<trkpt lon="5.474239" lat="50.591662"><ele>67.5</ele></trkpt>
<trkpt lon="5.473834" lat="50.591587"><ele>66.0</ele></trkpt>
<trkpt lon="5.473437" lat="50.591530"><ele>66.25</ele></trkpt>
<trkpt lon="5.472921" lat="50.591478"><ele>67.5</ele></trkpt>
<trkpt lon="5.472522" lat="50.591452"><ele>68.0</ele></trkpt>
<trkpt lon="5.471415" lat="50.591396"><ele>68.75</ele></trkpt>
<trkpt lon="5.471300" lat="50.591392"><ele>68.75</ele></trkpt>
<trkpt lon="5.471294" lat="50.591445"><ele>67.5</ele></trkpt>
<trkpt lon="5.471271" lat="50.591524"><ele>65.75</ele></trkpt>
<trkpt lon="5.470984" lat="50.591538"><ele>64.75</ele></trkpt>
<trkpt lon="5.470512" lat="50.591547"><ele>64.25</ele></trkpt>
<trkpt lon="5.463061" lat="50.590918"><ele>66.5</ele></trkpt>
<trkpt lon="5.462522" lat="50.590896"><ele>66.25</ele></trkpt>
<trkpt lon="5.461840" lat="50.590930"><ele>67.25</ele></trkpt>
<trkpt lon="5.461516" lat="50.590880"><ele>67.25</ele></trkpt>
<trkpt lon="5.461385" lat="50.590859"><ele>65.75</ele></trkpt>
<trkpt lon="5.459864" lat="50.590709"><ele>65.75</ele></trkpt>
<trkpt lon="5.459564" lat="50.590658"><ele>65.5</ele></trkpt>
<trkpt lon="5.459323" lat="50.590632"><ele>65.5</ele></trkpt>
<trkpt lon="5.459184" lat="50.590552"><ele>66.0</ele></trkpt>
<trkpt lon="5.458958" lat="50.590487"><ele>66.5</ele></trkpt>
<trkpt lon="5.458880" lat="50.590481"><ele>66.5</ele></trkpt>
<trkpt lon="5.458498" lat="50.590478"><ele>65.5</ele></trkpt>
<trkpt lon="5.458087" lat="50.590442"><ele>65.75</ele></trkpt>
<trkpt lon="5.457086" lat="50.590340"><ele>65.75</ele></trkpt>
<trkpt lon="5.456660" lat="50.590270"><ele>66.0</ele></trkpt>
<trkpt lon="5.456324" lat="50.590248"><ele>65.25</ele></trkpt>
<trkpt lon="5.455490" lat="50.590172"><ele>65.75</ele></trkpt>
<trkpt lon="5.452873" lat="50.589907"><ele>65.5</ele></trkpt>
<trkpt lon="5.452247" lat="50.589830"><ele>66.0</ele></trkpt>
<trkpt lon="5.451895" lat="50.589797"><ele>65.5</ele></trkpt>
<trkpt lon="5.450802" lat="50.589673"><ele>66.0</ele></trkpt>
<trkpt lon="5.448951" lat="50.589441"><ele>66.0</ele></trkpt>
<trkpt lon="5.448268" lat="50.589345"><ele>66.25</ele></trkpt>
<trkpt lon="5.447752" lat="50.589286"><ele>66.5</ele></trkpt>
<trkpt lon="5.446230" lat="50.589069"><ele>66.25</ele></trkpt>
<trkpt lon="5.446071" lat="50.589039"><ele>66.25</ele></trkpt>
<trkpt lon="5.445730" lat="50.588952"><ele>66.75</ele></trkpt>
<trkpt lon="5.445517" lat="50.588912"><ele>66.75</ele></trkpt>
<trkpt lon="5.445359" lat="50.588899"><ele>66.75</ele></trkpt>
<trkpt lon="5.445043" lat="50.588886"><ele>66.0</ele></trkpt>
<trkpt lon="5.444837" lat="50.588857"><ele>66.0</ele></trkpt>
<trkpt lon="5.440512" lat="50.588167"><ele>66.0</ele></trkpt>
<trkpt lon="5.439714" lat="50.588059"><ele>65.75</ele></trkpt>
<trkpt lon="5.436997" lat="50.587670"><ele>67.5</ele></trkpt>
<trkpt lon="5.436683" lat="50.587618"><ele>67.75</ele></trkpt>
<trkpt lon="5.436211" lat="50.587562"><ele>67.5</ele></trkpt>
<trkpt lon="5.434317" lat="50.587297"><ele>68.5</ele></trkpt>
<trkpt lon="5.433897" lat="50.587201"><ele>68.25</ele></trkpt>
<trkpt lon="5.433520" lat="50.587088"><ele>69.75</ele></trkpt>
<trkpt lon="5.433340" lat="50.587046"><ele>71.0</ele></trkpt>
<trkpt lon="5.432861" lat="50.586940"><ele>72.25</ele></trkpt>
<trkpt lon="5.432693" lat="50.586909"><ele>71.75</ele></trkpt>
<trkpt lon="5.432129" lat="50.586836"><ele>68.25</ele></trkpt>
<trkpt lon="5.431935" lat="50.586804"><ele>68.25</ele></trkpt>
<trkpt lon="5.431712" lat="50.586754"><ele>67.5</ele></trkpt>
<trkpt lon="5.431447" lat="50.586677"><ele>66.25</ele></trkpt>
<trkpt lon="5.431190" lat="50.586585"><ele>67.25</ele></trkpt>
<trkpt lon="5.430968" lat="50.586518"><ele>67.75</ele></trkpt>
<trkpt lon="5.430483" lat="50.586357"><ele>66.25</ele></trkpt>
<trkpt lon="5.427906" lat="50.585411"><ele>66.5</ele></trkpt>
<trkpt lon="5.427121" lat="50.585113"><ele>66.75</ele></trkpt>
<trkpt lon="5.426883" lat="50.585038"><ele>67.0</ele></trkpt>
<trkpt lon="5.425760" lat="50.584737"><ele>66.5</ele></trkpt>
<trkpt lon="5.424878" lat="50.584525"><ele>66.75</ele></trkpt>
<trkpt lon="5.423081" lat="50.584126"><ele>66.25</ele></trkpt>
<trkpt lon="5.422926" lat="50.584077"><ele>66.5</ele></trkpt>
<trkpt lon="5.422576" lat="50.583961"><ele>67.25</ele></trkpt>
<trkpt lon="5.422584" lat="50.583943"><ele>67.5</ele></trkpt>
<trkpt lon="5.422597" lat="50.583919"><ele>67.75</ele></trkpt>
<trkpt lon="5.422609" lat="50.583894"><ele>68.25</ele></trkpt>
<trkpt lon="5.422632" lat="50.583858"><ele>68.5</ele></trkpt>
<trkpt lon="5.422536" lat="50.583837"><ele>68.25</ele></trkpt>
<trkpt lon="5.421896" lat="50.583693"><ele>68.0</ele></trkpt>
<trkpt lon="5.421178" lat="50.583517"><ele>68.75</ele></trkpt>
<trkpt lon="5.420510" lat="50.583384"><ele>68.5</ele></trkpt>
<trkpt lon="5.419920" lat="50.583291"><ele>68.75</ele></trkpt>
<trkpt lon="5.419488" lat="50.583196"><ele>68.25</ele></trkpt>
<trkpt lon="5.417316" lat="50.582839"><ele>67.5</ele></trkpt>
<trkpt lon="5.416706" lat="50.582728"><ele>68.0</ele></trkpt>
<trkpt lon="5.416434" lat="50.582673"><ele>68.0</ele></trkpt>
<trkpt lon="5.415895" lat="50.582547"><ele>67.5</ele></trkpt>
<trkpt lon="5.415566" lat="50.582462"><ele>67.75</ele></trkpt>
<trkpt lon="5.415203" lat="50.582359"><ele>67.75</ele></trkpt>
<trkpt lon="5.414847" lat="50.582251"><ele>67.5</ele></trkpt>
<trkpt lon="5.414195" lat="50.582029"><ele>68.0</ele></trkpt>
<trkpt lon="5.413531" lat="50.581778"><ele>68.0</ele></trkpt>
<trkpt lon="5.413131" lat="50.581599"><ele>68.25</ele></trkpt>
<trkpt lon="5.412419" lat="50.581241"><ele>69.75</ele></trkpt>
<trkpt lon="5.411166" lat="50.580592"><ele>69.25</ele></trkpt>
<trkpt lon="5.410823" lat="50.580347"><ele>69.0</ele></trkpt>
<trkpt lon="5.410584" lat="50.580192"><ele>69.5</ele></trkpt>
<trkpt lon="5.410485" lat="50.580110"><ele>70.0</ele></trkpt>
<trkpt lon="5.410457" lat="50.580067"><ele>70.0</ele></trkpt>
<trkpt lon="5.410318" lat="50.579753"><ele>71.0</ele></trkpt>
<trkpt lon="5.410256" lat="50.579693"><ele>71.0</ele></trkpt>
<trkpt lon="5.410116" lat="50.579485"><ele>71.25</ele></trkpt>
<trkpt lon="5.410036" lat="50.579406"><ele>71.25</ele></trkpt>
<trkpt lon="5.409926" lat="50.579317"><ele>71.5</ele></trkpt>
<trkpt lon="5.409755" lat="50.579152"><ele>72.0</ele></trkpt>
<trkpt lon="5.409716" lat="50.579079"><ele>72.25</ele></trkpt>
<trkpt lon="5.409625" lat="50.579000"><ele>71.75</ele></trkpt>
<trkpt lon="5.409583" lat="50.578953"><ele>72.0</ele></trkpt>
<trkpt lon="5.409529" lat="50.578869"><ele>72.0</ele></trkpt>
<trkpt lon="5.409463" lat="50.578794"><ele>71.5</ele></trkpt>
<trkpt lon="5.409376" lat="50.578726"><ele>71.5</ele></trkpt>
<trkpt lon="5.409200" lat="50.578617"><ele>73.5</ele></trkpt>
<trkpt lon="5.409125" lat="50.578585"><ele>73.75</ele></trkpt>
<trkpt lon="5.409075" lat="50.578574"><ele>73.5</ele></trkpt>
<trkpt lon="5.409004" lat="50.578571"><ele>73.0</ele></trkpt>
<trkpt lon="5.408934" lat="50.578580"><ele>72.5</ele></trkpt>
<trkpt lon="5.408857" lat="50.578607"><ele>72.0</ele></trkpt>
<trkpt lon="5.408791" lat="50.578558"><ele>72.5</ele></trkpt>
<trkpt lon="5.408718" lat="50.578508"><ele>72.75</ele></trkpt>
<trkpt lon="5.408615" lat="50.578570"><ele>73.0</ele></trkpt>
<trkpt lon="5.408555" lat="50.578596"><ele>73.25</ele></trkpt>
<trkpt lon="5.408489" lat="50.578608"><ele>73.25</ele></trkpt>
<trkpt lon="5.408426" lat="50.578604"><ele>73.5</ele></trkpt>
<trkpt lon="5.408384" lat="50.578592"><ele>73.5</ele></trkpt>
<trkpt lon="5.408321" lat="50.578554"><ele>73.0</ele></trkpt>
<trkpt lon="5.408239" lat="50.578489"><ele>72.5</ele></trkpt>
<trkpt lon="5.408035" lat="50.578321"><ele>72.75</ele></trkpt>
<trkpt lon="5.407834" lat="50.578160"><ele>72.25</ele></trkpt>
<trkpt lon="5.407584" lat="50.577949"><ele>71.5</ele></trkpt>
<trkpt lon="5.407322" lat="50.577740"><ele>71.25</ele></trkpt>
<trkpt lon="5.407024" lat="50.577524"><ele>71.0</ele></trkpt>
<trkpt lon="5.406731" lat="50.577331"><ele>71.25</ele></trkpt>
<trkpt lon="5.406484" lat="50.577166"><ele>70.25</ele></trkpt>
<trkpt lon="5.406225" lat="50.576999"><ele>70.0</ele></trkpt>
<trkpt lon="5.405982" lat="50.576844"><ele>70.75</ele></trkpt>
<trkpt lon="5.405745" lat="50.576686"><ele>69.5</ele></trkpt>
<trkpt lon="5.405501" lat="50.576531"><ele>69.5</ele></trkpt>
<trkpt lon="5.405256" lat="50.576369"><ele>69.5</ele></trkpt>
<trkpt lon="5.405002" lat="50.576210"><ele>69.5</ele></trkpt>
<trkpt lon="5.404746" lat="50.576061"><ele>69.75</ele></trkpt>
<trkpt lon="5.404506" lat="50.575937"><ele>70.75</ele></trkpt>
<trkpt lon="5.404336" lat="50.575855"><ele>69.75</ele></trkpt>
<trkpt lon="5.404150" lat="50.575773"><ele>70.0</ele></trkpt>
<trkpt lon="5.403848" lat="50.575641"><ele>69.5</ele></trkpt>
<trkpt lon="5.403551" lat="50.575515"><ele>69.75</ele></trkpt>
<trkpt lon="5.403257" lat="50.575390"><ele>69.75</ele></trkpt>
<trkpt lon="5.402974" lat="50.575272"><ele>69.0</ele></trkpt>
<trkpt lon="5.402684" lat="50.575150"><ele>70.75</ele></trkpt>
<trkpt lon="5.402389" lat="50.575029"><ele>69.5</ele></trkpt>
<trkpt lon="5.402163" lat="50.574938"><ele>70.25</ele></trkpt>
<trkpt lon="5.401798" lat="50.574792"><ele>70.75</ele></trkpt>
<trkpt lon="5.401499" lat="50.574670"><ele>71.0</ele></trkpt>
<trkpt lon="5.401198" lat="50.574548"><ele>71.5</ele></trkpt>
<trkpt lon="5.400891" lat="50.574426"><ele>69.5</ele></trkpt>
<trkpt lon="5.400582" lat="50.574299"><ele>71.5</ele></trkpt>
<trkpt lon="5.400292" lat="50.574180"><ele>69.25</ele></trkpt>
<trkpt lon="5.400017" lat="50.574069"><ele>70.25</ele></trkpt>
<trkpt lon="5.399705" lat="50.573942"><ele>69.5</ele></trkpt>
<trkpt lon="5.399380" lat="50.573807"><ele>69.75</ele></trkpt>
<trkpt lon="5.399168" lat="50.573721"><ele>69.0</ele></trkpt>
<trkpt lon="5.398807" lat="50.573575"><ele>69.75</ele></trkpt>
<trkpt lon="5.398517" lat="50.573459"><ele>70.0</ele></trkpt>
<trkpt lon="5.398229" lat="50.573342"><ele>69.0</ele></trkpt>
<trkpt lon="5.397930" lat="50.573222"><ele>70.75</ele></trkpt>
<trkpt lon="5.397645" lat="50.573109"><ele>69.75</ele></trkpt>
<trkpt lon="5.397323" lat="50.572969"><ele>70.75</ele></trkpt>
<trkpt lon="5.397041" lat="50.572849"><ele>70.75</ele></trkpt>
<trkpt lon="5.396764" lat="50.572723"><ele>70.5</ele></trkpt>
<trkpt lon="5.396452" lat="50.572581"><ele>70.5</ele></trkpt>
<trkpt lon="5.396169" lat="50.572453"><ele>70.5</ele></trkpt>
<trkpt lon="5.395885" lat="50.572324"><ele>70.25</ele></trkpt>
<trkpt lon="5.395603" lat="50.572196"><ele>69.5</ele></trkpt>
<trkpt lon="5.395316" lat="50.572065"><ele>70.0</ele></trkpt>
<trkpt lon="5.395025" lat="50.571934"><ele>69.0</ele></trkpt>
<trkpt lon="5.394933" lat="50.571892"><ele>70.0</ele></trkpt>
<trkpt lon="5.394800" lat="50.571831"><ele>70.0</ele></trkpt>
<trkpt lon="5.394743" lat="50.571805"><ele>69.5</ele></trkpt>
<trkpt lon="5.394442" lat="50.571665"><ele>69.0</ele></trkpt>
<trkpt lon="5.394158" lat="50.571541"><ele>69.75</ele></trkpt>
<trkpt lon="5.393894" lat="50.571419"><ele>69.0</ele></trkpt>
<trkpt lon="5.393605" lat="50.571289"><ele>70.0</ele></trkpt>
<trkpt lon="5.393274" lat="50.571136"><ele>68.75</ele></trkpt>
<trkpt lon="5.392942" lat="50.570986"><ele>70.25</ele></trkpt>
<trkpt lon="5.392649" lat="50.570851"><ele>69.75</ele></trkpt>
<trkpt lon="5.392285" lat="50.570683"><ele>71.0</ele></trkpt>
<trkpt lon="5.391956" lat="50.570534"><ele>69.25</ele></trkpt>
<trkpt lon="5.391628" lat="50.570377"><ele>70.25</ele></trkpt>
<trkpt lon="5.391324" lat="50.570204"><ele>70.0</ele></trkpt>
<trkpt lon="5.391027" lat="50.570021"><ele>69.5</ele></trkpt>
<trkpt lon="5.390778" lat="50.569866"><ele>70.0</ele></trkpt>
<trkpt lon="5.390521" lat="50.569709"><ele>69.25</ele></trkpt>
<trkpt lon="5.390201" lat="50.569511"><ele>69.25</ele></trkpt>
<trkpt lon="5.389983" lat="50.569375"><ele>69.5</ele></trkpt>
<trkpt lon="5.389764" lat="50.569239"><ele>69.5</ele></trkpt>
<trkpt lon="5.389512" lat="50.569083"><ele>69.25</ele></trkpt>
<trkpt lon="5.389259" lat="50.568925"><ele>69.25</ele></trkpt>
<trkpt lon="5.388999" lat="50.568764"><ele>69.0</ele></trkpt>
<trkpt lon="5.388736" lat="50.568602"><ele>69.0</ele></trkpt>
<trkpt lon="5.388587" lat="50.568508"><ele>69.0</ele></trkpt>
<trkpt lon="5.388260" lat="50.568305"><ele>69.0</ele></trkpt>
<trkpt lon="5.387929" lat="50.568102"><ele>69.25</ele></trkpt>
<trkpt lon="5.387728" lat="50.567979"><ele>69.0</ele></trkpt>
<trkpt lon="5.387469" lat="50.567820"><ele>69.0</ele></trkpt>
<trkpt lon="5.386987" lat="50.567516"><ele>69.0</ele></trkpt>
<trkpt lon="5.386803" lat="50.567399"><ele>69.0</ele></trkpt>
<trkpt lon="5.386751" lat="50.567383"><ele>69.0</ele></trkpt>
<trkpt lon="5.386711" lat="50.567406"><ele>69.0</ele></trkpt>
<trkpt lon="5.386668" lat="50.567426"><ele>69.0</ele></trkpt>
<trkpt lon="5.386292" lat="50.567197"><ele>69.0</ele></trkpt>
<trkpt lon="5.386185" lat="50.567186"><ele>69.0</ele></trkpt>
<trkpt lon="5.386125" lat="50.567149"><ele>69.0</ele></trkpt>
<trkpt lon="5.386037" lat="50.567088"><ele>69.0</ele></trkpt>
<trkpt lon="5.386007" lat="50.567056"><ele>69.0</ele></trkpt>
<trkpt lon="5.385949" lat="50.567021"><ele>69.0</ele></trkpt>
<trkpt lon="5.385843" lat="50.566977"><ele>69.0</ele></trkpt>
<trkpt lon="5.385732" lat="50.566942"><ele>69.25</ele></trkpt>
<trkpt lon="5.385392" lat="50.566880"><ele>70.5</ele></trkpt>
<trkpt lon="5.384775" lat="50.566793"><ele>70.25</ele></trkpt>
<trkpt lon="5.384309" lat="50.566749"><ele>71.5</ele></trkpt>
<trkpt lon="5.383732" lat="50.566748"><ele>72.25</ele></trkpt>
<trkpt lon="5.380297" lat="50.566787"><ele>74.0</ele></trkpt>
<trkpt lon="5.378756" lat="50.566842"><ele>75.0</ele></trkpt>
<trkpt lon="5.377810" lat="50.566868"><ele>74.5</ele></trkpt>
<trkpt lon="5.377338" lat="50.566852"><ele>74.25</ele></trkpt>
<trkpt lon="5.377017" lat="50.566820"><ele>74.0</ele></trkpt>
<trkpt lon="5.376609" lat="50.566749"><ele>71.75</ele></trkpt>
<trkpt lon="5.376023" lat="50.566619"><ele>69.75</ele></trkpt>
<trkpt lon="5.375864" lat="50.566582"><ele>69.0</ele></trkpt>
<trkpt lon="5.375714" lat="50.566531"><ele>69.0</ele></trkpt>
<trkpt lon="5.375543" lat="50.566463"><ele>69.0</ele></trkpt>
<trkpt lon="5.375348" lat="50.566410"><ele>68.25</ele></trkpt>
<trkpt lon="5.363340" lat="50.563554"><ele>69.0</ele></trkpt>
<trkpt lon="5.361937" lat="50.563214"><ele>69.0</ele></trkpt>
<trkpt lon="5.359684" lat="50.562574"><ele>69.0</ele></trkpt>
<trkpt lon="5.359637" lat="50.562556"><ele>69.0</ele></trkpt>
<trkpt lon="5.359602" lat="50.562530"><ele>69.25</ele></trkpt>
<trkpt lon="5.359584" lat="50.562503"><ele>69.25</ele></trkpt>
<trkpt lon="5.359564" lat="50.562453"><ele>69.5</ele></trkpt>
<trkpt lon="5.359547" lat="50.562447"><ele>69.5</ele></trkpt>
<trkpt lon="5.359493" lat="50.562431"><ele>69.75</ele></trkpt>
<trkpt lon="5.359389" lat="50.562522"><ele>69.75</ele></trkpt>
<trkpt lon="5.359222" lat="50.562615"><ele>69.75</ele></trkpt>
<trkpt lon="5.359059" lat="50.562675"><ele>70.0</ele></trkpt>
<trkpt lon="5.358918" lat="50.562696"><ele>70.0</ele></trkpt>
<trkpt lon="5.358692" lat="50.562699"><ele>70.5</ele></trkpt>
<trkpt lon="5.357983" lat="50.562686"><ele>70.5</ele></trkpt>
<trkpt lon="5.356322" lat="50.562645"><ele>73.5</ele></trkpt>
<trkpt lon="5.356121" lat="50.562654"><ele>74.0</ele></trkpt>
<trkpt lon="5.355956" lat="50.562681"><ele>74.75</ele></trkpt>
<trkpt lon="5.355838" lat="50.562725"><ele>75.5</ele></trkpt>
<trkpt lon="5.355763" lat="50.562771"><ele>75.25</ele></trkpt>
<trkpt lon="5.355700" lat="50.562838"><ele>74.0</ele></trkpt>
<trkpt lon="5.354489" lat="50.564328"><ele>70.0</ele></trkpt>
<trkpt lon="5.354416" lat="50.564420"><ele>72.75</ele></trkpt>
<trkpt lon="5.354337" lat="50.564389"><ele>71.0</ele></trkpt>
<trkpt lon="5.354434" lat="50.564273"><ele>68.25</ele></trkpt>
<trkpt lon="5.354379" lat="50.564254"><ele>67.5</ele></trkpt>
<trkpt lon="5.353333" lat="50.563931"><ele>66.5</ele></trkpt>
<trkpt lon="5.350935" lat="50.563105"><ele>67.0</ele></trkpt>
<trkpt lon="5.350039" lat="50.562718"><ele>67.75</ele></trkpt>
<trkpt lon="5.349009" lat="50.562342"><ele>67.25</ele></trkpt>
<trkpt lon="5.348049" lat="50.562039"><ele>67.25</ele></trkpt>
<trkpt lon="5.347281" lat="50.561868"><ele>68.5</ele></trkpt>
<trkpt lon="5.346810" lat="50.561737"><ele>67.25</ele></trkpt>
<trkpt lon="5.345683" lat="50.561350"><ele>67.5</ele></trkpt>
<trkpt lon="5.344922" lat="50.561072"><ele>67.75</ele></trkpt>
<trkpt lon="5.344104" lat="50.560783"><ele>67.75</ele></trkpt>
<trkpt lon="5.343315" lat="50.560529"><ele>67.75</ele></trkpt>
<trkpt lon="5.342848" lat="50.560367"><ele>67.0</ele></trkpt>
<trkpt lon="5.341509" lat="50.559859"><ele>67.5</ele></trkpt>
<trkpt lon="5.340440" lat="50.559384"><ele>67.5</ele></trkpt>
<trkpt lon="5.339973" lat="50.559184"><ele>66.5</ele></trkpt>
<trkpt lon="5.339543" lat="50.558982"><ele>66.75</ele></trkpt>
<trkpt lon="5.337966" lat="50.558292"><ele>67.5</ele></trkpt>
<trkpt lon="5.337174" lat="50.557915"><ele>68.0</ele></trkpt>
<trkpt lon="5.336569" lat="50.557595"><ele>66.75</ele></trkpt>
<trkpt lon="5.335901" lat="50.557285"><ele>66.0</ele></trkpt>
<trkpt lon="5.335317" lat="50.557000"><ele>67.25</ele></trkpt>
<trkpt lon="5.334877" lat="50.556754"><ele>67.25</ele></trkpt>
<trkpt lon="5.334182" lat="50.556322"><ele>67.75</ele></trkpt>
<trkpt lon="5.333986" lat="50.556187"><ele>67.25</ele></trkpt>
<trkpt lon="5.333589" lat="50.555892"><ele>67.0</ele></trkpt>
<trkpt lon="5.333201" lat="50.555592"><ele>67.25</ele></trkpt>
<trkpt lon="5.333101" lat="50.555494"><ele>67.25</ele></trkpt>
<trkpt lon="5.333038" lat="50.555389"><ele>66.75</ele></trkpt>
<trkpt lon="5.332800" lat="50.554956"><ele>67.5</ele></trkpt>
<trkpt lon="5.332664" lat="50.554612"><ele>66.75</ele></trkpt>
<trkpt lon="5.332371" lat="50.553704"><ele>67.75</ele></trkpt>
<trkpt lon="5.332007" lat="50.553730"><ele>68.75</ele></trkpt>
<trkpt lon="5.331610" lat="50.553239"><ele>69.0</ele></trkpt>
<trkpt lon="5.331277" lat="50.552856"><ele>69.0</ele></trkpt>
<trkpt lon="5.331049" lat="50.552614"><ele>69.0</ele></trkpt>
<trkpt lon="5.330344" lat="50.551947"><ele>67.75</ele></trkpt>
<trkpt lon="5.330184" lat="50.551796"><ele>68.0</ele></trkpt>
<trkpt lon="5.328618" lat="50.551877"><ele>68.75</ele></trkpt>
<trkpt lon="5.328395" lat="50.551766"><ele>69.75</ele></trkpt>
<trkpt lon="5.328257" lat="50.551833"><ele>69.5</ele></trkpt>
<trkpt lon="5.328015" lat="50.551852"><ele>69.25</ele></trkpt>
<trkpt lon="5.327990" lat="50.551887"><ele>69.0</ele></trkpt>
<trkpt lon="5.327431" lat="50.551923"><ele>69.0</ele></trkpt>
<trkpt lon="5.326882" lat="50.551318"><ele>69.0</ele></trkpt>
<trkpt lon="5.326565" lat="50.550969"><ele>68.25</ele></trkpt>
<trkpt lon="5.326098" lat="50.550226"><ele>68.25</ele></trkpt>
<trkpt lon="5.325916" lat="50.550035"><ele>69.0</ele></trkpt>
<trkpt lon="5.325658" lat="50.549886"><ele>69.0</ele></trkpt>
<trkpt lon="5.324995" lat="50.549312"><ele>69.0</ele></trkpt>
<trkpt lon="5.324544" lat="50.548886"><ele>70.0</ele></trkpt>
<trkpt lon="5.324495" lat="50.548871"><ele>70.0</ele></trkpt>
<trkpt lon="5.324491" lat="50.548845"><ele>70.0</ele></trkpt>
<trkpt lon="5.324473" lat="50.548814"><ele>70.0</ele></trkpt>
<trkpt lon="5.324289" lat="50.548644"><ele>70.5</ele></trkpt>
<trkpt lon="5.324121" lat="50.548503"><ele>70.5</ele></trkpt>
<trkpt lon="5.323538" lat="50.548053"><ele>70.0</ele></trkpt>
<trkpt lon="5.322317" lat="50.547182"><ele>69.75</ele></trkpt>
<trkpt lon="5.321788" lat="50.546816"><ele>70.0</ele></trkpt>
<trkpt lon="5.321167" lat="50.546467"><ele>70.75</ele></trkpt>
<trkpt lon="5.321080" lat="50.546526"><ele>70.75</ele></trkpt>
<trkpt lon="5.320980" lat="50.546471"><ele>70.5</ele></trkpt>
<trkpt lon="5.320879" lat="50.546419"><ele>70.25</ele></trkpt>
<trkpt lon="5.320678" lat="50.546314"><ele>70.5</ele></trkpt>
<trkpt lon="5.320447" lat="50.546189"><ele>71.0</ele></trkpt>
<trkpt lon="5.320301" lat="50.546192"><ele>71.0</ele></trkpt>
<trkpt lon="5.320100" lat="50.546195"><ele>71.0</ele></trkpt>
<trkpt lon="5.319728" lat="50.546013"><ele>71.0</ele></trkpt>
<trkpt lon="5.319300" lat="50.545786"><ele>69.5</ele></trkpt>
<trkpt lon="5.318635" lat="50.545434"><ele>69.75</ele></trkpt>
<trkpt lon="5.318274" lat="50.545260"><ele>69.75</ele></trkpt>
<trkpt lon="5.318160" lat="50.545233"><ele>69.25</ele></trkpt>
<trkpt lon="5.317919" lat="50.545212"><ele>69.0</ele></trkpt>
<trkpt lon="5.317621" lat="50.545194"><ele>69.25</ele></trkpt>
<trkpt lon="5.316775" lat="50.545146"><ele>69.25</ele></trkpt>
<trkpt lon="5.315990" lat="50.545102"><ele>70.0</ele></trkpt>
<trkpt lon="5.315886" lat="50.545081"><ele>70.0</ele></trkpt>
<trkpt lon="5.315825" lat="50.545154"><ele>70.0</ele></trkpt>
<trkpt lon="5.315688" lat="50.545275"><ele>70.0</ele></trkpt>
<trkpt lon="5.314941" lat="50.546047"><ele>70.75</ele></trkpt>
<trkpt lon="5.314735" lat="50.546281"><ele>71.0</ele></trkpt>
<trkpt lon="5.314682" lat="50.546342"><ele>71.0</ele></trkpt>
<trkpt lon="5.314341" lat="50.546787"><ele>73.75</ele></trkpt>
<trkpt lon="5.314149" lat="50.546694"><ele>72.75</ele></trkpt>
<trkpt lon="5.313251" lat="50.546097"><ele>73.0</ele></trkpt>
<trkpt lon="5.313071" lat="50.545986"><ele>73.25</ele></trkpt>
<trkpt lon="5.313071" lat="50.545986"><ele>73.0</ele></trkpt>
<trkpt lon="5.312989" lat="50.545935"><ele>73.25</ele></trkpt>
<trkpt lon="5.312664" lat="50.545734"><ele>72.0</ele></trkpt>
<trkpt lon="5.312436" lat="50.545608"><ele>72.0</ele></trkpt>
<trkpt lon="5.312260" lat="50.545512"><ele>72.25</ele></trkpt>
<trkpt lon="5.311244" lat="50.545061"><ele>71.0</ele></trkpt>
<trkpt lon="5.310768" lat="50.544876"><ele>71.0</ele></trkpt>
<trkpt lon="5.308350" lat="50.544140"><ele>70.75</ele></trkpt>
<trkpt lon="5.307649" lat="50.543821"><ele>71.75</ele></trkpt>
<trkpt lon="5.307680" lat="50.543768"><ele>71.5</ele></trkpt>
<trkpt lon="5.306835" lat="50.543292"><ele>70.0</ele></trkpt>
<trkpt lon="5.306529" lat="50.543225"><ele>70.0</ele></trkpt>
<trkpt lon="5.306022" lat="50.543093"><ele>70.0</ele></trkpt>
<trkpt lon="5.305374" lat="50.542924"><ele>70.0</ele></trkpt>
<trkpt lon="5.305659" lat="50.542553"><ele>70.25</ele></trkpt>
<trkpt lon="5.305754" lat="50.542431"><ele>70.5</ele></trkpt>
<trkpt lon="5.305781" lat="50.542345"><ele>70.25</ele></trkpt>
<trkpt lon="5.305636" lat="50.542138"><ele>70.0</ele></trkpt>
<trkpt lon="5.305342" lat="50.542003"><ele>70.0</ele></trkpt>
<trkpt lon="5.304288" lat="50.541689"><ele>70.0</ele></trkpt>
<trkpt lon="5.303631" lat="50.541474"><ele>70.25</ele></trkpt>
<trkpt lon="5.303048" lat="50.541242"><ele>70.0</ele></trkpt>
<trkpt lon="5.301715" lat="50.540680"><ele>70.5</ele></trkpt>
<trkpt lon="5.301554" lat="50.540648"><ele>70.75</ele></trkpt>
<trkpt lon="5.301557" lat="50.540611"><ele>70.75</ele></trkpt>
<trkpt lon="5.301604" lat="50.540616"><ele>70.75</ele></trkpt>
<trkpt lon="5.301628" lat="50.540553"><ele>71.0</ele></trkpt>
<trkpt lon="5.301669" lat="50.540404"><ele>71.0</ele></trkpt>
<trkpt lon="5.301789" lat="50.540418"><ele>71.0</ele></trkpt>
<trkpt lon="5.301789" lat="50.540402"><ele>71.0</ele></trkpt>
<trkpt lon="5.301638" lat="50.540376"><ele>71.0</ele></trkpt>
<trkpt lon="5.301268" lat="50.540310"><ele>70.75</ele></trkpt>
<trkpt lon="5.301113" lat="50.540307"><ele>70.75</ele></trkpt>
<trkpt lon="5.299967" lat="50.539834"><ele>70.5</ele></trkpt>
<trkpt lon="5.299425" lat="50.539626"><ele>70.75</ele></trkpt>
<trkpt lon="5.300150" lat="50.538380"><ele>71.0</ele></trkpt>
<trkpt lon="5.300196" lat="50.538300"><ele>71.0</ele></trkpt>
<trkpt lon="5.300532" lat="50.537721"><ele>71.0</ele></trkpt>
<trkpt lon="5.299650" lat="50.537563"><ele>71.0</ele></trkpt>
<trkpt lon="5.299400" lat="50.537519"><ele>71.0</ele></trkpt>
<trkpt lon="5.298649" lat="50.537453"><ele>71.0</ele></trkpt>
<trkpt lon="5.298050" lat="50.537400"><ele>71.0</ele></trkpt>
<trkpt lon="5.297232" lat="50.537305"><ele>71.0</ele></trkpt>
<trkpt lon="5.297755" lat="50.536165"><ele>71.0</ele></trkpt>
<trkpt lon="5.297791" lat="50.536104"><ele>71.0</ele></trkpt>
<trkpt lon="5.297838" lat="50.536057"><ele>71.0</ele></trkpt>
<trkpt lon="5.298221" lat="50.535814"><ele>71.0</ele></trkpt>
<trkpt lon="5.298335" lat="50.535730"><ele>71.0</ele></trkpt>
<trkpt lon="5.298307" lat="50.535719"><ele>71.0</ele></trkpt>
<trkpt lon="5.297750" lat="50.535481"><ele>71.0</ele></trkpt>
<trkpt lon="5.297610" lat="50.535424"><ele>71.0</ele></trkpt>
<trkpt lon="5.297568" lat="50.535377"><ele>70.75</ele></trkpt>
<trkpt lon="5.296437" lat="50.534021"><ele>70.5</ele></trkpt>
<trkpt lon="5.295901" lat="50.532884"><ele>70.25</ele></trkpt>
<trkpt lon="5.295795" lat="50.532669"><ele>70.25</ele></trkpt>
<trkpt lon="5.295630" lat="50.532336"><ele>70.25</ele></trkpt>
<trkpt lon="5.295455" lat="50.532368"><ele>70.25</ele></trkpt>
<trkpt lon="5.295408" lat="50.532330"><ele>70.25</ele></trkpt>
<trkpt lon="5.295374" lat="50.532336"><ele>70.0</ele></trkpt>
<trkpt lon="5.294701" lat="50.532446"><ele>70.0</ele></trkpt>
<trkpt lon="5.294648" lat="50.532347"><ele>70.0</ele></trkpt>
<trkpt lon="5.294552" lat="50.532366"><ele>70.0</ele></trkpt>
<trkpt lon="5.291282" lat="50.532990"><ele>70.25</ele></trkpt>
<trkpt lon="5.290702" lat="50.533106"><ele>70.0</ele></trkpt>
<trkpt lon="5.290581" lat="50.533131"><ele>70.0</ele></trkpt>
<trkpt lon="5.290116" lat="50.533224"><ele>70.5</ele></trkpt>
<trkpt lon="5.289806" lat="50.533371"><ele>70.5</ele></trkpt>
<trkpt lon="5.287444" lat="50.533826"><ele>73.0</ele></trkpt>
<trkpt lon="5.284550" lat="50.534529"><ele>74.0</ele></trkpt>
<trkpt lon="5.283487" lat="50.534930"><ele>70.25</ele></trkpt>
<trkpt lon="5.282863" lat="50.535066"><ele>70.0</ele></trkpt>
<trkpt lon="5.282629" lat="50.534991"><ele>70.0</ele></trkpt>
<trkpt lon="5.282370" lat="50.534908"><ele>70.0</ele></trkpt>
<trkpt lon="5.282226" lat="50.534890"><ele>70.25</ele></trkpt>
<trkpt lon="5.282077" lat="50.534911"><ele>70.25</ele></trkpt>
<trkpt lon="5.281893" lat="50.535006"><ele>70.0</ele></trkpt>
<trkpt lon="5.281788" lat="50.535107"><ele>70.25</ele></trkpt>
<trkpt lon="5.281617" lat="50.535331"><ele>70.0</ele></trkpt>
<trkpt lon="5.281241" lat="50.535437"><ele>70.0</ele></trkpt>
<trkpt lon="5.280343" lat="50.535617"><ele>70.0</ele></trkpt>
<trkpt lon="5.278313" lat="50.535963"><ele>70.0</ele></trkpt>
<trkpt lon="5.276426" lat="50.536201"><ele>70.25</ele></trkpt>
<trkpt lon="5.274664" lat="50.536348"><ele>69.0</ele></trkpt>
<trkpt lon="5.273213" lat="50.536414"><ele>70.75</ele></trkpt>
<trkpt lon="5.271924" lat="50.536437"><ele>70.5</ele></trkpt>
<trkpt lon="5.270829" lat="50.536435"><ele>70.75</ele></trkpt>
<trkpt lon="5.268199" lat="50.536358"><ele>70.5</ele></trkpt>
<trkpt lon="5.265284" lat="50.536182"><ele>70.5</ele></trkpt>
<trkpt lon="5.265207" lat="50.536173"><ele>70.75</ele></trkpt>
<trkpt lon="5.265431" lat="50.535427"><ele>71.5</ele></trkpt>
<trkpt lon="5.265438" lat="50.535342"><ele>71.0</ele></trkpt>
<trkpt lon="5.265367" lat="50.535252"><ele>71.0</ele></trkpt>
<trkpt lon="5.265345" lat="50.535160"><ele>71.0</ele></trkpt>
<trkpt lon="5.265228" lat="50.535172"><ele>71.0</ele></trkpt>
<trkpt lon="5.264249" lat="50.535070"><ele>71.25</ele></trkpt>
<trkpt lon="5.264045" lat="50.535097"><ele>71.5</ele></trkpt>
<trkpt lon="5.263748" lat="50.535271"><ele>71.75</ele></trkpt>
<trkpt lon="5.262503" lat="50.535135"><ele>71.75</ele></trkpt>
<trkpt lon="5.261465" lat="50.534990"><ele>72.0</ele></trkpt>
<trkpt lon="5.261328" lat="50.534908"><ele>72.0</ele></trkpt>
<trkpt lon="5.261286" lat="50.534722"><ele>72.0</ele></trkpt>
<trkpt lon="5.261153" lat="50.534679"><ele>72.0</ele></trkpt>
<trkpt lon="5.260238" lat="50.534830"><ele>71.75</ele></trkpt>
<trkpt lon="5.260184" lat="50.534753"><ele>71.5</ele></trkpt>
<trkpt lon="5.260165" lat="50.534726"><ele>71.5</ele></trkpt>
<trkpt lon="5.260091" lat="50.534651"><ele>71.0</ele></trkpt>
<trkpt lon="5.260065" lat="50.534629"><ele>71.0</ele></trkpt>
<trkpt lon="5.259741" lat="50.534701"><ele>71.0</ele></trkpt>
<trkpt lon="5.259594" lat="50.534579"><ele>71.0</ele></trkpt>
<trkpt lon="5.259622" lat="50.534468"><ele>71.0</ele></trkpt>
<trkpt lon="5.259627" lat="50.534402"><ele>71.0</ele></trkpt>
<trkpt lon="5.259567" lat="50.534233"><ele>71.0</ele></trkpt>
<trkpt lon="5.259296" lat="50.533772"><ele>70.75</ele></trkpt>
<trkpt lon="5.259177" lat="50.533601"><ele>70.75</ele></trkpt>
<trkpt lon="5.258552" lat="50.532840"><ele>71.0</ele></trkpt>
<trkpt lon="5.258322" lat="50.532539"><ele>71.0</ele></trkpt>
<trkpt lon="5.257963" lat="50.532255"><ele>71.0</ele></trkpt>
<trkpt lon="5.257501" lat="50.531907"><ele>71.75</ele></trkpt>
<trkpt lon="5.256898" lat="50.531485"><ele>71.75</ele></trkpt>
<trkpt lon="5.256769" lat="50.531399"><ele>71.25</ele></trkpt>
<trkpt lon="5.256618" lat="50.531295"><ele>71.25</ele></trkpt>
<trkpt lon="5.256373" lat="50.531160"><ele>71.75</ele></trkpt>
<trkpt lon="5.256169" lat="50.531055"><ele>71.75</ele></trkpt>
<trkpt lon="5.255815" lat="50.530894"><ele>71.75</ele></trkpt>
<trkpt lon="5.254519" lat="50.530305"><ele>71.25</ele></trkpt>
<trkpt lon="5.253136" lat="50.529684"><ele>71.0</ele></trkpt>
<trkpt lon="5.253109" lat="50.529672"><ele>71.0</ele></trkpt>
<trkpt lon="5.251957" lat="50.529140"><ele>71.75</ele></trkpt>
<trkpt lon="5.251795" lat="50.529065"><ele>72.0</ele></trkpt>
<trkpt lon="5.251657" lat="50.529001"><ele>72.0</ele></trkpt>
<trkpt lon="5.251557" lat="50.528941"><ele>72.0</ele></trkpt>
<trkpt lon="5.251241" lat="50.528703"><ele>71.75</ele></trkpt>
<trkpt lon="5.250643" lat="50.528254"><ele>72.0</ele></trkpt>
<trkpt lon="5.250579" lat="50.528204"><ele>72.0</ele></trkpt>
<trkpt lon="5.249115" lat="50.527207"><ele>72.0</ele></trkpt>
<trkpt lon="5.248319" lat="50.526661"><ele>72.75</ele></trkpt>
<trkpt lon="5.248215" lat="50.526586"><ele>72.75</ele></trkpt>
<trkpt lon="5.248073" lat="50.526483"><ele>72.75</ele></trkpt>
<trkpt lon="5.247248" lat="50.525882"><ele>73.0</ele></trkpt>
<trkpt lon="5.247150" lat="50.525811"><ele>73.0</ele></trkpt>
<trkpt lon="5.247002" lat="50.525703"><ele>73.0</ele></trkpt>
<trkpt lon="5.246777" lat="50.525538"><ele>73.0</ele></trkpt>
<trkpt lon="5.246208" lat="50.525044"><ele>73.0</ele></trkpt>
<trkpt lon="5.246082" lat="50.524948"><ele>72.75</ele></trkpt>
<trkpt lon="5.245918" lat="50.524823"><ele>72.5</ele></trkpt>
<trkpt lon="5.245682" lat="50.524640"><ele>73.0</ele></trkpt>
<trkpt lon="5.245295" lat="50.524330"><ele>73.0</ele></trkpt>
<trkpt lon="5.245179" lat="50.524214"><ele>73.0</ele></trkpt>
<trkpt lon="5.245106" lat="50.524149"><ele>72.75</ele></trkpt>
<trkpt lon="5.245150" lat="50.524104"><ele>72.75</ele></trkpt>
<trkpt lon="5.245085" lat="50.524003"><ele>72.5</ele></trkpt>
<trkpt lon="5.244871" lat="50.523799"><ele>72.5</ele></trkpt>
<trkpt lon="5.244240" lat="50.523195"><ele>73.0</ele></trkpt>
<trkpt lon="5.243740" lat="50.522717"><ele>73.0</ele></trkpt>
<trkpt lon="5.243552" lat="50.522549"><ele>73.0</ele></trkpt>
<trkpt lon="5.243446" lat="50.522455"><ele>73.0</ele></trkpt>
<trkpt lon="5.243401" lat="50.522414"><ele>73.0</ele></trkpt>
<trkpt lon="5.243331" lat="50.522348"><ele>73.0</ele></trkpt>
<trkpt lon="5.242538" lat="50.521609"><ele>72.0</ele></trkpt>
<trkpt lon="5.242118" lat="50.521238"><ele>71.5</ele></trkpt>
<trkpt lon="5.241922" lat="50.521050"><ele>71.25</ele></trkpt>
<trkpt lon="5.241808" lat="50.520872"><ele>71.75</ele></trkpt>
<trkpt lon="5.241675" lat="50.520598"><ele>72.0</ele></trkpt>
<trkpt lon="5.241582" lat="50.520414"><ele>72.5</ele></trkpt>
<trkpt lon="5.241569" lat="50.520389"><ele>72.5</ele></trkpt>
<trkpt lon="5.241536" lat="50.520324"><ele>72.75</ele></trkpt>
<trkpt lon="5.241494" lat="50.520243"><ele>73.0</ele></trkpt>
<trkpt lon="5.241253" lat="50.519784"><ele>73.25</ele></trkpt>
<trkpt lon="5.241186" lat="50.519663"><ele>73.25</ele></trkpt>
<trkpt lon="5.241020" lat="50.519448"><ele>73.0</ele></trkpt>
<trkpt lon="5.240834" lat="50.519255"><ele>73.0</ele></trkpt>
<trkpt lon="5.240738" lat="50.519066"><ele>73.0</ele></trkpt>
<trkpt lon="5.240721" lat="50.519032"><ele>73.0</ele></trkpt>
<trkpt lon="5.240708" lat="50.519007"><ele>73.0</ele></trkpt>
<trkpt lon="5.240863" lat="50.518685"><ele>73.0</ele></trkpt>
<trkpt lon="5.240881" lat="50.518653"><ele>73.0</ele></trkpt>
<trkpt lon="5.241027" lat="50.518384"><ele>73.0</ele></trkpt>
<trkpt lon="5.240969" lat="50.518371"><ele>73.0</ele></trkpt>
<trkpt lon="5.240907" lat="50.518354"><ele>73.0</ele></trkpt>
<trkpt lon="5.240609" lat="50.518276"><ele>72.0</ele></trkpt>
<trkpt lon="5.240519" lat="50.518256"><ele>72.0</ele></trkpt>
<trkpt lon="5.240511" lat="50.518278"><ele>72.0</ele></trkpt>
<trkpt lon="5.240422" lat="50.518267"><ele>72.0</ele></trkpt>
<trkpt lon="5.240210" lat="50.518248"><ele>72.0</ele></trkpt>
<trkpt lon="5.240210" lat="50.518248"><ele>72.0</ele></trkpt>
<trkpt lon="5.240422" lat="50.518267"><ele>72.0</ele></trkpt>
<trkpt lon="5.240436" lat="50.518216"><ele>72.0</ele></trkpt>
<trkpt lon="5.240270" lat="50.518193"><ele>72.0</ele></trkpt>
<trkpt lon="5.240004" lat="50.518215"><ele>72.0</ele></trkpt>
<trkpt lon="5.239888" lat="50.518225"><ele>72.0</ele></trkpt>
<trkpt lon="5.239868" lat="50.518227"><ele>72.0</ele></trkpt>
<trkpt lon="5.239787" lat="50.518235"><ele>72.0</ele></trkpt>
<trkpt lon="5.239772" lat="50.518265"><ele>72.0</ele></trkpt>
<trkpt lon="5.239567" lat="50.518241"><ele>71.5</ele></trkpt>
<trkpt lon="5.239181" lat="50.518201"><ele>72.75</ele></trkpt>
<trkpt lon="5.239188" lat="50.518116"><ele>72.75</ele></trkpt>
<trkpt lon="5.239167" lat="50.517945"><ele>73.25</ele></trkpt>
<trkpt lon="5.239071" lat="50.517531"><ele>75.5</ele></trkpt>
<trkpt lon="5.239009" lat="50.517388"><ele>75.5</ele></trkpt>
<trkpt lon="5.238814" lat="50.517070"><ele>76.5</ele></trkpt>
<trkpt lon="5.238568" lat="50.516706"><ele>77.5</ele></trkpt>
<trkpt lon="5.238522" lat="50.516637"><ele>77.5</ele></trkpt>
<trkpt lon="5.238049" lat="50.516074"><ele>78.0</ele></trkpt>
<trkpt lon="5.237666" lat="50.515707"><ele>80.0</ele></trkpt>
<trkpt lon="5.237507" lat="50.515559"><ele>79.0</ele></trkpt>
<trkpt lon="5.237348" lat="50.515394"><ele>81.25</ele></trkpt>
<trkpt lon="5.237317" lat="50.515406"><ele>82.0</ele></trkpt>
<trkpt lon="5.237300" lat="50.515412"><ele>82.5</ele></trkpt>
<trkpt lon="5.237325" lat="50.515441"><ele>82.5</ele></trkpt>
<trkpt lon="5.237271" lat="50.515462"><ele>84.0</ele></trkpt>
<trkpt lon="5.237327" lat="50.515542"><ele>84.25</ele></trkpt>
<trkpt lon="5.237230" lat="50.515513"><ele>86.5</ele></trkpt>
<trkpt lon="5.237166" lat="50.515516"><ele>88.0</ele></trkpt>
<trkpt lon="5.237097" lat="50.515498"><ele>89.0</ele></trkpt>
<trkpt lon="5.237042" lat="50.515514"><ele>90.75</ele></trkpt>
<trkpt lon="5.236973" lat="50.515549"><ele>94.0</ele></trkpt>
<trkpt lon="5.237018" lat="50.515581"><ele>94.25</ele></trkpt>
<trkpt lon="5.237052" lat="50.515618"><ele>95.0</ele></trkpt>
<trkpt lon="5.237054" lat="50.515635"><ele>95.75</ele></trkpt>
<trkpt lon="5.237031" lat="50.515644"><ele>96.75</ele></trkpt>
<trkpt lon="5.236972" lat="50.515626"><ele>97.5</ele></trkpt>
<trkpt lon="5.236944" lat="50.515635"><ele>98.5</ele></trkpt>
<trkpt lon="5.236943" lat="50.515655"><ele>99.5</ele></trkpt>
<trkpt lon="5.236986" lat="50.515683"><ele>99.75</ele></trkpt>
<trkpt lon="5.236982" lat="50.515702"><ele>100.75</ele></trkpt>
<trkpt lon="5.236940" lat="50.515721"><ele>102.75</ele></trkpt>
<trkpt lon="5.236915" lat="50.515719"><ele>103.0</ele></trkpt>
<trkpt lon="5.236824" lat="50.515662"><ele>102.25</ele></trkpt>
<trkpt lon="5.236798" lat="50.515661"><ele>102.75</ele></trkpt>
<trkpt lon="5.236783" lat="50.515669"><ele>103.25</ele></trkpt>
<trkpt lon="5.236787" lat="50.515688"><ele>104.0</ele></trkpt>
<trkpt lon="5.236865" lat="50.515735"><ele>104.5</ele></trkpt>
<trkpt lon="5.236820" lat="50.515753"><ele>106.0</ele></trkpt>
<trkpt lon="5.236761" lat="50.515760"><ele>107.0</ele></trkpt>
<trkpt lon="5.236822" lat="50.515837"><ele>109.25</ele></trkpt>
<trkpt lon="5.236850" lat="50.515900"><ele>112.0</ele></trkpt>
<trkpt lon="5.236824" lat="50.515959"><ele>115.25</ele></trkpt>
<trkpt lon="5.236571" lat="50.515931"><ele>117.5</ele></trkpt>
<trkpt lon="5.236426" lat="50.515966"><ele>120.0</ele></trkpt>
<trkpt lon="5.236325" lat="50.516025"><ele>120.75</ele></trkpt>
<trkpt lon="5.235912" lat="50.515911"><ele>115.5</ele></trkpt>
<trkpt lon="5.235650" lat="50.515896"><ele>111.0</ele></trkpt>
<trkpt lon="5.235279" lat="50.515760"><ele>112.25</ele></trkpt>
<trkpt lon="5.235042" lat="50.515504"><ele>121.5</ele></trkpt>
<trkpt lon="5.234886" lat="50.515444"><ele>122.0</ele></trkpt>
<trkpt lon="5.234686" lat="50.515297"><ele>124.25</ele></trkpt>
<trkpt lon="5.234438" lat="50.515268"><ele>124.0</ele></trkpt>
<trkpt lon="5.234219" lat="50.515170"><ele>125.0</ele></trkpt>
<trkpt lon="5.234026" lat="50.515165"><ele>125.5</ele></trkpt>
<trkpt lon="5.233517" lat="50.514998"><ele>133.5</ele></trkpt>
<trkpt lon="5.233253" lat="50.515054"><ele>135.5</ele></trkpt>
<trkpt lon="5.233234" lat="50.514968"><ele>139.25</ele></trkpt>
<trkpt lon="5.233083" lat="50.514886"><ele>142.75</ele></trkpt>
<trkpt lon="5.232878" lat="50.514869"><ele>146.25</ele></trkpt>
<trkpt lon="5.232702" lat="50.514782"><ele>151.5</ele></trkpt>
<trkpt lon="5.232419" lat="50.514793"><ele>160.0</ele></trkpt>
<trkpt lon="5.232298" lat="50.514681"><ele>162.75</ele></trkpt>
<trkpt lon="5.231602" lat="50.514557"><ele>164.5</ele></trkpt>
<trkpt lon="5.231307" lat="50.514577"><ele>168.5</ele></trkpt>
<trkpt lon="5.230275" lat="50.514518"><ele>171.5</ele></trkpt>
<trkpt lon="5.230190" lat="50.514469"><ele>172.0</ele></trkpt>
<trkpt lon="5.229580" lat="50.514584"><ele>172.25</ele></trkpt>
<trkpt lon="5.229214" lat="50.514444"><ele>170.75</ele></trkpt>
<trkpt lon="5.228606" lat="50.514502"><ele>173.0</ele></trkpt>
<trkpt lon="5.228177" lat="50.514722"><ele>172.5</ele></trkpt>
<trkpt lon="5.226027" lat="50.514654"><ele>172.75</ele></trkpt>
<trkpt lon="5.225747" lat="50.514553"><ele>174.25</ele></trkpt>
<trkpt lon="5.225438" lat="50.514509"><ele>175.25</ele></trkpt>
<trkpt lon="5.225288" lat="50.514247"><ele>172.0</ele></trkpt>
<trkpt lon="5.224861" lat="50.514052"><ele>169.75</ele></trkpt>
<trkpt lon="5.224865" lat="50.514005"><ele>169.0</ele></trkpt>
<trkpt lon="5.224689" lat="50.513986"><ele>169.75</ele></trkpt>
<trkpt lon="5.224496" lat="50.513951"><ele>170.5</ele></trkpt>
<trkpt lon="5.223951" lat="50.513819"><ele>174.75</ele></trkpt>
<trkpt lon="5.223830" lat="50.513789"><ele>175.75</ele></trkpt>
<trkpt lon="5.223342" lat="50.513647"><ele>176.25</ele></trkpt>
<trkpt lon="5.223195" lat="50.513582"><ele>177.0</ele></trkpt>
<trkpt lon="5.222998" lat="50.513460"><ele>178.0</ele></trkpt>
<trkpt lon="5.222919" lat="50.513389"><ele>178.0</ele></trkpt>
<trkpt lon="5.222824" lat="50.513459"><ele>178.25</ele></trkpt>
<trkpt lon="5.222467" lat="50.513884"><ele>182.0</ele></trkpt>
<trkpt lon="5.222390" lat="50.513954"><ele>183.75</ele></trkpt>
<trkpt lon="5.222323" lat="50.513977"><ele>184.75</ele></trkpt>
<trkpt lon="5.222229" lat="50.513981"><ele>185.5</ele></trkpt>
<trkpt lon="5.221878" lat="50.513947"><ele>186.0</ele></trkpt>
<trkpt lon="5.221745" lat="50.513933"><ele>186.75</ele></trkpt>
<trkpt lon="5.221435" lat="50.513892"><ele>187.0</ele></trkpt>
<trkpt lon="5.221387" lat="50.513940"><ele>187.5</ele></trkpt>
<trkpt lon="5.220888" lat="50.514077"><ele>189.25</ele></trkpt>
<trkpt lon="5.220779" lat="50.514118"><ele>189.5</ele></trkpt>
<trkpt lon="5.220604" lat="50.514119"><ele>189.0</ele></trkpt>
<trkpt lon="5.220422" lat="50.514133"><ele>188.5</ele></trkpt>
<trkpt lon="5.220200" lat="50.514126"><ele>187.75</ele></trkpt>
<trkpt lon="5.219719" lat="50.514164"><ele>186.0</ele></trkpt>
<trkpt lon="5.219553" lat="50.514205"><ele>184.25</ele></trkpt>
<trkpt lon="5.219347" lat="50.514209"><ele>183.0</ele></trkpt>
<trkpt lon="5.218990" lat="50.514228"><ele>180.5</ele></trkpt>
<trkpt lon="5.218729" lat="50.514223"><ele>178.25</ele></trkpt>
<trkpt lon="5.218424" lat="50.514234"><ele>175.5</ele></trkpt>
<trkpt lon="5.217881" lat="50.514243"><ele>170.5</ele></trkpt>
<trkpt lon="5.217061" lat="50.514227"><ele>162.75</ele></trkpt>
<trkpt lon="5.216807" lat="50.514213"><ele>163.75</ele></trkpt>
<trkpt lon="5.216439" lat="50.514192"><ele>167.5</ele></trkpt>
<trkpt lon="5.216264" lat="50.514190"><ele>168.0</ele></trkpt>
<trkpt lon="5.215949" lat="50.514155"><ele>168.0</ele></trkpt>
<trkpt lon="5.215800" lat="50.514164"><ele>167.75</ele></trkpt>
<trkpt lon="5.215562" lat="50.514189"><ele>166.75</ele></trkpt>
<trkpt lon="5.215317" lat="50.514160"><ele>166.0</ele></trkpt>
<trkpt lon="5.214985" lat="50.514074"><ele>165.25</ele></trkpt>
<trkpt lon="5.214716" lat="50.514009"><ele>164.5</ele></trkpt>
<trkpt lon="5.214467" lat="50.513968"><ele>163.75</ele></trkpt>
<trkpt lon="5.214272" lat="50.513951"><ele>163.0</ele></trkpt>
<trkpt lon="5.214070" lat="50.513952"><ele>162.0</ele></trkpt>
<trkpt lon="5.213899" lat="50.513971"><ele>161.25</ele></trkpt>
<trkpt lon="5.213345" lat="50.514114"><ele>160.75</ele></trkpt>
<trkpt lon="5.212725" lat="50.514295"><ele>163.0</ele></trkpt>
<trkpt lon="5.212583" lat="50.514314"><ele>163.25</ele></trkpt>
<trkpt lon="5.212533" lat="50.514286"><ele>163.5</ele></trkpt>
<trkpt lon="5.212494" lat="50.514227"><ele>163.75</ele></trkpt>
<trkpt lon="5.212452" lat="50.514110"><ele>164.0</ele></trkpt>
<trkpt lon="5.212272" lat="50.513342"><ele>164.75</ele></trkpt>
<trkpt lon="5.212192" lat="50.513053"><ele>165.0</ele></trkpt>
<trkpt lon="5.212161" lat="50.512893"><ele>165.5</ele></trkpt>
<trkpt lon="5.212174" lat="50.512755"><ele>166.0</ele></trkpt>
<trkpt lon="5.212222" lat="50.512533"><ele>166.0</ele></trkpt>
<trkpt lon="5.212240" lat="50.512370"><ele>166.5</ele></trkpt>
<trkpt lon="5.212224" lat="50.512248"><ele>166.75</ele></trkpt>
<trkpt lon="5.212178" lat="50.512080"><ele>168.0</ele></trkpt>
<trkpt lon="5.212206" lat="50.511961"><ele>168.75</ele></trkpt>
<trkpt lon="5.212005" lat="50.512013"><ele>169.25</ele></trkpt>
<trkpt lon="5.211201" lat="50.512136"><ele>167.5</ele></trkpt>
<trkpt lon="5.210716" lat="50.512173"><ele>167.0</ele></trkpt>
<trkpt lon="5.210101" lat="50.512188"><ele>165.25</ele></trkpt>
<trkpt lon="5.209696" lat="50.512165"><ele>164.0</ele></trkpt>
<trkpt lon="5.209161" lat="50.512068"><ele>161.5</ele></trkpt>
<trkpt lon="5.208844" lat="50.512029"><ele>160.25</ele></trkpt>
<trkpt lon="5.208571" lat="50.512006"><ele>158.75</ele></trkpt>
<trkpt lon="5.208076" lat="50.511984"><ele>156.25</ele></trkpt>
<trkpt lon="5.207556" lat="50.511995"><ele>154.25</ele></trkpt>
<trkpt lon="5.207459" lat="50.512002"><ele>153.75</ele></trkpt>
<trkpt lon="5.207276" lat="50.512033"><ele>152.75</ele></trkpt>
<trkpt lon="5.206688" lat="50.512170"><ele>151.5</ele></trkpt>
<trkpt lon="5.206334" lat="50.512234"><ele>151.0</ele></trkpt>
<trkpt lon="5.206090" lat="50.512215"><ele>150.75</ele></trkpt>
<trkpt lon="5.205637" lat="50.512077"><ele>148.25</ele></trkpt>
<trkpt lon="5.205268" lat="50.511923"><ele>145.5</ele></trkpt>
<trkpt lon="5.204802" lat="50.511870"><ele>143.75</ele></trkpt>
<trkpt lon="5.204265" lat="50.511893"><ele>141.0</ele></trkpt>
<trkpt lon="5.203713" lat="50.511865"><ele>138.5</ele></trkpt>
<trkpt lon="5.203328" lat="50.511894"><ele>136.75</ele></trkpt>
<trkpt lon="5.202651" lat="50.511839"><ele>134.75</ele></trkpt>
<trkpt lon="5.202259" lat="50.511869"><ele>131.75</ele></trkpt>
<trkpt lon="5.201881" lat="50.512031"><ele>132.0</ele></trkpt>
<trkpt lon="5.201606" lat="50.512179"><ele>127.5</ele></trkpt>
<trkpt lon="5.201301" lat="50.512236"><ele>127.0</ele></trkpt>
<trkpt lon="5.200885" lat="50.512300"><ele>127.5</ele></trkpt>
<trkpt lon="5.200595" lat="50.512366"><ele>125.5</ele></trkpt>
<trkpt lon="5.199985" lat="50.512478"><ele>121.5</ele></trkpt>
<trkpt lon="5.199726" lat="50.512463"><ele>120.75</ele></trkpt>
<trkpt lon="5.199313" lat="50.512424"><ele>116.75</ele></trkpt>
<trkpt lon="5.199022" lat="50.512346"><ele>116.25</ele></trkpt>
<trkpt lon="5.198813" lat="50.512248"><ele>116.5</ele></trkpt>
<trkpt lon="5.198631" lat="50.512221"><ele>114.25</ele></trkpt>
<trkpt lon="5.198255" lat="50.512246"><ele>112.0</ele></trkpt>
<trkpt lon="5.197934" lat="50.512205"><ele>108.5</ele></trkpt>
<trkpt lon="5.197300" lat="50.512049"><ele>106.75</ele></trkpt>
<trkpt lon="5.196861" lat="50.511941"><ele>102.75</ele></trkpt>
<trkpt lon="5.196526" lat="50.511837"><ele>101.25</ele></trkpt>
<trkpt lon="5.196366" lat="50.511801"><ele>100.25</ele></trkpt>
<trkpt lon="5.196002" lat="50.512140"><ele>99.0</ele></trkpt>
<trkpt lon="5.195922" lat="50.512185"><ele>98.5</ele></trkpt>
<trkpt lon="5.195491" lat="50.512687"><ele>95.5</ele></trkpt>
<trkpt lon="5.195045" lat="50.513411"><ele>92.5</ele></trkpt>
<trkpt lon="5.194713" lat="50.513684"><ele>90.75</ele></trkpt>
<trkpt lon="5.194671" lat="50.513719"><ele>90.75</ele></trkpt>
<trkpt lon="5.194649" lat="50.513802"><ele>90.75</ele></trkpt>
<trkpt lon="5.194676" lat="50.513916"><ele>90.5</ele></trkpt>
<trkpt lon="5.194999" lat="50.514497"><ele>89.75</ele></trkpt>
<trkpt lon="5.195127" lat="50.514826"><ele>89.5</ele></trkpt>
<trkpt lon="5.195149" lat="50.514967"><ele>89.5</ele></trkpt>
<trkpt lon="5.195090" lat="50.515183"><ele>88.5</ele></trkpt>
<trkpt lon="5.194861" lat="50.515433"><ele>86.75</ele></trkpt>
<trkpt lon="5.194716" lat="50.515726"><ele>86.5</ele></trkpt>
<trkpt lon="5.194549" lat="50.515947"><ele>86.0</ele></trkpt>
<trkpt lon="5.194466" lat="50.515991"><ele>85.75</ele></trkpt>
<trkpt lon="5.194041" lat="50.516255"><ele>87.25</ele></trkpt>
<trkpt lon="5.193969" lat="50.516184"><ele>87.75</ele></trkpt>
<trkpt lon="5.193863" lat="50.516107"><ele>88.25</ele></trkpt>
<trkpt lon="5.193738" lat="50.516078"><ele>89.5</ele></trkpt>
<trkpt lon="5.193564" lat="50.516060"><ele>91.25</ele></trkpt>
<trkpt lon="5.193472" lat="50.516134"><ele>92.75</ele></trkpt>
<trkpt lon="5.193435" lat="50.516228"><ele>93.0</ele></trkpt>
<trkpt lon="5.193409" lat="50.516338"><ele>92.5</ele></trkpt>
<trkpt lon="5.193324" lat="50.516428"><ele>92.5</ele></trkpt>
<trkpt lon="5.193207" lat="50.516455"><ele>92.75</ele></trkpt>
<trkpt lon="5.193034" lat="50.516462"><ele>93.0</ele></trkpt>
<trkpt lon="5.192873" lat="50.516462"><ele>93.25</ele></trkpt>
<trkpt lon="5.192691" lat="50.516414"><ele>93.75</ele></trkpt>
<trkpt lon="5.192496" lat="50.516384"><ele>95.0</ele></trkpt>
<trkpt lon="5.192310" lat="50.516460"><ele>96.75</ele></trkpt>
<trkpt lon="5.192183" lat="50.516540"><ele>98.5</ele></trkpt>
<trkpt lon="5.192030" lat="50.516607"><ele>97.0</ele></trkpt>
<trkpt lon="5.191888" lat="50.516732"><ele>94.0</ele></trkpt>
<trkpt lon="5.191751" lat="50.516884"><ele>88.5</ele></trkpt>
<trkpt lon="5.191661" lat="50.516948"><ele>82.75</ele></trkpt>
<trkpt lon="5.191537" lat="50.516969"><ele>81.0</ele></trkpt>
<trkpt lon="5.191357" lat="50.516969"><ele>78.75</ele></trkpt>
<trkpt lon="5.191196" lat="50.516942"><ele>76.5</ele></trkpt>
<trkpt lon="5.191109" lat="50.516991"><ele>74.5</ele></trkpt>
<trkpt lon="5.191003" lat="50.516925"><ele>74.75</ele></trkpt>
<trkpt lon="5.190288" lat="50.517342"><ele>71.5</ele></trkpt>
<trkpt lon="5.190233" lat="50.517356"><ele>71.25</ele></trkpt>
<trkpt lon="5.190077" lat="50.517342"><ele>71.25</ele></trkpt>
<trkpt lon="5.189267" lat="50.517146"><ele>72.5</ele></trkpt>
<trkpt lon="5.188267" lat="50.516978"><ele>72.5</ele></trkpt>
<trkpt lon="5.186650" lat="50.516751"><ele>72.25</ele></trkpt>
<trkpt lon="5.185379" lat="50.516573"><ele>73.0</ele></trkpt>
<trkpt lon="5.183562" lat="50.516318"><ele>73.0</ele></trkpt>
<trkpt lon="5.183360" lat="50.516282"><ele>73.0</ele></trkpt>
<trkpt lon="5.183160" lat="50.516237"><ele>72.25</ele></trkpt>
<trkpt lon="5.183028" lat="50.516298"><ele>71.5</ele></trkpt>
<trkpt lon="5.182956" lat="50.516334"><ele>71.0</ele></trkpt>
<trkpt lon="5.180617" lat="50.516011"><ele>70.5</ele></trkpt>
<trkpt lon="5.178964" lat="50.515772"><ele>70.75</ele></trkpt>
<trkpt lon="5.178446" lat="50.515681"><ele>70.5</ele></trkpt>
<trkpt lon="5.177437" lat="50.515477"><ele>70.5</ele></trkpt>
<trkpt lon="5.176921" lat="50.515359"><ele>71.75</ele></trkpt>
<trkpt lon="5.176364" lat="50.515219"><ele>71.25</ele></trkpt>
<trkpt lon="5.175960" lat="50.515109"><ele>71.25</ele></trkpt>
<trkpt lon="5.174773" lat="50.514762"><ele>72.25</ele></trkpt>
<trkpt lon="5.173951" lat="50.514528"><ele>71.75</ele></trkpt>
<trkpt lon="5.170149" lat="50.513416"><ele>71.75</ele></trkpt>
<trkpt lon="5.168828" lat="50.513027"><ele>72.25</ele></trkpt>
<trkpt lon="5.167171" lat="50.512646"><ele>70.75</ele></trkpt>
<trkpt lon="5.166022" lat="50.512448"><ele>71.25</ele></trkpt>
<trkpt lon="5.162017" lat="50.511841"><ele>71.25</ele></trkpt>
<trkpt lon="5.155990" lat="50.510953"><ele>71.75</ele></trkpt>
<trkpt lon="5.155294" lat="50.510851"><ele>72.5</ele></trkpt>
<trkpt lon="5.154052" lat="50.510668"><ele>71.75</ele></trkpt>
<trkpt lon="5.153657" lat="50.510612"><ele>72.25</ele></trkpt>
<trkpt lon="5.151526" lat="50.510291"><ele>72.25</ele></trkpt>
<trkpt lon="5.151179" lat="50.510221"><ele>71.5</ele></trkpt>
<trkpt lon="5.150811" lat="50.510129"><ele>71.0</ele></trkpt>
<trkpt lon="5.150401" lat="50.510010"><ele>72.25</ele></trkpt>
<trkpt lon="5.149495" lat="50.509703"><ele>72.0</ele></trkpt>
<trkpt lon="5.149311" lat="50.509627"><ele>71.0</ele></trkpt>
<trkpt lon="5.149107" lat="50.509525"><ele>70.75</ele></trkpt>
<trkpt lon="5.148877" lat="50.509361"><ele>71.0</ele></trkpt>
<trkpt lon="5.148708" lat="50.509201"><ele>71.0</ele></trkpt>
<trkpt lon="5.148548" lat="50.508970"><ele>71.75</ele></trkpt>
<trkpt lon="5.148443" lat="50.508730"><ele>71.5</ele></trkpt>
<trkpt lon="5.147530" lat="50.506400"><ele>72.0</ele></trkpt>
<trkpt lon="5.147420" lat="50.506190"><ele>71.75</ele></trkpt>
<trkpt lon="5.147275" lat="50.505998"><ele>71.5</ele></trkpt>
<trkpt lon="5.147118" lat="50.505877"><ele>71.75</ele></trkpt>
<trkpt lon="5.146721" lat="50.505628"><ele>72.75</ele></trkpt>
<trkpt lon="5.146382" lat="50.505507"><ele>71.5</ele></trkpt>
<trkpt lon="5.146158" lat="50.505440"><ele>72.0</ele></trkpt>
<trkpt lon="5.145962" lat="50.505388"><ele>72.75</ele></trkpt>
<trkpt lon="5.145111" lat="50.505198"><ele>72.5</ele></trkpt>
<trkpt lon="5.144736" lat="50.505134"><ele>72.5</ele></trkpt>
<trkpt lon="5.141975" lat="50.504863"><ele>72.25</ele></trkpt>
<trkpt lon="5.141364" lat="50.504796"><ele>72.5</ele></trkpt>
<trkpt lon="5.140782" lat="50.504699"><ele>72.0</ele></trkpt>
<trkpt lon="5.140440" lat="50.504625"><ele>72.5</ele></trkpt>
<trkpt lon="5.135704" lat="50.503510"><ele>71.25</ele></trkpt>
<trkpt lon="5.135476" lat="50.503464"><ele>72.25</ele></trkpt>
<trkpt lon="5.134850" lat="50.503381"><ele>73.25</ele></trkpt>
<trkpt lon="5.134455" lat="50.503340"><ele>72.75</ele></trkpt>
<trkpt lon="5.133822" lat="50.503275"><ele>73.0</ele></trkpt>
<trkpt lon="5.132763" lat="50.503140"><ele>74.0</ele></trkpt>
<trkpt lon="5.131919" lat="50.503000"><ele>72.5</ele></trkpt>
<trkpt lon="5.131091" lat="50.502820"><ele>73.75</ele></trkpt>
<trkpt lon="5.130329" lat="50.502605"><ele>73.5</ele></trkpt>
<trkpt lon="5.129762" lat="50.502424"><ele>71.75</ele></trkpt>
<trkpt lon="5.129684" lat="50.502399"><ele>71.5</ele></trkpt>
<trkpt lon="5.129550" lat="50.502353"><ele>71.75</ele></trkpt>
<trkpt lon="5.129508" lat="50.502340"><ele>71.75</ele></trkpt>
<trkpt lon="5.127931" lat="50.501761"><ele>71.75</ele></trkpt>
<trkpt lon="5.126679" lat="50.501289"><ele>71.0</ele></trkpt>
<trkpt lon="5.126187" lat="50.501095"><ele>72.5</ele></trkpt>
<trkpt lon="5.125714" lat="50.500884"><ele>72.5</ele></trkpt>
<trkpt lon="5.125106" lat="50.500582"><ele>72.25</ele></trkpt>
<trkpt lon="5.124485" lat="50.500297"><ele>72.75</ele></trkpt>
<trkpt lon="5.124035" lat="50.500106"><ele>72.75</ele></trkpt>
<trkpt lon="5.123345" lat="50.499826"><ele>73.5</ele></trkpt>
<trkpt lon="5.123086" lat="50.499733"><ele>74.0</ele></trkpt>
<trkpt lon="5.120757" lat="50.498974"><ele>75.0</ele></trkpt>
<trkpt lon="5.118814" lat="50.498338"><ele>74.25</ele></trkpt>
<trkpt lon="5.118366" lat="50.498167"><ele>75.5</ele></trkpt>
<trkpt lon="5.117703" lat="50.497992"><ele>75.0</ele></trkpt>
<trkpt lon="5.117406" lat="50.497932"><ele>75.25</ele></trkpt>
<trkpt lon="5.113838" lat="50.497053"><ele>74.25</ele></trkpt>
<trkpt lon="5.110832" lat="50.496258"><ele>73.75</ele></trkpt>
<trkpt lon="5.110683" lat="50.496189"><ele>74.0</ele></trkpt>
<trkpt lon="5.110475" lat="50.496149"><ele>73.75</ele></trkpt>
<trkpt lon="5.110224" lat="50.496101"><ele>73.5</ele></trkpt>
<trkpt lon="5.109628" lat="50.495959"><ele>73.0</ele></trkpt>
<trkpt lon="5.108467" lat="50.495699"><ele>73.75</ele></trkpt>
<trkpt lon="5.107687" lat="50.495524"><ele>73.0</ele></trkpt>
<trkpt lon="5.107452" lat="50.495472"><ele>73.5</ele></trkpt>
<trkpt lon="5.106006" lat="50.495179"><ele>73.25</ele></trkpt>
<trkpt lon="5.105529" lat="50.495089"><ele>73.75</ele></trkpt>
<trkpt lon="5.104859" lat="50.494967"><ele>73.25</ele></trkpt>
<trkpt lon="5.104038" lat="50.494816"><ele>74.25</ele></trkpt>
<trkpt lon="5.103590" lat="50.494735"><ele>73.75</ele></trkpt>
<trkpt lon="5.102677" lat="50.494568"><ele>73.25</ele></trkpt>
<trkpt lon="5.101895" lat="50.494445"><ele>73.5</ele></trkpt>
<trkpt lon="5.101758" lat="50.494431"><ele>72.75</ele></trkpt>
<trkpt lon="5.101557" lat="50.494379"><ele>72.75</ele></trkpt>
<trkpt lon="5.097000" lat="50.493572"><ele>74.25</ele></trkpt>
<trkpt lon="5.096695" lat="50.493530"><ele>75.25</ele></trkpt>
<trkpt lon="5.096174" lat="50.493436"><ele>77.0</ele></trkpt>
<trkpt lon="5.095903" lat="50.493384"><ele>75.25</ele></trkpt>
<trkpt lon="5.095475" lat="50.493288"><ele>74.0</ele></trkpt>
<trkpt lon="5.095495" lat="50.493156"><ele>75.75</ele></trkpt>
<trkpt lon="5.095502" lat="50.493060"><ele>76.75</ele></trkpt>
<trkpt lon="5.095482" lat="50.493035"><ele>77.0</ele></trkpt>
<trkpt lon="5.095325" lat="50.493006"><ele>77.0</ele></trkpt>
<trkpt lon="5.095364" lat="50.492933"><ele>77.0</ele></trkpt>
<trkpt lon="5.095409" lat="50.492586"><ele>77.25</ele></trkpt>
<trkpt lon="5.095516" lat="50.492265"><ele>77.0</ele></trkpt>
<trkpt lon="5.095405" lat="50.492227"><ele>77.0</ele></trkpt>
<trkpt lon="5.095314" lat="50.492186"><ele>77.0</ele></trkpt>
<trkpt lon="5.095368" lat="50.492130"><ele>77.0</ele></trkpt>
<trkpt lon="5.095389" lat="50.492060"><ele>77.0</ele></trkpt>
<trkpt lon="5.095358" lat="50.492009"><ele>77.0</ele></trkpt>
<trkpt lon="5.095306" lat="50.491988"><ele>77.0</ele></trkpt>
<trkpt lon="5.095245" lat="50.491940"><ele>77.0</ele></trkpt>
<trkpt lon="5.095200" lat="50.491842"><ele>77.0</ele></trkpt>
<trkpt lon="5.095112" lat="50.491795"><ele>77.0</ele></trkpt>
<trkpt lon="5.095119" lat="50.491761"><ele>77.0</ele></trkpt>
<trkpt lon="5.095207" lat="50.491338"><ele>77.25</ele></trkpt>
<trkpt lon="5.095249" lat="50.491318"><ele>77.5</ele></trkpt>
<trkpt lon="5.095245" lat="50.491193"><ele>77.0</ele></trkpt>
<trkpt lon="5.095248" lat="50.491132"><ele>77.0</ele></trkpt>
<trkpt lon="5.094362" lat="50.491145"><ele>77.0</ele></trkpt>
<trkpt lon="5.094527" lat="50.490377"><ele>77.0</ele></trkpt>
<trkpt lon="5.094651" lat="50.489900"><ele>77.0</ele></trkpt>
<trkpt lon="5.094670" lat="50.489826"><ele>77.0</ele></trkpt>
<trkpt lon="5.094696" lat="50.489724"><ele>77.0</ele></trkpt>
<trkpt lon="5.094732" lat="50.489579"><ele>77.0</ele></trkpt>
<trkpt lon="5.094890" lat="50.488919"><ele>77.75</ele></trkpt>
<trkpt lon="5.093961" lat="50.488805"><ele>77.75</ele></trkpt>
<trkpt lon="5.093472" lat="50.488744"><ele>77.25</ele></trkpt>
<trkpt lon="5.092737" lat="50.488647"><ele>77.0</ele></trkpt>
<trkpt lon="5.092735" lat="50.488563"><ele>77.0</ele></trkpt>
<trkpt lon="5.092986" lat="50.487997"><ele>78.0</ele></trkpt>
<trkpt lon="5.092986" lat="50.487997"><ele>77.25</ele></trkpt>
<trkpt lon="5.092735" lat="50.488563"><ele>77.0</ele></trkpt>
<trkpt lon="5.092737" lat="50.488647"><ele>77.0</ele></trkpt>
<trkpt lon="5.091785" lat="50.488533"><ele>76.5</ele></trkpt>
<trkpt lon="5.091293" lat="50.488460"><ele>77.0</ele></trkpt>
<trkpt lon="5.091119" lat="50.488453"><ele>77.0</ele></trkpt>
<trkpt lon="5.090877" lat="50.488495"><ele>77.0</ele></trkpt>
<trkpt lon="5.090749" lat="50.488517"><ele>77.0</ele></trkpt>
<trkpt lon="5.090463" lat="50.488567"><ele>77.0</ele></trkpt>
<trkpt lon="5.090074" lat="50.488634"><ele>76.75</ele></trkpt>
<trkpt lon="5.089959" lat="50.488303"><ele>77.0</ele></trkpt>
<trkpt lon="5.089726" lat="50.488252"><ele>77.0</ele></trkpt>
<trkpt lon="5.087386" lat="50.487898"><ele>77.5</ele></trkpt>
<trkpt lon="5.087242" lat="50.487817"><ele>77.75</ele></trkpt>
<trkpt lon="5.086992" lat="50.487770"><ele>78.0</ele></trkpt>
<trkpt lon="5.086592" lat="50.487726"><ele>79.0</ele></trkpt>
<trkpt lon="5.086479" lat="50.487756"><ele>79.5</ele></trkpt>
<trkpt lon="5.086290" lat="50.487781"><ele>79.5</ele></trkpt>
<trkpt lon="5.085474" lat="50.487885"><ele>77.5</ele></trkpt>
<trkpt lon="5.082943" lat="50.488261"><ele>77.0</ele></trkpt>
<trkpt lon="5.082825" lat="50.488254"><ele>77.0</ele></trkpt>
<trkpt lon="5.082441" lat="50.488198"><ele>77.0</ele></trkpt>
<trkpt lon="5.082079" lat="50.488303"><ele>77.0</ele></trkpt>
<trkpt lon="5.081451" lat="50.488331"><ele>77.0</ele></trkpt>
<trkpt lon="5.080643" lat="50.488575"><ele>77.0</ele></trkpt>
<trkpt lon="5.079522" lat="50.488884"><ele>77.0</ele></trkpt>
<trkpt lon="5.079178" lat="50.489042"><ele>76.0</ele></trkpt>
<trkpt lon="5.078470" lat="50.489176"><ele>76.75</ele></trkpt>
<trkpt lon="5.078016" lat="50.489322"><ele>77.0</ele></trkpt>
<trkpt lon="5.077359" lat="50.489653"><ele>77.0</ele></trkpt>
<trkpt lon="5.076557" lat="50.490046"><ele>77.0</ele></trkpt>
<trkpt lon="5.075294" lat="50.490392"><ele>77.0</ele></trkpt>
<trkpt lon="5.075107" lat="50.490405"><ele>77.25</ele></trkpt>
<trkpt lon="5.074074" lat="50.490551"><ele>77.75</ele></trkpt>
<trkpt lon="5.073980" lat="50.490616"><ele>77.75</ele></trkpt>
<trkpt lon="5.073782" lat="50.490660"><ele>77.5</ele></trkpt>
<trkpt lon="5.072886" lat="50.490800"><ele>77.0</ele></trkpt>
<trkpt lon="5.072583" lat="50.490829"><ele>77.0</ele></trkpt>
<trkpt lon="5.072216" lat="50.490870"><ele>77.0</ele></trkpt>
<trkpt lon="5.072097" lat="50.490884"><ele>77.0</ele></trkpt>
<trkpt lon="5.070630" lat="50.491114"><ele>78.5</ele></trkpt>
<trkpt lon="5.070755" lat="50.491508"><ele>78.0</ele></trkpt>
<trkpt lon="5.070739" lat="50.491585"><ele>78.0</ele></trkpt>
<trkpt lon="5.070737" lat="50.491668"><ele>77.75</ele></trkpt>
<trkpt lon="5.069648" lat="50.491684"><ele>77.75</ele></trkpt>
<trkpt lon="5.068992" lat="50.491700"><ele>78.5</ele></trkpt>
<trkpt lon="5.069001" lat="50.491755"><ele>78.0</ele></trkpt>
<trkpt lon="5.068988" lat="50.491887"><ele>77.0</ele></trkpt>
<trkpt lon="5.068941" lat="50.491989"><ele>76.5</ele></trkpt>
<trkpt lon="5.068838" lat="50.492088"><ele>76.0</ele></trkpt>
<trkpt lon="5.068694" lat="50.492165"><ele>75.5</ele></trkpt>
<trkpt lon="5.068550" lat="50.492227"><ele>75.0</ele></trkpt>
<trkpt lon="5.068435" lat="50.492256"><ele>75.5</ele></trkpt>
<trkpt lon="5.067549" lat="50.492386"><ele>76.5</ele></trkpt>
<trkpt lon="5.066855" lat="50.492515"><ele>75.75</ele></trkpt>
<trkpt lon="5.065915" lat="50.492707"><ele>75.5</ele></trkpt>
<trkpt lon="5.064573" lat="50.492990"><ele>76.0</ele></trkpt>
<trkpt lon="5.063085" lat="50.493313"><ele>77.0</ele></trkpt>
<trkpt lon="5.062411" lat="50.493476"><ele>76.5</ele></trkpt>
<trkpt lon="5.062062" lat="50.493553"><ele>75.75</ele></trkpt>
<trkpt lon="5.061757" lat="50.493623"><ele>76.25</ele></trkpt>
<trkpt lon="5.059293" lat="50.494172"><ele>76.0</ele></trkpt>
<trkpt lon="5.056885" lat="50.494708"><ele>76.5</ele></trkpt>
<trkpt lon="5.055177" lat="50.495088"><ele>77.0</ele></trkpt>
<trkpt lon="5.053589" lat="50.495450"><ele>76.75</ele></trkpt>
<trkpt lon="5.053067" lat="50.495534"><ele>76.25</ele></trkpt>
<trkpt lon="5.052665" lat="50.495580"><ele>76.25</ele></trkpt>
<trkpt lon="5.052181" lat="50.495606"><ele>76.75</ele></trkpt>
<trkpt lon="5.051671" lat="50.495609"><ele>77.25</ele></trkpt>
<trkpt lon="5.050965" lat="50.495602"><ele>76.5</ele></trkpt>
<trkpt lon="5.045449" lat="50.495422"><ele>76.75</ele></trkpt>
<trkpt lon="5.044755" lat="50.495408"><ele>76.0</ele></trkpt>
<trkpt lon="5.043982" lat="50.495381"><ele>76.25</ele></trkpt>
<trkpt lon="5.043367" lat="50.495355"><ele>76.25</ele></trkpt>
<trkpt lon="5.042922" lat="50.495312"><ele>76.25</ele></trkpt>
<trkpt lon="5.041811" lat="50.495164"><ele>75.75</ele></trkpt>
<trkpt lon="5.040671" lat="50.494929"><ele>75.5</ele></trkpt>
<trkpt lon="5.039210" lat="50.494516"><ele>76.5</ele></trkpt>
<trkpt lon="5.037045" lat="50.493933"><ele>76.75</ele></trkpt>
<trkpt lon="5.036505" lat="50.493802"><ele>76.75</ele></trkpt>
<trkpt lon="5.034161" lat="50.493319"><ele>76.0</ele></trkpt>
<trkpt lon="5.033720" lat="50.493232"><ele>75.5</ele></trkpt>
<trkpt lon="5.033016" lat="50.493067"><ele>76.0</ele></trkpt>
<trkpt lon="5.032228" lat="50.492866"><ele>75.5</ele></trkpt>
<trkpt lon="5.031740" lat="50.492729"><ele>75.5</ele></trkpt>
<trkpt lon="5.031349" lat="50.492591"><ele>75.5</ele></trkpt>
<trkpt lon="5.029578" lat="50.491858"><ele>76.25</ele></trkpt>
<trkpt lon="5.029041" lat="50.491641"><ele>75.5</ele></trkpt>
<trkpt lon="5.028544" lat="50.491405"><ele>75.5</ele></trkpt>
<trkpt lon="5.028463" lat="50.491286"><ele>75.75</ele></trkpt>
<trkpt lon="5.028291" lat="50.491155"><ele>75.75</ele></trkpt>
<trkpt lon="5.028084" lat="50.491014"><ele>76.25</ele></trkpt>
<trkpt lon="5.027682" lat="50.490645"><ele>76.0</ele></trkpt>
<trkpt lon="5.027582" lat="50.490625"><ele>76.0</ele></trkpt>
<trkpt lon="5.027045" lat="50.490457"><ele>77.0</ele></trkpt>
<trkpt lon="5.026755" lat="50.490398"><ele>76.75</ele></trkpt>
<trkpt lon="5.026548" lat="50.490280"><ele>76.5</ele></trkpt>
<trkpt lon="5.026515" lat="50.490230"><ele>76.5</ele></trkpt>
<trkpt lon="5.026102" lat="50.490156"><ele>76.25</ele></trkpt>
<trkpt lon="5.025863" lat="50.490142"><ele>76.0</ele></trkpt>
<trkpt lon="5.025063" lat="50.489805"><ele>75.75</ele></trkpt>
<trkpt lon="5.024379" lat="50.489491"><ele>76.25</ele></trkpt>
<trkpt lon="5.023933" lat="50.489257"><ele>76.0</ele></trkpt>
<trkpt lon="5.023459" lat="50.488976"><ele>75.75</ele></trkpt>
<trkpt lon="5.023170" lat="50.488785"><ele>76.0</ele></trkpt>
<trkpt lon="5.022853" lat="50.488571"><ele>75.75</ele></trkpt>
<trkpt lon="5.022391" lat="50.488214"><ele>76.0</ele></trkpt>
<trkpt lon="5.022222" lat="50.488065"><ele>75.75</ele></trkpt>
<trkpt lon="5.021752" lat="50.487633"><ele>75.75</ele></trkpt>
<trkpt lon="5.021251" lat="50.487060"><ele>76.0</ele></trkpt>
<trkpt lon="5.021104" lat="50.486878"><ele>76.0</ele></trkpt>
<trkpt lon="5.020807" lat="50.486471"><ele>75.5</ele></trkpt>
<trkpt lon="5.020599" lat="50.486194"><ele>75.75</ele></trkpt>
<trkpt lon="5.019186" lat="50.484253"><ele>76.0</ele></trkpt>
<trkpt lon="5.018893" lat="50.483835"><ele>76.0</ele></trkpt>
<trkpt lon="5.018583" lat="50.483414"><ele>76.5</ele></trkpt>
<trkpt lon="5.018586" lat="50.483364"><ele>76.75</ele></trkpt>
<trkpt lon="5.018524" lat="50.483302"><ele>76.5</ele></trkpt>
<trkpt lon="5.018177" lat="50.482725"><ele>76.0</ele></trkpt>
<trkpt lon="5.018213" lat="50.482483"><ele>77.5</ele></trkpt>
<trkpt lon="5.017596" lat="50.481773"><ele>77.25</ele></trkpt>
<trkpt lon="5.017535" lat="50.481702"><ele>77.75</ele></trkpt>
<trkpt lon="5.017515" lat="50.481627"><ele>78.0</ele></trkpt>
<trkpt lon="5.017549" lat="50.481504"><ele>78.5</ele></trkpt>
<trkpt lon="5.017588" lat="50.481469"><ele>78.75</ele></trkpt>
<trkpt lon="5.017334" lat="50.481318"><ele>78.5</ele></trkpt>
<trkpt lon="5.017262" lat="50.481305"><ele>78.25</ele></trkpt>
<trkpt lon="5.017156" lat="50.481326"><ele>77.5</ele></trkpt>
<trkpt lon="5.017054" lat="50.481321"><ele>76.75</ele></trkpt>
<trkpt lon="5.016788" lat="50.480975"><ele>76.0</ele></trkpt>
<trkpt lon="5.016723" lat="50.480890"><ele>76.0</ele></trkpt>
<trkpt lon="5.015881" lat="50.479791"><ele>77.5</ele></trkpt>
<trkpt lon="5.015288" lat="50.479018"><ele>77.5</ele></trkpt>
<trkpt lon="5.014474" lat="50.477960"><ele>77.75</ele></trkpt>
<trkpt lon="5.014162" lat="50.477579"><ele>78.0</ele></trkpt>
<trkpt lon="5.013807" lat="50.477180"><ele>77.25</ele></trkpt>
<trkpt lon="5.013410" lat="50.476772"><ele>77.75</ele></trkpt>
<trkpt lon="5.013004" lat="50.476393"><ele>78.0</ele></trkpt>
<trkpt lon="5.012761" lat="50.476165"><ele>78.0</ele></trkpt>
<trkpt lon="5.012421" lat="50.475891"><ele>77.25</ele></trkpt>
<trkpt lon="5.012274" lat="50.475777"><ele>77.0</ele></trkpt>
<trkpt lon="5.011152" lat="50.474907"><ele>76.5</ele></trkpt>
<trkpt lon="5.010011" lat="50.474037"><ele>79.0</ele></trkpt>
<trkpt lon="5.009689" lat="50.473752"><ele>78.75</ele></trkpt>
<trkpt lon="5.010068" lat="50.473509"><ele>79.0</ele></trkpt>
<trkpt lon="5.009941" lat="50.473401"><ele>79.0</ele></trkpt>
<trkpt lon="5.009711" lat="50.473235"><ele>79.0</ele></trkpt>
<trkpt lon="5.007959" lat="50.472050"><ele>78.75</ele></trkpt>
<trkpt lon="5.007837" lat="50.472014"><ele>78.75</ele></trkpt>
<trkpt lon="5.007677" lat="50.472117"><ele>77.75</ele></trkpt>
<trkpt lon="5.007647" lat="50.472090"><ele>77.75</ele></trkpt>
<trkpt lon="5.007167" lat="50.471703"><ele>77.75</ele></trkpt>
<trkpt lon="5.005894" lat="50.470672"><ele>78.25</ele></trkpt>
<trkpt lon="5.005185" lat="50.470174"><ele>77.0</ele></trkpt>
<trkpt lon="5.004395" lat="50.469692"><ele>77.5</ele></trkpt>
<trkpt lon="5.003953" lat="50.469450"><ele>78.0</ele></trkpt>
<trkpt lon="5.003384" lat="50.469175"><ele>78.0</ele></trkpt>
<trkpt lon="5.002823" lat="50.468936"><ele>78.25</ele></trkpt>
<trkpt lon="5.002141" lat="50.468684"><ele>77.5</ele></trkpt>
<trkpt lon="5.000873" lat="50.468247"><ele>77.25</ele></trkpt>
<trkpt lon="5.000407" lat="50.468109"><ele>78.5</ele></trkpt>
<trkpt lon="4.999886" lat="50.467991"><ele>76.5</ele></trkpt>
<trkpt lon="4.999554" lat="50.467921"><ele>77.0</ele></trkpt>
<trkpt lon="4.999276" lat="50.467868"><ele>77.25</ele></trkpt>
<trkpt lon="4.998966" lat="50.467835"><ele>77.25</ele></trkpt>
<trkpt lon="4.998644" lat="50.467806"><ele>76.75</ele></trkpt>
<trkpt lon="4.998086" lat="50.467779"><ele>75.75</ele></trkpt>
<trkpt lon="4.997336" lat="50.467760"><ele>76.0</ele></trkpt>
<trkpt lon="4.995078" lat="50.467718"><ele>75.75</ele></trkpt>
<trkpt lon="4.994342" lat="50.467717"><ele>75.5</ele></trkpt>
<trkpt lon="4.993424" lat="50.467745"><ele>77.0</ele></trkpt>
<trkpt lon="4.992787" lat="50.467785"><ele>76.75</ele></trkpt>
<trkpt lon="4.992666" lat="50.467796"><ele>76.75</ele></trkpt>
<trkpt lon="4.992308" lat="50.467833"><ele>76.5</ele></trkpt>
<trkpt lon="4.991401" lat="50.467948"><ele>75.75</ele></trkpt>
<trkpt lon="4.990810" lat="50.468045"><ele>77.0</ele></trkpt>
<trkpt lon="4.990348" lat="50.468146"><ele>76.25</ele></trkpt>
<trkpt lon="4.989700" lat="50.468320"><ele>77.0</ele></trkpt>
<trkpt lon="4.989239" lat="50.468471"><ele>76.25</ele></trkpt>
<trkpt lon="4.988828" lat="50.468643"><ele>76.75</ele></trkpt>
<trkpt lon="4.987399" lat="50.469337"><ele>77.0</ele></trkpt>
<trkpt lon="4.986008" lat="50.470055"><ele>77.25</ele></trkpt>
<trkpt lon="4.984930" lat="50.470705"><ele>77.25</ele></trkpt>
<trkpt lon="4.984411" lat="50.471049"><ele>76.25</ele></trkpt>
<trkpt lon="4.981036" lat="50.473514"><ele>76.25</ele></trkpt>
<trkpt lon="4.980770" lat="50.473706"><ele>76.5</ele></trkpt>
<trkpt lon="4.979867" lat="50.474234"><ele>76.75</ele></trkpt>
<trkpt lon="4.978953" lat="50.474674"><ele>76.75</ele></trkpt>
<trkpt lon="4.977867" lat="50.475163"><ele>77.0</ele></trkpt>
<trkpt lon="4.975437" lat="50.476282"><ele>77.25</ele></trkpt>
<trkpt lon="4.974271" lat="50.476824"><ele>77.25</ele></trkpt>
<trkpt lon="4.973539" lat="50.477117"><ele>76.75</ele></trkpt>
<trkpt lon="4.973370" lat="50.477185"><ele>76.25</ele></trkpt>
<trkpt lon="4.972002" lat="50.477656"><ele>76.75</ele></trkpt>
<trkpt lon="4.971783" lat="50.477703"><ele>77.5</ele></trkpt>
<trkpt lon="4.969991" lat="50.478211"><ele>77.5</ele></trkpt>
<trkpt lon="4.969857" lat="50.478248"><ele>77.25</ele></trkpt>
<trkpt lon="4.969416" lat="50.478361"><ele>78.0</ele></trkpt>
<trkpt lon="4.967947" lat="50.478689"><ele>79.5</ele></trkpt>
<trkpt lon="4.967933" lat="50.478692"><ele>79.5</ele></trkpt>
<trkpt lon="4.966878" lat="50.478915"><ele>78.25</ele></trkpt>
<trkpt lon="4.964864" lat="50.479331"><ele>78.25</ele></trkpt>
<trkpt lon="4.961241" lat="50.479959"><ele>77.75</ele></trkpt>
<trkpt lon="4.960752" lat="50.480051"><ele>77.75</ele></trkpt>
<trkpt lon="4.959197" lat="50.480333"><ele>77.25</ele></trkpt>
<trkpt lon="4.959082" lat="50.480352"><ele>77.0</ele></trkpt>
<trkpt lon="4.957693" lat="50.480584"><ele>77.0</ele></trkpt>
<trkpt lon="4.956955" lat="50.480693"><ele>78.5</ele></trkpt>
<trkpt lon="4.956207" lat="50.480789"><ele>77.5</ele></trkpt>
<trkpt lon="4.954399" lat="50.480911"><ele>77.0</ele></trkpt>
<trkpt lon="4.953219" lat="50.480928"><ele>76.75</ele></trkpt>
<trkpt lon="4.952919" lat="50.480924"><ele>77.0</ele></trkpt>
<trkpt lon="4.951762" lat="50.480865"><ele>77.5</ele></trkpt>
<trkpt lon="4.951045" lat="50.480779"><ele>75.5</ele></trkpt>
<trkpt lon="4.950186" lat="50.480649"><ele>76.75</ele></trkpt>
<trkpt lon="4.949539" lat="50.480541"><ele>76.75</ele></trkpt>
<trkpt lon="4.948120" lat="50.480309"><ele>77.5</ele></trkpt>
<trkpt lon="4.947109" lat="50.480129"><ele>76.5</ele></trkpt>
<trkpt lon="4.946431" lat="50.479975"><ele>77.0</ele></trkpt>
<trkpt lon="4.945828" lat="50.479815"><ele>76.75</ele></trkpt>
<trkpt lon="4.945228" lat="50.479644"><ele>76.75</ele></trkpt>
<trkpt lon="4.944748" lat="50.479496"><ele>77.5</ele></trkpt>
<trkpt lon="4.943715" lat="50.479112"><ele>77.0</ele></trkpt>
<trkpt lon="4.942524" lat="50.478580"><ele>76.75</ele></trkpt>
<trkpt lon="4.941432" lat="50.477983"><ele>77.0</ele></trkpt>
<trkpt lon="4.940266" lat="50.477239"><ele>76.75</ele></trkpt>
<trkpt lon="4.938944" lat="50.476361"><ele>77.0</ele></trkpt>
<trkpt lon="4.935274" lat="50.473974"><ele>77.5</ele></trkpt>
<trkpt lon="4.935137" lat="50.473891"><ele>76.75</ele></trkpt>
<trkpt lon="4.934747" lat="50.473638"><ele>77.75</ele></trkpt>
<trkpt lon="4.934565" lat="50.473523"><ele>77.75</ele></trkpt>
<trkpt lon="4.933479" lat="50.472773"><ele>77.75</ele></trkpt>
<trkpt lon="4.925919" lat="50.467550"><ele>78.5</ele></trkpt>
<trkpt lon="4.924977" lat="50.466908"><ele>78.25</ele></trkpt>
<trkpt lon="4.924696" lat="50.466715"><ele>79.5</ele></trkpt>
<trkpt lon="4.923478" lat="50.466157"><ele>77.25</ele></trkpt>
<trkpt lon="4.923338" lat="50.466045"><ele>76.75</ele></trkpt>
<trkpt lon="4.923401" lat="50.465900"><ele>79.25</ele></trkpt>
<trkpt lon="4.923187" lat="50.465793"><ele>79.5</ele></trkpt>
<trkpt lon="4.922746" lat="50.465611"><ele>79.25</ele></trkpt>
<trkpt lon="4.922499" lat="50.465525"><ele>79.0</ele></trkpt>
<trkpt lon="4.922286" lat="50.465460"><ele>79.5</ele></trkpt>
<trkpt lon="4.921632" lat="50.465303"><ele>80.0</ele></trkpt>
<trkpt lon="4.921209" lat="50.465189"><ele>77.75</ele></trkpt>
<trkpt lon="4.920101" lat="50.464904"><ele>77.75</ele></trkpt>
<trkpt lon="4.919074" lat="50.464651"><ele>78.0</ele></trkpt>
<trkpt lon="4.918218" lat="50.464463"><ele>79.25</ele></trkpt>
<trkpt lon="4.917165" lat="50.464283"><ele>79.0</ele></trkpt>
<trkpt lon="4.915856" lat="50.464091"><ele>79.75</ele></trkpt>
<trkpt lon="4.913268" lat="50.463874"><ele>78.0</ele></trkpt>
<trkpt lon="4.912530" lat="50.463852"><ele>78.5</ele></trkpt>
<trkpt lon="4.911947" lat="50.463859"><ele>78.5</ele></trkpt>
<trkpt lon="4.911277" lat="50.463880"><ele>78.0</ele></trkpt>
<trkpt lon="4.909797" lat="50.463987"><ele>77.5</ele></trkpt>
<trkpt lon="4.909037" lat="50.464050"><ele>76.5</ele></trkpt>
<trkpt lon="4.908397" lat="50.464118"><ele>78.5</ele></trkpt>
<trkpt lon="4.907515" lat="50.464231"><ele>79.25</ele></trkpt>
<trkpt lon="4.907353" lat="50.464251"><ele>78.5</ele></trkpt>
<trkpt lon="4.906444" lat="50.464391"><ele>78.5</ele></trkpt>
<trkpt lon="4.905784" lat="50.464529"><ele>78.25</ele></trkpt>
<trkpt lon="4.905043" lat="50.464694"><ele>78.5</ele></trkpt>
<trkpt lon="4.904552" lat="50.464788"><ele>78.75</ele></trkpt>
<trkpt lon="4.904169" lat="50.464848"><ele>78.75</ele></trkpt>
<trkpt lon="4.903738" lat="50.464903"><ele>79.25</ele></trkpt>
<trkpt lon="4.903467" lat="50.464931"><ele>78.5</ele></trkpt>
<trkpt lon="4.902864" lat="50.464966"><ele>78.75</ele></trkpt>
<trkpt lon="4.901364" lat="50.465036"><ele>78.5</ele></trkpt>
<trkpt lon="4.901117" lat="50.465155"><ele>77.5</ele></trkpt>
<trkpt lon="4.899900" lat="50.465224"><ele>78.0</ele></trkpt>
<trkpt lon="4.899758" lat="50.465262"><ele>78.75</ele></trkpt>
<trkpt lon="4.899501" lat="50.465344"><ele>80.5</ele></trkpt>
<trkpt lon="4.899167" lat="50.465416"><ele>80.0</ele></trkpt>
<trkpt lon="4.898848" lat="50.465462"><ele>79.75</ele></trkpt>
<trkpt lon="4.897852" lat="50.465511"><ele>80.25</ele></trkpt>
<trkpt lon="4.896585" lat="50.465557"><ele>80.75</ele></trkpt>
<trkpt lon="4.896285" lat="50.465570"><ele>81.0</ele></trkpt>
<trkpt lon="4.895702" lat="50.465582"><ele>80.25</ele></trkpt>
<trkpt lon="4.895570" lat="50.465549"><ele>80.75</ele></trkpt>
<trkpt lon="4.895422" lat="50.465547"><ele>81.0</ele></trkpt>
<trkpt lon="4.895240" lat="50.465588"><ele>80.75</ele></trkpt>
<trkpt lon="4.894900" lat="50.465632"><ele>80.75</ele></trkpt>
<trkpt lon="4.894735" lat="50.465638"><ele>80.75</ele></trkpt>
<trkpt lon="4.894467" lat="50.465625"><ele>80.75</ele></trkpt>
<trkpt lon="4.894183" lat="50.465596"><ele>80.5</ele></trkpt>
<trkpt lon="4.893898" lat="50.465555"><ele>80.0</ele></trkpt>
<trkpt lon="4.893551" lat="50.465483"><ele>79.5</ele></trkpt>
<trkpt lon="4.893198" lat="50.465499"><ele>79.25</ele></trkpt>
<trkpt lon="4.892370" lat="50.465531"><ele>79.0</ele></trkpt>
<trkpt lon="4.891430" lat="50.465568"><ele>80.75</ele></trkpt>
<trkpt lon="4.890428" lat="50.465608"><ele>79.75</ele></trkpt>
<trkpt lon="4.889577" lat="50.465646"><ele>79.5</ele></trkpt>
<trkpt lon="4.889386" lat="50.465651"><ele>79.75</ele></trkpt>
<trkpt lon="4.888973" lat="50.465662"><ele>80.0</ele></trkpt>
<trkpt lon="4.888563" lat="50.465659"><ele>79.5</ele></trkpt>
<trkpt lon="4.888114" lat="50.465637"><ele>79.5</ele></trkpt>
<trkpt lon="4.887489" lat="50.465578"><ele>79.75</ele></trkpt>
<trkpt lon="4.887368" lat="50.465564"><ele>79.75</ele></trkpt>
<trkpt lon="4.886308" lat="50.465449"><ele>80.0</ele></trkpt>
<trkpt lon="4.885098" lat="50.465321"><ele>80.0</ele></trkpt>
<trkpt lon="4.884712" lat="50.465281"><ele>79.75</ele></trkpt>
<trkpt lon="4.884505" lat="50.465256"><ele>79.25</ele></trkpt>
<trkpt lon="4.884257" lat="50.465224"><ele>79.25</ele></trkpt>
<trkpt lon="4.883983" lat="50.465191"><ele>79.5</ele></trkpt>
<trkpt lon="4.882035" lat="50.464846"><ele>80.0</ele></trkpt>
<trkpt lon="4.881089" lat="50.464640"><ele>79.5</ele></trkpt>
<trkpt lon="4.880214" lat="50.464373"><ele>79.75</ele></trkpt>
<trkpt lon="4.880175" lat="50.464326"><ele>80.25</ele></trkpt>
<trkpt lon="4.880001" lat="50.464254"><ele>81.0</ele></trkpt>
<trkpt lon="4.879882" lat="50.464174"><ele>81.5</ele></trkpt>
<trkpt lon="4.879628" lat="50.464086"><ele>81.75</ele></trkpt>
<trkpt lon="4.879551" lat="50.464011"><ele>82.25</ele></trkpt>
<trkpt lon="4.879466" lat="50.463825"><ele>82.5</ele></trkpt>
<trkpt lon="4.879588" lat="50.463804"><ele>84.25</ele></trkpt>
<trkpt lon="4.879736" lat="50.463824"><ele>86.75</ele></trkpt>
<trkpt lon="4.879651" lat="50.463947"><ele>85.0</ele></trkpt>
<trkpt lon="4.878648" lat="50.465371"><ele>83.5</ele></trkpt>
<trkpt lon="4.878580" lat="50.465468"><ele>86.25</ele></trkpt>
<trkpt lon="4.878387" lat="50.465692"><ele>87.75</ele></trkpt>
<trkpt lon="4.878347" lat="50.465675"><ele>87.25</ele></trkpt>
<trkpt lon="4.878404" lat="50.465593"><ele>87.0</ele></trkpt>
<trkpt lon="4.878437" lat="50.465512"><ele>86.5</ele></trkpt>
<trkpt lon="4.878449" lat="50.465415"><ele>85.25</ele></trkpt>
<trkpt lon="4.878414" lat="50.465319"><ele>84.25</ele></trkpt>
<trkpt lon="4.878357" lat="50.465226"><ele>83.75</ele></trkpt>
<trkpt lon="4.878267" lat="50.465169"><ele>82.75</ele></trkpt>
<trkpt lon="4.877944" lat="50.465008"><ele>82.25</ele></trkpt>
<trkpt lon="4.877873" lat="50.465032"><ele>82.5</ele></trkpt>
<trkpt lon="4.878031" lat="50.465193"><ele>82.5</ele></trkpt>
<trkpt lon="4.878132" lat="50.465364"><ele>83.5</ele></trkpt>
<trkpt lon="4.878169" lat="50.465584"><ele>84.25</ele></trkpt>
<trkpt lon="4.878119" lat="50.465779"><ele>84.0</ele></trkpt>
<trkpt lon="4.878052" lat="50.465927"><ele>83.0</ele></trkpt>
<trkpt lon="4.878064" lat="50.465951"><ele>83.0</ele></trkpt>
<trkpt lon="4.878008" lat="50.465971"><ele>83.0</ele></trkpt>
<trkpt lon="4.877957" lat="50.465984"><ele>83.0</ele></trkpt>
<trkpt lon="4.877952" lat="50.466047"><ele>83.0</ele></trkpt>
<trkpt lon="4.877946" lat="50.466094"><ele>83.0</ele></trkpt>
<trkpt lon="4.877899" lat="50.466080"><ele>83.0</ele></trkpt>
<trkpt lon="4.877854" lat="50.466132"><ele>83.25</ele></trkpt>
<trkpt lon="4.877811" lat="50.466179"><ele>84.0</ele></trkpt>
<trkpt lon="4.877797" lat="50.466227"><ele>84.5</ele></trkpt>
<trkpt lon="4.877686" lat="50.466244"><ele>84.25</ele></trkpt>
<trkpt lon="4.877574" lat="50.466272"><ele>84.0</ele></trkpt>
<trkpt lon="4.877291" lat="50.466438"><ele>83.75</ele></trkpt>
<trkpt lon="4.877263" lat="50.466508"><ele>84.75</ele></trkpt>
<trkpt lon="4.876913" lat="50.466696"><ele>84.25</ele></trkpt>
<trkpt lon="4.876549" lat="50.466872"><ele>85.25</ele></trkpt>
<trkpt lon="4.876076" lat="50.467035"><ele>84.75</ele></trkpt>
<trkpt lon="4.875783" lat="50.467152"><ele>84.75</ele></trkpt>
<trkpt lon="4.875762" lat="50.467132"><ele>84.5</ele></trkpt>
<trkpt lon="4.875738" lat="50.467110"><ele>84.25</ele></trkpt>
<trkpt lon="4.875709" lat="50.467083"><ele>84.0</ele></trkpt>
<trkpt lon="4.875686" lat="50.467061"><ele>83.75</ele></trkpt>
<trkpt lon="4.875663" lat="50.467040"><ele>83.5</ele></trkpt>
<trkpt lon="4.875637" lat="50.467016"><ele>83.25</ele></trkpt>
<trkpt lon="4.875623" lat="50.467003"><ele>83.25</ele></trkpt>
<trkpt lon="4.875048" lat="50.467235"><ele>83.0</ele></trkpt>
<trkpt lon="4.874519" lat="50.467434"><ele>84.0</ele></trkpt>
<trkpt lon="4.874109" lat="50.467592"><ele>84.0</ele></trkpt>
<trkpt lon="4.873510" lat="50.467828"><ele>84.0</ele></trkpt>
<trkpt lon="4.872956" lat="50.468044"><ele>84.5</ele></trkpt>
<trkpt lon="4.872838" lat="50.468045"><ele>84.0</ele></trkpt>
<trkpt lon="4.872828" lat="50.468050"><ele>84.0</ele></trkpt>
<trkpt lon="4.872778" lat="50.468075"><ele>84.0</ele></trkpt>
<trkpt lon="4.872756" lat="50.468057"><ele>84.0</ele></trkpt>
<trkpt lon="4.871815" lat="50.467494"><ele>83.75</ele></trkpt>
<trkpt lon="4.872010" lat="50.467410"><ele>83.0</ele></trkpt>
<trkpt lon="4.872010" lat="50.467410"><ele>83.25</ele></trkpt>
<trkpt lon="4.871815" lat="50.467494"><ele>83.75</ele></trkpt>
<trkpt lon="4.871708" lat="50.467430"><ele>83.5</ele></trkpt>
<trkpt lon="4.871573" lat="50.467349"><ele>83.25</ele></trkpt>
<trkpt lon="4.871493" lat="50.467300"><ele>83.25</ele></trkpt>
<trkpt lon="4.871365" lat="50.467222"><ele>82.75</ele></trkpt>
<trkpt lon="4.871233" lat="50.467143"><ele>83.0</ele></trkpt>
<trkpt lon="4.870951" lat="50.466972"><ele>83.0</ele></trkpt>
<trkpt lon="4.870749" lat="50.466850"><ele>83.0</ele></trkpt>
<trkpt lon="4.870615" lat="50.466769"><ele>83.0</ele></trkpt>
<trkpt lon="4.870506" lat="50.466713"><ele>83.0</ele></trkpt>
<trkpt lon="4.869864" lat="50.466323"><ele>83.0</ele></trkpt>
<trkpt lon="4.869113" lat="50.465872"><ele>84.0</ele></trkpt>
<trkpt lon="4.868984" lat="50.465794"><ele>84.5</ele></trkpt>
<trkpt lon="4.868879" lat="50.465732"><ele>85.0</ele></trkpt>
<trkpt lon="4.867496" lat="50.464901"><ele>85.0</ele></trkpt>
<trkpt lon="4.867440" lat="50.464867"><ele>85.0</ele></trkpt>
<trkpt lon="4.866765" lat="50.464469"><ele>84.0</ele></trkpt>
<trkpt lon="4.866695" lat="50.464426"><ele>84.0</ele></trkpt>
<trkpt lon="4.867119" lat="50.464218"><ele>84.0</ele></trkpt>
<trkpt lon="4.867071" lat="50.464178"><ele>84.0</ele></trkpt>
<trkpt lon="4.866988" lat="50.464110"><ele>84.0</ele></trkpt>
<trkpt lon="4.866764" lat="50.463925"><ele>83.75</ele></trkpt>
<trkpt lon="4.866849" lat="50.463832"><ele>84.0</ele></trkpt>
<trkpt lon="4.867097" lat="50.463608"><ele>84.0</ele></trkpt>
<trkpt lon="4.867125" lat="50.463504"><ele>84.0</ele></trkpt>
<trkpt lon="4.867143" lat="50.463452"><ele>84.0</ele></trkpt>
<trkpt lon="4.867155" lat="50.463411"><ele>84.0</ele></trkpt>
<trkpt lon="4.867362" lat="50.462794"><ele>84.0</ele></trkpt>
<trkpt lon="4.867370" lat="50.462768"><ele>83.75</ele></trkpt>
<trkpt lon="4.867569" lat="50.462796"><ele>83.75</ele></trkpt>
<trkpt lon="4.867718" lat="50.462364"><ele>82.75</ele></trkpt>
<trkpt lon="4.867758" lat="50.462235"><ele>82.75</ele></trkpt>
<trkpt lon="4.867802" lat="50.462087"><ele>80.75</ele></trkpt>
<trkpt lon="4.867923" lat="50.461735"><ele>82.0</ele></trkpt>
<trkpt lon="4.867937" lat="50.461683"><ele>82.75</ele></trkpt>
<trkpt lon="4.867939" lat="50.461664"><ele>83.0</ele></trkpt>
<trkpt lon="4.867921" lat="50.461635"><ele>83.0</ele></trkpt>
<trkpt lon="4.867893" lat="50.461589"><ele>83.0</ele></trkpt>
<trkpt lon="4.867846" lat="50.461601"><ele>83.0</ele></trkpt>
<trkpt lon="4.867760" lat="50.461619"><ele>82.75</ele></trkpt>
<trkpt lon="4.867491" lat="50.461550"><ele>82.25</ele></trkpt>
<trkpt lon="4.867468" lat="50.461498"><ele>82.5</ele></trkpt>
<trkpt lon="4.867451" lat="50.461469"><ele>82.5</ele></trkpt>
<trkpt lon="4.867408" lat="50.461394"><ele>82.75</ele></trkpt>
<trkpt lon="4.867373" lat="50.461341"><ele>83.25</ele></trkpt>
<trkpt lon="4.867365" lat="50.461317"><ele>83.5</ele></trkpt>
<trkpt lon="4.867346" lat="50.461255"><ele>84.25</ele></trkpt>
<trkpt lon="4.867379" lat="50.461156"><ele>84.75</ele></trkpt>
<trkpt lon="4.867423" lat="50.461070"><ele>84.5</ele></trkpt>
<trkpt lon="4.867488" lat="50.461069"><ele>84.0</ele></trkpt>
<trkpt lon="4.867477" lat="50.460952"><ele>84.0</ele></trkpt>
<trkpt lon="4.867422" lat="50.460839"><ele>84.25</ele></trkpt>
<trkpt lon="4.867505" lat="50.460745"><ele>84.0</ele></trkpt>
<trkpt lon="4.866403" lat="50.460003"><ele>84.0</ele></trkpt>
<trkpt lon="4.866197" lat="50.459869"><ele>84.0</ele></trkpt>
<trkpt lon="4.865810" lat="50.459642"><ele>83.75</ele></trkpt>
<trkpt lon="4.865445" lat="50.459386"><ele>85.0</ele></trkpt>
<trkpt lon="4.865184" lat="50.459172"><ele>84.75</ele></trkpt>
<trkpt lon="4.865454" lat="50.459014"><ele>82.75</ele></trkpt>
<trkpt lon="4.865501" lat="50.458977"><ele>82.25</ele></trkpt>
<trkpt lon="4.865486" lat="50.458936"><ele>82.0</ele></trkpt>
<trkpt lon="4.865500" lat="50.458924"><ele>81.75</ele></trkpt>
<trkpt lon="4.865296" lat="50.458793"><ele>82.0</ele></trkpt>
<trkpt lon="4.865275" lat="50.458748"><ele>81.25</ele></trkpt>
<trkpt lon="4.865083" lat="50.458604"><ele>83.0</ele></trkpt>
<trkpt lon="4.864887" lat="50.458437"><ele>82.25</ele></trkpt>
<trkpt lon="4.863916" lat="50.457276"><ele>80.25</ele></trkpt>
<trkpt lon="4.863439" lat="50.456704"><ele>80.25</ele></trkpt>
<trkpt lon="4.862351" lat="50.455354"><ele>80.25</ele></trkpt>
<trkpt lon="4.862075" lat="50.454889"><ele>80.75</ele></trkpt>
<trkpt lon="4.861962" lat="50.454703"><ele>81.5</ele></trkpt>
<trkpt lon="4.861903" lat="50.454673"><ele>81.75</ele></trkpt>
<trkpt lon="4.861866" lat="50.454654"><ele>81.75</ele></trkpt>
<trkpt lon="4.861462" lat="50.453978"><ele>81.25</ele></trkpt>
<trkpt lon="4.861140" lat="50.453446"><ele>81.0</ele></trkpt>
<trkpt lon="4.860857" lat="50.453000"><ele>81.25</ele></trkpt>
<trkpt lon="4.860797" lat="50.452886"><ele>81.0</ele></trkpt>
<trkpt lon="4.860784" lat="50.452815"><ele>80.75</ele></trkpt>
<trkpt lon="4.860666" lat="50.452513"><ele>80.75</ele></trkpt>
<trkpt lon="4.860626" lat="50.452348"><ele>80.75</ele></trkpt>
<trkpt lon="4.860544" lat="50.451990"><ele>81.0</ele></trkpt>
<trkpt lon="4.860514" lat="50.451820"><ele>81.0</ele></trkpt>
<trkpt lon="4.860527" lat="50.451622"><ele>81.0</ele></trkpt>
<trkpt lon="4.860518" lat="50.451572"><ele>81.0</ele></trkpt>
<trkpt lon="4.860492" lat="50.451530"><ele>81.0</ele></trkpt>
<trkpt lon="4.860458" lat="50.451495"><ele>81.25</ele></trkpt>
<trkpt lon="4.860435" lat="50.451453"><ele>81.25</ele></trkpt>
<trkpt lon="4.860404" lat="50.451270"><ele>81.5</ele></trkpt>
<trkpt lon="4.860410" lat="50.451231"><ele>81.5</ele></trkpt>
<trkpt lon="4.860442" lat="50.451149"><ele>81.25</ele></trkpt>
<trkpt lon="4.860446" lat="50.451103"><ele>81.25</ele></trkpt>
<trkpt lon="4.860334" lat="50.450628"><ele>81.75</ele></trkpt>
<trkpt lon="4.860131" lat="50.449827"><ele>80.5</ele></trkpt>
<trkpt lon="4.859951" lat="50.449103"><ele>81.0</ele></trkpt>
<trkpt lon="4.859743" lat="50.448296"><ele>80.75</ele></trkpt>
<trkpt lon="4.859630" lat="50.447947"><ele>81.0</ele></trkpt>
<trkpt lon="4.859402" lat="50.446565"><ele>81.0</ele></trkpt>
<trkpt lon="4.859302" lat="50.445897"><ele>81.5</ele></trkpt>
<trkpt lon="4.859218" lat="50.445559"><ele>81.5</ele></trkpt>
<trkpt lon="4.859162" lat="50.445381"><ele>81.25</ele></trkpt>
<trkpt lon="4.859156" lat="50.445329"><ele>81.0</ele></trkpt>
<trkpt lon="4.859091" lat="50.444775"><ele>81.25</ele></trkpt>
<trkpt lon="4.858981" lat="50.443654"><ele>80.75</ele></trkpt>
<trkpt lon="4.858944" lat="50.443208"><ele>81.25</ele></trkpt>
<trkpt lon="4.859035" lat="50.442799"><ele>80.75</ele></trkpt>
<trkpt lon="4.859059" lat="50.442690"><ele>80.75</ele></trkpt>
<trkpt lon="4.859188" lat="50.442241"><ele>80.75</ele></trkpt>
<trkpt lon="4.859455" lat="50.441631"><ele>80.75</ele></trkpt>
<trkpt lon="4.859532" lat="50.441496"><ele>80.5</ele></trkpt>
<trkpt lon="4.859580" lat="50.441414"><ele>80.5</ele></trkpt>
<trkpt lon="4.860495" lat="50.440178"><ele>80.5</ele></trkpt>
<trkpt lon="4.862084" lat="50.437422"><ele>81.25</ele></trkpt>
<trkpt lon="4.862308" lat="50.436695"><ele>81.5</ele></trkpt>
<trkpt lon="4.862391" lat="50.436263"><ele>81.25</ele></trkpt>
<trkpt lon="4.862450" lat="50.436209"><ele>81.0</ele></trkpt>
<trkpt lon="4.862489" lat="50.436174"><ele>80.75</ele></trkpt>
<trkpt lon="4.862744" lat="50.434827"><ele>82.25</ele></trkpt>
<trkpt lon="4.863084" lat="50.433403"><ele>81.75</ele></trkpt>
<trkpt lon="4.863263" lat="50.433027"><ele>80.75</ele></trkpt>
<trkpt lon="4.863646" lat="50.432521"><ele>81.5</ele></trkpt>
<trkpt lon="4.864094" lat="50.432043"><ele>81.25</ele></trkpt>
<trkpt lon="4.866374" lat="50.430192"><ele>80.5</ele></trkpt>
<trkpt lon="4.866869" lat="50.429756"><ele>81.0</ele></trkpt>
<trkpt lon="4.866930" lat="50.429722"><ele>81.0</ele></trkpt>
<trkpt lon="4.866972" lat="50.429673"><ele>80.75</ele></trkpt>
<trkpt lon="4.867010" lat="50.429626"><ele>80.75</ele></trkpt>
<trkpt lon="4.867040" lat="50.429588"><ele>80.75</ele></trkpt>
<trkpt lon="4.868219" lat="50.428153"><ele>81.0</ele></trkpt>
<trkpt lon="4.869239" lat="50.426886"><ele>81.5</ele></trkpt>
<trkpt lon="4.869427" lat="50.426709"><ele>81.5</ele></trkpt>
<trkpt lon="4.869839" lat="50.426415"><ele>81.0</ele></trkpt>
<trkpt lon="4.870195" lat="50.426167"><ele>81.75</ele></trkpt>
<trkpt lon="4.870401" lat="50.426052"><ele>81.5</ele></trkpt>
<trkpt lon="4.870587" lat="50.425903"><ele>81.75</ele></trkpt>
<trkpt lon="4.870699" lat="50.425776"><ele>81.75</ele></trkpt>
<trkpt lon="4.871866" lat="50.424847"><ele>82.0</ele></trkpt>
<trkpt lon="4.872309" lat="50.424589"><ele>81.5</ele></trkpt>
<trkpt lon="4.872666" lat="50.424403"><ele>81.5</ele></trkpt>
<trkpt lon="4.873177" lat="50.424162"><ele>81.0</ele></trkpt>
<trkpt lon="4.873468" lat="50.423978"><ele>81.5</ele></trkpt>
<trkpt lon="4.873547" lat="50.423953"><ele>81.5</ele></trkpt>
<trkpt lon="4.873691" lat="50.423909"><ele>81.5</ele></trkpt>
<trkpt lon="4.874143" lat="50.423674"><ele>82.25</ele></trkpt>
<trkpt lon="4.874250" lat="50.423614"><ele>82.25</ele></trkpt>
<trkpt lon="4.875489" lat="50.423124"><ele>81.5</ele></trkpt>
<trkpt lon="4.876905" lat="50.422546"><ele>81.5</ele></trkpt>
<trkpt lon="4.877058" lat="50.422448"><ele>81.25</ele></trkpt>
<trkpt lon="4.877910" lat="50.421269"><ele>81.25</ele></trkpt>
<trkpt lon="4.877988" lat="50.421102"><ele>81.25</ele></trkpt>
<trkpt lon="4.878057" lat="50.420476"><ele>81.75</ele></trkpt>
<trkpt lon="4.878058" lat="50.420366"><ele>81.75</ele></trkpt>
<trkpt lon="4.878086" lat="50.420322"><ele>81.75</ele></trkpt>
<trkpt lon="4.878101" lat="50.420298"><ele>81.5</ele></trkpt>
<trkpt lon="4.878279" lat="50.419627"><ele>81.25</ele></trkpt>
<trkpt lon="4.878539" lat="50.418809"><ele>81.5</ele></trkpt>
<trkpt lon="4.878779" lat="50.418392"><ele>81.0</ele></trkpt>
<trkpt lon="4.878950" lat="50.418164"><ele>81.25</ele></trkpt>
<trkpt lon="4.879131" lat="50.417988"><ele>80.75</ele></trkpt>
<trkpt lon="4.879856" lat="50.417283"><ele>81.5</ele></trkpt>
<trkpt lon="4.880059" lat="50.417107"><ele>81.5</ele></trkpt>
<trkpt lon="4.880574" lat="50.416651"><ele>81.0</ele></trkpt>
<trkpt lon="4.880805" lat="50.416417"><ele>81.75</ele></trkpt>
<trkpt lon="4.881663" lat="50.415396"><ele>81.0</ele></trkpt>
<trkpt lon="4.882253" lat="50.414567"><ele>81.25</ele></trkpt>
<trkpt lon="4.882395" lat="50.414290"><ele>81.5</ele></trkpt>
<trkpt lon="4.882484" lat="50.414105"><ele>81.25</ele></trkpt>
<trkpt lon="4.882554" lat="50.413923"><ele>81.5</ele></trkpt>
<trkpt lon="4.882587" lat="50.413828"><ele>81.5</ele></trkpt>
<trkpt lon="4.882789" lat="50.412601"><ele>81.75</ele></trkpt>
<trkpt lon="4.883034" lat="50.411748"><ele>81.5</ele></trkpt>
<trkpt lon="4.883044" lat="50.411715"><ele>81.5</ele></trkpt>
<trkpt lon="4.883120" lat="50.411361"><ele>81.5</ele></trkpt>
<trkpt lon="4.883177" lat="50.411005"><ele>81.0</ele></trkpt>
<trkpt lon="4.883202" lat="50.410230"><ele>81.25</ele></trkpt>
<trkpt lon="4.883059" lat="50.409006"><ele>81.75</ele></trkpt>
<trkpt lon="4.882824" lat="50.407829"><ele>81.75</ele></trkpt>
<trkpt lon="4.882627" lat="50.407051"><ele>82.0</ele></trkpt>
<trkpt lon="4.882676" lat="50.406928"><ele>81.5</ele></trkpt>
<trkpt lon="4.882665" lat="50.406577"><ele>81.5</ele></trkpt>
<trkpt lon="4.882592" lat="50.405576"><ele>81.25</ele></trkpt>
<trkpt lon="4.882540" lat="50.405305"><ele>81.5</ele></trkpt>
<trkpt lon="4.882539" lat="50.405242"><ele>81.5</ele></trkpt>
<trkpt lon="4.882485" lat="50.405094"><ele>81.25</ele></trkpt>
<trkpt lon="4.882476" lat="50.405045"><ele>81.25</ele></trkpt>
<trkpt lon="4.882427" lat="50.404861"><ele>81.5</ele></trkpt>
<trkpt lon="4.882245" lat="50.404434"><ele>82.5</ele></trkpt>
<trkpt lon="4.881835" lat="50.403559"><ele>81.75</ele></trkpt>
<trkpt lon="4.881497" lat="50.402841"><ele>81.75</ele></trkpt>
<trkpt lon="4.881431" lat="50.402624"><ele>82.5</ele></trkpt>
<trkpt lon="4.881374" lat="50.400672"><ele>82.75</ele></trkpt>
<trkpt lon="4.881379" lat="50.400649"><ele>82.75</ele></trkpt>
<trkpt lon="4.881321" lat="50.399942"><ele>83.0</ele></trkpt>
<trkpt lon="4.881234" lat="50.399285"><ele>83.0</ele></trkpt>
<trkpt lon="4.881206" lat="50.399128"><ele>82.75</ele></trkpt>
<trkpt lon="4.881067" lat="50.398281"><ele>83.0</ele></trkpt>
<trkpt lon="4.881037" lat="50.398207"><ele>83.25</ele></trkpt>
<trkpt lon="4.880851" lat="50.397872"><ele>83.75</ele></trkpt>
<trkpt lon="4.880899" lat="50.397276"><ele>83.75</ele></trkpt>
<trkpt lon="4.880696" lat="50.396054"><ele>82.75</ele></trkpt>
<trkpt lon="4.880418" lat="50.394103"><ele>82.25</ele></trkpt>
<trkpt lon="4.880289" lat="50.393261"><ele>82.75</ele></trkpt>
<trkpt lon="4.880122" lat="50.392720"><ele>82.5</ele></trkpt>
<trkpt lon="4.879929" lat="50.392178"><ele>83.0</ele></trkpt>
<trkpt lon="4.879770" lat="50.391620"><ele>83.0</ele></trkpt>
<trkpt lon="4.879524" lat="50.390484"><ele>83.5</ele></trkpt>
<trkpt lon="4.879443" lat="50.390212"><ele>83.0</ele></trkpt>
<trkpt lon="4.879398" lat="50.390160"><ele>83.0</ele></trkpt>
<trkpt lon="4.879325" lat="50.389738"><ele>83.0</ele></trkpt>
<trkpt lon="4.879245" lat="50.388801"><ele>83.25</ele></trkpt>
<trkpt lon="4.879168" lat="50.387442"><ele>82.75</ele></trkpt>
<trkpt lon="4.879107" lat="50.386826"><ele>83.0</ele></trkpt>
<trkpt lon="4.878960" lat="50.386437"><ele>82.75</ele></trkpt>
<trkpt lon="4.878646" lat="50.386084"><ele>82.75</ele></trkpt>
<trkpt lon="4.878409" lat="50.385881"><ele>82.75</ele></trkpt>
<trkpt lon="4.878030" lat="50.385669"><ele>83.0</ele></trkpt>
<trkpt lon="4.877482" lat="50.385387"><ele>83.25</ele></trkpt>
<trkpt lon="4.877212" lat="50.385276"><ele>83.0</ele></trkpt>
<trkpt lon="4.876899" lat="50.385176"><ele>83.75</ele></trkpt>
<trkpt lon="4.876854" lat="50.385161"><ele>83.5</ele></trkpt>
<trkpt lon="4.876650" lat="50.385096"><ele>83.25</ele></trkpt>
<trkpt lon="4.875958" lat="50.384864"><ele>84.5</ele></trkpt>
<trkpt lon="4.873824" lat="50.384220"><ele>85.25</ele></trkpt>
<trkpt lon="4.873353" lat="50.384083"><ele>85.0</ele></trkpt>
<trkpt lon="4.872985" lat="50.384001"><ele>86.25</ele></trkpt>
<trkpt lon="4.870330" lat="50.383474"><ele>86.5</ele></trkpt>
<trkpt lon="4.870136" lat="50.383461"><ele>86.75</ele></trkpt>
<trkpt lon="4.869218" lat="50.383454"><ele>86.75</ele></trkpt>
<trkpt lon="4.868928" lat="50.383440"><ele>86.5</ele></trkpt>
<trkpt lon="4.868453" lat="50.383361"><ele>84.75</ele></trkpt>
<trkpt lon="4.868064" lat="50.383245"><ele>84.25</ele></trkpt>
<trkpt lon="4.867736" lat="50.383082"><ele>84.25</ele></trkpt>
<trkpt lon="4.867506" lat="50.382920"><ele>84.5</ele></trkpt>
<trkpt lon="4.867318" lat="50.382691"><ele>84.25</ele></trkpt>
<trkpt lon="4.866738" lat="50.381666"><ele>84.25</ele></trkpt>
<trkpt lon="4.866824" lat="50.381601"><ele>84.0</ele></trkpt>
<trkpt lon="4.866886" lat="50.381522"><ele>83.75</ele></trkpt>
<trkpt lon="4.866983" lat="50.381366"><ele>83.75</ele></trkpt>
<trkpt lon="4.867036" lat="50.381375"><ele>83.5</ele></trkpt>
<trkpt lon="4.867102" lat="50.381300"><ele>83.25</ele></trkpt>
<trkpt lon="4.867264" lat="50.381057"><ele>83.0</ele></trkpt>
<trkpt lon="4.867289" lat="50.380958"><ele>83.25</ele></trkpt>
<trkpt lon="4.867246" lat="50.380944"><ele>83.5</ele></trkpt>
<trkpt lon="4.867303" lat="50.380855"><ele>83.5</ele></trkpt>
<trkpt lon="4.867353" lat="50.380781"><ele>83.5</ele></trkpt>
<trkpt lon="4.867666" lat="50.380342"><ele>84.0</ele></trkpt>
<trkpt lon="4.867800" lat="50.380141"><ele>83.75</ele></trkpt>
<trkpt lon="4.868009" lat="50.379967"><ele>83.25</ele></trkpt>
<trkpt lon="4.868157" lat="50.379887"><ele>83.25</ele></trkpt>
<trkpt lon="4.868246" lat="50.379848"><ele>83.5</ele></trkpt>
<trkpt lon="4.867769" lat="50.379690"><ele>84.75</ele></trkpt>
<trkpt lon="4.868146" lat="50.379261"><ele>84.5</ele></trkpt>
<trkpt lon="4.868347" lat="50.379050"><ele>85.0</ele></trkpt>
<trkpt lon="4.868631" lat="50.378777"><ele>85.25</ele></trkpt>
<trkpt lon="4.869369" lat="50.378492"><ele>85.5</ele></trkpt>
<trkpt lon="4.869714" lat="50.378379"><ele>85.75</ele></trkpt>
<trkpt lon="4.869682" lat="50.378325"><ele>86.0</ele></trkpt>
<trkpt lon="4.869687" lat="50.378298"><ele>86.0</ele></trkpt>
<trkpt lon="4.869780" lat="50.378172"><ele>86.5</ele></trkpt>
<trkpt lon="4.869876" lat="50.378050"><ele>87.0</ele></trkpt>
<trkpt lon="4.869882" lat="50.378002"><ele>87.25</ele></trkpt>
<trkpt lon="4.869860" lat="50.377970"><ele>87.25</ele></trkpt>
<trkpt lon="4.869594" lat="50.377717"><ele>88.5</ele></trkpt>
<trkpt lon="4.869848" lat="50.377653"><ele>88.5</ele></trkpt>
<trkpt lon="4.870071" lat="50.377608"><ele>89.0</ele></trkpt>
<trkpt lon="4.870498" lat="50.377522"><ele>88.75</ele></trkpt>
<trkpt lon="4.870904" lat="50.377448"><ele>89.25</ele></trkpt>
<trkpt lon="4.871293" lat="50.377367"><ele>89.5</ele></trkpt>
<trkpt lon="4.872756" lat="50.377062"><ele>90.5</ele></trkpt>
<trkpt lon="4.872947" lat="50.377037"><ele>90.5</ele></trkpt>
<trkpt lon="4.873226" lat="50.376968"><ele>90.25</ele></trkpt>
<trkpt lon="4.873568" lat="50.376801"><ele>90.5</ele></trkpt>
<trkpt lon="4.874271" lat="50.376446"><ele>92.25</ele></trkpt>
<trkpt lon="4.874730" lat="50.376210"><ele>92.5</ele></trkpt>
<trkpt lon="4.875449" lat="50.375758"><ele>93.5</ele></trkpt>
<trkpt lon="4.875962" lat="50.375435"><ele>92.25</ele></trkpt>
<trkpt lon="4.875984" lat="50.375411"><ele>92.0</ele></trkpt>
<trkpt lon="4.876390" lat="50.374972"><ele>90.75</ele></trkpt>
<trkpt lon="4.876516" lat="50.374646"><ele>89.5</ele></trkpt>
<trkpt lon="4.876623" lat="50.374303"><ele>89.25</ele></trkpt>
<trkpt lon="4.876649" lat="50.373985"><ele>88.5</ele></trkpt>
<trkpt lon="4.876657" lat="50.373772"><ele>87.5</ele></trkpt>
<trkpt lon="4.876647" lat="50.373635"><ele>87.25</ele></trkpt>
<trkpt lon="4.876701" lat="50.373567"><ele>86.25</ele></trkpt>
<trkpt lon="4.876639" lat="50.373432"><ele>86.0</ele></trkpt>
<trkpt lon="4.876515" lat="50.373230"><ele>86.5</ele></trkpt>
<trkpt lon="4.876286" lat="50.372910"><ele>87.0</ele></trkpt>
<trkpt lon="4.876069" lat="50.372593"><ele>86.5</ele></trkpt>
<trkpt lon="4.875830" lat="50.372207"><ele>85.75</ele></trkpt>
<trkpt lon="4.875383" lat="50.371365"><ele>88.5</ele></trkpt>
<trkpt lon="4.874021" lat="50.369121"><ele>87.5</ele></trkpt>
<trkpt lon="4.873596" lat="50.368363"><ele>85.75</ele></trkpt>
<trkpt lon="4.873025" lat="50.367417"><ele>85.75</ele></trkpt>
<trkpt lon="4.872975" lat="50.367238"><ele>86.75</ele></trkpt>
<trkpt lon="4.872261" lat="50.366097"><ele>86.75</ele></trkpt>
<trkpt lon="4.871646" lat="50.365289"><ele>85.25</ele></trkpt>
<trkpt lon="4.870954" lat="50.364279"><ele>85.75</ele></trkpt>
<trkpt lon="4.870935" lat="50.364145"><ele>85.25</ele></trkpt>
<trkpt lon="4.870914" lat="50.363660"><ele>85.0</ele></trkpt>
<trkpt lon="4.870916" lat="50.363322"><ele>85.0</ele></trkpt>
<trkpt lon="4.870930" lat="50.363190"><ele>84.5</ele></trkpt>
<trkpt lon="4.870961" lat="50.363036"><ele>84.0</ele></trkpt>
<trkpt lon="4.871018" lat="50.362855"><ele>83.5</ele></trkpt>
<trkpt lon="4.871417" lat="50.362024"><ele>83.5</ele></trkpt>
<trkpt lon="4.871495" lat="50.361891"><ele>84.0</ele></trkpt>
<trkpt lon="4.871836" lat="50.360877"><ele>83.75</ele></trkpt>
<trkpt lon="4.872286" lat="50.360069"><ele>85.0</ele></trkpt>
<trkpt lon="4.872443" lat="50.360100"><ele>84.25</ele></trkpt>
<trkpt lon="4.872552" lat="50.360104"><ele>83.75</ele></trkpt>
<trkpt lon="4.872649" lat="50.360153"><ele>83.25</ele></trkpt>
<trkpt lon="4.872293" lat="50.360907"><ele>84.5</ele></trkpt>
<trkpt lon="4.872282" lat="50.360937"><ele>84.5</ele></trkpt>
<trkpt lon="4.873752" lat="50.361202"><ele>86.25</ele></trkpt>
<trkpt lon="4.873765" lat="50.361207"><ele>86.25</ele></trkpt>
<trkpt lon="4.874247" lat="50.359834"><ele>86.75</ele></trkpt>
<trkpt lon="4.874548" lat="50.359355"><ele>86.75</ele></trkpt>
<trkpt lon="4.875417" lat="50.358452"><ele>87.25</ele></trkpt>
<trkpt lon="4.876018" lat="50.358027"><ele>87.25</ele></trkpt>
<trkpt lon="4.878015" lat="50.356968"><ele>88.0</ele></trkpt>
<trkpt lon="4.878766" lat="50.356339"><ele>87.5</ele></trkpt>
<trkpt lon="4.879226" lat="50.355838"><ele>86.5</ele></trkpt>
<trkpt lon="4.879590" lat="50.355269"><ele>87.5</ele></trkpt>
<trkpt lon="4.879537" lat="50.354495"><ele>85.5</ele></trkpt>
<trkpt lon="4.879078" lat="50.353450"><ele>85.25</ele></trkpt>
<trkpt lon="4.878682" lat="50.353202"><ele>85.0</ele></trkpt>
<trkpt lon="4.878354" lat="50.352972"><ele>85.25</ele></trkpt>
<trkpt lon="4.877048" lat="50.351933"><ele>85.0</ele></trkpt>
<trkpt lon="4.876184" lat="50.351259"><ele>85.5</ele></trkpt>
<trkpt lon="4.875893" lat="50.351073"><ele>85.25</ele></trkpt>
<trkpt lon="4.875782" lat="50.351024"><ele>85.5</ele></trkpt>
<trkpt lon="4.875688" lat="50.350982"><ele>85.5</ele></trkpt>
<trkpt lon="4.874462" lat="50.350710"><ele>85.75</ele></trkpt>
<trkpt lon="4.874219" lat="50.350643"><ele>85.75</ele></trkpt>
<trkpt lon="4.874197" lat="50.350579"><ele>86.0</ele></trkpt>
<trkpt lon="4.873335" lat="50.350544"><ele>85.0</ele></trkpt>
<trkpt lon="4.872315" lat="50.350471"><ele>86.25</ele></trkpt>
<trkpt lon="4.870604" lat="50.350301"><ele>85.25</ele></trkpt>
<trkpt lon="4.869133" lat="50.350159"><ele>86.75</ele></trkpt>
<trkpt lon="4.868752" lat="50.350132"><ele>87.25</ele></trkpt>
<trkpt lon="4.868802" lat="50.349692"><ele>91.75</ele></trkpt>
<trkpt lon="4.868947" lat="50.349580"><ele>92.25</ele></trkpt>
<trkpt lon="4.869039" lat="50.349481"><ele>92.0</ele></trkpt>
<trkpt lon="4.869094" lat="50.349450"><ele>91.5</ele></trkpt>
<trkpt lon="4.869135" lat="50.349373"><ele>91.75</ele></trkpt>
<trkpt lon="4.869153" lat="50.349358"><ele>92.0</ele></trkpt>
<trkpt lon="4.869155" lat="50.349355"><ele>92.0</ele></trkpt>
<trkpt lon="4.869359" lat="50.348612"><ele>95.25</ele></trkpt>
<trkpt lon="4.869378" lat="50.348555"><ele>95.5</ele></trkpt>
<trkpt lon="4.869329" lat="50.348532"><ele>95.75</ele></trkpt>
<trkpt lon="4.869268" lat="50.348519"><ele>96.25</ele></trkpt>
<trkpt lon="4.869091" lat="50.348500"><ele>96.75</ele></trkpt>
<trkpt lon="4.868887" lat="50.348493"><ele>96.75</ele></trkpt>
<trkpt lon="4.868905" lat="50.348436"><ele>97.25</ele></trkpt>
<trkpt lon="4.868839" lat="50.348056"><ele>99.0</ele></trkpt>
<trkpt lon="4.868592" lat="50.347093"><ele>102.75</ele></trkpt>
<trkpt lon="4.868102" lat="50.345399"><ele>116.5</ele></trkpt>
<trkpt lon="4.869672" lat="50.345237"><ele>121.25</ele></trkpt>
<trkpt lon="4.869618" lat="50.344946"><ele>122.75</ele></trkpt>
<trkpt lon="4.869525" lat="50.344368"><ele>124.5</ele></trkpt>
<trkpt lon="4.869492" lat="50.344069"><ele>125.0</ele></trkpt>
<trkpt lon="4.869435" lat="50.343547"><ele>126.0</ele></trkpt>
<trkpt lon="4.869117" lat="50.340968"><ele>128.0</ele></trkpt>
<trkpt lon="4.869192" lat="50.340952"><ele>128.5</ele></trkpt>
<trkpt lon="4.869454" lat="50.340942"><ele>129.25</ele></trkpt>
<trkpt lon="4.869569" lat="50.340525"><ele>129.25</ele></trkpt>
<trkpt lon="4.869394" lat="50.340530"><ele>128.25</ele></trkpt>
<trkpt lon="4.869498" lat="50.340171"><ele>126.25</ele></trkpt>
<trkpt lon="4.869520" lat="50.340094"><ele>125.75</ele></trkpt>
<trkpt lon="4.869528" lat="50.339823"><ele>123.25</ele></trkpt>
<trkpt lon="4.869349" lat="50.339555"><ele>123.25</ele></trkpt>
<trkpt lon="4.869252" lat="50.339386"><ele>125.25</ele></trkpt>
<trkpt lon="4.869261" lat="50.339036"><ele>130.5</ele></trkpt>
<trkpt lon="4.869248" lat="50.338876"><ele>132.0</ele></trkpt>
<trkpt lon="4.869116" lat="50.338734"><ele>126.5</ele></trkpt>
<trkpt lon="4.869125" lat="50.338706"><ele>125.75</ele></trkpt>
<trkpt lon="4.869173" lat="50.338712"><ele>126.5</ele></trkpt>
<trkpt lon="4.869326" lat="50.338714"><ele>125.25</ele></trkpt>
<trkpt lon="4.869361" lat="50.338774"><ele>127.5</ele></trkpt>
<trkpt lon="4.869790" lat="50.338651"><ele>113.0</ele></trkpt>
<trkpt lon="4.869983" lat="50.338555"><ele>106.75</ele></trkpt>
<trkpt lon="4.870131" lat="50.338483"><ele>104.25</ele></trkpt>
<trkpt lon="4.870294" lat="50.338430"><ele>104.0</ele></trkpt>
<trkpt lon="4.870443" lat="50.338237"><ele>97.5</ele></trkpt>
<trkpt lon="4.870533" lat="50.338151"><ele>94.5</ele></trkpt>
<trkpt lon="4.870770" lat="50.338069"><ele>92.5</ele></trkpt>
<trkpt lon="4.871166" lat="50.337949"><ele>97.5</ele></trkpt>
<trkpt lon="4.871263" lat="50.337930"><ele>99.25</ele></trkpt>
<trkpt lon="4.871681" lat="50.337769"><ele>93.25</ele></trkpt>
<trkpt lon="4.872124" lat="50.337646"><ele>101.25</ele></trkpt>
<trkpt lon="4.872251" lat="50.337592"><ele>100.5</ele></trkpt>
<trkpt lon="4.872292" lat="50.337522"><ele>95.25</ele></trkpt>
<trkpt lon="4.872330" lat="50.337486"><ele>94.0</ele></trkpt>
<trkpt lon="4.872561" lat="50.337374"><ele>96.5</ele></trkpt>
<trkpt lon="4.872682" lat="50.337343"><ele>97.75</ele></trkpt>
<trkpt lon="4.873154" lat="50.337053"><ele>93.25</ele></trkpt>
<trkpt lon="4.873537" lat="50.336726"><ele>89.75</ele></trkpt>
<trkpt lon="4.874066" lat="50.336119"><ele>90.25</ele></trkpt>
<trkpt lon="4.874427" lat="50.335756"><ele>92.25</ele></trkpt>
<trkpt lon="4.874630" lat="50.335485"><ele>92.25</ele></trkpt>
<trkpt lon="4.874912" lat="50.334955"><ele>95.0</ele></trkpt>
<trkpt lon="4.874964" lat="50.334826"><ele>96.0</ele></trkpt>
<trkpt lon="4.875095" lat="50.334495"><ele>97.0</ele></trkpt>
<trkpt lon="4.875157" lat="50.334164"><ele>98.25</ele></trkpt>
<trkpt lon="4.875194" lat="50.333825"><ele>98.5</ele></trkpt>
<trkpt lon="4.875209" lat="50.333594"><ele>99.5</ele></trkpt>
<trkpt lon="4.875261" lat="50.333214"><ele>100.75</ele></trkpt>
<trkpt lon="4.875367" lat="50.332578"><ele>103.5</ele></trkpt>
<trkpt lon="4.875508" lat="50.330936"><ele>100.0</ele></trkpt>
<trkpt lon="4.875552" lat="50.330619"><ele>98.25</ele></trkpt>
<trkpt lon="4.875565" lat="50.330406"><ele>97.5</ele></trkpt>
<trkpt lon="4.875517" lat="50.330308"><ele>96.75</ele></trkpt>
<trkpt lon="4.875454" lat="50.330243"><ele>96.25</ele></trkpt>
<trkpt lon="4.875400" lat="50.330208"><ele>95.5</ele></trkpt>
<trkpt lon="4.875438" lat="50.330097"><ele>94.75</ele></trkpt>
<trkpt lon="4.875498" lat="50.329448"><ele>92.5</ele></trkpt>
<trkpt lon="4.875525" lat="50.329266"><ele>92.0</ele></trkpt>
<trkpt lon="4.875597" lat="50.329022"><ele>91.75</ele></trkpt>
<trkpt lon="4.875835" lat="50.328415"><ele>90.5</ele></trkpt>
<trkpt lon="4.875896" lat="50.328304"><ele>90.25</ele></trkpt>
<trkpt lon="4.875985" lat="50.328216"><ele>90.5</ele></trkpt>
<trkpt lon="4.876163" lat="50.328097"><ele>91.0</ele></trkpt>
<trkpt lon="4.876374" lat="50.327985"><ele>90.75</ele></trkpt>
<trkpt lon="4.876595" lat="50.327877"><ele>91.0</ele></trkpt>
<trkpt lon="4.876854" lat="50.327798"><ele>91.0</ele></trkpt>
<trkpt lon="4.876844" lat="50.327738"><ele>90.75</ele></trkpt>
<trkpt lon="4.876835" lat="50.327675"><ele>90.75</ele></trkpt>
<trkpt lon="4.876839" lat="50.327599"><ele>90.75</ele></trkpt>
<trkpt lon="4.876888" lat="50.327397"><ele>90.25</ele></trkpt>
<trkpt lon="4.877146" lat="50.326680"><ele>89.5</ele></trkpt>
<trkpt lon="4.877269" lat="50.326386"><ele>89.75</ele></trkpt>
<trkpt lon="4.877348" lat="50.326235"><ele>89.5</ele></trkpt>
<trkpt lon="4.877462" lat="50.326062"><ele>89.5</ele></trkpt>
<trkpt lon="4.878039" lat="50.326226"><ele>89.75</ele></trkpt>
<trkpt lon="4.878135" lat="50.326253"><ele>89.0</ele></trkpt>
<trkpt lon="4.878135" lat="50.326253"><ele>89.5</ele></trkpt>
<trkpt lon="4.878039" lat="50.326226"><ele>89.75</ele></trkpt>
<trkpt lon="4.877462" lat="50.326062"><ele>89.5</ele></trkpt>
<trkpt lon="4.877527" lat="50.325967"><ele>89.5</ele></trkpt>
<trkpt lon="4.877627" lat="50.325903"><ele>89.5</ele></trkpt>
<trkpt lon="4.877616" lat="50.325881"><ele>89.5</ele></trkpt>
<trkpt lon="4.877609" lat="50.325865"><ele>89.25</ele></trkpt>
<trkpt lon="4.877569" lat="50.325773"><ele>89.0</ele></trkpt>
<trkpt lon="4.877525" lat="50.325682"><ele>88.75</ele></trkpt>
<trkpt lon="4.877286" lat="50.325157"><ele>88.0</ele></trkpt>
<trkpt lon="4.877317" lat="50.325071"><ele>88.0</ele></trkpt>
<trkpt lon="4.877326" lat="50.325047"><ele>88.0</ele></trkpt>
<trkpt lon="4.877430" lat="50.324969"><ele>87.75</ele></trkpt>
<trkpt lon="4.877447" lat="50.324956"><ele>87.75</ele></trkpt>
<trkpt lon="4.877237" lat="50.324788"><ele>90.5</ele></trkpt>
<trkpt lon="4.877037" lat="50.324750"><ele>89.0</ele></trkpt>
<trkpt lon="4.877006" lat="50.324728"><ele>88.5</ele></trkpt>
<trkpt lon="4.876999" lat="50.324697"><ele>88.5</ele></trkpt>
<trkpt lon="4.877465" lat="50.323691"><ele>89.75</ele></trkpt>
<trkpt lon="4.877532" lat="50.323610"><ele>89.75</ele></trkpt>
<trkpt lon="4.877567" lat="50.323601"><ele>89.75</ele></trkpt>
<trkpt lon="4.877605" lat="50.323542"><ele>89.75</ele></trkpt>
<trkpt lon="4.877850" lat="50.323606"><ele>89.75</ele></trkpt>
<trkpt lon="4.877996" lat="50.323636"><ele>89.25</ele></trkpt>
<trkpt lon="4.878137" lat="50.323096"><ele>90.25</ele></trkpt>
<trkpt lon="4.878142" lat="50.323008"><ele>90.25</ele></trkpt>
<trkpt lon="4.878122" lat="50.322961"><ele>90.25</ele></trkpt>
<trkpt lon="4.877990" lat="50.322845"><ele>90.5</ele></trkpt>
<trkpt lon="4.877945" lat="50.322823"><ele>90.5</ele></trkpt>
<trkpt lon="4.877802" lat="50.322776"><ele>90.0</ele></trkpt>
<trkpt lon="4.878132" lat="50.321879"><ele>89.25</ele></trkpt>
<trkpt lon="4.878139" lat="50.321840"><ele>89.25</ele></trkpt>
<trkpt lon="4.878160" lat="50.321727"><ele>89.25</ele></trkpt>
<trkpt lon="4.877986" lat="50.321274"><ele>88.5</ele></trkpt>
<trkpt lon="4.877838" lat="50.320941"><ele>88.75</ele></trkpt>
<trkpt lon="4.877797" lat="50.320836"><ele>89.0</ele></trkpt>
<trkpt lon="4.877753" lat="50.320759"><ele>88.75</ele></trkpt>
<trkpt lon="4.877599" lat="50.320415"><ele>88.5</ele></trkpt>
<trkpt lon="4.877510" lat="50.320095"><ele>90.75</ele></trkpt>
<trkpt lon="4.877561" lat="50.319241"><ele>91.5</ele></trkpt>
<trkpt lon="4.877609" lat="50.318799"><ele>90.0</ele></trkpt>
<trkpt lon="4.877728" lat="50.317980"><ele>88.5</ele></trkpt>
<trkpt lon="4.877759" lat="50.317710"><ele>88.75</ele></trkpt>
<trkpt lon="4.877852" lat="50.317283"><ele>88.25</ele></trkpt>
<trkpt lon="4.877885" lat="50.317182"><ele>88.25</ele></trkpt>
<trkpt lon="4.878047" lat="50.317168"><ele>88.75</ele></trkpt>
<trkpt lon="4.878195" lat="50.316832"><ele>89.0</ele></trkpt>
<trkpt lon="4.878438" lat="50.316318"><ele>89.0</ele></trkpt>
<trkpt lon="4.878632" lat="50.315904"><ele>89.0</ele></trkpt>
<trkpt lon="4.878780" lat="50.315665"><ele>89.0</ele></trkpt>
<trkpt lon="4.878952" lat="50.315411"><ele>89.0</ele></trkpt>
<trkpt lon="4.879274" lat="50.315045"><ele>89.0</ele></trkpt>
<trkpt lon="4.879549" lat="50.314754"><ele>88.75</ele></trkpt>
<trkpt lon="4.880329" lat="50.313930"><ele>88.75</ele></trkpt>
<trkpt lon="4.880335" lat="50.313894"><ele>88.75</ele></trkpt>
<trkpt lon="4.880208" lat="50.313830"><ele>89.0</ele></trkpt>
<trkpt lon="4.880181" lat="50.313771"><ele>89.0</ele></trkpt>
<trkpt lon="4.880189" lat="50.313673"><ele>89.0</ele></trkpt>
<trkpt lon="4.880541" lat="50.313363"><ele>88.75</ele></trkpt>
<trkpt lon="4.881017" lat="50.312978"><ele>88.0</ele></trkpt>
<trkpt lon="4.881316" lat="50.312762"><ele>88.25</ele></trkpt>
<trkpt lon="4.881687" lat="50.312513"><ele>89.0</ele></trkpt>
<trkpt lon="4.882415" lat="50.312065"><ele>88.25</ele></trkpt>
<trkpt lon="4.882856" lat="50.311825"><ele>88.25</ele></trkpt>
<trkpt lon="4.883604" lat="50.311442"><ele>88.0</ele></trkpt>
<trkpt lon="4.883901" lat="50.311280"><ele>88.25</ele></trkpt>
<trkpt lon="4.884273" lat="50.311053"><ele>88.5</ele></trkpt>
<trkpt lon="4.884326" lat="50.311028"><ele>88.5</ele></trkpt>
<trkpt lon="4.884956" lat="50.310625"><ele>88.0</ele></trkpt>
<trkpt lon="4.885190" lat="50.310484"><ele>88.25</ele></trkpt>
<trkpt lon="4.885553" lat="50.310295"><ele>88.0</ele></trkpt>
<trkpt lon="4.886136" lat="50.310027"><ele>88.0</ele></trkpt>
<trkpt lon="4.886753" lat="50.309765"><ele>89.0</ele></trkpt>
<trkpt lon="4.887200" lat="50.309551"><ele>88.75</ele></trkpt>
<trkpt lon="4.887498" lat="50.309394"><ele>88.75</ele></trkpt>
<trkpt lon="4.887749" lat="50.309255"><ele>88.75</ele></trkpt>
<trkpt lon="4.887976" lat="50.309107"><ele>88.5</ele></trkpt>
<trkpt lon="4.888331" lat="50.308859"><ele>88.75</ele></trkpt>
<trkpt lon="4.888481" lat="50.308768"><ele>88.25</ele></trkpt>
<trkpt lon="4.888694" lat="50.308655"><ele>88.25</ele></trkpt>
<trkpt lon="4.889349" lat="50.308338"><ele>89.0</ele></trkpt>
<trkpt lon="4.889883" lat="50.308045"><ele>88.75</ele></trkpt>
<trkpt lon="4.890107" lat="50.307899"><ele>89.0</ele></trkpt>
<trkpt lon="4.890396" lat="50.307695"><ele>88.75</ele></trkpt>
<trkpt lon="4.890737" lat="50.307424"><ele>88.5</ele></trkpt>
<trkpt lon="4.890996" lat="50.307201"><ele>88.5</ele></trkpt>
<trkpt lon="4.891166" lat="50.307288"><ele>89.25</ele></trkpt>
<trkpt lon="4.891271" lat="50.307342"><ele>89.75</ele></trkpt>
<trkpt lon="4.891423" lat="50.307319"><ele>90.0</ele></trkpt>
<trkpt lon="4.891524" lat="50.307268"><ele>90.25</ele></trkpt>
<trkpt lon="4.891693" lat="50.306974"><ele>90.25</ele></trkpt>
<trkpt lon="4.891764" lat="50.306914"><ele>90.75</ele></trkpt>
<trkpt lon="4.891979" lat="50.306723"><ele>90.0</ele></trkpt>
<trkpt lon="4.892099" lat="50.306664"><ele>90.0</ele></trkpt>
<trkpt lon="4.892267" lat="50.306583"><ele>91.5</ele></trkpt>
<trkpt lon="4.892591" lat="50.306410"><ele>93.0</ele></trkpt>
<trkpt lon="4.892910" lat="50.306087"><ele>91.0</ele></trkpt>
<trkpt lon="4.893165" lat="50.305849"><ele>90.75</ele></trkpt>
<trkpt lon="4.893495" lat="50.305623"><ele>92.0</ele></trkpt>
<trkpt lon="4.894138" lat="50.305372"><ele>95.25</ele></trkpt>
<trkpt lon="4.894422" lat="50.305279"><ele>90.0</ele></trkpt>
<trkpt lon="4.895188" lat="50.304975"><ele>89.75</ele></trkpt>
<trkpt lon="4.895627" lat="50.304767"><ele>90.5</ele></trkpt>
<trkpt lon="4.895846" lat="50.304640"><ele>90.25</ele></trkpt>
<trkpt lon="4.896378" lat="50.304294"><ele>89.75</ele></trkpt>
<trkpt lon="4.896777" lat="50.304016"><ele>89.75</ele></trkpt>
<trkpt lon="4.896912" lat="50.303917"><ele>89.75</ele></trkpt>
<trkpt lon="4.896995" lat="50.303845"><ele>89.75</ele></trkpt>
<trkpt lon="4.897017" lat="50.303825"><ele>89.75</ele></trkpt>
<trkpt lon="4.897166" lat="50.303698"><ele>89.75</ele></trkpt>
<trkpt lon="4.897344" lat="50.303519"><ele>90.0</ele></trkpt>
<trkpt lon="4.897439" lat="50.303420"><ele>90.0</ele></trkpt>
<trkpt lon="4.897598" lat="50.303255"><ele>90.0</ele></trkpt>
<trkpt lon="4.897607" lat="50.303247"><ele>90.0</ele></trkpt>
<trkpt lon="4.897913" lat="50.302928"><ele>91.0</ele></trkpt>
<trkpt lon="4.898036" lat="50.302821"><ele>91.0</ele></trkpt>
<trkpt lon="4.898084" lat="50.302772"><ele>91.0</ele></trkpt>
<trkpt lon="4.898561" lat="50.302245"><ele>90.0</ele></trkpt>
<trkpt lon="4.898846" lat="50.301928"><ele>90.0</ele></trkpt>
<trkpt lon="4.899316" lat="50.301282"><ele>90.5</ele></trkpt>
<trkpt lon="4.899877" lat="50.299942"><ele>90.25</ele></trkpt>
<trkpt lon="4.899879" lat="50.299898"><ele>90.25</ele></trkpt>
<trkpt lon="4.899524" lat="50.299868"><ele>88.75</ele></trkpt>
<trkpt lon="4.899427" lat="50.299858"><ele>88.25</ele></trkpt>
<trkpt lon="4.899478" lat="50.299631"><ele>88.0</ele></trkpt>
<trkpt lon="4.899506" lat="50.299402"><ele>88.25</ele></trkpt>
<trkpt lon="4.899519" lat="50.299126"><ele>88.5</ele></trkpt>
<trkpt lon="4.899506" lat="50.298876"><ele>88.25</ele></trkpt>
<trkpt lon="4.899473" lat="50.298639"><ele>89.0</ele></trkpt>
<trkpt lon="4.899422" lat="50.298387"><ele>88.75</ele></trkpt>
<trkpt lon="4.899322" lat="50.298074"><ele>89.0</ele></trkpt>
<trkpt lon="4.899231" lat="50.297863"><ele>89.0</ele></trkpt>
<trkpt lon="4.898977" lat="50.297376"><ele>89.0</ele></trkpt>
<trkpt lon="4.898858" lat="50.297205"><ele>88.75</ele></trkpt>
<trkpt lon="4.898791" lat="50.297085"><ele>89.25</ele></trkpt>
<trkpt lon="4.898522" lat="50.296707"><ele>88.75</ele></trkpt>
<trkpt lon="4.898342" lat="50.296483"><ele>89.0</ele></trkpt>
<trkpt lon="4.898267" lat="50.296373"><ele>89.5</ele></trkpt>
<trkpt lon="4.898224" lat="50.296261"><ele>89.5</ele></trkpt>
<trkpt lon="4.898222" lat="50.296030"><ele>90.75</ele></trkpt>
<trkpt lon="4.898201" lat="50.295965"><ele>91.0</ele></trkpt>
<trkpt lon="4.898137" lat="50.295869"><ele>91.25</ele></trkpt>
<trkpt lon="4.898048" lat="50.295757"><ele>91.0</ele></trkpt>
<trkpt lon="4.897973" lat="50.295682"><ele>91.0</ele></trkpt>
<trkpt lon="4.897750" lat="50.295523"><ele>90.75</ele></trkpt>
<trkpt lon="4.897647" lat="50.295410"><ele>90.5</ele></trkpt>
<trkpt lon="4.897354" lat="50.294883"><ele>90.5</ele></trkpt>
<trkpt lon="4.897192" lat="50.294631"><ele>90.5</ele></trkpt>
<trkpt lon="4.896447" lat="50.293436"><ele>89.75</ele></trkpt>
<trkpt lon="4.896318" lat="50.293226"><ele>90.0</ele></trkpt>
<trkpt lon="4.896313" lat="50.293212"><ele>90.0</ele></trkpt>
<trkpt lon="4.896331" lat="50.293177"><ele>90.0</ele></trkpt>
<trkpt lon="4.896249" lat="50.293085"><ele>89.75</ele></trkpt>
<trkpt lon="4.896086" lat="50.292863"><ele>89.5</ele></trkpt>
<trkpt lon="4.895372" lat="50.291671"><ele>89.75</ele></trkpt>
<trkpt lon="4.894095" lat="50.289757"><ele>89.5</ele></trkpt>
<trkpt lon="4.893870" lat="50.289137"><ele>90.0</ele></trkpt>
<trkpt lon="4.893718" lat="50.288684"><ele>90.25</ele></trkpt>
<trkpt lon="4.893630" lat="50.288104"><ele>91.0</ele></trkpt>
<trkpt lon="4.893538" lat="50.286893"><ele>91.5</ele></trkpt>
<trkpt lon="4.893541" lat="50.286492"><ele>91.5</ele></trkpt>
<trkpt lon="4.893631" lat="50.285681"><ele>91.5</ele></trkpt>
<trkpt lon="4.893778" lat="50.284932"><ele>91.0</ele></trkpt>
<trkpt lon="4.893767" lat="50.284695"><ele>91.5</ele></trkpt>
<trkpt lon="4.894136" lat="50.282765"><ele>90.75</ele></trkpt>
<trkpt lon="4.894294" lat="50.282241"><ele>91.0</ele></trkpt>
<trkpt lon="4.894426" lat="50.281733"><ele>90.75</ele></trkpt>
<trkpt lon="4.894468" lat="50.281654"><ele>90.75</ele></trkpt>
<trkpt lon="4.894651" lat="50.281421"><ele>90.75</ele></trkpt>
<trkpt lon="4.895048" lat="50.280406"><ele>91.0</ele></trkpt>
<trkpt lon="4.895197" lat="50.280125"><ele>90.75</ele></trkpt>
<trkpt lon="4.895437" lat="50.279895"><ele>90.5</ele></trkpt>
<trkpt lon="4.895623" lat="50.279762"><ele>91.0</ele></trkpt>
<trkpt lon="4.895775" lat="50.279595"><ele>90.5</ele></trkpt>
<trkpt lon="4.896028" lat="50.279268"><ele>90.75</ele></trkpt>
<trkpt lon="4.896416" lat="50.278717"><ele>90.5</ele></trkpt>
<trkpt lon="4.896595" lat="50.278482"><ele>91.0</ele></trkpt>
<trkpt lon="4.897039" lat="50.277865"><ele>92.75</ele></trkpt>
<trkpt lon="4.897177" lat="50.277663"><ele>92.75</ele></trkpt>
<trkpt lon="4.897250" lat="50.277601"><ele>93.0</ele></trkpt>
<trkpt lon="4.897344" lat="50.277545"><ele>93.5</ele></trkpt>
<trkpt lon="4.897451" lat="50.277535"><ele>94.0</ele></trkpt>
<trkpt lon="4.897468" lat="50.277135"><ele>92.5</ele></trkpt>
<trkpt lon="4.897514" lat="50.277107"><ele>92.5</ele></trkpt>
<trkpt lon="4.897549" lat="50.276916"><ele>92.0</ele></trkpt>
<trkpt lon="4.897602" lat="50.276728"><ele>91.75</ele></trkpt>
<trkpt lon="4.897580" lat="50.276697"><ele>91.75</ele></trkpt>
<trkpt lon="4.897681" lat="50.276435"><ele>91.5</ele></trkpt>
<trkpt lon="4.897726" lat="50.276418"><ele>91.5</ele></trkpt>
<trkpt lon="4.897879" lat="50.276145"><ele>91.25</ele></trkpt>
<trkpt lon="4.897872" lat="50.276103"><ele>90.75</ele></trkpt>
<trkpt lon="4.898129" lat="50.275808"><ele>91.0</ele></trkpt>
<trkpt lon="4.898369" lat="50.275556"><ele>90.5</ele></trkpt>
<trkpt lon="4.899117" lat="50.274844"><ele>92.75</ele></trkpt>
<trkpt lon="4.900291" lat="50.273877"><ele>91.25</ele></trkpt>
<trkpt lon="4.900915" lat="50.273430"><ele>91.0</ele></trkpt>
<trkpt lon="4.901251" lat="50.273130"><ele>91.25</ele></trkpt>
<trkpt lon="4.901726" lat="50.272674"><ele>90.75</ele></trkpt>
<trkpt lon="4.902373" lat="50.272018"><ele>91.25</ele></trkpt>
<trkpt lon="4.902949" lat="50.271399"><ele>92.25</ele></trkpt>
<trkpt lon="4.904510" lat="50.269552"><ele>91.0</ele></trkpt>
<trkpt lon="4.904856" lat="50.269200"><ele>91.5</ele></trkpt>
<trkpt lon="4.905492" lat="50.268510"><ele>91.25</ele></trkpt>
<trkpt lon="4.905758" lat="50.268189"><ele>91.5</ele></trkpt>
<trkpt lon="4.905733" lat="50.268159"><ele>91.25</ele></trkpt>
<trkpt lon="4.905910" lat="50.267881"><ele>91.5</ele></trkpt>
<trkpt lon="4.905951" lat="50.267831"><ele>91.25</ele></trkpt>
<trkpt lon="4.906138" lat="50.267530"><ele>91.25</ele></trkpt>
<trkpt lon="4.906168" lat="50.267486"><ele>91.25</ele></trkpt>
<trkpt lon="4.906187" lat="50.267456"><ele>91.25</ele></trkpt>
<trkpt lon="4.906203" lat="50.267431"><ele>91.25</ele></trkpt>
<trkpt lon="4.906232" lat="50.267437"><ele>91.5</ele></trkpt>
<trkpt lon="4.906513" lat="50.266825"><ele>92.0</ele></trkpt>
<trkpt lon="4.906530" lat="50.266749"><ele>91.75</ele></trkpt>
<trkpt lon="4.907054" lat="50.265591"><ele>91.75</ele></trkpt>
<trkpt lon="4.907279" lat="50.265097"><ele>91.5</ele></trkpt>
<trkpt lon="4.907836" lat="50.264015"><ele>91.5</ele></trkpt>
<trkpt lon="4.908034" lat="50.263663"><ele>91.75</ele></trkpt>
<trkpt lon="4.908169" lat="50.263469"><ele>91.5</ele></trkpt>
<trkpt lon="4.908688" lat="50.262884"><ele>91.5</ele></trkpt>
<trkpt lon="4.908812" lat="50.262758"><ele>91.5</ele></trkpt>
<trkpt lon="4.908940" lat="50.262647"><ele>91.5</ele></trkpt>
<trkpt lon="4.909197" lat="50.262468"><ele>91.75</ele></trkpt>
<trkpt lon="4.909501" lat="50.262249"><ele>91.25</ele></trkpt>
<trkpt lon="4.910374" lat="50.261741"><ele>91.25</ele></trkpt>
<trkpt lon="4.910809" lat="50.261452"><ele>91.0</ele></trkpt>
<trkpt lon="4.911472" lat="50.260943"><ele>92.0</ele></trkpt>
<trkpt lon="4.911610" lat="50.260813"><ele>91.75</ele></trkpt>
<trkpt lon="4.911675" lat="50.260845"><ele>92.0</ele></trkpt>
<trkpt lon="4.911714" lat="50.260861"><ele>92.25</ele></trkpt>
<trkpt lon="4.911795" lat="50.260895"><ele>92.75</ele></trkpt>
<trkpt lon="4.911892" lat="50.260936"><ele>93.25</ele></trkpt>
<trkpt lon="4.911904" lat="50.260942"><ele>93.25</ele></trkpt>
<trkpt lon="4.911966" lat="50.260877"><ele>93.25</ele></trkpt>
<trkpt lon="4.912052" lat="50.260785"><ele>93.75</ele></trkpt>
<trkpt lon="4.912076" lat="50.260738"><ele>94.0</ele></trkpt>
<trkpt lon="4.912069" lat="50.260676"><ele>94.0</ele></trkpt>
<trkpt lon="4.912047" lat="50.260630"><ele>93.75</ele></trkpt>
<trkpt lon="4.912001" lat="50.260590"><ele>93.75</ele></trkpt>
<trkpt lon="4.911940" lat="50.260559"><ele>93.75</ele></trkpt>
<trkpt lon="4.911809" lat="50.260527"><ele>93.75</ele></trkpt>
<trkpt lon="4.911818" lat="50.260509"><ele>93.75</ele></trkpt>
<trkpt lon="4.911838" lat="50.260472"><ele>93.75</ele></trkpt>
<trkpt lon="4.911857" lat="50.260435"><ele>93.75</ele></trkpt>
<trkpt lon="4.911863" lat="50.260416"><ele>93.75</ele></trkpt>
<trkpt lon="4.912022" lat="50.260450"><ele>93.75</ele></trkpt>
<trkpt lon="4.912073" lat="50.260442"><ele>93.75</ele></trkpt>
<trkpt lon="4.912118" lat="50.260426"><ele>93.75</ele></trkpt>
<trkpt lon="4.912139" lat="50.260396"><ele>93.75</ele></trkpt>
<trkpt lon="4.912253" lat="50.260088"><ele>92.5</ele></trkpt>
<trkpt lon="4.912269" lat="50.260090"><ele>92.75</ele></trkpt>
<trkpt lon="4.912306" lat="50.260096"><ele>92.75</ele></trkpt>
<trkpt lon="4.912332" lat="50.260019"><ele>92.5</ele></trkpt>
<trkpt lon="4.913035" lat="50.260149"><ele>94.0</ele></trkpt>
<trkpt lon="4.913056" lat="50.260100"><ele>94.0</ele></trkpt>
<trkpt lon="4.913105" lat="50.259979"><ele>94.0</ele></trkpt>
<trkpt lon="4.913187" lat="50.259760"><ele>94.0</ele></trkpt>
<trkpt lon="4.913187" lat="50.259760"><ele>94.0</ele></trkpt>
<trkpt lon="4.913105" lat="50.259979"><ele>94.0</ele></trkpt>
<trkpt lon="4.913056" lat="50.260100"><ele>94.0</ele></trkpt>
<trkpt lon="4.913035" lat="50.260149"><ele>94.0</ele></trkpt>
<trkpt lon="4.912332" lat="50.260019"><ele>92.5</ele></trkpt>
<trkpt lon="4.912306" lat="50.260096"><ele>92.75</ele></trkpt>
<trkpt lon="4.912269" lat="50.260090"><ele>92.75</ele></trkpt>
<trkpt lon="4.912253" lat="50.260088"><ele>92.5</ele></trkpt>
<trkpt lon="4.912139" lat="50.260396"><ele>93.75</ele></trkpt>
<trkpt lon="4.912118" lat="50.260426"><ele>93.75</ele></trkpt>
<trkpt lon="4.912073" lat="50.260442"><ele>93.75</ele></trkpt>
<trkpt lon="4.912022" lat="50.260450"><ele>93.75</ele></trkpt>
<trkpt lon="4.911863" lat="50.260416"><ele>93.75</ele></trkpt>
<trkpt lon="4.911857" lat="50.260435"><ele>93.75</ele></trkpt>
<trkpt lon="4.911838" lat="50.260472"><ele>93.75</ele></trkpt>
<trkpt lon="4.911818" lat="50.260509"><ele>93.75</ele></trkpt>
<trkpt lon="4.911809" lat="50.260527"><ele>93.75</ele></trkpt>
<trkpt lon="4.910557" lat="50.260278"><ele>94.0</ele></trkpt>
<trkpt lon="4.910527" lat="50.260275"><ele>94.25</ele></trkpt>
<trkpt lon="4.910476" lat="50.260286"><ele>94.75</ele></trkpt>
<trkpt lon="4.910450" lat="50.260286"><ele>95.0</ele></trkpt>
<trkpt lon="4.910419" lat="50.260280"><ele>95.25</ele></trkpt>
<trkpt lon="4.910473" lat="50.260209"><ele>94.75</ele></trkpt>
<trkpt lon="4.910207" lat="50.260150"><ele>96.5</ele></trkpt>
<trkpt lon="4.909982" lat="50.260096"><ele>97.0</ele></trkpt>
<trkpt lon="4.909981" lat="50.260059"><ele>97.0</ele></trkpt>
<trkpt lon="4.909965" lat="50.260041"><ele>97.0</ele></trkpt>
<trkpt lon="4.909909" lat="50.260020"><ele>97.25</ele></trkpt>
<trkpt lon="4.909924" lat="50.259955"><ele>97.25</ele></trkpt>
<trkpt lon="4.910413" lat="50.259407"><ele>99.0</ele></trkpt>
<trkpt lon="4.910463" lat="50.259332"><ele>100.0</ele></trkpt>
<trkpt lon="4.910503" lat="50.259231"><ele>101.75</ele></trkpt>
<trkpt lon="4.910518" lat="50.259146"><ele>103.0</ele></trkpt>
<trkpt lon="4.910509" lat="50.259031"><ele>103.0</ele></trkpt>
<trkpt lon="4.910434" lat="50.258831"><ele>103.0</ele></trkpt>
<trkpt lon="4.910372" lat="50.258748"><ele>103.0</ele></trkpt>
<trkpt lon="4.910213" lat="50.258602"><ele>104.0</ele></trkpt>
<trkpt lon="4.910133" lat="50.258551"><ele>106.75</ele></trkpt>
<trkpt lon="4.910326" lat="50.258419"><ele>107.75</ele></trkpt>
<trkpt lon="4.910406" lat="50.258347"><ele>106.5</ele></trkpt>
<trkpt lon="4.910483" lat="50.258218"><ele>108.0</ele></trkpt>
<trkpt lon="4.910771" lat="50.257653"><ele>115.75</ele></trkpt>
<trkpt lon="4.910935" lat="50.257302"><ele>119.25</ele></trkpt>
<trkpt lon="4.910936" lat="50.257240"><ele>120.5</ele></trkpt>
<trkpt lon="4.910911" lat="50.257211"><ele>121.25</ele></trkpt>
<trkpt lon="4.910878" lat="50.257189"><ele>121.75</ele></trkpt>
<trkpt lon="4.910809" lat="50.257158"><ele>123.25</ele></trkpt>
<trkpt lon="4.910656" lat="50.257115"><ele>125.75</ele></trkpt>
<trkpt lon="4.910479" lat="50.257054"><ele>128.25</ele></trkpt>
<trkpt lon="4.910435" lat="50.257035"><ele>128.75</ele></trkpt>
<trkpt lon="4.910259" lat="50.256913"><ele>130.25</ele></trkpt>
<trkpt lon="4.910186" lat="50.256852"><ele>131.75</ele></trkpt>
<trkpt lon="4.910058" lat="50.256723"><ele>134.0</ele></trkpt>
<trkpt lon="4.910013" lat="50.256664"><ele>134.75</ele></trkpt>
<trkpt lon="4.909876" lat="50.256535"><ele>136.75</ele></trkpt>
<trkpt lon="4.909802" lat="50.256493"><ele>137.75</ele></trkpt>
<trkpt lon="4.909679" lat="50.256588"><ele>139.0</ele></trkpt>
<trkpt lon="4.909532" lat="50.256743"><ele>141.75</ele></trkpt>
<trkpt lon="4.909419" lat="50.256849"><ele>143.5</ele></trkpt>
<trkpt lon="4.909209" lat="50.256954"><ele>145.25</ele></trkpt>
<trkpt lon="4.908990" lat="50.257029"><ele>147.25</ele></trkpt>
<trkpt lon="4.908897" lat="50.257054"><ele>148.25</ele></trkpt>
<trkpt lon="4.908830" lat="50.257056"><ele>148.25</ele></trkpt>
<trkpt lon="4.908787" lat="50.257041"><ele>148.5</ele></trkpt>
<trkpt lon="4.908653" lat="50.256962"><ele>151.75</ele></trkpt>
<trkpt lon="4.908190" lat="50.256647"><ele>162.25</ele></trkpt>
<trkpt lon="4.907972" lat="50.256508"><ele>165.75</ele></trkpt>
<trkpt lon="4.907834" lat="50.256426"><ele>167.75</ele></trkpt>
<trkpt lon="4.907624" lat="50.256314"><ele>169.25</ele></trkpt>
<trkpt lon="4.907429" lat="50.256131"><ele>171.25</ele></trkpt>
<trkpt lon="4.907358" lat="50.255920"><ele>173.75</ele></trkpt>
<trkpt lon="4.907302" lat="50.255554"><ele>178.0</ele></trkpt>
<trkpt lon="4.907068" lat="50.255093"><ele>182.25</ele></trkpt>
<trkpt lon="4.906270" lat="50.254116"><ele>187.75</ele></trkpt>
<trkpt lon="4.905802" lat="50.253608"><ele>189.75</ele></trkpt>
<trkpt lon="4.905052" lat="50.252562"><ele>193.75</ele></trkpt>
<trkpt lon="4.904570" lat="50.251855"><ele>196.5</ele></trkpt>
<trkpt lon="4.902866" lat="50.249996"><ele>201.5</ele></trkpt>
<trkpt lon="4.900915" lat="50.248226"><ele>204.5</ele></trkpt>
<trkpt lon="4.900251" lat="50.247739"><ele>206.75</ele></trkpt>
<trkpt lon="4.899628" lat="50.247337"><ele>208.0</ele></trkpt>
<trkpt lon="4.899287" lat="50.247181"><ele>208.25</ele></trkpt>
<trkpt lon="4.899029" lat="50.247007"><ele>208.5</ele></trkpt>
<trkpt lon="4.898790" lat="50.246727"><ele>207.75</ele></trkpt>
<trkpt lon="4.898707" lat="50.246577"><ele>207.25</ele></trkpt>
<trkpt lon="4.898396" lat="50.246621"><ele>208.25</ele></trkpt>
<trkpt lon="4.898069" lat="50.246589"><ele>209.25</ele></trkpt>
<trkpt lon="4.896176" lat="50.246197"><ele>210.25</ele></trkpt>
<trkpt lon="4.893879" lat="50.245730"><ele>209.5</ele></trkpt>
<trkpt lon="4.893552" lat="50.245679"><ele>209.0</ele></trkpt>
<trkpt lon="4.893298" lat="50.245598"><ele>208.75</ele></trkpt>
<trkpt lon="4.890999" lat="50.245115"><ele>204.0</ele></trkpt>
<trkpt lon="4.890006" lat="50.244940"><ele>202.0</ele></trkpt>
<trkpt lon="4.889443" lat="50.244825"><ele>202.0</ele></trkpt>
<trkpt lon="4.889234" lat="50.244754"><ele>202.0</ele></trkpt>
<trkpt lon="4.888588" lat="50.244607"><ele>202.0</ele></trkpt>
<trkpt lon="4.888193" lat="50.244480"><ele>202.25</ele></trkpt>
<trkpt lon="4.888045" lat="50.244440"><ele>203.0</ele></trkpt>
<trkpt lon="4.887605" lat="50.244337"><ele>203.25</ele></trkpt>
<trkpt lon="4.885650" lat="50.244098"><ele>204.75</ele></trkpt>
<trkpt lon="4.885415" lat="50.243980"><ele>206.0</ele></trkpt>
<trkpt lon="4.885464" lat="50.243907"><ele>206.25</ele></trkpt>
<trkpt lon="4.885578" lat="50.243550"><ele>205.25</ele></trkpt>
<trkpt lon="4.885594" lat="50.243483"><ele>203.5</ele></trkpt>
<trkpt lon="4.885574" lat="50.243355"><ele>200.25</ele></trkpt>
<trkpt lon="4.885371" lat="50.243288"><ele>199.25</ele></trkpt>
<trkpt lon="4.884418" lat="50.243142"><ele>201.75</ele></trkpt>
<trkpt lon="4.883989" lat="50.243148"><ele>204.0</ele></trkpt>
<trkpt lon="4.883465" lat="50.243189"><ele>207.25</ele></trkpt>
<trkpt lon="4.883192" lat="50.243199"><ele>209.0</ele></trkpt>
<trkpt lon="4.882869" lat="50.243186"><ele>210.75</ele></trkpt>
<trkpt lon="4.882580" lat="50.243156"><ele>212.25</ele></trkpt>
<trkpt lon="4.882284" lat="50.243104"><ele>214.75</ele></trkpt>
<trkpt lon="4.882056" lat="50.243042"><ele>215.25</ele></trkpt>
<trkpt lon="4.881841" lat="50.242973"><ele>215.5</ele></trkpt>
<trkpt lon="4.881652" lat="50.242876"><ele>216.75</ele></trkpt>
<trkpt lon="4.881341" lat="50.242691"><ele>219.25</ele></trkpt>
<trkpt lon="4.880874" lat="50.242428"><ele>222.5</ele></trkpt>
<trkpt lon="4.880544" lat="50.242226"><ele>225.75</ele></trkpt>
<trkpt lon="4.880075" lat="50.241902"><ele>232.0</ele></trkpt>
<trkpt lon="4.879795" lat="50.241597"><ele>236.25</ele></trkpt>
<trkpt lon="4.879564" lat="50.241314"><ele>239.5</ele></trkpt>
<trkpt lon="4.879047" lat="50.240678"><ele>242.5</ele></trkpt>
<trkpt lon="4.878815" lat="50.240375"><ele>243.5</ele></trkpt>
<trkpt lon="4.878307" lat="50.239894"><ele>242.5</ele></trkpt>
<trkpt lon="4.878024" lat="50.239626"><ele>240.75</ele></trkpt>
<trkpt lon="4.876878" lat="50.238694"><ele>234.25</ele></trkpt>
<trkpt lon="4.875544" lat="50.237734"><ele>222.5</ele></trkpt>
<trkpt lon="4.875079" lat="50.237496"><ele>220.25</ele></trkpt>
<trkpt lon="4.874662" lat="50.237355"><ele>218.0</ele></trkpt>
<trkpt lon="4.874283" lat="50.237255"><ele>215.75</ele></trkpt>
<trkpt lon="4.873141" lat="50.236924"><ele>208.25</ele></trkpt>
<trkpt lon="4.872431" lat="50.236764"><ele>203.75</ele></trkpt>
<trkpt lon="4.872287" lat="50.236756"><ele>203.5</ele></trkpt>
<trkpt lon="4.871954" lat="50.236704"><ele>202.25</ele></trkpt>
<trkpt lon="4.871622" lat="50.236623"><ele>200.5</ele></trkpt>
<trkpt lon="4.870985" lat="50.236491"><ele>200.25</ele></trkpt>
<trkpt lon="4.870501" lat="50.236342"><ele>200.5</ele></trkpt>
<trkpt lon="4.870214" lat="50.236265"><ele>201.25</ele></trkpt>
<trkpt lon="4.870025" lat="50.236258"><ele>203.5</ele></trkpt>
<trkpt lon="4.869808" lat="50.236175"><ele>204.5</ele></trkpt>
<trkpt lon="4.869592" lat="50.236051"><ele>204.75</ele></trkpt>
<trkpt lon="4.869415" lat="50.235936"><ele>204.75</ele></trkpt>
<trkpt lon="4.869206" lat="50.235813"><ele>204.5</ele></trkpt>
<trkpt lon="4.868800" lat="50.235607"><ele>201.75</ele></trkpt>
<trkpt lon="4.868516" lat="50.235485"><ele>204.0</ele></trkpt>
<trkpt lon="4.868331" lat="50.235362"><ele>208.75</ele></trkpt>
<trkpt lon="4.868213" lat="50.235231"><ele>210.75</ele></trkpt>
<trkpt lon="4.868130" lat="50.235170"><ele>210.75</ele></trkpt>
<trkpt lon="4.867982" lat="50.235109"><ele>211.0</ele></trkpt>
<trkpt lon="4.867799" lat="50.235046"><ele>211.75</ele></trkpt>
<trkpt lon="4.867532" lat="50.234899"><ele>212.0</ele></trkpt>
<trkpt lon="4.867355" lat="50.234783"><ele>212.0</ele></trkpt>
<trkpt lon="4.866753" lat="50.234458"><ele>212.25</ele></trkpt>
<trkpt lon="4.865562" lat="50.233787"><ele>211.0</ele></trkpt>
<trkpt lon="4.865341" lat="50.233700"><ele>211.5</ele></trkpt>
<trkpt lon="4.864942" lat="50.233590"><ele>213.0</ele></trkpt>
<trkpt lon="4.864606" lat="50.233575"><ele>214.75</ele></trkpt>
<trkpt lon="4.864275" lat="50.233551"><ele>216.5</ele></trkpt>
<trkpt lon="4.863878" lat="50.233540"><ele>218.75</ele></trkpt>
<trkpt lon="4.863517" lat="50.233571"><ele>220.5</ele></trkpt>
<trkpt lon="4.863303" lat="50.233599"><ele>222.0</ele></trkpt>
<trkpt lon="4.863043" lat="50.233655"><ele>223.5</ele></trkpt>
<trkpt lon="4.862740" lat="50.233731"><ele>225.25</ele></trkpt>
<trkpt lon="4.862530" lat="50.233725"><ele>225.75</ele></trkpt>
<trkpt lon="4.862292" lat="50.233712"><ele>226.0</ele></trkpt>
<trkpt lon="4.862060" lat="50.233664"><ele>226.0</ele></trkpt>
<trkpt lon="4.860901" lat="50.233411"><ele>222.25</ele></trkpt>
<trkpt lon="4.860508" lat="50.233229"><ele>220.5</ele></trkpt>
<trkpt lon="4.859952" lat="50.232880"><ele>220.0</ele></trkpt>
<trkpt lon="4.858896" lat="50.232270"><ele>216.75</ele></trkpt>
<trkpt lon="4.858792" lat="50.232219"><ele>216.5</ele></trkpt>
<trkpt lon="4.858716" lat="50.232193"><ele>216.25</ele></trkpt>
<trkpt lon="4.858687" lat="50.232150"><ele>216.25</ele></trkpt>
<trkpt lon="4.857287" lat="50.231412"><ele>213.75</ele></trkpt>
<trkpt lon="4.855751" lat="50.230525"><ele>214.25</ele></trkpt>
<trkpt lon="4.854848" lat="50.230124"><ele>215.25</ele></trkpt>
<trkpt lon="4.853973" lat="50.229627"><ele>217.5</ele></trkpt>
<trkpt lon="4.851912" lat="50.228364"><ele>223.0</ele></trkpt>
<trkpt lon="4.850928" lat="50.227810"><ele>224.5</ele></trkpt>
<trkpt lon="4.850584" lat="50.227625"><ele>224.75</ele></trkpt>
<trkpt lon="4.850082" lat="50.227421"><ele>225.5</ele></trkpt>
<trkpt lon="4.848680" lat="50.226850"><ele>225.5</ele></trkpt>
<trkpt lon="4.846447" lat="50.226089"><ele>223.25</ele></trkpt>
<trkpt lon="4.842709" lat="50.224677"><ele>217.75</ele></trkpt>
<trkpt lon="4.840912" lat="50.223980"><ele>215.5</ele></trkpt>
<trkpt lon="4.839097" lat="50.223310"><ele>213.75</ele></trkpt>
<trkpt lon="4.837339" lat="50.222645"><ele>212.0</ele></trkpt>
<trkpt lon="4.836776" lat="50.222469"><ele>211.0</ele></trkpt>
<trkpt lon="4.836785" lat="50.222460"><ele>211.0</ele></trkpt>
<trkpt lon="4.834942" lat="50.221896"><ele>209.75</ele></trkpt>
<trkpt lon="4.833489" lat="50.221435"><ele>207.5</ele></trkpt>
<trkpt lon="4.833209" lat="50.221359"><ele>206.75</ele></trkpt>
<trkpt lon="4.832915" lat="50.221207"><ele>205.5</ele></trkpt>
<trkpt lon="4.832579" lat="50.221014"><ele>203.5</ele></trkpt>
<trkpt lon="4.832438" lat="50.220915"><ele>202.5</ele></trkpt>
<trkpt lon="4.832222" lat="50.220763"><ele>201.0</ele></trkpt>
<trkpt lon="4.831970" lat="50.220665"><ele>199.25</ele></trkpt>
<trkpt lon="4.831501" lat="50.220531"><ele>195.5</ele></trkpt>
<trkpt lon="4.831333" lat="50.220396"><ele>193.25</ele></trkpt>
<trkpt lon="4.831289" lat="50.220280"><ele>191.5</ele></trkpt>
<trkpt lon="4.831038" lat="50.219604"><ele>184.5</ele></trkpt>
<trkpt lon="4.831012" lat="50.219554"><ele>184.0</ele></trkpt>
<trkpt lon="4.830672" lat="50.219602"><ele>183.25</ele></trkpt>
<trkpt lon="4.830381" lat="50.219669"><ele>181.75</ele></trkpt>
<trkpt lon="4.830399" lat="50.219363"><ele>182.0</ele></trkpt>
<trkpt lon="4.830462" lat="50.218859"><ele>177.5</ele></trkpt>
<trkpt lon="4.830170" lat="50.218787"><ele>177.25</ele></trkpt>
<trkpt lon="4.827854" lat="50.218472"><ele>179.5</ele></trkpt>
<trkpt lon="4.827854" lat="50.218472"><ele>179.5</ele></trkpt>
<trkpt lon="4.830170" lat="50.218787"><ele>177.25</ele></trkpt>
<trkpt lon="4.830462" lat="50.218859"><ele>177.5</ele></trkpt>
<trkpt lon="4.830399" lat="50.219363"><ele>182.0</ele></trkpt>
<trkpt lon="4.830381" lat="50.219669"><ele>181.75</ele></trkpt>
<trkpt lon="4.830184" lat="50.219720"><ele>180.25</ele></trkpt>
<trkpt lon="4.828980" lat="50.219962"><ele>173.25</ele></trkpt>
<trkpt lon="4.827524" lat="50.219912"><ele>163.75</ele></trkpt>
<trkpt lon="4.827306" lat="50.219880"><ele>161.75</ele></trkpt>
<trkpt lon="4.826894" lat="50.219818"><ele>158.0</ele></trkpt>
<trkpt lon="4.826369" lat="50.219724"><ele>151.75</ele></trkpt>
<trkpt lon="4.826172" lat="50.219715"><ele>150.5</ele></trkpt>
<trkpt lon="4.825996" lat="50.219706"><ele>149.25</ele></trkpt>
<trkpt lon="4.825496" lat="50.219593"><ele>146.75</ele></trkpt>
<trkpt lon="4.825258" lat="50.219515"><ele>146.5</ele></trkpt>
<trkpt lon="4.824965" lat="50.219431"><ele>144.75</ele></trkpt>
<trkpt lon="4.824827" lat="50.219374"><ele>140.5</ele></trkpt>
<trkpt lon="4.824746" lat="50.219234"><ele>135.75</ele></trkpt>
<trkpt lon="4.824778" lat="50.218994"><ele>129.0</ele></trkpt>
<trkpt lon="4.824957" lat="50.218536"><ele>119.0</ele></trkpt>
<trkpt lon="4.825059" lat="50.218186"><ele>111.5</ele></trkpt>
<trkpt lon="4.825118" lat="50.217929"><ele>107.75</ele></trkpt>
<trkpt lon="4.825107" lat="50.217700"><ele>104.5</ele></trkpt>
<trkpt lon="4.824953" lat="50.217450"><ele>101.0</ele></trkpt>
<trkpt lon="4.824849" lat="50.217440"><ele>101.0</ele></trkpt>
<trkpt lon="4.824773" lat="50.217434"><ele>101.0</ele></trkpt>
<trkpt lon="4.824806" lat="50.217269"><ele>101.0</ele></trkpt>
<trkpt lon="4.824781" lat="50.217051"><ele>101.0</ele></trkpt>
<trkpt lon="4.824738" lat="50.216811"><ele>100.5</ele></trkpt>
<trkpt lon="4.824781" lat="50.216809"><ele>100.5</ele></trkpt>
<trkpt lon="4.824842" lat="50.216805"><ele>100.75</ele></trkpt>
<trkpt lon="4.824907" lat="50.216771"><ele>101.0</ele></trkpt>
<trkpt lon="4.824990" lat="50.216729"><ele>101.0</ele></trkpt>
<trkpt lon="4.824936" lat="50.216709"><ele>100.75</ele></trkpt>
<trkpt lon="4.824899" lat="50.216680"><ele>100.5</ele></trkpt>
<trkpt lon="4.824875" lat="50.216582"><ele>100.0</ele></trkpt>
<trkpt lon="4.824761" lat="50.216564"><ele>99.5</ele></trkpt>
<trkpt lon="4.824760" lat="50.216492"><ele>99.25</ele></trkpt>
<trkpt lon="4.824787" lat="50.216413"><ele>99.0</ele></trkpt>
<trkpt lon="4.824907" lat="50.216384"><ele>99.0</ele></trkpt>
<trkpt lon="4.825143" lat="50.216259"><ele>99.0</ele></trkpt>
<trkpt lon="4.825475" lat="50.216032"><ele>100.0</ele></trkpt>
<trkpt lon="4.825566" lat="50.215964"><ele>100.5</ele></trkpt>
<trkpt lon="4.825603" lat="50.215937"><ele>100.5</ele></trkpt>
<trkpt lon="4.825641" lat="50.215901"><ele>100.5</ele></trkpt>
<trkpt lon="4.825345" lat="50.215671"><ele>100.5</ele></trkpt>
<trkpt lon="4.825002" lat="50.215387"><ele>100.0</ele></trkpt>
<trkpt lon="4.824611" lat="50.214976"><ele>100.0</ele></trkpt>
<trkpt lon="4.824106" lat="50.214399"><ele>100.0</ele></trkpt>
<trkpt lon="4.824020" lat="50.214301"><ele>100.0</ele></trkpt>
<trkpt lon="4.824007" lat="50.214254"><ele>100.0</ele></trkpt>
<trkpt lon="4.823924" lat="50.213946"><ele>99.5</ele></trkpt>
<trkpt lon="4.822770" lat="50.212615"><ele>100.0</ele></trkpt>
<trkpt lon="4.822468" lat="50.212284"><ele>100.0</ele></trkpt>
<trkpt lon="4.822283" lat="50.212098"><ele>100.0</ele></trkpt>
<trkpt lon="4.822198" lat="50.212032"><ele>100.25</ele></trkpt>
<trkpt lon="4.822252" lat="50.211915"><ele>99.5</ele></trkpt>
<trkpt lon="4.822274" lat="50.211854"><ele>99.0</ele></trkpt>
<trkpt lon="4.821534" lat="50.210622"><ele>98.5</ele></trkpt>
<trkpt lon="4.821593" lat="50.210535"><ele>97.5</ele></trkpt>
<trkpt lon="4.821425" lat="50.210213"><ele>97.5</ele></trkpt>
<trkpt lon="4.821298" lat="50.209968"><ele>97.0</ele></trkpt>
<trkpt lon="4.820479" lat="50.208397"><ele>97.25</ele></trkpt>
<trkpt lon="4.820230" lat="50.207931"><ele>97.25</ele></trkpt>
<trkpt lon="4.819554" lat="50.206675"><ele>97.0</ele></trkpt>
<trkpt lon="4.819477" lat="50.206533"><ele>96.75</ele></trkpt>
<trkpt lon="4.819380" lat="50.206346"><ele>96.0</ele></trkpt>
<trkpt lon="4.819206" lat="50.206021"><ele>98.25</ele></trkpt>
<trkpt lon="4.819000" lat="50.205517"><ele>98.75</ele></trkpt>
<trkpt lon="4.818827" lat="50.205003"><ele>98.25</ele></trkpt>
<trkpt lon="4.818714" lat="50.204616"><ele>98.75</ele></trkpt>
<trkpt lon="4.818491" lat="50.203557"><ele>99.25</ele></trkpt>
<trkpt lon="4.818470" lat="50.203431"><ele>99.0</ele></trkpt>
<trkpt lon="4.818427" lat="50.203239"><ele>99.0</ele></trkpt>
<trkpt lon="4.818383" lat="50.202701"><ele>99.0</ele></trkpt>
<trkpt lon="4.818367" lat="50.202124"><ele>99.0</ele></trkpt>
<trkpt lon="4.818363" lat="50.201143"><ele>99.0</ele></trkpt>
<trkpt lon="4.818347" lat="50.200734"><ele>99.0</ele></trkpt>
<trkpt lon="4.818465" lat="50.199916"><ele>99.0</ele></trkpt>
<trkpt lon="4.818544" lat="50.199515"><ele>98.75</ele></trkpt>
<trkpt lon="4.818669" lat="50.199113"><ele>98.75</ele></trkpt>
<trkpt lon="4.818822" lat="50.198662"><ele>98.75</ele></trkpt>
<trkpt lon="4.818991" lat="50.198359"><ele>98.5</ele></trkpt>
<trkpt lon="4.819053" lat="50.198264"><ele>98.5</ele></trkpt>
<trkpt lon="4.819097" lat="50.198208"><ele>98.5</ele></trkpt>
<trkpt lon="4.819005" lat="50.198168"><ele>99.0</ele></trkpt>
<trkpt lon="4.818968" lat="50.198152"><ele>99.25</ele></trkpt>
<trkpt lon="4.818873" lat="50.198230"><ele>99.25</ele></trkpt>
<trkpt lon="4.818830" lat="50.198212"><ele>99.5</ele></trkpt>
<trkpt lon="4.818787" lat="50.198192"><ele>99.5</ele></trkpt>
<trkpt lon="4.818918" lat="50.198089"><ele>99.75</ele></trkpt>
<trkpt lon="4.818929" lat="50.198069"><ele>99.75</ele></trkpt>
<trkpt lon="4.818929" lat="50.198046"><ele>99.75</ele></trkpt>
<trkpt lon="4.818907" lat="50.198004"><ele>99.75</ele></trkpt>
<trkpt lon="4.818850" lat="50.197973"><ele>100.0</ele></trkpt>
<trkpt lon="4.818884" lat="50.197938"><ele>100.0</ele></trkpt>
<trkpt lon="4.818784" lat="50.197894"><ele>100.0</ele></trkpt>
<trkpt lon="4.818285" lat="50.197705"><ele>101.5</ele></trkpt>
<trkpt lon="4.818008" lat="50.197578"><ele>102.5</ele></trkpt>
<trkpt lon="4.817935" lat="50.197520"><ele>103.25</ele></trkpt>
<trkpt lon="4.817908" lat="50.197454"><ele>103.5</ele></trkpt>
<trkpt lon="4.817935" lat="50.197394"><ele>103.5</ele></trkpt>
<trkpt lon="4.818153" lat="50.197114"><ele>104.25</ele></trkpt>
<trkpt lon="4.818175" lat="50.197088"><ele>104.25</ele></trkpt>
<trkpt lon="4.818142" lat="50.196992"><ele>104.25</ele></trkpt>
<trkpt lon="4.818053" lat="50.197027"><ele>104.0</ele></trkpt>
<trkpt lon="4.817856" lat="50.197055"><ele>104.75</ele></trkpt>
<trkpt lon="4.817868" lat="50.196951"><ele>105.25</ele></trkpt>
<trkpt lon="4.817905" lat="50.196849"><ele>105.75</ele></trkpt>
<trkpt lon="4.817916" lat="50.196743"><ele>106.25</ele></trkpt>
<trkpt lon="4.818023" lat="50.196653"><ele>106.25</ele></trkpt>
<trkpt lon="4.818272" lat="50.196294"><ele>107.25</ele></trkpt>
<trkpt lon="4.818520" lat="50.195984"><ele>107.5</ele></trkpt>
<trkpt lon="4.819292" lat="50.194935"><ele>107.5</ele></trkpt>
<trkpt lon="4.820188" lat="50.193671"><ele>107.25</ele></trkpt>
<trkpt lon="4.820236" lat="50.193590"><ele>107.25</ele></trkpt>
<trkpt lon="4.820713" lat="50.192899"><ele>106.5</ele></trkpt>
<trkpt lon="4.821527" lat="50.191817"><ele>107.0</ele></trkpt>
<trkpt lon="4.821851" lat="50.191387"><ele>106.5</ele></trkpt>
<trkpt lon="4.822559" lat="50.190380"><ele>105.75</ele></trkpt>
<trkpt lon="4.823033" lat="50.189409"><ele>105.75</ele></trkpt>
<trkpt lon="4.823210" lat="50.188911"><ele>106.0</ele></trkpt>
<trkpt lon="4.823280" lat="50.188611"><ele>106.0</ele></trkpt>
<trkpt lon="4.823317" lat="50.188263"><ele>106.0</ele></trkpt>
<trkpt lon="4.823327" lat="50.188134"><ele>106.0</ele></trkpt>
<trkpt lon="4.823421" lat="50.187113"><ele>106.0</ele></trkpt>
<trkpt lon="4.823349" lat="50.186370"><ele>106.75</ele></trkpt>
<trkpt lon="4.823227" lat="50.185705"><ele>106.5</ele></trkpt>
<trkpt lon="4.823088" lat="50.185410"><ele>106.75</ele></trkpt>
<trkpt lon="4.822994" lat="50.185098"><ele>107.25</ele></trkpt>
<trkpt lon="4.823109" lat="50.185082"><ele>107.0</ele></trkpt>
<trkpt lon="4.823003" lat="50.184693"><ele>107.25</ele></trkpt>
<trkpt lon="4.822869" lat="50.184312"><ele>108.0</ele></trkpt>
<trkpt lon="4.822664" lat="50.183623"><ele>108.5</ele></trkpt>
<trkpt lon="4.820987" lat="50.180140"><ele>110.5</ele></trkpt>
<trkpt lon="4.820792" lat="50.179268"><ele>110.25</ele></trkpt>
<trkpt lon="4.820731" lat="50.178852"><ele>109.75</ele></trkpt>
<trkpt lon="4.820729" lat="50.178464"><ele>110.25</ele></trkpt>
<trkpt lon="4.820701" lat="50.177730"><ele>113.25</ele></trkpt>
<trkpt lon="4.820779" lat="50.176995"><ele>115.25</ele></trkpt>
<trkpt lon="4.820994" lat="50.175541"><ele>120.25</ele></trkpt>
<trkpt lon="4.821528" lat="50.172631"><ele>119.75</ele></trkpt>
<trkpt lon="4.821455" lat="50.170903"><ele>121.0</ele></trkpt>
<trkpt lon="4.820828" lat="50.168670"><ele>124.0</ele></trkpt>
<trkpt lon="4.820284" lat="50.167196"><ele>124.75</ele></trkpt>
<trkpt lon="4.819438" lat="50.165690"><ele>130.0</ele></trkpt>
<trkpt lon="4.818920" lat="50.165056"><ele>130.75</ele></trkpt>
<trkpt lon="4.817800" lat="50.163911"><ele>131.5</ele></trkpt>
<trkpt lon="4.815988" lat="50.162184"><ele>134.25</ele></trkpt>
<trkpt lon="4.815537" lat="50.161851"><ele>134.0</ele></trkpt>
<trkpt lon="4.814603" lat="50.161308"><ele>133.5</ele></trkpt>
<trkpt lon="4.813246" lat="50.160682"><ele>131.75</ele></trkpt>
<trkpt lon="4.812160" lat="50.160358"><ele>132.0</ele></trkpt>
<trkpt lon="4.811061" lat="50.160121"><ele>133.0</ele></trkpt>
<trkpt lon="4.810704" lat="50.160034"><ele>134.0</ele></trkpt>
<trkpt lon="4.809566" lat="50.159892"><ele>135.0</ele></trkpt>
<trkpt lon="4.809501" lat="50.159800"><ele>135.0</ele></trkpt>
<trkpt lon="4.809316" lat="50.159728"><ele>135.0</ele></trkpt>
<trkpt lon="4.809130" lat="50.159669"><ele>135.25</ele></trkpt>
<trkpt lon="4.808960" lat="50.159596"><ele>135.75</ele></trkpt>
<trkpt lon="4.808804" lat="50.159504"><ele>136.0</ele></trkpt>
<trkpt lon="4.808741" lat="50.159424"><ele>136.0</ele></trkpt>
<trkpt lon="4.808722" lat="50.159405"><ele>136.0</ele></trkpt>
<trkpt lon="4.808715" lat="50.159362"><ele>136.0</ele></trkpt>
<trkpt lon="4.808748" lat="50.159320"><ele>136.0</ele></trkpt>
<trkpt lon="4.808824" lat="50.159303"><ele>136.0</ele></trkpt>
<trkpt lon="4.808903" lat="50.159315"><ele>135.75</ele></trkpt>
<trkpt lon="4.809324" lat="50.159033"><ele>134.5</ele></trkpt>
<trkpt lon="4.809778" lat="50.158709"><ele>133.25</ele></trkpt>
<trkpt lon="4.809909" lat="50.158505"><ele>132.25</ele></trkpt>
<trkpt lon="4.809755" lat="50.157767"><ele>128.75</ele></trkpt>
<trkpt lon="4.809671" lat="50.157278"><ele>126.0</ele></trkpt>
<trkpt lon="4.809482" lat="50.157023"><ele>123.75</ele></trkpt>
<trkpt lon="4.809404" lat="50.156954"><ele>123.0</ele></trkpt>
<trkpt lon="4.809513" lat="50.156864"><ele>121.75</ele></trkpt>
<trkpt lon="4.810220" lat="50.156482"><ele>117.5</ele></trkpt>
<trkpt lon="4.810253" lat="50.156464"><ele>117.5</ele></trkpt>
<trkpt lon="4.810352" lat="50.156558"><ele>118.0</ele></trkpt>
<trkpt lon="4.810564" lat="50.156474"><ele>117.5</ele></trkpt>
<trkpt lon="4.810610" lat="50.156422"><ele>117.0</ele></trkpt>
<trkpt lon="4.810598" lat="50.156383"><ele>116.5</ele></trkpt>
<trkpt lon="4.810492" lat="50.156275"><ele>115.0</ele></trkpt>
<trkpt lon="4.810431" lat="50.156219"><ele>114.0</ele></trkpt>
<trkpt lon="4.810402" lat="50.156182"><ele>113.5</ele></trkpt>
<trkpt lon="4.810419" lat="50.156142"><ele>112.75</ele></trkpt>
<trkpt lon="4.810463" lat="50.156118"><ele>112.25</ele></trkpt>
<trkpt lon="4.810817" lat="50.156004"><ele>109.75</ele></trkpt>
<trkpt lon="4.811210" lat="50.155938"><ele>108.0</ele></trkpt>
<trkpt lon="4.811548" lat="50.155893"><ele>106.5</ele></trkpt>
<trkpt lon="4.811875" lat="50.155834"><ele>106.0</ele></trkpt>
<trkpt lon="4.811990" lat="50.155797"><ele>106.0</ele></trkpt>
<trkpt lon="4.812048" lat="50.155768"><ele>106.0</ele></trkpt>
<trkpt lon="4.812075" lat="50.155736"><ele>106.0</ele></trkpt>
<trkpt lon="4.812075" lat="50.155671"><ele>106.0</ele></trkpt>
<trkpt lon="4.812071" lat="50.155408"><ele>106.75</ele></trkpt>
<trkpt lon="4.812052" lat="50.155255"><ele>107.75</ele></trkpt>
<trkpt lon="4.812006" lat="50.155085"><ele>109.0</ele></trkpt>
<trkpt lon="4.811910" lat="50.154908"><ele>110.75</ele></trkpt>
<trkpt lon="4.811827" lat="50.154793"><ele>112.0</ele></trkpt>
<trkpt lon="4.811486" lat="50.154403"><ele>114.5</ele></trkpt>
<trkpt lon="4.811373" lat="50.154119"><ele>116.0</ele></trkpt>
<trkpt lon="4.811349" lat="50.153834"><ele>116.0</ele></trkpt>
<trkpt lon="4.811293" lat="50.153502"><ele>115.75</ele></trkpt>
<trkpt lon="4.811130" lat="50.153412"><ele>116.0</ele></trkpt>
<trkpt lon="4.811159" lat="50.153369"><ele>115.75</ele></trkpt>
<trkpt lon="4.811174" lat="50.153326"><ele>115.75</ele></trkpt>
<trkpt lon="4.811184" lat="50.153270"><ele>115.75</ele></trkpt>
<trkpt lon="4.811184" lat="50.153161"><ele>115.75</ele></trkpt>
<trkpt lon="4.811170" lat="50.152725"><ele>115.75</ele></trkpt>
<trkpt lon="4.811140" lat="50.152445"><ele>114.75</ele></trkpt>
<trkpt lon="4.810972" lat="50.151647"><ele>112.25</ele></trkpt>
<trkpt lon="4.810959" lat="50.151567"><ele>112.0</ele></trkpt>
<trkpt lon="4.810964" lat="50.151454"><ele>111.75</ele></trkpt>
<trkpt lon="4.810982" lat="50.151409"><ele>111.5</ele></trkpt>
<trkpt lon="4.811030" lat="50.151338"><ele>111.0</ele></trkpt>
<trkpt lon="4.811140" lat="50.151251"><ele>109.75</ele></trkpt>
<trkpt lon="4.811890" lat="50.150823"><ele>108.5</ele></trkpt>
<trkpt lon="4.811970" lat="50.150758"><ele>109.5</ele></trkpt>
<trkpt lon="4.812033" lat="50.150699"><ele>110.0</ele></trkpt>
<trkpt lon="4.812073" lat="50.150648"><ele>110.25</ele></trkpt>
<trkpt lon="4.812301" lat="50.150208"><ele>111.0</ele></trkpt>
<trkpt lon="4.812382" lat="50.150112"><ele>111.25</ele></trkpt>
<trkpt lon="4.812496" lat="50.150054"><ele>111.0</ele></trkpt>
<trkpt lon="4.812936" lat="50.149921"><ele>107.0</ele></trkpt>
<trkpt lon="4.813113" lat="50.149887"><ele>105.5</ele></trkpt>
<trkpt lon="4.813250" lat="50.149877"><ele>104.75</ele></trkpt>
<trkpt lon="4.813396" lat="50.149877"><ele>104.0</ele></trkpt>
<trkpt lon="4.814188" lat="50.149942"><ele>103.0</ele></trkpt>
<trkpt lon="4.814489" lat="50.149919"><ele>103.0</ele></trkpt>
<trkpt lon="4.815424" lat="50.149716"><ele>102.75</ele></trkpt>
<trkpt lon="4.815957" lat="50.149661"><ele>102.75</ele></trkpt>
<trkpt lon="4.816871" lat="50.149609"><ele>105.25</ele></trkpt>
<trkpt lon="4.817024" lat="50.149599"><ele>105.0</ele></trkpt>
<trkpt lon="4.817271" lat="50.149580"><ele>103.5</ele></trkpt>
<trkpt lon="4.817590" lat="50.149539"><ele>104.25</ele></trkpt>
<trkpt lon="4.817695" lat="50.149524"><ele>104.5</ele></trkpt>
<trkpt lon="4.817971" lat="50.149468"><ele>104.25</ele></trkpt>
<trkpt lon="4.818110" lat="50.149435"><ele>103.75</ele></trkpt>
<trkpt lon="4.818226" lat="50.149403"><ele>103.75</ele></trkpt>
<trkpt lon="4.818484" lat="50.149321"><ele>103.0</ele></trkpt>
<trkpt lon="4.818673" lat="50.149250"><ele>103.0</ele></trkpt>
<trkpt lon="4.818831" lat="50.149177"><ele>103.0</ele></trkpt>
<trkpt lon="4.819058" lat="50.149036"><ele>102.5</ele></trkpt>
<trkpt lon="4.819238" lat="50.148927"><ele>102.25</ele></trkpt>
<trkpt lon="4.819298" lat="50.148868"><ele>102.25</ele></trkpt>
<trkpt lon="4.819388" lat="50.148790"><ele>102.5</ele></trkpt>
<trkpt lon="4.819815" lat="50.148400"><ele>102.0</ele></trkpt>
<trkpt lon="4.819872" lat="50.148344"><ele>102.0</ele></trkpt>
<trkpt lon="4.820227" lat="50.148002"><ele>102.75</ele></trkpt>
<trkpt lon="4.820247" lat="50.147983"><ele>102.75</ele></trkpt>
<trkpt lon="4.820397" lat="50.147835"><ele>103.0</ele></trkpt>
<trkpt lon="4.820440" lat="50.147849"><ele>102.75</ele></trkpt>
<trkpt lon="4.820467" lat="50.147851"><ele>103.0</ele></trkpt>
<trkpt lon="4.820585" lat="50.147846"><ele>103.0</ele></trkpt>
<trkpt lon="4.821115" lat="50.147824"><ele>103.0</ele></trkpt>
<trkpt lon="4.821660" lat="50.147801"><ele>103.0</ele></trkpt>
<trkpt lon="4.822187" lat="50.147776"><ele>103.0</ele></trkpt>
<trkpt lon="4.822733" lat="50.147750"><ele>103.0</ele></trkpt>
<trkpt lon="4.823796" lat="50.147704"><ele>103.25</ele></trkpt>
<trkpt lon="4.823842" lat="50.147699"><ele>103.0</ele></trkpt>
<trkpt lon="4.823797" lat="50.147548"><ele>103.25</ele></trkpt>
<trkpt lon="4.823924" lat="50.147529"><ele>103.0</ele></trkpt>
<trkpt lon="4.824207" lat="50.147461"><ele>102.75</ele></trkpt>
<trkpt lon="4.824466" lat="50.147331"><ele>101.75</ele></trkpt>
<trkpt lon="4.824360" lat="50.147002"><ele>102.75</ele></trkpt>
<trkpt lon="4.824366" lat="50.146976"><ele>102.75</ele></trkpt>
<trkpt lon="4.824403" lat="50.146962"><ele>102.75</ele></trkpt>
<trkpt lon="4.825216" lat="50.146862"><ele>102.0</ele></trkpt>
<trkpt lon="4.825236" lat="50.146840"><ele>102.0</ele></trkpt>
<trkpt lon="4.825011" lat="50.146033"><ele>102.5</ele></trkpt>
<trkpt lon="4.825017" lat="50.145930"><ele>102.0</ele></trkpt>
<trkpt lon="4.825113" lat="50.145768"><ele>101.25</ele></trkpt>
<trkpt lon="4.825376" lat="50.145607"><ele>101.25</ele></trkpt>
<trkpt lon="4.825561" lat="50.145478"><ele>101.25</ele></trkpt>
<trkpt lon="4.825565" lat="50.145403"><ele>101.5</ele></trkpt>
<trkpt lon="4.825640" lat="50.145194"><ele>102.0</ele></trkpt>
<trkpt lon="4.825727" lat="50.145076"><ele>102.5</ele></trkpt>
<trkpt lon="4.825827" lat="50.145009"><ele>102.75</ele></trkpt>
<trkpt lon="4.826085" lat="50.144955"><ele>103.0</ele></trkpt>
<trkpt lon="4.826158" lat="50.144905"><ele>103.0</ele></trkpt>
<trkpt lon="4.826171" lat="50.143661"><ele>103.0</ele></trkpt>
<trkpt lon="4.826344" lat="50.143660"><ele>103.0</ele></trkpt>
<trkpt lon="4.826277" lat="50.143602"><ele>103.0</ele></trkpt>
<trkpt lon="4.826260" lat="50.143463"><ele>103.0</ele></trkpt>
<trkpt lon="4.826292" lat="50.143402"><ele>103.0</ele></trkpt>
<trkpt lon="4.826279" lat="50.143326"><ele>103.0</ele></trkpt>
<trkpt lon="4.826265" lat="50.143247"><ele>103.0</ele></trkpt>
<trkpt lon="4.826228" lat="50.143027"><ele>103.0</ele></trkpt>
<trkpt lon="4.826197" lat="50.142859"><ele>103.0</ele></trkpt>
<trkpt lon="4.826167" lat="50.142709"><ele>103.0</ele></trkpt>
<trkpt lon="4.826144" lat="50.142587"><ele>103.5</ele></trkpt>
<trkpt lon="4.825899" lat="50.141362"><ele>104.0</ele></trkpt>
<trkpt lon="4.825778" lat="50.140828"><ele>104.0</ele></trkpt>
<trkpt lon="4.825534" lat="50.139612"><ele>105.0</ele></trkpt>
<trkpt lon="4.825511" lat="50.139475"><ele>104.75</ele></trkpt>
<trkpt lon="4.825507" lat="50.139458"><ele>105.0</ele></trkpt>
<trkpt lon="4.825501" lat="50.139431"><ele>105.0</ele></trkpt>
<trkpt lon="4.825492" lat="50.139399"><ele>105.0</ele></trkpt>
<trkpt lon="4.825430" lat="50.139282"><ele>105.0</ele></trkpt>
<trkpt lon="4.825166" lat="50.138958"><ele>105.0</ele></trkpt>
<trkpt lon="4.825147" lat="50.138936"><ele>105.0</ele></trkpt>
<trkpt lon="4.825122" lat="50.138907"><ele>105.0</ele></trkpt>
<trkpt lon="4.825095" lat="50.138877"><ele>105.0</ele></trkpt>
<trkpt lon="4.825078" lat="50.138856"><ele>105.0</ele></trkpt>
<trkpt lon="4.824558" lat="50.138186"><ele>103.75</ele></trkpt>
<trkpt lon="4.824263" lat="50.137817"><ele>103.75</ele></trkpt>
<trkpt lon="4.824228" lat="50.137771"><ele>104.0</ele></trkpt>
<trkpt lon="4.824209" lat="50.137750"><ele>104.0</ele></trkpt>
<trkpt lon="4.824259" lat="50.137721"><ele>104.0</ele></trkpt>
<trkpt lon="4.825340" lat="50.137112"><ele>103.0</ele></trkpt>
<trkpt lon="4.825413" lat="50.137079"><ele>103.0</ele></trkpt>
<trkpt lon="4.825585" lat="50.136987"><ele>103.0</ele></trkpt>
<trkpt lon="4.825985" lat="50.136772"><ele>102.5</ele></trkpt>
<trkpt lon="4.826267" lat="50.136582"><ele>102.5</ele></trkpt>
<trkpt lon="4.826510" lat="50.136398"><ele>103.75</ele></trkpt>
<trkpt lon="4.826551" lat="50.136368"><ele>103.75</ele></trkpt>
<trkpt lon="4.826630" lat="50.136308"><ele>103.75</ele></trkpt>
<trkpt lon="4.826704" lat="50.136253"><ele>103.75</ele></trkpt>
<trkpt lon="4.826764" lat="50.136283"><ele>103.5</ele></trkpt>
<trkpt lon="4.826847" lat="50.136224"><ele>102.75</ele></trkpt>
<trkpt lon="4.826882" lat="50.136199"><ele>102.5</ele></trkpt>
<trkpt lon="4.826903" lat="50.136160"><ele>102.25</ele></trkpt>
<trkpt lon="4.826920" lat="50.136148"><ele>102.25</ele></trkpt>
<trkpt lon="4.827935" lat="50.135365"><ele>101.5</ele></trkpt>
<trkpt lon="4.827949" lat="50.135355"><ele>101.75</ele></trkpt>
<trkpt lon="4.827899" lat="50.135328"><ele>101.25</ele></trkpt>
<trkpt lon="4.827838" lat="50.135293"><ele>100.75</ele></trkpt>
<trkpt lon="4.827896" lat="50.135246"><ele>101.75</ele></trkpt>
<trkpt lon="4.827891" lat="50.135226"><ele>101.75</ele></trkpt>
<trkpt lon="4.827851" lat="50.135202"><ele>101.5</ele></trkpt>
<trkpt lon="4.827914" lat="50.135152"><ele>102.0</ele></trkpt>
<trkpt lon="4.827664" lat="50.135023"><ele>102.25</ele></trkpt>
<trkpt lon="4.827510" lat="50.134920"><ele>102.0</ele></trkpt>
<trkpt lon="4.827310" lat="50.134947"><ele>100.75</ele></trkpt>
<trkpt lon="4.827324" lat="50.134973"><ele>100.75</ele></trkpt>
<trkpt lon="4.827763" lat="50.135200"><ele>100.75</ele></trkpt>
<trkpt lon="4.827845" lat="50.135262"><ele>101.0</ele></trkpt>
<trkpt lon="4.828002" lat="50.135344"><ele>102.25</ele></trkpt>
<trkpt lon="4.828093" lat="50.135389"><ele>102.25</ele></trkpt>
<trkpt lon="4.828381" lat="50.135565"><ele>101.0</ele></trkpt>
<trkpt lon="4.828528" lat="50.135679"><ele>100.75</ele></trkpt>
<trkpt lon="4.828678" lat="50.135793"><ele>101.0</ele></trkpt>
<trkpt lon="4.828678" lat="50.135793"><ele>100.75</ele></trkpt>
<trkpt lon="4.828528" lat="50.135679"><ele>100.75</ele></trkpt>
<trkpt lon="4.828381" lat="50.135565"><ele>101.0</ele></trkpt>
<trkpt lon="4.828093" lat="50.135389"><ele>102.25</ele></trkpt>
<trkpt lon="4.828002" lat="50.135344"><ele>102.25</ele></trkpt>
<trkpt lon="4.827845" lat="50.135262"><ele>101.0</ele></trkpt>
<trkpt lon="4.827763" lat="50.135200"><ele>100.75</ele></trkpt>
<trkpt lon="4.827324" lat="50.134973"><ele>100.75</ele></trkpt>
<trkpt lon="4.827310" lat="50.134947"><ele>100.75</ele></trkpt>
<trkpt lon="4.827510" lat="50.134920"><ele>102.0</ele></trkpt>
<trkpt lon="4.827664" lat="50.135023"><ele>102.25</ele></trkpt>
<trkpt lon="4.827914" lat="50.135152"><ele>102.0</ele></trkpt>
<trkpt lon="4.827851" lat="50.135202"><ele>101.5</ele></trkpt>
<trkpt lon="4.827891" lat="50.135226"><ele>101.75</ele></trkpt>
<trkpt lon="4.827896" lat="50.135246"><ele>101.75</ele></trkpt>
<trkpt lon="4.827838" lat="50.135293"><ele>100.75</ele></trkpt>
<trkpt lon="4.827899" lat="50.135328"><ele>101.25</ele></trkpt>
<trkpt lon="4.827949" lat="50.135355"><ele>101.75</ele></trkpt>
<trkpt lon="4.827935" lat="50.135365"><ele>101.5</ele></trkpt>
<trkpt lon="4.826920" lat="50.136148"><ele>102.25</ele></trkpt>
<trkpt lon="4.826903" lat="50.136160"><ele>102.25</ele></trkpt>
<trkpt lon="4.826882" lat="50.136199"><ele>102.5</ele></trkpt>
<trkpt lon="4.826847" lat="50.136224"><ele>102.75</ele></trkpt>
<trkpt lon="4.826764" lat="50.136283"><ele>103.5</ele></trkpt>
<trkpt lon="4.826704" lat="50.136253"><ele>103.75</ele></trkpt>
<trkpt lon="4.826630" lat="50.136308"><ele>103.75</ele></trkpt>
<trkpt lon="4.826551" lat="50.136368"><ele>103.75</ele></trkpt>
<trkpt lon="4.826510" lat="50.136398"><ele>103.75</ele></trkpt>
<trkpt lon="4.826267" lat="50.136582"><ele>102.5</ele></trkpt>
<trkpt lon="4.825985" lat="50.136772"><ele>102.5</ele></trkpt>
<trkpt lon="4.825585" lat="50.136987"><ele>103.0</ele></trkpt>
<trkpt lon="4.825413" lat="50.137079"><ele>103.0</ele></trkpt>
<trkpt lon="4.825340" lat="50.137112"><ele>103.0</ele></trkpt>
<trkpt lon="4.824259" lat="50.137721"><ele>104.0</ele></trkpt>
<trkpt lon="4.824209" lat="50.137750"><ele>104.0</ele></trkpt>
<trkpt lon="4.824228" lat="50.137771"><ele>104.0</ele></trkpt>
<trkpt lon="4.824263" lat="50.137817"><ele>103.75</ele></trkpt>
<trkpt lon="4.824558" lat="50.138186"><ele>103.75</ele></trkpt>
<trkpt lon="4.825078" lat="50.138856"><ele>105.0</ele></trkpt>
<trkpt lon="4.825095" lat="50.138877"><ele>105.0</ele></trkpt>
<trkpt lon="4.825122" lat="50.138907"><ele>105.0</ele></trkpt>
<trkpt lon="4.825147" lat="50.138936"><ele>105.0</ele></trkpt>
<trkpt lon="4.825166" lat="50.138958"><ele>105.0</ele></trkpt>
<trkpt lon="4.825430" lat="50.139282"><ele>105.0</ele></trkpt>
<trkpt lon="4.825492" lat="50.139399"><ele>105.0</ele></trkpt>
<trkpt lon="4.825501" lat="50.139431"><ele>105.0</ele></trkpt>
<trkpt lon="4.825507" lat="50.139458"><ele>105.0</ele></trkpt>
<trkpt lon="4.825511" lat="50.139475"><ele>104.75</ele></trkpt>
<trkpt lon="4.825534" lat="50.139612"><ele>105.0</ele></trkpt>
<trkpt lon="4.825778" lat="50.140828"><ele>104.0</ele></trkpt>
<trkpt lon="4.825899" lat="50.141362"><ele>104.0</ele></trkpt>
<trkpt lon="4.826144" lat="50.142587"><ele>103.5</ele></trkpt>
<trkpt lon="4.826167" lat="50.142709"><ele>103.0</ele></trkpt>
<trkpt lon="4.826197" lat="50.142859"><ele>103.0</ele></trkpt>
<trkpt lon="4.826228" lat="50.143027"><ele>103.0</ele></trkpt>
<trkpt lon="4.826265" lat="50.143247"><ele>103.0</ele></trkpt>
<trkpt lon="4.826279" lat="50.143326"><ele>103.0</ele></trkpt>
<trkpt lon="4.826292" lat="50.143402"><ele>103.0</ele></trkpt>
<trkpt lon="4.826260" lat="50.143463"><ele>103.0</ele></trkpt>
<trkpt lon="4.826277" lat="50.143602"><ele>103.0</ele></trkpt>
<trkpt lon="4.826344" lat="50.143660"><ele>103.0</ele></trkpt>
<trkpt lon="4.826171" lat="50.143661"><ele>103.0</ele></trkpt>
<trkpt lon="4.826158" lat="50.144905"><ele>103.0</ele></trkpt>
<trkpt lon="4.826085" lat="50.144955"><ele>103.0</ele></trkpt>
<trkpt lon="4.825827" lat="50.145009"><ele>102.75</ele></trkpt>
<trkpt lon="4.825727" lat="50.145076"><ele>102.5</ele></trkpt>
<trkpt lon="4.825640" lat="50.145194"><ele>102.0</ele></trkpt>
<trkpt lon="4.825565" lat="50.145403"><ele>101.5</ele></trkpt>
<trkpt lon="4.825561" lat="50.145478"><ele>101.25</ele></trkpt>
<trkpt lon="4.825376" lat="50.145607"><ele>101.25</ele></trkpt>
<trkpt lon="4.825113" lat="50.145768"><ele>101.25</ele></trkpt>
<trkpt lon="4.825017" lat="50.145930"><ele>102.0</ele></trkpt>
<trkpt lon="4.825011" lat="50.146033"><ele>102.5</ele></trkpt>
<trkpt lon="4.825236" lat="50.146840"><ele>102.0</ele></trkpt>
<trkpt lon="4.825216" lat="50.146862"><ele>102.0</ele></trkpt>
<trkpt lon="4.824403" lat="50.146962"><ele>102.75</ele></trkpt>
<trkpt lon="4.824366" lat="50.146976"><ele>102.75</ele></trkpt>
<trkpt lon="4.824360" lat="50.147002"><ele>102.75</ele></trkpt>
<trkpt lon="4.824466" lat="50.147331"><ele>101.75</ele></trkpt>
<trkpt lon="4.824207" lat="50.147461"><ele>102.75</ele></trkpt>
<trkpt lon="4.823924" lat="50.147529"><ele>103.0</ele></trkpt>
<trkpt lon="4.823797" lat="50.147548"><ele>103.25</ele></trkpt>
<trkpt lon="4.823842" lat="50.147699"><ele>103.0</ele></trkpt>
<trkpt lon="4.823796" lat="50.147704"><ele>103.25</ele></trkpt>
<trkpt lon="4.822733" lat="50.147750"><ele>103.0</ele></trkpt>
<trkpt lon="4.822187" lat="50.147776"><ele>103.0</ele></trkpt>
<trkpt lon="4.821660" lat="50.147801"><ele>103.0</ele></trkpt>
<trkpt lon="4.821115" lat="50.147824"><ele>103.0</ele></trkpt>
<trkpt lon="4.820585" lat="50.147846"><ele>103.0</ele></trkpt>
<trkpt lon="4.820467" lat="50.147851"><ele>103.0</ele></trkpt>
<trkpt lon="4.820440" lat="50.147849"><ele>102.75</ele></trkpt>
<trkpt lon="4.820397" lat="50.147835"><ele>103.0</ele></trkpt>
<trkpt lon="4.820247" lat="50.147983"><ele>102.75</ele></trkpt>
<trkpt lon="4.820227" lat="50.148002"><ele>102.75</ele></trkpt>
<trkpt lon="4.819872" lat="50.148344"><ele>102.0</ele></trkpt>
<trkpt lon="4.819815" lat="50.148400"><ele>102.0</ele></trkpt>
<trkpt lon="4.819388" lat="50.148790"><ele>102.5</ele></trkpt>
<trkpt lon="4.819298" lat="50.148868"><ele>102.25</ele></trkpt>
<trkpt lon="4.819238" lat="50.148927"><ele>102.25</ele></trkpt>
<trkpt lon="4.819058" lat="50.149036"><ele>102.5</ele></trkpt>
<trkpt lon="4.818831" lat="50.149177"><ele>103.0</ele></trkpt>
<trkpt lon="4.818673" lat="50.149250"><ele>103.0</ele></trkpt>
<trkpt lon="4.818484" lat="50.149321"><ele>103.0</ele></trkpt>
<trkpt lon="4.818226" lat="50.149403"><ele>103.75</ele></trkpt>
<trkpt lon="4.818110" lat="50.149435"><ele>103.75</ele></trkpt>
<trkpt lon="4.817971" lat="50.149468"><ele>104.25</ele></trkpt>
<trkpt lon="4.817695" lat="50.149524"><ele>104.5</ele></trkpt>
<trkpt lon="4.817590" lat="50.149539"><ele>104.25</ele></trkpt>
<trkpt lon="4.817271" lat="50.149580"><ele>103.5</ele></trkpt>
<trkpt lon="4.817024" lat="50.149599"><ele>105.0</ele></trkpt>
<trkpt lon="4.816871" lat="50.149609"><ele>105.25</ele></trkpt>
<trkpt lon="4.815957" lat="50.149661"><ele>102.75</ele></trkpt>
<trkpt lon="4.815424" lat="50.149716"><ele>102.75</ele></trkpt>
<trkpt lon="4.814489" lat="50.149919"><ele>103.0</ele></trkpt>
<trkpt lon="4.814188" lat="50.149942"><ele>103.0</ele></trkpt>
<trkpt lon="4.813396" lat="50.149877"><ele>104.0</ele></trkpt>
<trkpt lon="4.813250" lat="50.149877"><ele>104.75</ele></trkpt>
<trkpt lon="4.813113" lat="50.149887"><ele>105.5</ele></trkpt>
<trkpt lon="4.812936" lat="50.149921"><ele>107.0</ele></trkpt>
<trkpt lon="4.812496" lat="50.150054"><ele>111.0</ele></trkpt>
<trkpt lon="4.812382" lat="50.150112"><ele>111.25</ele></trkpt>
<trkpt lon="4.812301" lat="50.150208"><ele>111.0</ele></trkpt>
<trkpt lon="4.812073" lat="50.150648"><ele>110.25</ele></trkpt>
<trkpt lon="4.812033" lat="50.150699"><ele>110.0</ele></trkpt>
<trkpt lon="4.811970" lat="50.150758"><ele>109.5</ele></trkpt>
<trkpt lon="4.811890" lat="50.150823"><ele>108.5</ele></trkpt>
<trkpt lon="4.811140" lat="50.151251"><ele>109.75</ele></trkpt>
<trkpt lon="4.811030" lat="50.151338"><ele>111.0</ele></trkpt>
<trkpt lon="4.810982" lat="50.151409"><ele>111.5</ele></trkpt>
<trkpt lon="4.810964" lat="50.151454"><ele>111.75</ele></trkpt>
<trkpt lon="4.810959" lat="50.151567"><ele>112.0</ele></trkpt>
<trkpt lon="4.810972" lat="50.151647"><ele>112.25</ele></trkpt>
<trkpt lon="4.811140" lat="50.152445"><ele>114.75</ele></trkpt>
<trkpt lon="4.811170" lat="50.152725"><ele>115.75</ele></trkpt>
<trkpt lon="4.811184" lat="50.153161"><ele>115.75</ele></trkpt>
<trkpt lon="4.811184" lat="50.153270"><ele>115.75</ele></trkpt>
<trkpt lon="4.811174" lat="50.153326"><ele>115.75</ele></trkpt>
<trkpt lon="4.811159" lat="50.153369"><ele>115.75</ele></trkpt>
<trkpt lon="4.811130" lat="50.153412"><ele>116.0</ele></trkpt>
<trkpt lon="4.811293" lat="50.153502"><ele>115.75</ele></trkpt>
<trkpt lon="4.811349" lat="50.153834"><ele>116.0</ele></trkpt>
<trkpt lon="4.811373" lat="50.154119"><ele>116.0</ele></trkpt>
<trkpt lon="4.811486" lat="50.154403"><ele>114.5</ele></trkpt>
<trkpt lon="4.811827" lat="50.154793"><ele>112.0</ele></trkpt>
<trkpt lon="4.811910" lat="50.154908"><ele>110.75</ele></trkpt>
<trkpt lon="4.812006" lat="50.155085"><ele>109.0</ele></trkpt>
<trkpt lon="4.812052" lat="50.155255"><ele>107.75</ele></trkpt>
<trkpt lon="4.812071" lat="50.155408"><ele>106.75</ele></trkpt>
<trkpt lon="4.812075" lat="50.155671"><ele>106.0</ele></trkpt>
<trkpt lon="4.812075" lat="50.155736"><ele>106.0</ele></trkpt>
<trkpt lon="4.812048" lat="50.155768"><ele>106.0</ele></trkpt>
<trkpt lon="4.811990" lat="50.155797"><ele>106.0</ele></trkpt>
<trkpt lon="4.811875" lat="50.155834"><ele>106.0</ele></trkpt>
<trkpt lon="4.811548" lat="50.155893"><ele>106.5</ele></trkpt>
<trkpt lon="4.811210" lat="50.155938"><ele>108.0</ele></trkpt>
<trkpt lon="4.810817" lat="50.156004"><ele>109.75</ele></trkpt>
<trkpt lon="4.810463" lat="50.156118"><ele>112.25</ele></trkpt>
<trkpt lon="4.810419" lat="50.156142"><ele>112.75</ele></trkpt>
<trkpt lon="4.810402" lat="50.156182"><ele>113.5</ele></trkpt>
<trkpt lon="4.810431" lat="50.156219"><ele>114.0</ele></trkpt>
<trkpt lon="4.810492" lat="50.156275"><ele>115.0</ele></trkpt>
<trkpt lon="4.810598" lat="50.156383"><ele>116.5</ele></trkpt>
<trkpt lon="4.810610" lat="50.156422"><ele>117.0</ele></trkpt>
<trkpt lon="4.810564" lat="50.156474"><ele>117.5</ele></trkpt>
<trkpt lon="4.810352" lat="50.156558"><ele>118.0</ele></trkpt>
<trkpt lon="4.810253" lat="50.156464"><ele>117.5</ele></trkpt>
<trkpt lon="4.810220" lat="50.156482"><ele>117.5</ele></trkpt>
<trkpt lon="4.809513" lat="50.156864"><ele>121.75</ele></trkpt>
<trkpt lon="4.809404" lat="50.156954"><ele>123.0</ele></trkpt>
<trkpt lon="4.809482" lat="50.157023"><ele>123.75</ele></trkpt>
<trkpt lon="4.809671" lat="50.157278"><ele>126.0</ele></trkpt>
<trkpt lon="4.809755" lat="50.157767"><ele>128.75</ele></trkpt>
<trkpt lon="4.809909" lat="50.158505"><ele>132.25</ele></trkpt>
<trkpt lon="4.809778" lat="50.158709"><ele>133.25</ele></trkpt>
<trkpt lon="4.809324" lat="50.159033"><ele>134.5</ele></trkpt>
<trkpt lon="4.808903" lat="50.159315"><ele>135.75</ele></trkpt>
<trkpt lon="4.808824" lat="50.159303"><ele>136.0</ele></trkpt>
<trkpt lon="4.808748" lat="50.159320"><ele>136.0</ele></trkpt>
<trkpt lon="4.808715" lat="50.159362"><ele>136.0</ele></trkpt>
<trkpt lon="4.808722" lat="50.159405"><ele>136.0</ele></trkpt>
<trkpt lon="4.808741" lat="50.159424"><ele>136.0</ele></trkpt>
<trkpt lon="4.808804" lat="50.159504"><ele>136.0</ele></trkpt>
<trkpt lon="4.808960" lat="50.159596"><ele>135.75</ele></trkpt>
<trkpt lon="4.809130" lat="50.159669"><ele>135.25</ele></trkpt>
<trkpt lon="4.809316" lat="50.159728"><ele>135.0</ele></trkpt>
<trkpt lon="4.809501" lat="50.159800"><ele>135.0</ele></trkpt>
<trkpt lon="4.809566" lat="50.159892"><ele>135.0</ele></trkpt>
<trkpt lon="4.808184" lat="50.159842"><ele>137.5</ele></trkpt>
<trkpt lon="4.806644" lat="50.159866"><ele>140.25</ele></trkpt>
<trkpt lon="4.801901" lat="50.159904"><ele>139.25</ele></trkpt>
<trkpt lon="4.801578" lat="50.159869"><ele>137.25</ele></trkpt>
<trkpt lon="4.800346" lat="50.159733"><ele>137.25</ele></trkpt>
<trkpt lon="4.798679" lat="50.159283"><ele>135.0</ele></trkpt>
<trkpt lon="4.797385" lat="50.158758"><ele>132.0</ele></trkpt>
<trkpt lon="4.794739" lat="50.157405"><ele>140.0</ele></trkpt>
<trkpt lon="4.785893" lat="50.152781"><ele>147.5</ele></trkpt>
<trkpt lon="4.780719" lat="50.150091"><ele>153.5</ele></trkpt>
<trkpt lon="4.780510" lat="50.149978"><ele>154.0</ele></trkpt>
<trkpt lon="4.780413" lat="50.149927"><ele>154.25</ele></trkpt>
<trkpt lon="4.777979" lat="50.148607"><ele>154.25</ele></trkpt>
<trkpt lon="4.774720" lat="50.147023"><ele>156.0</ele></trkpt>
<trkpt lon="4.772961" lat="50.146465"><ele>158.5</ele></trkpt>
<trkpt lon="4.772313" lat="50.146260"><ele>158.5</ele></trkpt>
<trkpt lon="4.770545" lat="50.145980"><ele>163.5</ele></trkpt>
<trkpt lon="4.769910" lat="50.145929"><ele>164.75</ele></trkpt>
<trkpt lon="4.769917" lat="50.146018"><ele>165.5</ele></trkpt>
<trkpt lon="4.769484" lat="50.145994"><ele>166.0</ele></trkpt>
<trkpt lon="4.769139" lat="50.145991"><ele>166.25</ele></trkpt>
<trkpt lon="4.768668" lat="50.146005"><ele>167.75</ele></trkpt>
<trkpt lon="4.768032" lat="50.145998"><ele>168.75</ele></trkpt>
<trkpt lon="4.767458" lat="50.146002"><ele>169.5</ele></trkpt>
<trkpt lon="4.766566" lat="50.146067"><ele>173.0</ele></trkpt>
<trkpt lon="4.766158" lat="50.146055"><ele>173.0</ele></trkpt>
<trkpt lon="4.764821" lat="50.146087"><ele>174.5</ele></trkpt>
<trkpt lon="4.764466" lat="50.146129"><ele>174.0</ele></trkpt>
<trkpt lon="4.764460" lat="50.146112"><ele>174.0</ele></trkpt>
<trkpt lon="4.764535" lat="50.146033"><ele>172.5</ele></trkpt>
<trkpt lon="4.764532" lat="50.145952"><ele>171.0</ele></trkpt>
<trkpt lon="4.764513" lat="50.145799"><ele>169.25</ele></trkpt>
<trkpt lon="4.764510" lat="50.145714"><ele>171.0</ele></trkpt>
<trkpt lon="4.764496" lat="50.145383"><ele>170.25</ele></trkpt>
<trkpt lon="4.764492" lat="50.145287"><ele>168.0</ele></trkpt>
<trkpt lon="4.764489" lat="50.145210"><ele>169.25</ele></trkpt>
<trkpt lon="4.764542" lat="50.144968"><ele>174.25</ele></trkpt>
<trkpt lon="4.764907" lat="50.144137"><ele>174.5</ele></trkpt>
<trkpt lon="4.765395" lat="50.143748"><ele>175.5</ele></trkpt>
<trkpt lon="4.765561" lat="50.143473"><ele>176.25</ele></trkpt>
<trkpt lon="4.764778" lat="50.142514"><ele>182.5</ele></trkpt>
<trkpt lon="4.764703" lat="50.142366"><ele>183.0</ele></trkpt>
<trkpt lon="4.764783" lat="50.141111"><ele>183.5</ele></trkpt>
<trkpt lon="4.765009" lat="50.140582"><ele>186.0</ele></trkpt>
<trkpt lon="4.765502" lat="50.139856"><ele>184.75</ele></trkpt>
<trkpt lon="4.766076" lat="50.139358"><ele>184.75</ele></trkpt>
<trkpt lon="4.766227" lat="50.139281"><ele>185.25</ele></trkpt>
<trkpt lon="4.766922" lat="50.138926"><ele>188.5</ele></trkpt>
<trkpt lon="4.766462" lat="50.138678"><ele>188.75</ele></trkpt>
<trkpt lon="4.765653" lat="50.138437"><ele>187.25</ele></trkpt>
<trkpt lon="4.765290" lat="50.138410"><ele>186.75</ele></trkpt>
<trkpt lon="4.764951" lat="50.138444"><ele>186.25</ele></trkpt>
<trkpt lon="4.764561" lat="50.138536"><ele>185.25</ele></trkpt>
<trkpt lon="4.763456" lat="50.138826"><ele>182.0</ele></trkpt>
<trkpt lon="4.763130" lat="50.138897"><ele>181.0</ele></trkpt>
<trkpt lon="4.762494" lat="50.138913"><ele>179.75</ele></trkpt>
<trkpt lon="4.761269" lat="50.138714"><ele>179.25</ele></trkpt>
<trkpt lon="4.757635" lat="50.138276"><ele>180.5</ele></trkpt>
<trkpt lon="4.756903" lat="50.138199"><ele>180.75</ele></trkpt>
<trkpt lon="4.756601" lat="50.138158"><ele>180.75</ele></trkpt>
<trkpt lon="4.754025" lat="50.138199"><ele>181.25</ele></trkpt>
<trkpt lon="4.753361" lat="50.138185"><ele>182.0</ele></trkpt>
<trkpt lon="4.753055" lat="50.138179"><ele>182.0</ele></trkpt>
<trkpt lon="4.752091" lat="50.138103"><ele>181.5</ele></trkpt>
<trkpt lon="4.752471" lat="50.137918"><ele>181.0</ele></trkpt>
<trkpt lon="4.752621" lat="50.137845"><ele>181.0</ele></trkpt>
<trkpt lon="4.752780" lat="50.137726"><ele>181.25</ele></trkpt>
<trkpt lon="4.752987" lat="50.137456"><ele>180.25</ele></trkpt>
<trkpt lon="4.753342" lat="50.137309"><ele>180.75</ele></trkpt>
<trkpt lon="4.753667" lat="50.136966"><ele>181.75</ele></trkpt>
<trkpt lon="4.754085" lat="50.135661"><ele>203.5</ele></trkpt>
<trkpt lon="4.753880" lat="50.135245"><ele>211.0</ele></trkpt>
<trkpt lon="4.754041" lat="50.135212"><ele>211.5</ele></trkpt>
<trkpt lon="4.754454" lat="50.135031"><ele>212.0</ele></trkpt>
<trkpt lon="4.754620" lat="50.134878"><ele>212.25</ele></trkpt>
<trkpt lon="4.754794" lat="50.134504"><ele>213.75</ele></trkpt>
<trkpt lon="4.754600" lat="50.134359"><ele>214.25</ele></trkpt>
<trkpt lon="4.753145" lat="50.132867"><ele>218.75</ele></trkpt>
<trkpt lon="4.752865" lat="50.132602"><ele>219.25</ele></trkpt>
<trkpt lon="4.752258" lat="50.132328"><ele>219.5</ele></trkpt>
<trkpt lon="4.750740" lat="50.132203"><ele>221.75</ele></trkpt>
<trkpt lon="4.750335" lat="50.132238"><ele>222.5</ele></trkpt>
<trkpt lon="4.749985" lat="50.132243"><ele>222.75</ele></trkpt>
<trkpt lon="4.748273" lat="50.132049"><ele>224.0</ele></trkpt>
<trkpt lon="4.747549" lat="50.131934"><ele>223.75</ele></trkpt>
<trkpt lon="4.746576" lat="50.131824"><ele>221.75</ele></trkpt>
<trkpt lon="4.745572" lat="50.131894"><ele>219.75</ele></trkpt>
<trkpt lon="4.745323" lat="50.131959"><ele>219.0</ele></trkpt>
<trkpt lon="4.745370" lat="50.131650"><ele>219.0</ele></trkpt>
<trkpt lon="4.745346" lat="50.131345"><ele>219.0</ele></trkpt>
<trkpt lon="4.745206" lat="50.130911"><ele>219.0</ele></trkpt>
<trkpt lon="4.745206" lat="50.130767"><ele>219.0</ele></trkpt>
<trkpt lon="4.745230" lat="50.130632"><ele>219.0</ele></trkpt>
<trkpt lon="4.745588" lat="50.130088"><ele>219.0</ele></trkpt>
<trkpt lon="4.745994" lat="50.129600"><ele>216.5</ele></trkpt>
<trkpt lon="4.746023" lat="50.129564"><ele>216.5</ele></trkpt>
<trkpt lon="4.746295" lat="50.129331"><ele>215.75</ele></trkpt>
<trkpt lon="4.746545" lat="50.129115"><ele>215.0</ele></trkpt>
<trkpt lon="4.746792" lat="50.128742"><ele>212.75</ele></trkpt>
<trkpt lon="4.746992" lat="50.128365"><ele>209.5</ele></trkpt>
<trkpt lon="4.747040" lat="50.128200"><ele>207.5</ele></trkpt>
<trkpt lon="4.745590" lat="50.128000"><ele>199.25</ele></trkpt>
<trkpt lon="4.744957" lat="50.127457"><ele>190.75</ele></trkpt>
<trkpt lon="4.743969" lat="50.127154"><ele>183.5</ele></trkpt>
<trkpt lon="4.742371" lat="50.127216"><ele>172.5</ele></trkpt>
<trkpt lon="4.741807" lat="50.127310"><ele>173.25</ele></trkpt>
<trkpt lon="4.741395" lat="50.127327"><ele>171.75</ele></trkpt>
<trkpt lon="4.741054" lat="50.127294"><ele>168.5</ele></trkpt>
<trkpt lon="4.740000" lat="50.127010"><ele>162.5</ele></trkpt>
<trkpt lon="4.739410" lat="50.126769"><ele>158.75</ele></trkpt>
<trkpt lon="4.739109" lat="50.126067"><ele>153.0</ele></trkpt>
<trkpt lon="4.738970" lat="50.125854"><ele>153.75</ele></trkpt>
<trkpt lon="4.738166" lat="50.125556"><ele>151.75</ele></trkpt>
<trkpt lon="4.737782" lat="50.125206"><ele>154.5</ele></trkpt>
<trkpt lon="4.737622" lat="50.125181"><ele>151.75</ele></trkpt>
<trkpt lon="4.737540" lat="50.124246"><ele>152.5</ele></trkpt>
<trkpt lon="4.737424" lat="50.123402"><ele>151.5</ele></trkpt>
<trkpt lon="4.737393" lat="50.122699"><ele>150.75</ele></trkpt>
<trkpt lon="4.737299" lat="50.122292"><ele>150.0</ele></trkpt>
<trkpt lon="4.737094" lat="50.121883"><ele>148.0</ele></trkpt>
<trkpt lon="4.737177" lat="50.121584"><ele>148.75</ele></trkpt>
<trkpt lon="4.737005" lat="50.120256"><ele>147.25</ele></trkpt>
<trkpt lon="4.736738" lat="50.119977"><ele>146.25</ele></trkpt>
<trkpt lon="4.736229" lat="50.119557"><ele>147.0</ele></trkpt>
<trkpt lon="4.735839" lat="50.119322"><ele>148.75</ele></trkpt>
<trkpt lon="4.735585" lat="50.119282"><ele>146.75</ele></trkpt>
<trkpt lon="4.735008" lat="50.118730"><ele>147.5</ele></trkpt>
<trkpt lon="4.734769" lat="50.118430"><ele>148.0</ele></trkpt>
<trkpt lon="4.734501" lat="50.118167"><ele>146.0</ele></trkpt>
<trkpt lon="4.734421" lat="50.117934"><ele>146.0</ele></trkpt>
<trkpt lon="4.734409" lat="50.117807"><ele>146.25</ele></trkpt>
<trkpt lon="4.734320" lat="50.117741"><ele>145.0</ele></trkpt>
<trkpt lon="4.734411" lat="50.117674"><ele>146.5</ele></trkpt>
<trkpt lon="4.734241" lat="50.117522"><ele>144.0</ele></trkpt>
<trkpt lon="4.734161" lat="50.117583"><ele>143.0</ele></trkpt>
<trkpt lon="4.734087" lat="50.117617"><ele>143.0</ele></trkpt>
<trkpt lon="4.733873" lat="50.117643"><ele>143.0</ele></trkpt>
<trkpt lon="4.733622" lat="50.117636"><ele>143.25</ele></trkpt>
<trkpt lon="4.733232" lat="50.117569"><ele>145.75</ele></trkpt>
<trkpt lon="4.733407" lat="50.117005"><ele>144.25</ele></trkpt>
<trkpt lon="4.733569" lat="50.116610"><ele>144.25</ele></trkpt>
<trkpt lon="4.733557" lat="50.116095"><ele>144.25</ele></trkpt>
<trkpt lon="4.732569" lat="50.115883"><ele>147.25</ele></trkpt>
<trkpt lon="4.732028" lat="50.115812"><ele>147.0</ele></trkpt>
<trkpt lon="4.731109" lat="50.115788"><ele>148.75</ele></trkpt>
<trkpt lon="4.730013" lat="50.115591"><ele>151.75</ele></trkpt>
<trkpt lon="4.728376" lat="50.115264"><ele>154.75</ele></trkpt>
<trkpt lon="4.727482" lat="50.114963"><ele>157.25</ele></trkpt>
<trkpt lon="4.727007" lat="50.114774"><ele>158.75</ele></trkpt>
<trkpt lon="4.726233" lat="50.114456"><ele>160.75</ele></trkpt>
<trkpt lon="4.725760" lat="50.114241"><ele>162.75</ele></trkpt>
<trkpt lon="4.725306" lat="50.113983"><ele>163.75</ele></trkpt>
<trkpt lon="4.725194" lat="50.113941"><ele>164.0</ele></trkpt>
<trkpt lon="4.725038" lat="50.113922"><ele>164.5</ele></trkpt>
<trkpt lon="4.724712" lat="50.113724"><ele>166.25</ele></trkpt>
<trkpt lon="4.724141" lat="50.113442"><ele>167.0</ele></trkpt>
<trkpt lon="4.723941" lat="50.113293"><ele>166.75</ele></trkpt>
<trkpt lon="4.723680" lat="50.113159"><ele>168.25</ele></trkpt>
<trkpt lon="4.723233" lat="50.112976"><ele>169.25</ele></trkpt>
<trkpt lon="4.722856" lat="50.112788"><ele>169.75</ele></trkpt>
<trkpt lon="4.722577" lat="50.112644"><ele>171.25</ele></trkpt>
<trkpt lon="4.722321" lat="50.112469"><ele>171.0</ele></trkpt>
<trkpt lon="4.721996" lat="50.112361"><ele>173.0</ele></trkpt>
<trkpt lon="4.721667" lat="50.112225"><ele>172.0</ele></trkpt>
<trkpt lon="4.721424" lat="50.112141"><ele>173.75</ele></trkpt>
<trkpt lon="4.721115" lat="50.112115"><ele>175.5</ele></trkpt>
<trkpt lon="4.720452" lat="50.112018"><ele>177.25</ele></trkpt>
<trkpt lon="4.719989" lat="50.111964"><ele>177.25</ele></trkpt>
<trkpt lon="4.719873" lat="50.112130"><ele>180.0</ele></trkpt>
<trkpt lon="4.718993" lat="50.113355"><ele>194.25</ele></trkpt>
<trkpt lon="4.717780" lat="50.113988"><ele>203.5</ele></trkpt>
<trkpt lon="4.716622" lat="50.113747"><ele>207.5</ele></trkpt>
<trkpt lon="4.716418" lat="50.113857"><ele>207.75</ele></trkpt>
<trkpt lon="4.713897" lat="50.116457"><ele>224.25</ele></trkpt>
<trkpt lon="4.714459" lat="50.116805"><ele>223.75</ele></trkpt>
<trkpt lon="4.715334" lat="50.117375"><ele>222.25</ele></trkpt>
<trkpt lon="4.718827" lat="50.119561"><ele>218.5</ele></trkpt>
<trkpt lon="4.716746" lat="50.120941"><ele>230.25</ele></trkpt>
<trkpt lon="4.716461" lat="50.121136"><ele>239.0</ele></trkpt>
<trkpt lon="4.716461" lat="50.121136"><ele>231.75</ele></trkpt>
<trkpt lon="4.716746" lat="50.120941"><ele>230.25</ele></trkpt>
<trkpt lon="4.718827" lat="50.119561"><ele>218.5</ele></trkpt>
<trkpt lon="4.715334" lat="50.117375"><ele>222.25</ele></trkpt>
<trkpt lon="4.714459" lat="50.116805"><ele>223.75</ele></trkpt>
<trkpt lon="4.713897" lat="50.116457"><ele>224.25</ele></trkpt>
<trkpt lon="4.713596" lat="50.116270"><ele>224.5</ele></trkpt>
<trkpt lon="4.713483" lat="50.116170"><ele>224.5</ele></trkpt>
<trkpt lon="4.712439" lat="50.115054"><ele>221.75</ele></trkpt>
<trkpt lon="4.711030" lat="50.115274"><ele>228.25</ele></trkpt>
<trkpt lon="4.710672" lat="50.115294"><ele>229.5</ele></trkpt>
<trkpt lon="4.709948" lat="50.115269"><ele>231.0</ele></trkpt>
<trkpt lon="4.709159" lat="50.115340"><ele>233.0</ele></trkpt>
<trkpt lon="4.708294" lat="50.115482"><ele>234.5</ele></trkpt>
<trkpt lon="4.707944" lat="50.115522"><ele>234.75</ele></trkpt>
<trkpt lon="4.707762" lat="50.115594"><ele>235.25</ele></trkpt>
<trkpt lon="4.707590" lat="50.115703"><ele>236.25</ele></trkpt>
<trkpt lon="4.707194" lat="50.116005"><ele>237.5</ele></trkpt>
<trkpt lon="4.707070" lat="50.116124"><ele>238.0</ele></trkpt>
<trkpt lon="4.706994" lat="50.116218"><ele>238.25</ele></trkpt>
<trkpt lon="4.706728" lat="50.116480"><ele>238.5</ele></trkpt>
<trkpt lon="4.706364" lat="50.116725"><ele>238.0</ele></trkpt>
<trkpt lon="4.705985" lat="50.116839"><ele>237.0</ele></trkpt>
<trkpt lon="4.705002" lat="50.117105"><ele>234.25</ele></trkpt>
<trkpt lon="4.704207" lat="50.117351"><ele>234.25</ele></trkpt>
<trkpt lon="4.703601" lat="50.117461"><ele>235.75</ele></trkpt>
<trkpt lon="4.703284" lat="50.117128"><ele>233.25</ele></trkpt>
<trkpt lon="4.702642" lat="50.116627"><ele>231.25</ele></trkpt>
<trkpt lon="4.702362" lat="50.116836"><ele>233.0</ele></trkpt>
<trkpt lon="4.702188" lat="50.116800"><ele>233.0</ele></trkpt>
<trkpt lon="4.701787" lat="50.116661"><ele>232.5</ele></trkpt>
<trkpt lon="4.701386" lat="50.116509"><ele>233.25</ele></trkpt>
<trkpt lon="4.701227" lat="50.116441"><ele>233.0</ele></trkpt>
<trkpt lon="4.701052" lat="50.116554"><ele>234.5</ele></trkpt>
<trkpt lon="4.699321" lat="50.115875"><ele>239.5</ele></trkpt>
<trkpt lon="4.697872" lat="50.115322"><ele>242.75</ele></trkpt>
<trkpt lon="4.696831" lat="50.114990"><ele>245.25</ele></trkpt>
<trkpt lon="4.696216" lat="50.114699"><ele>246.5</ele></trkpt>
<trkpt lon="4.695652" lat="50.114260"><ele>247.75</ele></trkpt>
<trkpt lon="4.694749" lat="50.113486"><ele>250.25</ele></trkpt>
<trkpt lon="4.693691" lat="50.112435"><ele>252.0</ele></trkpt>
<trkpt lon="4.693006" lat="50.111631"><ele>253.75</ele></trkpt>
<trkpt lon="4.692575" lat="50.110771"><ele>255.0</ele></trkpt>
<trkpt lon="4.692437" lat="50.110569"><ele>255.75</ele></trkpt>
<trkpt lon="4.692150" lat="50.110211"><ele>256.0</ele></trkpt>
<trkpt lon="4.691782" lat="50.109938"><ele>256.0</ele></trkpt>
<trkpt lon="4.690936" lat="50.109477"><ele>254.25</ele></trkpt>
<trkpt lon="4.690580" lat="50.109292"><ele>253.25</ele></trkpt>
<trkpt lon="4.690050" lat="50.108953"><ele>250.5</ele></trkpt>
<trkpt lon="4.689797" lat="50.108772"><ele>249.0</ele></trkpt>
<trkpt lon="4.689636" lat="50.108555"><ele>247.25</ele></trkpt>
<trkpt lon="4.688946" lat="50.108031"><ele>242.0</ele></trkpt>
<trkpt lon="4.688794" lat="50.107841"><ele>240.0</ele></trkpt>
<trkpt lon="4.688722" lat="50.107736"><ele>239.0</ele></trkpt>
<trkpt lon="4.688331" lat="50.107334"><ele>235.75</ele></trkpt>
<trkpt lon="4.688171" lat="50.107076"><ele>234.75</ele></trkpt>
<trkpt lon="4.688049" lat="50.106814"><ele>233.5</ele></trkpt>
<trkpt lon="4.688014" lat="50.106677"><ele>233.0</ele></trkpt>
<trkpt lon="4.687882" lat="50.106266"><ele>232.0</ele></trkpt>
<trkpt lon="4.687712" lat="50.105872"><ele>231.25</ele></trkpt>
<trkpt lon="4.687522" lat="50.105477"><ele>230.25</ele></trkpt>
<trkpt lon="4.687489" lat="50.105371"><ele>229.5</ele></trkpt>
<trkpt lon="4.687397" lat="50.105323"><ele>229.5</ele></trkpt>
<trkpt lon="4.684179" lat="50.104398"><ele>237.75</ele></trkpt>
<trkpt lon="4.683914" lat="50.104221"><ele>238.0</ele></trkpt>
<trkpt lon="4.683857" lat="50.104059"><ele>237.25</ele></trkpt>
<trkpt lon="4.683845" lat="50.103918"><ele>236.25</ele></trkpt>
<trkpt lon="4.684277" lat="50.103258"><ele>233.5</ele></trkpt>
<trkpt lon="4.684932" lat="50.102303"><ele>231.0</ele></trkpt>
<trkpt lon="4.685064" lat="50.102037"><ele>230.0</ele></trkpt>
<trkpt lon="4.685013" lat="50.101639"><ele>228.75</ele></trkpt>
<trkpt lon="4.684765" lat="50.101351"><ele>228.5</ele></trkpt>
<trkpt lon="4.684455" lat="50.100945"><ele>226.75</ele></trkpt>
<trkpt lon="4.684570" lat="50.100672"><ele>225.5</ele></trkpt>
<trkpt lon="4.684903" lat="50.100071"><ele>222.75</ele></trkpt>
<trkpt lon="4.684888" lat="50.099957"><ele>221.75</ele></trkpt>
<trkpt lon="4.684875" lat="50.099853"><ele>220.25</ele></trkpt>
<trkpt lon="4.684754" lat="50.099739"><ele>219.0</ele></trkpt>
<trkpt lon="4.682649" lat="50.098581"><ele>200.75</ele></trkpt>
<trkpt lon="4.681976" lat="50.098311"><ele>196.25</ele></trkpt>
<trkpt lon="4.681670" lat="50.097898"><ele>191.5</ele></trkpt>
<trkpt lon="4.681461" lat="50.097672"><ele>189.0</ele></trkpt>
<trkpt lon="4.680692" lat="50.097156"><ele>183.25</ele></trkpt>
<trkpt lon="4.679585" lat="50.096455"><ele>174.0</ele></trkpt>
<trkpt lon="4.679350" lat="50.096208"><ele>170.75</ele></trkpt>
<trkpt lon="4.679208" lat="50.096152"><ele>169.75</ele></trkpt>
<trkpt lon="4.678819" lat="50.096138"><ele>169.25</ele></trkpt>
<trkpt lon="4.678000" lat="50.096020"><ele>166.25</ele></trkpt>
<trkpt lon="4.677241" lat="50.095891"><ele>162.5</ele></trkpt>
<trkpt lon="4.676546" lat="50.095660"><ele>158.75</ele></trkpt>
<trkpt lon="4.675308" lat="50.095277"><ele>150.75</ele></trkpt>
<trkpt lon="4.674876" lat="50.095226"><ele>150.25</ele></trkpt>
<trkpt lon="4.674710" lat="50.095164"><ele>149.25</ele></trkpt>
<trkpt lon="4.674255" lat="50.094955"><ele>146.75</ele></trkpt>
<trkpt lon="4.673988" lat="50.094849"><ele>145.0</ele></trkpt>
<trkpt lon="4.673647" lat="50.094731"><ele>142.0</ele></trkpt>
<trkpt lon="4.673146" lat="50.094607"><ele>140.75</ele></trkpt>
<trkpt lon="4.672999" lat="50.094554"><ele>140.5</ele></trkpt>
<trkpt lon="4.672853" lat="50.094530"><ele>140.75</ele></trkpt>
<trkpt lon="4.672763" lat="50.094406"><ele>139.5</ele></trkpt>
<trkpt lon="4.672636" lat="50.094294"><ele>139.0</ele></trkpt>
<trkpt lon="4.672011" lat="50.094223"><ele>141.0</ele></trkpt>
<trkpt lon="4.671685" lat="50.094210"><ele>141.0</ele></trkpt>
<trkpt lon="4.671304" lat="50.094209"><ele>141.5</ele></trkpt>
<trkpt lon="4.670872" lat="50.094254"><ele>143.75</ele></trkpt>
<trkpt lon="4.669746" lat="50.094356"><ele>145.75</ele></trkpt>
<trkpt lon="4.669391" lat="50.094372"><ele>145.5</ele></trkpt>
<trkpt lon="4.667977" lat="50.094176"><ele>139.5</ele></trkpt>
<trkpt lon="4.667637" lat="50.094126"><ele>140.25</ele></trkpt>
<trkpt lon="4.667550" lat="50.094088"><ele>140.5</ele></trkpt>
<trkpt lon="4.667581" lat="50.094040"><ele>140.25</ele></trkpt>
<trkpt lon="4.667663" lat="50.093825"><ele>139.5</ele></trkpt>
<trkpt lon="4.667700" lat="50.093756"><ele>139.5</ele></trkpt>
<trkpt lon="4.667779" lat="50.093646"><ele>139.75</ele></trkpt>
<trkpt lon="4.667900" lat="50.093549"><ele>141.0</ele></trkpt>
<trkpt lon="4.668056" lat="50.093441"><ele>142.25</ele></trkpt>
<trkpt lon="4.668401" lat="50.093246"><ele>143.0</ele></trkpt>
<trkpt lon="4.668487" lat="50.093189"><ele>143.5</ele></trkpt>
<trkpt lon="4.668537" lat="50.093127"><ele>143.75</ele></trkpt>
<trkpt lon="4.668579" lat="50.093056"><ele>144.0</ele></trkpt>
<trkpt lon="4.668598" lat="50.092978"><ele>144.0</ele></trkpt>
<trkpt lon="4.669140" lat="50.092826"><ele>142.25</ele></trkpt>
<trkpt lon="4.669258" lat="50.092807"><ele>141.75</ele></trkpt>
<trkpt lon="4.669242" lat="50.092750"><ele>141.5</ele></trkpt>
<trkpt lon="4.669047" lat="50.092674"><ele>141.5</ele></trkpt>
<trkpt lon="4.668938" lat="50.092650"><ele>141.5</ele></trkpt>
<trkpt lon="4.668886" lat="50.092501"><ele>140.0</ele></trkpt>
<trkpt lon="4.668872" lat="50.092305"><ele>138.0</ele></trkpt>
<trkpt lon="4.668854" lat="50.092209"><ele>137.0</ele></trkpt>
<trkpt lon="4.668676" lat="50.092052"><ele>136.0</ele></trkpt>
<trkpt lon="4.668506" lat="50.092010"><ele>136.5</ele></trkpt>
<trkpt lon="4.668181" lat="50.091883"><ele>137.25</ele></trkpt>
<trkpt lon="4.667706" lat="50.091623"><ele>136.75</ele></trkpt>
<trkpt lon="4.666961" lat="50.091628"><ele>139.75</ele></trkpt>
<trkpt lon="4.665980" lat="50.091658"><ele>144.25</ele></trkpt>
<trkpt lon="4.665827" lat="50.091670"><ele>145.0</ele></trkpt>
<trkpt lon="4.663565" lat="50.092144"><ele>155.75</ele></trkpt>
<trkpt lon="4.662234" lat="50.089898"><ele>152.5</ele></trkpt>
<trkpt lon="4.661867" lat="50.089379"><ele>153.25</ele></trkpt>
<trkpt lon="4.660842" lat="50.088394"><ele>157.5</ele></trkpt>
<trkpt lon="4.660021" lat="50.087815"><ele>157.25</ele></trkpt>
<trkpt lon="4.658975" lat="50.087395"><ele>158.0</ele></trkpt>
<trkpt lon="4.658422" lat="50.087220"><ele>159.0</ele></trkpt>
<trkpt lon="4.657736" lat="50.087033"><ele>160.0</ele></trkpt>
<trkpt lon="4.657205" lat="50.086947"><ele>161.0</ele></trkpt>
<trkpt lon="4.656765" lat="50.086837"><ele>160.25</ele></trkpt>
<trkpt lon="4.655794" lat="50.086713"><ele>161.25</ele></trkpt>
<trkpt lon="4.654742" lat="50.086479"><ele>161.75</ele></trkpt>
<trkpt lon="4.651982" lat="50.085755"><ele>159.0</ele></trkpt>
<trkpt lon="4.651466" lat="50.085642"><ele>157.75</ele></trkpt>
<trkpt lon="4.650738" lat="50.085557"><ele>157.0</ele></trkpt>
<trkpt lon="4.649377" lat="50.085439"><ele>156.0</ele></trkpt>
<trkpt lon="4.648965" lat="50.085381"><ele>155.5</ele></trkpt>
<trkpt lon="4.647285" lat="50.084967"><ele>151.75</ele></trkpt>
<trkpt lon="4.646959" lat="50.084898"><ele>153.0</ele></trkpt>
<trkpt lon="4.646562" lat="50.084789"><ele>155.25</ele></trkpt>
<trkpt lon="4.645732" lat="50.084421"><ele>157.0</ele></trkpt>
<trkpt lon="4.645314" lat="50.084202"><ele>158.0</ele></trkpt>
<trkpt lon="4.644884" lat="50.083951"><ele>160.0</ele></trkpt>
<trkpt lon="4.644291" lat="50.083695"><ele>162.75</ele></trkpt>
<trkpt lon="4.643483" lat="50.083382"><ele>168.25</ele></trkpt>
<trkpt lon="4.643339" lat="50.083289"><ele>169.5</ele></trkpt>
<trkpt lon="4.642975" lat="50.083081"><ele>172.0</ele></trkpt>
<trkpt lon="4.642395" lat="50.082779"><ele>175.25</ele></trkpt>
<trkpt lon="4.642061" lat="50.082628"><ele>174.75</ele></trkpt>
<trkpt lon="4.641293" lat="50.082333"><ele>173.75</ele></trkpt>
<trkpt lon="4.641172" lat="50.082286"><ele>172.5</ele></trkpt>
<trkpt lon="4.640344" lat="50.082070"><ele>170.0</ele></trkpt>
<trkpt lon="4.639123" lat="50.081768"><ele>167.75</ele></trkpt>
<trkpt lon="4.638295" lat="50.081533"><ele>166.75</ele></trkpt>
<trkpt lon="4.638091" lat="50.081484"><ele>166.75</ele></trkpt>
<trkpt lon="4.637749" lat="50.081432"><ele>167.5</ele></trkpt>
<trkpt lon="4.637433" lat="50.081395"><ele>166.0</ele></trkpt>
<trkpt lon="4.637313" lat="50.081393"><ele>166.0</ele></trkpt>
<trkpt lon="4.637149" lat="50.081401"><ele>166.0</ele></trkpt>
<trkpt lon="4.636970" lat="50.081380"><ele>164.75</ele></trkpt>
<trkpt lon="4.636659" lat="50.081328"><ele>164.0</ele></trkpt>
<trkpt lon="4.636506" lat="50.081317"><ele>163.0</ele></trkpt>
<trkpt lon="4.636387" lat="50.081319"><ele>162.5</ele></trkpt>
<trkpt lon="4.636265" lat="50.081331"><ele>161.75</ele></trkpt>
<trkpt lon="4.636119" lat="50.081364"><ele>161.25</ele></trkpt>
<trkpt lon="4.635807" lat="50.081464"><ele>160.75</ele></trkpt>
<trkpt lon="4.635545" lat="50.081526"><ele>161.25</ele></trkpt>
<trkpt lon="4.635295" lat="50.081545"><ele>161.5</ele></trkpt>
<trkpt lon="4.635205" lat="50.081543"><ele>161.5</ele></trkpt>
<trkpt lon="4.634988" lat="50.081482"><ele>160.25</ele></trkpt>
<trkpt lon="4.635044" lat="50.081263"><ele>157.25</ele></trkpt>
<trkpt lon="4.634924" lat="50.081194"><ele>157.25</ele></trkpt>
<trkpt lon="4.634790" lat="50.081143"><ele>157.75</ele></trkpt>
<trkpt lon="4.634653" lat="50.081102"><ele>158.0</ele></trkpt>
<trkpt lon="4.634490" lat="50.080927"><ele>158.25</ele></trkpt>
<trkpt lon="4.634416" lat="50.080866"><ele>158.0</ele></trkpt>
<trkpt lon="4.634288" lat="50.080802"><ele>158.25</ele></trkpt>
<trkpt lon="4.634069" lat="50.080721"><ele>159.0</ele></trkpt>
<trkpt lon="4.633869" lat="50.080656"><ele>159.0</ele></trkpt>
<trkpt lon="4.633548" lat="50.080550"><ele>155.5</ele></trkpt>
<trkpt lon="4.632862" lat="50.080365"><ele>148.75</ele></trkpt>
<trkpt lon="4.632735" lat="50.080361"><ele>147.25</ele></trkpt>
<trkpt lon="4.632573" lat="50.080372"><ele>146.0</ele></trkpt>
<trkpt lon="4.632472" lat="50.080389"><ele>145.5</ele></trkpt>
<trkpt lon="4.632258" lat="50.080405"><ele>144.0</ele></trkpt>
<trkpt lon="4.632148" lat="50.080403"><ele>144.0</ele></trkpt>
<trkpt lon="4.632086" lat="50.080389"><ele>144.25</ele></trkpt>
<trkpt lon="4.631991" lat="50.080365"><ele>144.5</ele></trkpt>
<trkpt lon="4.631859" lat="50.080310"><ele>145.5</ele></trkpt>
<trkpt lon="4.631697" lat="50.080360"><ele>146.25</ele></trkpt>
<trkpt lon="4.631500" lat="50.080443"><ele>147.75</ele></trkpt>
<trkpt lon="4.631316" lat="50.080413"><ele>151.0</ele></trkpt>
<trkpt lon="4.631342" lat="50.080338"><ele>153.0</ele></trkpt>
<trkpt lon="4.630905" lat="50.080294"><ele>161.25</ele></trkpt>
<trkpt lon="4.630558" lat="50.080216"><ele>163.75</ele></trkpt>
<trkpt lon="4.630330" lat="50.080216"><ele>164.25</ele></trkpt>
<trkpt lon="4.630159" lat="50.080175"><ele>164.0</ele></trkpt>
<trkpt lon="4.629867" lat="50.080176"><ele>164.25</ele></trkpt>
<trkpt lon="4.629549" lat="50.080095"><ele>167.0</ele></trkpt>
<trkpt lon="4.629121" lat="50.080006"><ele>173.25</ele></trkpt>
<trkpt lon="4.628495" lat="50.080035"><ele>178.5</ele></trkpt>
<trkpt lon="4.626880" lat="50.080705"><ele>195.75</ele></trkpt>
<trkpt lon="4.626727" lat="50.080644"><ele>196.25</ele></trkpt>
<trkpt lon="4.626658" lat="50.080439"><ele>196.5</ele></trkpt>
<trkpt lon="4.626535" lat="50.080340"><ele>196.5</ele></trkpt>
<trkpt lon="4.626467" lat="50.080352"><ele>196.75</ele></trkpt>
<trkpt lon="4.626419" lat="50.080367"><ele>196.75</ele></trkpt>
<trkpt lon="4.626314" lat="50.080410"><ele>197.75</ele></trkpt>
<trkpt lon="4.626179" lat="50.080467"><ele>200.25</ele></trkpt>
<trkpt lon="4.625767" lat="50.080348"><ele>203.25</ele></trkpt>
<trkpt lon="4.625568" lat="50.080330"><ele>204.5</ele></trkpt>
<trkpt lon="4.625638" lat="50.080505"><ele>206.25</ele></trkpt>
<trkpt lon="4.625623" lat="50.080665"><ele>207.75</ele></trkpt>
<trkpt lon="4.625532" lat="50.080718"><ele>208.5</ele></trkpt>
<trkpt lon="4.625264" lat="50.080732"><ele>210.0</ele></trkpt>
<trkpt lon="4.625185" lat="50.080715"><ele>210.0</ele></trkpt>
<trkpt lon="4.623788" lat="50.080362"><ele>214.75</ele></trkpt>
<trkpt lon="4.622822" lat="50.080285"><ele>216.75</ele></trkpt>
<trkpt lon="4.621933" lat="50.080117"><ele>218.25</ele></trkpt>
<trkpt lon="4.621665" lat="50.080159"><ele>217.0</ele></trkpt>
<trkpt lon="4.621065" lat="50.080111"><ele>216.25</ele></trkpt>
<trkpt lon="4.620814" lat="50.080027"><ele>216.5</ele></trkpt>
<trkpt lon="4.620780" lat="50.079988"><ele>217.0</ele></trkpt>
<trkpt lon="4.620781" lat="50.079952"><ele>217.5</ele></trkpt>
<trkpt lon="4.620807" lat="50.079862"><ele>218.25</ele></trkpt>
<trkpt lon="4.620878" lat="50.079699"><ele>219.75</ele></trkpt>
<trkpt lon="4.620757" lat="50.079556"><ele>218.5</ele></trkpt>
<trkpt lon="4.619855" lat="50.079361"><ele>220.5</ele></trkpt>
<trkpt lon="4.619554" lat="50.079334"><ele>220.5</ele></trkpt>
<trkpt lon="4.618641" lat="50.079135"><ele>221.25</ele></trkpt>
<trkpt lon="4.618498" lat="50.079089"><ele>222.25</ele></trkpt>
<trkpt lon="4.618498" lat="50.079089"><ele>221.25</ele></trkpt>
<trkpt lon="4.617812" lat="50.078870"><ele>222.25</ele></trkpt>
<trkpt lon="4.617358" lat="50.078860"><ele>221.0</ele></trkpt>
<trkpt lon="4.616396" lat="50.078635"><ele>223.5</ele></trkpt>
<trkpt lon="4.615842" lat="50.078431"><ele>223.5</ele></trkpt>
<trkpt lon="4.614744" lat="50.078212"><ele>222.25</ele></trkpt>
<trkpt lon="4.614397" lat="50.078240"><ele>219.25</ele></trkpt>
<trkpt lon="4.613537" lat="50.078195"><ele>217.25</ele></trkpt>
<trkpt lon="4.613161" lat="50.078212"><ele>213.5</ele></trkpt>
<trkpt lon="4.613102" lat="50.078217"><ele>213.0</ele></trkpt>
<trkpt lon="4.613049" lat="50.078229"><ele>212.5</ele></trkpt>
<trkpt lon="4.612566" lat="50.078216"><ele>205.75</ele></trkpt>
<trkpt lon="4.612501" lat="50.078220"><ele>204.75</ele></trkpt>
<trkpt lon="4.612387" lat="50.078243"><ele>204.75</ele></trkpt>
<trkpt lon="4.612325" lat="50.078246"><ele>204.75</ele></trkpt>
<trkpt lon="4.612185" lat="50.078234"><ele>203.75</ele></trkpt>
<trkpt lon="4.612006" lat="50.078232"><ele>202.0</ele></trkpt>
<trkpt lon="4.611520" lat="50.078283"><ele>199.0</ele></trkpt>
<trkpt lon="4.610981" lat="50.078226"><ele>194.75</ele></trkpt>
<trkpt lon="4.610493" lat="50.078178"><ele>193.5</ele></trkpt>
<trkpt lon="4.610070" lat="50.078125"><ele>194.5</ele></trkpt>
<trkpt lon="4.610032" lat="50.078118"><ele>195.0</ele></trkpt>
<trkpt lon="4.609917" lat="50.078076"><ele>195.25</ele></trkpt>
<trkpt lon="4.609524" lat="50.078008"><ele>193.0</ele></trkpt>
<trkpt lon="4.609449" lat="50.077985"><ele>191.75</ele></trkpt>
<trkpt lon="4.609200" lat="50.077936"><ele>191.5</ele></trkpt>
<trkpt lon="4.609057" lat="50.077883"><ele>191.25</ele></trkpt>
<trkpt lon="4.608903" lat="50.077807"><ele>191.75</ele></trkpt>
<trkpt lon="4.608763" lat="50.077771"><ele>191.75</ele></trkpt>
<trkpt lon="4.608690" lat="50.077740"><ele>190.75</ele></trkpt>
<trkpt lon="4.608401" lat="50.077661"><ele>189.0</ele></trkpt>
<trkpt lon="4.608278" lat="50.077639"><ele>188.5</ele></trkpt>
<trkpt lon="4.608245" lat="50.077640"><ele>188.0</ele></trkpt>
<trkpt lon="4.608183" lat="50.077657"><ele>187.5</ele></trkpt>
<trkpt lon="4.608112" lat="50.077668"><ele>186.75</ele></trkpt>
<trkpt lon="4.608077" lat="50.077692"><ele>186.0</ele></trkpt>
<trkpt lon="4.608075" lat="50.077778"><ele>185.25</ele></trkpt>
<trkpt lon="4.608045" lat="50.077830"><ele>186.0</ele></trkpt>
<trkpt lon="4.607570" lat="50.077695"><ele>180.75</ele></trkpt>
<trkpt lon="4.606893" lat="50.077322"><ele>168.75</ele></trkpt>
<trkpt lon="4.606771" lat="50.076993"><ele>161.0</ele></trkpt>
<trkpt lon="4.606739" lat="50.076758"><ele>155.25</ele></trkpt>
<trkpt lon="4.606736" lat="50.076466"><ele>149.5</ele></trkpt>
<trkpt lon="4.606609" lat="50.076180"><ele>144.75</ele></trkpt>
<trkpt lon="4.606569" lat="50.076125"><ele>144.25</ele></trkpt>
<trkpt lon="4.606497" lat="50.076024"><ele>143.5</ele></trkpt>
<trkpt lon="4.606472" lat="50.075947"><ele>142.75</ele></trkpt>
<trkpt lon="4.606482" lat="50.075952"><ele>142.75</ele></trkpt>
<trkpt lon="4.606551" lat="50.075917"><ele>141.75</ele></trkpt>
<trkpt lon="4.606436" lat="50.075818"><ele>141.5</ele></trkpt>
<trkpt lon="4.606286" lat="50.075743"><ele>141.5</ele></trkpt>
<trkpt lon="4.606223" lat="50.075685"><ele>141.5</ele></trkpt>
<trkpt lon="4.606180" lat="50.075571"><ele>140.75</ele></trkpt>
<trkpt lon="4.606168" lat="50.075452"><ele>140.0</ele></trkpt>
<trkpt lon="4.606103" lat="50.075361"><ele>139.5</ele></trkpt>
<trkpt lon="4.606070" lat="50.075458"><ele>140.25</ele></trkpt>
<trkpt lon="4.606054" lat="50.075508"><ele>140.75</ele></trkpt>
<trkpt lon="4.605949" lat="50.075661"><ele>142.5</ele></trkpt>
<trkpt lon="4.605814" lat="50.075723"><ele>144.0</ele></trkpt>
<trkpt lon="4.605536" lat="50.075715"><ele>146.75</ele></trkpt>
<trkpt lon="4.605297" lat="50.075613"><ele>146.25</ele></trkpt>
<trkpt lon="4.605120" lat="50.075672"><ele>152.25</ele></trkpt>
<trkpt lon="4.604945" lat="50.075644"><ele>154.25</ele></trkpt>
<trkpt lon="4.604703" lat="50.075650"><ele>159.5</ele></trkpt>
<trkpt lon="4.604541" lat="50.075673"><ele>162.75</ele></trkpt>
<trkpt lon="4.604378" lat="50.075683"><ele>165.0</ele></trkpt>
<trkpt lon="4.604317" lat="50.075722"><ele>167.0</ele></trkpt>
<trkpt lon="4.604323" lat="50.075770"><ele>168.75</ele></trkpt>
<trkpt lon="4.604395" lat="50.075848"><ele>171.25</ele></trkpt>
<trkpt lon="4.604376" lat="50.076010"><ele>172.25</ele></trkpt>
<trkpt lon="4.604100" lat="50.076906"><ele>178.5</ele></trkpt>
<trkpt lon="4.604049" lat="50.077105"><ele>182.5</ele></trkpt>
<trkpt lon="4.603940" lat="50.077180"><ele>184.0</ele></trkpt>
<trkpt lon="4.603693" lat="50.077703"><ele>179.25</ele></trkpt>
<trkpt lon="4.603643" lat="50.077814"><ele>177.5</ele></trkpt>
<trkpt lon="4.603517" lat="50.078181"><ele>174.25</ele></trkpt>
<trkpt lon="4.603352" lat="50.078341"><ele>174.0</ele></trkpt>
<trkpt lon="4.602718" lat="50.078703"><ele>186.0</ele></trkpt>
<trkpt lon="4.602449" lat="50.078822"><ele>190.5</ele></trkpt>
<trkpt lon="4.602012" lat="50.078934"><ele>196.0</ele></trkpt>
<trkpt lon="4.601485" lat="50.078950"><ele>199.25</ele></trkpt>
<trkpt lon="4.601168" lat="50.079042"><ele>201.0</ele></trkpt>
<trkpt lon="4.600726" lat="50.078954"><ele>199.0</ele></trkpt>
<trkpt lon="4.600596" lat="50.078919"><ele>198.25</ele></trkpt>
<trkpt lon="4.600125" lat="50.078647"><ele>190.5</ele></trkpt>
<trkpt lon="4.599652" lat="50.078424"><ele>185.0</ele></trkpt>
<trkpt lon="4.599244" lat="50.078245"><ele>181.25</ele></trkpt>
<trkpt lon="4.598904" lat="50.078020"><ele>176.0</ele></trkpt>
<trkpt lon="4.598564" lat="50.077839"><ele>172.75</ele></trkpt>
<trkpt lon="4.598264" lat="50.077601"><ele>169.25</ele></trkpt>
<trkpt lon="4.597968" lat="50.077281"><ele>164.25</ele></trkpt>
<trkpt lon="4.597883" lat="50.077222"><ele>163.75</ele></trkpt>
<trkpt lon="4.597591" lat="50.076882"><ele>159.5</ele></trkpt>
<trkpt lon="4.597443" lat="50.076660"><ele>156.25</ele></trkpt>
<trkpt lon="4.597307" lat="50.076511"><ele>154.75</ele></trkpt>
<trkpt lon="4.597240" lat="50.076338"><ele>152.0</ele></trkpt>
<trkpt lon="4.597217" lat="50.076235"><ele>150.75</ele></trkpt>
<trkpt lon="4.597214" lat="50.076137"><ele>149.25</ele></trkpt>
<trkpt lon="4.597265" lat="50.075970"><ele>146.75</ele></trkpt>
<trkpt lon="4.596908" lat="50.075990"><ele>148.5</ele></trkpt>
<trkpt lon="4.595844" lat="50.075990"><ele>151.25</ele></trkpt>
<trkpt lon="4.594809" lat="50.076039"><ele>155.25</ele></trkpt>
<trkpt lon="4.594458" lat="50.076032"><ele>156.25</ele></trkpt>
<trkpt lon="4.593518" lat="50.075895"><ele>157.0</ele></trkpt>
<trkpt lon="4.593050" lat="50.075808"><ele>156.0</ele></trkpt>
<trkpt lon="4.592436" lat="50.075760"><ele>156.75</ele></trkpt>
<trkpt lon="4.591980" lat="50.075734"><ele>156.5</ele></trkpt>
<trkpt lon="4.591565" lat="50.075666"><ele>155.5</ele></trkpt>
<trkpt lon="4.590881" lat="50.075654"><ele>156.25</ele></trkpt>
<trkpt lon="4.590134" lat="50.075659"><ele>158.5</ele></trkpt>
<trkpt lon="4.589620" lat="50.075653"><ele>159.5</ele></trkpt>
<trkpt lon="4.589238" lat="50.075634"><ele>159.75</ele></trkpt>
<trkpt lon="4.588323" lat="50.075534"><ele>157.5</ele></trkpt>
<trkpt lon="4.587909" lat="50.075496"><ele>157.25</ele></trkpt>
<trkpt lon="4.587750" lat="50.075474"><ele>157.25</ele></trkpt>
<trkpt lon="4.587324" lat="50.075415"><ele>156.75</ele></trkpt>
<trkpt lon="4.587077" lat="50.075381"><ele>155.75</ele></trkpt>
<trkpt lon="4.586705" lat="50.075376"><ele>155.0</ele></trkpt>
<trkpt lon="4.586202" lat="50.075424"><ele>155.5</ele></trkpt>
<trkpt lon="4.585237" lat="50.075462"><ele>153.75</ele></trkpt>
<trkpt lon="4.584895" lat="50.075467"><ele>153.25</ele></trkpt>
<trkpt lon="4.584708" lat="50.075443"><ele>151.25</ele></trkpt>
<trkpt lon="4.584502" lat="50.075417"><ele>150.0</ele></trkpt>
<trkpt lon="4.584287" lat="50.075388"><ele>150.25</ele></trkpt>
<trkpt lon="4.584069" lat="50.075366"><ele>150.5</ele></trkpt>
<trkpt lon="4.583671" lat="50.075395"><ele>148.75</ele></trkpt>
<trkpt lon="4.583318" lat="50.075465"><ele>147.75</ele></trkpt>
<trkpt lon="4.583094" lat="50.075527"><ele>146.75</ele></trkpt>
<trkpt lon="4.582893" lat="50.075601"><ele>147.5</ele></trkpt>
<trkpt lon="4.582365" lat="50.075830"><ele>147.75</ele></trkpt>
<trkpt lon="4.582067" lat="50.076001"><ele>147.0</ele></trkpt>
<trkpt lon="4.581658" lat="50.076312"><ele>146.75</ele></trkpt>
<trkpt lon="4.581516" lat="50.076402"><ele>146.5</ele></trkpt>
<trkpt lon="4.581389" lat="50.076454"><ele>146.0</ele></trkpt>
<trkpt lon="4.581203" lat="50.076424"><ele>143.75</ele></trkpt>
<trkpt lon="4.581076" lat="50.076483"><ele>143.0</ele></trkpt>
<trkpt lon="4.579726" lat="50.077233"><ele>143.75</ele></trkpt>
<trkpt lon="4.579404" lat="50.077457"><ele>143.5</ele></trkpt>
<trkpt lon="4.579203" lat="50.077553"><ele>144.0</ele></trkpt>
<trkpt lon="4.579093" lat="50.077481"><ele>143.75</ele></trkpt>
<trkpt lon="4.578828" lat="50.077632"><ele>143.25</ele></trkpt>
<trkpt lon="4.578753" lat="50.077678"><ele>145.0</ele></trkpt>
<trkpt lon="4.578740" lat="50.077660"><ele>145.0</ele></trkpt>
<trkpt lon="4.578589" lat="50.077568"><ele>146.75</ele></trkpt>
<trkpt lon="4.578502" lat="50.077551"><ele>149.75</ele></trkpt>
<trkpt lon="4.578378" lat="50.077507"><ele>154.0</ele></trkpt>
<trkpt lon="4.578345" lat="50.077682"><ele>155.5</ele></trkpt>
<trkpt lon="4.578288" lat="50.077706"><ele>157.5</ele></trkpt>
<trkpt lon="4.578245" lat="50.077752"><ele>159.0</ele></trkpt>
<trkpt lon="4.578130" lat="50.077806"><ele>162.25</ele></trkpt>
<trkpt lon="4.577875" lat="50.077828"><ele>165.5</ele></trkpt>
<trkpt lon="4.577603" lat="50.077830"><ele>168.75</ele></trkpt>
<trkpt lon="4.577156" lat="50.077769"><ele>172.75</ele></trkpt>
<trkpt lon="4.576733" lat="50.077682"><ele>177.5</ele></trkpt>
<trkpt lon="4.575398" lat="50.077262"><ele>189.0</ele></trkpt>
<trkpt lon="4.575193" lat="50.077192"><ele>190.0</ele></trkpt>
<trkpt lon="4.574397" lat="50.076987"><ele>196.5</ele></trkpt>
<trkpt lon="4.572286" lat="50.076317"><ele>208.5</ele></trkpt>
<trkpt lon="4.571696" lat="50.076335"><ele>212.25</ele></trkpt>
<trkpt lon="4.571289" lat="50.076374"><ele>213.25</ele></trkpt>
<trkpt lon="4.570980" lat="50.076673"><ele>213.75</ele></trkpt>
<trkpt lon="4.570350" lat="50.076818"><ele>214.0</ele></trkpt>
<trkpt lon="4.570035" lat="50.076860"><ele>214.25</ele></trkpt>
<trkpt lon="4.569391" lat="50.076778"><ele>215.0</ele></trkpt>
<trkpt lon="4.568675" lat="50.076580"><ele>215.75</ele></trkpt>
<trkpt lon="4.567994" lat="50.076268"><ele>217.0</ele></trkpt>
<trkpt lon="4.566812" lat="50.075958"><ele>218.0</ele></trkpt>
<trkpt lon="4.566023" lat="50.075849"><ele>219.25</ele></trkpt>
<trkpt lon="4.565515" lat="50.075945"><ele>220.0</ele></trkpt>
<trkpt lon="4.564631" lat="50.077170"><ele>221.25</ele></trkpt>
<trkpt lon="4.564493" lat="50.077248"><ele>221.5</ele></trkpt>
<trkpt lon="4.564404" lat="50.077266"><ele>221.5</ele></trkpt>
<trkpt lon="4.564283" lat="50.077259"><ele>221.5</ele></trkpt>
<trkpt lon="4.564206" lat="50.077242"><ele>221.75</ele></trkpt>
<trkpt lon="4.564161" lat="50.077232"><ele>221.75</ele></trkpt>
<trkpt lon="4.564002" lat="50.077215"><ele>222.0</ele></trkpt>
<trkpt lon="4.563447" lat="50.077224"><ele>221.75</ele></trkpt>
<trkpt lon="4.562984" lat="50.077147"><ele>222.5</ele></trkpt>
<trkpt lon="4.562680" lat="50.077065"><ele>223.0</ele></trkpt>
<trkpt lon="4.562272" lat="50.076984"><ele>223.0</ele></trkpt>
<trkpt lon="4.561606" lat="50.076888"><ele>222.25</ele></trkpt>
<trkpt lon="4.561442" lat="50.076824"><ele>222.75</ele></trkpt>
<trkpt lon="4.561215" lat="50.076718"><ele>223.0</ele></trkpt>
<trkpt lon="4.560724" lat="50.076568"><ele>223.25</ele></trkpt>
<trkpt lon="4.560426" lat="50.076503"><ele>223.5</ele></trkpt>
<trkpt lon="4.559598" lat="50.076300"><ele>223.25</ele></trkpt>
<trkpt lon="4.558659" lat="50.076101"><ele>223.0</ele></trkpt>
<trkpt lon="4.558045" lat="50.075937"><ele>222.25</ele></trkpt>
<trkpt lon="4.557720" lat="50.075888"><ele>221.5</ele></trkpt>
<trkpt lon="4.557570" lat="50.075847"><ele>221.75</ele></trkpt>
<trkpt lon="4.556504" lat="50.075482"><ele>223.75</ele></trkpt>
<trkpt lon="4.555823" lat="50.075311"><ele>221.5</ele></trkpt>
<trkpt lon="4.555594" lat="50.075253"><ele>223.0</ele></trkpt>
<trkpt lon="4.555221" lat="50.075158"><ele>223.5</ele></trkpt>
<trkpt lon="4.553987" lat="50.074884"><ele>220.75</ele></trkpt>
<trkpt lon="4.553690" lat="50.074864"><ele>219.25</ele></trkpt>
<trkpt lon="4.553265" lat="50.074835"><ele>213.75</ele></trkpt>
<trkpt lon="4.553152" lat="50.074895"><ele>211.5</ele></trkpt>
<trkpt lon="4.553045" lat="50.074938"><ele>209.75</ele></trkpt>
<trkpt lon="4.552994" lat="50.074934"><ele>208.5</ele></trkpt>
<trkpt lon="4.552757" lat="50.074798"><ele>205.0</ele></trkpt>
<trkpt lon="4.552124" lat="50.074612"><ele>193.25</ele></trkpt>
<trkpt lon="4.550943" lat="50.074497"><ele>176.75</ele></trkpt>
<trkpt lon="4.550598" lat="50.074408"><ele>173.0</ele></trkpt>
<trkpt lon="4.550349" lat="50.074232"><ele>171.0</ele></trkpt>
<trkpt lon="4.550132" lat="50.074339"><ele>165.0</ele></trkpt>
<trkpt lon="4.550073" lat="50.074387"><ele>162.75</ele></trkpt>
<trkpt lon="4.549884" lat="50.074240"><ele>161.5</ele></trkpt>
<trkpt lon="4.549330" lat="50.074461"><ele>158.0</ele></trkpt>
<trkpt lon="4.549243" lat="50.074466"><ele>157.75</ele></trkpt>
<trkpt lon="4.549125" lat="50.074473"><ele>158.0</ele></trkpt>
<trkpt lon="4.549154" lat="50.074216"><ele>158.0</ele></trkpt>
<trkpt lon="4.549258" lat="50.073865"><ele>158.0</ele></trkpt>
<trkpt lon="4.549057" lat="50.073830"><ele>158.0</ele></trkpt>
<trkpt lon="4.548773" lat="50.073808"><ele>158.0</ele></trkpt>
<trkpt lon="4.548637" lat="50.073814"><ele>158.0</ele></trkpt>
<trkpt lon="4.548475" lat="50.073800"><ele>158.0</ele></trkpt>
<trkpt lon="4.548543" lat="50.073512"><ele>158.0</ele></trkpt>
<trkpt lon="4.548383" lat="50.073478"><ele>158.0</ele></trkpt>
<trkpt lon="4.548675" lat="50.072825"><ele>158.0</ele></trkpt>
<trkpt lon="4.548817" lat="50.072494"><ele>158.25</ele></trkpt>
<trkpt lon="4.549013" lat="50.071844"><ele>157.75</ele></trkpt>
<trkpt lon="4.549087" lat="50.071479"><ele>157.5</ele></trkpt>
<trkpt lon="4.548985" lat="50.071040"><ele>158.25</ele></trkpt>
<trkpt lon="4.548798" lat="50.070617"><ele>159.75</ele></trkpt>
<trkpt lon="4.548793" lat="50.070514"><ele>159.75</ele></trkpt>
<trkpt lon="4.548866" lat="50.070450"><ele>159.5</ele></trkpt>
<trkpt lon="4.548532" lat="50.070401"><ele>159.75</ele></trkpt>
<trkpt lon="4.548397" lat="50.070372"><ele>160.25</ele></trkpt>
<trkpt lon="4.548258" lat="50.070310"><ele>160.75</ele></trkpt>
<trkpt lon="4.548158" lat="50.070225"><ele>161.0</ele></trkpt>
<trkpt lon="4.547986" lat="50.069985"><ele>161.5</ele></trkpt>
<trkpt lon="4.547862" lat="50.069784"><ele>162.0</ele></trkpt>
<trkpt lon="4.547812" lat="50.069647"><ele>162.0</ele></trkpt>
<trkpt lon="4.547740" lat="50.069513"><ele>162.0</ele></trkpt>
<trkpt lon="4.547378" lat="50.069099"><ele>162.75</ele></trkpt>
<trkpt lon="4.546742" lat="50.068099"><ele>162.0</ele></trkpt>
<trkpt lon="4.546562" lat="50.067733"><ele>162.0</ele></trkpt>
<trkpt lon="4.546121" lat="50.067122"><ele>162.75</ele></trkpt>
<trkpt lon="4.545747" lat="50.066801"><ele>163.25</ele></trkpt>
<trkpt lon="4.545061" lat="50.066211"><ele>163.5</ele></trkpt>
<trkpt lon="4.544467" lat="50.065794"><ele>163.5</ele></trkpt>
<trkpt lon="4.543830" lat="50.065487"><ele>165.25</ele></trkpt>
<trkpt lon="4.542488" lat="50.064989"><ele>167.0</ele></trkpt>
<trkpt lon="4.540895" lat="50.064547"><ele>167.0</ele></trkpt>
<trkpt lon="4.538458" lat="50.064221"><ele>168.0</ele></trkpt>
<trkpt lon="4.536460" lat="50.063907"><ele>169.0</ele></trkpt>
<trkpt lon="4.535340" lat="50.063629"><ele>170.25</ele></trkpt>
<trkpt lon="4.534397" lat="50.063562"><ele>173.25</ele></trkpt>
<trkpt lon="4.534053" lat="50.063348"><ele>166.25</ele></trkpt>
<trkpt lon="4.534076" lat="50.063105"><ele>164.0</ele></trkpt>
<trkpt lon="4.533874" lat="50.062893"><ele>164.25</ele></trkpt>
<trkpt lon="4.533289" lat="50.062442"><ele>165.75</ele></trkpt>
<trkpt lon="4.532908" lat="50.062192"><ele>165.75</ele></trkpt>
<trkpt lon="4.532522" lat="50.061980"><ele>166.0</ele></trkpt>
<trkpt lon="4.532238" lat="50.061838"><ele>166.0</ele></trkpt>
<trkpt lon="4.531548" lat="50.061495"><ele>166.0</ele></trkpt>
<trkpt lon="4.531007" lat="50.061108"><ele>165.75</ele></trkpt>
<trkpt lon="4.530649" lat="50.060786"><ele>166.0</ele></trkpt>
<trkpt lon="4.530239" lat="50.060378"><ele>167.0</ele></trkpt>
<trkpt lon="4.530385" lat="50.060363"><ele>166.25</ele></trkpt>
<trkpt lon="4.530405" lat="50.060361"><ele>166.25</ele></trkpt>
<trkpt lon="4.530757" lat="50.060320"><ele>166.25</ele></trkpt>
<trkpt lon="4.530809" lat="50.060293"><ele>166.75</ele></trkpt>
<trkpt lon="4.530726" lat="50.059851"><ele>166.0</ele></trkpt>
<trkpt lon="4.530696" lat="50.059451"><ele>166.0</ele></trkpt>
<trkpt lon="4.531327" lat="50.059508"><ele>167.5</ele></trkpt>
<trkpt lon="4.531466" lat="50.059296"><ele>168.0</ele></trkpt>
<trkpt lon="4.531822" lat="50.058624"><ele>168.0</ele></trkpt>
<trkpt lon="4.531724" lat="50.058570"><ele>168.0</ele></trkpt>
<trkpt lon="4.531964" lat="50.058442"><ele>168.0</ele></trkpt>
<trkpt lon="4.532507" lat="50.057965"><ele>169.25</ele></trkpt>
<trkpt lon="4.532593" lat="50.057824"><ele>169.75</ele></trkpt>
<trkpt lon="4.532684" lat="50.057655"><ele>170.25</ele></trkpt>
<trkpt lon="4.532697" lat="50.057625"><ele>170.5</ele></trkpt>
<trkpt lon="4.532635" lat="50.057535"><ele>170.75</ele></trkpt>
<trkpt lon="4.532528" lat="50.057440"><ele>171.5</ele></trkpt>
<trkpt lon="4.532353" lat="50.057361"><ele>172.75</ele></trkpt>
<trkpt lon="4.532274" lat="50.057332"><ele>173.25</ele></trkpt>
<trkpt lon="4.532184" lat="50.057304"><ele>173.5</ele></trkpt>
<trkpt lon="4.532101" lat="50.057296"><ele>173.5</ele></trkpt>
<trkpt lon="4.531668" lat="50.057218"><ele>172.0</ele></trkpt>
<trkpt lon="4.531289" lat="50.057107"><ele>172.25</ele></trkpt>
<trkpt lon="4.531072" lat="50.057033"><ele>171.75</ele></trkpt>
<trkpt lon="4.530702" lat="50.056919"><ele>171.75</ele></trkpt>
<trkpt lon="4.530610" lat="50.056873"><ele>171.5</ele></trkpt>
<trkpt lon="4.530631" lat="50.056824"><ele>173.0</ele></trkpt>
<trkpt lon="4.530673" lat="50.056786"><ele>174.75</ele></trkpt>
<trkpt lon="4.530712" lat="50.056729"><ele>177.0</ele></trkpt>
<trkpt lon="4.530689" lat="50.056673"><ele>178.0</ele></trkpt>
<trkpt lon="4.530362" lat="50.056544"><ele>179.25</ele></trkpt>
<trkpt lon="4.528715" lat="50.056077"><ele>175.5</ele></trkpt>
<trkpt lon="4.528163" lat="50.055857"><ele>176.75</ele></trkpt>
<trkpt lon="4.527820" lat="50.055696"><ele>178.25</ele></trkpt>
<trkpt lon="4.527635" lat="50.055556"><ele>180.75</ele></trkpt>
<trkpt lon="4.527189" lat="50.055282"><ele>184.5</ele></trkpt>
<trkpt lon="4.526439" lat="50.055010"><ele>186.5</ele></trkpt>
<trkpt lon="4.526067" lat="50.054890"><ele>189.0</ele></trkpt>
<trkpt lon="4.525632" lat="50.054819"><ele>188.75</ele></trkpt>
<trkpt lon="4.524820" lat="50.054739"><ele>189.5</ele></trkpt>
<trkpt lon="4.524727" lat="50.054696"><ele>190.75</ele></trkpt>
<trkpt lon="4.524712" lat="50.054583"><ele>194.25</ele></trkpt>
<trkpt lon="4.524839" lat="50.054274"><ele>202.75</ele></trkpt>
<trkpt lon="4.524959" lat="50.054111"><ele>206.5</ele></trkpt>
<trkpt lon="4.524266" lat="50.053891"><ele>204.5</ele></trkpt>
<trkpt lon="4.523950" lat="50.053781"><ele>204.75</ele></trkpt>
<trkpt lon="4.523697" lat="50.053728"><ele>205.25</ele></trkpt>
<trkpt lon="4.523351" lat="50.053733"><ele>205.5</ele></trkpt>
<trkpt lon="4.522881" lat="50.053836"><ele>204.25</ele></trkpt>
<trkpt lon="4.522581" lat="50.053875"><ele>202.5</ele></trkpt>
<trkpt lon="4.522272" lat="50.053961"><ele>199.75</ele></trkpt>
<trkpt lon="4.522076" lat="50.054101"><ele>197.0</ele></trkpt>
<trkpt lon="4.521771" lat="50.053995"><ele>197.0</ele></trkpt>
<trkpt lon="4.521123" lat="50.053743"><ele>198.0</ele></trkpt>
<trkpt lon="4.520782" lat="50.053626"><ele>197.25</ele></trkpt>
<trkpt lon="4.520267" lat="50.053411"><ele>197.0</ele></trkpt>
<trkpt lon="4.519250" lat="50.052970"><ele>196.0</ele></trkpt>
<trkpt lon="4.518960" lat="50.052815"><ele>196.0</ele></trkpt>
<trkpt lon="4.518769" lat="50.052693"><ele>195.75</ele></trkpt>
<trkpt lon="4.518608" lat="50.052561"><ele>195.5</ele></trkpt>
<trkpt lon="4.518189" lat="50.052105"><ele>195.0</ele></trkpt>
<trkpt lon="4.518042" lat="50.052000"><ele>194.75</ele></trkpt>
<trkpt lon="4.517881" lat="50.051907"><ele>195.0</ele></trkpt>
<trkpt lon="4.517700" lat="50.051844"><ele>195.5</ele></trkpt>
<trkpt lon="4.517556" lat="50.051830"><ele>195.25</ele></trkpt>
<trkpt lon="4.517364" lat="50.051836"><ele>196.0</ele></trkpt>
<trkpt lon="4.517131" lat="50.051834"><ele>197.25</ele></trkpt>
<trkpt lon="4.516989" lat="50.051822"><ele>198.0</ele></trkpt>
<trkpt lon="4.516891" lat="50.051792"><ele>198.5</ele></trkpt>
<trkpt lon="4.516492" lat="50.051593"><ele>200.75</ele></trkpt>
<trkpt lon="4.516106" lat="50.051383"><ele>203.0</ele></trkpt>
<trkpt lon="4.515448" lat="50.050813"><ele>209.75</ele></trkpt>
<trkpt lon="4.515302" lat="50.050735"><ele>211.0</ele></trkpt>
<trkpt lon="4.514657" lat="50.050543"><ele>212.0</ele></trkpt>
<trkpt lon="4.513674" lat="50.050168"><ele>211.75</ele></trkpt>
<trkpt lon="4.513526" lat="50.050125"><ele>212.5</ele></trkpt>
<trkpt lon="4.513046" lat="50.050082"><ele>215.25</ele></trkpt>
<trkpt lon="4.512720" lat="50.050035"><ele>215.5</ele></trkpt>
<trkpt lon="4.512163" lat="50.049911"><ele>217.0</ele></trkpt>
<trkpt lon="4.512145" lat="50.049813"><ele>217.0</ele></trkpt>
<trkpt lon="4.512221" lat="50.049435"><ele>218.0</ele></trkpt>
<trkpt lon="4.512249" lat="50.049314"><ele>217.75</ele></trkpt>
<trkpt lon="4.512501" lat="50.048434"><ele>219.5</ele></trkpt>
<trkpt lon="4.512512" lat="50.048232"><ele>221.0</ele></trkpt>
<trkpt lon="4.512555" lat="50.047811"><ele>224.75</ele></trkpt>
<trkpt lon="4.512578" lat="50.047317"><ele>229.75</ele></trkpt>
<trkpt lon="4.512592" lat="50.046746"><ele>235.5</ele></trkpt>
<trkpt lon="4.512609" lat="50.046652"><ele>236.75</ele></trkpt>
<trkpt lon="4.512658" lat="50.046544"><ele>237.75</ele></trkpt>
<trkpt lon="4.512730" lat="50.046460"><ele>238.25</ele></trkpt>
<trkpt lon="4.512565" lat="50.046410"><ele>239.5</ele></trkpt>
<trkpt lon="4.512537" lat="50.046301"><ele>240.25</ele></trkpt>
<trkpt lon="4.512377" lat="50.046316"><ele>240.5</ele></trkpt>
<trkpt lon="4.511943" lat="50.046343"><ele>240.25</ele></trkpt>
<trkpt lon="4.511675" lat="50.046362"><ele>240.0</ele></trkpt>
<trkpt lon="4.511443" lat="50.046381"><ele>239.25</ele></trkpt>
<trkpt lon="4.510921" lat="50.046481"><ele>237.5</ele></trkpt>
<trkpt lon="4.510280" lat="50.046653"><ele>235.0</ele></trkpt>
<trkpt lon="4.509985" lat="50.046711"><ele>234.75</ele></trkpt>
<trkpt lon="4.509733" lat="50.046737"><ele>234.5</ele></trkpt>
<trkpt lon="4.509418" lat="50.046720"><ele>234.5</ele></trkpt>
<trkpt lon="4.508868" lat="50.046600"><ele>232.0</ele></trkpt>
<trkpt lon="4.508673" lat="50.046573"><ele>231.5</ele></trkpt>
<trkpt lon="4.508519" lat="50.046574"><ele>231.0</ele></trkpt>
<trkpt lon="4.507953" lat="50.046659"><ele>229.5</ele></trkpt>
<trkpt lon="4.507375" lat="50.047025"><ele>228.0</ele></trkpt>
<trkpt lon="4.506950" lat="50.047190"><ele>227.75</ele></trkpt>
<trkpt lon="4.505166" lat="50.047598"><ele>224.75</ele></trkpt>
<trkpt lon="4.504870" lat="50.047769"><ele>223.5</ele></trkpt>
<trkpt lon="4.504800" lat="50.047835"><ele>223.0</ele></trkpt>
<trkpt lon="4.504294" lat="50.048166"><ele>221.25</ele></trkpt>
<trkpt lon="4.503111" lat="50.049020"><ele>216.5</ele></trkpt>
<trkpt lon="4.502835" lat="50.049180"><ele>215.75</ele></trkpt>
<trkpt lon="4.502491" lat="50.049383"><ele>214.75</ele></trkpt>
<trkpt lon="4.502226" lat="50.049670"><ele>216.5</ele></trkpt>
<trkpt lon="4.502098" lat="50.049924"><ele>218.0</ele></trkpt>
<trkpt lon="4.501851" lat="50.050112"><ele>219.0</ele></trkpt>
<trkpt lon="4.501832" lat="50.050127"><ele>219.0</ele></trkpt>
<trkpt lon="4.501535" lat="50.050313"><ele>218.5</ele></trkpt>
<trkpt lon="4.501362" lat="50.050384"><ele>218.0</ele></trkpt>
<trkpt lon="4.500937" lat="50.050510"><ele>215.75</ele></trkpt>
<trkpt lon="4.500657" lat="50.050553"><ele>214.25</ele></trkpt>
<trkpt lon="4.500350" lat="50.050599"><ele>213.5</ele></trkpt>
<trkpt lon="4.499950" lat="50.050660"><ele>212.25</ele></trkpt>
<trkpt lon="4.499456" lat="50.050752"><ele>210.0</ele></trkpt>
<trkpt lon="4.499362" lat="50.050870"><ele>209.75</ele></trkpt>
<trkpt lon="4.499270" lat="50.051299"><ele>206.0</ele></trkpt>
<trkpt lon="4.499316" lat="50.051390"><ele>205.5</ele></trkpt>
<trkpt lon="4.499151" lat="50.051471"><ele>204.75</ele></trkpt>
<trkpt lon="4.498412" lat="50.051593"><ele>202.0</ele></trkpt>
<trkpt lon="4.497802" lat="50.051715"><ele>198.5</ele></trkpt>
<trkpt lon="4.497558" lat="50.051758"><ele>197.0</ele></trkpt>
<trkpt lon="4.497196" lat="50.051730"><ele>195.25</ele></trkpt>
<trkpt lon="4.497063" lat="50.051724"><ele>194.75</ele></trkpt>
<trkpt lon="4.496893" lat="50.051689"><ele>192.75</ele></trkpt>
<trkpt lon="4.496849" lat="50.051625"><ele>191.5</ele></trkpt>
<trkpt lon="4.496580" lat="50.051472"><ele>187.75</ele></trkpt>
<trkpt lon="4.496492" lat="50.051403"><ele>188.0</ele></trkpt>
<trkpt lon="4.496415" lat="50.051365"><ele>185.5</ele></trkpt>
<trkpt lon="4.496254" lat="50.051576"><ele>185.5</ele></trkpt>
<trkpt lon="4.496141" lat="50.051534"><ele>184.5</ele></trkpt>
<trkpt lon="4.495981" lat="50.051451"><ele>184.5</ele></trkpt>
<trkpt lon="4.495771" lat="50.051334"><ele>186.0</ele></trkpt>
<trkpt lon="4.495641" lat="50.051413"><ele>185.75</ele></trkpt>
<trkpt lon="4.495841" lat="50.051555"><ele>184.0</ele></trkpt>
<trkpt lon="4.495580" lat="50.051781"><ele>184.0</ele></trkpt>
<trkpt lon="4.495504" lat="50.051809"><ele>184.0</ele></trkpt>
<trkpt lon="4.495148" lat="50.051975"><ele>184.75</ele></trkpt>
<trkpt lon="4.494721" lat="50.052193"><ele>185.0</ele></trkpt>
<trkpt lon="4.494538" lat="50.052287"><ele>185.0</ele></trkpt>
<trkpt lon="4.494269" lat="50.052423"><ele>185.0</ele></trkpt>
<trkpt lon="4.494322" lat="50.052452"><ele>185.0</ele></trkpt>
<trkpt lon="4.494210" lat="50.052537"><ele>185.0</ele></trkpt>
<trkpt lon="4.494046" lat="50.052485"><ele>185.0</ele></trkpt>
<trkpt lon="4.493925" lat="50.052564"><ele>185.0</ele></trkpt>
<trkpt lon="4.493582" lat="50.052837"><ele>185.0</ele></trkpt>
<trkpt lon="4.493412" lat="50.052757"><ele>185.5</ele></trkpt>
<trkpt lon="4.493230" lat="50.052926"><ele>186.0</ele></trkpt>
<trkpt lon="4.493164" lat="50.053030"><ele>186.0</ele></trkpt>
<trkpt lon="4.493137" lat="50.053070"><ele>186.0</ele></trkpt>
<trkpt lon="4.493104" lat="50.053172"><ele>186.0</ele></trkpt>
<trkpt lon="4.493096" lat="50.053294"><ele>185.25</ele></trkpt>
<trkpt lon="4.493096" lat="50.053294"><ele>185.5</ele></trkpt>
<trkpt lon="4.493104" lat="50.053172"><ele>186.0</ele></trkpt>
<trkpt lon="4.493137" lat="50.053070"><ele>186.0</ele></trkpt>
<trkpt lon="4.493164" lat="50.053030"><ele>186.0</ele></trkpt>
<trkpt lon="4.493230" lat="50.052926"><ele>186.0</ele></trkpt>
<trkpt lon="4.493412" lat="50.052757"><ele>185.5</ele></trkpt>
<trkpt lon="4.493533" lat="50.052666"><ele>185.25</ele></trkpt>
<trkpt lon="4.493622" lat="50.052601"><ele>185.0</ele></trkpt>
<trkpt lon="4.493164" lat="50.052426"><ele>186.0</ele></trkpt>
<trkpt lon="4.493082" lat="50.052400"><ele>186.0</ele></trkpt>
<trkpt lon="4.492953" lat="50.052333"><ele>186.25</ele></trkpt>
<trkpt lon="4.492754" lat="50.052174"><ele>187.0</ele></trkpt>
<trkpt lon="4.492336" lat="50.051701"><ele>188.25</ele></trkpt>
<trkpt lon="4.492316" lat="50.051617"><ele>189.0</ele></trkpt>
<trkpt lon="4.492398" lat="50.051597"><ele>188.75</ele></trkpt>
<trkpt lon="4.492456" lat="50.051568"><ele>188.75</ele></trkpt>
<trkpt lon="4.492505" lat="50.051517"><ele>189.0</ele></trkpt>
<trkpt lon="4.492507" lat="50.051478"><ele>189.25</ele></trkpt>
<trkpt lon="4.492459" lat="50.051431"><ele>189.75</ele></trkpt>
<trkpt lon="4.492397" lat="50.051409"><ele>190.0</ele></trkpt>
<trkpt lon="4.492383" lat="50.051382"><ele>190.5</ele></trkpt>
<trkpt lon="4.492062" lat="50.051170"><ele>195.5</ele></trkpt>
<trkpt lon="4.491449" lat="50.050857"><ele>202.5</ele></trkpt>
<trkpt lon="4.491141" lat="50.050516"><ele>206.25</ele></trkpt>
<trkpt lon="4.490884" lat="50.050278"><ele>207.75</ele></trkpt>
<trkpt lon="4.490926" lat="50.050209"><ele>208.75</ele></trkpt>
<trkpt lon="4.490959" lat="50.050154"><ele>209.5</ele></trkpt>
<trkpt lon="4.491046" lat="50.050031"><ele>210.75</ele></trkpt>
<trkpt lon="4.491018" lat="50.049836"><ele>212.5</ele></trkpt>
<trkpt lon="4.490842" lat="50.049651"><ele>214.0</ele></trkpt>
<trkpt lon="4.490672" lat="50.049486"><ele>215.25</ele></trkpt>
<trkpt lon="4.490503" lat="50.048887"><ele>219.0</ele></trkpt>
<trkpt lon="4.490555" lat="50.048445"><ele>222.0</ele></trkpt>
<trkpt lon="4.490637" lat="50.047739"><ele>225.75</ele></trkpt>
<trkpt lon="4.490674" lat="50.046996"><ele>226.0</ele></trkpt>
<trkpt lon="4.490716" lat="50.046377"><ele>221.75</ele></trkpt>
<trkpt lon="4.490949" lat="50.045963"><ele>221.5</ele></trkpt>
<trkpt lon="4.491330" lat="50.045664"><ele>224.5</ele></trkpt>
<trkpt lon="4.491466" lat="50.045583"><ele>225.5</ele></trkpt>
<trkpt lon="4.491638" lat="50.045445"><ele>226.25</ele></trkpt>
<trkpt lon="4.491706" lat="50.045310"><ele>226.75</ele></trkpt>
<trkpt lon="4.491732" lat="50.045249"><ele>226.75</ele></trkpt>
<trkpt lon="4.491749" lat="50.045171"><ele>226.5</ele></trkpt>
<trkpt lon="4.491736" lat="50.045085"><ele>226.75</ele></trkpt>
<trkpt lon="4.491673" lat="50.045006"><ele>226.75</ele></trkpt>
<trkpt lon="4.491566" lat="50.044918"><ele>226.75</ele></trkpt>
<trkpt lon="4.491399" lat="50.044809"><ele>226.75</ele></trkpt>
<trkpt lon="4.491045" lat="50.044635"><ele>228.0</ele></trkpt>
<trkpt lon="4.490771" lat="50.044525"><ele>228.75</ele></trkpt>
<trkpt lon="4.490648" lat="50.044467"><ele>229.5</ele></trkpt>
<trkpt lon="4.490536" lat="50.044401"><ele>230.0</ele></trkpt>
<trkpt lon="4.490462" lat="50.044336"><ele>230.0</ele></trkpt>
<trkpt lon="4.490389" lat="50.044258"><ele>230.25</ele></trkpt>
<trkpt lon="4.490339" lat="50.044175"><ele>230.75</ele></trkpt>
<trkpt lon="4.490315" lat="50.044080"><ele>231.0</ele></trkpt>
<trkpt lon="4.490329" lat="50.043969"><ele>231.5</ele></trkpt>
<trkpt lon="4.490366" lat="50.043844"><ele>231.75</ele></trkpt>
<trkpt lon="4.490550" lat="50.043400"><ele>232.75</ele></trkpt>
<trkpt lon="4.490588" lat="50.043250"><ele>233.75</ele></trkpt>
<trkpt lon="4.490599" lat="50.043119"><ele>235.0</ele></trkpt>
<trkpt lon="4.490450" lat="50.042553"><ele>241.0</ele></trkpt>
<trkpt lon="4.490346" lat="50.042281"><ele>244.25</ele></trkpt>
<trkpt lon="4.490233" lat="50.042056"><ele>247.0</ele></trkpt>
<trkpt lon="4.490042" lat="50.041744"><ele>251.0</ele></trkpt>
<trkpt lon="4.489983" lat="50.041605"><ele>252.5</ele></trkpt>
<trkpt lon="4.489898" lat="50.041421"><ele>254.25</ele></trkpt>
<trkpt lon="4.489827" lat="50.041316"><ele>255.5</ele></trkpt>
<trkpt lon="4.489434" lat="50.041270"><ele>257.75</ele></trkpt>
<trkpt lon="4.489141" lat="50.041250"><ele>259.0</ele></trkpt>
<trkpt lon="4.488870" lat="50.041202"><ele>260.0</ele></trkpt>
<trkpt lon="4.488516" lat="50.041120"><ele>261.75</ele></trkpt>
<trkpt lon="4.487819" lat="50.040988"><ele>263.25</ele></trkpt>
<trkpt lon="4.487473" lat="50.040908"><ele>263.75</ele></trkpt>
<trkpt lon="4.487199" lat="50.040832"><ele>264.0</ele></trkpt>
<trkpt lon="4.486983" lat="50.040753"><ele>264.75</ele></trkpt>
<trkpt lon="4.486773" lat="50.040687"><ele>265.75</ele></trkpt>
<trkpt lon="4.486507" lat="50.040633"><ele>267.0</ele></trkpt>
<trkpt lon="4.486271" lat="50.040611"><ele>268.0</ele></trkpt>
<trkpt lon="4.485948" lat="50.040550"><ele>269.0</ele></trkpt>
<trkpt lon="4.485547" lat="50.040438"><ele>270.0</ele></trkpt>
<trkpt lon="4.485398" lat="50.040375"><ele>270.0</ele></trkpt>
<trkpt lon="4.485074" lat="50.040134"><ele>270.5</ele></trkpt>
<trkpt lon="4.484808" lat="50.039880"><ele>270.5</ele></trkpt>
<trkpt lon="4.484354" lat="50.039500"><ele>272.0</ele></trkpt>
<trkpt lon="4.484175" lat="50.039375"><ele>273.0</ele></trkpt>
<trkpt lon="4.483964" lat="50.039242"><ele>274.0</ele></trkpt>
<trkpt lon="4.483778" lat="50.039148"><ele>275.25</ele></trkpt>
<trkpt lon="4.483395" lat="50.039023"><ele>277.0</ele></trkpt>
<trkpt lon="4.482977" lat="50.038845"><ele>279.5</ele></trkpt>
<trkpt lon="4.482754" lat="50.038732"><ele>280.5</ele></trkpt>
<trkpt lon="4.482526" lat="50.038579"><ele>282.25</ele></trkpt>
<trkpt lon="4.482334" lat="50.038475"><ele>283.25</ele></trkpt>
<trkpt lon="4.482187" lat="50.038335"><ele>284.75</ele></trkpt>
<trkpt lon="4.481682" lat="50.037771"><ele>292.0</ele></trkpt>
<trkpt lon="4.481299" lat="50.037439"><ele>294.75</ele></trkpt>
<trkpt lon="4.481039" lat="50.037265"><ele>297.25</ele></trkpt>
<trkpt lon="4.480657" lat="50.036992"><ele>299.5</ele></trkpt>
<trkpt lon="4.480305" lat="50.036964"><ele>300.5</ele></trkpt>
<trkpt lon="4.479460" lat="50.036990"><ele>300.5</ele></trkpt>
<trkpt lon="4.479240" lat="50.036987"><ele>300.5</ele></trkpt>
<trkpt lon="4.479009" lat="50.036921"><ele>301.0</ele></trkpt>
<trkpt lon="4.478513" lat="50.036750"><ele>302.5</ele></trkpt>
<trkpt lon="4.478266" lat="50.036623"><ele>303.0</ele></trkpt>
<trkpt lon="4.477559" lat="50.035844"><ele>305.0</ele></trkpt>
<trkpt lon="4.477526" lat="50.035784"><ele>304.75</ele></trkpt>
<trkpt lon="4.477524" lat="50.035731"><ele>304.75</ele></trkpt>
<trkpt lon="4.477893" lat="50.034791"><ele>301.0</ele></trkpt>
<trkpt lon="4.477863" lat="50.034630"><ele>300.5</ele></trkpt>
<trkpt lon="4.477758" lat="50.034585"><ele>300.5</ele></trkpt>
<trkpt lon="4.477000" lat="50.034399"><ele>301.5</ele></trkpt>
<trkpt lon="4.477053" lat="50.034348"><ele>301.25</ele></trkpt>
<trkpt lon="4.477113" lat="50.034268"><ele>300.75</ele></trkpt>
<trkpt lon="4.477706" lat="50.033489"><ele>293.0</ele></trkpt>
<trkpt lon="4.478436" lat="50.032918"><ele>280.75</ele></trkpt>
<trkpt lon="4.478675" lat="50.032599"><ele>273.5</ele></trkpt>
<trkpt lon="4.478695" lat="50.032010"><ele>264.25</ele></trkpt>
<trkpt lon="4.478636" lat="50.031810"><ele>260.75</ele></trkpt>
<trkpt lon="4.478436" lat="50.031539"><ele>254.75</ele></trkpt>
<trkpt lon="4.477414" lat="50.030921"><ele>243.0</ele></trkpt>
<trkpt lon="4.476985" lat="50.030616"><ele>238.5</ele></trkpt>
<trkpt lon="4.476718" lat="50.030230"><ele>231.25</ele></trkpt>
<trkpt lon="4.476525" lat="50.029737"><ele>225.25</ele></trkpt>
<trkpt lon="4.476973" lat="50.028618"><ele>212.5</ele></trkpt>
<trkpt lon="4.477110" lat="50.028230"><ele>208.0</ele></trkpt>
<trkpt lon="4.477267" lat="50.028047"><ele>206.75</ele></trkpt>
<trkpt lon="4.477539" lat="50.027903"><ele>206.25</ele></trkpt>
<trkpt lon="4.477670" lat="50.027838"><ele>206.0</ele></trkpt>
<trkpt lon="4.477783" lat="50.027761"><ele>206.0</ele></trkpt>
<trkpt lon="4.478027" lat="50.027516"><ele>206.0</ele></trkpt>
<trkpt lon="4.478076" lat="50.027458"><ele>206.0</ele></trkpt>
<trkpt lon="4.478252" lat="50.027261"><ele>206.5</ele></trkpt>
<trkpt lon="4.478292" lat="50.027216"><ele>206.75</ele></trkpt>
<trkpt lon="4.478380" lat="50.027115"><ele>207.25</ele></trkpt>
<trkpt lon="4.478372" lat="50.027084"><ele>207.5</ele></trkpt>
<trkpt lon="4.478356" lat="50.027066"><ele>207.5</ele></trkpt>
<trkpt lon="4.478344" lat="50.027057"><ele>207.5</ele></trkpt>
<trkpt lon="4.478549" lat="50.026950"><ele>207.75</ele></trkpt>
<trkpt lon="4.478834" lat="50.026831"><ele>208.75</ele></trkpt>
<trkpt lon="4.479144" lat="50.026491"><ele>210.75</ele></trkpt>
<trkpt lon="4.479195" lat="50.026370"><ele>211.25</ele></trkpt>
<trkpt lon="4.479228" lat="50.026212"><ele>213.25</ele></trkpt>
<trkpt lon="4.479497" lat="50.025741"><ele>212.75</ele></trkpt>
<trkpt lon="4.479646" lat="50.025394"><ele>214.5</ele></trkpt>
<trkpt lon="4.479758" lat="50.024971"><ele>215.0</ele></trkpt>
<trkpt lon="4.479739" lat="50.024568"><ele>215.75</ele></trkpt>
<trkpt lon="4.479683" lat="50.024217"><ele>218.25</ele></trkpt>
<trkpt lon="4.479466" lat="50.023790"><ele>220.75</ele></trkpt>
<trkpt lon="4.479205" lat="50.023407"><ele>222.75</ele></trkpt>
<trkpt lon="4.479019" lat="50.023156"><ele>225.75</ele></trkpt>
<trkpt lon="4.478963" lat="50.022937"><ele>226.25</ele></trkpt>
<trkpt lon="4.478968" lat="50.022626"><ele>226.5</ele></trkpt>
<trkpt lon="4.478937" lat="50.022148"><ele>226.25</ele></trkpt>
<trkpt lon="4.478894" lat="50.022043"><ele>226.25</ele></trkpt>
<trkpt lon="4.478797" lat="50.021804"><ele>227.25</ele></trkpt>
<trkpt lon="4.478642" lat="50.021519"><ele>229.5</ele></trkpt>
<trkpt lon="4.478054" lat="50.020308"><ele>236.0</ele></trkpt>
<trkpt lon="4.477739" lat="50.019838"><ele>237.25</ele></trkpt>
<trkpt lon="4.477824" lat="50.019503"><ele>235.5</ele></trkpt>
<trkpt lon="4.477520" lat="50.019443"><ele>237.75</ele></trkpt>
<trkpt lon="4.477314" lat="50.019364"><ele>241.75</ele></trkpt>
<trkpt lon="4.476144" lat="50.018425"><ele>257.75</ele></trkpt>
<trkpt lon="4.474653" lat="50.017619"><ele>270.25</ele></trkpt>
<trkpt lon="4.473713" lat="50.016792"><ele>275.75</ele></trkpt>
<trkpt lon="4.473859" lat="50.016084"><ele>292.25</ele></trkpt>
<trkpt lon="4.474304" lat="50.015226"><ele>310.5</ele></trkpt>
<trkpt lon="4.475066" lat="50.013278"><ele>328.0</ele></trkpt>
<trkpt lon="4.475205" lat="50.013051"><ele>329.0</ele></trkpt>
<trkpt lon="4.475286" lat="50.012868"><ele>329.5</ele></trkpt>
<trkpt lon="4.475221" lat="50.012740"><ele>330.0</ele></trkpt>
<trkpt lon="4.474991" lat="50.012671"><ele>330.0</ele></trkpt>
<trkpt lon="4.471182" lat="50.012378"><ele>329.0</ele></trkpt>
<trkpt lon="4.470957" lat="50.012316"><ele>329.0</ele></trkpt>
<trkpt lon="4.470860" lat="50.012172"><ele>329.0</ele></trkpt>
<trkpt lon="4.470844" lat="50.011944"><ele>328.75</ele></trkpt>
<trkpt lon="4.470871" lat="50.011706"><ele>328.0</ele></trkpt>
<trkpt lon="4.471085" lat="50.010858"><ele>324.0</ele></trkpt>
<trkpt lon="4.471321" lat="50.009555"><ele>314.25</ele></trkpt>
<trkpt lon="4.471151" lat="50.008517"><ele>305.75</ele></trkpt>
<trkpt lon="4.470281" lat="50.008365"><ele>302.5</ele></trkpt>
<trkpt lon="4.468498" lat="50.007918"><ele>295.75</ele></trkpt>
<trkpt lon="4.468258" lat="50.007818"><ele>294.0</ele></trkpt>
<trkpt lon="4.467480" lat="50.007452"><ele>290.25</ele></trkpt>
<trkpt lon="4.467138" lat="50.007287"><ele>289.0</ele></trkpt>
<trkpt lon="4.466655" lat="50.007095"><ele>287.0</ele></trkpt>
<trkpt lon="4.465981" lat="50.006995"><ele>285.0</ele></trkpt>
<trkpt lon="4.465392" lat="50.006829"><ele>284.0</ele></trkpt>
<trkpt lon="4.465319" lat="50.006812"><ele>284.0</ele></trkpt>
<trkpt lon="4.464933" lat="50.006709"><ele>284.75</ele></trkpt>
<trkpt lon="4.464986" lat="50.006501"><ele>286.75</ele></trkpt>
<trkpt lon="4.465523" lat="50.005578"><ele>296.0</ele></trkpt>
<trkpt lon="4.465566" lat="50.005198"><ele>299.25</ele></trkpt>
<trkpt lon="4.465784" lat="50.004528"><ele>301.25</ele></trkpt>
<trkpt lon="4.465737" lat="50.004375"><ele>301.75</ele></trkpt>
<trkpt lon="4.465405" lat="50.003280"><ele>306.25</ele></trkpt>
<trkpt lon="4.465141" lat="50.002899"><ele>309.5</ele></trkpt>
<trkpt lon="4.465012" lat="50.002265"><ele>315.25</ele></trkpt>
<trkpt lon="4.465020" lat="50.001728"><ele>320.5</ele></trkpt>
<trkpt lon="4.466943" lat="50.001796"><ele>313.0</ele></trkpt>
<trkpt lon="4.468574" lat="50.001712"><ele>316.5</ele></trkpt>
<trkpt lon="4.470763" lat="50.001243"><ele>316.75</ele></trkpt>
<trkpt lon="4.473444" lat="50.000723"><ele>311.25</ele></trkpt>
<trkpt lon="4.473665" lat="50.000843"><ele>312.5</ele></trkpt>
<trkpt lon="4.473536" lat="50.001077"><ele>312.0</ele></trkpt>
<trkpt lon="4.473812" lat="50.001020"><ele>313.0</ele></trkpt>
<trkpt lon="4.474349" lat="50.000647"><ele>314.5</ele></trkpt>
<trkpt lon="4.474876" lat="50.000557"><ele>319.0</ele></trkpt>
<trkpt lon="4.475321" lat="50.000399"><ele>322.0</ele></trkpt>
<trkpt lon="4.476605" lat="50.000216"><ele>330.25</ele></trkpt>
<trkpt lon="4.477336" lat="50.000002"><ele>333.75</ele></trkpt>
<trkpt lon="4.478120" lat="49.999822"><ele>338.25</ele></trkpt>
<trkpt lon="4.478437" lat="49.999608"><ele>339.25</ele></trkpt>
<trkpt lon="4.479232" lat="49.998910"><ele>341.25</ele></trkpt>
<trkpt lon="4.479694" lat="49.998679"><ele>341.25</ele></trkpt>
<trkpt lon="4.480102" lat="49.998330"><ele>341.25</ele></trkpt>
<trkpt lon="4.480961" lat="49.997270"><ele>339.5</ele></trkpt>
<trkpt lon="4.481128" lat="49.996922"><ele>338.75</ele></trkpt>
<trkpt lon="4.481300" lat="49.996790"><ele>339.5</ele></trkpt>
<trkpt lon="4.481787" lat="49.996225"><ele>341.0</ele></trkpt>
<trkpt lon="4.482140" lat="49.995507"><ele>342.25</ele></trkpt>
<trkpt lon="4.482772" lat="49.994984"><ele>344.75</ele></trkpt>
<trkpt lon="4.483924" lat="49.994145"><ele>347.0</ele></trkpt>
<trkpt lon="4.485376" lat="49.993029"><ele>347.25</ele></trkpt>
<trkpt lon="4.485586" lat="49.992851"><ele>347.25</ele></trkpt>
<trkpt lon="4.485750" lat="49.992639"><ele>346.75</ele></trkpt>
<trkpt lon="4.485892" lat="49.992606"><ele>347.0</ele></trkpt>
<trkpt lon="4.486002" lat="49.992562"><ele>347.5</ele></trkpt>
<trkpt lon="4.486174" lat="49.992483"><ele>348.0</ele></trkpt>
<trkpt lon="4.486287" lat="49.992401"><ele>348.5</ele></trkpt>
<trkpt lon="4.486493" lat="49.992175"><ele>349.25</ele></trkpt>
<trkpt lon="4.486606" lat="49.992029"><ele>349.0</ele></trkpt>
<trkpt lon="4.486859" lat="49.991744"><ele>350.5</ele></trkpt>
<trkpt lon="4.486959" lat="49.991607"><ele>351.0</ele></trkpt>
<trkpt lon="4.487055" lat="49.991461"><ele>351.25</ele></trkpt>
<trkpt lon="4.487263" lat="49.991053"><ele>352.0</ele></trkpt>
<trkpt lon="4.487303" lat="49.990949"><ele>352.0</ele></trkpt>
<trkpt lon="4.487337" lat="49.990705"><ele>352.0</ele></trkpt>
<trkpt lon="4.487343" lat="49.990512"><ele>352.5</ele></trkpt>
<trkpt lon="4.487331" lat="49.990329"><ele>352.75</ele></trkpt>
<trkpt lon="4.487266" lat="49.989963"><ele>353.25</ele></trkpt>
<trkpt lon="4.487226" lat="49.989841"><ele>353.5</ele></trkpt>
<trkpt lon="4.487163" lat="49.989697"><ele>354.0</ele></trkpt>
<trkpt lon="4.487084" lat="49.989545"><ele>354.75</ele></trkpt>
<trkpt lon="4.486877" lat="49.989268"><ele>355.25</ele></trkpt>
<trkpt lon="4.486718" lat="49.989126"><ele>355.25</ele></trkpt>
<trkpt lon="4.486557" lat="49.989007"><ele>355.0</ele></trkpt>
<trkpt lon="4.486414" lat="49.988879"><ele>355.0</ele></trkpt>
<trkpt lon="4.486112" lat="49.988588"><ele>355.0</ele></trkpt>
<trkpt lon="4.486024" lat="49.988485"><ele>355.5</ele></trkpt>
<trkpt lon="4.485929" lat="49.988339"><ele>356.25</ele></trkpt>
<trkpt lon="4.485851" lat="49.988179"><ele>356.5</ele></trkpt>
<trkpt lon="4.485734" lat="49.987864"><ele>357.25</ele></trkpt>
<trkpt lon="4.485179" lat="49.986301"><ele>359.0</ele></trkpt>
<trkpt lon="4.485061" lat="49.985945"><ele>359.0</ele></trkpt>
<trkpt lon="4.485052" lat="49.985829"><ele>359.0</ele></trkpt>
<trkpt lon="4.485065" lat="49.985744"><ele>359.0</ele></trkpt>
<trkpt lon="4.485144" lat="49.985611"><ele>359.5</ele></trkpt>
<trkpt lon="4.485188" lat="49.985483"><ele>359.5</ele></trkpt>
<trkpt lon="4.485295" lat="49.984459"><ele>360.75</ele></trkpt>
<trkpt lon="4.485540" lat="49.981912"><ele>364.0</ele></trkpt>
<trkpt lon="4.485689" lat="49.980176"><ele>367.0</ele></trkpt>
<trkpt lon="4.484552" lat="49.979550"><ele>368.25</ele></trkpt>
<trkpt lon="4.484884" lat="49.978888"><ele>371.0</ele></trkpt>
<trkpt lon="4.485262" lat="49.978084"><ele>373.0</ele></trkpt>
<trkpt lon="4.485305" lat="49.977956"><ele>373.25</ele></trkpt>
<trkpt lon="4.485323" lat="49.977867"><ele>373.5</ele></trkpt>
<trkpt lon="4.485327" lat="49.977785"><ele>373.75</ele></trkpt>
<trkpt lon="4.485398" lat="49.977728"><ele>374.0</ele></trkpt>
<trkpt lon="4.485472" lat="49.977667"><ele>374.25</ele></trkpt>
<trkpt lon="4.485484" lat="49.977602"><ele>374.5</ele></trkpt>
<trkpt lon="4.485481" lat="49.977520"><ele>374.75</ele></trkpt>
<trkpt lon="4.485590" lat="49.977433"><ele>374.75</ele></trkpt>
<trkpt lon="4.485832" lat="49.976974"><ele>374.0</ele></trkpt>
<trkpt lon="4.485916" lat="49.976864"><ele>374.0</ele></trkpt>
<trkpt lon="4.487125" lat="49.975778"><ele>370.0</ele></trkpt>
<trkpt lon="4.487139" lat="49.975739"><ele>370.0</ele></trkpt>
<trkpt lon="4.487145" lat="49.975705"><ele>370.0</ele></trkpt>
<trkpt lon="4.487108" lat="49.975625"><ele>370.0</ele></trkpt>
<trkpt lon="4.486327" lat="49.974420"><ele>367.0</ele></trkpt>
<trkpt lon="4.486300" lat="49.974310"><ele>366.75</ele></trkpt>
<trkpt lon="4.486287" lat="49.974169"><ele>366.25</ele></trkpt>
<trkpt lon="4.486290" lat="49.973879"><ele>365.25</ele></trkpt>
<trkpt lon="4.486279" lat="49.973601"><ele>365.25</ele></trkpt>
<trkpt lon="4.486215" lat="49.973225"><ele>365.75</ele></trkpt>
<trkpt lon="4.486162" lat="49.973023"><ele>366.0</ele></trkpt>
<trkpt lon="4.485961" lat="49.972542"><ele>367.75</ele></trkpt>
<trkpt lon="4.485590" lat="49.971718"><ele>370.5</ele></trkpt>
<trkpt lon="4.485473" lat="49.971400"><ele>371.25</ele></trkpt>
<trkpt lon="4.485264" lat="49.970890"><ele>372.75</ele></trkpt>
<trkpt lon="4.485270" lat="49.970829"><ele>373.0</ele></trkpt>
<trkpt lon="4.485263" lat="49.970762"><ele>373.25</ele></trkpt>
<trkpt lon="4.484963" lat="49.969861"><ele>375.5</ele></trkpt>
<trkpt lon="4.484682" lat="49.969273"><ele>376.5</ele></trkpt>
<trkpt lon="4.484616" lat="49.969107"><ele>376.5</ele></trkpt>
<trkpt lon="4.484522" lat="49.968794"><ele>377.0</ele></trkpt>
<trkpt lon="4.484426" lat="49.968464"><ele>376.25</ele></trkpt>
<trkpt lon="4.484381" lat="49.968350"><ele>376.0</ele></trkpt>
<trkpt lon="4.484336" lat="49.968249"><ele>376.0</ele></trkpt>
<trkpt lon="4.484260" lat="49.968126"><ele>376.0</ele></trkpt>
<trkpt lon="4.484184" lat="49.968031"><ele>376.0</ele></trkpt>
<trkpt lon="4.483858" lat="49.967698"><ele>376.0</ele></trkpt>
<trkpt lon="4.483477" lat="49.967285"><ele>375.5</ele></trkpt>
<trkpt lon="4.483363" lat="49.967186"><ele>375.75</ele></trkpt>
<trkpt lon="4.482236" lat="49.966288"><ele>375.75</ele></trkpt>
<trkpt lon="4.483606" lat="49.965976"><ele>375.0</ele></trkpt>
<trkpt lon="4.484587" lat="49.965762"><ele>374.25</ele></trkpt>
<trkpt lon="4.486528" lat="49.965389"><ele>373.25</ele></trkpt>
<trkpt lon="4.489881" lat="49.965074"><ele>373.5</ele></trkpt>
<trkpt lon="4.490086" lat="49.964940"><ele>374.0</ele></trkpt>
<trkpt lon="4.490624" lat="49.964585"><ele>374.25</ele></trkpt>
<trkpt lon="4.493142" lat="49.959891"><ele>359.5</ele></trkpt>
<trkpt lon="4.494540" lat="49.957416"><ele>361.25</ele></trkpt>
<trkpt lon="4.494939" lat="49.956982"><ele>363.5</ele></trkpt>
<trkpt lon="4.499992" lat="49.951955"><ele>362.0</ele></trkpt>
<trkpt lon="4.500083" lat="49.951805"><ele>361.5</ele></trkpt>
<trkpt lon="4.500756" lat="49.951589"><ele>362.0</ele></trkpt>
<trkpt lon="4.501461" lat="49.951359"><ele>362.0</ele></trkpt>
<trkpt lon="4.501879" lat="49.951224"><ele>362.0</ele></trkpt>
<trkpt lon="4.501998" lat="49.951182"><ele>362.0</ele></trkpt>
<trkpt lon="4.503434" lat="49.950707"><ele>362.0</ele></trkpt>
<trkpt lon="4.504212" lat="49.950418"><ele>362.5</ele></trkpt>
<trkpt lon="4.504859" lat="49.950177"><ele>363.0</ele></trkpt>
<trkpt lon="4.505295" lat="49.950034"><ele>363.0</ele></trkpt>
<trkpt lon="4.505175" lat="49.949867"><ele>363.0</ele></trkpt>
<trkpt lon="4.505146" lat="49.949754"><ele>363.0</ele></trkpt>
<trkpt lon="4.505112" lat="49.949198"><ele>361.25</ele></trkpt>
<trkpt lon="4.505093" lat="49.948640"><ele>359.25</ele></trkpt>
<trkpt lon="4.505072" lat="49.948412"><ele>358.25</ele></trkpt>
<trkpt lon="4.505021" lat="49.948177"><ele>357.25</ele></trkpt>
<trkpt lon="4.504843" lat="49.947501"><ele>352.25</ele></trkpt>
<trkpt lon="4.504825" lat="49.947435"><ele>352.25</ele></trkpt>
<trkpt lon="4.504729" lat="49.946954"><ele>352.0</ele></trkpt>
<trkpt lon="4.504804" lat="49.946185"><ele>354.5</ele></trkpt>
<trkpt lon="4.504879" lat="49.945878"><ele>356.25</ele></trkpt>
<trkpt lon="4.504880" lat="49.945775"><ele>356.75</ele></trkpt>
<trkpt lon="4.504856" lat="49.945748"><ele>356.75</ele></trkpt>
<trkpt lon="4.505784" lat="49.945500"><ele>358.0</ele></trkpt>
<trkpt lon="4.506708" lat="49.945234"><ele>358.25</ele></trkpt>
<trkpt lon="4.507512" lat="49.944938"><ele>359.0</ele></trkpt>
<trkpt lon="4.509469" lat="49.944312"><ele>358.25</ele></trkpt>
<trkpt lon="4.513938" lat="49.942930"><ele>364.0</ele></trkpt>
<trkpt lon="4.514796" lat="49.942642"><ele>363.0</ele></trkpt>
<trkpt lon="4.516061" lat="49.942216"><ele>363.0</ele></trkpt>
<trkpt lon="4.517446" lat="49.941868"><ele>366.25</ele></trkpt>
<trkpt lon="4.517187" lat="49.939072"><ele>371.0</ele></trkpt>
<trkpt lon="4.517011" lat="49.937246"><ele>374.75</ele></trkpt>
<trkpt lon="4.517081" lat="49.936963"><ele>375.75</ele></trkpt>
<trkpt lon="4.517832" lat="49.935795"><ele>379.25</ele></trkpt>
<trkpt lon="4.517966" lat="49.935483"><ele>380.0</ele></trkpt>
<trkpt lon="4.518077" lat="49.935101"><ele>380.0</ele></trkpt>
<trkpt lon="4.518044" lat="49.934986"><ele>380.0</ele></trkpt>
<trkpt lon="4.517766" lat="49.934520"><ele>381.0</ele></trkpt>
<trkpt lon="4.517655" lat="49.934290"><ele>381.5</ele></trkpt>
<trkpt lon="4.517653" lat="49.934127"><ele>382.0</ele></trkpt>
<trkpt lon="4.517710" lat="49.933960"><ele>382.0</ele></trkpt>
<trkpt lon="4.518019" lat="49.933586"><ele>382.0</ele></trkpt>
<trkpt lon="4.519158" lat="49.932331"><ele>384.0</ele></trkpt>
<trkpt lon="4.519402" lat="49.932051"><ele>384.5</ele></trkpt>
<trkpt lon="4.519690" lat="49.931724"><ele>384.75</ele></trkpt>
<trkpt lon="4.520113" lat="49.931260"><ele>384.75</ele></trkpt>
<trkpt lon="4.520812" lat="49.930574"><ele>384.0</ele></trkpt>
<trkpt lon="4.520866" lat="49.930499"><ele>384.0</ele></trkpt>
<trkpt lon="4.521403" lat="49.929759"><ele>384.0</ele></trkpt>
<trkpt lon="4.521584" lat="49.929526"><ele>384.0</ele></trkpt>
<trkpt lon="4.521021" lat="49.929354"><ele>384.0</ele></trkpt>
<trkpt lon="4.520863" lat="49.929303"><ele>384.0</ele></trkpt>
<trkpt lon="4.520911" lat="49.928325"><ele>383.75</ele></trkpt>
<trkpt lon="4.521036" lat="49.928320"><ele>383.75</ele></trkpt>
<trkpt lon="4.520918" lat="49.928185"><ele>383.5</ele></trkpt>
<trkpt lon="4.520558" lat="49.927660"><ele>383.25</ele></trkpt>
<trkpt lon="4.520526" lat="49.927467"><ele>382.75</ele></trkpt>
<trkpt lon="4.520575" lat="49.927440"><ele>382.75</ele></trkpt>
<trkpt lon="4.520755" lat="49.927402"><ele>382.75</ele></trkpt>
<trkpt lon="4.520941" lat="49.927368"><ele>382.25</ele></trkpt>
<trkpt lon="4.521072" lat="49.927338"><ele>382.0</ele></trkpt>
<trkpt lon="4.521352" lat="49.927242"><ele>382.75</ele></trkpt>
<trkpt lon="4.521424" lat="49.927202"><ele>382.75</ele></trkpt>
<trkpt lon="4.521457" lat="49.927116"><ele>383.0</ele></trkpt>
<trkpt lon="4.521470" lat="49.927038"><ele>383.5</ele></trkpt>
<trkpt lon="4.521575" lat="49.926656"><ele>384.0</ele></trkpt>
<trkpt lon="4.521596" lat="49.926581"><ele>384.0</ele></trkpt>
<trkpt lon="4.521694" lat="49.926559"><ele>384.0</ele></trkpt>
<trkpt lon="4.521906" lat="49.926482"><ele>384.0</ele></trkpt>
<trkpt lon="4.521983" lat="49.926429"><ele>383.75</ele></trkpt>
<trkpt lon="4.522049" lat="49.926206"><ele>383.5</ele></trkpt>
<trkpt lon="4.522070" lat="49.926155"><ele>383.5</ele></trkpt>
<trkpt lon="4.522124" lat="49.926075"><ele>383.25</ele></trkpt>
<trkpt lon="4.522218" lat="49.925983"><ele>383.25</ele></trkpt>
<trkpt lon="4.522347" lat="49.925812"><ele>385.25</ele></trkpt>
<trkpt lon="4.522436" lat="49.925672"><ele>385.0</ele></trkpt>
<trkpt lon="4.522547" lat="49.925359"><ele>383.75</ele></trkpt>
<trkpt lon="4.522559" lat="49.925323"><ele>384.0</ele></trkpt>
<trkpt lon="4.522691" lat="49.924894"><ele>383.75</ele></trkpt>
<trkpt lon="4.522697" lat="49.924863"><ele>383.75</ele></trkpt>
<trkpt lon="4.522707" lat="49.924789"><ele>383.75</ele></trkpt>
<trkpt lon="4.522318" lat="49.924604"><ele>384.0</ele></trkpt>
<trkpt lon="4.521855" lat="49.924403"><ele>384.25</ele></trkpt>
<trkpt lon="4.521883" lat="49.924371"><ele>384.25</ele></trkpt>
<trkpt lon="4.521573" lat="49.924234"><ele>384.25</ele></trkpt>
<trkpt lon="4.521440" lat="49.924209"><ele>384.75</ele></trkpt>
<trkpt lon="4.521326" lat="49.924162"><ele>385.0</ele></trkpt>
<trkpt lon="4.521440" lat="49.924035"><ele>384.75</ele></trkpt>
<trkpt lon="4.521460" lat="49.923951"><ele>384.75</ele></trkpt>
<trkpt lon="4.521389" lat="49.923903"><ele>384.75</ele></trkpt>
<trkpt lon="4.520987" lat="49.923686"><ele>385.5</ele></trkpt>
  </trkseg></trk>
</gpx>
