<?xml version="1.0" encoding="UTF-8"?>
<!-- track-length = 66340 filtered ascend = 480 plain-ascend = 62 cost=82134 energy=.4kwh time=3h 38m 36s -->
<gpx 
 xmlns="http://www.topografix.com/GPX/1/1" 
 xmlns:xsi="http://www.w3.org/2001/XMLSchema-instance" 
 xsi:schemaLocation="http://www.topografix.com/GPX/1/1 http://www.topografix.com/GPX/1/1/gpx.xsd" 
 creator="BRouter-1.7.9" version="1.1">
 <trk>
  <name>brouter_trekking_0</name>
  <trkseg>
   <trkpt lon="4.351770" lat="50.846536"><ele>20.75</ele></trkpt>
   <trkpt lon="4.351828" lat="50.846563"><ele>21.0</ele></trkpt>
   <trkpt lon="4.352013" lat="50.846646"><ele>21.0</ele></trkpt>
   <trkpt lon="4.352027" lat="50.846652"><ele>21.0</ele></trkpt>
   <trkpt lon="4.352433" lat="50.846756"><ele>21.5</ele></trkpt>
   <trkpt lon="4.352863" lat="50.846800"><ele>22.0</ele></trkpt>
   <trkpt lon="4.352907" lat="50.846826"><ele>22.0</ele></trkpt>
   <trkpt lon="4.353161" lat="50.846989"><ele>21.75</ele></trkpt>
   <trkpt lon="4.353368" lat="50.847126"><ele>21.25</ele></trkpt>
   <trkpt lon="4.353383" lat="50.847139"><ele>21.25</ele></trkpt>
   <trkpt lon="4.353447" lat="50.847197"><ele>21.25</ele></trkpt>
   <trkpt lon="4.353683" lat="50.847116"><ele>22.0</ele></trkpt>
   <trkpt lon="4.353857" lat="50.847029"><ele>22.0</ele></trkpt>
   <trkpt lon="4.354030" lat="50.846915"><ele>22.5</ele></trkpt>
   <trkpt lon="4.354082" lat="50.846871"><ele>22.75</ele></trkpt>
   <trkpt lon="4.354140" lat="50.846841"><ele>22.75</ele></trkpt>
   <trkpt lon="4.354244" lat="50.846807"><ele>23.0</ele></trkpt>
   <trkpt lon="4.354414" lat="50.846750"><ele>23.0</ele></trkpt>
   <trkpt lon="4.354393" lat="50.846713"><ele>23.0</ele></trkpt>
   <trkpt lon="4.354374" lat="50.846685"><ele>23.0</ele></trkpt>
   <trkpt lon="4.354368" lat="50.846659"><ele>23.0</ele></trkpt>
   <trkpt lon="4.354379" lat="50.846636"><ele>23.0</ele></trkpt>
   <trkpt lon="4.354556" lat="50.846454"><ele>23.75</ele></trkpt>
   <trkpt lon="4.354692" lat="50.846315"><ele>24.0</ele></trkpt>
   <trkpt lon="4.354723" lat="50.846283"><ele>24.25</ele></trkpt>
   <trkpt lon="4.354777" lat="50.846224"><ele>24.5</ele></trkpt>
   <trkpt lon="4.354790" lat="50.846126"><ele>24.75</ele></trkpt>
   <trkpt lon="4.355633" lat="50.845596"><ele>30.25</ele></trkpt>
   <trkpt lon="4.355713" lat="50.845532"><ele>31.0</ele></trkpt>
   <trkpt lon="4.355774" lat="50.845482"><ele>31.75</ele></trkpt>
   <trkpt lon="4.355929" lat="50.845365"><ele>33.0</ele></trkpt>
   <trkpt lon="4.356182" lat="50.845157"><ele>34.5</ele></trkpt>
   <trkpt lon="4.356246" lat="50.845104"><ele>35.0</ele></trkpt>
   <trkpt lon="4.356384" lat="50.844987"><ele>36.0</ele></trkpt>
   <trkpt lon="4.356510" lat="50.844881"><ele>36.75</ele></trkpt>
   <trkpt lon="4.356549" lat="50.844850"><ele>37.0</ele></trkpt>
   <trkpt lon="4.356571" lat="50.844832"><ele>37.25</ele></trkpt>
   <trkpt lon="4.356657" lat="50.844763"><ele>37.75</ele></trkpt>
   <trkpt lon="4.356741" lat="50.844707"><ele>38.0</ele></trkpt>
   <trkpt lon="4.356763" lat="50.844693"><ele>38.0</ele></trkpt>
   <trkpt lon="4.356768" lat="50.844689"><ele>38.0</ele></trkpt>
   <trkpt lon="4.356898" lat="50.844620"><ele>38.5</ele></trkpt>
   <trkpt lon="4.357082" lat="50.844513"><ele>39.75</ele></trkpt>
   <trkpt lon="4.357251" lat="50.844417"><ele>40.75</ele></trkpt>
   <trkpt lon="4.358215" lat="50.843862"><ele>47.5</ele></trkpt>
   <trkpt lon="4.358352" lat="50.843785"><ele>48.0</ele></trkpt>
   <trkpt lon="4.358416" lat="50.843745"><ele>48.75</ele></trkpt>
   <trkpt lon="4.358437" lat="50.843734"><ele>49.0</ele></trkpt>
   <trkpt lon="4.358548" lat="50.843678"><ele>49.5</ele></trkpt>
   <trkpt lon="4.358477" lat="50.843621"><ele>49.75</ele></trkpt>
   <trkpt lon="4.358394" lat="50.843548"><ele>50.5</ele></trkpt>
   <trkpt lon="4.358329" lat="50.843453"><ele>51.0</ele></trkpt>
   <trkpt lon="4.358314" lat="50.843384"><ele>51.5</ele></trkpt>
   <trkpt lon="4.358318" lat="50.843312"><ele>52.0</ele></trkpt>
   <trkpt lon="4.358339" lat="50.843189"><ele>53.5</ele></trkpt>
   <trkpt lon="4.358389" lat="50.843040"><ele>55.0</ele></trkpt>
   <trkpt lon="4.358422" lat="50.842979"><ele>55.5</ele></trkpt>
   <trkpt lon="4.358474" lat="50.842912"><ele>56.0</ele></trkpt>
   <trkpt lon="4.358528" lat="50.842864"><ele>56.25</ele></trkpt>
   <trkpt lon="4.358589" lat="50.842823"><ele>56.5</ele></trkpt>
   <trkpt lon="4.358662" lat="50.842748"><ele>57.25</ele></trkpt>
   <trkpt lon="4.358705" lat="50.842719"><ele>57.75</ele></trkpt>
   <trkpt lon="4.359060" lat="50.842520"><ele>59.5</ele></trkpt>
   <trkpt lon="4.359067" lat="50.842516"><ele>59.5</ele></trkpt>
   <trkpt lon="4.359092" lat="50.842502"><ele>59.5</ele></trkpt>
   <trkpt lon="4.359115" lat="50.842489"><ele>59.75</ele></trkpt>
   <trkpt lon="4.359267" lat="50.842384"><ele>60.25</ele></trkpt>
   <trkpt lon="4.359310" lat="50.842355"><ele>60.5</ele></trkpt>
   <trkpt lon="4.359263" lat="50.842315"><ele>60.5</ele></trkpt>
   <trkpt lon="4.359190" lat="50.842227"><ele>60.75</ele></trkpt>
   <trkpt lon="4.359128" lat="50.842087"><ele>60.75</ele></trkpt>
   <trkpt lon="4.359066" lat="50.842002"><ele>60.75</ele></trkpt>
   <trkpt lon="4.359086" lat="50.841995"><ele>60.75</ele></trkpt>
   <trkpt lon="4.359139" lat="50.841965"><ele>60.75</ele></trkpt>
   <trkpt lon="4.359164" lat="50.841942"><ele>61.0</ele></trkpt>
   <trkpt lon="4.359247" lat="50.841842"><ele>61.0</ele></trkpt>
   <trkpt lon="4.359391" lat="50.841743"><ele>61.0</ele></trkpt>
   <trkpt lon="4.359430" lat="50.841721"><ele>61.0</ele></trkpt>
   <trkpt lon="4.359438" lat="50.841716"><ele>61.0</ele></trkpt>
   <trkpt lon="4.359466" lat="50.841697"><ele>61.0</ele></trkpt>
   <trkpt lon="4.359482" lat="50.841676"><ele>61.0</ele></trkpt>
   <trkpt lon="4.359708" lat="50.841179"><ele>64.25</ele></trkpt>
   <trkpt lon="4.359732" lat="50.841065"><ele>65.25</ele></trkpt>
   <trkpt lon="4.359756" lat="50.840638"><ele>68.25</ele></trkpt>
   <trkpt lon="4.359765" lat="50.840539"><ele>68.75</ele></trkpt>
   <trkpt lon="4.359785" lat="50.840446"><ele>68.75</ele></trkpt>
   <trkpt lon="4.359829" lat="50.840371"><ele>69.0</ele></trkpt>
   <trkpt lon="4.359992" lat="50.840121"><ele>70.5</ele></trkpt>
   <trkpt lon="4.360069" lat="50.840016"><ele>70.75</ele></trkpt>
   <trkpt lon="4.360190" lat="50.839916"><ele>71.25</ele></trkpt>
   <trkpt lon="4.360286" lat="50.839842"><ele>71.5</ele></trkpt>
   <trkpt lon="4.360793" lat="50.839551"><ele>72.5</ele></trkpt>
   <trkpt lon="4.361131" lat="50.839334"><ele>73.25</ele></trkpt>
   <trkpt lon="4.361184" lat="50.839298"><ele>73.5</ele></trkpt>
   <trkpt lon="4.361259" lat="50.839250"><ele>73.5</ele></trkpt>
   <trkpt lon="4.361470" lat="50.839094"><ele>74.0</ele></trkpt>
   <trkpt lon="4.361644" lat="50.838956"><ele>74.0</ele></trkpt>
   <trkpt lon="4.361684" lat="50.838925"><ele>74.0</ele></trkpt>
   <trkpt lon="4.361709" lat="50.838904"><ele>74.0</ele></trkpt>
   <trkpt lon="4.361775" lat="50.838856"><ele>74.5</ele></trkpt>
   <trkpt lon="4.361705" lat="50.838818"><ele>74.25</ele></trkpt>
   <trkpt lon="4.361576" lat="50.838760"><ele>74.25</ele></trkpt>
   <trkpt lon="4.361660" lat="50.838674"><ele>74.75</ele></trkpt>
   <trkpt lon="4.361693" lat="50.838643"><ele>74.75</ele></trkpt>
   <trkpt lon="4.361723" lat="50.838611"><ele>75.0</ele></trkpt>
   <trkpt lon="4.361784" lat="50.838472"><ele>75.25</ele></trkpt>
   <trkpt lon="4.361780" lat="50.838400"><ele>75.25</ele></trkpt>
   <trkpt lon="4.361776" lat="50.838290"><ele>75.5</ele></trkpt>
   <trkpt lon="4.361826" lat="50.838297"><ele>75.5</ele></trkpt>
   <trkpt lon="4.361908" lat="50.838372"><ele>75.75</ele></trkpt>
   <trkpt lon="4.361909" lat="50.838344"><ele>75.75</ele></trkpt>
   <trkpt lon="4.361916" lat="50.838307"><ele>75.75</ele></trkpt>
   <trkpt lon="4.361918" lat="50.838298"><ele>76.0</ele></trkpt>
   <trkpt lon="4.361920" lat="50.838289"><ele>76.0</ele></trkpt>
   <trkpt lon="4.361931" lat="50.838224"><ele>76.25</ele></trkpt>
   <trkpt lon="4.361936" lat="50.838192"><ele>76.25</ele></trkpt>
   <trkpt lon="4.361976" lat="50.837976"><ele>77.25</ele></trkpt>
   <trkpt lon="4.362060" lat="50.837525"><ele>78.5</ele></trkpt>
   <trkpt lon="4.362117" lat="50.837380"><ele>78.5</ele></trkpt>
   <trkpt lon="4.362236" lat="50.837205"><ele>78.75</ele></trkpt>
   <trkpt lon="4.362343" lat="50.837057"><ele>78.75</ele></trkpt>
   <trkpt lon="4.362618" lat="50.836648"><ele>79.0</ele></trkpt>
   <trkpt lon="4.362734" lat="50.836489"><ele>79.0</ele></trkpt>
   <trkpt lon="4.362861" lat="50.836310"><ele>78.5</ele></trkpt>
   <trkpt lon="4.363063" lat="50.836093"><ele>78.0</ele></trkpt>
   <trkpt lon="4.363646" lat="50.835511"><ele>79.0</ele></trkpt>
   <trkpt lon="4.364157" lat="50.834984"><ele>79.0</ele></trkpt>
   <trkpt lon="4.364283" lat="50.834862"><ele>79.0</ele></trkpt>
   <trkpt lon="4.364722" lat="50.834530"><ele>79.0</ele></trkpt>
   <trkpt lon="4.365039" lat="50.834305"><ele>79.25</ele></trkpt>
   <trkpt lon="4.365691" lat="50.833879"><ele>80.0</ele></trkpt>
   <trkpt lon="4.365985" lat="50.833688"><ele>80.0</ele></trkpt>
   <trkpt lon="4.366075" lat="50.833627"><ele>80.0</ele></trkpt>
   <trkpt lon="4.366351" lat="50.833381"><ele>80.75</ele></trkpt>
   <trkpt lon="4.366381" lat="50.833346"><ele>80.75</ele></trkpt>
   <trkpt lon="4.366445" lat="50.833244"><ele>81.0</ele></trkpt>
   <trkpt lon="4.366579" lat="50.832969"><ele>81.75</ele></trkpt>
   <trkpt lon="4.366653" lat="50.832804"><ele>81.75</ele></trkpt>
   <trkpt lon="4.366704" lat="50.832661"><ele>82.25</ele></trkpt>
   <trkpt lon="4.366835" lat="50.832440"><ele>83.5</ele></trkpt>
   <trkpt lon="4.366914" lat="50.832350"><ele>83.75</ele></trkpt>
   <trkpt lon="4.367151" lat="50.832143"><ele>83.75</ele></trkpt>
   <trkpt lon="4.367270" lat="50.832062"><ele>83.75</ele></trkpt>
   <trkpt lon="4.367353" lat="50.832014"><ele>83.5</ele></trkpt>
   <trkpt lon="4.367652" lat="50.831835"><ele>83.75</ele></trkpt>
   <trkpt lon="4.368136" lat="50.831549"><ele>83.75</ele></trkpt>
   <trkpt lon="4.368260" lat="50.831437"><ele>83.25</ele></trkpt>
   <trkpt lon="4.368375" lat="50.831317"><ele>83.0</ele></trkpt>
   <trkpt lon="4.368479" lat="50.831210"><ele>82.5</ele></trkpt>
   <trkpt lon="4.368525" lat="50.831158"><ele>82.0</ele></trkpt>
   <trkpt lon="4.369594" lat="50.829937"><ele>71.5</ele></trkpt>
   <trkpt lon="4.369665" lat="50.829859"><ele>71.0</ele></trkpt>
   <trkpt lon="4.369606" lat="50.829823"><ele>70.75</ele></trkpt>
   <trkpt lon="4.369585" lat="50.829810"><ele>70.75</ele></trkpt>
   <trkpt lon="4.368772" lat="50.829311"><ele>73.0</ele></trkpt>
   <trkpt lon="4.368754" lat="50.829301"><ele>73.0</ele></trkpt>
   <trkpt lon="4.368716" lat="50.829279"><ele>73.25</ele></trkpt>
   <trkpt lon="4.368653" lat="50.829243"><ele>73.25</ele></trkpt>
   <trkpt lon="4.368756" lat="50.829232"><ele>72.75</ele></trkpt>
   <trkpt lon="4.368809" lat="50.829227"><ele>72.5</ele></trkpt>
   <trkpt lon="4.368857" lat="50.829218"><ele>72.25</ele></trkpt>
   <trkpt lon="4.368974" lat="50.829211"><ele>71.75</ele></trkpt>
   <trkpt lon="4.369150" lat="50.829212"><ele>71.0</ele></trkpt>
   <trkpt lon="4.369432" lat="50.829236"><ele>69.75</ele></trkpt>
   <trkpt lon="4.369709" lat="50.829280"><ele>68.25</ele></trkpt>
   <trkpt lon="4.369984" lat="50.829352"><ele>67.25</ele></trkpt>
   <trkpt lon="4.369998" lat="50.829356"><ele>67.25</ele></trkpt>
   <trkpt lon="4.370082" lat="50.829387"><ele>67.25</ele></trkpt>
   <trkpt lon="4.370179" lat="50.829274"><ele>66.0</ele></trkpt>
   <trkpt lon="4.370508" lat="50.828905"><ele>63.0</ele></trkpt>
   <trkpt lon="4.371354" lat="50.827943"><ele>59.0</ele></trkpt>
   <trkpt lon="4.371429" lat="50.827819"><ele>59.0</ele></trkpt>
   <trkpt lon="4.371444" lat="50.827797"><ele>59.0</ele></trkpt>
   <trkpt lon="4.371455" lat="50.827778"><ele>59.0</ele></trkpt>
   <trkpt lon="4.371514" lat="50.827690"><ele>59.0</ele></trkpt>
   <trkpt lon="4.371721" lat="50.827433"><ele>59.0</ele></trkpt>
   <trkpt lon="4.371681" lat="50.827388"><ele>59.0</ele></trkpt>
   <trkpt lon="4.371642" lat="50.827348"><ele>59.0</ele></trkpt>
   <trkpt lon="4.371477" lat="50.827167"><ele>59.5</ele></trkpt>
   <trkpt lon="4.371310" lat="50.826940"><ele>59.75</ele></trkpt>
   <trkpt lon="4.371179" lat="50.826757"><ele>60.0</ele></trkpt>
   <trkpt lon="4.371103" lat="50.826584"><ele>60.0</ele></trkpt>
   <trkpt lon="4.371055" lat="50.826413"><ele>60.0</ele></trkpt>
   <trkpt lon="4.371034" lat="50.826270"><ele>60.25</ele></trkpt>
   <trkpt lon="4.371022" lat="50.826067"><ele>60.25</ele></trkpt>
   <trkpt lon="4.371077" lat="50.825724"><ele>61.0</ele></trkpt>
   <trkpt lon="4.371163" lat="50.825474"><ele>61.0</ele></trkpt>
   <trkpt lon="4.371178" lat="50.825437"><ele>61.0</ele></trkpt>
   <trkpt lon="4.371406" lat="50.825161"><ele>61.25</ele></trkpt>
   <trkpt lon="4.371481" lat="50.825077"><ele>61.25</ele></trkpt>
   <trkpt lon="4.372517" lat="50.823664"><ele>63.5</ele></trkpt>
   <trkpt lon="4.372526" lat="50.823651"><ele>63.5</ele></trkpt>
   <trkpt lon="4.372581" lat="50.823578"><ele>63.75</ele></trkpt>
   <trkpt lon="4.372700" lat="50.823421"><ele>63.75</ele></trkpt>
   <trkpt lon="4.372803" lat="50.823278"><ele>64.0</ele></trkpt>
   <trkpt lon="4.372825" lat="50.823246"><ele>64.0</ele></trkpt>
   <trkpt lon="4.373133" lat="50.822809"><ele>64.5</ele></trkpt>
   <trkpt lon="4.373253" lat="50.822619"><ele>64.5</ele></trkpt>
   <trkpt lon="4.373353" lat="50.822441"><ele>65.0</ele></trkpt>
   <trkpt lon="4.373475" lat="50.822217"><ele>65.5</ele></trkpt>
   <trkpt lon="4.373533" lat="50.821990"><ele>66.0</ele></trkpt>
   <trkpt lon="4.373555" lat="50.821802"><ele>66.5</ele></trkpt>
   <trkpt lon="4.373618" lat="50.821133"><ele>67.75</ele></trkpt>
   <trkpt lon="4.373601" lat="50.820960"><ele>68.0</ele></trkpt>
   <trkpt lon="4.373640" lat="50.820915"><ele>67.75</ele></trkpt>
   <trkpt lon="4.373794" lat="50.820756"><ele>67.5</ele></trkpt>
   <trkpt lon="4.373930" lat="50.820649"><ele>67.5</ele></trkpt>
   <trkpt lon="4.374060" lat="50.820574"><ele>67.75</ele></trkpt>
   <trkpt lon="4.374134" lat="50.820531"><ele>68.0</ele></trkpt>
   <trkpt lon="4.374302" lat="50.820434"><ele>68.0</ele></trkpt>
   <trkpt lon="4.374319" lat="50.820424"><ele>68.0</ele></trkpt>
   <trkpt lon="4.374381" lat="50.820375"><ele>68.0</ele></trkpt>
   <trkpt lon="4.374484" lat="50.820292"><ele>67.75</ele></trkpt>
   <trkpt lon="4.374516" lat="50.820266"><ele>67.75</ele></trkpt>
   <trkpt lon="4.374693" lat="50.820123"><ele>67.75</ele></trkpt>
   <trkpt lon="4.374952" lat="50.819997"><ele>67.75</ele></trkpt>
   <trkpt lon="4.375136" lat="50.819876"><ele>68.25</ele></trkpt>
   <trkpt lon="4.375360" lat="50.819731"><ele>69.25</ele></trkpt>
   <trkpt lon="4.376076" lat="50.819219"><ele>71.5</ele></trkpt>
   <trkpt lon="4.376265" lat="50.819056"><ele>71.75</ele></trkpt>
   <trkpt lon="4.376365" lat="50.818956"><ele>72.5</ele></trkpt>
   <trkpt lon="4.376492" lat="50.818760"><ele>73.25</ele></trkpt>
   <trkpt lon="4.376578" lat="50.818569"><ele>73.75</ele></trkpt>
   <trkpt lon="4.376620" lat="50.818428"><ele>74.25</ele></trkpt>
   <trkpt lon="4.376642" lat="50.818230"><ele>75.0</ele></trkpt>
   <trkpt lon="4.376641" lat="50.818161"><ele>75.25</ele></trkpt>
   <trkpt lon="4.376623" lat="50.818034"><ele>75.75</ele></trkpt>
   <trkpt lon="4.376568" lat="50.817860"><ele>76.5</ele></trkpt>
   <trkpt lon="4.376428" lat="50.817612"><ele>77.5</ele></trkpt>
   <trkpt lon="4.376351" lat="50.817489"><ele>77.5</ele></trkpt>
   <trkpt lon="4.376282" lat="50.817371"><ele>77.75</ele></trkpt>
   <trkpt lon="4.376165" lat="50.817161"><ele>79.0</ele></trkpt>
   <trkpt lon="4.376106" lat="50.817020"><ele>79.5</ele></trkpt>
   <trkpt lon="4.376054" lat="50.816820"><ele>80.25</ele></trkpt>
   <trkpt lon="4.375989" lat="50.816731"><ele>80.75</ele></trkpt>
   <trkpt lon="4.375942" lat="50.816552"><ele>81.25</ele></trkpt>
   <trkpt lon="4.375929" lat="50.816486"><ele>81.5</ele></trkpt>
   <trkpt lon="4.375925" lat="50.816463"><ele>81.5</ele></trkpt>
   <trkpt lon="4.375917" lat="50.816443"><ele>81.75</ele></trkpt>
   <trkpt lon="4.375886" lat="50.816371"><ele>82.0</ele></trkpt>
   <trkpt lon="4.375864" lat="50.816352"><ele>82.0</ele></trkpt>
   <trkpt lon="4.375826" lat="50.816334"><ele>82.0</ele></trkpt>
   <trkpt lon="4.375661" lat="50.816279"><ele>82.75</ele></trkpt>
   <trkpt lon="4.375565" lat="50.816254"><ele>82.75</ele></trkpt>
   <trkpt lon="4.375600" lat="50.816237"><ele>82.75</ele></trkpt>
   <trkpt lon="4.375628" lat="50.816212"><ele>82.75</ele></trkpt>
   <trkpt lon="4.375663" lat="50.816184"><ele>82.75</ele></trkpt>
   <trkpt lon="4.375711" lat="50.816142"><ele>82.75</ele></trkpt>
   <trkpt lon="4.375746" lat="50.816111"><ele>83.0</ele></trkpt>
   <trkpt lon="4.375837" lat="50.816028"><ele>82.75</ele></trkpt>
   <trkpt lon="4.376206" lat="50.815540"><ele>83.5</ele></trkpt>
   <trkpt lon="4.376232" lat="50.815504"><ele>83.75</ele></trkpt>
   <trkpt lon="4.376272" lat="50.815448"><ele>83.75</ele></trkpt>
   <trkpt lon="4.376301" lat="50.815413"><ele>83.75</ele></trkpt>
   <trkpt lon="4.376308" lat="50.815404"><ele>83.75</ele></trkpt>
   <trkpt lon="4.376329" lat="50.815375"><ele>83.75</ele></trkpt>
   <trkpt lon="4.376345" lat="50.815353"><ele>83.75</ele></trkpt>
   <trkpt lon="4.376357" lat="50.815335"><ele>83.75</ele></trkpt>
   <trkpt lon="4.376384" lat="50.815293"><ele>83.75</ele></trkpt>
   <trkpt lon="4.376583" lat="50.815039"><ele>84.25</ele></trkpt>
   <trkpt lon="4.376620" lat="50.814987"><ele>84.0</ele></trkpt>
   <trkpt lon="4.376682" lat="50.814904"><ele>84.0</ele></trkpt>
   <trkpt lon="4.376696" lat="50.814886"><ele>84.0</ele></trkpt>
   <trkpt lon="4.377419" lat="50.813920"><ele>86.0</ele></trkpt>
   <trkpt lon="4.377605" lat="50.813699"><ele>87.5</ele></trkpt>
   <trkpt lon="4.377626" lat="50.813678"><ele>87.75</ele></trkpt>
   <trkpt lon="4.377669" lat="50.813545"><ele>88.0</ele></trkpt>
   <trkpt lon="4.377686" lat="50.813523"><ele>88.0</ele></trkpt>
   <trkpt lon="4.377739" lat="50.813447"><ele>88.5</ele></trkpt>
   <trkpt lon="4.377760" lat="50.813429"><ele>88.5</ele></trkpt>
   <trkpt lon="4.377825" lat="50.813378"><ele>88.75</ele></trkpt>
   <trkpt lon="4.378129" lat="50.813033"><ele>90.0</ele></trkpt>
   <trkpt lon="4.378464" lat="50.812684"><ele>90.5</ele></trkpt>
   <trkpt lon="4.378928" lat="50.812276"><ele>91.75</ele></trkpt>
   <trkpt lon="4.378955" lat="50.812252"><ele>91.75</ele></trkpt>
   <trkpt lon="4.379289" lat="50.812000"><ele>92.75</ele></trkpt>
   <trkpt lon="4.379319" lat="50.811967"><ele>92.75</ele></trkpt>
   <trkpt lon="4.379725" lat="50.811704"><ele>93.75</ele></trkpt>
   <trkpt lon="4.380141" lat="50.811453"><ele>94.75</ele></trkpt>
   <trkpt lon="4.380521" lat="50.811242"><ele>96.0</ele></trkpt>
   <trkpt lon="4.381165" lat="50.810913"><ele>97.5</ele></trkpt>
   <trkpt lon="4.381472" lat="50.810745"><ele>98.25</ele></trkpt>
   <trkpt lon="4.381968" lat="50.810430"><ele>99.25</ele></trkpt>
   <trkpt lon="4.382467" lat="50.810073"><ele>100.0</ele></trkpt>
   <trkpt lon="4.382960" lat="50.809665"><ele>100.25</ele></trkpt>
   <trkpt lon="4.382993" lat="50.809587"><ele>100.5</ele></trkpt>
   <trkpt lon="4.383012" lat="50.809570"><ele>100.5</ele></trkpt>
   <trkpt lon="4.383037" lat="50.809545"><ele>100.5</ele></trkpt>
   <trkpt lon="4.383081" lat="50.809503"><ele>100.5</ele></trkpt>
   <trkpt lon="4.383224" lat="50.809381"><ele>100.25</ele></trkpt>
   <trkpt lon="4.383241" lat="50.809361"><ele>100.25</ele></trkpt>
   <trkpt lon="4.383426" lat="50.809192"><ele>100.0</ele></trkpt>
   <trkpt lon="4.383997" lat="50.808503"><ele>97.75</ele></trkpt>
   <trkpt lon="4.384402" lat="50.807975"><ele>95.75</ele></trkpt>
   <trkpt lon="4.384580" lat="50.807716"><ele>94.75</ele></trkpt>
   <trkpt lon="4.384751" lat="50.807467"><ele>93.75</ele></trkpt>
   <trkpt lon="4.384976" lat="50.807131"><ele>92.5</ele></trkpt>
   <trkpt lon="4.385677" lat="50.805992"><ele>88.5</ele></trkpt>
   <trkpt lon="4.385681" lat="50.805937"><ele>88.25</ele></trkpt>
   <trkpt lon="4.385694" lat="50.805914"><ele>88.25</ele></trkpt>
   <trkpt lon="4.385746" lat="50.805835"><ele>88.0</ele></trkpt>
   <trkpt lon="4.385767" lat="50.805804"><ele>88.0</ele></trkpt>
   <trkpt lon="4.385831" lat="50.805702"><ele>88.0</ele></trkpt>
   <trkpt lon="4.385886" lat="50.805664"><ele>88.0</ele></trkpt>
   <trkpt lon="4.385908" lat="50.805638"><ele>88.0</ele></trkpt>
   <trkpt lon="4.385925" lat="50.805614"><ele>88.0</ele></trkpt>
   <trkpt lon="4.385975" lat="50.805539"><ele>87.75</ele></trkpt>
   <trkpt lon="4.386136" lat="50.805302"><ele>88.0</ele></trkpt>
   <trkpt lon="4.386510" lat="50.804785"><ele>88.25</ele></trkpt>
   <trkpt lon="4.386927" lat="50.804233"><ele>89.5</ele></trkpt>
   <trkpt lon="4.387338" lat="50.803730"><ele>91.0</ele></trkpt>
   <trkpt lon="4.387585" lat="50.803431"><ele>92.0</ele></trkpt>
   <trkpt lon="4.388316" lat="50.802606"><ele>94.5</ele></trkpt>
   <trkpt lon="4.388330" lat="50.802579"><ele>94.5</ele></trkpt>
   <trkpt lon="4.388345" lat="50.802531"><ele>94.75</ele></trkpt>
   <trkpt lon="4.388366" lat="50.802503"><ele>94.75</ele></trkpt>
   <trkpt lon="4.388386" lat="50.802485"><ele>95.0</ele></trkpt>
   <trkpt lon="4.388431" lat="50.802440"><ele>95.0</ele></trkpt>
   <trkpt lon="4.388545" lat="50.802338"><ele>95.5</ele></trkpt>
   <trkpt lon="4.388575" lat="50.802321"><ele>95.5</ele></trkpt>
   <trkpt lon="4.388656" lat="50.802249"><ele>95.75</ele></trkpt>
   <trkpt lon="4.388967" lat="50.801934"><ele>97.0</ele></trkpt>
   <trkpt lon="4.389517" lat="50.801396"><ele>97.0</ele></trkpt>
   <trkpt lon="4.389993" lat="50.800944"><ele>96.0</ele></trkpt>
   <trkpt lon="4.390174" lat="50.800787"><ele>96.0</ele></trkpt>
   <trkpt lon="4.390746" lat="50.800279"><ele>94.25</ele></trkpt>
   <trkpt lon="4.391162" lat="50.799934"><ele>93.75</ele></trkpt>
   <trkpt lon="4.391607" lat="50.799590"><ele>89.0</ele></trkpt>
   <trkpt lon="4.392282" lat="50.799089"><ele>94.0</ele></trkpt>
   <trkpt lon="4.392303" lat="50.799071"><ele>94.0</ele></trkpt>
   <trkpt lon="4.392358" lat="50.798996"><ele>94.0</ele></trkpt>
   <trkpt lon="4.392416" lat="50.798957"><ele>94.0</ele></trkpt>
   <trkpt lon="4.392448" lat="50.798936"><ele>94.0</ele></trkpt>
   <trkpt lon="4.392531" lat="50.798881"><ele>93.75</ele></trkpt>
   <trkpt lon="4.392561" lat="50.798863"><ele>94.0</ele></trkpt>
   <trkpt lon="4.392603" lat="50.798835"><ele>93.75</ele></trkpt>
   <trkpt lon="4.392669" lat="50.798816"><ele>94.0</ele></trkpt>
   <trkpt lon="4.393204" lat="50.798453"><ele>94.0</ele></trkpt>
   <trkpt lon="4.393946" lat="50.797977"><ele>94.0</ele></trkpt>
   <trkpt lon="4.394049" lat="50.797918"><ele>94.0</ele></trkpt>
   <trkpt lon="4.394337" lat="50.797757"><ele>93.75</ele></trkpt>
   <trkpt lon="4.394563" lat="50.797645"><ele>93.5</ele></trkpt>
   <trkpt lon="4.395102" lat="50.797402"><ele>94.5</ele></trkpt>
   <trkpt lon="4.395323" lat="50.797309"><ele>94.75</ele></trkpt>
   <trkpt lon="4.395356" lat="50.797295"><ele>94.75</ele></trkpt>
   <trkpt lon="4.395372" lat="50.797287"><ele>94.75</ele></trkpt>
   <trkpt lon="4.395411" lat="50.797268"><ele>94.75</ele></trkpt>
   <trkpt lon="4.395427" lat="50.797260"><ele>94.75</ele></trkpt>
   <trkpt lon="4.395505" lat="50.797228"><ele>94.75</ele></trkpt>
   <trkpt lon="4.395611" lat="50.797178"><ele>95.0</ele></trkpt>
   <trkpt lon="4.395707" lat="50.797135"><ele>95.25</ele></trkpt>
   <trkpt lon="4.395823" lat="50.797088"><ele>95.25</ele></trkpt>
   <trkpt lon="4.395875" lat="50.797067"><ele>95.5</ele></trkpt>
   <trkpt lon="4.395943" lat="50.797039"><ele>95.5</ele></trkpt>
   <trkpt lon="4.396186" lat="50.796925"><ele>96.0</ele></trkpt>
   <trkpt lon="4.396441" lat="50.796893"><ele>96.25</ele></trkpt>
   <trkpt lon="4.396979" lat="50.796800"><ele>97.0</ele></trkpt>
   <trkpt lon="4.397246" lat="50.796739"><ele>98.0</ele></trkpt>
   <trkpt lon="4.398048" lat="50.796622"><ele>97.0</ele></trkpt>
   <trkpt lon="4.398744" lat="50.796522"><ele>97.25</ele></trkpt>
   <trkpt lon="4.398905" lat="50.796517"><ele>98.0</ele></trkpt>
   <trkpt lon="4.399344" lat="50.796454"><ele>98.5</ele></trkpt>
   <trkpt lon="4.399418" lat="50.796431"><ele>98.75</ele></trkpt>
   <trkpt lon="4.399537" lat="50.796411"><ele>99.0</ele></trkpt>
   <trkpt lon="4.400512" lat="50.796272"><ele>101.5</ele></trkpt>
   <trkpt lon="4.400690" lat="50.796248"><ele>102.0</ele></trkpt>
   <trkpt lon="4.400742" lat="50.796251"><ele>101.75</ele></trkpt>
   <trkpt lon="4.400823" lat="50.796240"><ele>102.0</ele></trkpt>
   <trkpt lon="4.400894" lat="50.796227"><ele>102.0</ele></trkpt>
   <trkpt lon="4.401080" lat="50.796201"><ele>102.5</ele></trkpt>
   <trkpt lon="4.401325" lat="50.796167"><ele>102.75</ele></trkpt>
   <trkpt lon="4.401783" lat="50.796104"><ele>103.0</ele></trkpt>
   <trkpt lon="4.401833" lat="50.796100"><ele>103.0</ele></trkpt>
   <trkpt lon="4.402065" lat="50.796105"><ele>103.25</ele></trkpt>
   <trkpt lon="4.402929" lat="50.795989"><ele>104.0</ele></trkpt>
   <trkpt lon="4.403131" lat="50.795959"><ele>104.5</ele></trkpt>
   <trkpt lon="4.404058" lat="50.795825"><ele>104.0</ele></trkpt>
   <trkpt lon="4.404878" lat="50.795708"><ele>103.0</ele></trkpt>
   <trkpt lon="4.405842" lat="50.795570"><ele>102.0</ele></trkpt>
   <trkpt lon="4.406259" lat="50.795507"><ele>101.5</ele></trkpt>
   <trkpt lon="4.406954" lat="50.795403"><ele>100.0</ele></trkpt>
   <trkpt lon="4.406986" lat="50.795398"><ele>100.0</ele></trkpt>
   <trkpt lon="4.407211" lat="50.795367"><ele>100.0</ele></trkpt>
   <trkpt lon="4.407372" lat="50.795348"><ele>99.75</ele></trkpt>
   <trkpt lon="4.407401" lat="50.795344"><ele>99.75</ele></trkpt>
   <trkpt lon="4.407637" lat="50.795318"><ele>99.25</ele></trkpt>
   <trkpt lon="4.407898" lat="50.795301"><ele>98.5</ele></trkpt>
   <trkpt lon="4.407964" lat="50.795299"><ele>98.25</ele></trkpt>
   <trkpt lon="4.408004" lat="50.795298"><ele>98.0</ele></trkpt>
   <trkpt lon="4.408309" lat="50.795305"><ele>97.0</ele></trkpt>
   <trkpt lon="4.408568" lat="50.795311"><ele>97.0</ele></trkpt>
   <trkpt lon="4.408783" lat="50.795328"><ele>96.25</ele></trkpt>
   <trkpt lon="4.409295" lat="50.795375"><ele>94.5</ele></trkpt>
   <trkpt lon="4.411504" lat="50.795406"><ele>88.0</ele></trkpt>
   <trkpt lon="4.412175" lat="50.795447"><ele>85.5</ele></trkpt>
   <trkpt lon="4.412772" lat="50.795516"><ele>83.25</ele></trkpt>
   <trkpt lon="4.413094" lat="50.795564"><ele>82.75</ele></trkpt>
   <trkpt lon="4.413215" lat="50.795584"><ele>82.25</ele></trkpt>
   <trkpt lon="4.413595" lat="50.795658"><ele>81.0</ele></trkpt>
   <trkpt lon="4.413732" lat="50.795691"><ele>80.5</ele></trkpt>
   <trkpt lon="4.413963" lat="50.795748"><ele>79.5</ele></trkpt>
   <trkpt lon="4.414074" lat="50.795788"><ele>79.25</ele></trkpt>
   <trkpt lon="4.414120" lat="50.795721"><ele>79.0</ele></trkpt>
   <trkpt lon="4.414122" lat="50.795707"><ele>79.0</ele></trkpt>
   <trkpt lon="4.414124" lat="50.795661"><ele>79.0</ele></trkpt>
   <trkpt lon="4.414136" lat="50.795625"><ele>79.0</ele></trkpt>
   <trkpt lon="4.414164" lat="50.795583"><ele>79.0</ele></trkpt>
   <trkpt lon="4.414212" lat="50.795531"><ele>78.75</ele></trkpt>
   <trkpt lon="4.414283" lat="50.795481"><ele>78.75</ele></trkpt>
   <trkpt lon="4.414558" lat="50.795355"><ele>77.75</ele></trkpt>
   <trkpt lon="4.415623" lat="50.794917"><ele>73.5</ele></trkpt>
   <trkpt lon="4.415932" lat="50.794807"><ele>72.5</ele></trkpt>
   <trkpt lon="4.416051" lat="50.794756"><ele>72.0</ele></trkpt>
   <trkpt lon="4.416144" lat="50.794702"><ele>71.75</ele></trkpt>
   <trkpt lon="4.416261" lat="50.794634"><ele>71.5</ele></trkpt>
   <trkpt lon="4.416220" lat="50.794595"><ele>71.75</ele></trkpt>
   <trkpt lon="4.416140" lat="50.794518"><ele>72.5</ele></trkpt>
   <trkpt lon="4.416193" lat="50.794500"><ele>72.25</ele></trkpt>
   <trkpt lon="4.416572" lat="50.794408"><ele>70.5</ele></trkpt>
   <trkpt lon="4.416776" lat="50.794366"><ele>69.75</ele></trkpt>
   <trkpt lon="4.417074" lat="50.794264"><ele>68.5</ele></trkpt>
   <trkpt lon="4.417313" lat="50.794168"><ele>67.75</ele></trkpt>
   <trkpt lon="4.417388" lat="50.794121"><ele>68.0</ele></trkpt>
   <trkpt lon="4.417674" lat="50.793981"><ele>67.25</ele></trkpt>
   <trkpt lon="4.417723" lat="50.793955"><ele>67.0</ele></trkpt>
   <trkpt lon="4.417751" lat="50.793941"><ele>67.0</ele></trkpt>
   <trkpt lon="4.417838" lat="50.793895"><ele>67.0</ele></trkpt>
   <trkpt lon="4.417916" lat="50.793902"><ele>67.0</ele></trkpt>
   <trkpt lon="4.418227" lat="50.793736"><ele>67.0</ele></trkpt>
   <trkpt lon="4.418322" lat="50.793677"><ele>67.0</ele></trkpt>
   <trkpt lon="4.418294" lat="50.793622"><ele>67.0</ele></trkpt>
   <trkpt lon="4.418350" lat="50.793577"><ele>67.0</ele></trkpt>
   <trkpt lon="4.418460" lat="50.793492"><ele>67.0</ele></trkpt>
   <trkpt lon="4.418554" lat="50.793435"><ele>67.0</ele></trkpt>
   <trkpt lon="4.418562" lat="50.793400"><ele>67.0</ele></trkpt>
   <trkpt lon="4.418765" lat="50.793185"><ele>67.25</ele></trkpt>
   <trkpt lon="4.418954" lat="50.792950"><ele>67.0</ele></trkpt>
   <trkpt lon="4.419054" lat="50.792790"><ele>67.5</ele></trkpt>
   <trkpt lon="4.419397" lat="50.792150"><ele>68.25</ele></trkpt>
   <trkpt lon="4.419460" lat="50.792072"><ele>68.5</ele></trkpt>
   <trkpt lon="4.419546" lat="50.792008"><ele>69.0</ele></trkpt>
   <trkpt lon="4.419572" lat="50.791988"><ele>69.25</ele></trkpt>
   <trkpt lon="4.419585" lat="50.791966"><ele>69.25</ele></trkpt>
   <trkpt lon="4.419648" lat="50.791854"><ele>70.0</ele></trkpt>
   <trkpt lon="4.419721" lat="50.791722"><ele>70.75</ele></trkpt>
   <trkpt lon="4.419783" lat="50.791619"><ele>71.25</ele></trkpt>
   <trkpt lon="4.419746" lat="50.791511"><ele>72.0</ele></trkpt>
   <trkpt lon="4.419829" lat="50.791351"><ele>73.5</ele></trkpt>
   <trkpt lon="4.419946" lat="50.791084"><ele>75.0</ele></trkpt>
   <trkpt lon="4.419992" lat="50.790951"><ele>74.75</ele></trkpt>
   <trkpt lon="4.420031" lat="50.790808"><ele>75.0</ele></trkpt>
   <trkpt lon="4.420085" lat="50.790480"><ele>76.0</ele></trkpt>
   <trkpt lon="4.420170" lat="50.790388"><ele>76.0</ele></trkpt>
   <trkpt lon="4.420178" lat="50.790319"><ele>76.25</ele></trkpt>
   <trkpt lon="4.420183" lat="50.790284"><ele>76.25</ele></trkpt>
   <trkpt lon="4.420186" lat="50.790256"><ele>76.25</ele></trkpt>
   <trkpt lon="4.420219" lat="50.790089"><ele>76.0</ele></trkpt>
   <trkpt lon="4.420242" lat="50.789951"><ele>76.25</ele></trkpt>
   <trkpt lon="4.420260" lat="50.789821"><ele>76.5</ele></trkpt>
   <trkpt lon="4.420171" lat="50.789751"><ele>77.5</ele></trkpt>
   <trkpt lon="4.420171" lat="50.789701"><ele>77.75</ele></trkpt>
   <trkpt lon="4.420214" lat="50.789453"><ele>77.75</ele></trkpt>
   <trkpt lon="4.420259" lat="50.789298"><ele>77.75</ele></trkpt>
   <trkpt lon="4.420368" lat="50.789016"><ele>78.25</ele></trkpt>
   <trkpt lon="4.420505" lat="50.788796"><ele>79.25</ele></trkpt>
   <trkpt lon="4.420690" lat="50.788551"><ele>80.0</ele></trkpt>
   <trkpt lon="4.420915" lat="50.788297"><ele>81.0</ele></trkpt>
   <trkpt lon="4.421240" lat="50.788006"><ele>83.0</ele></trkpt>
   <trkpt lon="4.421771" lat="50.787666"><ele>85.25</ele></trkpt>
   <trkpt lon="4.422881" lat="50.787067"><ele>87.75</ele></trkpt>
   <trkpt lon="4.424296" lat="50.786288"><ele>85.5</ele></trkpt>
   <trkpt lon="4.424501" lat="50.786156"><ele>85.0</ele></trkpt>
   <trkpt lon="4.424635" lat="50.786067"><ele>84.75</ele></trkpt>
   <trkpt lon="4.425505" lat="50.785601"><ele>81.5</ele></trkpt>
   <trkpt lon="4.425550" lat="50.785563"><ele>81.0</ele></trkpt>
   <trkpt lon="4.425569" lat="50.785517"><ele>81.25</ele></trkpt>
   <trkpt lon="4.425584" lat="50.785444"><ele>81.75</ele></trkpt>
   <trkpt lon="4.425615" lat="50.785391"><ele>82.25</ele></trkpt>
   <trkpt lon="4.425701" lat="50.785347"><ele>82.75</ele></trkpt>
   <trkpt lon="4.425790" lat="50.785321"><ele>83.25</ele></trkpt>
   <trkpt lon="4.425893" lat="50.785317"><ele>82.75</ele></trkpt>
   <trkpt lon="4.426064" lat="50.785307"><ele>81.25</ele></trkpt>
   <trkpt lon="4.426366" lat="50.785139"><ele>80.0</ele></trkpt>
   <trkpt lon="4.426808" lat="50.784882"><ele>82.0</ele></trkpt>
   <trkpt lon="4.427127" lat="50.784712"><ele>82.0</ele></trkpt>
   <trkpt lon="4.427244" lat="50.784660"><ele>82.25</ele></trkpt>
   <trkpt lon="4.427338" lat="50.784596"><ele>82.5</ele></trkpt>
   <trkpt lon="4.427455" lat="50.784507"><ele>82.75</ele></trkpt>
   <trkpt lon="4.427612" lat="50.784371"><ele>83.0</ele></trkpt>
   <trkpt lon="4.427814" lat="50.784177"><ele>82.5</ele></trkpt>
   <trkpt lon="4.429900" lat="50.781797"><ele>95.5</ele></trkpt>
   <trkpt lon="4.432856" lat="50.778399"><ele>113.5</ele></trkpt>
   <trkpt lon="4.432922" lat="50.778301"><ele>113.25</ele></trkpt>
   <trkpt lon="4.432954" lat="50.778235"><ele>113.0</ele></trkpt>
   <trkpt lon="4.432971" lat="50.778197"><ele>113.0</ele></trkpt>
   <trkpt lon="4.432996" lat="50.778156"><ele>113.0</ele></trkpt>
   <trkpt lon="4.433041" lat="50.778083"><ele>113.0</ele></trkpt>
   <trkpt lon="4.433228" lat="50.777867"><ele>112.5</ele></trkpt>
   <trkpt lon="4.433445" lat="50.777710"><ele>112.75</ele></trkpt>
   <trkpt lon="4.434537" lat="50.776464"><ele>109.5</ele></trkpt>
   <trkpt lon="4.435897" lat="50.774898"><ele>104.25</ele></trkpt>
   <trkpt lon="4.436891" lat="50.773756"><ele>103.0</ele></trkpt>
   <trkpt lon="4.437486" lat="50.773176"><ele>106.5</ele></trkpt>
   <trkpt lon="4.437896" lat="50.772840"><ele>107.5</ele></trkpt>
   <trkpt lon="4.439682" lat="50.771468"><ele>107.25</ele></trkpt>
   <trkpt lon="4.439940" lat="50.771261"><ele>107.0</ele></trkpt>
   <trkpt lon="4.441083" lat="50.770379"><ele>101.75</ele></trkpt>
   <trkpt lon="4.441463" lat="50.769989"><ele>100.25</ele></trkpt>
   <trkpt lon="4.442273" lat="50.769496"><ele>98.75</ele></trkpt>
   <trkpt lon="4.442942" lat="50.769089"><ele>95.75</ele></trkpt>
   <trkpt lon="4.443360" lat="50.768771"><ele>93.0</ele></trkpt>
   <trkpt lon="4.443382" lat="50.768747"><ele>93.0</ele></trkpt>
   <trkpt lon="4.443388" lat="50.768701"><ele>93.25</ele></trkpt>
   <trkpt lon="4.443406" lat="50.768671"><ele>93.0</ele></trkpt>
   <trkpt lon="4.443948" lat="50.768380"><ele>94.5</ele></trkpt>
   <trkpt lon="4.444284" lat="50.768288"><ele>96.25</ele></trkpt>
   <trkpt lon="4.445110" lat="50.768003"><ele>97.75</ele></trkpt>
   <trkpt lon="4.445148" lat="50.767982"><ele>97.75</ele></trkpt>
   <trkpt lon="4.445197" lat="50.767936"><ele>98.0</ele></trkpt>
   <trkpt lon="4.445215" lat="50.767895"><ele>98.25</ele></trkpt>
   <trkpt lon="4.445215" lat="50.767848"><ele>98.5</ele></trkpt>
   <trkpt lon="4.445285" lat="50.767842"><ele>98.5</ele></trkpt>
   <trkpt lon="4.445372" lat="50.767811"><ele>98.25</ele></trkpt>
   <trkpt lon="4.445615" lat="50.767649"><ele>98.25</ele></trkpt>
   <trkpt lon="4.445868" lat="50.767507"><ele>98.0</ele></trkpt>
   <trkpt lon="4.445929" lat="50.767477"><ele>98.0</ele></trkpt>
   <trkpt lon="4.446767" lat="50.767142"><ele>98.0</ele></trkpt>
   <trkpt lon="4.447386" lat="50.766909"><ele>98.0</ele></trkpt>
   <trkpt lon="4.447911" lat="50.766728"><ele>98.0</ele></trkpt>
   <trkpt lon="4.447983" lat="50.766718"><ele>98.0</ele></trkpt>
   <trkpt lon="4.448070" lat="50.766714"><ele>98.0</ele></trkpt>
   <trkpt lon="4.448293" lat="50.766739"><ele>98.0</ele></trkpt>
   <trkpt lon="4.448331" lat="50.766742"><ele>98.0</ele></trkpt>
   <trkpt lon="4.448480" lat="50.766747"><ele>97.75</ele></trkpt>
   <trkpt lon="4.448581" lat="50.766742"><ele>97.75</ele></trkpt>
   <trkpt lon="4.448740" lat="50.766723"><ele>97.25</ele></trkpt>
   <trkpt lon="4.448842" lat="50.766701"><ele>97.0</ele></trkpt>
   <trkpt lon="4.449008" lat="50.766652"><ele>96.5</ele></trkpt>
   <trkpt lon="4.449380" lat="50.766493"><ele>96.5</ele></trkpt>
   <trkpt lon="4.450082" lat="50.766185"><ele>94.0</ele></trkpt>
   <trkpt lon="4.450187" lat="50.766140"><ele>94.25</ele></trkpt>
   <trkpt lon="4.450263" lat="50.766096"><ele>95.0</ele></trkpt>
   <trkpt lon="4.450391" lat="50.765979"><ele>95.75</ele></trkpt>
   <trkpt lon="4.450733" lat="50.765803"><ele>94.75</ele></trkpt>
   <trkpt lon="4.451492" lat="50.765557"><ele>93.25</ele></trkpt>
   <trkpt lon="4.451827" lat="50.765455"><ele>93.25</ele></trkpt>
   <trkpt lon="4.452279" lat="50.765361"><ele>93.75</ele></trkpt>
   <trkpt lon="4.452833" lat="50.765212"><ele>89.25</ele></trkpt>
   <trkpt lon="4.453021" lat="50.765177"><ele>88.5</ele></trkpt>
   <trkpt lon="4.453192" lat="50.765162"><ele>88.25</ele></trkpt>
   <trkpt lon="4.453441" lat="50.765162"><ele>87.5</ele></trkpt>
   <trkpt lon="4.453699" lat="50.765185"><ele>87.0</ele></trkpt>
   <trkpt lon="4.453912" lat="50.765216"><ele>86.75</ele></trkpt>
   <trkpt lon="4.454194" lat="50.765280"><ele>87.75</ele></trkpt>
   <trkpt lon="4.454960" lat="50.765526"><ele>86.5</ele></trkpt>
   <trkpt lon="4.455087" lat="50.765536"><ele>86.5</ele></trkpt>
   <trkpt lon="4.455167" lat="50.765565"><ele>86.25</ele></trkpt>
   <trkpt lon="4.455488" lat="50.765678"><ele>86.75</ele></trkpt>
   <trkpt lon="4.456012" lat="50.765839"><ele>83.75</ele></trkpt>
   <trkpt lon="4.456436" lat="50.765905"><ele>82.25</ele></trkpt>
   <trkpt lon="4.456799" lat="50.765936"><ele>81.0</ele></trkpt>
   <trkpt lon="4.456893" lat="50.765935"><ele>81.0</ele></trkpt>
   <trkpt lon="4.457938" lat="50.765907"><ele>80.75</ele></trkpt>
   <trkpt lon="4.458177" lat="50.765904"><ele>80.25</ele></trkpt>
   <trkpt lon="4.458248" lat="50.765915"><ele>80.0</ele></trkpt>
   <trkpt lon="4.458308" lat="50.765943"><ele>79.75</ele></trkpt>
   <trkpt lon="4.459034" lat="50.765914"><ele>78.0</ele></trkpt>
   <trkpt lon="4.459844" lat="50.765913"><ele>76.0</ele></trkpt>
   <trkpt lon="4.459944" lat="50.765917"><ele>75.25</ele></trkpt>
   <trkpt lon="4.460759" lat="50.766085"><ele>75.0</ele></trkpt>
   <trkpt lon="4.461383" lat="50.766276"><ele>74.5</ele></trkpt>
   <trkpt lon="4.461463" lat="50.766309"><ele>74.25</ele></trkpt>
   <trkpt lon="4.462335" lat="50.766529"><ele>73.25</ele></trkpt>
   <trkpt lon="4.462462" lat="50.766552"><ele>73.0</ele></trkpt>
   <trkpt lon="4.462562" lat="50.766549"><ele>73.0</ele></trkpt>
   <trkpt lon="4.463082" lat="50.766538"><ele>73.0</ele></trkpt>
   <trkpt lon="4.463230" lat="50.766535"><ele>73.0</ele></trkpt>
   <trkpt lon="4.463365" lat="50.766585"><ele>72.75</ele></trkpt>
   <trkpt lon="4.463569" lat="50.766579"><ele>72.5</ele></trkpt>
   <trkpt lon="4.463764" lat="50.766574"><ele>72.5</ele></trkpt>
   <trkpt lon="4.464517" lat="50.766560"><ele>72.0</ele></trkpt>
   <trkpt lon="4.464955" lat="50.766560"><ele>71.5</ele></trkpt>
   <trkpt lon="4.465338" lat="50.766571"><ele>71.5</ele></trkpt>
   <trkpt lon="4.466715" lat="50.766627"><ele>71.75</ele></trkpt>
   <trkpt lon="4.466819" lat="50.766631"><ele>71.75</ele></trkpt>
   <trkpt lon="4.467230" lat="50.766651"><ele>71.75</ele></trkpt>
   <trkpt lon="4.467611" lat="50.766668"><ele>71.0</ele></trkpt>
   <trkpt lon="4.468462" lat="50.766701"><ele>71.5</ele></trkpt>
   <trkpt lon="4.469608" lat="50.766752"><ele>71.5</ele></trkpt>
   <trkpt lon="4.469834" lat="50.766760"><ele>71.5</ele></trkpt>
   <trkpt lon="4.470045" lat="50.766768"><ele>71.0</ele></trkpt>
   <trkpt lon="4.470193" lat="50.766774"><ele>70.75</ele></trkpt>
   <trkpt lon="4.470296" lat="50.766778"><ele>70.75</ele></trkpt>
   <trkpt lon="4.471682" lat="50.766843"><ele>69.5</ele></trkpt>
   <trkpt lon="4.471883" lat="50.766860"><ele>69.5</ele></trkpt>
   <trkpt lon="4.471947" lat="50.766865"><ele>69.5</ele></trkpt>
   <trkpt lon="4.472082" lat="50.766887"><ele>69.75</ele></trkpt>
   <trkpt lon="4.472454" lat="50.766954"><ele>69.0</ele></trkpt>
   <trkpt lon="4.472775" lat="50.767040"><ele>69.25</ele></trkpt>
   <trkpt lon="4.474075" lat="50.767482"><ele>68.75</ele></trkpt>
   <trkpt lon="4.474388" lat="50.767585"><ele>69.0</ele></trkpt>
   <trkpt lon="4.474598" lat="50.767653"><ele>69.0</ele></trkpt>
   <trkpt lon="4.474859" lat="50.767725"><ele>69.0</ele></trkpt>
   <trkpt lon="4.475090" lat="50.767778"><ele>69.0</ele></trkpt>
   <trkpt lon="4.475485" lat="50.767858"><ele>69.0</ele></trkpt>
   <trkpt lon="4.475714" lat="50.767905"><ele>69.0</ele></trkpt>
   <trkpt lon="4.475895" lat="50.767942"><ele>69.0</ele></trkpt>
   <trkpt lon="4.476003" lat="50.767965"><ele>69.0</ele></trkpt>
   <trkpt lon="4.476155" lat="50.767997"><ele>69.0</ele></trkpt>
   <trkpt lon="4.476862" lat="50.768146"><ele>68.5</ele></trkpt>
   <trkpt lon="4.476929" lat="50.768160"><ele>68.5</ele></trkpt>
   <trkpt lon="4.477039" lat="50.768182"><ele>68.5</ele></trkpt>
   <trkpt lon="4.477153" lat="50.768205"><ele>68.25</ele></trkpt>
   <trkpt lon="4.477215" lat="50.768219"><ele>68.25</ele></trkpt>
   <trkpt lon="4.477490" lat="50.768282"><ele>68.0</ele></trkpt>
   <trkpt lon="4.477652" lat="50.768330"><ele>68.0</ele></trkpt>
   <trkpt lon="4.478600" lat="50.768842"><ele>67.75</ele></trkpt>
   <trkpt lon="4.479371" lat="50.769285"><ele>67.5</ele></trkpt>
   <trkpt lon="4.479552" lat="50.769385"><ele>67.75</ele></trkpt>
   <trkpt lon="4.479708" lat="50.769457"><ele>68.0</ele></trkpt>
   <trkpt lon="4.479755" lat="50.769478"><ele>68.0</ele></trkpt>
   <trkpt lon="4.480031" lat="50.769580"><ele>68.0</ele></trkpt>
   <trkpt lon="4.480203" lat="50.769630"><ele>68.5</ele></trkpt>
   <trkpt lon="4.480465" lat="50.769692"><ele>68.25</ele></trkpt>
   <trkpt lon="4.480802" lat="50.769740"><ele>68.5</ele></trkpt>
   <trkpt lon="4.481684" lat="50.769831"><ele>69.0</ele></trkpt>
   <trkpt lon="4.481971" lat="50.769846"><ele>67.75</ele></trkpt>
   <trkpt lon="4.482288" lat="50.769850"><ele>67.25</ele></trkpt>
   <trkpt lon="4.482588" lat="50.769841"><ele>67.0</ele></trkpt>
   <trkpt lon="4.482950" lat="50.769807"><ele>67.25</ele></trkpt>
   <trkpt lon="4.483614" lat="50.769703"><ele>65.75</ele></trkpt>
   <trkpt lon="4.485518" lat="50.769355"><ele>65.0</ele></trkpt>
   <trkpt lon="4.486894" lat="50.769120"><ele>64.75</ele></trkpt>
   <trkpt lon="4.487042" lat="50.769091"><ele>65.0</ele></trkpt>
   <trkpt lon="4.487134" lat="50.769037"><ele>65.0</ele></trkpt>
   <trkpt lon="4.487179" lat="50.769011"><ele>65.0</ele></trkpt>
   <trkpt lon="4.488144" lat="50.768685"><ele>64.25</ele></trkpt>
   <trkpt lon="4.488295" lat="50.768642"><ele>64.0</ele></trkpt>
   <trkpt lon="4.488451" lat="50.768611"><ele>64.25</ele></trkpt>
   <trkpt lon="4.488799" lat="50.768563"><ele>64.75</ele></trkpt>
   <trkpt lon="4.489162" lat="50.768557"><ele>64.0</ele></trkpt>
   <trkpt lon="4.489324" lat="50.768567"><ele>64.0</ele></trkpt>
   <trkpt lon="4.489570" lat="50.768598"><ele>64.0</ele></trkpt>
   <trkpt lon="4.489736" lat="50.768626"><ele>64.0</ele></trkpt>
   <trkpt lon="4.491252" lat="50.768987"><ele>64.0</ele></trkpt>
   <trkpt lon="4.493710" lat="50.769576"><ele>64.25</ele></trkpt>
   <trkpt lon="4.493944" lat="50.769624"><ele>64.5</ele></trkpt>
   <trkpt lon="4.494130" lat="50.769656"><ele>64.75</ele></trkpt>
   <trkpt lon="4.494308" lat="50.769675"><ele>64.75</ele></trkpt>
   <trkpt lon="4.494685" lat="50.769698"><ele>64.75</ele></trkpt>
   <trkpt lon="4.496798" lat="50.769716"><ele>63.75</ele></trkpt>
   <trkpt lon="4.497147" lat="50.769726"><ele>64.0</ele></trkpt>
   <trkpt lon="4.497499" lat="50.769748"><ele>65.25</ele></trkpt>
   <trkpt lon="4.498789" lat="50.769856"><ele>65.5</ele></trkpt>
   <trkpt lon="4.499034" lat="50.769869"><ele>65.75</ele></trkpt>
   <trkpt lon="4.499214" lat="50.769872"><ele>66.0</ele></trkpt>
   <trkpt lon="4.499584" lat="50.769863"><ele>66.25</ele></trkpt>
   <trkpt lon="4.499970" lat="50.769847"><ele>66.25</ele></trkpt>
   <trkpt lon="4.500608" lat="50.769823"><ele>66.25</ele></trkpt>
   <trkpt lon="4.500910" lat="50.769821"><ele>66.25</ele></trkpt>
   <trkpt lon="4.501978" lat="50.769875"><ele>64.5</ele></trkpt>
   <trkpt lon="4.502056" lat="50.769866"><ele>64.5</ele></trkpt>
   <trkpt lon="4.502103" lat="50.769821"><ele>64.25</ele></trkpt>
   <trkpt lon="4.502139" lat="50.769767"><ele>64.0</ele></trkpt>
   <trkpt lon="4.502213" lat="50.769780"><ele>64.0</ele></trkpt>
   <trkpt lon="4.502349" lat="50.769796"><ele>65.5</ele></trkpt>
   <trkpt lon="4.502409" lat="50.769838"><ele>65.75</ele></trkpt>
   <trkpt lon="4.502461" lat="50.769864"><ele>66.0</ele></trkpt>
   <trkpt lon="4.502589" lat="50.769902"><ele>67.75</ele></trkpt>
   <trkpt lon="4.503278" lat="50.769944"><ele>65.5</ele></trkpt>
   <trkpt lon="4.503740" lat="50.769960"><ele>62.5</ele></trkpt>
   <trkpt lon="4.504034" lat="50.769960"><ele>61.75</ele></trkpt>
   <trkpt lon="4.504262" lat="50.769926"><ele>61.75</ele></trkpt>
   <trkpt lon="4.505951" lat="50.769620"><ele>62.5</ele></trkpt>
   <trkpt lon="4.507627" lat="50.769301"><ele>63.0</ele></trkpt>
   <trkpt lon="4.507996" lat="50.769233"><ele>63.75</ele></trkpt>
   <trkpt lon="4.509282" lat="50.769030"><ele>61.0</ele></trkpt>
   <trkpt lon="4.509862" lat="50.768949"><ele>62.0</ele></trkpt>
   <trkpt lon="4.510132" lat="50.768919"><ele>62.25</ele></trkpt>
   <trkpt lon="4.510370" lat="50.768906"><ele>62.25</ele></trkpt>
   <trkpt lon="4.510570" lat="50.768906"><ele>62.25</ele></trkpt>
   <trkpt lon="4.510757" lat="50.768918"><ele>63.25</ele></trkpt>
   <trkpt lon="4.511143" lat="50.768986"><ele>64.5</ele></trkpt>
   <trkpt lon="4.511550" lat="50.769080"><ele>62.75</ele></trkpt>
   <trkpt lon="4.511990" lat="50.769198"><ele>63.5</ele></trkpt>
   <trkpt lon="4.513525" lat="50.769676"><ele>65.0</ele></trkpt>
   <trkpt lon="4.513722" lat="50.769724"><ele>65.5</ele></trkpt>
   <trkpt lon="4.514012" lat="50.769775"><ele>65.5</ele></trkpt>
   <trkpt lon="4.514624" lat="50.769832"><ele>65.5</ele></trkpt>
   <trkpt lon="4.516230" lat="50.769947"><ele>65.0</ele></trkpt>
   <trkpt lon="4.516388" lat="50.769949"><ele>65.25</ele></trkpt>
   <trkpt lon="4.516802" lat="50.769927"><ele>64.75</ele></trkpt>
   <trkpt lon="4.517275" lat="50.769830"><ele>63.0</ele></trkpt>
   <trkpt lon="4.517741" lat="50.769707"><ele>63.5</ele></trkpt>
   <trkpt lon="4.518179" lat="50.769522"><ele>60.75</ele></trkpt>
   <trkpt lon="4.518862" lat="50.769111"><ele>59.75</ele></trkpt>
   <trkpt lon="4.519763" lat="50.768554"><ele>61.0</ele></trkpt>
   <trkpt lon="4.519823" lat="50.768526"><ele>61.25</ele></trkpt>
   <trkpt lon="4.519915" lat="50.768479"><ele>61.25</ele></trkpt>
   <trkpt lon="4.520014" lat="50.768446"><ele>61.5</ele></trkpt>
   <trkpt lon="4.520415" lat="50.768351"><ele>61.25</ele></trkpt>
   <trkpt lon="4.521062" lat="50.768217"><ele>63.0</ele></trkpt>
   <trkpt lon="4.521711" lat="50.768111"><ele>62.5</ele></trkpt>
   <trkpt lon="4.522779" lat="50.768004"><ele>61.5</ele></trkpt>
   <trkpt lon="4.523143" lat="50.767988"><ele>61.0</ele></trkpt>
   <trkpt lon="4.523331" lat="50.767980"><ele>61.0</ele></trkpt>
   <trkpt lon="4.523888" lat="50.767985"><ele>61.0</ele></trkpt>
   <trkpt lon="4.524920" lat="50.768073"><ele>59.75</ele></trkpt>
   <trkpt lon="4.525132" lat="50.768104"><ele>60.25</ele></trkpt>
   <trkpt lon="4.525339" lat="50.768144"><ele>60.5</ele></trkpt>
   <trkpt lon="4.525541" lat="50.768195"><ele>60.0</ele></trkpt>
   <trkpt lon="4.525676" lat="50.768255"><ele>59.5</ele></trkpt>
   <trkpt lon="4.525842" lat="50.768334"><ele>58.75</ele></trkpt>
   <trkpt lon="4.526165" lat="50.768492"><ele>58.25</ele></trkpt>
   <trkpt lon="4.526467" lat="50.768663"><ele>58.0</ele></trkpt>
   <trkpt lon="4.526612" lat="50.768760"><ele>58.25</ele></trkpt>
   <trkpt lon="4.526776" lat="50.768962"><ele>58.5</ele></trkpt>
   <trkpt lon="4.527308" lat="50.769418"><ele>58.0</ele></trkpt>
   <trkpt lon="4.527377" lat="50.769466"><ele>57.75</ele></trkpt>
   <trkpt lon="4.527432" lat="50.769497"><ele>58.0</ele></trkpt>
   <trkpt lon="4.527491" lat="50.769525"><ele>58.0</ele></trkpt>
   <trkpt lon="4.527716" lat="50.769591"><ele>58.0</ele></trkpt>
   <trkpt lon="4.528664" lat="50.769863"><ele>57.5</ele></trkpt>
   <trkpt lon="4.531223" lat="50.770600"><ele>56.0</ele></trkpt>
   <trkpt lon="4.531454" lat="50.770643"><ele>56.0</ele></trkpt>
   <trkpt lon="4.531602" lat="50.770671"><ele>56.0</ele></trkpt>
   <trkpt lon="4.531709" lat="50.770679"><ele>56.0</ele></trkpt>
   <trkpt lon="4.531848" lat="50.770687"><ele>56.0</ele></trkpt>
   <trkpt lon="4.531920" lat="50.770671"><ele>56.0</ele></trkpt>
   <trkpt lon="4.532057" lat="50.770624"><ele>55.5</ele></trkpt>
   <trkpt lon="4.533777" lat="50.770666"><ele>55.5</ele></trkpt>
   <trkpt lon="4.533864" lat="50.770662"><ele>55.5</ele></trkpt>
   <trkpt lon="4.534106" lat="50.770634"><ele>55.0</ele></trkpt>
   <trkpt lon="4.534208" lat="50.770613"><ele>55.0</ele></trkpt>
   <trkpt lon="4.534225" lat="50.770576"><ele>55.0</ele></trkpt>
   <trkpt lon="4.534388" lat="50.770215"><ele>56.0</ele></trkpt>
   <trkpt lon="4.534378" lat="50.770189"><ele>56.25</ele></trkpt>
   <trkpt lon="4.534406" lat="50.770175"><ele>56.25</ele></trkpt>
   <trkpt lon="4.534465" lat="50.770162"><ele>56.25</ele></trkpt>
   <trkpt lon="4.534507" lat="50.770159"><ele>56.25</ele></trkpt>
   <trkpt lon="4.534575" lat="50.770164"><ele>56.0</ele></trkpt>
   <trkpt lon="4.535453" lat="50.770436"><ele>55.0</ele></trkpt>
   <trkpt lon="4.536184" lat="50.770665"><ele>55.0</ele></trkpt>
   <trkpt lon="4.536323" lat="50.770705"><ele>55.0</ele></trkpt>
   <trkpt lon="4.536356" lat="50.770731"><ele>55.0</ele></trkpt>
   <trkpt lon="4.536363" lat="50.770757"><ele>55.0</ele></trkpt>
   <trkpt lon="4.536356" lat="50.770804"><ele>54.75</ele></trkpt>
   <trkpt lon="4.536351" lat="50.770854"><ele>55.0</ele></trkpt>
   <trkpt lon="4.536626" lat="50.770877"><ele>55.0</ele></trkpt>
   <trkpt lon="4.536875" lat="50.770936"><ele>55.0</ele></trkpt>
   <trkpt lon="4.536974" lat="50.770967"><ele>55.0</ele></trkpt>
   <trkpt lon="4.537019" lat="50.770989"><ele>55.0</ele></trkpt>
   <trkpt lon="4.537070" lat="50.771052"><ele>55.0</ele></trkpt>
   <trkpt lon="4.537155" lat="50.771129"><ele>54.75</ele></trkpt>
   <trkpt lon="4.537207" lat="50.771155"><ele>54.75</ele></trkpt>
   <trkpt lon="4.537355" lat="50.771190"><ele>54.25</ele></trkpt>
   <trkpt lon="4.537422" lat="50.771210"><ele>54.0</ele></trkpt>
   <trkpt lon="4.537606" lat="50.771277"><ele>54.25</ele></trkpt>
   <trkpt lon="4.537761" lat="50.771287"><ele>54.75</ele></trkpt>
   <trkpt lon="4.537919" lat="50.771277"><ele>54.5</ele></trkpt>
   <trkpt lon="4.537962" lat="50.771285"><ele>54.5</ele></trkpt>
   <trkpt lon="4.538354" lat="50.771428"><ele>54.0</ele></trkpt>
   <trkpt lon="4.538633" lat="50.771549"><ele>54.5</ele></trkpt>
   <trkpt lon="4.538824" lat="50.771628"><ele>54.75</ele></trkpt>
   <trkpt lon="4.538897" lat="50.771650"><ele>54.75</ele></trkpt>
   <trkpt lon="4.538987" lat="50.771661"><ele>54.5</ele></trkpt>
   <trkpt lon="4.539061" lat="50.771649"><ele>54.25</ele></trkpt>
   <trkpt lon="4.539136" lat="50.771608"><ele>54.0</ele></trkpt>
   <trkpt lon="4.539160" lat="50.771602"><ele>54.0</ele></trkpt>
   <trkpt lon="4.539233" lat="50.771603"><ele>54.0</ele></trkpt>
   <trkpt lon="4.539591" lat="50.771754"><ele>54.0</ele></trkpt>
   <trkpt lon="4.539810" lat="50.771818"><ele>54.0</ele></trkpt>
   <trkpt lon="4.539852" lat="50.771830"><ele>53.75</ele></trkpt>
   <trkpt lon="4.540373" lat="50.772031"><ele>54.0</ele></trkpt>
   <trkpt lon="4.540962" lat="50.772089"><ele>54.25</ele></trkpt>
   <trkpt lon="4.541113" lat="50.772109"><ele>54.25</ele></trkpt>
   <trkpt lon="4.541369" lat="50.772139"><ele>54.25</ele></trkpt>
   <trkpt lon="4.541426" lat="50.772141"><ele>54.25</ele></trkpt>
   <trkpt lon="4.541694" lat="50.772170"><ele>54.0</ele></trkpt>
   <trkpt lon="4.541890" lat="50.772144"><ele>54.0</ele></trkpt>
   <trkpt lon="4.541943" lat="50.772137"><ele>54.25</ele></trkpt>
   <trkpt lon="4.542054" lat="50.772122"><ele>54.5</ele></trkpt>
   <trkpt lon="4.542382" lat="50.772078"><ele>55.25</ele></trkpt>
   <trkpt lon="4.542485" lat="50.772063"><ele>55.5</ele></trkpt>
   <trkpt lon="4.542679" lat="50.772022"><ele>55.5</ele></trkpt>
   <trkpt lon="4.542845" lat="50.771976"><ele>56.0</ele></trkpt>
   <trkpt lon="4.542955" lat="50.771938"><ele>56.5</ele></trkpt>
   <trkpt lon="4.543064" lat="50.771890"><ele>57.75</ele></trkpt>
   <trkpt lon="4.543145" lat="50.771840"><ele>58.5</ele></trkpt>
   <trkpt lon="4.543247" lat="50.771761"><ele>59.0</ele></trkpt>
   <trkpt lon="4.544236" lat="50.770825"><ele>65.5</ele></trkpt>
   <trkpt lon="4.545472" lat="50.769634"><ele>74.5</ele></trkpt>
   <trkpt lon="4.545830" lat="50.769314"><ele>77.25</ele></trkpt>
   <trkpt lon="4.546617" lat="50.768718"><ele>81.75</ele></trkpt>
   <trkpt lon="4.547602" lat="50.767967"><ele>89.0</ele></trkpt>
   <trkpt lon="4.548746" lat="50.767145"><ele>93.25</ele></trkpt>
   <trkpt lon="4.549319" lat="50.766730"><ele>96.0</ele></trkpt>
   <trkpt lon="4.550699" lat="50.765937"><ele>94.75</ele></trkpt>
   <trkpt lon="4.551384" lat="50.765546"><ele>93.0</ele></trkpt>
   <trkpt lon="4.551417" lat="50.765527"><ele>93.0</ele></trkpt>
   <trkpt lon="4.551755" lat="50.765336"><ele>92.75</ele></trkpt>
   <trkpt lon="4.552043" lat="50.765174"><ele>92.5</ele></trkpt>
   <trkpt lon="4.552234" lat="50.765067"><ele>92.5</ele></trkpt>
   <trkpt lon="4.552421" lat="50.764963"><ele>91.5</ele></trkpt>
   <trkpt lon="4.552767" lat="50.764774"><ele>91.75</ele></trkpt>
   <trkpt lon="4.553708" lat="50.764238"><ele>89.5</ele></trkpt>
   <trkpt lon="4.555963" lat="50.762958"><ele>88.75</ele></trkpt>
   <trkpt lon="4.558268" lat="50.761662"><ele>87.75</ele></trkpt>
   <trkpt lon="4.558538" lat="50.761508"><ele>88.0</ele></trkpt>
   <trkpt lon="4.559293" lat="50.761114"><ele>87.5</ele></trkpt>
   <trkpt lon="4.559549" lat="50.760982"><ele>87.0</ele></trkpt>
   <trkpt lon="4.559796" lat="50.760859"><ele>87.0</ele></trkpt>
   <trkpt lon="4.559837" lat="50.760838"><ele>87.0</ele></trkpt>
   <trkpt lon="4.561505" lat="50.759990"><ele>87.0</ele></trkpt>
   <trkpt lon="4.561823" lat="50.759840"><ele>86.5</ele></trkpt>
   <trkpt lon="4.562078" lat="50.759735"><ele>86.0</ele></trkpt>
   <trkpt lon="4.562522" lat="50.759557"><ele>86.75</ele></trkpt>
   <trkpt lon="4.563117" lat="50.759352"><ele>85.25</ele></trkpt>
   <trkpt lon="4.563337" lat="50.759278"><ele>85.0</ele></trkpt>
   <trkpt lon="4.564363" lat="50.758929"><ele>83.0</ele></trkpt>
   <trkpt lon="4.565910" lat="50.758385"><ele>79.0</ele></trkpt>
   <trkpt lon="4.566043" lat="50.758336"><ele>77.25</ele></trkpt>
   <trkpt lon="4.566693" lat="50.758119"><ele>76.0</ele></trkpt>
   <trkpt lon="4.568052" lat="50.757643"><ele>74.5</ele></trkpt>
   <trkpt lon="4.568364" lat="50.757501"><ele>70.25</ele></trkpt>
   <trkpt lon="4.568929" lat="50.757166"><ele>69.5</ele></trkpt>
   <trkpt lon="4.569205" lat="50.756958"><ele>67.0</ele></trkpt>
   <trkpt lon="4.569506" lat="50.756650"><ele>65.75</ele></trkpt>
   <trkpt lon="4.569640" lat="50.756479"><ele>66.0</ele></trkpt>
   <trkpt lon="4.569858" lat="50.756112"><ele>62.5</ele></trkpt>
   <trkpt lon="4.571895" lat="50.751923"><ele>52.0</ele></trkpt>
   <trkpt lon="4.571990" lat="50.751689"><ele>52.75</ele></trkpt>
   <trkpt lon="4.572073" lat="50.751298"><ele>54.0</ele></trkpt>
   <trkpt lon="4.572082" lat="50.751244"><ele>54.25</ele></trkpt>
   <trkpt lon="4.572091" lat="50.751186"><ele>54.25</ele></trkpt>
   <trkpt lon="4.572102" lat="50.750695"><ele>56.5</ele></trkpt>
   <trkpt lon="4.572069" lat="50.750464"><ele>57.75</ele></trkpt>
   <trkpt lon="4.571998" lat="50.750244"><ele>59.0</ele></trkpt>
   <trkpt lon="4.571917" lat="50.750049"><ele>59.75</ele></trkpt>
   <trkpt lon="4.571512" lat="50.749304"><ele>64.0</ele></trkpt>
   <trkpt lon="4.571391" lat="50.749055"><ele>65.25</ele></trkpt>
   <trkpt lon="4.571304" lat="50.748810"><ele>66.25</ele></trkpt>
   <trkpt lon="4.571274" lat="50.748672"><ele>67.0</ele></trkpt>
   <trkpt lon="4.571268" lat="50.748607"><ele>67.5</ele></trkpt>
   <trkpt lon="4.571243" lat="50.748238"><ele>70.0</ele></trkpt>
   <trkpt lon="4.571285" lat="50.747940"><ele>70.5</ele></trkpt>
   <trkpt lon="4.571310" lat="50.747846"><ele>70.25</ele></trkpt>
   <trkpt lon="4.571389" lat="50.747615"><ele>71.0</ele></trkpt>
   <trkpt lon="4.571505" lat="50.747413"><ele>73.25</ele></trkpt>
   <trkpt lon="4.571642" lat="50.747224"><ele>73.0</ele></trkpt>
   <trkpt lon="4.571800" lat="50.747035"><ele>74.25</ele></trkpt>
   <trkpt lon="4.571995" lat="50.746847"><ele>75.75</ele></trkpt>
   <trkpt lon="4.572275" lat="50.746611"><ele>76.75</ele></trkpt>
   <trkpt lon="4.572588" lat="50.746406"><ele>77.75</ele></trkpt>
   <trkpt lon="4.573182" lat="50.746094"><ele>79.0</ele></trkpt>
   <trkpt lon="4.573850" lat="50.745730"><ele>77.5</ele></trkpt>
   <trkpt lon="4.574241" lat="50.745498"><ele>78.25</ele></trkpt>
   <trkpt lon="4.574659" lat="50.745235"><ele>81.0</ele></trkpt>
   <trkpt lon="4.574951" lat="50.745032"><ele>82.25</ele></trkpt>
   <trkpt lon="4.575223" lat="50.744797"><ele>83.75</ele></trkpt>
   <trkpt lon="4.575692" lat="50.744347"><ele>85.5</ele></trkpt>
   <trkpt lon="4.576727" lat="50.743352"><ele>89.75</ele></trkpt>
   <trkpt lon="4.577222" lat="50.742933"><ele>91.25</ele></trkpt>
   <trkpt lon="4.577561" lat="50.742662"><ele>92.5</ele></trkpt>
   <trkpt lon="4.578659" lat="50.741704"><ele>95.75</ele></trkpt>
   <trkpt lon="4.579856" lat="50.740699"><ele>99.0</ele></trkpt>
   <trkpt lon="4.581188" lat="50.739568"><ele>102.25</ele></trkpt>
   <trkpt lon="4.582697" lat="50.738293"><ele>106.75</ele></trkpt>
   <trkpt lon="4.583608" lat="50.737521"><ele>107.75</ele></trkpt>
   <trkpt lon="4.585769" lat="50.735757"><ele>106.0</ele></trkpt>
   <trkpt lon="4.588652" lat="50.733401"><ele>103.25</ele></trkpt>
   <trkpt lon="4.588646" lat="50.733333"><ele>103.0</ele></trkpt>
   <trkpt lon="4.588662" lat="50.733293"><ele>103.0</ele></trkpt>
   <trkpt lon="4.589115" lat="50.732918"><ele>102.75</ele></trkpt>
   <trkpt lon="4.589202" lat="50.732823"><ele>103.0</ele></trkpt>
   <trkpt lon="4.589238" lat="50.732764"><ele>103.0</ele></trkpt>
   <trkpt lon="4.589255" lat="50.732709"><ele>103.0</ele></trkpt>
   <trkpt lon="4.589242" lat="50.732661"><ele>103.0</ele></trkpt>
   <trkpt lon="4.589261" lat="50.732580"><ele>103.0</ele></trkpt>
   <trkpt lon="4.589291" lat="50.732526"><ele>103.0</ele></trkpt>
   <trkpt lon="4.589340" lat="50.732477"><ele>102.75</ele></trkpt>
   <trkpt lon="4.589404" lat="50.732437"><ele>102.75</ele></trkpt>
   <trkpt lon="4.589476" lat="50.732409"><ele>102.5</ele></trkpt>
   <trkpt lon="4.589550" lat="50.732390"><ele>102.5</ele></trkpt>
   <trkpt lon="4.589619" lat="50.732382"><ele>102.5</ele></trkpt>
   <trkpt lon="4.589671" lat="50.732384"><ele>102.5</ele></trkpt>
   <trkpt lon="4.589764" lat="50.732364"><ele>102.5</ele></trkpt>
   <trkpt lon="4.589878" lat="50.732325"><ele>102.5</ele></trkpt>
   <trkpt lon="4.589938" lat="50.732292"><ele>102.75</ele></trkpt>
   <trkpt lon="4.589967" lat="50.732290"><ele>102.75</ele></trkpt>
   <trkpt lon="4.589995" lat="50.732300"><ele>102.75</ele></trkpt>
   <trkpt lon="4.590594" lat="50.731841"><ele>101.5</ele></trkpt>
   <trkpt lon="4.590965" lat="50.731448"><ele>100.5</ele></trkpt>
   <trkpt lon="4.591096" lat="50.731295"><ele>99.5</ele></trkpt>
   <trkpt lon="4.591543" lat="50.730776"><ele>97.75</ele></trkpt>
   <trkpt lon="4.593308" lat="50.728590"><ele>86.0</ele></trkpt>
   <trkpt lon="4.593375" lat="50.728498"><ele>86.0</ele></trkpt>
   <trkpt lon="4.593458" lat="50.728375"><ele>85.5</ele></trkpt>
   <trkpt lon="4.593509" lat="50.728268"><ele>85.0</ele></trkpt>
   <trkpt lon="4.593609" lat="50.728055"><ele>84.0</ele></trkpt>
   <trkpt lon="4.593676" lat="50.727895"><ele>83.25</ele></trkpt>
   <trkpt lon="4.593798" lat="50.727490"><ele>81.5</ele></trkpt>
   <trkpt lon="4.593841" lat="50.727361"><ele>80.75</ele></trkpt>
   <trkpt lon="4.594059" lat="50.726997"><ele>79.5</ele></trkpt>
   <trkpt lon="4.594131" lat="50.726903"><ele>78.75</ele></trkpt>
   <trkpt lon="4.594336" lat="50.726693"><ele>77.5</ele></trkpt>
   <trkpt lon="4.594459" lat="50.726593"><ele>76.75</ele></trkpt>
   <trkpt lon="4.594844" lat="50.726351"><ele>75.75</ele></trkpt>
   <trkpt lon="4.594981" lat="50.726286"><ele>75.25</ele></trkpt>
   <trkpt lon="4.595356" lat="50.726136"><ele>74.0</ele></trkpt>
   <trkpt lon="4.595565" lat="50.726074"><ele>73.5</ele></trkpt>
   <trkpt lon="4.595834" lat="50.726011"><ele>72.25</ele></trkpt>
   <trkpt lon="4.596483" lat="50.725905"><ele>71.25</ele></trkpt>
   <trkpt lon="4.598441" lat="50.725597"><ele>74.25</ele></trkpt>
   <trkpt lon="4.599062" lat="50.725497"><ele>75.5</ele></trkpt>
   <trkpt lon="4.599290" lat="50.725461"><ele>75.5</ele></trkpt>
   <trkpt lon="4.599797" lat="50.725375"><ele>75.75</ele></trkpt>
   <trkpt lon="4.600426" lat="50.725215"><ele>77.75</ele></trkpt>
   <trkpt lon="4.600483" lat="50.725200"><ele>77.75</ele></trkpt>
   <trkpt lon="4.600894" lat="50.725055"><ele>77.75</ele></trkpt>
   <trkpt lon="4.601328" lat="50.724890"><ele>77.5</ele></trkpt>
   <trkpt lon="4.601907" lat="50.724645"><ele>75.75</ele></trkpt>
   <trkpt lon="4.602008" lat="50.724603"><ele>75.75</ele></trkpt>
   <trkpt lon="4.603056" lat="50.724103"><ele>72.75</ele></trkpt>
   <trkpt lon="4.603248" lat="50.724004"><ele>71.75</ele></trkpt>
   <trkpt lon="4.603697" lat="50.723788"><ele>70.75</ele></trkpt>
   <trkpt lon="4.604136" lat="50.723574"><ele>71.5</ele></trkpt>
   <trkpt lon="4.604338" lat="50.723474"><ele>72.25</ele></trkpt>
   <trkpt lon="4.605631" lat="50.722851"><ele>68.25</ele></trkpt>
   <trkpt lon="4.606033" lat="50.722654"><ele>65.75</ele></trkpt>
   <trkpt lon="4.606268" lat="50.722538"><ele>64.25</ele></trkpt>
   <trkpt lon="4.606312" lat="50.722517"><ele>64.25</ele></trkpt>
   <trkpt lon="4.606878" lat="50.722245"><ele>62.75</ele></trkpt>
   <trkpt lon="4.607447" lat="50.721971"><ele>60.25</ele></trkpt>
   <trkpt lon="4.608359" lat="50.721532"><ele>57.25</ele></trkpt>
   <trkpt lon="4.608387" lat="50.721519"><ele>57.0</ele></trkpt>
   <trkpt lon="4.608449" lat="50.721484"><ele>56.75</ele></trkpt>
   <trkpt lon="4.608869" lat="50.721279"><ele>56.0</ele></trkpt>
   <trkpt lon="4.609192" lat="50.721110"><ele>54.75</ele></trkpt>
   <trkpt lon="4.609406" lat="50.721012"><ele>54.5</ele></trkpt>
   <trkpt lon="4.609658" lat="50.720875"><ele>53.25</ele></trkpt>
   <trkpt lon="4.610335" lat="50.720473"><ele>50.5</ele></trkpt>
   <trkpt lon="4.610413" lat="50.720424"><ele>50.25</ele></trkpt>
   <trkpt lon="4.610767" lat="50.720231"><ele>49.75</ele></trkpt>
   <trkpt lon="4.610853" lat="50.720167"><ele>49.5</ele></trkpt>
   <trkpt lon="4.610889" lat="50.720146"><ele>49.25</ele></trkpt>
   <trkpt lon="4.611026" lat="50.720064"><ele>49.0</ele></trkpt>
   <trkpt lon="4.611142" lat="50.719998"><ele>48.75</ele></trkpt>
   <trkpt lon="4.611710" lat="50.719656"><ele>46.75</ele></trkpt>
   <trkpt lon="4.611826" lat="50.719589"><ele>46.5</ele></trkpt>
   <trkpt lon="4.613022" lat="50.718875"><ele>45.0</ele></trkpt>
   <trkpt lon="4.613140" lat="50.718797"><ele>44.5</ele></trkpt>
   <trkpt lon="4.613244" lat="50.718727"><ele>44.25</ele></trkpt>
   <trkpt lon="4.613532" lat="50.718506"><ele>44.0</ele></trkpt>
   <trkpt lon="4.613816" lat="50.718287"><ele>44.0</ele></trkpt>
   <trkpt lon="4.614375" lat="50.717859"><ele>43.75</ele></trkpt>
   <trkpt lon="4.614873" lat="50.717486"><ele>43.75</ele></trkpt>
   <trkpt lon="4.614986" lat="50.717408"><ele>43.75</ele></trkpt>
   <trkpt lon="4.615063" lat="50.717346"><ele>43.75</ele></trkpt>
   <trkpt lon="4.615141" lat="50.717286"><ele>44.0</ele></trkpt>
   <trkpt lon="4.615225" lat="50.717221"><ele>44.0</ele></trkpt>
   <trkpt lon="4.615391" lat="50.717092"><ele>44.0</ele></trkpt>
   <trkpt lon="4.615623" lat="50.716911"><ele>44.0</ele></trkpt>
   <trkpt lon="4.615715" lat="50.716840"><ele>44.0</ele></trkpt>
   <trkpt lon="4.615939" lat="50.716668"><ele>44.0</ele></trkpt>
   <trkpt lon="4.616357" lat="50.716343"><ele>44.0</ele></trkpt>
   <trkpt lon="4.616470" lat="50.716256"><ele>44.0</ele></trkpt>
   <trkpt lon="4.616913" lat="50.715924"><ele>44.0</ele></trkpt>
   <trkpt lon="4.617064" lat="50.715814"><ele>44.0</ele></trkpt>
   <trkpt lon="4.617178" lat="50.715725"><ele>44.0</ele></trkpt>
   <trkpt lon="4.617254" lat="50.715666"><ele>44.0</ele></trkpt>
   <trkpt lon="4.617340" lat="50.715603"><ele>44.0</ele></trkpt>
   <trkpt lon="4.617399" lat="50.715557"><ele>44.0</ele></trkpt>
   <trkpt lon="4.617420" lat="50.715541"><ele>44.0</ele></trkpt>
   <trkpt lon="4.617447" lat="50.715521"><ele>44.0</ele></trkpt>
   <trkpt lon="4.617612" lat="50.715403"><ele>44.0</ele></trkpt>
   <trkpt lon="4.617752" lat="50.715297"><ele>44.0</ele></trkpt>
   <trkpt lon="4.617787" lat="50.715272"><ele>44.0</ele></trkpt>
   <trkpt lon="4.617810" lat="50.715252"><ele>44.0</ele></trkpt>
   <trkpt lon="4.618006" lat="50.715075"><ele>44.75</ele></trkpt>
   <trkpt lon="4.618195" lat="50.714867"><ele>46.0</ele></trkpt>
   <trkpt lon="4.618328" lat="50.714683"><ele>47.25</ele></trkpt>
   <trkpt lon="4.618474" lat="50.714373"><ele>49.75</ele></trkpt>
   <trkpt lon="4.618545" lat="50.714102"><ele>51.0</ele></trkpt>
   <trkpt lon="4.618555" lat="50.713782"><ele>52.25</ele></trkpt>
   <trkpt lon="4.618468" lat="50.713431"><ele>54.5</ele></trkpt>
   <trkpt lon="4.618360" lat="50.713204"><ele>55.0</ele></trkpt>
   <trkpt lon="4.618227" lat="50.713013"><ele>57.25</ele></trkpt>
   <trkpt lon="4.618124" lat="50.712883"><ele>57.75</ele></trkpt>
   <trkpt lon="4.617850" lat="50.712574"><ele>59.25</ele></trkpt>
   <trkpt lon="4.617662" lat="50.712345"><ele>60.5</ele></trkpt>
   <trkpt lon="4.617532" lat="50.712192"><ele>60.5</ele></trkpt>
   <trkpt lon="4.617418" lat="50.712066"><ele>62.0</ele></trkpt>
   <trkpt lon="4.617125" lat="50.711727"><ele>63.25</ele></trkpt>
   <trkpt lon="4.616900" lat="50.711428"><ele>63.75</ele></trkpt>
   <trkpt lon="4.616655" lat="50.711005"><ele>65.5</ele></trkpt>
   <trkpt lon="4.616566" lat="50.710815"><ele>66.5</ele></trkpt>
   <trkpt lon="4.616542" lat="50.710758"><ele>67.0</ele></trkpt>
   <trkpt lon="4.616361" lat="50.710349"><ele>68.5</ele></trkpt>
   <trkpt lon="4.616337" lat="50.710261"><ele>69.0</ele></trkpt>
   <trkpt lon="4.616303" lat="50.710102"><ele>70.25</ele></trkpt>
   <trkpt lon="4.616289" lat="50.709991"><ele>71.0</ele></trkpt>
   <trkpt lon="4.616295" lat="50.709770"><ele>71.75</ele></trkpt>
   <trkpt lon="4.616255" lat="50.709183"><ele>74.75</ele></trkpt>
   <trkpt lon="4.616226" lat="50.708845"><ele>76.25</ele></trkpt>
   <trkpt lon="4.616222" lat="50.708787"><ele>76.5</ele></trkpt>
   <trkpt lon="4.616196" lat="50.708510"><ele>78.5</ele></trkpt>
   <trkpt lon="4.616136" lat="50.707954"><ele>81.5</ele></trkpt>
   <trkpt lon="4.616078" lat="50.707417"><ele>84.75</ele></trkpt>
   <trkpt lon="4.616043" lat="50.707058"><ele>86.5</ele></trkpt>
   <trkpt lon="4.616024" lat="50.706921"><ele>87.25</ele></trkpt>
   <trkpt lon="4.616011" lat="50.706785"><ele>88.5</ele></trkpt>
   <trkpt lon="4.616000" lat="50.706708"><ele>89.0</ele></trkpt>
   <trkpt lon="4.615987" lat="50.706571"><ele>89.75</ele></trkpt>
   <trkpt lon="4.615909" lat="50.705799"><ele>93.0</ele></trkpt>
   <trkpt lon="4.615905" lat="50.705752"><ele>93.5</ele></trkpt>
   <trkpt lon="4.615892" lat="50.705633"><ele>94.25</ele></trkpt>
   <trkpt lon="4.615885" lat="50.705580"><ele>94.75</ele></trkpt>
   <trkpt lon="4.615879" lat="50.705531"><ele>95.0</ele></trkpt>
   <trkpt lon="4.615869" lat="50.705438"><ele>95.25</ele></trkpt>
   <trkpt lon="4.615865" lat="50.705394"><ele>95.5</ele></trkpt>
   <trkpt lon="4.615841" lat="50.705206"><ele>96.25</ele></trkpt>
   <trkpt lon="4.615838" lat="50.705171"><ele>96.25</ele></trkpt>
   <trkpt lon="4.615810" lat="50.704904"><ele>97.5</ele></trkpt>
   <trkpt lon="4.615792" lat="50.704721"><ele>99.0</ele></trkpt>
   <trkpt lon="4.615784" lat="50.704647"><ele>99.25</ele></trkpt>
   <trkpt lon="4.615776" lat="50.704564"><ele>99.5</ele></trkpt>
   <trkpt lon="4.615749" lat="50.704217"><ele>100.75</ele></trkpt>
   <trkpt lon="4.615710" lat="50.703925"><ele>101.75</ele></trkpt>
   <trkpt lon="4.615705" lat="50.703885"><ele>102.0</ele></trkpt>
   <trkpt lon="4.615697" lat="50.703728"><ele>102.5</ele></trkpt>
   <trkpt lon="4.615686" lat="50.703617"><ele>102.75</ele></trkpt>
   <trkpt lon="4.615677" lat="50.703532"><ele>103.5</ele></trkpt>
   <trkpt lon="4.615661" lat="50.703369"><ele>104.5</ele></trkpt>
   <trkpt lon="4.615574" lat="50.702579"><ele>107.5</ele></trkpt>
   <trkpt lon="4.615514" lat="50.702112"><ele>108.5</ele></trkpt>
   <trkpt lon="4.615506" lat="50.702058"><ele>108.75</ele></trkpt>
   <trkpt lon="4.615484" lat="50.701753"><ele>109.75</ele></trkpt>
   <trkpt lon="4.615481" lat="50.701717"><ele>109.75</ele></trkpt>
   <trkpt lon="4.615478" lat="50.701675"><ele>109.75</ele></trkpt>
   <trkpt lon="4.615463" lat="50.701513"><ele>109.75</ele></trkpt>
   <trkpt lon="4.615459" lat="50.701427"><ele>109.5</ele></trkpt>
   <trkpt lon="4.615450" lat="50.701283"><ele>108.75</ele></trkpt>
   <trkpt lon="4.615446" lat="50.701226"><ele>108.75</ele></trkpt>
   <trkpt lon="4.615419" lat="50.700468"><ele>110.25</ele></trkpt>
   <trkpt lon="4.615388" lat="50.699829"><ele>111.5</ele></trkpt>
   <trkpt lon="4.615303" lat="50.699768"><ele>111.5</ele></trkpt>
   <trkpt lon="4.615297" lat="50.699692"><ele>112.5</ele></trkpt>
   <trkpt lon="4.615242" lat="50.699614"><ele>113.5</ele></trkpt>
   <trkpt lon="4.615168" lat="50.699604"><ele>113.75</ele></trkpt>
   <trkpt lon="4.615090" lat="50.699594"><ele>114.25</ele></trkpt>
   <trkpt lon="4.615191" lat="50.699476"><ele>114.25</ele></trkpt>
   <trkpt lon="4.615217" lat="50.699439"><ele>114.25</ele></trkpt>
   <trkpt lon="4.615237" lat="50.699382"><ele>114.25</ele></trkpt>
   <trkpt lon="4.615245" lat="50.699357"><ele>114.5</ele></trkpt>
   <trkpt lon="4.615273" lat="50.699209"><ele>114.75</ele></trkpt>
   <trkpt lon="4.615280" lat="50.698776"><ele>116.0</ele></trkpt>
   <trkpt lon="4.615284" lat="50.698692"><ele>116.0</ele></trkpt>
   <trkpt lon="4.615286" lat="50.698614"><ele>116.0</ele></trkpt>
   <trkpt lon="4.615287" lat="50.698605"><ele>116.0</ele></trkpt>
   <trkpt lon="4.615289" lat="50.698545"><ele>116.0</ele></trkpt>
   <trkpt lon="4.615300" lat="50.698262"><ele>117.25</ele></trkpt>
   <trkpt lon="4.615304" lat="50.698153"><ele>117.5</ele></trkpt>
   <trkpt lon="4.615321" lat="50.697698"><ele>118.75</ele></trkpt>
   <trkpt lon="4.615325" lat="50.697612"><ele>118.75</ele></trkpt>
   <trkpt lon="4.615330" lat="50.697504"><ele>118.75</ele></trkpt>
   <trkpt lon="4.615332" lat="50.697464"><ele>119.0</ele></trkpt>
   <trkpt lon="4.615355" lat="50.697059"><ele>119.5</ele></trkpt>
   <trkpt lon="4.615385" lat="50.696546"><ele>120.0</ele></trkpt>
   <trkpt lon="4.615388" lat="50.696461"><ele>120.25</ele></trkpt>
   <trkpt lon="4.615409" lat="50.696114"><ele>120.25</ele></trkpt>
   <trkpt lon="4.615418" lat="50.695900"><ele>120.75</ele></trkpt>
   <trkpt lon="4.615417" lat="50.695822"><ele>120.75</ele></trkpt>
   <trkpt lon="4.615409" lat="50.695705"><ele>120.75</ele></trkpt>
   <trkpt lon="4.615405" lat="50.695689"><ele>120.5</ele></trkpt>
   <trkpt lon="4.615385" lat="50.695613"><ele>120.5</ele></trkpt>
   <trkpt lon="4.615382" lat="50.695594"><ele>120.25</ele></trkpt>
   <trkpt lon="4.615395" lat="50.695272"><ele>120.0</ele></trkpt>
   <trkpt lon="4.615437" lat="50.695131"><ele>120.0</ele></trkpt>
   <trkpt lon="4.615455" lat="50.695081"><ele>120.0</ele></trkpt>
   <trkpt lon="4.615463" lat="50.695040"><ele>120.0</ele></trkpt>
   <trkpt lon="4.615475" lat="50.694712"><ele>120.0</ele></trkpt>
   <trkpt lon="4.615477" lat="50.694640"><ele>120.0</ele></trkpt>
   <trkpt lon="4.615482" lat="50.694463"><ele>120.5</ele></trkpt>
   <trkpt lon="4.615484" lat="50.694415"><ele>120.5</ele></trkpt>
   <trkpt lon="4.615492" lat="50.694198"><ele>120.5</ele></trkpt>
   <trkpt lon="4.615499" lat="50.693960"><ele>120.75</ele></trkpt>
   <trkpt lon="4.615507" lat="50.693712"><ele>121.0</ele></trkpt>
   <trkpt lon="4.615519" lat="50.693409"><ele>121.0</ele></trkpt>
   <trkpt lon="4.615528" lat="50.693180"><ele>121.0</ele></trkpt>
   <trkpt lon="4.615534" lat="50.693015"><ele>121.0</ele></trkpt>
   <trkpt lon="4.615539" lat="50.692858"><ele>121.0</ele></trkpt>
   <trkpt lon="4.615541" lat="50.692804"><ele>121.0</ele></trkpt>
   <trkpt lon="4.615549" lat="50.692536"><ele>121.75</ele></trkpt>
   <trkpt lon="4.615568" lat="50.691903"><ele>122.0</ele></trkpt>
   <trkpt lon="4.615587" lat="50.691257"><ele>123.25</ele></trkpt>
   <trkpt lon="4.615588" lat="50.691188"><ele>123.5</ele></trkpt>
   <trkpt lon="4.615570" lat="50.690927"><ele>124.0</ele></trkpt>
   <trkpt lon="4.615561" lat="50.690814"><ele>124.0</ele></trkpt>
   <trkpt lon="4.615559" lat="50.690779"><ele>124.0</ele></trkpt>
   <trkpt lon="4.615569" lat="50.690699"><ele>124.25</ele></trkpt>
   <trkpt lon="4.615615" lat="50.690571"><ele>124.75</ele></trkpt>
   <trkpt lon="4.615629" lat="50.690283"><ele>125.25</ele></trkpt>
   <trkpt lon="4.615631" lat="50.690236"><ele>125.25</ele></trkpt>
   <trkpt lon="4.615643" lat="50.690210"><ele>125.25</ele></trkpt>
   <trkpt lon="4.615656" lat="50.690190"><ele>125.5</ele></trkpt>
   <trkpt lon="4.615684" lat="50.690148"><ele>125.5</ele></trkpt>
   <trkpt lon="4.615703" lat="50.690124"><ele>125.75</ele></trkpt>
   <trkpt lon="4.615731" lat="50.690073"><ele>125.75</ele></trkpt>
   <trkpt lon="4.615730" lat="50.690040"><ele>125.75</ele></trkpt>
   <trkpt lon="4.615654" lat="50.689611"><ele>126.0</ele></trkpt>
   <trkpt lon="4.615624" lat="50.689538"><ele>126.0</ele></trkpt>
   <trkpt lon="4.615568" lat="50.689449"><ele>125.75</ele></trkpt>
   <trkpt lon="4.615554" lat="50.689381"><ele>126.0</ele></trkpt>
   <trkpt lon="4.615557" lat="50.689113"><ele>126.75</ele></trkpt>
   <trkpt lon="4.615539" lat="50.689043"><ele>126.75</ele></trkpt>
   <trkpt lon="4.615522" lat="50.688991"><ele>126.75</ele></trkpt>
   <trkpt lon="4.615518" lat="50.688939"><ele>126.75</ele></trkpt>
   <trkpt lon="4.615530" lat="50.688881"><ele>126.75</ele></trkpt>
   <trkpt lon="4.615558" lat="50.688839"><ele>126.75</ele></trkpt>
   <trkpt lon="4.615585" lat="50.688791"><ele>126.75</ele></trkpt>
   <trkpt lon="4.615601" lat="50.688723"><ele>126.75</ele></trkpt>
   <trkpt lon="4.615579" lat="50.687893"><ele>128.5</ele></trkpt>
   <trkpt lon="4.615579" lat="50.687829"><ele>128.5</ele></trkpt>
   <trkpt lon="4.615575" lat="50.687742"><ele>128.75</ele></trkpt>
   <trkpt lon="4.615576" lat="50.687668"><ele>128.75</ele></trkpt>
   <trkpt lon="4.615596" lat="50.686865"><ele>129.0</ele></trkpt>
   <trkpt lon="4.615646" lat="50.686449"><ele>129.25</ele></trkpt>
   <trkpt lon="4.615724" lat="50.686079"><ele>129.25</ele></trkpt>
   <trkpt lon="4.615866" lat="50.685575"><ele>128.0</ele></trkpt>
   <trkpt lon="4.615986" lat="50.685239"><ele>127.75</ele></trkpt>
   <trkpt lon="4.616146" lat="50.684863"><ele>126.75</ele></trkpt>
   <trkpt lon="4.616341" lat="50.684478"><ele>127.0</ele></trkpt>
   <trkpt lon="4.616537" lat="50.684136"><ele>127.5</ele></trkpt>
   <trkpt lon="4.616814" lat="50.683717"><ele>129.0</ele></trkpt>
   <trkpt lon="4.617600" lat="50.682639"><ele>131.0</ele></trkpt>
   <trkpt lon="4.617641" lat="50.682581"><ele>131.25</ele></trkpt>
   <trkpt lon="4.617684" lat="50.682525"><ele>131.5</ele></trkpt>
   <trkpt lon="4.619061" lat="50.680639"><ele>135.0</ele></trkpt>
   <trkpt lon="4.619082" lat="50.680609"><ele>135.0</ele></trkpt>
   <trkpt lon="4.619706" lat="50.679754"><ele>135.75</ele></trkpt>
   <trkpt lon="4.619726" lat="50.679710"><ele>135.75</ele></trkpt>
   <trkpt lon="4.619737" lat="50.679656"><ele>135.75</ele></trkpt>
   <trkpt lon="4.619755" lat="50.679614"><ele>135.5</ele></trkpt>
   <trkpt lon="4.620023" lat="50.679234"><ele>136.75</ele></trkpt>
   <trkpt lon="4.620120" lat="50.679038"><ele>137.25</ele></trkpt>
   <trkpt lon="4.620185" lat="50.678883"><ele>137.25</ele></trkpt>
   <trkpt lon="4.620192" lat="50.678809"><ele>137.25</ele></trkpt>
   <trkpt lon="4.620183" lat="50.678717"><ele>137.25</ele></trkpt>
   <trkpt lon="4.620135" lat="50.678607"><ele>137.5</ele></trkpt>
   <trkpt lon="4.620065" lat="50.678512"><ele>137.75</ele></trkpt>
   <trkpt lon="4.620064" lat="50.678490"><ele>137.75</ele></trkpt>
   <trkpt lon="4.620088" lat="50.678475"><ele>137.5</ele></trkpt>
   <trkpt lon="4.620123" lat="50.678459"><ele>137.5</ele></trkpt>
   <trkpt lon="4.620145" lat="50.678445"><ele>137.25</ele></trkpt>
   <trkpt lon="4.620175" lat="50.678420"><ele>137.25</ele></trkpt>
   <trkpt lon="4.620194" lat="50.678404"><ele>137.25</ele></trkpt>
   <trkpt lon="4.620210" lat="50.678382"><ele>137.0</ele></trkpt>
   <trkpt lon="4.620224" lat="50.678363"><ele>137.0</ele></trkpt>
   <trkpt lon="4.620262" lat="50.678313"><ele>137.0</ele></trkpt>
   <trkpt lon="4.620277" lat="50.678293"><ele>137.25</ele></trkpt>
   <trkpt lon="4.620293" lat="50.678273"><ele>137.25</ele></trkpt>
   <trkpt lon="4.620331" lat="50.678225"><ele>137.75</ele></trkpt>
   <trkpt lon="4.620332" lat="50.678206"><ele>138.0</ele></trkpt>
   <trkpt lon="4.620334" lat="50.678174"><ele>138.0</ele></trkpt>
   <trkpt lon="4.620335" lat="50.678152"><ele>138.25</ele></trkpt>
   <trkpt lon="4.620345" lat="50.678146"><ele>138.25</ele></trkpt>
   <trkpt lon="4.620445" lat="50.678139"><ele>138.5</ele></trkpt>
   <trkpt lon="4.620542" lat="50.678125"><ele>138.5</ele></trkpt>
   <trkpt lon="4.620637" lat="50.678102"><ele>138.5</ele></trkpt>
   <trkpt lon="4.620724" lat="50.678072"><ele>138.25</ele></trkpt>
   <trkpt lon="4.620869" lat="50.678002"><ele>138.0</ele></trkpt>
   <trkpt lon="4.620935" lat="50.677957"><ele>138.0</ele></trkpt>
   <trkpt lon="4.620984" lat="50.677913"><ele>138.0</ele></trkpt>
   <trkpt lon="4.621045" lat="50.677841"><ele>138.0</ele></trkpt>
   <trkpt lon="4.621127" lat="50.677720"><ele>137.75</ele></trkpt>
   <trkpt lon="4.621182" lat="50.677631"><ele>137.5</ele></trkpt>
   <trkpt lon="4.621535" lat="50.677145"><ele>137.75</ele></trkpt>
   <trkpt lon="4.621549" lat="50.677086"><ele>137.75</ele></trkpt>
   <trkpt lon="4.621592" lat="50.676994"><ele>137.75</ele></trkpt>
   <trkpt lon="4.621714" lat="50.676829"><ele>137.5</ele></trkpt>
   <trkpt lon="4.621742" lat="50.676795"><ele>137.25</ele></trkpt>
   <trkpt lon="4.621810" lat="50.676736"><ele>137.0</ele></trkpt>
   <trkpt lon="4.622220" lat="50.676120"><ele>135.75</ele></trkpt>
   <trkpt lon="4.622260" lat="50.675993"><ele>135.5</ele></trkpt>
   <trkpt lon="4.622260" lat="50.675973"><ele>135.5</ele></trkpt>
   <trkpt lon="4.622253" lat="50.675910"><ele>135.25</ele></trkpt>
   <trkpt lon="4.622229" lat="50.675865"><ele>135.0</ele></trkpt>
   <trkpt lon="4.622185" lat="50.675822"><ele>134.5</ele></trkpt>
   <trkpt lon="4.622086" lat="50.675768"><ele>134.0</ele></trkpt>
   <trkpt lon="4.622071" lat="50.675747"><ele>134.0</ele></trkpt>
   <trkpt lon="4.622072" lat="50.675722"><ele>134.0</ele></trkpt>
   <trkpt lon="4.622087" lat="50.675704"><ele>134.25</ele></trkpt>
   <trkpt lon="4.622108" lat="50.675685"><ele>134.25</ele></trkpt>
   <trkpt lon="4.622126" lat="50.675669"><ele>134.5</ele></trkpt>
   <trkpt lon="4.622183" lat="50.675617"><ele>134.75</ele></trkpt>
   <trkpt lon="4.622206" lat="50.675596"><ele>134.75</ele></trkpt>
   <trkpt lon="4.622234" lat="50.675571"><ele>135.0</ele></trkpt>
   <trkpt lon="4.622281" lat="50.675512"><ele>134.25</ele></trkpt>
   <trkpt lon="4.622299" lat="50.675473"><ele>133.75</ele></trkpt>
   <trkpt lon="4.622316" lat="50.675436"><ele>133.25</ele></trkpt>
   <trkpt lon="4.622344" lat="50.675409"><ele>133.0</ele></trkpt>
   <trkpt lon="4.622405" lat="50.675397"><ele>133.0</ele></trkpt>
   <trkpt lon="4.622484" lat="50.675412"><ele>133.25</ele></trkpt>
   <trkpt lon="4.622580" lat="50.675416"><ele>133.25</ele></trkpt>
   <trkpt lon="4.622738" lat="50.675396"><ele>133.25</ele></trkpt>
   <trkpt lon="4.622851" lat="50.675365"><ele>133.25</ele></trkpt>
   <trkpt lon="4.622910" lat="50.675337"><ele>133.25</ele></trkpt>
   <trkpt lon="4.622967" lat="50.675293"><ele>133.25</ele></trkpt>
   <trkpt lon="4.623160" lat="50.675016"><ele>132.25</ele></trkpt>
   <trkpt lon="4.623203" lat="50.674975"><ele>132.25</ele></trkpt>
   <trkpt lon="4.623288" lat="50.674917"><ele>132.75</ele></trkpt>
   <trkpt lon="4.623419" lat="50.674705"><ele>132.75</ele></trkpt>
   <trkpt lon="4.623695" lat="50.674296"><ele>131.5</ele></trkpt>
   <trkpt lon="4.624246" lat="50.673526"><ele>133.0</ele></trkpt>
   <trkpt lon="4.624612" lat="50.673012"><ele>133.5</ele></trkpt>
   <trkpt lon="4.625104" lat="50.672331"><ele>134.75</ele></trkpt>
   <trkpt lon="4.626145" lat="50.670917"><ele>138.5</ele></trkpt>
   <trkpt lon="4.626956" lat="50.669741"><ele>140.75</ele></trkpt>
   <trkpt lon="4.627296" lat="50.669228"><ele>140.75</ele></trkpt>
   <trkpt lon="4.627322" lat="50.669154"><ele>141.0</ele></trkpt>
   <trkpt lon="4.627328" lat="50.669050"><ele>141.0</ele></trkpt>
   <trkpt lon="4.627309" lat="50.668940"><ele>141.0</ele></trkpt>
   <trkpt lon="4.627260" lat="50.668849"><ele>141.0</ele></trkpt>
   <trkpt lon="4.627176" lat="50.668732"><ele>141.5</ele></trkpt>
   <trkpt lon="4.627277" lat="50.668708"><ele>141.5</ele></trkpt>
   <trkpt lon="4.627337" lat="50.668693"><ele>141.5</ele></trkpt>
   <trkpt lon="4.627379" lat="50.668646"><ele>141.75</ele></trkpt>
   <trkpt lon="4.627421" lat="50.668593"><ele>142.0</ele></trkpt>
   <trkpt lon="4.627458" lat="50.668526"><ele>142.25</ele></trkpt>
   <trkpt lon="4.627491" lat="50.668476"><ele>142.25</ele></trkpt>
   <trkpt lon="4.627613" lat="50.668486"><ele>142.25</ele></trkpt>
   <trkpt lon="4.627677" lat="50.668484"><ele>142.0</ele></trkpt>
   <trkpt lon="4.627746" lat="50.668469"><ele>142.0</ele></trkpt>
   <trkpt lon="4.627840" lat="50.668437"><ele>142.0</ele></trkpt>
   <trkpt lon="4.627896" lat="50.668399"><ele>142.0</ele></trkpt>
   <trkpt lon="4.627929" lat="50.668385"><ele>142.0</ele></trkpt>
   <trkpt lon="4.628029" lat="50.668253"><ele>142.0</ele></trkpt>
   <trkpt lon="4.628391" lat="50.667786"><ele>141.75</ele></trkpt>
   <trkpt lon="4.629068" lat="50.666860"><ele>143.5</ele></trkpt>
   <trkpt lon="4.629115" lat="50.666812"><ele>143.75</ele></trkpt>
   <trkpt lon="4.629221" lat="50.666735"><ele>143.75</ele></trkpt>
   <trkpt lon="4.629309" lat="50.666700"><ele>143.75</ele></trkpt>
   <trkpt lon="4.631066" lat="50.664295"><ele>148.75</ele></trkpt>
   <trkpt lon="4.631205" lat="50.664111"><ele>149.0</ele></trkpt>
   <trkpt lon="4.631485" lat="50.663784"><ele>149.0</ele></trkpt>
   <trkpt lon="4.631474" lat="50.663645"><ele>149.0</ele></trkpt>
   <trkpt lon="4.631739" lat="50.663247"><ele>149.0</ele></trkpt>
   <trkpt lon="4.631771" lat="50.663175"><ele>149.0</ele></trkpt>
   <trkpt lon="4.631789" lat="50.663110"><ele>149.0</ele></trkpt>
   <trkpt lon="4.631786" lat="50.663088"><ele>149.0</ele></trkpt>
   <trkpt lon="4.631768" lat="50.663070"><ele>149.0</ele></trkpt>
   <trkpt lon="4.631691" lat="50.663035"><ele>148.75</ele></trkpt>
   <trkpt lon="4.631678" lat="50.663022"><ele>148.75</ele></trkpt>
   <trkpt lon="4.631668" lat="50.662898"><ele>148.25</ele></trkpt>
   <trkpt lon="4.631680" lat="50.662866"><ele>148.25</ele></trkpt>
   <trkpt lon="4.631696" lat="50.662849"><ele>148.25</ele></trkpt>
   <trkpt lon="4.631735" lat="50.662805"><ele>148.25</ele></trkpt>
   <trkpt lon="4.631745" lat="50.662788"><ele>148.25</ele></trkpt>
   <trkpt lon="4.631758" lat="50.662768"><ele>148.25</ele></trkpt>
   <trkpt lon="4.631776" lat="50.662745"><ele>148.25</ele></trkpt>
   <trkpt lon="4.631931" lat="50.662766"><ele>148.75</ele></trkpt>
   <trkpt lon="4.631995" lat="50.662757"><ele>148.75</ele></trkpt>
   <trkpt lon="4.632102" lat="50.662704"><ele>148.5</ele></trkpt>
   <trkpt lon="4.632170" lat="50.662645"><ele>148.5</ele></trkpt>
   <trkpt lon="4.632192" lat="50.662655"><ele>148.5</ele></trkpt>
   <trkpt lon="4.632225" lat="50.662666"><ele>148.5</ele></trkpt>
   <trkpt lon="4.632366" lat="50.662505"><ele>148.5</ele></trkpt>
   <trkpt lon="4.633418" lat="50.661066"><ele>148.75</ele></trkpt>
   <trkpt lon="4.634010" lat="50.660209"><ele>149.0</ele></trkpt>
   <trkpt lon="4.633958" lat="50.660067"><ele>149.0</ele></trkpt>
   <trkpt lon="4.634457" lat="50.659407"><ele>149.0</ele></trkpt>
   <trkpt lon="4.634592" lat="50.659196"><ele>148.75</ele></trkpt>
   <trkpt lon="4.634636" lat="50.658996"><ele>149.25</ele></trkpt>
   <trkpt lon="4.634740" lat="50.659000"><ele>149.0</ele></trkpt>
   <trkpt lon="4.634804" lat="50.658980"><ele>148.75</ele></trkpt>
   <trkpt lon="4.634848" lat="50.658878"><ele>149.0</ele></trkpt>
   <trkpt lon="4.634891" lat="50.658822"><ele>148.5</ele></trkpt>
   <trkpt lon="4.634925" lat="50.658802"><ele>148.25</ele></trkpt>
   <trkpt lon="4.635018" lat="50.658788"><ele>148.0</ele></trkpt>
   <trkpt lon="4.635350" lat="50.658741"><ele>148.25</ele></trkpt>
   <trkpt lon="4.635422" lat="50.658723"><ele>148.25</ele></trkpt>
   <trkpt lon="4.635583" lat="50.658609"><ele>148.0</ele></trkpt>
   <trkpt lon="4.635803" lat="50.658332"><ele>147.75</ele></trkpt>
   <trkpt lon="4.635885" lat="50.658190"><ele>147.5</ele></trkpt>
   <trkpt lon="4.635747" lat="50.657965"><ele>146.75</ele></trkpt>
   <trkpt lon="4.635714" lat="50.657920"><ele>146.75</ele></trkpt>
   <trkpt lon="4.635691" lat="50.657887"><ele>146.5</ele></trkpt>
   <trkpt lon="4.635658" lat="50.657841"><ele>146.5</ele></trkpt>
   <trkpt lon="4.635646" lat="50.657825"><ele>146.25</ele></trkpt>
   <trkpt lon="4.635797" lat="50.657698"><ele>145.75</ele></trkpt>
   <trkpt lon="4.635776" lat="50.657669"><ele>145.25</ele></trkpt>
   <trkpt lon="4.635755" lat="50.657641"><ele>144.75</ele></trkpt>
   <trkpt lon="4.635716" lat="50.657604"><ele>144.25</ele></trkpt>
   <trkpt lon="4.635694" lat="50.657580"><ele>144.0</ele></trkpt>
   <trkpt lon="4.635851" lat="50.657509"><ele>143.25</ele></trkpt>
   <trkpt lon="4.635966" lat="50.657428"><ele>143.75</ele></trkpt>
   <trkpt lon="4.636030" lat="50.657396"><ele>144.25</ele></trkpt>
   <trkpt lon="4.636465" lat="50.656827"><ele>144.0</ele></trkpt>
   <trkpt lon="4.636733" lat="50.656543"><ele>145.75</ele></trkpt>
   <trkpt lon="4.636832" lat="50.656509"><ele>145.5</ele></trkpt>
   <trkpt lon="4.636901" lat="50.656442"><ele>145.75</ele></trkpt>
   <trkpt lon="4.636971" lat="50.656380"><ele>146.0</ele></trkpt>
   <trkpt lon="4.637386" lat="50.655799"><ele>147.0</ele></trkpt>
   <trkpt lon="4.637468" lat="50.655680"><ele>147.0</ele></trkpt>
   <trkpt lon="4.638196" lat="50.654727"><ele>147.0</ele></trkpt>
   <trkpt lon="4.641134" lat="50.650689"><ele>146.75</ele></trkpt>
   <trkpt lon="4.641405" lat="50.650313"><ele>147.0</ele></trkpt>
   <trkpt lon="4.641660" lat="50.649963"><ele>147.0</ele></trkpt>
   <trkpt lon="4.642255" lat="50.649143"><ele>145.5</ele></trkpt>
   <trkpt lon="4.642412" lat="50.648925"><ele>144.75</ele></trkpt>
   <trkpt lon="4.642697" lat="50.648533"><ele>144.25</ele></trkpt>
   <trkpt lon="4.642931" lat="50.648211"><ele>144.0</ele></trkpt>
   <trkpt lon="4.643147" lat="50.647913"><ele>144.0</ele></trkpt>
   <trkpt lon="4.645529" lat="50.644662"><ele>137.5</ele></trkpt>
   <trkpt lon="4.645664" lat="50.644478"><ele>137.0</ele></trkpt>
   <trkpt lon="4.645816" lat="50.644267"><ele>136.25</ele></trkpt>
   <trkpt lon="4.646971" lat="50.642666"><ele>131.75</ele></trkpt>
   <trkpt lon="4.647211" lat="50.642304"><ele>130.75</ele></trkpt>
   <trkpt lon="4.647232" lat="50.642271"><ele>130.75</ele></trkpt>
   <trkpt lon="4.647552" lat="50.641779"><ele>129.25</ele></trkpt>
   <trkpt lon="4.647640" lat="50.641641"><ele>128.75</ele></trkpt>
   <trkpt lon="4.648305" lat="50.640587"><ele>129.0</ele></trkpt>
   <trkpt lon="4.649304" lat="50.638983"><ele>132.5</ele></trkpt>
   <trkpt lon="4.651226" lat="50.635956"><ele>140.25</ele></trkpt>
   <trkpt lon="4.651452" lat="50.635600"><ele>140.0</ele></trkpt>
   <trkpt lon="4.651539" lat="50.635464"><ele>140.0</ele></trkpt>
   <trkpt lon="4.652752" lat="50.633521"><ele>137.25</ele></trkpt>
   <trkpt lon="4.652984" lat="50.633002"><ele>138.0</ele></trkpt>
   <trkpt lon="4.653255" lat="50.632614"><ele>139.0</ele></trkpt>
   <trkpt lon="4.653443" lat="50.632344"><ele>139.0</ele></trkpt>
   <trkpt lon="4.653472" lat="50.632258"><ele>139.25</ele></trkpt>
   <trkpt lon="4.653420" lat="50.632185"><ele>139.25</ele></trkpt>
   <trkpt lon="4.653414" lat="50.632171"><ele>139.25</ele></trkpt>
   <trkpt lon="4.653428" lat="50.632125"><ele>139.5</ele></trkpt>
   <trkpt lon="4.653466" lat="50.632096"><ele>139.5</ele></trkpt>
   <trkpt lon="4.653517" lat="50.632072"><ele>139.75</ele></trkpt>
   <trkpt lon="4.653575" lat="50.632068"><ele>139.75</ele></trkpt>
   <trkpt lon="4.653755" lat="50.631805"><ele>140.75</ele></trkpt>
   <trkpt lon="4.653965" lat="50.631612"><ele>141.25</ele></trkpt>
   <trkpt lon="4.654824" lat="50.630232"><ele>145.0</ele></trkpt>
   <trkpt lon="4.655128" lat="50.629751"><ele>146.25</ele></trkpt>
   <trkpt lon="4.655432" lat="50.629269"><ele>147.5</ele></trkpt>
   <trkpt lon="4.655955" lat="50.628434"><ele>149.0</ele></trkpt>
   <trkpt lon="4.656317" lat="50.627856"><ele>149.0</ele></trkpt>
   <trkpt lon="4.656366" lat="50.627776"><ele>149.0</ele></trkpt>
   <trkpt lon="4.656593" lat="50.627402"><ele>149.0</ele></trkpt>
   <trkpt lon="4.656668" lat="50.627280"><ele>148.75</ele></trkpt>
   <trkpt lon="4.656770" lat="50.627322"><ele>148.75</ele></trkpt>
   <trkpt lon="4.656806" lat="50.627336"><ele>148.5</ele></trkpt>
   <trkpt lon="4.657312" lat="50.627492"><ele>149.0</ele></trkpt>
   <trkpt lon="4.658391" lat="50.628028"><ele>151.75</ele></trkpt>
   <trkpt lon="4.658610" lat="50.628104"><ele>152.0</ele></trkpt>
   <trkpt lon="4.659505" lat="50.628372"><ele>152.0</ele></trkpt>
   <trkpt lon="4.659664" lat="50.628207"><ele>152.0</ele></trkpt>
   <trkpt lon="4.659897" lat="50.628014"><ele>151.75</ele></trkpt>
   <trkpt lon="4.660037" lat="50.627912"><ele>151.25</ele></trkpt>
   <trkpt lon="4.660279" lat="50.627756"><ele>150.0</ele></trkpt>
   <trkpt lon="4.660964" lat="50.627291"><ele>148.75</ele></trkpt>
   <trkpt lon="4.661383" lat="50.627014"><ele>148.0</ele></trkpt>
   <trkpt lon="4.661563" lat="50.626914"><ele>147.25</ele></trkpt>
   <trkpt lon="4.661759" lat="50.626820"><ele>146.5</ele></trkpt>
   <trkpt lon="4.661991" lat="50.626735"><ele>146.0</ele></trkpt>
   <trkpt lon="4.662239" lat="50.626661"><ele>144.75</ele></trkpt>
   <trkpt lon="4.663021" lat="50.626472"><ele>144.75</ele></trkpt>
   <trkpt lon="4.663311" lat="50.626369"><ele>144.0</ele></trkpt>
   <trkpt lon="4.663386" lat="50.626331"><ele>144.0</ele></trkpt>
   <trkpt lon="4.663584" lat="50.626210"><ele>144.5</ele></trkpt>
   <trkpt lon="4.663664" lat="50.626144"><ele>144.75</ele></trkpt>
   <trkpt lon="4.663953" lat="50.625883"><ele>145.0</ele></trkpt>
   <trkpt lon="4.664566" lat="50.625297"><ele>145.0</ele></trkpt>
   <trkpt lon="4.665710" lat="50.624243"><ele>146.5</ele></trkpt>
   <trkpt lon="4.666306" lat="50.623714"><ele>147.75</ele></trkpt>
   <trkpt lon="4.666478" lat="50.623496"><ele>148.5</ele></trkpt>
   <trkpt lon="4.666564" lat="50.623240"><ele>149.0</ele></trkpt>
   <trkpt lon="4.666675" lat="50.622652"><ele>150.25</ele></trkpt>
   <trkpt lon="4.666787" lat="50.622277"><ele>151.25</ele></trkpt>
   <trkpt lon="4.667070" lat="50.621934"><ele>150.75</ele></trkpt>
   <trkpt lon="4.667534" lat="50.621394"><ele>150.0</ele></trkpt>
   <trkpt lon="4.667791" lat="50.620899"><ele>151.0</ele></trkpt>
   <trkpt lon="4.667817" lat="50.620436"><ele>151.0</ele></trkpt>
   <trkpt lon="4.667757" lat="50.619646"><ele>152.0</ele></trkpt>
   <trkpt lon="4.667817" lat="50.619113"><ele>153.5</ele></trkpt>
   <trkpt lon="4.668066" lat="50.618601"><ele>154.75</ele></trkpt>
   <trkpt lon="4.668581" lat="50.617855"><ele>154.75</ele></trkpt>
   <trkpt lon="4.669044" lat="50.617076"><ele>155.5</ele></trkpt>
   <trkpt lon="4.669327" lat="50.616314"><ele>156.5</ele></trkpt>
   <trkpt lon="4.669851" lat="50.614669"><ele>160.75</ele></trkpt>
   <trkpt lon="4.670129" lat="50.614089"><ele>161.25</ele></trkpt>
   <trkpt lon="4.670576" lat="50.613370"><ele>160.0</ele></trkpt>
   <trkpt lon="4.670768" lat="50.613022"><ele>159.0</ele></trkpt>
   <trkpt lon="4.670939" lat="50.612713"><ele>158.25</ele></trkpt>
   <trkpt lon="4.670962" lat="50.612674"><ele>158.0</ele></trkpt>
   <trkpt lon="4.671294" lat="50.612124"><ele>157.25</ele></trkpt>
   <trkpt lon="4.671409" lat="50.611933"><ele>157.75</ele></trkpt>
   <trkpt lon="4.674432" lat="50.606900"><ele>159.0</ele></trkpt>
   <trkpt lon="4.674563" lat="50.606704"><ele>158.5</ele></trkpt>
   <trkpt lon="4.674755" lat="50.606474"><ele>158.0</ele></trkpt>
   <trkpt lon="4.675384" lat="50.605911"><ele>157.75</ele></trkpt>
   <trkpt lon="4.677843" lat="50.603744"><ele>164.75</ele></trkpt>
   <trkpt lon="4.678689" lat="50.603025"><ele>167.0</ele></trkpt>
   <trkpt lon="4.681241" lat="50.600946"><ele>163.0</ele></trkpt>
   <trkpt lon="4.683746" lat="50.598531"><ele>156.75</ele></trkpt>
   <trkpt lon="4.683856" lat="50.598482"><ele>156.75</ele></trkpt>
   <trkpt lon="4.683901" lat="50.598409"><ele>156.75</ele></trkpt>
   <trkpt lon="4.683943" lat="50.598020"><ele>156.0</ele></trkpt>
   <trkpt lon="4.684010" lat="50.597664"><ele>156.0</ele></trkpt>
   <trkpt lon="4.684280" lat="50.596698"><ele>156.75</ele></trkpt>
   <trkpt lon="4.684361" lat="50.596476"><ele>157.5</ele></trkpt>
   <trkpt lon="4.684528" lat="50.596176"><ele>158.0</ele></trkpt>
   <trkpt lon="4.684685" lat="50.595943"><ele>158.5</ele></trkpt>
   <trkpt lon="4.684817" lat="50.595799"><ele>159.25</ele></trkpt>
   <trkpt lon="4.684052" lat="50.595164"><ele>160.0</ele></trkpt>
   <trkpt lon="4.683097" lat="50.594305"><ele>160.5</ele></trkpt>
   <trkpt lon="4.682338" lat="50.593662"><ele>158.75</ele></trkpt>
   <trkpt lon="4.682051" lat="50.593435"><ele>158.0</ele></trkpt>
   <trkpt lon="4.680024" lat="50.592006"><ele>154.25</ele></trkpt>
   <trkpt lon="4.679499" lat="50.591665"><ele>154.0</ele></trkpt>
   <trkpt lon="4.679209" lat="50.591515"><ele>154.0</ele></trkpt>
   <trkpt lon="4.679362" lat="50.591286"><ele>153.75</ele></trkpt>
   <trkpt lon="4.679399" lat="50.591224"><ele>153.75</ele></trkpt>
   <trkpt lon="4.680390" lat="50.589692"><ele>155.75</ele></trkpt>
   <trkpt lon="4.683277" lat="50.585099"><ele>165.5</ele></trkpt>
   <trkpt lon="4.685961" lat="50.580789"><ele>161.0</ele></trkpt>
   <trkpt lon="4.686128" lat="50.580517"><ele>161.0</ele></trkpt>
   <trkpt lon="4.686441" lat="50.580007"><ele>160.75</ele></trkpt>
   <trkpt lon="4.687609" lat="50.578188"><ele>162.0</ele></trkpt>
   <trkpt lon="4.687803" lat="50.577886"><ele>162.0</ele></trkpt>
   <trkpt lon="4.688336" lat="50.577056"><ele>161.25</ele></trkpt>
   <trkpt lon="4.688407" lat="50.576944"><ele>161.25</ele></trkpt>
   <trkpt lon="4.688604" lat="50.576634"><ele>160.75</ele></trkpt>
   <trkpt lon="4.688623" lat="50.576604"><ele>160.75</ele></trkpt>
   <trkpt lon="4.688929" lat="50.576121"><ele>160.0</ele></trkpt>
   <trkpt lon="4.689115" lat="50.575828"><ele>159.75</ele></trkpt>
   <trkpt lon="4.689562" lat="50.575205"><ele>158.5</ele></trkpt>
   <trkpt lon="4.689999" lat="50.574796"><ele>158.0</ele></trkpt>
   <trkpt lon="4.689986" lat="50.574587"><ele>157.5</ele></trkpt>
   <trkpt lon="4.690036" lat="50.574394"><ele>157.0</ele></trkpt>
   <trkpt lon="4.690145" lat="50.574294"><ele>157.0</ele></trkpt>
   <trkpt lon="4.690788" lat="50.573177"><ele>155.0</ele></trkpt>
   <trkpt lon="4.691676" lat="50.571768"><ele>152.75</ele></trkpt>
   <trkpt lon="4.692338" lat="50.570717"><ele>153.25</ele></trkpt>
   <trkpt lon="4.692817" lat="50.569957"><ele>154.0</ele></trkpt>
   <trkpt lon="4.692899" lat="50.569827"><ele>154.0</ele></trkpt>
   <trkpt lon="4.693195" lat="50.569336"><ele>153.75</ele></trkpt>
   <trkpt lon="4.693275" lat="50.569243"><ele>153.75</ele></trkpt>
   <trkpt lon="4.693363" lat="50.569176"><ele>153.75</ele></trkpt>
   <trkpt lon="4.693415" lat="50.569137"><ele>153.5</ele></trkpt>
   <trkpt lon="4.693497" lat="50.569110"><ele>153.5</ele></trkpt>
   <trkpt lon="4.693626" lat="50.569147"><ele>153.0</ele></trkpt>
   <trkpt lon="4.693696" lat="50.569093"><ele>153.25</ele></trkpt>
   <trkpt lon="4.693793" lat="50.569065"><ele>153.75</ele></trkpt>
   <trkpt lon="4.694661" lat="50.569067"><ele>153.25</ele></trkpt>
   <trkpt lon="4.695306" lat="50.568710"><ele>154.0</ele></trkpt>
   <trkpt lon="4.695692" lat="50.568497"><ele>154.0</ele></trkpt>
   <trkpt lon="4.695841" lat="50.568443"><ele>154.5</ele></trkpt>
   <trkpt lon="4.696358" lat="50.568335"><ele>155.0</ele></trkpt>
   <trkpt lon="4.696783" lat="50.568287"><ele>154.0</ele></trkpt>
   <trkpt lon="4.696688" lat="50.568055"><ele>153.75</ele></trkpt>
   <trkpt lon="4.696638" lat="50.567817"><ele>152.25</ele></trkpt>
   <trkpt lon="4.696665" lat="50.567442"><ele>150.5</ele></trkpt>
   <trkpt lon="4.696787" lat="50.567030"><ele>148.5</ele></trkpt>
   <trkpt lon="4.696896" lat="50.566882"><ele>148.25</ele></trkpt>
   <trkpt lon="4.696870" lat="50.566850"><ele>149.0</ele></trkpt>
   <trkpt lon="4.696693" lat="50.566636"><ele>149.75</ele></trkpt>
   <trkpt lon="4.696653" lat="50.566561"><ele>148.75</ele></trkpt>
   <trkpt lon="4.696576" lat="50.566356"><ele>147.0</ele></trkpt>
   <trkpt lon="4.696495" lat="50.566278"><ele>147.0</ele></trkpt>
   <trkpt lon="4.696388" lat="50.566218"><ele>147.5</ele></trkpt>
   <trkpt lon="4.695761" lat="50.565939"><ele>148.75</ele></trkpt>
   <trkpt lon="4.695684" lat="50.565917"><ele>149.0</ele></trkpt>
   <trkpt lon="4.695733" lat="50.565842"><ele>148.75</ele></trkpt>
   <trkpt lon="4.696618" lat="50.564604"><ele>147.75</ele></trkpt>
   <trkpt lon="4.696666" lat="50.564537"><ele>148.0</ele></trkpt>
   <trkpt lon="4.696707" lat="50.564479"><ele>147.75</ele></trkpt>
   <trkpt lon="4.696968" lat="50.564113"><ele>149.25</ele></trkpt>
   <trkpt lon="4.697005" lat="50.564062"><ele>149.75</ele></trkpt>
   <trkpt lon="4.697283" lat="50.563694"><ele>151.75</ele></trkpt>
   <trkpt lon="4.697306" lat="50.563661"><ele>151.75</ele></trkpt>
   <trkpt lon="4.697750" lat="50.563061"><ele>153.75</ele></trkpt>
   <trkpt lon="4.697761" lat="50.563046"><ele>154.0</ele></trkpt>
   <trkpt lon="4.698090" lat="50.562593"><ele>155.5</ele></trkpt>
   <trkpt lon="4.698312" lat="50.562289"><ele>156.75</ele></trkpt>
   <trkpt lon="4.698680" lat="50.561784"><ele>157.75</ele></trkpt>
   <trkpt lon="4.698729" lat="50.561716"><ele>157.75</ele></trkpt>
   <trkpt lon="4.698777" lat="50.561651"><ele>158.0</ele></trkpt>
   <trkpt lon="4.698649" lat="50.561631"><ele>158.0</ele></trkpt>
   <trkpt lon="4.698542" lat="50.561616"><ele>158.0</ele></trkpt>
   <trkpt lon="4.698089" lat="50.561557"><ele>158.0</ele></trkpt>
   <trkpt lon="4.697699" lat="50.561506"><ele>157.0</ele></trkpt>
   <trkpt lon="4.697293" lat="50.561462"><ele>156.25</ele></trkpt>
   <trkpt lon="4.697038" lat="50.561430"><ele>155.25</ele></trkpt>
   <trkpt lon="4.696867" lat="50.561400"><ele>154.5</ele></trkpt>
   <trkpt lon="4.696749" lat="50.561368"><ele>154.25</ele></trkpt>
   <trkpt lon="4.696787" lat="50.561284"><ele>154.5</ele></trkpt>
   <trkpt lon="4.696804" lat="50.561264"><ele>154.75</ele></trkpt>
   <trkpt lon="4.696787" lat="50.561284"><ele>154.5</ele></trkpt>
   <trkpt lon="4.696749" lat="50.561368"><ele>154.25</ele></trkpt>
   <trkpt lon="4.696867" lat="50.561400"><ele>154.5</ele></trkpt>
   <trkpt lon="4.697038" lat="50.561430"><ele>155.25</ele></trkpt>
   <trkpt lon="4.697068" lat="50.561357"><ele>155.25</ele></trkpt>
   <trkpt lon="4.697141" lat="50.561193"><ele>155.0</ele></trkpt>
   <trkpt lon="4.697261" lat="50.561076"><ele>155.0</ele></trkpt>
   <trkpt lon="4.697359" lat="50.560949"><ele>155.75</ele></trkpt>
   <trkpt lon="4.697416" lat="50.560915"><ele>155.75</ele></trkpt>
   <trkpt lon="4.697452" lat="50.560914"><ele>155.75</ele></trkpt>
   <trkpt lon="4.699254" lat="50.560857"><ele>159.25</ele></trkpt>
   <trkpt lon="4.699365" lat="50.560853"><ele>159.5</ele></trkpt>
   <trkpt lon="4.699426" lat="50.560781"><ele>159.75</ele></trkpt>
   <trkpt lon="4.699473" lat="50.560725"><ele>159.75</ele></trkpt>
   <trkpt lon="4.700355" lat="50.559516"><ele>164.5</ele></trkpt>
   <trkpt lon="4.700418" lat="50.559412"><ele>163.75</ele></trkpt>
   <trkpt lon="4.700579" lat="50.559184"><ele>164.0</ele></trkpt>
   <trkpt lon="4.700734" lat="50.558971"><ele>167.5</ele></trkpt>
   <trkpt lon="4.700791" lat="50.558823"><ele>168.0</ele></trkpt>
   <trkpt lon="4.701029" lat="50.558565"><ele>169.0</ele></trkpt>
   <trkpt lon="4.701848" lat="50.557387"><ele>172.75</ele></trkpt>
   <trkpt lon="4.702354" lat="50.556869"><ele>174.5</ele></trkpt>
   <trkpt lon="4.702846" lat="50.556448"><ele>175.0</ele></trkpt>
   <trkpt lon="4.702957" lat="50.556373"><ele>175.5</ele></trkpt>
   <trkpt lon="4.703075" lat="50.556292"><ele>175.5</ele></trkpt>
   <trkpt lon="4.703354" lat="50.556101"><ele>175.75</ele></trkpt>
   <trkpt lon="4.703476" lat="50.556017"><ele>176.0</ele></trkpt>
   <trkpt lon="4.703661" lat="50.555869"><ele>176.0</ele></trkpt>
   <trkpt lon="4.703935" lat="50.555688"><ele>176.25</ele></trkpt>
   <trkpt lon="4.703983" lat="50.555644"><ele>176.25</ele></trkpt>
   <trkpt lon="4.704365" lat="50.555386"><ele>177.0</ele></trkpt>
   <trkpt lon="4.704592" lat="50.555281"><ele>177.0</ele></trkpt>
   <trkpt lon="4.704990" lat="50.555023"><ele>177.0</ele></trkpt>
   <trkpt lon="4.706610" lat="50.554039"><ele>176.5</ele></trkpt>
   <trkpt lon="4.708043" lat="50.553145"><ele>173.75</ele></trkpt>
   <trkpt lon="4.708534" lat="50.552846"><ele>173.0</ele></trkpt>
   <trkpt lon="4.708716" lat="50.552735"><ele>172.75</ele></trkpt>
   <trkpt lon="4.708984" lat="50.552566"><ele>172.0</ele></trkpt>
   <trkpt lon="4.709469" lat="50.552261"><ele>171.0</ele></trkpt>
   <trkpt lon="4.711655" lat="50.550884"><ele>168.0</ele></trkpt>
   <trkpt lon="4.712509" lat="50.550355"><ele>167.25</ele></trkpt>
   <trkpt lon="4.712719" lat="50.550292"><ele>167.0</ele></trkpt>
   <trkpt lon="4.713144" lat="50.550057"><ele>166.0</ele></trkpt>
   <trkpt lon="4.715891" lat="50.548434"><ele>156.0</ele></trkpt>
   <trkpt lon="4.718376" lat="50.546899"><ele>150.0</ele></trkpt>
   <trkpt lon="4.718462" lat="50.546846"><ele>150.25</ele></trkpt>
   <trkpt lon="4.718995" lat="50.546517"><ele>152.5</ele></trkpt>
   <trkpt lon="4.720472" lat="50.545570"><ele>159.0</ele></trkpt>
   <trkpt lon="4.721086" lat="50.545226"><ele>161.0</ele></trkpt>
   <trkpt lon="4.721904" lat="50.544772"><ele>162.25</ele></trkpt>
   <trkpt lon="4.722579" lat="50.544354"><ele>163.0</ele></trkpt>
   <trkpt lon="4.725447" lat="50.542582"><ele>158.75</ele></trkpt>
   <trkpt lon="4.727971" lat="50.541060"><ele>158.5</ele></trkpt>
   <trkpt lon="4.730007" lat="50.539882"><ele>163.0</ele></trkpt>
   <trkpt lon="4.732735" lat="50.538325"><ele>168.75</ele></trkpt>
   <trkpt lon="4.735291" lat="50.536780"><ele>176.0</ele></trkpt>
   <trkpt lon="4.737441" lat="50.535460"><ele>182.0</ele></trkpt>
   <trkpt lon="4.737723" lat="50.535293"><ele>182.0</ele></trkpt>
   <trkpt lon="4.740492" lat="50.533592"><ele>178.0</ele></trkpt>
   <trkpt lon="4.740564" lat="50.533547"><ele>177.75</ele></trkpt>
   <trkpt lon="4.741631" lat="50.532891"><ele>175.25</ele></trkpt>
   <trkpt lon="4.742783" lat="50.532190"><ele>172.75</ele></trkpt>
   <trkpt lon="4.744288" lat="50.531275"><ele>171.5</ele></trkpt>
   <trkpt lon="4.746381" lat="50.529996"><ele>176.0</ele></trkpt>
   <trkpt lon="4.749858" lat="50.527872"><ele>184.25</ele></trkpt>
   <trkpt lon="4.750094" lat="50.527728"><ele>185.0</ele></trkpt>
   <trkpt lon="4.752212" lat="50.526434"><ele>188.0</ele></trkpt>
   <trkpt lon="4.754175" lat="50.525234"><ele>189.5</ele></trkpt>
   <trkpt lon="4.754271" lat="50.525177"><ele>189.0</ele></trkpt>
   <trkpt lon="4.760378" lat="50.521421"><ele>190.75</ele></trkpt>
   <trkpt lon="4.761427" lat="50.520750"><ele>190.5</ele></trkpt>
   <trkpt lon="4.761973" lat="50.520399"><ele>190.0</ele></trkpt>
   <trkpt lon="4.762433" lat="50.520053"><ele>190.0</ele></trkpt>
   <trkpt lon="4.764460" lat="50.518793"><ele>189.25</ele></trkpt>
   <trkpt lon="4.765226" lat="50.518325"><ele>187.0</ele></trkpt>
   <trkpt lon="4.765577" lat="50.518100"><ele>187.0</ele></trkpt>
   <trkpt lon="4.765672" lat="50.518043"><ele>187.0</ele></trkpt>
   <trkpt lon="4.765704" lat="50.518024"><ele>187.0</ele></trkpt>
   <trkpt lon="4.765662" lat="50.517957"><ele>187.0</ele></trkpt>
   <trkpt lon="4.765651" lat="50.517886"><ele>187.0</ele></trkpt>
   <trkpt lon="4.765673" lat="50.517815"><ele>187.25</ele></trkpt>
   <trkpt lon="4.765726" lat="50.517752"><ele>187.25</ele></trkpt>
   <trkpt lon="4.765805" lat="50.517700"><ele>187.0</ele></trkpt>
   <trkpt lon="4.765922" lat="50.517661"><ele>186.25</ele></trkpt>
   <trkpt lon="4.766053" lat="50.517650"><ele>185.75</ele></trkpt>
   <trkpt lon="4.766182" lat="50.517666"><ele>185.5</ele></trkpt>
   <trkpt lon="4.766298" lat="50.517642"><ele>185.5</ele></trkpt>
   <trkpt lon="4.766401" lat="50.517602"><ele>185.25</ele></trkpt>
   <trkpt lon="4.766602" lat="50.517505"><ele>185.75</ele></trkpt>
   <trkpt lon="4.767037" lat="50.517244"><ele>184.25</ele></trkpt>
   <trkpt lon="4.767265" lat="50.517107"><ele>183.75</ele></trkpt>
   <trkpt lon="4.767883" lat="50.516735"><ele>183.25</ele></trkpt>
   <trkpt lon="4.768169" lat="50.516622"><ele>184.0</ele></trkpt>
   <trkpt lon="4.769128" lat="50.516035"><ele>184.0</ele></trkpt>
   <trkpt lon="4.770257" lat="50.515329"><ele>181.0</ele></trkpt>
   <trkpt lon="4.770695" lat="50.515073"><ele>179.75</ele></trkpt>
   <trkpt lon="4.771111" lat="50.514788"><ele>178.75</ele></trkpt>
   <trkpt lon="4.771487" lat="50.514486"><ele>178.0</ele></trkpt>
   <trkpt lon="4.772200" lat="50.513900"><ele>176.75</ele></trkpt>
   <trkpt lon="4.772516" lat="50.513613"><ele>176.0</ele></trkpt>
   <trkpt lon="4.772761" lat="50.513583"><ele>176.75</ele></trkpt>
   <trkpt lon="4.772973" lat="50.513549"><ele>176.75</ele></trkpt>
   <trkpt lon="4.773129" lat="50.513509"><ele>176.5</ele></trkpt>
   <trkpt lon="4.773291" lat="50.513449"><ele>176.25</ele></trkpt>
   <trkpt lon="4.773627" lat="50.513298"><ele>177.0</ele></trkpt>
   <trkpt lon="4.774164" lat="50.512963"><ele>177.25</ele></trkpt>
   <trkpt lon="4.774682" lat="50.512644"><ele>177.75</ele></trkpt>
   <trkpt lon="4.774859" lat="50.512536"><ele>177.5</ele></trkpt>
   <trkpt lon="4.775447" lat="50.512177"><ele>177.5</ele></trkpt>
   <trkpt lon="4.776632" lat="50.511458"><ele>177.5</ele></trkpt>
   <trkpt lon="4.777197" lat="50.511113"><ele>177.0</ele></trkpt>
   <trkpt lon="4.777687" lat="50.510816"><ele>176.0</ele></trkpt>
   <trkpt lon="4.778102" lat="50.510560"><ele>175.75</ele></trkpt>
   <trkpt lon="4.778265" lat="50.510464"><ele>175.0</ele></trkpt>
   <trkpt lon="4.778352" lat="50.510410"><ele>175.0</ele></trkpt>
   <trkpt lon="4.779448" lat="50.509741"><ele>176.75</ele></trkpt>
   <trkpt lon="4.781064" lat="50.508754"><ele>178.0</ele></trkpt>
   <trkpt lon="4.781835" lat="50.508283"><ele>179.0</ele></trkpt>
   <trkpt lon="4.782205" lat="50.508058"><ele>179.0</ele></trkpt>
   <trkpt lon="4.782692" lat="50.507761"><ele>179.0</ele></trkpt>
   <trkpt lon="4.782848" lat="50.507665"><ele>178.75</ele></trkpt>
   <trkpt lon="4.783229" lat="50.507433"><ele>178.5</ele></trkpt>
   <trkpt lon="4.783914" lat="50.507017"><ele>178.0</ele></trkpt>
   <trkpt lon="4.784917" lat="50.506405"><ele>177.0</ele></trkpt>
   <trkpt lon="4.785728" lat="50.505910"><ele>174.75</ele></trkpt>
   <trkpt lon="4.787322" lat="50.504937"><ele>169.25</ele></trkpt>
   <trkpt lon="4.787838" lat="50.504622"><ele>168.0</ele></trkpt>
   <trkpt lon="4.788608" lat="50.504152"><ele>163.0</ele></trkpt>
   <trkpt lon="4.788716" lat="50.504084"><ele>162.75</ele></trkpt>
   <trkpt lon="4.789700" lat="50.503482"><ele>157.75</ele></trkpt>
   <trkpt lon="4.791476" lat="50.502395"><ele>152.0</ele></trkpt>
   <trkpt lon="4.792096" lat="50.502013"><ele>151.25</ele></trkpt>
   <trkpt lon="4.792278" lat="50.501905"><ele>152.0</ele></trkpt>
   <trkpt lon="4.792389" lat="50.501837"><ele>152.0</ele></trkpt>
   <trkpt lon="4.792489" lat="50.501777"><ele>152.0</ele></trkpt>
   <trkpt lon="4.793471" lat="50.501179"><ele>151.5</ele></trkpt>
   <trkpt lon="4.794043" lat="50.500833"><ele>150.5</ele></trkpt>
   <trkpt lon="4.794666" lat="50.500451"><ele>150.5</ele></trkpt>
   <trkpt lon="4.796422" lat="50.499375"><ele>145.5</ele></trkpt>
   <trkpt lon="4.797882" lat="50.498490"><ele>148.25</ele></trkpt>
   <trkpt lon="4.798644" lat="50.498021"><ele>151.0</ele></trkpt>
   <trkpt lon="4.799170" lat="50.497705"><ele>152.0</ele></trkpt>
   <trkpt lon="4.800195" lat="50.497078"><ele>154.25</ele></trkpt>
   <trkpt lon="4.801725" lat="50.496146"><ele>158.5</ele></trkpt>
   <trkpt lon="4.802379" lat="50.495750"><ele>160.0</ele></trkpt>
   <trkpt lon="4.802498" lat="50.495578"><ele>160.0</ele></trkpt>
   <trkpt lon="4.802957" lat="50.495296"><ele>161.5</ele></trkpt>
   <trkpt lon="4.804078" lat="50.494609"><ele>162.75</ele></trkpt>
   <trkpt lon="4.806016" lat="50.493415"><ele>163.75</ele></trkpt>
   <trkpt lon="4.807192" lat="50.492693"><ele>164.0</ele></trkpt>
   <trkpt lon="4.807653" lat="50.492487"><ele>164.25</ele></trkpt>
   <trkpt lon="4.808259" lat="50.492289"><ele>163.25</ele></trkpt>
   <trkpt lon="4.808360" lat="50.492227"><ele>163.75</ele></trkpt>
   <trkpt lon="4.808583" lat="50.492188"><ele>164.0</ele></trkpt>
   <trkpt lon="4.808928" lat="50.492127"><ele>164.0</ele></trkpt>
   <trkpt lon="4.809224" lat="50.492087"><ele>163.25</ele></trkpt>
   <trkpt lon="4.809680" lat="50.492050"><ele>163.0</ele></trkpt>
   <trkpt lon="4.810068" lat="50.492041"><ele>162.25</ele></trkpt>
   <trkpt lon="4.810988" lat="50.492088"><ele>162.5</ele></trkpt>
   <trkpt lon="4.811774" lat="50.492140"><ele>163.0</ele></trkpt>
   <trkpt lon="4.812055" lat="50.492223"><ele>162.5</ele></trkpt>
   <trkpt lon="4.812217" lat="50.492231"><ele>161.5</ele></trkpt>
   <trkpt lon="4.812927" lat="50.492274"><ele>159.75</ele></trkpt>
   <trkpt lon="4.813246" lat="50.492291"><ele>162.0</ele></trkpt>
   <trkpt lon="4.813872" lat="50.492276"><ele>161.0</ele></trkpt>
   <trkpt lon="4.814397" lat="50.492236"><ele>159.75</ele></trkpt>
   <trkpt lon="4.815046" lat="50.492161"><ele>158.0</ele></trkpt>
   <trkpt lon="4.815381" lat="50.492105"><ele>155.5</ele></trkpt>
   <trkpt lon="4.815892" lat="50.491991"><ele>153.0</ele></trkpt>
   <trkpt lon="4.816503" lat="50.491857"><ele>152.25</ele></trkpt>
   <trkpt lon="4.816980" lat="50.491729"><ele>148.25</ele></trkpt>
   <trkpt lon="4.817470" lat="50.491563"><ele>148.5</ele></trkpt>
   <trkpt lon="4.817657" lat="50.491469"><ele>147.5</ele></trkpt>
   <trkpt lon="4.817805" lat="50.491324"><ele>145.5</ele></trkpt>
   <trkpt lon="4.817873" lat="50.491180"><ele>144.75</ele></trkpt>
   <trkpt lon="4.817876" lat="50.491002"><ele>143.25</ele></trkpt>
   <trkpt lon="4.817805" lat="50.490779"><ele>140.75</ele></trkpt>
   <trkpt lon="4.817729" lat="50.490450"><ele>139.5</ele></trkpt>
   <trkpt lon="4.817725" lat="50.490267"><ele>139.0</ele></trkpt>
   <trkpt lon="4.817779" lat="50.490043"><ele>137.25</ele></trkpt>
   <trkpt lon="4.817987" lat="50.489821"><ele>136.25</ele></trkpt>
   <trkpt lon="4.818332" lat="50.489593"><ele>136.75</ele></trkpt>
   <trkpt lon="4.819253" lat="50.489103"><ele>129.5</ele></trkpt>
   <trkpt lon="4.819707" lat="50.488864"><ele>127.75</ele></trkpt>
   <trkpt lon="4.820256" lat="50.488694"><ele>123.5</ele></trkpt>
   <trkpt lon="4.821558" lat="50.488348"><ele>121.0</ele></trkpt>
   <trkpt lon="4.822003" lat="50.488235"><ele>120.75</ele></trkpt>
   <trkpt lon="4.822570" lat="50.488131"><ele>118.0</ele></trkpt>
   <trkpt lon="4.823043" lat="50.488109"><ele>117.25</ele></trkpt>
   <trkpt lon="4.823330" lat="50.488101"><ele>116.5</ele></trkpt>
   <trkpt lon="4.823592" lat="50.488109"><ele>116.5</ele></trkpt>
   <trkpt lon="4.824235" lat="50.488150"><ele>115.75</ele></trkpt>
   <trkpt lon="4.824691" lat="50.488233"><ele>114.75</ele></trkpt>
   <trkpt lon="4.825078" lat="50.488314"><ele>115.0</ele></trkpt>
   <trkpt lon="4.825300" lat="50.488371"><ele>114.5</ele></trkpt>
   <trkpt lon="4.825447" lat="50.488421"><ele>114.0</ele></trkpt>
   <trkpt lon="4.825878" lat="50.488561"><ele>113.75</ele></trkpt>
   <trkpt lon="4.826557" lat="50.488805"><ele>113.0</ele></trkpt>
   <trkpt lon="4.826878" lat="50.488902"><ele>112.75</ele></trkpt>
   <trkpt lon="4.827143" lat="50.488969"><ele>112.5</ele></trkpt>
   <trkpt lon="4.827547" lat="50.489040"><ele>112.25</ele></trkpt>
   <trkpt lon="4.827839" lat="50.489063"><ele>112.0</ele></trkpt>
   <trkpt lon="4.828075" lat="50.489059"><ele>112.0</ele></trkpt>
   <trkpt lon="4.828307" lat="50.489032"><ele>112.25</ele></trkpt>
   <trkpt lon="4.828663" lat="50.488967"><ele>112.5</ele></trkpt>
   <trkpt lon="4.828897" lat="50.488876"><ele>113.0</ele></trkpt>
   <trkpt lon="4.829129" lat="50.488747"><ele>112.5</ele></trkpt>
   <trkpt lon="4.829274" lat="50.488638"><ele>112.5</ele></trkpt>
   <trkpt lon="4.829412" lat="50.488481"><ele>112.5</ele></trkpt>
   <trkpt lon="4.829520" lat="50.488301"><ele>112.25</ele></trkpt>
   <trkpt lon="4.829601" lat="50.488057"><ele>111.25</ele></trkpt>
   <trkpt lon="4.829587" lat="50.487741"><ele>111.25</ele></trkpt>
   <trkpt lon="4.829348" lat="50.487078"><ele>111.75</ele></trkpt>
   <trkpt lon="4.829313" lat="50.486881"><ele>111.5</ele></trkpt>
   <trkpt lon="4.829299" lat="50.486745"><ele>111.75</ele></trkpt>
   <trkpt lon="4.829293" lat="50.486537"><ele>112.0</ele></trkpt>
   <trkpt lon="4.829326" lat="50.486343"><ele>112.0</ele></trkpt>
   <trkpt lon="4.829428" lat="50.486102"><ele>112.0</ele></trkpt>
   <trkpt lon="4.829631" lat="50.485876"><ele>111.75</ele></trkpt>
   <trkpt lon="4.829953" lat="50.485635"><ele>112.5</ele></trkpt>
   <trkpt lon="4.830540" lat="50.485377"><ele>112.25</ele></trkpt>
   <trkpt lon="4.830686" lat="50.485331"><ele>111.75</ele></trkpt>
   <trkpt lon="4.831027" lat="50.485225"><ele>111.25</ele></trkpt>
   <trkpt lon="4.831609" lat="50.485113"><ele>109.75</ele></trkpt>
   <trkpt lon="4.832172" lat="50.485038"><ele>109.5</ele></trkpt>
   <trkpt lon="4.832801" lat="50.485003"><ele>109.75</ele></trkpt>
   <trkpt lon="4.833487" lat="50.485018"><ele>109.75</ele></trkpt>
   <trkpt lon="4.834221" lat="50.485072"><ele>110.0</ele></trkpt>
   <trkpt lon="4.835028" lat="50.485167"><ele>109.25</ele></trkpt>
   <trkpt lon="4.835834" lat="50.485295"><ele>107.75</ele></trkpt>
   <trkpt lon="4.836338" lat="50.485396"><ele>108.0</ele></trkpt>
   <trkpt lon="4.837588" lat="50.485654"><ele>108.0</ele></trkpt>
   <trkpt lon="4.838029" lat="50.485676"><ele>105.75</ele></trkpt>
   <trkpt lon="4.838428" lat="50.485609"><ele>105.75</ele></trkpt>
   <trkpt lon="4.838702" lat="50.485480"><ele>106.0</ele></trkpt>
   <trkpt lon="4.838955" lat="50.485310"><ele>106.0</ele></trkpt>
   <trkpt lon="4.839025" lat="50.485233"><ele>106.0</ele></trkpt>
   <trkpt lon="4.839150" lat="50.485086"><ele>106.0</ele></trkpt>
   <trkpt lon="4.839236" lat="50.484886"><ele>105.5</ele></trkpt>
   <trkpt lon="4.839253" lat="50.484788"><ele>105.25</ele></trkpt>
   <trkpt lon="4.839254" lat="50.484678"><ele>105.25</ele></trkpt>
   <trkpt lon="4.839237" lat="50.484599"><ele>105.25</ele></trkpt>
   <trkpt lon="4.839207" lat="50.484524"><ele>105.0</ele></trkpt>
   <trkpt lon="4.839109" lat="50.484390"><ele>105.5</ele></trkpt>
   <trkpt lon="4.839073" lat="50.484358"><ele>105.75</ele></trkpt>
   <trkpt lon="4.838998" lat="50.484292"><ele>106.0</ele></trkpt>
   <trkpt lon="4.838918" lat="50.484236"><ele>105.5</ele></trkpt>
   <trkpt lon="4.838806" lat="50.484171"><ele>105.0</ele></trkpt>
   <trkpt lon="4.838670" lat="50.484107"><ele>105.0</ele></trkpt>
   <trkpt lon="4.838506" lat="50.484044"><ele>105.5</ele></trkpt>
   <trkpt lon="4.837875" lat="50.483832"><ele>104.5</ele></trkpt>
   <trkpt lon="4.837264" lat="50.483624"><ele>104.0</ele></trkpt>
   <trkpt lon="4.837035" lat="50.483534"><ele>103.75</ele></trkpt>
   <trkpt lon="4.836747" lat="50.483400"><ele>103.0</ele></trkpt>
   <trkpt lon="4.836548" lat="50.483292"><ele>103.0</ele></trkpt>
   <trkpt lon="4.836371" lat="50.483184"><ele>103.0</ele></trkpt>
   <trkpt lon="4.836181" lat="50.483045"><ele>103.0</ele></trkpt>
   <trkpt lon="4.835996" lat="50.482883"><ele>102.75</ele></trkpt>
   <trkpt lon="4.835784" lat="50.482658"><ele>102.75</ele></trkpt>
   <trkpt lon="4.835595" lat="50.482433"><ele>103.0</ele></trkpt>
   <trkpt lon="4.835489" lat="50.482243"><ele>102.75</ele></trkpt>
   <trkpt lon="4.835410" lat="50.482051"><ele>103.0</ele></trkpt>
   <trkpt lon="4.835335" lat="50.481822"><ele>103.0</ele></trkpt>
   <trkpt lon="4.835257" lat="50.481535"><ele>102.5</ele></trkpt>
   <trkpt lon="4.835198" lat="50.481209"><ele>102.5</ele></trkpt>
   <trkpt lon="4.835162" lat="50.480899"><ele>102.5</ele></trkpt>
   <trkpt lon="4.835151" lat="50.480698"><ele>103.0</ele></trkpt>
   <trkpt lon="4.835154" lat="50.480567"><ele>103.5</ele></trkpt>
   <trkpt lon="4.835185" lat="50.480305"><ele>106.25</ele></trkpt>
   <trkpt lon="4.835208" lat="50.480179"><ele>105.75</ele></trkpt>
   <trkpt lon="4.835269" lat="50.479947"><ele>103.75</ele></trkpt>
   <trkpt lon="4.835432" lat="50.479539"><ele>104.75</ele></trkpt>
   <trkpt lon="4.835555" lat="50.479299"><ele>104.0</ele></trkpt>
   <trkpt lon="4.835684" lat="50.479087"><ele>105.25</ele></trkpt>
   <trkpt lon="4.835826" lat="50.478890"><ele>105.0</ele></trkpt>
   <trkpt lon="4.836367" lat="50.478274"><ele>106.75</ele></trkpt>
   <trkpt lon="4.836809" lat="50.477870"><ele>108.25</ele></trkpt>
   <trkpt lon="4.837424" lat="50.477423"><ele>107.75</ele></trkpt>
   <trkpt lon="4.837807" lat="50.477234"><ele>107.75</ele></trkpt>
   <trkpt lon="4.838100" lat="50.477122"><ele>109.5</ele></trkpt>
   <trkpt lon="4.838325" lat="50.477076"><ele>110.25</ele></trkpt>
   <trkpt lon="4.838709" lat="50.477040"><ele>109.0</ele></trkpt>
   <trkpt lon="4.839054" lat="50.477034"><ele>107.0</ele></trkpt>
   <trkpt lon="4.839429" lat="50.477045"><ele>106.75</ele></trkpt>
   <trkpt lon="4.839783" lat="50.477067"><ele>106.5</ele></trkpt>
   <trkpt lon="4.840792" lat="50.477168"><ele>106.75</ele></trkpt>
   <trkpt lon="4.841240" lat="50.477225"><ele>105.25</ele></trkpt>
   <trkpt lon="4.841630" lat="50.477297"><ele>107.25</ele></trkpt>
   <trkpt lon="4.841820" lat="50.477338"><ele>107.5</ele></trkpt>
   <trkpt lon="4.841966" lat="50.477371"><ele>107.25</ele></trkpt>
   <trkpt lon="4.842702" lat="50.477550"><ele>105.75</ele></trkpt>
   <trkpt lon="4.843323" lat="50.477650"><ele>107.5</ele></trkpt>
   <trkpt lon="4.843795" lat="50.477710"><ele>103.5</ele></trkpt>
   <trkpt lon="4.844060" lat="50.477756"><ele>102.25</ele></trkpt>
   <trkpt lon="4.844614" lat="50.477892"><ele>103.25</ele></trkpt>
   <trkpt lon="4.845195" lat="50.478106"><ele>100.25</ele></trkpt>
   <trkpt lon="4.845792" lat="50.478303"><ele>99.25</ele></trkpt>
   <trkpt lon="4.846053" lat="50.478305"><ele>99.25</ele></trkpt>
   <trkpt lon="4.846182" lat="50.478297"><ele>99.0</ele></trkpt>
   <trkpt lon="4.846318" lat="50.478274"><ele>98.25</ele></trkpt>
   <trkpt lon="4.846416" lat="50.478238"><ele>97.75</ele></trkpt>
   <trkpt lon="4.846472" lat="50.478197"><ele>97.5</ele></trkpt>
   <trkpt lon="4.846530" lat="50.478098"><ele>97.25</ele></trkpt>
   <trkpt lon="4.846575" lat="50.477908"><ele>97.25</ele></trkpt>
   <trkpt lon="4.846884" lat="50.477880"><ele>96.0</ele></trkpt>
   <trkpt lon="4.847095" lat="50.477869"><ele>95.75</ele></trkpt>
   <trkpt lon="4.847292" lat="50.477874"><ele>97.75</ele></trkpt>
   <trkpt lon="4.847298" lat="50.477799"><ele>97.75</ele></trkpt>
   <trkpt lon="4.847311" lat="50.477654"><ele>98.0</ele></trkpt>
   <trkpt lon="4.847295" lat="50.477591"><ele>97.5</ele></trkpt>
   <trkpt lon="4.847248" lat="50.477537"><ele>96.5</ele></trkpt>
   <trkpt lon="4.846848" lat="50.477245"><ele>95.0</ele></trkpt>
   <trkpt lon="4.846767" lat="50.477163"><ele>95.0</ele></trkpt>
   <trkpt lon="4.846745" lat="50.477075"><ele>95.25</ele></trkpt>
   <trkpt lon="4.846834" lat="50.476795"><ele>95.5</ele></trkpt>
   <trkpt lon="4.847006" lat="50.476377"><ele>96.25</ele></trkpt>
   <trkpt lon="4.847022" lat="50.476314"><ele>96.25</ele></trkpt>
   <trkpt lon="4.847064" lat="50.476140"><ele>96.25</ele></trkpt>
   <trkpt lon="4.847113" lat="50.476027"><ele>96.25</ele></trkpt>
   <trkpt lon="4.847162" lat="50.475943"><ele>96.0</ele></trkpt>
   <trkpt lon="4.847208" lat="50.475865"><ele>96.0</ele></trkpt>
   <trkpt lon="4.847685" lat="50.475773"><ele>96.75</ele></trkpt>
   <trkpt lon="4.848043" lat="50.475688"><ele>97.75</ele></trkpt>
   <trkpt lon="4.848412" lat="50.475595"><ele>96.75</ele></trkpt>
   <trkpt lon="4.848576" lat="50.475503"><ele>96.0</ele></trkpt>
   <trkpt lon="4.848878" lat="50.475454"><ele>96.0</ele></trkpt>
   <trkpt lon="4.849060" lat="50.475424"><ele>97.0</ele></trkpt>
   <trkpt lon="4.849299" lat="50.475396"><ele>97.75</ele></trkpt>
   <trkpt lon="4.849451" lat="50.475409"><ele>97.75</ele></trkpt>
   <trkpt lon="4.849559" lat="50.475444"><ele>97.5</ele></trkpt>
   <trkpt lon="4.849656" lat="50.475450"><ele>96.75</ele></trkpt>
   <trkpt lon="4.849749" lat="50.475447"><ele>96.0</ele></trkpt>
   <trkpt lon="4.849980" lat="50.475435"><ele>95.0</ele></trkpt>
   <trkpt lon="4.851698" lat="50.475310"><ele>94.0</ele></trkpt>
   <trkpt lon="4.851856" lat="50.475294"><ele>93.75</ele></trkpt>
   <trkpt lon="4.851987" lat="50.475266"><ele>93.75</ele></trkpt>
   <trkpt lon="4.852165" lat="50.475217"><ele>93.5</ele></trkpt>
   <trkpt lon="4.852785" lat="50.474983"><ele>92.75</ele></trkpt>
   <trkpt lon="4.853099" lat="50.474894"><ele>92.75</ele></trkpt>
   <trkpt lon="4.853904" lat="50.474751"><ele>93.25</ele></trkpt>
   <trkpt lon="4.854324" lat="50.474696"><ele>93.0</ele></trkpt>
   <trkpt lon="4.855285" lat="50.474572"><ele>93.0</ele></trkpt>
   <trkpt lon="4.856318" lat="50.474619"><ele>93.0</ele></trkpt>
   <trkpt lon="4.856483" lat="50.474585"><ele>93.5</ele></trkpt>
   <trkpt lon="4.856551" lat="50.474560"><ele>93.5</ele></trkpt>
   <trkpt lon="4.857136" lat="50.474350"><ele>94.75</ele></trkpt>
   <trkpt lon="4.857488" lat="50.474247"><ele>95.25</ele></trkpt>
   <trkpt lon="4.857643" lat="50.474216"><ele>95.25</ele></trkpt>
   <trkpt lon="4.858391" lat="50.474160"><ele>95.0</ele></trkpt>
   <trkpt lon="4.858495" lat="50.474135"><ele>95.0</ele></trkpt>
   <trkpt lon="4.858579" lat="50.474103"><ele>94.75</ele></trkpt>
   <trkpt lon="4.858774" lat="50.474000"><ele>93.75</ele></trkpt>
   <trkpt lon="4.858822" lat="50.474002"><ele>94.0</ele></trkpt>
   <trkpt lon="4.858906" lat="50.474007"><ele>94.25</ele></trkpt>
   <trkpt lon="4.859539" lat="50.474049"><ele>94.75</ele></trkpt>
   <trkpt lon="4.860591" lat="50.474104"><ele>93.25</ele></trkpt>
   <trkpt lon="4.861664" lat="50.474141"><ele>92.5</ele></trkpt>
   <trkpt lon="4.862666" lat="50.474110"><ele>92.25</ele></trkpt>
   <trkpt lon="4.862768" lat="50.474104"><ele>92.5</ele></trkpt>
   <trkpt lon="4.862884" lat="50.474086"><ele>93.75</ele></trkpt>
   <trkpt lon="4.862980" lat="50.474054"><ele>94.25</ele></trkpt>
   <trkpt lon="4.863057" lat="50.474019"><ele>94.25</ele></trkpt>
   <trkpt lon="4.863132" lat="50.473988"><ele>94.0</ele></trkpt>
   <trkpt lon="4.863224" lat="50.473895"><ele>91.75</ele></trkpt>
   <trkpt lon="4.863637" lat="50.473420"><ele>91.0</ele></trkpt>
   <trkpt lon="4.863677" lat="50.473375"><ele>91.25</ele></trkpt>
   <trkpt lon="4.863745" lat="50.473297"><ele>91.5</ele></trkpt>
   <trkpt lon="4.863921" lat="50.473096"><ele>90.75</ele></trkpt>
   <trkpt lon="4.864071" lat="50.472946"><ele>90.25</ele></trkpt>
   <trkpt lon="4.864414" lat="50.472609"><ele>90.5</ele></trkpt>
   <trkpt lon="4.864607" lat="50.472421"><ele>90.75</ele></trkpt>
   <trkpt lon="4.864703" lat="50.472331"><ele>90.25</ele></trkpt>
   <trkpt lon="4.865225" lat="50.471830"><ele>90.0</ele></trkpt>
   <trkpt lon="4.865318" lat="50.471766"><ele>90.25</ele></trkpt>
   <trkpt lon="4.865668" lat="50.471621"><ele>89.0</ele></trkpt>
   <trkpt lon="4.865773" lat="50.471587"><ele>89.25</ele></trkpt>
   <trkpt lon="4.865832" lat="50.471463"><ele>89.25</ele></trkpt>
   <trkpt lon="4.865996" lat="50.471117"><ele>89.25</ele></trkpt>
   <trkpt lon="4.866108" lat="50.470886"><ele>89.75</ele></trkpt>
   <trkpt lon="4.866125" lat="50.470850"><ele>89.75</ele></trkpt>
   <trkpt lon="4.866144" lat="50.470807"><ele>90.0</ele></trkpt>
   <trkpt lon="4.866147" lat="50.470724"><ele>90.0</ele></trkpt>
   <trkpt lon="4.866059" lat="50.470644"><ele>89.75</ele></trkpt>
   <trkpt lon="4.865892" lat="50.470535"><ele>89.0</ele></trkpt>
   <trkpt lon="4.865988" lat="50.470480"><ele>89.25</ele></trkpt>
   <trkpt lon="4.866066" lat="50.470430"><ele>89.25</ele></trkpt>
   <trkpt lon="4.866098" lat="50.470447"><ele>89.5</ele></trkpt>
   <trkpt lon="4.866428" lat="50.470610"><ele>90.25</ele></trkpt>
   <trkpt lon="4.866659" lat="50.470670"><ele>91.75</ele></trkpt>
   <trkpt lon="4.867399" lat="50.470830"><ele>97.0</ele></trkpt>
   <trkpt lon="4.867497" lat="50.470842"><ele>97.75</ele></trkpt>
   <trkpt lon="4.867583" lat="50.470821"><ele>96.75</ele></trkpt>
   <trkpt lon="4.867610" lat="50.470788"><ele>96.25</ele></trkpt>
   <trkpt lon="4.867660" lat="50.470689"><ele>94.75</ele></trkpt>
   <trkpt lon="4.867686" lat="50.470638"><ele>94.0</ele></trkpt>
   <trkpt lon="4.867704" lat="50.470505"><ele>93.5</ele></trkpt>
   <trkpt lon="4.867744" lat="50.470201"><ele>93.0</ele></trkpt>
   <trkpt lon="4.867751" lat="50.470049"><ele>92.75</ele></trkpt>
   <trkpt lon="4.867904" lat="50.469123"><ele>90.75</ele></trkpt>
   <trkpt lon="4.867904" lat="50.469076"><ele>90.75</ele></trkpt>
   <trkpt lon="4.868009" lat="50.468956"><ele>90.75</ele></trkpt>
   <trkpt lon="4.868042" lat="50.468925"><ele>91.25</ele></trkpt>
   <trkpt lon="4.868101" lat="50.468888"><ele>91.75</ele></trkpt>
   <trkpt lon="4.868185" lat="50.468852"><ele>91.5</ele></trkpt>
   <trkpt lon="4.868255" lat="50.468832"><ele>91.5</ele></trkpt>
   <trkpt lon="4.868388" lat="50.468815"><ele>91.25</ele></trkpt>
   <trkpt lon="4.868357" lat="50.468705"><ele>90.5</ele></trkpt>
   <trkpt lon="4.868312" lat="50.468642"><ele>90.0</ele></trkpt>
   <trkpt lon="4.868279" lat="50.468621"><ele>90.0</ele></trkpt>
   <trkpt lon="4.868202" lat="50.468583"><ele>89.75</ele></trkpt>
   <trkpt lon="4.868104" lat="50.468553"><ele>89.75</ele></trkpt>
   <trkpt lon="4.868029" lat="50.468535"><ele>89.5</ele></trkpt>
   <trkpt lon="4.868064" lat="50.468461"><ele>89.25</ele></trkpt>
   <trkpt lon="4.868103" lat="50.468365"><ele>89.0</ele></trkpt>
   <trkpt lon="4.868214" lat="50.468388"><ele>89.0</ele></trkpt>
   <trkpt lon="4.868321" lat="50.468411"><ele>89.25</ele></trkpt>
   <trkpt lon="4.868523" lat="50.468511"><ele>89.5</ele></trkpt>
   <trkpt lon="4.868588" lat="50.468490"><ele>89.5</ele></trkpt>
   <trkpt lon="4.869681" lat="50.468116"><ele>86.5</ele></trkpt>
   <trkpt lon="4.870073" lat="50.467984"><ele>86.5</ele></trkpt>
   <trkpt lon="4.870236" lat="50.467928"><ele>86.0</ele></trkpt>
   <trkpt lon="4.870380" lat="50.467880"><ele>86.0</ele></trkpt>
   <trkpt lon="4.871490" lat="50.467504"><ele>84.0</ele></trkpt>
   <trkpt lon="4.871708" lat="50.467430"><ele>83.5</ele></trkpt>
   <trkpt lon="4.871815" lat="50.467494"><ele>83.75</ele></trkpt>
   <trkpt lon="4.872010" lat="50.467410"><ele>83.0</ele></trkpt>
  </trkseg>
 </trk>
</gpx>
