<?xml version="1.0" encoding="UTF-8" ?>
<gpx version="1.1" xmlns:xsi="http://www.w3.org/2001/XMLSchema-instance" 
    xmlns="http://www.topografix.com/GPX/1/1" 
    xsi:schemaLocation="http://www.topografix.com/GPX/1/1 http://www.topografix.com/GPX/1/1/gpx.xsd" 
    creator="Openrunner - https://www.openrunner.com" >	<trk>
						<name>15054725-Troncon_05</name>
						<trkseg>
					<trkpt lat="50.848700" lon="5.687730">
						<ele>57</ele>
						<time>2022-06-30T17:35:20Z</time>
					</trkpt>
					<trkpt lat="50.848550" lon="5.687810">
						<ele>57</ele>
						<time>2022-06-30T17:35:33Z</time>
					</trkpt>
					<trkpt lat="50.848550" lon="5.687920">
						<ele>57</ele>
						<time>2022-06-30T17:35:38Z</time>
					</trkpt>
					<trkpt lat="50.848500" lon="5.688100">
						<ele>57</ele>
						<time>2022-06-30T17:35:48Z</time>
					</trkpt>
					<trkpt lat="50.848480" lon="5.688290">
						<ele>57</ele>
						<time>2022-06-30T17:35:58Z</time>
					</trkpt>
					<trkpt lat="50.848430" lon="5.689110">
						<ele>55</ele>
						<time>2022-06-30T17:36:40Z</time>
					</trkpt>
					<trkpt lat="50.848340" lon="5.689140">
						<ele>55</ele>
						<time>2022-06-30T17:36:47Z</time>
					</trkpt>
					<trkpt lat="50.848180" lon="5.689150">
						<ele>55</ele>
						<time>2022-06-30T17:37:00Z</time>
					</trkpt>
					<trkpt lat="50.847820" lon="5.689350">
						<ele>56</ele>
						<time>2022-06-30T17:37:30Z</time>
					</trkpt>
					<trkpt lat="50.847560" lon="5.689560">
						<ele>56</ele>
						<time>2022-06-30T17:37:54Z</time>
					</trkpt>
					<trkpt lat="50.847380" lon="5.689710">
						<ele>55</ele>
						<time>2022-06-30T17:38:10Z</time>
					</trkpt>
					<trkpt lat="50.847150" lon="5.689860">
						<ele>55</ele>
						<time>2022-06-30T17:38:30Z</time>
					</trkpt>
					<trkpt lat="50.846960" lon="5.690030">
						<ele>54</ele>
						<time>2022-06-30T17:38:47Z</time>
					</trkpt>
					<trkpt lat="50.846770" lon="5.690210">
						<ele>54</ele>
						<time>2022-06-30T17:39:05Z</time>
					</trkpt>
					<trkpt lat="50.846630" lon="5.690290">
						<ele>54</ele>
						<time>2022-06-30T17:39:17Z</time>
					</trkpt>
					<trkpt lat="50.846710" lon="5.690940">
						<ele>53</ele>
						<time>2022-06-30T17:39:50Z</time>
					</trkpt>
					<trkpt lat="50.846730" lon="5.691170">
						<ele>53</ele>
						<time>2022-06-30T17:40:02Z</time>
					</trkpt>
					<trkpt lat="50.846840" lon="5.691740">
						<ele>53</ele>
						<time>2022-06-30T17:40:32Z</time>
					</trkpt>
					<trkpt lat="50.846860" lon="5.692060">
						<ele>54</ele>
						<time>2022-06-30T17:40:49Z</time>
					</trkpt>
					<trkpt lat="50.846990" lon="5.692720">
						<ele>55</ele>
						<time>2022-06-30T17:41:24Z</time>
					</trkpt>
					<trkpt lat="50.847190" lon="5.692890">
						<ele>56</ele>
						<time>2022-06-30T17:41:42Z</time>
					</trkpt>
					<trkpt lat="50.847580" lon="5.693140">
						<ele>58</ele>
						<time>2022-06-30T17:42:15Z</time>
					</trkpt>
					<trkpt lat="50.847910" lon="5.693100">
						<ele>58</ele>
						<time>2022-06-30T17:42:42Z</time>
					</trkpt>
					<trkpt lat="50.847950" lon="5.693420">
						<ele>58</ele>
						<time>2022-06-30T17:42:58Z</time>
					</trkpt>
					<trkpt lat="50.848010" lon="5.693970">
						<ele>55</ele>
						<time>2022-06-30T17:43:27Z</time>
					</trkpt>
					<trkpt lat="50.848020" lon="5.694210">
						<ele>54</ele>
						<time>2022-06-30T17:43:39Z</time>
					</trkpt>
					<trkpt lat="50.848170" lon="5.694150">
						<ele>54</ele>
						<time>2022-06-30T17:43:51Z</time>
					</trkpt>
					<trkpt lat="50.848400" lon="5.694090">
						<ele>54</ele>
						<time>2022-06-30T17:44:10Z</time>
					</trkpt>
					<trkpt lat="50.848700" lon="5.694040">
						<ele>55</ele>
						<time>2022-06-30T17:44:34Z</time>
					</trkpt>
					<trkpt lat="50.848850" lon="5.694030">
						<ele>55</ele>
						<time>2022-06-30T17:44:46Z</time>
					</trkpt>
					<trkpt lat="50.848990" lon="5.694060">
						<ele>55</ele>
						<time>2022-06-30T17:44:57Z</time>
					</trkpt>
					<trkpt lat="50.849150" lon="5.694280">
						<ele>54</ele>
						<time>2022-06-30T17:45:14Z</time>
					</trkpt>
					<trkpt lat="50.849370" lon="5.694300">
						<ele>53</ele>
						<time>2022-06-30T17:45:32Z</time>
					</trkpt>
					<trkpt lat="50.849380" lon="5.694620">
						<ele>51</ele>
						<time>2022-06-30T17:45:48Z</time>
					</trkpt>
					<trkpt lat="50.849390" lon="5.695090">
						<ele>47</ele>
						<time>2022-06-30T17:46:12Z</time>
					</trkpt>
					<trkpt lat="50.849430" lon="5.696300">
						<ele>45</ele>
						<time>2022-06-30T17:47:13Z</time>
					</trkpt>
					<trkpt lat="50.849440" lon="5.696550">
						<ele>45</ele>
						<time>2022-06-30T17:47:26Z</time>
					</trkpt>
					<trkpt lat="50.849460" lon="5.697440">
						<ele>49</ele>
						<time>2022-06-30T17:48:11Z</time>
					</trkpt>
					<trkpt lat="50.849090" lon="5.697470">
						<ele>48</ele>
						<time>2022-06-30T17:48:40Z</time>
					</trkpt>
					<trkpt lat="50.848750" lon="5.697510">
						<ele>49</ele>
						<time>2022-06-30T17:49:08Z</time>
					</trkpt>
					<trkpt lat="50.848510" lon="5.697560">
						<ele>49</ele>
						<time>2022-06-30T17:49:27Z</time>
					</trkpt>
					<trkpt lat="50.848200" lon="5.697640">
						<ele>49</ele>
						<time>2022-06-30T17:49:52Z</time>
					</trkpt>
					<trkpt lat="50.847970" lon="5.697690">
						<ele>49</ele>
						<time>2022-06-30T17:50:11Z</time>
					</trkpt>
					<trkpt lat="50.847670" lon="5.697800">
						<ele>49</ele>
						<time>2022-06-30T17:50:36Z</time>
					</trkpt>
					<trkpt lat="50.847540" lon="5.697850">
						<ele>49</ele>
						<time>2022-06-30T17:50:46Z</time>
					</trkpt>
					<trkpt lat="50.847460" lon="5.697910">
						<ele>49</ele>
						<time>2022-06-30T17:50:53Z</time>
					</trkpt>
					<trkpt lat="50.847420" lon="5.697990">
						<ele>50</ele>
						<time>2022-06-30T17:50:58Z</time>
					</trkpt>
					<trkpt lat="50.847350" lon="5.698000">
						<ele>50</ele>
						<time>2022-06-30T17:51:04Z</time>
					</trkpt>
					<trkpt lat="50.847270" lon="5.697970">
						<ele>49</ele>
						<time>2022-06-30T17:51:11Z</time>
					</trkpt>
					<trkpt lat="50.846920" lon="5.698080">
						<ele>49</ele>
						<time>2022-06-30T17:51:39Z</time>
					</trkpt>
					<trkpt lat="50.846790" lon="5.698130">
						<ele>49</ele>
						<time>2022-06-30T17:51:50Z</time>
					</trkpt>
					<trkpt lat="50.846410" lon="5.698320">
						<ele>49</ele>
						<time>2022-06-30T17:52:22Z</time>
					</trkpt>
					<trkpt lat="50.846260" lon="5.698430">
						<ele>48</ele>
						<time>2022-06-30T17:52:35Z</time>
					</trkpt>
					<trkpt lat="50.846030" lon="5.698670">
						<ele>49</ele>
						<time>2022-06-30T17:52:57Z</time>
					</trkpt>
					<trkpt lat="50.845950" lon="5.698810">
						<ele>49</ele>
						<time>2022-06-30T17:53:07Z</time>
					</trkpt>
					<trkpt lat="50.845880" lon="5.698890">
						<ele>49</ele>
						<time>2022-06-30T17:53:14Z</time>
					</trkpt>
					<trkpt lat="50.845680" lon="5.699050">
						<ele>49</ele>
						<time>2022-06-30T17:53:32Z</time>
					</trkpt>
					<trkpt lat="50.845510" lon="5.699170">
						<ele>49</ele>
						<time>2022-06-30T17:53:46Z</time>
					</trkpt>
					<trkpt lat="50.845240" lon="5.699340">
						<ele>48</ele>
						<time>2022-06-30T17:54:10Z</time>
					</trkpt>
					<trkpt lat="50.844940" lon="5.699550">
						<ele>46</ele>
						<time>2022-06-30T17:54:36Z</time>
					</trkpt>
					<trkpt lat="50.844520" lon="5.699820">
						<ele>46</ele>
						<time>2022-06-30T17:55:12Z</time>
					</trkpt>
					<trkpt lat="50.844080" lon="5.700080">
						<ele>45</ele>
						<time>2022-06-30T17:55:50Z</time>
					</trkpt>
					<trkpt lat="50.843690" lon="5.700300">
						<ele>45</ele>
						<time>2022-06-30T17:56:23Z</time>
					</trkpt>
					<trkpt lat="50.843290" lon="5.700530">
						<ele>45</ele>
						<time>2022-06-30T17:56:57Z</time>
					</trkpt>
					<trkpt lat="50.842890" lon="5.700740">
						<ele>48</ele>
						<time>2022-06-30T17:57:31Z</time>
					</trkpt>
					<trkpt lat="50.842430" lon="5.700880">
						<ele>52</ele>
						<time>2022-06-30T17:58:08Z</time>
					</trkpt>
					<trkpt lat="50.842020" lon="5.701010">
						<ele>51</ele>
						<time>2022-06-30T17:58:42Z</time>
					</trkpt>
					<trkpt lat="50.841640" lon="5.701030">
						<ele>49</ele>
						<time>2022-06-30T17:59:12Z</time>
					</trkpt>
					<trkpt lat="50.841260" lon="5.701050">
						<ele>49</ele>
						<time>2022-06-30T17:59:43Z</time>
					</trkpt>
					<trkpt lat="50.840720" lon="5.701050">
						<ele>48</ele>
						<time>2022-06-30T18:00:26Z</time>
					</trkpt>
					<trkpt lat="50.840570" lon="5.701060">
						<ele>48</ele>
						<time>2022-06-30T18:00:38Z</time>
					</trkpt>
					<trkpt lat="50.840210" lon="5.701030">
						<ele>48</ele>
						<time>2022-06-30T18:01:07Z</time>
					</trkpt>
					<trkpt lat="50.839770" lon="5.701270">
						<ele>48</ele>
						<time>2022-06-30T18:01:44Z</time>
					</trkpt>
					<trkpt lat="50.839670" lon="5.701510">
						<ele>48</ele>
						<time>2022-06-30T18:01:59Z</time>
					</trkpt>
					<trkpt lat="50.839380" lon="5.701570">
						<ele>47</ele>
						<time>2022-06-30T18:02:22Z</time>
					</trkpt>
					<trkpt lat="50.839170" lon="5.701640">
						<ele>46</ele>
						<time>2022-06-30T18:02:39Z</time>
					</trkpt>
					<trkpt lat="50.838660" lon="5.701930">
						<ele>47</ele>
						<time>2022-06-30T18:03:23Z</time>
					</trkpt>
					<trkpt lat="50.838490" lon="5.701990">
						<ele>47</ele>
						<time>2022-06-30T18:03:37Z</time>
					</trkpt>
					<trkpt lat="50.838340" lon="5.702050">
						<ele>47</ele>
						<time>2022-06-30T18:03:49Z</time>
					</trkpt>
					<trkpt lat="50.838230" lon="5.702150">
						<ele>48</ele>
						<time>2022-06-30T18:03:59Z</time>
					</trkpt>
					<trkpt lat="50.838080" lon="5.702220">
						<ele>48</ele>
						<time>2022-06-30T18:04:12Z</time>
					</trkpt>
					<trkpt lat="50.838000" lon="5.702320">
						<ele>49</ele>
						<time>2022-06-30T18:04:20Z</time>
					</trkpt>
					<trkpt lat="50.837500" lon="5.702630">
						<ele>50</ele>
						<time>2022-06-30T18:05:03Z</time>
					</trkpt>
					<trkpt lat="50.837160" lon="5.702830">
						<ele>49</ele>
						<time>2022-06-30T18:05:32Z</time>
					</trkpt>
					<trkpt lat="50.837020" lon="5.702900">
						<ele>49</ele>
						<time>2022-06-30T18:05:44Z</time>
					</trkpt>
					<trkpt lat="50.836670" lon="5.702800">
						<ele>48</ele>
						<time>2022-06-30T18:06:12Z</time>
					</trkpt>
					<trkpt lat="50.836190" lon="5.702640">
						<ele>47</ele>
						<time>2022-06-30T18:06:51Z</time>
					</trkpt>
					<trkpt lat="50.836210" lon="5.702440">
						<ele>47</ele>
						<time>2022-06-30T18:07:02Z</time>
					</trkpt>
					<trkpt lat="50.835410" lon="5.702180">
						<ele>46</ele>
						<time>2022-06-30T18:08:07Z</time>
					</trkpt>
					<trkpt lat="50.834600" lon="5.701910">
						<ele>46</ele>
						<time>2022-06-30T18:09:13Z</time>
					</trkpt>
					<trkpt lat="50.833800" lon="5.701640">
						<ele>45</ele>
						<time>2022-06-30T18:10:19Z</time>
					</trkpt>
					<trkpt lat="50.832980" lon="5.701380">
						<ele>45</ele>
						<time>2022-06-30T18:11:26Z</time>
					</trkpt>
					<trkpt lat="50.832430" lon="5.701210">
						<ele>45</ele>
						<time>2022-06-30T18:12:11Z</time>
					</trkpt>
					<trkpt lat="50.831840" lon="5.701070">
						<ele>46</ele>
						<time>2022-06-30T18:12:58Z</time>
					</trkpt>
					<trkpt lat="50.831080" lon="5.701040">
						<ele>47</ele>
						<time>2022-06-30T18:13:59Z</time>
					</trkpt>
					<trkpt lat="50.830570" lon="5.701100">
						<ele>47</ele>
						<time>2022-06-30T18:14:40Z</time>
					</trkpt>
					<trkpt lat="50.830230" lon="5.701190">
						<ele>47</ele>
						<time>2022-06-30T18:15:08Z</time>
					</trkpt>
					<trkpt lat="50.829590" lon="5.701410">
						<ele>47</ele>
						<time>2022-06-30T18:16:00Z</time>
					</trkpt>
					<trkpt lat="50.829030" lon="5.701660">
						<ele>47</ele>
						<time>2022-06-30T18:16:47Z</time>
					</trkpt>
					<trkpt lat="50.828430" lon="5.701950">
						<ele>46</ele>
						<time>2022-06-30T18:17:37Z</time>
					</trkpt>
					<trkpt lat="50.827840" lon="5.702230">
						<ele>48</ele>
						<time>2022-06-30T18:18:26Z</time>
					</trkpt>
					<trkpt lat="50.827220" lon="5.702510">
						<ele>49</ele>
						<time>2022-06-30T18:19:18Z</time>
					</trkpt>
					<trkpt lat="50.826680" lon="5.702760">
						<ele>49</ele>
						<time>2022-06-30T18:20:03Z</time>
					</trkpt>
					<trkpt lat="50.826600" lon="5.702810">
						<ele>49</ele>
						<time>2022-06-30T18:20:10Z</time>
					</trkpt>
					<trkpt lat="50.826560" lon="5.702880">
						<ele>49</ele>
						<time>2022-06-30T18:20:15Z</time>
					</trkpt>
					<trkpt lat="50.826610" lon="5.703160">
						<ele>49</ele>
						<time>2022-06-30T18:20:29Z</time>
					</trkpt>
					<trkpt lat="50.825970" lon="5.703470">
						<ele>48</ele>
						<time>2022-06-30T18:21:23Z</time>
					</trkpt>
					<trkpt lat="50.825320" lon="5.703780">
						<ele>47</ele>
						<time>2022-06-30T18:22:17Z</time>
					</trkpt>
					<trkpt lat="50.824940" lon="5.703930">
						<ele>47</ele>
						<time>2022-06-30T18:22:49Z</time>
					</trkpt>
					<trkpt lat="50.824770" lon="5.703960">
						<ele>47</ele>
						<time>2022-06-30T18:23:02Z</time>
					</trkpt>
					<trkpt lat="50.824400" lon="5.703980">
						<ele>47</ele>
						<time>2022-06-30T18:23:32Z</time>
					</trkpt>
					<trkpt lat="50.824310" lon="5.703940">
						<ele>47</ele>
						<time>2022-06-30T18:23:40Z</time>
					</trkpt>
					<trkpt lat="50.824250" lon="5.703950">
						<ele>47</ele>
						<time>2022-06-30T18:23:44Z</time>
					</trkpt>
					<trkpt lat="50.824240" lon="5.703730">
						<ele>46</ele>
						<time>2022-06-30T18:23:55Z</time>
					</trkpt>
					<trkpt lat="50.824240" lon="5.703580">
						<ele>46</ele>
						<time>2022-06-30T18:24:03Z</time>
					</trkpt>
					<trkpt lat="50.824200" lon="5.703480">
						<ele>45</ele>
						<time>2022-06-30T18:24:09Z</time>
					</trkpt>
					<trkpt lat="50.824150" lon="5.703440">
						<ele>45</ele>
						<time>2022-06-30T18:24:14Z</time>
					</trkpt>
					<trkpt lat="50.823610" lon="5.703470">
						<ele>45</ele>
						<time>2022-06-30T18:24:57Z</time>
					</trkpt>
					<trkpt lat="50.822980" lon="5.703500">
						<ele>44</ele>
						<time>2022-06-30T18:25:47Z</time>
					</trkpt>
					<trkpt lat="50.822620" lon="5.703510">
						<ele>44</ele>
						<time>2022-06-30T18:26:16Z</time>
					</trkpt>
					<trkpt lat="50.822640" lon="5.703650">
						<ele>45</ele>
						<time>2022-06-30T18:26:23Z</time>
					</trkpt>
					<trkpt lat="50.821830" lon="5.703700">
						<ele>46</ele>
						<time>2022-06-30T18:27:28Z</time>
					</trkpt>
					<trkpt lat="50.821770" lon="5.703800">
						<ele>46</ele>
						<time>2022-06-30T18:27:35Z</time>
					</trkpt>
					<trkpt lat="50.821720" lon="5.703890">
						<ele>46</ele>
						<time>2022-06-30T18:27:41Z</time>
					</trkpt>
					<trkpt lat="50.821670" lon="5.704000">
						<ele>47</ele>
						<time>2022-06-30T18:27:48Z</time>
					</trkpt>
					<trkpt lat="50.821570" lon="5.704040">
						<ele>47</ele>
						<time>2022-06-30T18:27:56Z</time>
					</trkpt>
					<trkpt lat="50.821200" lon="5.704150">
						<ele>47</ele>
						<time>2022-06-30T18:28:27Z</time>
					</trkpt>
					<trkpt lat="50.820690" lon="5.704410">
						<ele>48</ele>
						<time>2022-06-30T18:29:09Z</time>
					</trkpt>
					<trkpt lat="50.820170" lon="5.704660">
						<ele>48</ele>
						<time>2022-06-30T18:29:53Z</time>
					</trkpt>
					<trkpt lat="50.820040" lon="5.704730">
						<ele>47</ele>
						<time>2022-06-30T18:30:04Z</time>
					</trkpt>
					<trkpt lat="50.820070" lon="5.704910">
						<ele>48</ele>
						<time>2022-06-30T18:30:13Z</time>
					</trkpt>
					<trkpt lat="50.819440" lon="5.705270">
						<ele>47</ele>
						<time>2022-06-30T18:31:07Z</time>
					</trkpt>
					<trkpt lat="50.818810" lon="5.705630">
						<ele>46</ele>
						<time>2022-06-30T18:32:01Z</time>
					</trkpt>
					<trkpt lat="50.818180" lon="5.705980">
						<ele>47</ele>
						<time>2022-06-30T18:32:54Z</time>
					</trkpt>
					<trkpt lat="50.817590" lon="5.706320">
						<ele>48</ele>
						<time>2022-06-30T18:33:44Z</time>
					</trkpt>
					<trkpt lat="50.817390" lon="5.706440">
						<ele>48</ele>
						<time>2022-06-30T18:34:02Z</time>
					</trkpt>
					<trkpt lat="50.817300" lon="5.706440">
						<ele>48</ele>
						<time>2022-06-30T18:34:09Z</time>
					</trkpt>
					<trkpt lat="50.817150" lon="5.706560">
						<ele>48</ele>
						<time>2022-06-30T18:34:22Z</time>
					</trkpt>
					<trkpt lat="50.816960" lon="5.706660">
						<ele>48</ele>
						<time>2022-06-30T18:34:38Z</time>
					</trkpt>
					<trkpt lat="50.816490" lon="5.706860">
						<ele>47</ele>
						<time>2022-06-30T18:35:17Z</time>
					</trkpt>
					<trkpt lat="50.815870" lon="5.707050">
						<ele>47</ele>
						<time>2022-06-30T18:36:08Z</time>
					</trkpt>
					<trkpt lat="50.815200" lon="5.707220">
						<ele>48</ele>
						<time>2022-06-30T18:37:02Z</time>
					</trkpt>
					<trkpt lat="50.814550" lon="5.707400">
						<ele>49</ele>
						<time>2022-06-30T18:37:55Z</time>
					</trkpt>
					<trkpt lat="50.813910" lon="5.707680">
						<ele>49</ele>
						<time>2022-06-30T18:38:48Z</time>
					</trkpt>
					<trkpt lat="50.813720" lon="5.707810">
						<ele>48</ele>
						<time>2022-06-30T18:39:05Z</time>
					</trkpt>
					<trkpt lat="50.813590" lon="5.707870">
						<ele>47</ele>
						<time>2022-06-30T18:39:15Z</time>
					</trkpt>
					<trkpt lat="50.813410" lon="5.708010">
						<ele>47</ele>
						<time>2022-06-30T18:39:32Z</time>
					</trkpt>
					<trkpt lat="50.813280" lon="5.708120">
						<ele>46</ele>
						<time>2022-06-30T18:39:43Z</time>
					</trkpt>
					<trkpt lat="50.813030" lon="5.708310">
						<ele>47</ele>
						<time>2022-06-30T18:40:06Z</time>
					</trkpt>
					<trkpt lat="50.812750" lon="5.708510">
						<ele>47</ele>
						<time>2022-06-30T18:40:30Z</time>
					</trkpt>
					<trkpt lat="50.812530" lon="5.708690">
						<ele>48</ele>
						<time>2022-06-30T18:40:50Z</time>
					</trkpt>
					<trkpt lat="50.812290" lon="5.708820">
						<ele>48</ele>
						<time>2022-06-30T18:41:10Z</time>
					</trkpt>
					<trkpt lat="50.812070" lon="5.708910">
						<ele>48</ele>
						<time>2022-06-30T18:41:28Z</time>
					</trkpt>
					<trkpt lat="50.811820" lon="5.708980">
						<ele>48</ele>
						<time>2022-06-30T18:41:49Z</time>
					</trkpt>
					<trkpt lat="50.811440" lon="5.709020">
						<ele>48</ele>
						<time>2022-06-30T18:42:19Z</time>
					</trkpt>
					<trkpt lat="50.810930" lon="5.709050">
						<ele>48</ele>
						<time>2022-06-30T18:43:00Z</time>
					</trkpt>
					<trkpt lat="50.810410" lon="5.709080">
						<ele>47</ele>
						<time>2022-06-30T18:43:42Z</time>
					</trkpt>
					<trkpt lat="50.810010" lon="5.709120">
						<ele>47</ele>
						<time>2022-06-30T18:44:14Z</time>
					</trkpt>
					<trkpt lat="50.809520" lon="5.709260">
						<ele>48</ele>
						<time>2022-06-30T18:44:54Z</time>
					</trkpt>
					<trkpt lat="50.809110" lon="5.709370">
						<ele>48</ele>
						<time>2022-06-30T18:45:27Z</time>
					</trkpt>
					<trkpt lat="50.808830" lon="5.709380">
						<ele>47</ele>
						<time>2022-06-30T18:45:50Z</time>
					</trkpt>
					<trkpt lat="50.808350" lon="5.709290">
						<ele>46</ele>
						<time>2022-06-30T18:46:28Z</time>
					</trkpt>
					<trkpt lat="50.807680" lon="5.709150">
						<ele>47</ele>
						<time>2022-06-30T18:47:22Z</time>
					</trkpt>
					<trkpt lat="50.807040" lon="5.708980">
						<ele>48</ele>
						<time>2022-06-30T18:48:14Z</time>
					</trkpt>
					<trkpt lat="50.806510" lon="5.708820">
						<ele>48</ele>
						<time>2022-06-30T18:48:57Z</time>
					</trkpt>
					<trkpt lat="50.805930" lon="5.708620">
						<ele>49</ele>
						<time>2022-06-30T18:49:45Z</time>
					</trkpt>
					<trkpt lat="50.805640" lon="5.708390">
						<ele>49</ele>
						<time>2022-06-30T18:50:11Z</time>
					</trkpt>
					<trkpt lat="50.805450" lon="5.708310">
						<ele>49</ele>
						<time>2022-06-30T18:50:27Z</time>
					</trkpt>
					<trkpt lat="50.805310" lon="5.708250">
						<ele>48</ele>
						<time>2022-06-30T18:50:38Z</time>
					</trkpt>
					<trkpt lat="50.804970" lon="5.708250">
						<ele>48</ele>
						<time>2022-06-30T18:51:06Z</time>
					</trkpt>
					<trkpt lat="50.804300" lon="5.708090">
						<ele>47</ele>
						<time>2022-06-30T18:52:00Z</time>
					</trkpt>
					<trkpt lat="50.804090" lon="5.708030">
						<ele>47</ele>
						<time>2022-06-30T18:52:17Z</time>
					</trkpt>
					<trkpt lat="50.803720" lon="5.707860">
						<ele>48</ele>
						<time>2022-06-30T18:52:48Z</time>
					</trkpt>
					<trkpt lat="50.803380" lon="5.707770">
						<ele>49</ele>
						<time>2022-06-30T18:53:15Z</time>
					</trkpt>
					<trkpt lat="50.802990" lon="5.707680">
						<ele>49</ele>
						<time>2022-06-30T18:53:47Z</time>
					</trkpt>
					<trkpt lat="50.802560" lon="5.707660">
						<ele>48</ele>
						<time>2022-06-30T18:54:21Z</time>
					</trkpt>
					<trkpt lat="50.802090" lon="5.707690">
						<ele>48</ele>
						<time>2022-06-30T18:54:59Z</time>
					</trkpt>
					<trkpt lat="50.801650" lon="5.707780">
						<ele>48</ele>
						<time>2022-06-30T18:55:35Z</time>
					</trkpt>
					<trkpt lat="50.801310" lon="5.707820">
						<ele>48</ele>
						<time>2022-06-30T18:56:02Z</time>
					</trkpt>
					<trkpt lat="50.800890" lon="5.707780">
						<ele>49</ele>
						<time>2022-06-30T18:56:36Z</time>
					</trkpt>
					<trkpt lat="50.800450" lon="5.707730">
						<ele>49</ele>
						<time>2022-06-30T18:57:11Z</time>
					</trkpt>
					<trkpt lat="50.800130" lon="5.707710">
						<ele>49</ele>
						<time>2022-06-30T18:57:36Z</time>
					</trkpt>
					<trkpt lat="50.799790" lon="5.707560">
						<ele>50</ele>
						<time>2022-06-30T18:58:05Z</time>
					</trkpt>
					<trkpt lat="50.799670" lon="5.707550">
						<ele>50</ele>
						<time>2022-06-30T18:58:14Z</time>
					</trkpt>
					<trkpt lat="50.799380" lon="5.707560">
						<ele>50</ele>
						<time>2022-06-30T18:58:38Z</time>
					</trkpt>
					<trkpt lat="50.799300" lon="5.707490">
						<ele>51</ele>
						<time>2022-06-30T18:58:45Z</time>
					</trkpt>
					<trkpt lat="50.799170" lon="5.707050">
						<ele>51</ele>
						<time>2022-06-30T18:59:10Z</time>
					</trkpt>
					<trkpt lat="50.799090" lon="5.706940">
						<ele>51</ele>
						<time>2022-06-30T18:59:18Z</time>
					</trkpt>
					<trkpt lat="50.798980" lon="5.706910">
						<ele>51</ele>
						<time>2022-06-30T18:59:27Z</time>
					</trkpt>
					<trkpt lat="50.798590" lon="5.707020">
						<ele>51</ele>
						<time>2022-06-30T18:59:59Z</time>
					</trkpt>
					<trkpt lat="50.798070" lon="5.707160">
						<ele>51</ele>
						<time>2022-06-30T19:00:41Z</time>
					</trkpt>
					<trkpt lat="50.797700" lon="5.707210">
						<ele>51</ele>
						<time>2022-06-30T19:01:11Z</time>
					</trkpt>
					<trkpt lat="50.797390" lon="5.707220">
						<ele>51</ele>
						<time>2022-06-30T19:01:35Z</time>
					</trkpt>
					<trkpt lat="50.797200" lon="5.707260">
						<ele>51</ele>
						<time>2022-06-30T19:01:51Z</time>
					</trkpt>
					<trkpt lat="50.796980" lon="5.707410">
						<ele>51</ele>
						<time>2022-06-30T19:02:10Z</time>
					</trkpt>
					<trkpt lat="50.796860" lon="5.707520">
						<ele>51</ele>
						<time>2022-06-30T19:02:21Z</time>
					</trkpt>
					<trkpt lat="50.796240" lon="5.707770">
						<ele>51</ele>
						<time>2022-06-30T19:03:12Z</time>
					</trkpt>
					<trkpt lat="50.796070" lon="5.707800">
						<ele>51</ele>
						<time>2022-06-30T19:03:26Z</time>
					</trkpt>
					<trkpt lat="50.796000" lon="5.707760">
						<ele>51</ele>
						<time>2022-06-30T19:03:32Z</time>
					</trkpt>
					<trkpt lat="50.795950" lon="5.707560">
						<ele>51</ele>
						<time>2022-06-30T19:03:43Z</time>
					</trkpt>
					<trkpt lat="50.795880" lon="5.707420">
						<ele>51</ele>
						<time>2022-06-30T19:03:52Z</time>
					</trkpt>
					<trkpt lat="50.795620" lon="5.705750">
						<ele>50</ele>
						<time>2022-06-30T19:05:19Z</time>
					</trkpt>
					<trkpt lat="50.795360" lon="5.704070">
						<ele>49</ele>
						<time>2022-06-30T19:06:46Z</time>
					</trkpt>
					<trkpt lat="50.795090" lon="5.702370">
						<ele>51</ele>
						<time>2022-06-30T19:08:15Z</time>
					</trkpt>
					<trkpt lat="50.794890" lon="5.701090">
						<ele>51</ele>
						<time>2022-06-30T19:09:22Z</time>
					</trkpt>
					<trkpt lat="50.794850" lon="5.700780">
						<ele>50</ele>
						<time>2022-06-30T19:09:38Z</time>
					</trkpt>
					<trkpt lat="50.794650" lon="5.699340">
						<ele>48</ele>
						<time>2022-06-30T19:10:53Z</time>
					</trkpt>
					<trkpt lat="50.794540" lon="5.698740">
						<ele>47</ele>
						<time>2022-06-30T19:11:24Z</time>
					</trkpt>
					<trkpt lat="50.794530" lon="5.698590">
						<ele>47</ele>
						<time>2022-06-30T19:11:32Z</time>
					</trkpt>
					<trkpt lat="50.794410" lon="5.698560">
						<ele>47</ele>
						<time>2022-06-30T19:11:42Z</time>
					</trkpt>
					<trkpt lat="50.794200" lon="5.698510">
						<ele>47</ele>
						<time>2022-06-30T19:11:59Z</time>
					</trkpt>
					<trkpt lat="50.793930" lon="5.698430">
						<ele>47</ele>
						<time>2022-06-30T19:12:21Z</time>
					</trkpt>
					<trkpt lat="50.793690" lon="5.698360">
						<ele>47</ele>
						<time>2022-06-30T19:12:40Z</time>
					</trkpt>
					<trkpt lat="50.793570" lon="5.698320">
						<ele>47</ele>
						<time>2022-06-30T19:12:50Z</time>
					</trkpt>
					<trkpt lat="50.793370" lon="5.698300">
						<ele>47</ele>
						<time>2022-06-30T19:13:06Z</time>
					</trkpt>
					<trkpt lat="50.793260" lon="5.698270">
						<ele>47</ele>
						<time>2022-06-30T19:13:15Z</time>
					</trkpt>
					<trkpt lat="50.793190" lon="5.698230">
						<ele>47</ele>
						<time>2022-06-30T19:13:21Z</time>
					</trkpt>
					<trkpt lat="50.793060" lon="5.698110">
						<ele>48</ele>
						<time>2022-06-30T19:13:33Z</time>
					</trkpt>
					<trkpt lat="50.792870" lon="5.698040">
						<ele>48</ele>
						<time>2022-06-30T19:13:48Z</time>
					</trkpt>
					<trkpt lat="50.792700" lon="5.698000">
						<ele>49</ele>
						<time>2022-06-30T19:14:02Z</time>
					</trkpt>
					<trkpt lat="50.792590" lon="5.698000">
						<ele>49</ele>
						<time>2022-06-30T19:14:11Z</time>
					</trkpt>
					<trkpt lat="50.792440" lon="5.698010">
						<ele>50</ele>
						<time>2022-06-30T19:14:23Z</time>
					</trkpt>
					<trkpt lat="50.792280" lon="5.698020">
						<ele>49</ele>
						<time>2022-06-30T19:14:36Z</time>
					</trkpt>
					<trkpt lat="50.792140" lon="5.698030">
						<ele>49</ele>
						<time>2022-06-30T19:14:47Z</time>
					</trkpt>
					<trkpt lat="50.792040" lon="5.698090">
						<ele>49</ele>
						<time>2022-06-30T19:14:56Z</time>
					</trkpt>
					<trkpt lat="50.791900" lon="5.698180">
						<ele>49</ele>
						<time>2022-06-30T19:15:08Z</time>
					</trkpt>
					<trkpt lat="50.791770" lon="5.698310">
						<ele>49</ele>
						<time>2022-06-30T19:15:20Z</time>
					</trkpt>
					<trkpt lat="50.791680" lon="5.698510">
						<ele>49</ele>
						<time>2022-06-30T19:15:33Z</time>
					</trkpt>
					<trkpt lat="50.791590" lon="5.698700">
						<ele>50</ele>
						<time>2022-06-30T19:15:45Z</time>
					</trkpt>
					<trkpt lat="50.791480" lon="5.698820">
						<ele>50</ele>
						<time>2022-06-30T19:15:55Z</time>
					</trkpt>
					<trkpt lat="50.791390" lon="5.698870">
						<ele>50</ele>
						<time>2022-06-30T19:16:03Z</time>
					</trkpt>
					<trkpt lat="50.791260" lon="5.698910">
						<ele>50</ele>
						<time>2022-06-30T19:16:13Z</time>
					</trkpt>
					<trkpt lat="50.791150" lon="5.698900">
						<ele>50</ele>
						<time>2022-06-30T19:16:22Z</time>
					</trkpt>
					<trkpt lat="50.791040" lon="5.698890">
						<ele>50</ele>
						<time>2022-06-30T19:16:31Z</time>
					</trkpt>
					<trkpt lat="50.790780" lon="5.698880">
						<ele>50</ele>
						<time>2022-06-30T19:16:52Z</time>
					</trkpt>
					<trkpt lat="50.790520" lon="5.698900">
						<ele>49</ele>
						<time>2022-06-30T19:17:13Z</time>
					</trkpt>
					<trkpt lat="50.790370" lon="5.698910">
						<ele>49</ele>
						<time>2022-06-30T19:17:25Z</time>
					</trkpt>
					<trkpt lat="50.790160" lon="5.698910">
						<ele>48</ele>
						<time>2022-06-30T19:17:42Z</time>
					</trkpt>
					<trkpt lat="50.789980" lon="5.698910">
						<ele>48</ele>
						<time>2022-06-30T19:17:56Z</time>
					</trkpt>
					<trkpt lat="50.789810" lon="5.698920">
						<ele>47</ele>
						<time>2022-06-30T19:18:10Z</time>
					</trkpt>
					<trkpt lat="50.789500" lon="5.699040">
						<ele>47</ele>
						<time>2022-06-30T19:18:35Z</time>
					</trkpt>
					<trkpt lat="50.789090" lon="5.699190">
						<ele>46</ele>
						<time>2022-06-30T19:19:09Z</time>
					</trkpt>
					<trkpt lat="50.788800" lon="5.699300">
						<ele>47</ele>
						<time>2022-06-30T19:19:33Z</time>
					</trkpt>
					<trkpt lat="50.788650" lon="5.699390">
						<ele>47</ele>
						<time>2022-06-30T19:19:46Z</time>
					</trkpt>
					<trkpt lat="50.788550" lon="5.699560">
						<ele>48</ele>
						<time>2022-06-30T19:19:57Z</time>
					</trkpt>
					<trkpt lat="50.788430" lon="5.699820">
						<ele>49</ele>
						<time>2022-06-30T19:20:14Z</time>
					</trkpt>
					<trkpt lat="50.788340" lon="5.700070">
						<ele>49</ele>
						<time>2022-06-30T19:20:28Z</time>
					</trkpt>
					<trkpt lat="50.788260" lon="5.700200">
						<ele>49</ele>
						<time>2022-06-30T19:20:37Z</time>
					</trkpt>
					<trkpt lat="50.788170" lon="5.700230">
						<ele>49</ele>
						<time>2022-06-30T19:20:45Z</time>
					</trkpt>
					<trkpt lat="50.788010" lon="5.700200">
						<ele>49</ele>
						<time>2022-06-30T19:20:58Z</time>
					</trkpt>
					<trkpt lat="50.787710" lon="5.700140">
						<ele>49</ele>
						<time>2022-06-30T19:21:22Z</time>
					</trkpt>
					<trkpt lat="50.787530" lon="5.700100">
						<ele>48</ele>
						<time>2022-06-30T19:21:36Z</time>
					</trkpt>
					<trkpt lat="50.787250" lon="5.700090">
						<ele>48</ele>
						<time>2022-06-30T19:21:59Z</time>
					</trkpt>
					<trkpt lat="50.787010" lon="5.700090">
						<ele>48</ele>
						<time>2022-06-30T19:22:18Z</time>
					</trkpt>
					<trkpt lat="50.786690" lon="5.700220">
						<ele>48</ele>
						<time>2022-06-30T19:22:45Z</time>
					</trkpt>
					<trkpt lat="50.786370" lon="5.700370">
						<ele>48</ele>
						<time>2022-06-30T19:23:11Z</time>
					</trkpt>
					<trkpt lat="50.786070" lon="5.700490">
						<ele>48</ele>
						<time>2022-06-30T19:23:36Z</time>
					</trkpt>
					<trkpt lat="50.786020" lon="5.700400">
						<ele>48</ele>
						<time>2022-06-30T19:23:42Z</time>
					</trkpt>
					<trkpt lat="50.785950" lon="5.700490">
						<ele>48</ele>
						<time>2022-06-30T19:23:49Z</time>
					</trkpt>
					<trkpt lat="50.785500" lon="5.700870">
						<ele>48</ele>
						<time>2022-06-30T19:24:30Z</time>
					</trkpt>
					<trkpt lat="50.785100" lon="5.701180">
						<ele>48</ele>
						<time>2022-06-30T19:25:06Z</time>
					</trkpt>
					<trkpt lat="50.784910" lon="5.701330">
						<ele>48</ele>
						<time>2022-06-30T19:25:23Z</time>
					</trkpt>
					<trkpt lat="50.784560" lon="5.701540">
						<ele>48</ele>
						<time>2022-06-30T19:25:53Z</time>
					</trkpt>
					<trkpt lat="50.784440" lon="5.701580">
						<ele>48</ele>
						<time>2022-06-30T19:26:03Z</time>
					</trkpt>
					<trkpt lat="50.784260" lon="5.701690">
						<ele>48</ele>
						<time>2022-06-30T19:26:18Z</time>
					</trkpt>
					<trkpt lat="50.783950" lon="5.701740">
						<ele>48</ele>
						<time>2022-06-30T19:26:43Z</time>
					</trkpt>
					<trkpt lat="50.783650" lon="5.701850">
						<ele>48</ele>
						<time>2022-06-30T19:27:08Z</time>
					</trkpt>
					<trkpt lat="50.783530" lon="5.701910">
						<ele>48</ele>
						<time>2022-06-30T19:27:18Z</time>
					</trkpt>
					<trkpt lat="50.783180" lon="5.702080">
						<ele>48</ele>
						<time>2022-06-30T19:27:47Z</time>
					</trkpt>
					<trkpt lat="50.783050" lon="5.702330">
						<ele>49</ele>
						<time>2022-06-30T19:28:03Z</time>
					</trkpt>
					<trkpt lat="50.782800" lon="5.702330">
						<ele>49</ele>
						<time>2022-06-30T19:28:23Z</time>
					</trkpt>
					<trkpt lat="50.782450" lon="5.702230">
						<ele>49</ele>
						<time>2022-06-30T19:28:52Z</time>
					</trkpt>
					<trkpt lat="50.782330" lon="5.702190">
						<ele>49</ele>
						<time>2022-06-30T19:29:02Z</time>
					</trkpt>
					<trkpt lat="50.782060" lon="5.702210">
						<ele>50</ele>
						<time>2022-06-30T19:29:23Z</time>
					</trkpt>
					<trkpt lat="50.781800" lon="5.702170">
						<ele>50</ele>
						<time>2022-06-30T19:29:44Z</time>
					</trkpt>
					<trkpt lat="50.781420" lon="5.702050">
						<ele>49</ele>
						<time>2022-06-30T19:30:15Z</time>
					</trkpt>
					<trkpt lat="50.781160" lon="5.702040">
						<ele>49</ele>
						<time>2022-06-30T19:30:36Z</time>
					</trkpt>
					<trkpt lat="50.780480" lon="5.701730">
						<ele>48</ele>
						<time>2022-06-30T19:31:33Z</time>
					</trkpt>
					<trkpt lat="50.779850" lon="5.701440">
						<ele>49</ele>
						<time>2022-06-30T19:32:25Z</time>
					</trkpt>
					<trkpt lat="50.779650" lon="5.701340">
						<ele>48</ele>
						<time>2022-06-30T19:32:42Z</time>
					</trkpt>
					<trkpt lat="50.779510" lon="5.701160">
						<ele>48</ele>
						<time>2022-06-30T19:32:57Z</time>
					</trkpt>
					<trkpt lat="50.779480" lon="5.700940">
						<ele>48</ele>
						<time>2022-06-30T19:33:08Z</time>
					</trkpt>
					<trkpt lat="50.779410" lon="5.700660">
						<ele>47</ele>
						<time>2022-06-30T19:33:23Z</time>
					</trkpt>
					<trkpt lat="50.779250" lon="5.700330">
						<ele>47</ele>
						<time>2022-06-30T19:33:44Z</time>
					</trkpt>
					<trkpt lat="50.779090" lon="5.700140">
						<ele>46</ele>
						<time>2022-06-30T19:34:00Z</time>
					</trkpt>
					<trkpt lat="50.778710" lon="5.700030">
						<ele>47</ele>
						<time>2022-06-30T19:34:31Z</time>
					</trkpt>
					<trkpt lat="50.778410" lon="5.699950">
						<ele>47</ele>
						<time>2022-06-30T19:34:56Z</time>
					</trkpt>
					<trkpt lat="50.777920" lon="5.699870">
						<ele>47</ele>
						<time>2022-06-30T19:35:35Z</time>
					</trkpt>
					<trkpt lat="50.777640" lon="5.699780">
						<ele>47</ele>
						<time>2022-06-30T19:35:58Z</time>
					</trkpt>
					<trkpt lat="50.777390" lon="5.699680">
						<ele>48</ele>
						<time>2022-06-30T19:36:19Z</time>
					</trkpt>
					<trkpt lat="50.777190" lon="5.699640">
						<ele>49</ele>
						<time>2022-06-30T19:36:35Z</time>
					</trkpt>
					<trkpt lat="50.777060" lon="5.699580">
						<ele>49</ele>
						<time>2022-06-30T19:36:46Z</time>
					</trkpt>
					<trkpt lat="50.776980" lon="5.699610">
						<ele>49</ele>
						<time>2022-06-30T19:36:52Z</time>
					</trkpt>
					<trkpt lat="50.776810" lon="5.699550">
						<ele>50</ele>
						<time>2022-06-30T19:37:06Z</time>
					</trkpt>
					<trkpt lat="50.776820" lon="5.699500">
						<ele>49</ele>
						<time>2022-06-30T19:37:09Z</time>
					</trkpt>
					<trkpt lat="50.776430" lon="5.699360">
						<ele>49</ele>
						<time>2022-06-30T19:37:41Z</time>
					</trkpt>
					<trkpt lat="50.776350" lon="5.699380">
						<ele>49</ele>
						<time>2022-06-30T19:37:47Z</time>
					</trkpt>
					<trkpt lat="50.776270" lon="5.699440">
						<ele>50</ele>
						<time>2022-06-30T19:37:54Z</time>
					</trkpt>
					<trkpt lat="50.776160" lon="5.699550">
						<ele>50</ele>
						<time>2022-06-30T19:38:05Z</time>
					</trkpt>
					<trkpt lat="50.776090" lon="5.699870">
						<ele>52</ele>
						<time>2022-06-30T19:38:22Z</time>
					</trkpt>
					<trkpt lat="50.776020" lon="5.700200">
						<ele>53</ele>
						<time>2022-06-30T19:38:40Z</time>
					</trkpt>
					<trkpt lat="50.775940" lon="5.700560">
						<ele>54</ele>
						<time>2022-06-30T19:38:59Z</time>
					</trkpt>
					<trkpt lat="50.775860" lon="5.700960">
						<ele>55</ele>
						<time>2022-06-30T19:39:20Z</time>
					</trkpt>
					<trkpt lat="50.775790" lon="5.701320">
						<ele>56</ele>
						<time>2022-06-30T19:39:39Z</time>
					</trkpt>
					<trkpt lat="50.775680" lon="5.701830">
						<ele>58</ele>
						<time>2022-06-30T19:40:06Z</time>
					</trkpt>
					<trkpt lat="50.775570" lon="5.702390">
						<ele>59</ele>
						<time>2022-06-30T19:40:36Z</time>
					</trkpt>
					<trkpt lat="50.775450" lon="5.702300">
						<ele>59</ele>
						<time>2022-06-30T19:40:47Z</time>
					</trkpt>
					<trkpt lat="50.775080" lon="5.702090">
						<ele>58</ele>
						<time>2022-06-30T19:41:18Z</time>
					</trkpt>
					<trkpt lat="50.774700" lon="5.701880">
						<ele>59</ele>
						<time>2022-06-30T19:41:50Z</time>
					</trkpt>
					<trkpt lat="50.774330" lon="5.701680">
						<ele>60</ele>
						<time>2022-06-30T19:42:22Z</time>
					</trkpt>
					<trkpt lat="50.773960" lon="5.701470">
						<ele>60</ele>
						<time>2022-06-30T19:42:53Z</time>
					</trkpt>
					<trkpt lat="50.773580" lon="5.701250">
						<ele>60</ele>
						<time>2022-06-30T19:43:26Z</time>
					</trkpt>
					<trkpt lat="50.773180" lon="5.701020">
						<ele>58</ele>
						<time>2022-06-30T19:44:00Z</time>
					</trkpt>
					<trkpt lat="50.772730" lon="5.700770">
						<ele>56</ele>
						<time>2022-06-30T19:44:38Z</time>
					</trkpt>
					<trkpt lat="50.772290" lon="5.700530">
						<ele>55</ele>
						<time>2022-06-30T19:45:15Z</time>
					</trkpt>
					<trkpt lat="50.771850" lon="5.700280">
						<ele>54</ele>
						<time>2022-06-30T19:45:53Z</time>
					</trkpt>
					<trkpt lat="50.771410" lon="5.700030">
						<ele>54</ele>
						<time>2022-06-30T19:46:30Z</time>
					</trkpt>
					<trkpt lat="50.770970" lon="5.699780">
						<ele>55</ele>
						<time>2022-06-30T19:47:08Z</time>
					</trkpt>
					<trkpt lat="50.770680" lon="5.699610">
						<ele>55</ele>
						<time>2022-06-30T19:47:32Z</time>
					</trkpt>
					<trkpt lat="50.770340" lon="5.699400">
						<ele>54</ele>
						<time>2022-06-30T19:48:02Z</time>
					</trkpt>
					<trkpt lat="50.769090" lon="5.698720">
						<ele>54</ele>
						<time>2022-06-30T19:49:47Z</time>
					</trkpt>
					<trkpt lat="50.768060" lon="5.698150">
						<ele>52</ele>
						<time>2022-06-30T19:51:15Z</time>
					</trkpt>
					<trkpt lat="50.767040" lon="5.697580">
						<ele>53</ele>
						<time>2022-06-30T19:52:41Z</time>
					</trkpt>
					<trkpt lat="50.766010" lon="5.697010">
						<ele>52</ele>
						<time>2022-06-30T19:54:09Z</time>
					</trkpt>
					<trkpt lat="50.765160" lon="5.696520">
						<ele>54</ele>
						<time>2022-06-30T19:55:21Z</time>
					</trkpt>
					<trkpt lat="50.764710" lon="5.696260">
						<ele>53</ele>
						<time>2022-06-30T19:56:00Z</time>
					</trkpt>
					<trkpt lat="50.764110" lon="5.695390">
						<ele>51</ele>
						<time>2022-06-30T19:57:05Z</time>
					</trkpt>
					<trkpt lat="50.763300" lon="5.694150">
						<ele>52</ele>
						<time>2022-06-30T19:58:35Z</time>
					</trkpt>
					<trkpt lat="50.763090" lon="5.693950">
						<ele>52</ele>
						<time>2022-06-30T19:58:55Z</time>
					</trkpt>
					<trkpt lat="50.762780" lon="5.693780">
						<ele>52</ele>
						<time>2022-06-30T19:59:21Z</time>
					</trkpt>
					<trkpt lat="50.762010" lon="5.693510">
						<ele>51</ele>
						<time>2022-06-30T20:00:24Z</time>
					</trkpt>
					<trkpt lat="50.761510" lon="5.693450">
						<ele>51</ele>
						<time>2022-06-30T20:01:04Z</time>
					</trkpt>
					<trkpt lat="50.760760" lon="5.693420">
						<ele>52</ele>
						<time>2022-06-30T20:02:04Z</time>
					</trkpt>
					<trkpt lat="50.760460" lon="5.693390">
						<ele>53</ele>
						<time>2022-06-30T20:02:28Z</time>
					</trkpt>
					<trkpt lat="50.759580" lon="5.692960">
						<ele>53</ele>
						<time>2022-06-30T20:03:42Z</time>
					</trkpt>
					<trkpt lat="50.759130" lon="5.692770">
						<ele>53</ele>
						<time>2022-06-30T20:04:19Z</time>
					</trkpt>
					<trkpt lat="50.758670" lon="5.692670">
						<ele>52</ele>
						<time>2022-06-30T20:04:57Z</time>
					</trkpt>
					<trkpt lat="50.757650" lon="5.692600">
						<ele>52</ele>
						<time>2022-06-30T20:06:18Z</time>
					</trkpt>
					<trkpt lat="50.756530" lon="5.692520">
						<ele>52</ele>
						<time>2022-06-30T20:07:48Z</time>
					</trkpt>
					<trkpt lat="50.755140" lon="5.692440">
						<ele>54</ele>
						<time>2022-06-30T20:09:39Z</time>
					</trkpt>
					<trkpt lat="50.754520" lon="5.692430">
						<ele>55</ele>
						<time>2022-06-30T20:10:29Z</time>
					</trkpt>
					<trkpt lat="50.754480" lon="5.692230">
						<ele>54</ele>
						<time>2022-06-30T20:10:40Z</time>
					</trkpt>
					<trkpt lat="50.754330" lon="5.691930">
						<ele>53</ele>
						<time>2022-06-30T20:10:59Z</time>
					</trkpt>
					<trkpt lat="50.754150" lon="5.691840">
						<ele>52</ele>
						<time>2022-06-30T20:11:14Z</time>
					</trkpt>
					<trkpt lat="50.753920" lon="5.691830">
						<ele>52</ele>
						<time>2022-06-30T20:11:33Z</time>
					</trkpt>
					<trkpt lat="50.753790" lon="5.691700">
						<ele>52</ele>
						<time>2022-06-30T20:11:45Z</time>
					</trkpt>
					<trkpt lat="50.753640" lon="5.691730">
						<ele>52</ele>
						<time>2022-06-30T20:11:57Z</time>
					</trkpt>
					<trkpt lat="50.753620" lon="5.691880">
						<ele>52</ele>
						<time>2022-06-30T20:12:05Z</time>
					</trkpt>
					<trkpt lat="50.753530" lon="5.691780">
						<ele>52</ele>
						<time>2022-06-30T20:12:14Z</time>
					</trkpt>
					<trkpt lat="50.753440" lon="5.691580">
						<ele>52</ele>
						<time>2022-06-30T20:12:26Z</time>
					</trkpt>
					<trkpt lat="50.753200" lon="5.691760">
						<ele>52</ele>
						<time>2022-06-30T20:12:47Z</time>
					</trkpt>
					<trkpt lat="50.753100" lon="5.691620">
						<ele>52</ele>
						<time>2022-06-30T20:12:58Z</time>
					</trkpt>
					<trkpt lat="50.752510" lon="5.691050">
						<ele>50</ele>
						<time>2022-06-30T20:13:53Z</time>
					</trkpt>
					<trkpt lat="50.752160" lon="5.690900">
						<ele>51</ele>
						<time>2022-06-30T20:14:22Z</time>
					</trkpt>
					<trkpt lat="50.751740" lon="5.690780">
						<ele>53</ele>
						<time>2022-06-30T20:14:57Z</time>
					</trkpt>
					<trkpt lat="50.751600" lon="5.690580">
						<ele>53</ele>
						<time>2022-06-30T20:15:12Z</time>
					</trkpt>
					<trkpt lat="50.751450" lon="5.690670">
						<ele>53</ele>
						<time>2022-06-30T20:15:25Z</time>
					</trkpt>
					<trkpt lat="50.750640" lon="5.690570">
						<ele>54</ele>
						<time>2022-06-30T20:16:30Z</time>
					</trkpt>
					<trkpt lat="50.749730" lon="5.690450">
						<ele>53</ele>
						<time>2022-06-30T20:17:43Z</time>
					</trkpt>
					<trkpt lat="50.749020" lon="5.690380">
						<ele>51</ele>
						<time>2022-06-30T20:18:40Z</time>
					</trkpt>
					<trkpt lat="50.747890" lon="5.690210">
						<ele>52</ele>
						<time>2022-06-30T20:20:11Z</time>
					</trkpt>
					<trkpt lat="50.746780" lon="5.690070">
						<ele>52</ele>
						<time>2022-06-30T20:21:40Z</time>
					</trkpt>
					<trkpt lat="50.745700" lon="5.689930">
						<ele>54</ele>
						<time>2022-06-30T20:23:06Z</time>
					</trkpt>
					<trkpt lat="50.745230" lon="5.689860">
						<ele>56</ele>
						<time>2022-06-30T20:23:44Z</time>
					</trkpt>
					<trkpt lat="50.744970" lon="5.689860">
						<ele>58</ele>
						<time>2022-06-30T20:24:05Z</time>
					</trkpt>
					<trkpt lat="50.744660" lon="5.689890">
						<ele>57</ele>
						<time>2022-06-30T20:24:30Z</time>
					</trkpt>
					<trkpt lat="50.744000" lon="5.690310">
						<ele>58</ele>
						<time>2022-06-30T20:25:27Z</time>
					</trkpt>
					<trkpt lat="50.743310" lon="5.690790">
						<ele>55</ele>
						<time>2022-06-30T20:26:27Z</time>
					</trkpt>
					<trkpt lat="50.743060" lon="5.690920">
						<ele>55</ele>
						<time>2022-06-30T20:26:48Z</time>
					</trkpt>
					<trkpt lat="50.742600" lon="5.691090">
						<ele>54</ele>
						<time>2022-06-30T20:27:26Z</time>
					</trkpt>
					<trkpt lat="50.741970" lon="5.691270">
						<ele>54</ele>
						<time>2022-06-30T20:28:17Z</time>
					</trkpt>
					<trkpt lat="50.741120" lon="5.691440">
						<ele>55</ele>
						<time>2022-06-30T20:29:26Z</time>
					</trkpt>
					<trkpt lat="50.740720" lon="5.691470">
						<ele>55</ele>
						<time>2022-06-30T20:29:58Z</time>
					</trkpt>
					<trkpt lat="50.739600" lon="5.691620">
						<ele>54</ele>
						<time>2022-06-30T20:31:28Z</time>
					</trkpt>
					<trkpt lat="50.739040" lon="5.691670">
						<ele>54</ele>
						<time>2022-06-30T20:32:13Z</time>
					</trkpt>
					<trkpt lat="50.738340" lon="5.691780">
						<ele>54</ele>
						<time>2022-06-30T20:33:09Z</time>
					</trkpt>
					<trkpt lat="50.737520" lon="5.691990">
						<ele>55</ele>
						<time>2022-06-30T20:34:16Z</time>
					</trkpt>
					<trkpt lat="50.737580" lon="5.692550">
						<ele>58</ele>
						<time>2022-06-30T20:34:45Z</time>
					</trkpt>
					<trkpt lat="50.737620" lon="5.692840">
						<ele>60</ele>
						<time>2022-06-30T20:35:00Z</time>
					</trkpt>
					<trkpt lat="50.737500" lon="5.692810">
						<ele>60</ele>
						<time>2022-06-30T20:35:09Z</time>
					</trkpt>
					<trkpt lat="50.737250" lon="5.692820">
						<ele>60</ele>
						<time>2022-06-30T20:35:29Z</time>
					</trkpt>
					<trkpt lat="50.737040" lon="5.692820">
						<ele>59</ele>
						<time>2022-06-30T20:35:46Z</time>
					</trkpt>
					<trkpt lat="50.736560" lon="5.692910">
						<ele>59</ele>
						<time>2022-06-30T20:36:25Z</time>
					</trkpt>
					<trkpt lat="50.736520" lon="5.693050">
						<ele>60</ele>
						<time>2022-06-30T20:36:33Z</time>
					</trkpt>
					<trkpt lat="50.736110" lon="5.693020">
						<ele>60</ele>
						<time>2022-06-30T20:37:06Z</time>
					</trkpt>
					<trkpt lat="50.735980" lon="5.693060">
						<ele>60</ele>
						<time>2022-06-30T20:37:16Z</time>
					</trkpt>
					<trkpt lat="50.735840" lon="5.693030">
						<ele>59</ele>
						<time>2022-06-30T20:37:27Z</time>
					</trkpt>
					<trkpt lat="50.735430" lon="5.693130">
						<ele>59</ele>
						<time>2022-06-30T20:38:01Z</time>
					</trkpt>
					<trkpt lat="50.734890" lon="5.693320">
						<ele>58</ele>
						<time>2022-06-30T20:38:45Z</time>
					</trkpt>
					<trkpt lat="50.734340" lon="5.693520">
						<ele>57</ele>
						<time>2022-06-30T20:39:30Z</time>
					</trkpt>
					<trkpt lat="50.734160" lon="5.693620">
						<ele>57</ele>
						<time>2022-06-30T20:39:45Z</time>
					</trkpt>
					<trkpt lat="50.733600" lon="5.693850">
						<ele>57</ele>
						<time>2022-06-30T20:40:32Z</time>
					</trkpt>
					<trkpt lat="50.733250" lon="5.694030">
						<ele>56</ele>
						<time>2022-06-30T20:41:01Z</time>
					</trkpt>
					<trkpt lat="50.732430" lon="5.694410">
						<ele>57</ele>
						<time>2022-06-30T20:42:10Z</time>
					</trkpt>
					<trkpt lat="50.731850" lon="5.694630">
						<ele>58</ele>
						<time>2022-06-30T20:42:57Z</time>
					</trkpt>
					<trkpt lat="50.731260" lon="5.694600">
						<ele>58</ele>
						<time>2022-06-30T20:43:45Z</time>
					</trkpt>
					<trkpt lat="50.730970" lon="5.694590">
						<ele>57</ele>
						<time>2022-06-30T20:44:08Z</time>
					</trkpt>
					<trkpt lat="50.730930" lon="5.695000">
						<ele>59</ele>
						<time>2022-06-30T20:44:29Z</time>
					</trkpt>
					<trkpt lat="50.730760" lon="5.695790">
						<ele>62</ele>
						<time>2022-06-30T20:45:11Z</time>
					</trkpt>
					<trkpt lat="50.730600" lon="5.696070">
						<ele>65</ele>
						<time>2022-06-30T20:45:30Z</time>
					</trkpt>
					<trkpt lat="50.729960" lon="5.696520">
						<ele>69</ele>
						<time>2022-06-30T20:46:26Z</time>
					</trkpt>
					<trkpt lat="50.729620" lon="5.696770">
						<ele>72</ele>
						<time>2022-06-30T20:46:56Z</time>
					</trkpt>
					<trkpt lat="50.729390" lon="5.696970">
						<ele>73</ele>
						<time>2022-06-30T20:47:18Z</time>
					</trkpt>
					<trkpt lat="50.729240" lon="5.696930">
						<ele>73</ele>
						<time>2022-06-30T20:47:30Z</time>
					</trkpt>
					<trkpt lat="50.728570" lon="5.696850">
						<ele>81</ele>
						<time>2022-06-30T20:48:23Z</time>
					</trkpt>
					<trkpt lat="50.728310" lon="5.696770">
						<ele>85</ele>
						<time>2022-06-30T20:48:45Z</time>
					</trkpt>
					<trkpt lat="50.728080" lon="5.696740">
						<ele>90</ele>
						<time>2022-06-30T20:49:03Z</time>
					</trkpt>
					<trkpt lat="50.727560" lon="5.696780">
						<ele>99</ele>
						<time>2022-06-30T20:49:45Z</time>
					</trkpt>
					<trkpt lat="50.727190" lon="5.696660">
						<ele>104</ele>
						<time>2022-06-30T20:50:15Z</time>
					</trkpt>
					<trkpt lat="50.726830" lon="5.696500">
						<ele>107</ele>
						<time>2022-06-30T20:50:45Z</time>
					</trkpt>
					<trkpt lat="50.726220" lon="5.696470">
						<ele>109</ele>
						<time>2022-06-30T20:51:34Z</time>
					</trkpt>
					<trkpt lat="50.725600" lon="5.696500">
						<ele>110</ele>
						<time>2022-06-30T20:52:24Z</time>
					</trkpt>
					<trkpt lat="50.724910" lon="5.696520">
						<ele>110</ele>
						<time>2022-06-30T20:53:19Z</time>
					</trkpt>
					<trkpt lat="50.724300" lon="5.696420">
						<ele>110</ele>
						<time>2022-06-30T20:54:08Z</time>
					</trkpt>
					<trkpt lat="50.723760" lon="5.696200">
						<ele>110</ele>
						<time>2022-06-30T20:54:53Z</time>
					</trkpt>
					<trkpt lat="50.723020" lon="5.695760">
						<ele>111</ele>
						<time>2022-06-30T20:55:56Z</time>
					</trkpt>
					<trkpt lat="50.722110" lon="5.695270">
						<ele>113</ele>
						<time>2022-06-30T20:57:13Z</time>
					</trkpt>
					<trkpt lat="50.721290" lon="5.694790">
						<ele>116</ele>
						<time>2022-06-30T20:58:23Z</time>
					</trkpt>
					<trkpt lat="50.720900" lon="5.694600">
						<ele>116</ele>
						<time>2022-06-30T20:58:56Z</time>
					</trkpt>
					<trkpt lat="50.720440" lon="5.694540">
						<ele>114</ele>
						<time>2022-06-30T20:59:33Z</time>
					</trkpt>
					<trkpt lat="50.719940" lon="5.694620">
						<ele>114</ele>
						<time>2022-06-30T21:00:13Z</time>
					</trkpt>
					<trkpt lat="50.719410" lon="5.694480">
						<ele>117</ele>
						<time>2022-06-30T21:00:56Z</time>
					</trkpt>
					<trkpt lat="50.719240" lon="5.694380">
						<ele>118</ele>
						<time>2022-06-30T21:01:10Z</time>
					</trkpt>
					<trkpt lat="50.719150" lon="5.694430">
						<ele>119</ele>
						<time>2022-06-30T21:01:18Z</time>
					</trkpt>
					<trkpt lat="50.719090" lon="5.694350">
						<ele>118</ele>
						<time>2022-06-30T21:01:24Z</time>
					</trkpt>
					<trkpt lat="50.718580" lon="5.694460">
						<ele>120</ele>
						<time>2022-06-30T21:02:05Z</time>
					</trkpt>
					<trkpt lat="50.718370" lon="5.694470">
						<ele>120</ele>
						<time>2022-06-30T21:02:22Z</time>
					</trkpt>
					<trkpt lat="50.718150" lon="5.694400">
						<ele>120</ele>
						<time>2022-06-30T21:02:40Z</time>
					</trkpt>
					<trkpt lat="50.717900" lon="5.694290">
						<ele>120</ele>
						<time>2022-06-30T21:03:01Z</time>
					</trkpt>
					<trkpt lat="50.717550" lon="5.694150">
						<ele>119</ele>
						<time>2022-06-30T21:03:30Z</time>
					</trkpt>
					<trkpt lat="50.717290" lon="5.694050">
						<ele>119</ele>
						<time>2022-06-30T21:03:51Z</time>
					</trkpt>
					<trkpt lat="50.717110" lon="5.694000">
						<ele>119</ele>
						<time>2022-06-30T21:04:06Z</time>
					</trkpt>
					<trkpt lat="50.716990" lon="5.694020">
						<ele>119</ele>
						<time>2022-06-30T21:04:16Z</time>
					</trkpt>
					<trkpt lat="50.716900" lon="5.694120">
						<ele>121</ele>
						<time>2022-06-30T21:04:24Z</time>
					</trkpt>
					<trkpt lat="50.716740" lon="5.694470">
						<ele>124</ele>
						<time>2022-06-30T21:04:46Z</time>
					</trkpt>
					<trkpt lat="50.716460" lon="5.695190">
						<ele>127</ele>
						<time>2022-06-30T21:05:29Z</time>
					</trkpt>
					<trkpt lat="50.716350" lon="5.695210">
						<ele>127</ele>
						<time>2022-06-30T21:05:38Z</time>
					</trkpt>
					<trkpt lat="50.716350" lon="5.695070">
						<ele>127</ele>
						<time>2022-06-30T21:05:45Z</time>
					</trkpt>
					<trkpt lat="50.716180" lon="5.695050">
						<ele>127</ele>
						<time>2022-06-30T21:05:59Z</time>
					</trkpt>
					<trkpt lat="50.715880" lon="5.694940">
						<ele>127</ele>
						<time>2022-06-30T21:06:23Z</time>
					</trkpt>
					<trkpt lat="50.715570" lon="5.694800">
						<ele>127</ele>
						<time>2022-06-30T21:06:49Z</time>
					</trkpt>
					<trkpt lat="50.715360" lon="5.694490">
						<ele>126</ele>
						<time>2022-06-30T21:07:12Z</time>
					</trkpt>
					<trkpt lat="50.714870" lon="5.693860">
						<ele>126</ele>
						<time>2022-06-30T21:08:03Z</time>
					</trkpt>
					<trkpt lat="50.714340" lon="5.693150">
						<ele>127</ele>
						<time>2022-06-30T21:08:59Z</time>
					</trkpt>
					<trkpt lat="50.713870" lon="5.692520">
						<ele>128</ele>
						<time>2022-06-30T21:09:48Z</time>
					</trkpt>
					<trkpt lat="50.713850" lon="5.692390">
						<ele>127</ele>
						<time>2022-06-30T21:09:55Z</time>
					</trkpt>
					<trkpt lat="50.713370" lon="5.691580">
						<ele>126</ele>
						<time>2022-06-30T21:10:51Z</time>
					</trkpt>
					<trkpt lat="50.713090" lon="5.691090">
						<ele>121</ele>
						<time>2022-06-30T21:11:24Z</time>
					</trkpt>
					<trkpt lat="50.712750" lon="5.690560">
						<ele>117</ele>
						<time>2022-06-30T21:12:03Z</time>
					</trkpt>
					<trkpt lat="50.712390" lon="5.690170">
						<ele>114</ele>
						<time>2022-06-30T21:12:38Z</time>
					</trkpt>
					<trkpt lat="50.712000" lon="5.689790">
						<ele>110</ele>
						<time>2022-06-30T21:13:14Z</time>
					</trkpt>
					<trkpt lat="50.711940" lon="5.689670">
						<ele>108</ele>
						<time>2022-06-30T21:13:22Z</time>
					</trkpt>
					<trkpt lat="50.711740" lon="5.689790">
						<ele>109</ele>
						<time>2022-06-30T21:13:39Z</time>
					</trkpt>
					<trkpt lat="50.711620" lon="5.689820">
						<ele>110</ele>
						<time>2022-06-30T21:13:49Z</time>
					</trkpt>
					<trkpt lat="50.711510" lon="5.689790">
						<ele>110</ele>
						<time>2022-06-30T21:13:58Z</time>
					</trkpt>
					<trkpt lat="50.711220" lon="5.689610">
						<ele>109</ele>
						<time>2022-06-30T21:14:23Z</time>
					</trkpt>
					<trkpt lat="50.711010" lon="5.689510">
						<ele>109</ele>
						<time>2022-06-30T21:14:40Z</time>
					</trkpt>
					<trkpt lat="50.710760" lon="5.689440">
						<ele>109</ele>
						<time>2022-06-30T21:15:01Z</time>
					</trkpt>
					<trkpt lat="50.710660" lon="5.689490">
						<ele>109</ele>
						<time>2022-06-30T21:15:09Z</time>
					</trkpt>
					<trkpt lat="50.710310" lon="5.690420">
						<ele>118</ele>
						<time>2022-06-30T21:16:04Z</time>
					</trkpt>
					<trkpt lat="50.709880" lon="5.691700">
						<ele>126</ele>
						<time>2022-06-30T21:17:17Z</time>
					</trkpt>
					<trkpt lat="50.709120" lon="5.691610">
						<ele>122</ele>
						<time>2022-06-30T21:18:18Z</time>
					</trkpt>
					<trkpt lat="50.708360" lon="5.691520">
						<ele>125</ele>
						<time>2022-06-30T21:19:19Z</time>
					</trkpt>
					<trkpt lat="50.707590" lon="5.691430">
						<ele>126</ele>
						<time>2022-06-30T21:20:21Z</time>
					</trkpt>
					<trkpt lat="50.706830" lon="5.691340">
						<ele>127</ele>
						<time>2022-06-30T21:21:22Z</time>
					</trkpt>
					<trkpt lat="50.706060" lon="5.691250">
						<ele>129</ele>
						<time>2022-06-30T21:22:24Z</time>
					</trkpt>
					<trkpt lat="50.705710" lon="5.691200">
						<ele>129</ele>
						<time>2022-06-30T21:22:52Z</time>
					</trkpt>
					<trkpt lat="50.705450" lon="5.691180">
						<ele>128</ele>
						<time>2022-06-30T21:23:13Z</time>
					</trkpt>
					<trkpt lat="50.705100" lon="5.691120">
						<ele>127</ele>
						<time>2022-06-30T21:23:41Z</time>
					</trkpt>
					<trkpt lat="50.704700" lon="5.691060">
						<ele>124</ele>
						<time>2022-06-30T21:24:13Z</time>
					</trkpt>
					<trkpt lat="50.704360" lon="5.691040">
						<ele>122</ele>
						<time>2022-06-30T21:24:41Z</time>
					</trkpt>
					<trkpt lat="50.704200" lon="5.691060">
						<ele>121</ele>
						<time>2022-06-30T21:24:54Z</time>
					</trkpt>
					<trkpt lat="50.704080" lon="5.691160">
						<ele>120</ele>
						<time>2022-06-30T21:25:04Z</time>
					</trkpt>
					<trkpt lat="50.703930" lon="5.691420">
						<ele>123</ele>
						<time>2022-06-30T21:25:22Z</time>
					</trkpt>
					<trkpt lat="50.703880" lon="5.691350">
						<ele>121</ele>
						<time>2022-06-30T21:25:28Z</time>
					</trkpt>
					<trkpt lat="50.703930" lon="5.691080">
						<ele>117</ele>
						<time>2022-06-30T21:25:42Z</time>
					</trkpt>
					<trkpt lat="50.703980" lon="5.690780">
						<ele>114</ele>
						<time>2022-06-30T21:25:58Z</time>
					</trkpt>
					<trkpt lat="50.704080" lon="5.690610">
						<ele>114</ele>
						<time>2022-06-30T21:26:09Z</time>
					</trkpt>
					<trkpt lat="50.704220" lon="5.690510">
						<ele>115</ele>
						<time>2022-06-30T21:26:22Z</time>
					</trkpt>
					<trkpt lat="50.704160" lon="5.690430">
						<ele>113</ele>
						<time>2022-06-30T21:26:28Z</time>
					</trkpt>
					<trkpt lat="50.703880" lon="5.690530">
						<ele>108</ele>
						<time>2022-06-30T21:26:51Z</time>
					</trkpt>
					<trkpt lat="50.703760" lon="5.690690">
						<ele>108</ele>
						<time>2022-06-30T21:27:03Z</time>
					</trkpt>
					<trkpt lat="50.703700" lon="5.690950">
						<ele>112</ele>
						<time>2022-06-30T21:27:18Z</time>
					</trkpt>
					<trkpt lat="50.703680" lon="5.691100">
						<ele>115</ele>
						<time>2022-06-30T21:27:25Z</time>
					</trkpt>
					<trkpt lat="50.703610" lon="5.691160">
						<ele>115</ele>
						<time>2022-06-30T21:27:32Z</time>
					</trkpt>
					<trkpt lat="50.703480" lon="5.691040">
						<ele>111</ele>
						<time>2022-06-30T21:27:44Z</time>
					</trkpt>
					<trkpt lat="50.703240" lon="5.691110">
						<ele>109</ele>
						<time>2022-06-30T21:28:03Z</time>
					</trkpt>
					<trkpt lat="50.703140" lon="5.691070">
						<ele>107</ele>
						<time>2022-06-30T21:28:12Z</time>
					</trkpt>
					<trkpt lat="50.702720" lon="5.691210">
						<ele>106</ele>
						<time>2022-06-30T21:28:46Z</time>
					</trkpt>
					<trkpt lat="50.702300" lon="5.691230">
						<ele>103</ele>
						<time>2022-06-30T21:29:20Z</time>
					</trkpt>
					<trkpt lat="50.702130" lon="5.691260">
						<ele>104</ele>
						<time>2022-06-30T21:29:33Z</time>
					</trkpt>
					<trkpt lat="50.701740" lon="5.691040">
						<ele>98</ele>
						<time>2022-06-30T21:30:06Z</time>
					</trkpt>
					<trkpt lat="50.701620" lon="5.690900">
						<ele>95</ele>
						<time>2022-06-30T21:30:18Z</time>
					</trkpt>
					<trkpt lat="50.701250" lon="5.690740">
						<ele>93</ele>
						<time>2022-06-30T21:30:49Z</time>
					</trkpt>
					<trkpt lat="50.701080" lon="5.690730">
						<ele>93</ele>
						<time>2022-06-30T21:31:03Z</time>
					</trkpt>
					<trkpt lat="50.700870" lon="5.690600">
						<ele>91</ele>
						<time>2022-06-30T21:31:21Z</time>
					</trkpt>
					<trkpt lat="50.700710" lon="5.690560">
						<ele>91</ele>
						<time>2022-06-30T21:31:34Z</time>
					</trkpt>
					<trkpt lat="50.700630" lon="5.690440">
						<ele>90</ele>
						<time>2022-06-30T21:31:43Z</time>
					</trkpt>
					<trkpt lat="50.700380" lon="5.690350">
						<ele>89</ele>
						<time>2022-06-30T21:32:03Z</time>
					</trkpt>
					<trkpt lat="50.700140" lon="5.690240">
						<ele>87</ele>
						<time>2022-06-30T21:32:23Z</time>
					</trkpt>
					<trkpt lat="50.700170" lon="5.690060">
						<ele>84</ele>
						<time>2022-06-30T21:32:33Z</time>
					</trkpt>
					<trkpt lat="50.700180" lon="5.689430">
						<ele>90</ele>
						<time>2022-06-30T21:33:04Z</time>
					</trkpt>
					<trkpt lat="50.700110" lon="5.689460">
						<ele>89</ele>
						<time>2022-06-30T21:33:10Z</time>
					</trkpt>
					<trkpt lat="50.699980" lon="5.689530">
						<ele>89</ele>
						<time>2022-06-30T21:33:21Z</time>
					</trkpt>
					<trkpt lat="50.699900" lon="5.689570">
						<ele>89</ele>
						<time>2022-06-30T21:33:28Z</time>
					</trkpt>
					<trkpt lat="50.699770" lon="5.689700">
						<ele>88</ele>
						<time>2022-06-30T21:33:40Z</time>
					</trkpt>
					<trkpt lat="50.699610" lon="5.690020">
						<ele>86</ele>
						<time>2022-06-30T21:34:01Z</time>
					</trkpt>
					<trkpt lat="50.699570" lon="5.690160">
						<ele>87</ele>
						<time>2022-06-30T21:34:09Z</time>
					</trkpt>
					<trkpt lat="50.699440" lon="5.690520">
						<ele>89</ele>
						<time>2022-06-30T21:34:30Z</time>
					</trkpt>
					<trkpt lat="50.699270" lon="5.690940">
						<ele>90</ele>
						<time>2022-06-30T21:34:55Z</time>
					</trkpt>
					<trkpt lat="50.699190" lon="5.691130">
						<ele>91</ele>
						<time>2022-06-30T21:35:07Z</time>
					</trkpt>
					<trkpt lat="50.698980" lon="5.691560">
						<ele>93</ele>
						<time>2022-06-30T21:35:34Z</time>
					</trkpt>
					<trkpt lat="50.698710" lon="5.692010">
						<ele>96</ele>
						<time>2022-06-30T21:36:06Z</time>
					</trkpt>
					<trkpt lat="50.698440" lon="5.692460">
						<ele>100</ele>
						<time>2022-06-30T21:36:37Z</time>
					</trkpt>
					<trkpt lat="50.698070" lon="5.692770">
						<ele>100</ele>
						<time>2022-06-30T21:37:11Z</time>
					</trkpt>
					<trkpt lat="50.697670" lon="5.693160">
						<ele>100</ele>
						<time>2022-06-30T21:37:48Z</time>
					</trkpt>
					<trkpt lat="50.697380" lon="5.693520">
						<ele>103</ele>
						<time>2022-06-30T21:38:18Z</time>
					</trkpt>
					<trkpt lat="50.697030" lon="5.693950">
						<ele>112</ele>
						<time>2022-06-30T21:38:53Z</time>
					</trkpt>
					<trkpt lat="50.696870" lon="5.693900">
						<ele>110</ele>
						<time>2022-06-30T21:39:06Z</time>
					</trkpt>
					<trkpt lat="50.696720" lon="5.693770">
						<ele>105</ele>
						<time>2022-06-30T21:39:20Z</time>
					</trkpt>
					<trkpt lat="50.696640" lon="5.693750">
						<ele>104</ele>
						<time>2022-06-30T21:39:27Z</time>
					</trkpt>
					<trkpt lat="50.696490" lon="5.693740">
						<ele>104</ele>
						<time>2022-06-30T21:39:39Z</time>
					</trkpt>
					<trkpt lat="50.696190" lon="5.693850">
						<ele>108</ele>
						<time>2022-06-30T21:40:03Z</time>
					</trkpt>
					<trkpt lat="50.695740" lon="5.693940">
						<ele>112</ele>
						<time>2022-06-30T21:40:40Z</time>
					</trkpt>
					<trkpt lat="50.695230" lon="5.693900">
						<ele>113</ele>
						<time>2022-06-30T21:41:20Z</time>
					</trkpt>
					<trkpt lat="50.694870" lon="5.693880">
						<ele>114</ele>
						<time>2022-06-30T21:41:49Z</time>
					</trkpt>
					<trkpt lat="50.694490" lon="5.693810">
						<ele>116</ele>
						<time>2022-06-30T21:42:20Z</time>
					</trkpt>
					<trkpt lat="50.694240" lon="5.693740">
						<ele>116</ele>
						<time>2022-06-30T21:42:40Z</time>
					</trkpt>
					<trkpt lat="50.694050" lon="5.693600">
						<ele>113</ele>
						<time>2022-06-30T21:42:57Z</time>
					</trkpt>
					<trkpt lat="50.693900" lon="5.693550">
						<ele>113</ele>
						<time>2022-06-30T21:43:09Z</time>
					</trkpt>
					<trkpt lat="50.693710" lon="5.693580">
						<ele>115</ele>
						<time>2022-06-30T21:43:25Z</time>
					</trkpt>
					<trkpt lat="50.693400" lon="5.693750">
						<ele>122</ele>
						<time>2022-06-30T21:43:51Z</time>
					</trkpt>
					<trkpt lat="50.693200" lon="5.693780">
						<ele>124</ele>
						<time>2022-06-30T21:44:07Z</time>
					</trkpt>
					<trkpt lat="50.692740" lon="5.693490">
						<ele>120</ele>
						<time>2022-06-30T21:44:47Z</time>
					</trkpt>
					<trkpt lat="50.692400" lon="5.693260">
						<ele>118</ele>
						<time>2022-06-30T21:45:16Z</time>
					</trkpt>
					<trkpt lat="50.692020" lon="5.693030">
						<ele>121</ele>
						<time>2022-06-30T21:45:49Z</time>
					</trkpt>
					<trkpt lat="50.691700" lon="5.692720">
						<ele>121</ele>
						<time>2022-06-30T21:46:19Z</time>
					</trkpt>
					<trkpt lat="50.691370" lon="5.692080">
						<ele>119</ele>
						<time>2022-06-30T21:47:01Z</time>
					</trkpt>
					<trkpt lat="50.691070" lon="5.691340">
						<ele>120</ele>
						<time>2022-06-30T21:47:45Z</time>
					</trkpt>
					<trkpt lat="50.690980" lon="5.690920">
						<ele>118</ele>
						<time>2022-06-30T21:48:08Z</time>
					</trkpt>
					<trkpt lat="50.690820" lon="5.690500">
						<ele>116</ele>
						<time>2022-06-30T21:48:33Z</time>
					</trkpt>
					<trkpt lat="50.690530" lon="5.689860">
						<ele>113</ele>
						<time>2022-06-30T21:49:13Z</time>
					</trkpt>
					<trkpt lat="50.690290" lon="5.689340">
						<ele>108</ele>
						<time>2022-06-30T21:49:45Z</time>
					</trkpt>
					<trkpt lat="50.690100" lon="5.689130">
						<ele>107</ele>
						<time>2022-06-30T21:50:04Z</time>
					</trkpt>
					<trkpt lat="50.689950" lon="5.689090">
						<ele>107</ele>
						<time>2022-06-30T21:50:16Z</time>
					</trkpt>
					<trkpt lat="50.689760" lon="5.689160">
						<ele>108</ele>
						<time>2022-06-30T21:50:32Z</time>
					</trkpt>
					<trkpt lat="50.689390" lon="5.689190">
						<ele>107</ele>
						<time>2022-06-30T21:51:01Z</time>
					</trkpt>
					<trkpt lat="50.689160" lon="5.689260">
						<ele>108</ele>
						<time>2022-06-30T21:51:20Z</time>
					</trkpt>
					<trkpt lat="50.688980" lon="5.689270">
						<ele>108</ele>
						<time>2022-06-30T21:51:34Z</time>
					</trkpt>
					<trkpt lat="50.688740" lon="5.689260">
						<ele>108</ele>
						<time>2022-06-30T21:51:54Z</time>
					</trkpt>
					<trkpt lat="50.688030" lon="5.689170">
						<ele>106</ele>
						<time>2022-06-30T21:52:51Z</time>
					</trkpt>
					<trkpt lat="50.687800" lon="5.689110">
						<ele>106</ele>
						<time>2022-06-30T21:53:09Z</time>
					</trkpt>
					<trkpt lat="50.687460" lon="5.689150">
						<ele>106</ele>
						<time>2022-06-30T21:53:37Z</time>
					</trkpt>
					<trkpt lat="50.687320" lon="5.689220">
						<ele>106</ele>
						<time>2022-06-30T21:53:48Z</time>
					</trkpt>
					<trkpt lat="50.687220" lon="5.689320">
						<ele>107</ele>
						<time>2022-06-30T21:53:58Z</time>
					</trkpt>
					<trkpt lat="50.687070" lon="5.689730">
						<ele>114</ele>
						<time>2022-06-30T21:54:22Z</time>
					</trkpt>
					<trkpt lat="50.687010" lon="5.689790">
						<ele>115</ele>
						<time>2022-06-30T21:54:28Z</time>
					</trkpt>
					<trkpt lat="50.686710" lon="5.689660">
						<ele>111</ele>
						<time>2022-06-30T21:54:52Z</time>
					</trkpt>
					<trkpt lat="50.686490" lon="5.689600">
						<ele>111</ele>
						<time>2022-06-30T21:55:10Z</time>
					</trkpt>
					<trkpt lat="50.686280" lon="5.689580">
						<ele>113</ele>
						<time>2022-06-30T21:55:27Z</time>
					</trkpt>
					<trkpt lat="50.686070" lon="5.689490">
						<ele>112</ele>
						<time>2022-06-30T21:55:45Z</time>
					</trkpt>
					<trkpt lat="50.685780" lon="5.689450">
						<ele>114</ele>
						<time>2022-06-30T21:56:08Z</time>
					</trkpt>
					<trkpt lat="50.685530" lon="5.689500">
						<ele>118</ele>
						<time>2022-06-30T21:56:28Z</time>
					</trkpt>
					<trkpt lat="50.685260" lon="5.689480">
						<ele>121</ele>
						<time>2022-06-30T21:56:50Z</time>
					</trkpt>
					<trkpt lat="50.684970" lon="5.689350">
						<ele>121</ele>
						<time>2022-06-30T21:57:14Z</time>
					</trkpt>
					<trkpt lat="50.684560" lon="5.688990">
						<ele>117</ele>
						<time>2022-06-30T21:57:51Z</time>
					</trkpt>
					<trkpt lat="50.684170" lon="5.688670">
						<ele>113</ele>
						<time>2022-06-30T21:58:27Z</time>
					</trkpt>
					<trkpt lat="50.683940" lon="5.688510">
						<ele>111</ele>
						<time>2022-06-30T21:58:47Z</time>
					</trkpt>
					<trkpt lat="50.683600" lon="5.688350">
						<ele>110</ele>
						<time>2022-06-30T21:59:15Z</time>
					</trkpt>
					<trkpt lat="50.683250" lon="5.688050">
						<ele>112</ele>
						<time>2022-06-30T21:59:47Z</time>
					</trkpt>
					<trkpt lat="50.682540" lon="5.687160">
						<ele>113</ele>
						<time>2022-06-30T22:01:00Z</time>
					</trkpt>
					<trkpt lat="50.682380" lon="5.687040">
						<ele>112</ele>
						<time>2022-06-30T22:01:14Z</time>
					</trkpt>
					<trkpt lat="50.682230" lon="5.686970">
						<ele>112</ele>
						<time>2022-06-30T22:01:26Z</time>
					</trkpt>
					<trkpt lat="50.682060" lon="5.686990">
						<ele>112</ele>
						<time>2022-06-30T22:01:40Z</time>
					</trkpt>
					<trkpt lat="50.681700" lon="5.686850">
						<ele>112</ele>
						<time>2022-06-30T22:02:10Z</time>
					</trkpt>
					<trkpt lat="50.681550" lon="5.686900">
						<ele>114</ele>
						<time>2022-06-30T22:02:22Z</time>
					</trkpt>
					<trkpt lat="50.681450" lon="5.686840">
						<ele>114</ele>
						<time>2022-06-30T22:02:31Z</time>
					</trkpt>
					<trkpt lat="50.681360" lon="5.686840">
						<ele>115</ele>
						<time>2022-06-30T22:02:38Z</time>
					</trkpt>
					<trkpt lat="50.681180" lon="5.686720">
						<ele>116</ele>
						<time>2022-06-30T22:02:53Z</time>
					</trkpt>
					<trkpt lat="50.681050" lon="5.686620">
						<ele>116</ele>
						<time>2022-06-30T22:03:05Z</time>
					</trkpt>
					<trkpt lat="50.680860" lon="5.686340">
						<ele>115</ele>
						<time>2022-06-30T22:03:26Z</time>
					</trkpt>
					<trkpt lat="50.680540" lon="5.685930">
						<ele>114</ele>
						<time>2022-06-30T22:03:59Z</time>
					</trkpt>
					<trkpt lat="50.680330" lon="5.685680">
						<ele>115</ele>
						<time>2022-06-30T22:04:20Z</time>
					</trkpt>
					<trkpt lat="50.680200" lon="5.685610">
						<ele>116</ele>
						<time>2022-06-30T22:04:31Z</time>
					</trkpt>
					<trkpt lat="50.679900" lon="5.685480">
						<ele>118</ele>
						<time>2022-06-30T22:04:56Z</time>
					</trkpt>
					<trkpt lat="50.679820" lon="5.685350">
						<ele>118</ele>
						<time>2022-06-30T22:05:05Z</time>
					</trkpt>
					<trkpt lat="50.679750" lon="5.684950">
						<ele>117</ele>
						<time>2022-06-30T22:05:26Z</time>
					</trkpt>
					<trkpt lat="50.679500" lon="5.684580">
						<ele>118</ele>
						<time>2022-06-30T22:05:53Z</time>
					</trkpt>
					<trkpt lat="50.679280" lon="5.684360">
						<ele>117</ele>
						<time>2022-06-30T22:06:14Z</time>
					</trkpt>
					<trkpt lat="50.679070" lon="5.684190">
						<ele>118</ele>
						<time>2022-06-30T22:06:33Z</time>
					</trkpt>
					<trkpt lat="50.678920" lon="5.684080">
						<ele>119</ele>
						<time>2022-06-30T22:06:46Z</time>
					</trkpt>
					<trkpt lat="50.678570" lon="5.683900">
						<ele>121</ele>
						<time>2022-06-30T22:07:16Z</time>
					</trkpt>
					<trkpt lat="50.678320" lon="5.683750">
						<ele>121</ele>
						<time>2022-06-30T22:07:37Z</time>
					</trkpt>
					<trkpt lat="50.678070" lon="5.683560">
						<ele>121</ele>
						<time>2022-06-30T22:08:00Z</time>
					</trkpt>
					<trkpt lat="50.677860" lon="5.683420">
						<ele>121</ele>
						<time>2022-06-30T22:08:18Z</time>
					</trkpt>
					<trkpt lat="50.677700" lon="5.683280">
						<ele>121</ele>
						<time>2022-06-30T22:08:32Z</time>
					</trkpt>
					<trkpt lat="50.677510" lon="5.683220">
						<ele>122</ele>
						<time>2022-06-30T22:08:48Z</time>
					</trkpt>
					<trkpt lat="50.677200" lon="5.683230">
						<ele>122</ele>
						<time>2022-06-30T22:09:13Z</time>
					</trkpt>
					<trkpt lat="50.676770" lon="5.683180">
						<ele>123</ele>
						<time>2022-06-30T22:09:47Z</time>
					</trkpt>
					<trkpt lat="50.676560" lon="5.683140">
						<ele>124</ele>
						<time>2022-06-30T22:10:04Z</time>
					</trkpt>
					<trkpt lat="50.675980" lon="5.683050">
						<ele>129</ele>
						<time>2022-06-30T22:10:51Z</time>
					</trkpt>
					<trkpt lat="50.675700" lon="5.683080">
						<ele>131</ele>
						<time>2022-06-30T22:11:13Z</time>
					</trkpt>
					<trkpt lat="50.675450" lon="5.683160">
						<ele>132</ele>
						<time>2022-06-30T22:11:34Z</time>
					</trkpt>
					<trkpt lat="50.675380" lon="5.683160">
						<ele>132</ele>
						<time>2022-06-30T22:11:39Z</time>
					</trkpt>
					<trkpt lat="50.675380" lon="5.682950">
						<ele>131</ele>
						<time>2022-06-30T22:11:50Z</time>
					</trkpt>
					<trkpt lat="50.675330" lon="5.682660">
						<ele>129</ele>
						<time>2022-06-30T22:12:05Z</time>
					</trkpt>
					<trkpt lat="50.675260" lon="5.682400">
						<ele>128</ele>
						<time>2022-06-30T22:12:20Z</time>
					</trkpt>
					<trkpt lat="50.675100" lon="5.682210">
						<ele>126</ele>
						<time>2022-06-30T22:12:36Z</time>
					</trkpt>
					<trkpt lat="50.674820" lon="5.682120">
						<ele>125</ele>
						<time>2022-06-30T22:12:59Z</time>
					</trkpt>
					<trkpt lat="50.674450" lon="5.682190">
						<ele>124</ele>
						<time>2022-06-30T22:13:28Z</time>
					</trkpt>
					<trkpt lat="50.674150" lon="5.682370">
						<ele>124</ele>
						<time>2022-06-30T22:13:54Z</time>
					</trkpt>
					<trkpt lat="50.673970" lon="5.682410">
						<ele>126</ele>
						<time>2022-06-30T22:14:09Z</time>
					</trkpt>
					<trkpt lat="50.673810" lon="5.682350">
						<ele>126</ele>
						<time>2022-06-30T22:14:22Z</time>
					</trkpt>
					<trkpt lat="50.673670" lon="5.682190">
						<ele>127</ele>
						<time>2022-06-30T22:14:36Z</time>
					</trkpt>
					<trkpt lat="50.673470" lon="5.681780">
						<ele>126</ele>
						<time>2022-06-30T22:15:02Z</time>
					</trkpt>
					<trkpt lat="50.673160" lon="5.681170">
						<ele>125</ele>
						<time>2022-06-30T22:15:42Z</time>
					</trkpt>
					<trkpt lat="50.673020" lon="5.680870">
						<ele>123</ele>
						<time>2022-06-30T22:16:00Z</time>
					</trkpt>
					<trkpt lat="50.672860" lon="5.681030">
						<ele>123</ele>
						<time>2022-06-30T22:16:16Z</time>
					</trkpt>
					<trkpt lat="50.672720" lon="5.681110">
						<ele>123</ele>
						<time>2022-06-30T22:16:28Z</time>
					</trkpt>
					<trkpt lat="50.672550" lon="5.681090">
						<ele>123</ele>
						<time>2022-06-30T22:16:41Z</time>
					</trkpt>
					<trkpt lat="50.672290" lon="5.681150">
						<ele>123</ele>
						<time>2022-06-30T22:17:02Z</time>
					</trkpt>
					<trkpt lat="50.672250" lon="5.681070">
						<ele>122</ele>
						<time>2022-06-30T22:17:07Z</time>
					</trkpt>
					<trkpt lat="50.672090" lon="5.681290">
						<ele>123</ele>
						<time>2022-06-30T22:17:24Z</time>
					</trkpt>
					<trkpt lat="50.671810" lon="5.681650">
						<ele>123</ele>
						<time>2022-06-30T22:17:53Z</time>
					</trkpt>
					<trkpt lat="50.671630" lon="5.682000">
						<ele>129</ele>
						<time>2022-06-30T22:18:16Z</time>
					</trkpt>
					<trkpt lat="50.671520" lon="5.682140">
						<ele>132</ele>
						<time>2022-06-30T22:18:28Z</time>
					</trkpt>
					<trkpt lat="50.671410" lon="5.682180">
						<ele>133</ele>
						<time>2022-06-30T22:18:37Z</time>
					</trkpt>
					<trkpt lat="50.671170" lon="5.682070">
						<ele>132</ele>
						<time>2022-06-30T22:18:57Z</time>
					</trkpt>
					<trkpt lat="50.670810" lon="5.682080">
						<ele>133</ele>
						<time>2022-06-30T22:19:25Z</time>
					</trkpt>
					<trkpt lat="50.670700" lon="5.682030">
						<ele>134</ele>
						<time>2022-06-30T22:19:35Z</time>
					</trkpt>
					<trkpt lat="50.670540" lon="5.681990">
						<ele>135</ele>
						<time>2022-06-30T22:19:48Z</time>
					</trkpt>
					<trkpt lat="50.670410" lon="5.681930">
						<ele>135</ele>
						<time>2022-06-30T22:19:58Z</time>
					</trkpt>
					<trkpt lat="50.670260" lon="5.681730">
						<ele>132</ele>
						<time>2022-06-30T22:20:14Z</time>
					</trkpt>
					<trkpt lat="50.670160" lon="5.681570">
						<ele>131</ele>
						<time>2022-06-30T22:20:26Z</time>
					</trkpt>
					<trkpt lat="50.670060" lon="5.681470">
						<ele>131</ele>
						<time>2022-06-30T22:20:35Z</time>
					</trkpt>
					<trkpt lat="50.669940" lon="5.681450">
						<ele>132</ele>
						<time>2022-06-30T22:20:45Z</time>
					</trkpt>
					<trkpt lat="50.669730" lon="5.681510">
						<ele>135</ele>
						<time>2022-06-30T22:21:02Z</time>
					</trkpt>
					<trkpt lat="50.669490" lon="5.681490">
						<ele>137</ele>
						<time>2022-06-30T22:21:21Z</time>
					</trkpt>
					<trkpt lat="50.669190" lon="5.681410">
						<ele>139</ele>
						<time>2022-06-30T22:21:45Z</time>
					</trkpt>
					<trkpt lat="50.668860" lon="5.681200">
						<ele>139</ele>
						<time>2022-06-30T22:22:14Z</time>
					</trkpt>
					<trkpt lat="50.668670" lon="5.681080">
						<ele>139</ele>
						<time>2022-06-30T22:22:30Z</time>
					</trkpt>
					<trkpt lat="50.668490" lon="5.680840">
						<ele>137</ele>
						<time>2022-06-30T22:22:49Z</time>
					</trkpt>
					<trkpt lat="50.668110" lon="5.680120">
						<ele>128</ele>
						<time>2022-06-30T22:23:37Z</time>
					</trkpt>
					<trkpt lat="50.667830" lon="5.680030">
						<ele>128</ele>
						<time>2022-06-30T22:24:00Z</time>
					</trkpt>
					<trkpt lat="50.667650" lon="5.679970">
						<ele>129</ele>
						<time>2022-06-30T22:24:14Z</time>
					</trkpt>
					<trkpt lat="50.667610" lon="5.679860">
						<ele>129</ele>
						<time>2022-06-30T22:24:21Z</time>
					</trkpt>
					<trkpt lat="50.667120" lon="5.679270">
						<ele>136</ele>
						<time>2022-06-30T22:25:10Z</time>
					</trkpt>
					<trkpt lat="50.666920" lon="5.679130">
						<ele>138</ele>
						<time>2022-06-30T22:25:28Z</time>
					</trkpt>
					<trkpt lat="50.666780" lon="5.678850">
						<ele>141</ele>
						<time>2022-06-30T22:25:46Z</time>
					</trkpt>
					<trkpt lat="50.666650" lon="5.678580">
						<ele>144</ele>
						<time>2022-06-30T22:26:03Z</time>
					</trkpt>
					<trkpt lat="50.666470" lon="5.678000">
						<ele>148</ele>
						<time>2022-06-30T22:26:36Z</time>
					</trkpt>
					<trkpt lat="50.666300" lon="5.677280">
						<ele>153</ele>
						<time>2022-06-30T22:27:15Z</time>
					</trkpt>
					<trkpt lat="50.666190" lon="5.676940">
						<ele>155</ele>
						<time>2022-06-30T22:27:34Z</time>
					</trkpt>
					<trkpt lat="50.665920" lon="5.676500">
						<ele>158</ele>
						<time>2022-06-30T22:28:05Z</time>
					</trkpt>
					<trkpt lat="50.665590" lon="5.676070">
						<ele>162</ele>
						<time>2022-06-30T22:28:39Z</time>
					</trkpt>
					<trkpt lat="50.665240" lon="5.675800">
						<ele>164</ele>
						<time>2022-06-30T22:29:11Z</time>
					</trkpt>
					<trkpt lat="50.664940" lon="5.675540">
						<ele>165</ele>
						<time>2022-06-30T22:29:38Z</time>
					</trkpt>
					<trkpt lat="50.664780" lon="5.675370">
						<ele>165</ele>
						<time>2022-06-30T22:29:53Z</time>
					</trkpt>
					<trkpt lat="50.664610" lon="5.675230">
						<ele>166</ele>
						<time>2022-06-30T22:30:09Z</time>
					</trkpt>
					<trkpt lat="50.664470" lon="5.675090">
						<ele>166</ele>
						<time>2022-06-30T22:30:22Z</time>
					</trkpt>
					<trkpt lat="50.664360" lon="5.674940">
						<ele>166</ele>
						<time>2022-06-30T22:30:34Z</time>
					</trkpt>
					<trkpt lat="50.664110" lon="5.674700">
						<ele>167</ele>
						<time>2022-06-30T22:30:57Z</time>
					</trkpt>
					<trkpt lat="50.663920" lon="5.674460">
						<ele>168</ele>
						<time>2022-06-30T22:31:17Z</time>
					</trkpt>
					<trkpt lat="50.663690" lon="5.674070">
						<ele>170</ele>
						<time>2022-06-30T22:31:44Z</time>
					</trkpt>
					<trkpt lat="50.663350" lon="5.673720">
						<ele>171</ele>
						<time>2022-06-30T22:32:16Z</time>
					</trkpt>
					<trkpt lat="50.662920" lon="5.673270">
						<ele>174</ele>
						<time>2022-06-30T22:32:57Z</time>
					</trkpt>
					<trkpt lat="50.662660" lon="5.672810">
						<ele>177</ele>
						<time>2022-06-30T22:33:29Z</time>
					</trkpt>
					<trkpt lat="50.662430" lon="5.672340">
						<ele>178</ele>
						<time>2022-06-30T22:33:59Z</time>
					</trkpt>
					<trkpt lat="50.662310" lon="5.672380">
						<ele>179</ele>
						<time>2022-06-30T22:34:09Z</time>
					</trkpt>
					<trkpt lat="50.662280" lon="5.671830">
						<ele>180</ele>
						<time>2022-06-30T22:34:37Z</time>
					</trkpt>
					<trkpt lat="50.661980" lon="5.670770">
						<ele>181</ele>
						<time>2022-06-30T22:35:36Z</time>
					</trkpt>
					<trkpt lat="50.661760" lon="5.669920">
						<ele>183</ele>
						<time>2022-06-30T22:36:22Z</time>
					</trkpt>
					<trkpt lat="50.661500" lon="5.669020">
						<ele>184</ele>
						<time>2022-06-30T22:37:12Z</time>
					</trkpt>
					<trkpt lat="50.660830" lon="5.668530">
						<ele>185</ele>
						<time>2022-06-30T22:38:12Z</time>
					</trkpt>
					<trkpt lat="50.660130" lon="5.668070">
						<ele>185</ele>
						<time>2022-06-30T22:39:12Z</time>
					</trkpt>
					<trkpt lat="50.659740" lon="5.667640">
						<ele>184</ele>
						<time>2022-06-30T22:39:50Z</time>
					</trkpt>
					<trkpt lat="50.660050" lon="5.667150">
						<ele>182</ele>
						<time>2022-06-30T22:40:26Z</time>
					</trkpt>
					<trkpt lat="50.660210" lon="5.666900">
						<ele>182</ele>
						<time>2022-06-30T22:40:44Z</time>
					</trkpt>
					<trkpt lat="50.660320" lon="5.666640">
						<ele>181</ele>
						<time>2022-06-30T22:40:59Z</time>
					</trkpt>
					<trkpt lat="50.660510" lon="5.666030">
						<ele>181</ele>
						<time>2022-06-30T22:41:34Z</time>
					</trkpt>
					<trkpt lat="50.660630" lon="5.665800">
						<ele>180</ele>
						<time>2022-06-30T22:41:49Z</time>
					</trkpt>
					<trkpt lat="50.660690" lon="5.665670">
						<ele>180</ele>
						<time>2022-06-30T22:41:57Z</time>
					</trkpt>
					<trkpt lat="50.660420" lon="5.665380">
						<ele>178</ele>
						<time>2022-06-30T22:42:23Z</time>
					</trkpt>
					<trkpt lat="50.660140" lon="5.665170">
						<ele>177</ele>
						<time>2022-06-30T22:42:48Z</time>
					</trkpt>
					<trkpt lat="50.659740" lon="5.664930">
						<ele>177</ele>
						<time>2022-06-30T22:43:22Z</time>
					</trkpt>
					<trkpt lat="50.659190" lon="5.664700">
						<ele>178</ele>
						<time>2022-06-30T22:44:08Z</time>
					</trkpt>
					<trkpt lat="50.658800" lon="5.664290">
						<ele>178</ele>
						<time>2022-06-30T22:44:46Z</time>
					</trkpt>
					<trkpt lat="50.658610" lon="5.664200">
						<ele>179</ele>
						<time>2022-06-30T22:45:01Z</time>
					</trkpt>
					<trkpt lat="50.658350" lon="5.664080">
						<ele>180</ele>
						<time>2022-06-30T22:45:23Z</time>
					</trkpt>
					<trkpt lat="50.657860" lon="5.663610">
						<ele>180</ele>
						<time>2022-06-30T22:46:09Z</time>
					</trkpt>
					<trkpt lat="50.657330" lon="5.663080">
						<ele>180</ele>
						<time>2022-06-30T22:46:59Z</time>
					</trkpt>
					<trkpt lat="50.656820" lon="5.662550">
						<ele>182</ele>
						<time>2022-06-30T22:47:48Z</time>
					</trkpt>
					<trkpt lat="50.656300" lon="5.662010">
						<ele>180</ele>
						<time>2022-06-30T22:48:38Z</time>
					</trkpt>
					<trkpt lat="50.655970" lon="5.661650">
						<ele>179</ele>
						<time>2022-06-30T22:49:10Z</time>
					</trkpt>
					<trkpt lat="50.655850" lon="5.661490">
						<ele>179</ele>
						<time>2022-06-30T22:49:23Z</time>
					</trkpt>
					<trkpt lat="50.655570" lon="5.660320">
						<ele>179</ele>
						<time>2022-06-30T22:50:26Z</time>
					</trkpt>
					<trkpt lat="50.655250" lon="5.659000">
						<ele>178</ele>
						<time>2022-06-30T22:51:38Z</time>
					</trkpt>
					<trkpt lat="50.654920" lon="5.657530">
						<ele>173</ele>
						<time>2022-06-30T22:52:57Z</time>
					</trkpt>
					<trkpt lat="50.654640" lon="5.656660">
						<ele>172</ele>
						<time>2022-06-30T22:53:47Z</time>
					</trkpt>
					<trkpt lat="50.654510" lon="5.656220">
						<ele>173</ele>
						<time>2022-06-30T22:54:11Z</time>
					</trkpt>
					<trkpt lat="50.654360" lon="5.655810">
						<ele>174</ele>
						<time>2022-06-30T22:54:35Z</time>
					</trkpt>
					<trkpt lat="50.654110" lon="5.655300">
						<ele>176</ele>
						<time>2022-06-30T22:55:08Z</time>
					</trkpt>
					<trkpt lat="50.653820" lon="5.654920">
						<ele>176</ele>
						<time>2022-06-30T22:55:38Z</time>
					</trkpt>
					<trkpt lat="50.653450" lon="5.654470">
						<ele>178</ele>
						<time>2022-06-30T22:56:16Z</time>
					</trkpt>
					<trkpt lat="50.652940" lon="5.653910">
						<ele>176</ele>
						<time>2022-06-30T22:57:05Z</time>
					</trkpt>
					<trkpt lat="50.652410" lon="5.653090">
						<ele>174</ele>
						<time>2022-06-30T22:58:05Z</time>
					</trkpt>
					<trkpt lat="50.652010" lon="5.652200">
						<ele>172</ele>
						<time>2022-06-30T22:59:00Z</time>
					</trkpt>
					<trkpt lat="50.651730" lon="5.651330">
						<ele>172</ele>
						<time>2022-06-30T22:59:50Z</time>
					</trkpt>
					<trkpt lat="50.651560" lon="5.650680">
						<ele>171</ele>
						<time>2022-06-30T23:00:25Z</time>
					</trkpt>
					<trkpt lat="50.651400" lon="5.649930">
						<ele>170</ele>
						<time>2022-06-30T23:01:06Z</time>
					</trkpt>
					<trkpt lat="50.651300" lon="5.649160">
						<ele>169</ele>
						<time>2022-06-30T23:01:45Z</time>
					</trkpt>
					<trkpt lat="50.651180" lon="5.648710">
						<ele>168</ele>
						<time>2022-06-30T23:02:10Z</time>
					</trkpt>
					<trkpt lat="50.651030" lon="5.648410">
						<ele>167</ele>
						<time>2022-06-30T23:02:30Z</time>
					</trkpt>
					<trkpt lat="50.650770" lon="5.648120">
						<ele>166</ele>
						<time>2022-06-30T23:02:55Z</time>
					</trkpt>
					<trkpt lat="50.650450" lon="5.647820">
						<ele>165</ele>
						<time>2022-06-30T23:03:25Z</time>
					</trkpt>
					<trkpt lat="50.650040" lon="5.647530">
						<ele>164</ele>
						<time>2022-06-30T23:04:01Z</time>
					</trkpt>
					<trkpt lat="50.649810" lon="5.647230">
						<ele>162</ele>
						<time>2022-06-30T23:04:25Z</time>
					</trkpt>
					<trkpt lat="50.649480" lon="5.646830">
						<ele>161</ele>
						<time>2022-06-30T23:04:58Z</time>
					</trkpt>
					<trkpt lat="50.648920" lon="5.647840">
						<ele>169</ele>
						<time>2022-06-30T23:06:06Z</time>
					</trkpt>
					<trkpt lat="50.648720" lon="5.648230">
						<ele>168</ele>
						<time>2022-06-30T23:06:32Z</time>
					</trkpt>
					<trkpt lat="50.647820" lon="5.646910">
						<ele>156</ele>
						<time>2022-06-30T23:08:10Z</time>
					</trkpt>
					<trkpt lat="50.648010" lon="5.646170">
						<ele>155</ele>
						<time>2022-06-30T23:08:51Z</time>
					</trkpt>
					<trkpt lat="50.648250" lon="5.644990">
						<ele>153</ele>
						<time>2022-06-30T23:09:54Z</time>
					</trkpt>
					<trkpt lat="50.648270" lon="5.644450">
						<ele>148</ele>
						<time>2022-06-30T23:10:21Z</time>
					</trkpt>
					<trkpt lat="50.648350" lon="5.644050">
						<ele>143</ele>
						<time>2022-06-30T23:10:42Z</time>
					</trkpt>
					<trkpt lat="50.648390" lon="5.643580">
						<ele>137</ele>
						<time>2022-06-30T23:11:06Z</time>
					</trkpt>
					<trkpt lat="50.648290" lon="5.643140">
						<ele>131</ele>
						<time>2022-06-30T23:11:30Z</time>
					</trkpt>
					<trkpt lat="50.648210" lon="5.642050">
						<ele>116</ele>
						<time>2022-06-30T23:12:26Z</time>
					</trkpt>
					<trkpt lat="50.647740" lon="5.641210">
						<ele>111</ele>
						<time>2022-06-30T23:13:23Z</time>
					</trkpt>
					<trkpt lat="50.647360" lon="5.640610">
						<ele>110</ele>
						<time>2022-06-30T23:14:06Z</time>
					</trkpt>
					<trkpt lat="50.647250" lon="5.640430">
						<ele>111</ele>
						<time>2022-06-30T23:14:18Z</time>
					</trkpt>
					<trkpt lat="50.647110" lon="5.639330">
						<ele>102</ele>
						<time>2022-06-30T23:15:15Z</time>
					</trkpt>
					<trkpt lat="50.646970" lon="5.638670">
						<ele>98</ele>
						<time>2022-06-30T23:15:51Z</time>
					</trkpt>
					<trkpt lat="50.646800" lon="5.637830">
						<ele>91</ele>
						<time>2022-06-30T23:16:36Z</time>
					</trkpt>
					<trkpt lat="50.646730" lon="5.637630">
						<ele>90</ele>
						<time>2022-06-30T23:16:47Z</time>
					</trkpt>
					<trkpt lat="50.646240" lon="5.636830">
						<ele>83</ele>
						<time>2022-06-30T23:17:44Z</time>
					</trkpt>
					<trkpt lat="50.645790" lon="5.636110">
						<ele>75</ele>
						<time>2022-06-30T23:18:35Z</time>
					</trkpt>
					<trkpt lat="50.645670" lon="5.636110">
						<ele>74</ele>
						<time>2022-06-30T23:18:45Z</time>
					</trkpt>
					<trkpt lat="50.645280" lon="5.636000">
						<ele>71</ele>
						<time>2022-06-30T23:19:16Z</time>
					</trkpt>
					<trkpt lat="50.645100" lon="5.635840">
						<ele>68</ele>
						<time>2022-06-30T23:19:33Z</time>
					</trkpt>
					<trkpt lat="50.644940" lon="5.635390">
						<ele>69</ele>
						<time>2022-06-30T23:19:59Z</time>
					</trkpt>
					</trkseg>
				
						<name>15057131-15042005-Troncon_06</name>
						<trkseg>
					<trkpt lat="50.644940" lon="5.635380">
						<ele>69</ele>
						<time>2022-07-01T09:11:03Z</time>
					</trkpt>
					<trkpt lat="50.645510" lon="5.634830">
						<ele>69</ele>
						<time>2022-07-01T09:11:57Z</time>
					</trkpt>
					<trkpt lat="50.645630" lon="5.634580">
						<ele>69</ele>
						<time>2022-07-01T09:12:12Z</time>
					</trkpt>
					<trkpt lat="50.645740" lon="5.634260">
						<ele>69</ele>
						<time>2022-07-01T09:12:31Z</time>
					</trkpt>
					<trkpt lat="50.646150" lon="5.633290">
						<ele>73</ele>
						<time>2022-07-01T09:13:30Z</time>
					</trkpt>
					<trkpt lat="50.646210" lon="5.633010">
						<ele>74</ele>
						<time>2022-07-01T09:13:45Z</time>
					</trkpt>
					<trkpt lat="50.645670" lon="5.632260">
						<ele>77</ele>
						<time>2022-07-01T09:14:43Z</time>
					</trkpt>
					<trkpt lat="50.645440" lon="5.631700">
						<ele>78</ele>
						<time>2022-07-01T09:15:17Z</time>
					</trkpt>
					<trkpt lat="50.645000" lon="5.630790">
						<ele>80</ele>
						<time>2022-07-01T09:16:15Z</time>
					</trkpt>
					<trkpt lat="50.644440" lon="5.629920">
						<ele>80</ele>
						<time>2022-07-01T09:17:18Z</time>
					</trkpt>
					<trkpt lat="50.644290" lon="5.629510">
						<ele>80</ele>
						<time>2022-07-01T09:17:42Z</time>
					</trkpt>
					<trkpt lat="50.644140" lon="5.628940">
						<ele>80</ele>
						<time>2022-07-01T09:18:13Z</time>
					</trkpt>
					<trkpt lat="50.643550" lon="5.626390">
						<ele>78</ele>
						<time>2022-07-01T09:20:31Z</time>
					</trkpt>
					<trkpt lat="50.643490" lon="5.626080">
						<ele>78</ele>
						<time>2022-07-01T09:20:47Z</time>
					</trkpt>
					<trkpt lat="50.643470" lon="5.625900">
						<ele>77</ele>
						<time>2022-07-01T09:20:57Z</time>
					</trkpt>
					<trkpt lat="50.643460" lon="5.624760">
						<ele>76</ele>
						<time>2022-07-01T09:21:54Z</time>
					</trkpt>
					<trkpt lat="50.643650" lon="5.623290">
						<ele>69</ele>
						<time>2022-07-01T09:23:11Z</time>
					</trkpt>
					<trkpt lat="50.643960" lon="5.622490">
						<ele>67</ele>
						<time>2022-07-01T09:23:58Z</time>
					</trkpt>
					<trkpt lat="50.643990" lon="5.621960">
						<ele>67</ele>
						<time>2022-07-01T09:24:25Z</time>
					</trkpt>
					<trkpt lat="50.643910" lon="5.621670">
						<ele>68</ele>
						<time>2022-07-01T09:24:41Z</time>
					</trkpt>
					<trkpt lat="50.643790" lon="5.621050">
						<ele>68</ele>
						<time>2022-07-01T09:25:14Z</time>
					</trkpt>
					<trkpt lat="50.643380" lon="5.618790">
						<ele>68</ele>
						<time>2022-07-01T09:27:14Z</time>
					</trkpt>
					<trkpt lat="50.643190" lon="5.617910">
						<ele>69</ele>
						<time>2022-07-01T09:28:01Z</time>
					</trkpt>
					<trkpt lat="50.642930" lon="5.616860">
						<ele>68</ele>
						<time>2022-07-01T09:28:58Z</time>
					</trkpt>
					<trkpt lat="50.642750" lon="5.615920">
						<ele>67</ele>
						<time>2022-07-01T09:29:48Z</time>
					</trkpt>
					<trkpt lat="50.642730" lon="5.615710">
						<ele>67</ele>
						<time>2022-07-01T09:29:59Z</time>
					</trkpt>
					<trkpt lat="50.642750" lon="5.613590">
						<ele>70</ele>
						<time>2022-07-01T09:31:46Z</time>
					</trkpt>
					<trkpt lat="50.642740" lon="5.612730">
						<ele>71</ele>
						<time>2022-07-01T09:32:30Z</time>
					</trkpt>
					<trkpt lat="50.642610" lon="5.610950">
						<ele>71</ele>
						<time>2022-07-01T09:34:01Z</time>
					</trkpt>
					<trkpt lat="50.643020" lon="5.610820">
						<ele>67</ele>
						<time>2022-07-01T09:34:34Z</time>
					</trkpt>
					<trkpt lat="50.643690" lon="5.610530">
						<ele>62</ele>
						<time>2022-07-01T09:35:30Z</time>
					</trkpt>
					<trkpt lat="50.644340" lon="5.610240">
						<ele>60</ele>
						<time>2022-07-01T09:36:24Z</time>
					</trkpt>
					<trkpt lat="50.644540" lon="5.610110">
						<ele>60</ele>
						<time>2022-07-01T09:36:41Z</time>
					</trkpt>
					<trkpt lat="50.644690" lon="5.609950">
						<ele>61</ele>
						<time>2022-07-01T09:36:56Z</time>
					</trkpt>
					<trkpt lat="50.644830" lon="5.609720">
						<ele>61</ele>
						<time>2022-07-01T09:37:12Z</time>
					</trkpt>
					<trkpt lat="50.645020" lon="5.609240">
						<ele>63</ele>
						<time>2022-07-01T09:37:41Z</time>
					</trkpt>
					<trkpt lat="50.645140" lon="5.609010">
						<ele>62</ele>
						<time>2022-07-01T09:37:56Z</time>
					</trkpt>
					<trkpt lat="50.645740" lon="5.608530">
						<ele>62</ele>
						<time>2022-07-01T09:38:50Z</time>
					</trkpt>
					<trkpt lat="50.645860" lon="5.608390">
						<ele>62</ele>
						<time>2022-07-01T09:39:02Z</time>
					</trkpt>
					<trkpt lat="50.645930" lon="5.608200">
						<ele>63</ele>
						<time>2022-07-01T09:39:13Z</time>
					</trkpt>
					<trkpt lat="50.646170" lon="5.607070">
						<ele>65</ele>
						<time>2022-07-01T09:40:13Z</time>
					</trkpt>
					<trkpt lat="50.646290" lon="5.606220">
						<ele>64</ele>
						<time>2022-07-01T09:40:58Z</time>
					</trkpt>
					<trkpt lat="50.646330" lon="5.605320">
						<ele>63</ele>
						<time>2022-07-01T09:41:44Z</time>
					</trkpt>
					<trkpt lat="50.646330" lon="5.604780">
						<ele>64</ele>
						<time>2022-07-01T09:42:11Z</time>
					</trkpt>
					<trkpt lat="50.646290" lon="5.604450">
						<ele>65</ele>
						<time>2022-07-01T09:42:28Z</time>
					</trkpt>
					<trkpt lat="50.647330" lon="5.603640">
						<ele>68</ele>
						<time>2022-07-01T09:44:01Z</time>
					</trkpt>
					<trkpt lat="50.647440" lon="5.603530">
						<ele>68</ele>
						<time>2022-07-01T09:44:11Z</time>
					</trkpt>
					<trkpt lat="50.647790" lon="5.602990">
						<ele>65</ele>
						<time>2022-07-01T09:44:50Z</time>
					</trkpt>
					<trkpt lat="50.647850" lon="5.602840">
						<ele>64</ele>
						<time>2022-07-01T09:44:59Z</time>
					</trkpt>
					<trkpt lat="50.648570" lon="5.602270">
						<ele>62</ele>
						<time>2022-07-01T09:46:04Z</time>
					</trkpt>
					<trkpt lat="50.648420" lon="5.601640">
						<ele>61</ele>
						<time>2022-07-01T09:46:38Z</time>
					</trkpt>
					<trkpt lat="50.648060" lon="5.599080">
						<ele>61</ele>
						<time>2022-07-01T09:48:51Z</time>
					</trkpt>
					<trkpt lat="50.647620" lon="5.596610">
						<ele>62</ele>
						<time>2022-07-01T09:51:02Z</time>
					</trkpt>
					<trkpt lat="50.647570" lon="5.596430">
						<ele>62</ele>
						<time>2022-07-01T09:51:12Z</time>
					</trkpt>
					<trkpt lat="50.647650" lon="5.596380">
						<ele>62</ele>
						<time>2022-07-01T09:51:18Z</time>
					</trkpt>
					<trkpt lat="50.647460" lon="5.595380">
						<ele>63</ele>
						<time>2022-07-01T09:52:11Z</time>
					</trkpt>
					<trkpt lat="50.646470" lon="5.589750">
						<ele>61</ele>
						<time>2022-07-01T09:57:08Z</time>
					</trkpt>
					<trkpt lat="50.645780" lon="5.586000">
						<ele>65</ele>
						<time>2022-07-01T10:00:26Z</time>
					</trkpt>
					<trkpt lat="50.645590" lon="5.584880">
						<ele>63</ele>
						<time>2022-07-01T10:01:25Z</time>
					</trkpt>
					<trkpt lat="50.645320" lon="5.583650">
						<ele>65</ele>
						<time>2022-07-01T10:02:31Z</time>
					</trkpt>
					<trkpt lat="50.645050" lon="5.582660">
						<ele>64</ele>
						<time>2022-07-01T10:03:26Z</time>
					</trkpt>
					<trkpt lat="50.644900" lon="5.582280">
						<ele>64</ele>
						<time>2022-07-01T10:03:49Z</time>
					</trkpt>
					<trkpt lat="50.644680" lon="5.581790">
						<ele>64</ele>
						<time>2022-07-01T10:04:19Z</time>
					</trkpt>
					<trkpt lat="50.644320" lon="5.581030">
						<ele>67</ele>
						<time>2022-07-01T10:05:07Z</time>
					</trkpt>
					<trkpt lat="50.644000" lon="5.580410">
						<ele>68</ele>
						<time>2022-07-01T10:05:48Z</time>
					</trkpt>
					<trkpt lat="50.643650" lon="5.579880">
						<ele>67</ele>
						<time>2022-07-01T10:06:27Z</time>
					</trkpt>
					<trkpt lat="50.643420" lon="5.579640">
						<ele>65</ele>
						<time>2022-07-01T10:06:49Z</time>
					</trkpt>
					<trkpt lat="50.642980" lon="5.579310">
						<ele>65</ele>
						<time>2022-07-01T10:07:28Z</time>
					</trkpt>
					<trkpt lat="50.642650" lon="5.579160">
						<ele>67</ele>
						<time>2022-07-01T10:07:55Z</time>
					</trkpt>
					<trkpt lat="50.641380" lon="5.578790">
						<ele>64</ele>
						<time>2022-07-01T10:09:39Z</time>
					</trkpt>
					<trkpt lat="50.640780" lon="5.578670">
						<ele>64</ele>
						<time>2022-07-01T10:10:27Z</time>
					</trkpt>
					<trkpt lat="50.640710" lon="5.578690">
						<ele>64</ele>
						<time>2022-07-01T10:10:33Z</time>
					</trkpt>
					<trkpt lat="50.640250" lon="5.578550">
						<ele>65</ele>
						<time>2022-07-01T10:11:10Z</time>
					</trkpt>
					<trkpt lat="50.639290" lon="5.578330">
						<ele>64</ele>
						<time>2022-07-01T10:12:28Z</time>
					</trkpt>
					<trkpt lat="50.638950" lon="5.578400">
						<ele>64</ele>
						<time>2022-07-01T10:12:56Z</time>
					</trkpt>
					<trkpt lat="50.638780" lon="5.578360">
						<ele>64</ele>
						<time>2022-07-01T10:13:09Z</time>
					</trkpt>
					<trkpt lat="50.638590" lon="5.578130">
						<ele>64</ele>
						<time>2022-07-01T10:13:28Z</time>
					</trkpt>
					<trkpt lat="50.638380" lon="5.578060">
						<ele>64</ele>
						<time>2022-07-01T10:13:46Z</time>
					</trkpt>
					<trkpt lat="50.638360" lon="5.578140">
						<ele>63</ele>
						<time>2022-07-01T10:13:50Z</time>
					</trkpt>
					<trkpt lat="50.638080" lon="5.578030">
						<ele>66</ele>
						<time>2022-07-01T10:14:13Z</time>
					</trkpt>
					<trkpt lat="50.637790" lon="5.577850">
						<ele>70</ele>
						<time>2022-07-01T10:14:38Z</time>
					</trkpt>
					<trkpt lat="50.638470" lon="5.575280">
						<ele>81</ele>
						<time>2022-07-01T10:16:59Z</time>
					</trkpt>
					<trkpt lat="50.638700" lon="5.574500">
						<ele>74</ele>
						<time>2022-07-01T10:17:43Z</time>
					</trkpt>
					<trkpt lat="50.638710" lon="5.574370">
						<ele>74</ele>
						<time>2022-07-01T10:17:50Z</time>
					</trkpt>
					<trkpt lat="50.638700" lon="5.574220">
						<ele>73</ele>
						<time>2022-07-01T10:17:57Z</time>
					</trkpt>
					<trkpt lat="50.638770" lon="5.574070">
						<ele>72</ele>
						<time>2022-07-01T10:18:07Z</time>
					</trkpt>
					<trkpt lat="50.638740" lon="5.573910">
						<ele>71</ele>
						<time>2022-07-01T10:18:15Z</time>
					</trkpt>
					<trkpt lat="50.638750" lon="5.573570">
						<ele>69</ele>
						<time>2022-07-01T10:18:33Z</time>
					</trkpt>
					<trkpt lat="50.638740" lon="5.573440">
						<ele>68</ele>
						<time>2022-07-01T10:18:39Z</time>
					</trkpt>
					<trkpt lat="50.638680" lon="5.573490">
						<ele>69</ele>
						<time>2022-07-01T10:18:45Z</time>
					</trkpt>
					<trkpt lat="50.638670" lon="5.573360">
						<ele>68</ele>
						<time>2022-07-01T10:18:51Z</time>
					</trkpt>
					<trkpt lat="50.638490" lon="5.573260">
						<ele>67</ele>
						<time>2022-07-01T10:19:07Z</time>
					</trkpt>
					<trkpt lat="50.638440" lon="5.573100">
						<ele>67</ele>
						<time>2022-07-01T10:19:16Z</time>
					</trkpt>
					<trkpt lat="50.638270" lon="5.572700">
						<ele>64</ele>
						<time>2022-07-01T10:19:40Z</time>
					</trkpt>
					<trkpt lat="50.637890" lon="5.571890">
						<ele>66</ele>
						<time>2022-07-01T10:20:31Z</time>
					</trkpt>
					<trkpt lat="50.637430" lon="5.570850">
						<ele>69</ele>
						<time>2022-07-01T10:21:36Z</time>
					</trkpt>
					<trkpt lat="50.637300" lon="5.570430">
						<ele>71</ele>
						<time>2022-07-01T10:21:59Z</time>
					</trkpt>
					<trkpt lat="50.637290" lon="5.570240">
						<ele>71</ele>
						<time>2022-07-01T10:22:09Z</time>
					</trkpt>
					<trkpt lat="50.637170" lon="5.569640">
						<ele>71</ele>
						<time>2022-07-01T10:22:41Z</time>
					</trkpt>
					</trkseg>
				
						<name>15048745-Troncon_09a</name>
						<trkseg>
					<trkpt lat="50.637170" lon="5.569640">
						<ele>71</ele>
						<time>2022-06-30T16:09:11Z</time>
					</trkpt>
					<trkpt lat="50.636950" lon="5.569610">
						<ele>71</ele>
						<time>2022-06-30T16:09:29Z</time>
					</trkpt>
					<trkpt lat="50.636310" lon="5.569990">
						<ele>69</ele>
						<time>2022-06-30T16:10:23Z</time>
					</trkpt>
					<trkpt lat="50.636100" lon="5.570120">
						<ele>69</ele>
						<time>2022-06-30T16:10:42Z</time>
					</trkpt>
					<trkpt lat="50.635830" lon="5.570260">
						<ele>69</ele>
						<time>2022-06-30T16:11:04Z</time>
					</trkpt>
					<trkpt lat="50.635900" lon="5.570710">
						<ele>71</ele>
						<time>2022-06-30T16:11:28Z</time>
					</trkpt>
					<trkpt lat="50.636050" lon="5.571480">
						<ele>71</ele>
						<time>2022-06-30T16:12:09Z</time>
					</trkpt>
					<trkpt lat="50.636180" lon="5.572240">
						<ele>67</ele>
						<time>2022-06-30T16:12:49Z</time>
					</trkpt>
					<trkpt lat="50.635850" lon="5.572390">
						<ele>67</ele>
						<time>2022-06-30T16:13:16Z</time>
					</trkpt>
					<trkpt lat="50.635700" lon="5.572410">
						<ele>67</ele>
						<time>2022-06-30T16:13:28Z</time>
					</trkpt>
					<trkpt lat="50.635180" lon="5.572070">
						<ele>68</ele>
						<time>2022-06-30T16:14:13Z</time>
					</trkpt>
					<trkpt lat="50.634780" lon="5.571820">
						<ele>68</ele>
						<time>2022-06-30T16:14:48Z</time>
					</trkpt>
					<trkpt lat="50.634330" lon="5.571540">
						<ele>67</ele>
						<time>2022-06-30T16:15:26Z</time>
					</trkpt>
					<trkpt lat="50.633780" lon="5.571260">
						<ele>66</ele>
						<time>2022-06-30T16:16:13Z</time>
					</trkpt>
					<trkpt lat="50.633500" lon="5.571170">
						<ele>65</ele>
						<time>2022-06-30T16:16:36Z</time>
					</trkpt>
					<trkpt lat="50.633120" lon="5.571040">
						<ele>65</ele>
						<time>2022-06-30T16:17:07Z</time>
					</trkpt>
					<trkpt lat="50.632720" lon="5.570920">
						<ele>66</ele>
						<time>2022-06-30T16:17:39Z</time>
					</trkpt>
					<trkpt lat="50.632710" lon="5.571140">
						<ele>64</ele>
						<time>2022-06-30T16:17:51Z</time>
					</trkpt>
					<trkpt lat="50.632680" lon="5.571490">
						<ele>61</ele>
						<time>2022-06-30T16:18:09Z</time>
					</trkpt>
					<trkpt lat="50.632570" lon="5.572610">
						<ele>53</ele>
						<time>2022-06-30T16:19:06Z</time>
					</trkpt>
					<trkpt lat="50.632470" lon="5.573820">
						<ele>61</ele>
						<time>2022-06-30T16:20:08Z</time>
					</trkpt>
					<trkpt lat="50.632420" lon="5.573960">
						<ele>63</ele>
						<time>2022-06-30T16:20:16Z</time>
					</trkpt>
					<trkpt lat="50.632370" lon="5.574050">
						<ele>64</ele>
						<time>2022-06-30T16:20:22Z</time>
					</trkpt>
					<trkpt lat="50.632280" lon="5.574020">
						<ele>64</ele>
						<time>2022-06-30T16:20:30Z</time>
					</trkpt>
					<trkpt lat="50.632130" lon="5.574020">
						<ele>64</ele>
						<time>2022-06-30T16:20:42Z</time>
					</trkpt>
					<trkpt lat="50.632000" lon="5.573920">
						<ele>63</ele>
						<time>2022-06-30T16:20:53Z</time>
					</trkpt>
					<trkpt lat="50.631890" lon="5.573780">
						<ele>63</ele>
						<time>2022-06-30T16:21:05Z</time>
					</trkpt>
					<trkpt lat="50.631250" lon="5.573780">
						<ele>63</ele>
						<time>2022-06-30T16:21:56Z</time>
					</trkpt>
					<trkpt lat="50.630770" lon="5.573820">
						<ele>64</ele>
						<time>2022-06-30T16:22:34Z</time>
					</trkpt>
					<trkpt lat="50.630400" lon="5.573910">
						<ele>66</ele>
						<time>2022-06-30T16:23:04Z</time>
					</trkpt>
					<trkpt lat="50.630330" lon="5.573970">
						<ele>66</ele>
						<time>2022-06-30T16:23:11Z</time>
					</trkpt>
					<trkpt lat="50.630280" lon="5.573950">
						<ele>66</ele>
						<time>2022-06-30T16:23:15Z</time>
					</trkpt>
					<trkpt lat="50.629970" lon="5.574060">
						<ele>67</ele>
						<time>2022-06-30T16:23:40Z</time>
					</trkpt>
					<trkpt lat="50.629610" lon="5.574260">
						<ele>63</ele>
						<time>2022-06-30T16:24:11Z</time>
					</trkpt>
					<trkpt lat="50.629120" lon="5.574600">
						<ele>60</ele>
						<time>2022-06-30T16:24:54Z</time>
					</trkpt>
					<trkpt lat="50.628780" lon="5.574840">
						<ele>61</ele>
						<time>2022-06-30T16:25:23Z</time>
					</trkpt>
					<trkpt lat="50.628720" lon="5.575030">
						<ele>63</ele>
						<time>2022-06-30T16:25:34Z</time>
					</trkpt>
					<trkpt lat="50.628690" lon="5.575290">
						<ele>64</ele>
						<time>2022-06-30T16:25:48Z</time>
					</trkpt>
					<trkpt lat="50.628630" lon="5.575470">
						<ele>65</ele>
						<time>2022-06-30T16:25:58Z</time>
					</trkpt>
					<trkpt lat="50.628360" lon="5.575680">
						<ele>67</ele>
						<time>2022-06-30T16:26:22Z</time>
					</trkpt>
					<trkpt lat="50.628000" lon="5.575920">
						<ele>71</ele>
						<time>2022-06-30T16:26:53Z</time>
					</trkpt>
					<trkpt lat="50.627890" lon="5.576010">
						<ele>72</ele>
						<time>2022-06-30T16:27:03Z</time>
					</trkpt>
					<trkpt lat="50.627730" lon="5.575880">
						<ele>73</ele>
						<time>2022-06-30T16:27:18Z</time>
					</trkpt>
					<trkpt lat="50.627590" lon="5.575850">
						<ele>74</ele>
						<time>2022-06-30T16:27:29Z</time>
					</trkpt>
					<trkpt lat="50.627300" lon="5.576020">
						<ele>72</ele>
						<time>2022-06-30T16:27:54Z</time>
					</trkpt>
					<trkpt lat="50.626820" lon="5.576390">
						<ele>66</ele>
						<time>2022-06-30T16:28:37Z</time>
					</trkpt>
					<trkpt lat="50.626350" lon="5.576750">
						<ele>64</ele>
						<time>2022-06-30T16:29:18Z</time>
					</trkpt>
					<trkpt lat="50.625880" lon="5.577120">
						<ele>64</ele>
						<time>2022-06-30T16:30:01Z</time>
					</trkpt>
					<trkpt lat="50.625610" lon="5.577320">
						<ele>65</ele>
						<time>2022-06-30T16:30:24Z</time>
					</trkpt>
					<trkpt lat="50.625480" lon="5.577630">
						<ele>66</ele>
						<time>2022-06-30T16:30:43Z</time>
					</trkpt>
					<trkpt lat="50.625300" lon="5.577710">
						<ele>66</ele>
						<time>2022-06-30T16:30:58Z</time>
					</trkpt>
					<trkpt lat="50.624940" lon="5.578020">
						<ele>67</ele>
						<time>2022-06-30T16:31:31Z</time>
					</trkpt>
					<trkpt lat="50.624850" lon="5.578260">
						<ele>67</ele>
						<time>2022-06-30T16:31:45Z</time>
					</trkpt>
					<trkpt lat="50.624880" lon="5.578770">
						<ele>67</ele>
						<time>2022-06-30T16:32:11Z</time>
					</trkpt>
					<trkpt lat="50.624990" lon="5.579740">
						<ele>66</ele>
						<time>2022-06-30T16:33:01Z</time>
					</trkpt>
					<trkpt lat="50.624550" lon="5.579810">
						<ele>64</ele>
						<time>2022-06-30T16:33:37Z</time>
					</trkpt>
					<trkpt lat="50.624200" lon="5.579860">
						<ele>63</ele>
						<time>2022-06-30T16:34:05Z</time>
					</trkpt>
					<trkpt lat="50.624010" lon="5.579930">
						<ele>62</ele>
						<time>2022-06-30T16:34:20Z</time>
					</trkpt>
					<trkpt lat="50.623800" lon="5.580030">
						<ele>61</ele>
						<time>2022-06-30T16:34:38Z</time>
					</trkpt>
					<trkpt lat="50.623380" lon="5.580330">
						<ele>61</ele>
						<time>2022-06-30T16:35:15Z</time>
					</trkpt>
					<trkpt lat="50.623060" lon="5.580630">
						<ele>61</ele>
						<time>2022-06-30T16:35:45Z</time>
					</trkpt>
					<trkpt lat="50.622900" lon="5.580830">
						<ele>62</ele>
						<time>2022-06-30T16:36:01Z</time>
					</trkpt>
					<trkpt lat="50.622740" lon="5.581160">
						<ele>63</ele>
						<time>2022-06-30T16:36:22Z</time>
					</trkpt>
					<trkpt lat="50.622510" lon="5.581600">
						<ele>65</ele>
						<time>2022-06-30T16:36:51Z</time>
					</trkpt>
					<trkpt lat="50.622230" lon="5.582150">
						<ele>66</ele>
						<time>2022-06-30T16:37:27Z</time>
					</trkpt>
					<trkpt lat="50.622110" lon="5.582220">
						<ele>65</ele>
						<time>2022-06-30T16:37:37Z</time>
					</trkpt>
					<trkpt lat="50.622050" lon="5.582300">
						<ele>65</ele>
						<time>2022-06-30T16:37:44Z</time>
					</trkpt>
					<trkpt lat="50.621530" lon="5.581610">
						<ele>61</ele>
						<time>2022-06-30T16:38:38Z</time>
					</trkpt>
					<trkpt lat="50.621420" lon="5.581730">
						<ele>63</ele>
						<time>2022-06-30T16:38:49Z</time>
					</trkpt>
					<trkpt lat="50.621350" lon="5.581750">
						<ele>63</ele>
						<time>2022-06-30T16:38:54Z</time>
					</trkpt>
					<trkpt lat="50.621080" lon="5.582210">
						<ele>67</ele>
						<time>2022-06-30T16:39:26Z</time>
					</trkpt>
					<trkpt lat="50.620860" lon="5.582640">
						<ele>68</ele>
						<time>2022-06-30T16:39:54Z</time>
					</trkpt>
					<trkpt lat="50.620890" lon="5.582790">
						<ele>67</ele>
						<time>2022-06-30T16:40:02Z</time>
					</trkpt>
					<trkpt lat="50.620730" lon="5.583180">
						<ele>66</ele>
						<time>2022-06-30T16:40:26Z</time>
					</trkpt>
					<trkpt lat="50.620560" lon="5.583750">
						<ele>67</ele>
						<time>2022-06-30T16:40:58Z</time>
					</trkpt>
					<trkpt lat="50.620410" lon="5.584420">
						<ele>69</ele>
						<time>2022-06-30T16:41:34Z</time>
					</trkpt>
					<trkpt lat="50.620230" lon="5.585210">
						<ele>68</ele>
						<time>2022-06-30T16:42:17Z</time>
					</trkpt>
					<trkpt lat="50.620020" lon="5.585870">
						<ele>65</ele>
						<time>2022-06-30T16:42:54Z</time>
					</trkpt>
					<trkpt lat="50.619840" lon="5.586450">
						<ele>64</ele>
						<time>2022-06-30T16:43:27Z</time>
					</trkpt>
					<trkpt lat="50.619730" lon="5.586750">
						<ele>64</ele>
						<time>2022-06-30T16:43:44Z</time>
					</trkpt>
					<trkpt lat="50.619560" lon="5.587180">
						<ele>66</ele>
						<time>2022-06-30T16:44:10Z</time>
					</trkpt>
					<trkpt lat="50.619370" lon="5.587680">
						<ele>68</ele>
						<time>2022-06-30T16:44:40Z</time>
					</trkpt>
					<trkpt lat="50.619260" lon="5.587940">
						<ele>68</ele>
						<time>2022-06-30T16:44:56Z</time>
					</trkpt>
					<trkpt lat="50.619150" lon="5.588110">
						<ele>68</ele>
						<time>2022-06-30T16:45:08Z</time>
					</trkpt>
					<trkpt lat="50.619100" lon="5.588040">
						<ele>68</ele>
						<time>2022-06-30T16:45:13Z</time>
					</trkpt>
					<trkpt lat="50.618970" lon="5.588130">
						<ele>69</ele>
						<time>2022-06-30T16:45:25Z</time>
					</trkpt>
					<trkpt lat="50.618280" lon="5.588480">
						<ele>69</ele>
						<time>2022-06-30T16:46:23Z</time>
					</trkpt>
					<trkpt lat="50.617580" lon="5.588810">
						<ele>66</ele>
						<time>2022-06-30T16:47:21Z</time>
					</trkpt>
					<trkpt lat="50.617270" lon="5.588390">
						<ele>64</ele>
						<time>2022-06-30T16:47:54Z</time>
					</trkpt>
					<trkpt lat="50.616960" lon="5.587980">
						<ele>64</ele>
						<time>2022-06-30T16:48:26Z</time>
					</trkpt>
					<trkpt lat="50.616880" lon="5.587970">
						<ele>64</ele>
						<time>2022-06-30T16:48:33Z</time>
					</trkpt>
					<trkpt lat="50.616740" lon="5.588090">
						<ele>65</ele>
						<time>2022-06-30T16:48:46Z</time>
					</trkpt>
					<trkpt lat="50.616620" lon="5.588230">
						<ele>65</ele>
						<time>2022-06-30T16:48:58Z</time>
					</trkpt>
					<trkpt lat="50.616480" lon="5.588240">
						<ele>64</ele>
						<time>2022-06-30T16:49:09Z</time>
					</trkpt>
					<trkpt lat="50.616430" lon="5.588280">
						<ele>64</ele>
						<time>2022-06-30T16:49:13Z</time>
					</trkpt>
					<trkpt lat="50.616310" lon="5.588050">
						<ele>64</ele>
						<time>2022-06-30T16:49:28Z</time>
					</trkpt>
					<trkpt lat="50.616100" lon="5.588310">
						<ele>64</ele>
						<time>2022-06-30T16:49:50Z</time>
					</trkpt>
					<trkpt lat="50.616000" lon="5.588380">
						<ele>64</ele>
						<time>2022-06-30T16:49:59Z</time>
					</trkpt>
					<trkpt lat="50.615800" lon="5.588410">
						<ele>63</ele>
						<time>2022-06-30T16:50:15Z</time>
					</trkpt>
					<trkpt lat="50.615600" lon="5.588530">
						<ele>64</ele>
						<time>2022-06-30T16:50:32Z</time>
					</trkpt>
					<trkpt lat="50.615420" lon="5.588880">
						<ele>65</ele>
						<time>2022-06-30T16:50:55Z</time>
					</trkpt>
					<trkpt lat="50.615380" lon="5.589180">
						<ele>66</ele>
						<time>2022-06-30T16:51:10Z</time>
					</trkpt>
					<trkpt lat="50.615260" lon="5.589520">
						<ele>66</ele>
						<time>2022-06-30T16:51:30Z</time>
					</trkpt>
					<trkpt lat="50.615130" lon="5.590210">
						<ele>66</ele>
						<time>2022-06-30T16:52:07Z</time>
					</trkpt>
					<trkpt lat="50.615020" lon="5.590770">
						<ele>64</ele>
						<time>2022-06-30T16:52:36Z</time>
					</trkpt>
					<trkpt lat="50.614850" lon="5.591800">
						<ele>64</ele>
						<time>2022-06-30T16:53:30Z</time>
					</trkpt>
					<trkpt lat="50.614740" lon="5.592420">
						<ele>65</ele>
						<time>2022-06-30T16:54:03Z</time>
					</trkpt>
					<trkpt lat="50.614630" lon="5.593210">
						<ele>66</ele>
						<time>2022-06-30T16:54:44Z</time>
					</trkpt>
					<trkpt lat="50.614480" lon="5.594210">
						<ele>68</ele>
						<time>2022-06-30T16:55:36Z</time>
					</trkpt>
					<trkpt lat="50.614400" lon="5.594790">
						<ele>67</ele>
						<time>2022-06-30T16:56:07Z</time>
					</trkpt>
					<trkpt lat="50.614550" lon="5.596250">
						<ele>67</ele>
						<time>2022-06-30T16:57:22Z</time>
					</trkpt>
					<trkpt lat="50.614660" lon="5.597410">
						<ele>68</ele>
						<time>2022-06-30T16:58:21Z</time>
					</trkpt>
					<trkpt lat="50.614720" lon="5.598080">
						<ele>68</ele>
						<time>2022-06-30T16:58:56Z</time>
					</trkpt>
					<trkpt lat="50.614710" lon="5.598610">
						<ele>66</ele>
						<time>2022-06-30T16:59:23Z</time>
					</trkpt>
					<trkpt lat="50.614660" lon="5.598950">
						<ele>66</ele>
						<time>2022-06-30T16:59:40Z</time>
					</trkpt>
					<trkpt lat="50.614320" lon="5.599400">
						<ele>67</ele>
						<time>2022-06-30T17:00:16Z</time>
					</trkpt>
					<trkpt lat="50.614230" lon="5.600020">
						<ele>68</ele>
						<time>2022-06-30T17:00:48Z</time>
					</trkpt>
					<trkpt lat="50.613790" lon="5.599850">
						<ele>68</ele>
						<time>2022-06-30T17:01:25Z</time>
					</trkpt>
					<trkpt lat="50.613790" lon="5.599770">
						<ele>68</ele>
						<time>2022-06-30T17:01:29Z</time>
					</trkpt>
					<trkpt lat="50.613750" lon="5.599660">
						<ele>68</ele>
						<time>2022-06-30T17:01:35Z</time>
					</trkpt>
					<trkpt lat="50.613750" lon="5.599480">
						<ele>68</ele>
						<time>2022-06-30T17:01:44Z</time>
					</trkpt>
					<trkpt lat="50.613520" lon="5.599400">
						<ele>67</ele>
						<time>2022-06-30T17:02:03Z</time>
					</trkpt>
					<trkpt lat="50.613500" lon="5.599570">
						<ele>67</ele>
						<time>2022-06-30T17:02:12Z</time>
					</trkpt>
					<trkpt lat="50.613420" lon="5.599660">
						<ele>67</ele>
						<time>2022-06-30T17:02:20Z</time>
					</trkpt>
					<trkpt lat="50.613360" lon="5.599860">
						<ele>67</ele>
						<time>2022-06-30T17:02:31Z</time>
					</trkpt>
					<trkpt lat="50.613230" lon="5.600190">
						<ele>67</ele>
						<time>2022-06-30T17:02:51Z</time>
					</trkpt>
					<trkpt lat="50.613180" lon="5.600260">
						<ele>67</ele>
						<time>2022-06-30T17:02:56Z</time>
					</trkpt>
					<trkpt lat="50.613120" lon="5.600220">
						<ele>67</ele>
						<time>2022-06-30T17:03:01Z</time>
					</trkpt>
					<trkpt lat="50.613070" lon="5.600310">
						<ele>67</ele>
						<time>2022-06-30T17:03:07Z</time>
					</trkpt>
					<trkpt lat="50.613000" lon="5.600250">
						<ele>67</ele>
						<time>2022-06-30T17:03:14Z</time>
					</trkpt>
					<trkpt lat="50.612620" lon="5.601040">
						<ele>67</ele>
						<time>2022-06-30T17:04:04Z</time>
					</trkpt>
					<trkpt lat="50.612610" lon="5.601260">
						<ele>67</ele>
						<time>2022-06-30T17:04:15Z</time>
					</trkpt>
					<trkpt lat="50.612330" lon="5.601060">
						<ele>67</ele>
						<time>2022-06-30T17:04:40Z</time>
					</trkpt>
					<trkpt lat="50.612240" lon="5.600980">
						<ele>67</ele>
						<time>2022-06-30T17:04:48Z</time>
					</trkpt>
					<trkpt lat="50.612030" lon="5.600560">
						<ele>66</ele>
						<time>2022-06-30T17:05:15Z</time>
					</trkpt>
					<trkpt lat="50.611740" lon="5.599910">
						<ele>66</ele>
						<time>2022-06-30T17:05:56Z</time>
					</trkpt>
					<trkpt lat="50.611510" lon="5.599580">
						<ele>65</ele>
						<time>2022-06-30T17:06:21Z</time>
					</trkpt>
					<trkpt lat="50.611360" lon="5.599460">
						<ele>65</ele>
						<time>2022-06-30T17:06:34Z</time>
					</trkpt>
					<trkpt lat="50.611280" lon="5.599480">
						<ele>65</ele>
						<time>2022-06-30T17:06:41Z</time>
					</trkpt>
					<trkpt lat="50.611230" lon="5.599550">
						<ele>65</ele>
						<time>2022-06-30T17:06:46Z</time>
					</trkpt>
					<trkpt lat="50.610770" lon="5.598920">
						<ele>68</ele>
						<time>2022-06-30T17:07:35Z</time>
					</trkpt>
					<trkpt lat="50.610380" lon="5.598410">
						<ele>78</ele>
						<time>2022-06-30T17:08:15Z</time>
					</trkpt>
					<trkpt lat="50.610270" lon="5.598160">
						<ele>84</ele>
						<time>2022-06-30T17:08:31Z</time>
					</trkpt>
					<trkpt lat="50.610080" lon="5.597990">
						<ele>93</ele>
						<time>2022-06-30T17:08:48Z</time>
					</trkpt>
					<trkpt lat="50.610290" lon="5.597620">
						<ele>91</ele>
						<time>2022-06-30T17:09:13Z</time>
					</trkpt>
					<trkpt lat="50.610280" lon="5.597470">
						<ele>94</ele>
						<time>2022-06-30T17:09:21Z</time>
					</trkpt>
					<trkpt lat="50.610340" lon="5.597270">
						<ele>96</ele>
						<time>2022-06-30T17:09:32Z</time>
					</trkpt>
					<trkpt lat="50.610350" lon="5.597110">
						<ele>98</ele>
						<time>2022-06-30T17:09:41Z</time>
					</trkpt>
					<trkpt lat="50.610460" lon="5.596910">
						<ele>97</ele>
						<time>2022-06-30T17:09:54Z</time>
					</trkpt>
					<trkpt lat="50.610560" lon="5.596800">
						<ele>94</ele>
						<time>2022-06-30T17:10:04Z</time>
					</trkpt>
					<trkpt lat="50.610690" lon="5.596490">
						<ele>94</ele>
						<time>2022-06-30T17:10:23Z</time>
					</trkpt>
					<trkpt lat="50.610830" lon="5.595860">
						<ele>100</ele>
						<time>2022-06-30T17:10:57Z</time>
					</trkpt>
					<trkpt lat="50.611130" lon="5.594990">
						<ele>104</ele>
						<time>2022-06-30T17:11:47Z</time>
					</trkpt>
					<trkpt lat="50.611150" lon="5.594790">
						<ele>105</ele>
						<time>2022-06-30T17:11:57Z</time>
					</trkpt>
					<trkpt lat="50.611300" lon="5.594460">
						<ele>103</ele>
						<time>2022-06-30T17:12:18Z</time>
					</trkpt>
					<trkpt lat="50.611470" lon="5.593840">
						<ele>99</ele>
						<time>2022-06-30T17:12:52Z</time>
					</trkpt>
					<trkpt lat="50.611450" lon="5.593470">
						<ele>100</ele>
						<time>2022-06-30T17:13:11Z</time>
					</trkpt>
					<trkpt lat="50.611330" lon="5.592980">
						<ele>102</ele>
						<time>2022-06-30T17:13:38Z</time>
					</trkpt>
					<trkpt lat="50.611270" lon="5.592800">
						<ele>102</ele>
						<time>2022-06-30T17:13:48Z</time>
					</trkpt>
					<trkpt lat="50.611270" lon="5.592520">
						<ele>100</ele>
						<time>2022-06-30T17:14:02Z</time>
					</trkpt>
					<trkpt lat="50.611240" lon="5.592500">
						<ele>101</ele>
						<time>2022-06-30T17:14:05Z</time>
					</trkpt>
					<trkpt lat="50.611200" lon="5.592740">
						<ele>103</ele>
						<time>2022-06-30T17:14:17Z</time>
					</trkpt>
					<trkpt lat="50.611130" lon="5.592950">
						<ele>107</ele>
						<time>2022-06-30T17:14:29Z</time>
					</trkpt>
					<trkpt lat="50.611050" lon="5.593490">
						<ele>115</ele>
						<time>2022-06-30T17:14:58Z</time>
					</trkpt>
					<trkpt lat="50.610830" lon="5.594080">
						<ele>128</ele>
						<time>2022-06-30T17:15:32Z</time>
					</trkpt>
					<trkpt lat="50.610610" lon="5.594550">
						<ele>126</ele>
						<time>2022-06-30T17:16:02Z</time>
					</trkpt>
					<trkpt lat="50.610320" lon="5.595080">
						<ele>128</ele>
						<time>2022-06-30T17:16:38Z</time>
					</trkpt>
					<trkpt lat="50.610150" lon="5.595350">
						<ele>130</ele>
						<time>2022-06-30T17:16:57Z</time>
					</trkpt>
					<trkpt lat="50.609950" lon="5.595740">
						<ele>135</ele>
						<time>2022-06-30T17:17:22Z</time>
					</trkpt>
					<trkpt lat="50.609750" lon="5.596020">
						<ele>135</ele>
						<time>2022-06-30T17:17:44Z</time>
					</trkpt>
					<trkpt lat="50.609640" lon="5.595950">
						<ele>137</ele>
						<time>2022-06-30T17:17:53Z</time>
					</trkpt>
					<trkpt lat="50.609470" lon="5.595760">
						<ele>140</ele>
						<time>2022-06-30T17:18:10Z</time>
					</trkpt>
					<trkpt lat="50.609350" lon="5.595870">
						<ele>142</ele>
						<time>2022-06-30T17:18:21Z</time>
					</trkpt>
					<trkpt lat="50.609210" lon="5.595760">
						<ele>143</ele>
						<time>2022-06-30T17:18:34Z</time>
					</trkpt>
					<trkpt lat="50.609120" lon="5.596130">
						<ele>144</ele>
						<time>2022-06-30T17:18:54Z</time>
					</trkpt>
					<trkpt lat="50.609030" lon="5.596350">
						<ele>145</ele>
						<time>2022-06-30T17:19:07Z</time>
					</trkpt>
					<trkpt lat="50.609020" lon="5.596650">
						<ele>144</ele>
						<time>2022-06-30T17:19:22Z</time>
					</trkpt>
					<trkpt lat="50.608770" lon="5.597050">
						<ele>147</ele>
						<time>2022-06-30T17:19:51Z</time>
					</trkpt>
					<trkpt lat="50.608890" lon="5.597410">
						<ele>144</ele>
						<time>2022-06-30T17:20:12Z</time>
					</trkpt>
					<trkpt lat="50.608760" lon="5.597750">
						<ele>145</ele>
						<time>2022-06-30T17:20:32Z</time>
					</trkpt>
					<trkpt lat="50.608550" lon="5.598190">
						<ele>148</ele>
						<time>2022-06-30T17:21:00Z</time>
					</trkpt>
					<trkpt lat="50.608420" lon="5.598520">
						<ele>150</ele>
						<time>2022-06-30T17:21:19Z</time>
					</trkpt>
					<trkpt lat="50.608200" lon="5.598890">
						<ele>151</ele>
						<time>2022-06-30T17:21:45Z</time>
					</trkpt>
					<trkpt lat="50.607970" lon="5.598890">
						<ele>157</ele>
						<time>2022-06-30T17:22:04Z</time>
					</trkpt>
					<trkpt lat="50.607830" lon="5.598940">
						<ele>161</ele>
						<time>2022-06-30T17:22:15Z</time>
					</trkpt>
					<trkpt lat="50.607700" lon="5.599210">
						<ele>165</ele>
						<time>2022-06-30T17:22:32Z</time>
					</trkpt>
					<trkpt lat="50.607540" lon="5.599280">
						<ele>169</ele>
						<time>2022-06-30T17:22:46Z</time>
					</trkpt>
					<trkpt lat="50.607250" lon="5.599690">
						<ele>174</ele>
						<time>2022-06-30T17:23:17Z</time>
					</trkpt>
					<trkpt lat="50.606770" lon="5.599830">
						<ele>182</ele>
						<time>2022-06-30T17:23:56Z</time>
					</trkpt>
					<trkpt lat="50.606630" lon="5.599750">
						<ele>184</ele>
						<time>2022-06-30T17:24:08Z</time>
					</trkpt>
					<trkpt lat="50.606340" lon="5.599770">
						<ele>180</ele>
						<time>2022-06-30T17:24:31Z</time>
					</trkpt>
					<trkpt lat="50.605820" lon="5.599220">
						<ele>177</ele>
						<time>2022-06-30T17:25:21Z</time>
					</trkpt>
					<trkpt lat="50.604980" lon="5.598350">
						<ele>179</ele>
						<time>2022-06-30T17:26:42Z</time>
					</trkpt>
					<trkpt lat="50.604490" lon="5.597820">
						<ele>179</ele>
						<time>2022-06-30T17:27:29Z</time>
					</trkpt>
					<trkpt lat="50.603810" lon="5.597150">
						<ele>184</ele>
						<time>2022-06-30T17:28:34Z</time>
					</trkpt>
					<trkpt lat="50.603540" lon="5.596710">
						<ele>189</ele>
						<time>2022-06-30T17:29:05Z</time>
					</trkpt>
					<trkpt lat="50.603090" lon="5.595520">
						<ele>187</ele>
						<time>2022-06-30T17:30:15Z</time>
					</trkpt>
					<trkpt lat="50.602910" lon="5.594730">
						<ele>182</ele>
						<time>2022-06-30T17:30:58Z</time>
					</trkpt>
					<trkpt lat="50.602750" lon="5.593890">
						<ele>177</ele>
						<time>2022-06-30T17:31:42Z</time>
					</trkpt>
					<trkpt lat="50.602730" lon="5.593450">
						<ele>175</ele>
						<time>2022-06-30T17:32:05Z</time>
					</trkpt>
					<trkpt lat="50.602660" lon="5.592730">
						<ele>173</ele>
						<time>2022-06-30T17:32:42Z</time>
					</trkpt>
					<trkpt lat="50.602600" lon="5.592320">
						<ele>172</ele>
						<time>2022-06-30T17:33:03Z</time>
					</trkpt>
					<trkpt lat="50.602410" lon="5.591680">
						<ele>168</ele>
						<time>2022-06-30T17:33:39Z</time>
					</trkpt>
					<trkpt lat="50.602230" lon="5.591100">
						<ele>168</ele>
						<time>2022-06-30T17:34:12Z</time>
					</trkpt>
					<trkpt lat="50.601970" lon="5.590350">
						<ele>169</ele>
						<time>2022-06-30T17:34:55Z</time>
					</trkpt>
					<trkpt lat="50.601930" lon="5.590120">
						<ele>169</ele>
						<time>2022-06-30T17:35:07Z</time>
					</trkpt>
					<trkpt lat="50.601190" lon="5.587910">
						<ele>182</ele>
						<time>2022-06-30T17:37:14Z</time>
					</trkpt>
					<trkpt lat="50.601030" lon="5.587520">
						<ele>185</ele>
						<time>2022-06-30T17:37:38Z</time>
					</trkpt>
					<trkpt lat="50.600610" lon="5.586940">
						<ele>190</ele>
						<time>2022-06-30T17:38:23Z</time>
					</trkpt>
					<trkpt lat="50.600510" lon="5.586760">
						<ele>191</ele>
						<time>2022-06-30T17:38:35Z</time>
					</trkpt>
					<trkpt lat="50.600280" lon="5.586060">
						<ele>192</ele>
						<time>2022-06-30T17:39:15Z</time>
					</trkpt>
					<trkpt lat="50.599950" lon="5.585230">
						<ele>192</ele>
						<time>2022-06-30T17:40:05Z</time>
					</trkpt>
					<trkpt lat="50.599730" lon="5.584700">
						<ele>190</ele>
						<time>2022-06-30T17:40:37Z</time>
					</trkpt>
					<trkpt lat="50.599530" lon="5.584390">
						<ele>188</ele>
						<time>2022-06-30T17:40:59Z</time>
					</trkpt>
					<trkpt lat="50.599370" lon="5.584230">
						<ele>187</ele>
						<time>2022-06-30T17:41:14Z</time>
					</trkpt>
					<trkpt lat="50.599220" lon="5.584120">
						<ele>187</ele>
						<time>2022-06-30T17:41:28Z</time>
					</trkpt>
					<trkpt lat="50.598940" lon="5.583990">
						<ele>187</ele>
						<time>2022-06-30T17:41:51Z</time>
					</trkpt>
					<trkpt lat="50.598540" lon="5.583870">
						<ele>188</ele>
						<time>2022-06-30T17:42:24Z</time>
					</trkpt>
					<trkpt lat="50.598070" lon="5.583790">
						<ele>191</ele>
						<time>2022-06-30T17:43:01Z</time>
					</trkpt>
					<trkpt lat="50.597630" lon="5.583710">
						<ele>195</ele>
						<time>2022-06-30T17:43:37Z</time>
					</trkpt>
					<trkpt lat="50.597220" lon="5.583860">
						<ele>197</ele>
						<time>2022-06-30T17:44:11Z</time>
					</trkpt>
					<trkpt lat="50.596880" lon="5.584230">
						<ele>198</ele>
						<time>2022-06-30T17:44:44Z</time>
					</trkpt>
					<trkpt lat="50.596530" lon="5.584490">
						<ele>196</ele>
						<time>2022-06-30T17:45:15Z</time>
					</trkpt>
					<trkpt lat="50.596290" lon="5.584400">
						<ele>197</ele>
						<time>2022-06-30T17:45:34Z</time>
					</trkpt>
					<trkpt lat="50.596070" lon="5.584100">
						<ele>201</ele>
						<time>2022-06-30T17:45:58Z</time>
					</trkpt>
					<trkpt lat="50.595910" lon="5.583780">
						<ele>205</ele>
						<time>2022-06-30T17:46:18Z</time>
					</trkpt>
					<trkpt lat="50.595630" lon="5.583490">
						<ele>209</ele>
						<time>2022-06-30T17:46:45Z</time>
					</trkpt>
					<trkpt lat="50.595210" lon="5.583340">
						<ele>212</ele>
						<time>2022-06-30T17:47:20Z</time>
					</trkpt>
					<trkpt lat="50.594640" lon="5.583080">
						<ele>214</ele>
						<time>2022-06-30T17:48:07Z</time>
					</trkpt>
					<trkpt lat="50.594200" lon="5.582800">
						<ele>215</ele>
						<time>2022-06-30T17:48:45Z</time>
					</trkpt>
					<trkpt lat="50.593910" lon="5.582500">
						<ele>215</ele>
						<time>2022-06-30T17:49:13Z</time>
					</trkpt>
					<trkpt lat="50.593550" lon="5.582010">
						<ele>215</ele>
						<time>2022-06-30T17:49:51Z</time>
					</trkpt>
					<trkpt lat="50.593360" lon="5.581700">
						<ele>216</ele>
						<time>2022-06-30T17:50:13Z</time>
					</trkpt>
					<trkpt lat="50.593120" lon="5.581280">
						<ele>216</ele>
						<time>2022-06-30T17:50:42Z</time>
					</trkpt>
					<trkpt lat="50.592900" lon="5.580870">
						<ele>217</ele>
						<time>2022-06-30T17:51:09Z</time>
					</trkpt>
					<trkpt lat="50.592690" lon="5.580410">
						<ele>218</ele>
						<time>2022-06-30T17:51:38Z</time>
					</trkpt>
					<trkpt lat="50.592010" lon="5.579630">
						<ele>210</ele>
						<time>2022-06-30T17:52:45Z</time>
					</trkpt>
					<trkpt lat="50.591850" lon="5.579190">
						<ele>211</ele>
						<time>2022-06-30T17:53:11Z</time>
					</trkpt>
					<trkpt lat="50.591600" lon="5.578830">
						<ele>211</ele>
						<time>2022-06-30T17:53:38Z</time>
					</trkpt>
					<trkpt lat="50.591390" lon="5.578180">
						<ele>214</ele>
						<time>2022-06-30T17:54:15Z</time>
					</trkpt>
					<trkpt lat="50.591250" lon="5.577840">
						<ele>213</ele>
						<time>2022-06-30T17:54:36Z</time>
					</trkpt>
					<trkpt lat="50.591060" lon="5.577610">
						<ele>213</ele>
						<time>2022-06-30T17:54:55Z</time>
					</trkpt>
					<trkpt lat="50.590970" lon="5.577290">
						<ele>214</ele>
						<time>2022-06-30T17:55:13Z</time>
					</trkpt>
					<trkpt lat="50.590410" lon="5.577610">
						<ele>212</ele>
						<time>2022-06-30T17:56:00Z</time>
					</trkpt>
					<trkpt lat="50.590360" lon="5.577770">
						<ele>212</ele>
						<time>2022-06-30T17:56:10Z</time>
					</trkpt>
					<trkpt lat="50.590450" lon="5.578560">
						<ele>209</ele>
						<time>2022-06-30T17:56:50Z</time>
					</trkpt>
					<trkpt lat="50.590330" lon="5.579280">
						<ele>207</ele>
						<time>2022-06-30T17:57:28Z</time>
					</trkpt>
					<trkpt lat="50.590190" lon="5.579900">
						<ele>203</ele>
						<time>2022-06-30T17:58:02Z</time>
					</trkpt>
					<trkpt lat="50.590030" lon="5.580610">
						<ele>202</ele>
						<time>2022-06-30T17:58:40Z</time>
					</trkpt>
					<trkpt lat="50.589890" lon="5.580890">
						<ele>204</ele>
						<time>2022-06-30T17:58:58Z</time>
					</trkpt>
					<trkpt lat="50.589620" lon="5.581190">
						<ele>207</ele>
						<time>2022-06-30T17:59:25Z</time>
					</trkpt>
					<trkpt lat="50.589460" lon="5.581130">
						<ele>210</ele>
						<time>2022-06-30T17:59:38Z</time>
					</trkpt>
					<trkpt lat="50.589140" lon="5.580610">
						<ele>216</ele>
						<time>2022-06-30T18:00:14Z</time>
					</trkpt>
					<trkpt lat="50.588270" lon="5.580450">
						<ele>223</ele>
						<time>2022-06-30T18:01:25Z</time>
					</trkpt>
					<trkpt lat="50.588090" lon="5.580080">
						<ele>222</ele>
						<time>2022-06-30T18:01:48Z</time>
					</trkpt>
					<trkpt lat="50.587970" lon="5.580120">
						<ele>222</ele>
						<time>2022-06-30T18:01:58Z</time>
					</trkpt>
					<trkpt lat="50.587580" lon="5.580500">
						<ele>222</ele>
						<time>2022-06-30T18:02:35Z</time>
					</trkpt>
					<trkpt lat="50.587420" lon="5.581830">
						<ele>221</ele>
						<time>2022-06-30T18:03:44Z</time>
					</trkpt>
					<trkpt lat="50.587410" lon="5.582790">
						<ele>220</ele>
						<time>2022-06-30T18:04:32Z</time>
					</trkpt>
					<trkpt lat="50.587450" lon="5.584070">
						<ele>219</ele>
						<time>2022-06-30T18:05:38Z</time>
					</trkpt>
					<trkpt lat="50.587150" lon="5.584940">
						<ele>212</ele>
						<time>2022-06-30T18:06:28Z</time>
					</trkpt>
					<trkpt lat="50.587040" lon="5.584740">
						<ele>212</ele>
						<time>2022-06-30T18:06:41Z</time>
					</trkpt>
					<trkpt lat="50.586990" lon="5.584340">
						<ele>213</ele>
						<time>2022-06-30T18:07:02Z</time>
					</trkpt>
					<trkpt lat="50.587010" lon="5.584020">
						<ele>214</ele>
						<time>2022-06-30T18:07:18Z</time>
					</trkpt>
					<trkpt lat="50.586990" lon="5.583580">
						<ele>214</ele>
						<time>2022-06-30T18:07:41Z</time>
					</trkpt>
					<trkpt lat="50.586880" lon="5.582640">
						<ele>215</ele>
						<time>2022-06-30T18:08:29Z</time>
					</trkpt>
					<trkpt lat="50.586910" lon="5.582530">
						<ele>215</ele>
						<time>2022-06-30T18:08:36Z</time>
					</trkpt>
					<trkpt lat="50.586840" lon="5.581860">
						<ele>214</ele>
						<time>2022-06-30T18:09:10Z</time>
					</trkpt>
					<trkpt lat="50.586780" lon="5.581640">
						<ele>213</ele>
						<time>2022-06-30T18:09:22Z</time>
					</trkpt>
					<trkpt lat="50.586790" lon="5.581450">
						<ele>214</ele>
						<time>2022-06-30T18:09:32Z</time>
					</trkpt>
					<trkpt lat="50.586660" lon="5.580120">
						<ele>214</ele>
						<time>2022-06-30T18:10:40Z</time>
					</trkpt>
					<trkpt lat="50.586570" lon="5.579740">
						<ele>212</ele>
						<time>2022-06-30T18:11:01Z</time>
					</trkpt>
					<trkpt lat="50.586290" lon="5.578150">
						<ele>211</ele>
						<time>2022-06-30T18:12:25Z</time>
					</trkpt>
					<trkpt lat="50.585630" lon="5.576020">
						<ele>211</ele>
						<time>2022-06-30T18:14:25Z</time>
					</trkpt>
					<trkpt lat="50.585020" lon="5.574010">
						<ele>218</ele>
						<time>2022-06-30T18:16:19Z</time>
					</trkpt>
					<trkpt lat="50.584650" lon="5.572750">
						<ele>221</ele>
						<time>2022-06-30T18:17:29Z</time>
					</trkpt>
					<trkpt lat="50.584120" lon="5.571990">
						<ele>221</ele>
						<time>2022-06-30T18:18:27Z</time>
					</trkpt>
					<trkpt lat="50.583740" lon="5.571180">
						<ele>222</ele>
						<time>2022-06-30T18:19:18Z</time>
					</trkpt>
					<trkpt lat="50.583340" lon="5.570480">
						<ele>222</ele>
						<time>2022-06-30T18:20:06Z</time>
					</trkpt>
					<trkpt lat="50.583180" lon="5.570270">
						<ele>221</ele>
						<time>2022-06-30T18:20:22Z</time>
					</trkpt>
					<trkpt lat="50.582200" lon="5.569180">
						<ele>216</ele>
						<time>2022-06-30T18:21:58Z</time>
					</trkpt>
					<trkpt lat="50.581920" lon="5.568880">
						<ele>214</ele>
						<time>2022-06-30T18:22:26Z</time>
					</trkpt>
					<trkpt lat="50.581300" lon="5.568090">
						<ele>213</ele>
						<time>2022-06-30T18:23:29Z</time>
					</trkpt>
					<trkpt lat="50.580900" lon="5.567670">
						<ele>212</ele>
						<time>2022-06-30T18:24:08Z</time>
					</trkpt>
					<trkpt lat="50.580300" lon="5.567070">
						<ele>214</ele>
						<time>2022-06-30T18:25:05Z</time>
					</trkpt>
					<trkpt lat="50.580040" lon="5.566810">
						<ele>214</ele>
						<time>2022-06-30T18:25:29Z</time>
					</trkpt>
					<trkpt lat="50.579820" lon="5.566400">
						<ele>215</ele>
						<time>2022-06-30T18:25:57Z</time>
					</trkpt>
					<trkpt lat="50.579690" lon="5.566000">
						<ele>216</ele>
						<time>2022-06-30T18:26:20Z</time>
					</trkpt>
					<trkpt lat="50.579520" lon="5.565250">
						<ele>217</ele>
						<time>2022-06-30T18:27:00Z</time>
					</trkpt>
					<trkpt lat="50.579440" lon="5.564680">
						<ele>219</ele>
						<time>2022-06-30T18:27:30Z</time>
					</trkpt>
					<trkpt lat="50.579410" lon="5.564160">
						<ele>221</ele>
						<time>2022-06-30T18:27:56Z</time>
					</trkpt>
					<trkpt lat="50.579200" lon="5.564280">
						<ele>219</ele>
						<time>2022-06-30T18:28:14Z</time>
					</trkpt>
					<trkpt lat="50.578870" lon="5.564900">
						<ele>219</ele>
						<time>2022-06-30T18:28:55Z</time>
					</trkpt>
					<trkpt lat="50.578670" lon="5.565390">
						<ele>220</ele>
						<time>2022-06-30T18:29:25Z</time>
					</trkpt>
					<trkpt lat="50.578630" lon="5.565710">
						<ele>220</ele>
						<time>2022-06-30T18:29:41Z</time>
					</trkpt>
					<trkpt lat="50.578670" lon="5.565990">
						<ele>220</ele>
						<time>2022-06-30T18:29:56Z</time>
					</trkpt>
					<trkpt lat="50.578700" lon="5.566310">
						<ele>221</ele>
						<time>2022-06-30T18:30:13Z</time>
					</trkpt>
					<trkpt lat="50.578700" lon="5.566880">
						<ele>221</ele>
						<time>2022-06-30T18:30:42Z</time>
					</trkpt>
					<trkpt lat="50.578680" lon="5.567020">
						<ele>222</ele>
						<time>2022-06-30T18:30:49Z</time>
					</trkpt>
					<trkpt lat="50.578640" lon="5.567080">
						<ele>222</ele>
						<time>2022-06-30T18:30:53Z</time>
					</trkpt>
					<trkpt lat="50.578640" lon="5.567170">
						<ele>222</ele>
						<time>2022-06-30T18:30:58Z</time>
					</trkpt>
					<trkpt lat="50.578440" lon="5.567080">
						<ele>225</ele>
						<time>2022-06-30T18:31:14Z</time>
					</trkpt>
					<trkpt lat="50.578330" lon="5.566960">
						<ele>227</ele>
						<time>2022-06-30T18:31:25Z</time>
					</trkpt>
					<trkpt lat="50.578240" lon="5.566760">
						<ele>228</ele>
						<time>2022-06-30T18:31:38Z</time>
					</trkpt>
					<trkpt lat="50.578030" lon="5.566600">
						<ele>230</ele>
						<time>2022-06-30T18:31:56Z</time>
					</trkpt>
					<trkpt lat="50.577330" lon="5.566580">
						<ele>238</ele>
						<time>2022-06-30T18:32:52Z</time>
					</trkpt>
					<trkpt lat="50.576440" lon="5.566670">
						<ele>247</ele>
						<time>2022-06-30T18:34:04Z</time>
					</trkpt>
					<trkpt lat="50.576070" lon="5.566920">
						<ele>248</ele>
						<time>2022-06-30T18:34:36Z</time>
					</trkpt>
					<trkpt lat="50.575680" lon="5.567190">
						<ele>250</ele>
						<time>2022-06-30T18:35:10Z</time>
					</trkpt>
					<trkpt lat="50.575630" lon="5.567200">
						<ele>250</ele>
						<time>2022-06-30T18:35:14Z</time>
					</trkpt>
					<trkpt lat="50.575410" lon="5.567060">
						<ele>251</ele>
						<time>2022-06-30T18:35:33Z</time>
					</trkpt>
					<trkpt lat="50.575310" lon="5.567010">
						<ele>251</ele>
						<time>2022-06-30T18:35:42Z</time>
					</trkpt>
					<trkpt lat="50.575270" lon="5.567030">
						<ele>251</ele>
						<time>2022-06-30T18:35:45Z</time>
					</trkpt>
					<trkpt lat="50.575240" lon="5.566930">
						<ele>252</ele>
						<time>2022-06-30T18:35:51Z</time>
					</trkpt>
					<trkpt lat="50.575020" lon="5.566770">
						<ele>253</ele>
						<time>2022-06-30T18:36:10Z</time>
					</trkpt>
					<trkpt lat="50.574960" lon="5.567060">
						<ele>252</ele>
						<time>2022-06-30T18:36:25Z</time>
					</trkpt>
					<trkpt lat="50.574940" lon="5.566980">
						<ele>252</ele>
						<time>2022-06-30T18:36:30Z</time>
					</trkpt>
					<trkpt lat="50.574740" lon="5.566860">
						<ele>253</ele>
						<time>2022-06-30T18:36:47Z</time>
					</trkpt>
					<trkpt lat="50.574550" lon="5.566600">
						<ele>255</ele>
						<time>2022-06-30T18:37:07Z</time>
					</trkpt>
					<trkpt lat="50.574250" lon="5.566020">
						<ele>259</ele>
						<time>2022-06-30T18:37:45Z</time>
					</trkpt>
					<trkpt lat="50.574040" lon="5.565410">
						<ele>260</ele>
						<time>2022-06-30T18:38:20Z</time>
					</trkpt>
					<trkpt lat="50.573960" lon="5.564940">
						<ele>260</ele>
						<time>2022-06-30T18:38:45Z</time>
					</trkpt>
					<trkpt lat="50.573850" lon="5.564490">
						<ele>261</ele>
						<time>2022-06-30T18:39:10Z</time>
					</trkpt>
					<trkpt lat="50.573620" lon="5.563930">
						<ele>264</ele>
						<time>2022-06-30T18:39:44Z</time>
					</trkpt>
					<trkpt lat="50.572800" lon="5.562330">
						<ele>265</ele>
						<time>2022-06-30T18:41:28Z</time>
					</trkpt>
					<trkpt lat="50.572240" lon="5.562730">
						<ele>262</ele>
						<time>2022-06-30T18:42:17Z</time>
					</trkpt>
					<trkpt lat="50.571520" lon="5.561960">
						<ele>263</ele>
						<time>2022-06-30T18:43:27Z</time>
					</trkpt>
					<trkpt lat="50.571050" lon="5.562430">
						<ele>259</ele>
						<time>2022-06-30T18:44:12Z</time>
					</trkpt>
					<trkpt lat="50.570830" lon="5.562650">
						<ele>257</ele>
						<time>2022-06-30T18:44:33Z</time>
					</trkpt>
					<trkpt lat="50.570310" lon="5.563030">
						<ele>253</ele>
						<time>2022-06-30T18:45:18Z</time>
					</trkpt>
					<trkpt lat="50.569520" lon="5.563700">
						<ele>245</ele>
						<time>2022-06-30T18:46:30Z</time>
					</trkpt>
					<trkpt lat="50.568940" lon="5.564350">
						<ele>240</ele>
						<time>2022-06-30T18:47:27Z</time>
					</trkpt>
					<trkpt lat="50.568580" lon="5.564760">
						<ele>237</ele>
						<time>2022-06-30T18:48:03Z</time>
					</trkpt>
					<trkpt lat="50.567830" lon="5.563850">
						<ele>236</ele>
						<time>2022-06-30T18:49:19Z</time>
					</trkpt>
					<trkpt lat="50.567660" lon="5.563600">
						<ele>236</ele>
						<time>2022-06-30T18:49:37Z</time>
					</trkpt>
					<trkpt lat="50.567770" lon="5.562980">
						<ele>240</ele>
						<time>2022-06-30T18:50:10Z</time>
					</trkpt>
					<trkpt lat="50.567950" lon="5.562370">
						<ele>244</ele>
						<time>2022-06-30T18:50:44Z</time>
					</trkpt>
					<trkpt lat="50.567910" lon="5.561920">
						<ele>244</ele>
						<time>2022-06-30T18:51:07Z</time>
					</trkpt>
					<trkpt lat="50.568070" lon="5.561330">
						<ele>248</ele>
						<time>2022-06-30T18:51:40Z</time>
					</trkpt>
					<trkpt lat="50.568150" lon="5.560930">
						<ele>250</ele>
						<time>2022-06-30T18:52:01Z</time>
					</trkpt>
					<trkpt lat="50.568090" lon="5.560310">
						<ele>251</ele>
						<time>2022-06-30T18:52:33Z</time>
					</trkpt>
					<trkpt lat="50.568000" lon="5.559700">
						<ele>252</ele>
						<time>2022-06-30T18:53:05Z</time>
					</trkpt>
					<trkpt lat="50.567870" lon="5.558980">
						<ele>252</ele>
						<time>2022-06-30T18:53:43Z</time>
					</trkpt>
					<trkpt lat="50.567310" lon="5.559050">
						<ele>249</ele>
						<time>2022-06-30T18:54:28Z</time>
					</trkpt>
					<trkpt lat="50.566890" lon="5.559050">
						<ele>245</ele>
						<time>2022-06-30T18:55:02Z</time>
					</trkpt>
					<trkpt lat="50.565710" lon="5.559740">
						<ele>230</ele>
						<time>2022-06-30T18:56:43Z</time>
					</trkpt>
					<trkpt lat="50.565320" lon="5.559950">
						<ele>227</ele>
						<time>2022-06-30T18:57:16Z</time>
					</trkpt>
					<trkpt lat="50.564210" lon="5.560450">
						<ele>232</ele>
						<time>2022-06-30T18:58:48Z</time>
					</trkpt>
					<trkpt lat="50.563080" lon="5.560960">
						<ele>245</ele>
						<time>2022-06-30T19:00:22Z</time>
					</trkpt>
					<trkpt lat="50.561990" lon="5.561450">
						<ele>257</ele>
						<time>2022-06-30T19:01:53Z</time>
					</trkpt>
					<trkpt lat="50.561870" lon="5.561520">
						<ele>256</ele>
						<time>2022-06-30T19:02:03Z</time>
					</trkpt>
					<trkpt lat="50.561680" lon="5.561590">
						<ele>256</ele>
						<time>2022-06-30T19:02:19Z</time>
					</trkpt>
					<trkpt lat="50.561480" lon="5.561630">
						<ele>256</ele>
						<time>2022-06-30T19:02:35Z</time>
					</trkpt>
					<trkpt lat="50.561270" lon="5.561570">
						<ele>257</ele>
						<time>2022-06-30T19:02:52Z</time>
					</trkpt>
					<trkpt lat="50.561140" lon="5.561490">
						<ele>257</ele>
						<time>2022-06-30T19:03:03Z</time>
					</trkpt>
					<trkpt lat="50.561110" lon="5.561710">
						<ele>256</ele>
						<time>2022-06-30T19:03:15Z</time>
					</trkpt>
					<trkpt lat="50.561060" lon="5.561870">
						<ele>256</ele>
						<time>2022-06-30T19:03:24Z</time>
					</trkpt>
					<trkpt lat="50.560660" lon="5.562050">
						<ele>255</ele>
						<time>2022-06-30T19:03:57Z</time>
					</trkpt>
					<trkpt lat="50.560150" lon="5.562280">
						<ele>253</ele>
						<time>2022-06-30T19:04:39Z</time>
					</trkpt>
					<trkpt lat="50.559640" lon="5.562520">
						<ele>248</ele>
						<time>2022-06-30T19:05:22Z</time>
					</trkpt>
					<trkpt lat="50.559330" lon="5.562670">
						<ele>245</ele>
						<time>2022-06-30T19:05:48Z</time>
					</trkpt>
					<trkpt lat="50.558920" lon="5.562840">
						<ele>238</ele>
						<time>2022-06-30T19:06:22Z</time>
					</trkpt>
					<trkpt lat="50.558790" lon="5.562760">
						<ele>236</ele>
						<time>2022-06-30T19:06:33Z</time>
					</trkpt>
					<trkpt lat="50.558230" lon="5.562040">
						<ele>232</ele>
						<time>2022-06-30T19:07:31Z</time>
					</trkpt>
					<trkpt lat="50.557770" lon="5.561450">
						<ele>223</ele>
						<time>2022-06-30T19:08:19Z</time>
					</trkpt>
					<trkpt lat="50.557530" lon="5.561090">
						<ele>221</ele>
						<time>2022-06-30T19:08:45Z</time>
					</trkpt>
					<trkpt lat="50.557330" lon="5.560880">
						<ele>220</ele>
						<time>2022-06-30T19:09:04Z</time>
					</trkpt>
					<trkpt lat="50.557170" lon="5.560800">
						<ele>218</ele>
						<time>2022-06-30T19:09:18Z</time>
					</trkpt>
					<trkpt lat="50.556970" lon="5.560830">
						<ele>214</ele>
						<time>2022-06-30T19:09:34Z</time>
					</trkpt>
					<trkpt lat="50.556750" lon="5.560850">
						<ele>209</ele>
						<time>2022-06-30T19:09:52Z</time>
					</trkpt>
					<trkpt lat="50.556590" lon="5.560720">
						<ele>207</ele>
						<time>2022-06-30T19:10:06Z</time>
					</trkpt>
					<trkpt lat="50.556350" lon="5.560370">
						<ele>206</ele>
						<time>2022-06-30T19:10:32Z</time>
					</trkpt>
					<trkpt lat="50.556190" lon="5.560220">
						<ele>205</ele>
						<time>2022-06-30T19:10:47Z</time>
					</trkpt>
					<trkpt lat="50.555950" lon="5.560170">
						<ele>202</ele>
						<time>2022-06-30T19:11:06Z</time>
					</trkpt>
					<trkpt lat="50.555690" lon="5.559980">
						<ele>199</ele>
						<time>2022-06-30T19:11:29Z</time>
					</trkpt>
					<trkpt lat="50.555430" lon="5.559730">
						<ele>196</ele>
						<time>2022-06-30T19:11:54Z</time>
					</trkpt>
					<trkpt lat="50.555120" lon="5.559520">
						<ele>192</ele>
						<time>2022-06-30T19:12:21Z</time>
					</trkpt>
					<trkpt lat="50.554760" lon="5.559320">
						<ele>188</ele>
						<time>2022-06-30T19:12:51Z</time>
					</trkpt>
					<trkpt lat="50.554430" lon="5.559140">
						<ele>183</ele>
						<time>2022-06-30T19:13:19Z</time>
					</trkpt>
					<trkpt lat="50.554180" lon="5.558920">
						<ele>179</ele>
						<time>2022-06-30T19:13:42Z</time>
					</trkpt>
					<trkpt lat="50.553840" lon="5.558540">
						<ele>181</ele>
						<time>2022-06-30T19:14:16Z</time>
					</trkpt>
					<trkpt lat="50.553670" lon="5.558350">
						<ele>182</ele>
						<time>2022-06-30T19:14:32Z</time>
					</trkpt>
					<trkpt lat="50.553610" lon="5.558510">
						<ele>181</ele>
						<time>2022-06-30T19:14:42Z</time>
					</trkpt>
					<trkpt lat="50.553590" lon="5.558660">
						<ele>181</ele>
						<time>2022-06-30T19:14:50Z</time>
					</trkpt>
					<trkpt lat="50.553520" lon="5.558710">
						<ele>181</ele>
						<time>2022-06-30T19:14:56Z</time>
					</trkpt>
					<trkpt lat="50.553460" lon="5.558780">
						<ele>181</ele>
						<time>2022-06-30T19:15:02Z</time>
					</trkpt>
					<trkpt lat="50.553450" lon="5.558940">
						<ele>181</ele>
						<time>2022-06-30T19:15:10Z</time>
					</trkpt>
					<trkpt lat="50.553420" lon="5.559120">
						<ele>181</ele>
						<time>2022-06-30T19:15:19Z</time>
					</trkpt>
					<trkpt lat="50.553380" lon="5.559200">
						<ele>181</ele>
						<time>2022-06-30T19:15:25Z</time>
					</trkpt>
					<trkpt lat="50.553320" lon="5.559210">
						<ele>181</ele>
						<time>2022-06-30T19:15:29Z</time>
					</trkpt>
					<trkpt lat="50.553130" lon="5.559270">
						<ele>176</ele>
						<time>2022-06-30T19:15:45Z</time>
					</trkpt>
					<trkpt lat="50.553090" lon="5.559120">
						<ele>175</ele>
						<time>2022-06-30T19:15:53Z</time>
					</trkpt>
					<trkpt lat="50.553070" lon="5.558930">
						<ele>175</ele>
						<time>2022-06-30T19:16:03Z</time>
					</trkpt>
					<trkpt lat="50.552970" lon="5.558820">
						<ele>172</ele>
						<time>2022-06-30T19:16:13Z</time>
					</trkpt>
					<trkpt lat="50.552920" lon="5.558710">
						<ele>171</ele>
						<time>2022-06-30T19:16:20Z</time>
					</trkpt>
					<trkpt lat="50.552910" lon="5.558530">
						<ele>171</ele>
						<time>2022-06-30T19:16:29Z</time>
					</trkpt>
					<trkpt lat="50.552990" lon="5.558170">
						<ele>174</ele>
						<time>2022-06-30T19:16:48Z</time>
					</trkpt>
					<trkpt lat="50.552990" lon="5.557750">
						<ele>176</ele>
						<time>2022-06-30T19:17:10Z</time>
					</trkpt>
					<trkpt lat="50.552940" lon="5.557250">
						<ele>177</ele>
						<time>2022-06-30T19:17:35Z</time>
					</trkpt>
					<trkpt lat="50.552830" lon="5.556760">
						<ele>177</ele>
						<time>2022-06-30T19:18:02Z</time>
					</trkpt>
					<trkpt lat="50.552780" lon="5.556240">
						<ele>178</ele>
						<time>2022-06-30T19:18:29Z</time>
					</trkpt>
					<trkpt lat="50.552770" lon="5.555770">
						<ele>180</ele>
						<time>2022-06-30T19:18:52Z</time>
					</trkpt>
					<trkpt lat="50.552650" lon="5.555220">
						<ele>180</ele>
						<time>2022-06-30T19:19:22Z</time>
					</trkpt>
					<trkpt lat="50.552570" lon="5.554650">
						<ele>182</ele>
						<time>2022-06-30T19:19:52Z</time>
					</trkpt>
					<trkpt lat="50.552410" lon="5.553750">
						<ele>180</ele>
						<time>2022-06-30T19:20:39Z</time>
					</trkpt>
					<trkpt lat="50.552410" lon="5.553310">
						<ele>183</ele>
						<time>2022-06-30T19:21:02Z</time>
					</trkpt>
					<trkpt lat="50.552400" lon="5.552930">
						<ele>186</ele>
						<time>2022-06-30T19:21:21Z</time>
					</trkpt>
					<trkpt lat="50.552310" lon="5.552410">
						<ele>184</ele>
						<time>2022-06-30T19:21:48Z</time>
					</trkpt>
					<trkpt lat="50.552280" lon="5.552080">
						<ele>183</ele>
						<time>2022-06-30T19:22:05Z</time>
					</trkpt>
					<trkpt lat="50.552220" lon="5.551630">
						<ele>182</ele>
						<time>2022-06-30T19:22:29Z</time>
					</trkpt>
					<trkpt lat="50.552130" lon="5.550810">
						<ele>183</ele>
						<time>2022-06-30T19:23:11Z</time>
					</trkpt>
					<trkpt lat="50.552060" lon="5.550440">
						<ele>184</ele>
						<time>2022-06-30T19:23:31Z</time>
					</trkpt>
					<trkpt lat="50.551990" lon="5.550170">
						<ele>184</ele>
						<time>2022-06-30T19:23:46Z</time>
					</trkpt>
					<trkpt lat="50.551960" lon="5.549880">
						<ele>186</ele>
						<time>2022-06-30T19:24:01Z</time>
					</trkpt>
					<trkpt lat="50.551890" lon="5.549430">
						<ele>190</ele>
						<time>2022-06-30T19:24:24Z</time>
					</trkpt>
					<trkpt lat="50.551690" lon="5.548580">
						<ele>198</ele>
						<time>2022-06-30T19:25:10Z</time>
					</trkpt>
					<trkpt lat="50.551460" lon="5.547550">
						<ele>199</ele>
						<time>2022-06-30T19:26:06Z</time>
					</trkpt>
					<trkpt lat="50.551310" lon="5.546610">
						<ele>205</ele>
						<time>2022-06-30T19:26:55Z</time>
					</trkpt>
					<trkpt lat="50.551250" lon="5.546240">
						<ele>207</ele>
						<time>2022-06-30T19:27:14Z</time>
					</trkpt>
					<trkpt lat="50.551410" lon="5.546100">
						<ele>211</ele>
						<time>2022-06-30T19:27:29Z</time>
					</trkpt>
					<trkpt lat="50.551300" lon="5.545700">
						<ele>213</ele>
						<time>2022-06-30T19:27:51Z</time>
					</trkpt>
					<trkpt lat="50.551130" lon="5.545230">
						<ele>216</ele>
						<time>2022-06-30T19:28:19Z</time>
					</trkpt>
					<trkpt lat="50.550780" lon="5.544160">
						<ele>222</ele>
						<time>2022-06-30T19:29:20Z</time>
					</trkpt>
					<trkpt lat="50.550800" lon="5.544000">
						<ele>222</ele>
						<time>2022-06-30T19:29:28Z</time>
					</trkpt>
					<trkpt lat="50.550930" lon="5.543560">
						<ele>223</ele>
						<time>2022-06-30T19:29:53Z</time>
					</trkpt>
					<trkpt lat="50.550960" lon="5.543270">
						<ele>224</ele>
						<time>2022-06-30T19:30:08Z</time>
					</trkpt>
					<trkpt lat="50.550960" lon="5.542770">
						<ele>225</ele>
						<time>2022-06-30T19:30:33Z</time>
					</trkpt>
					<trkpt lat="50.550920" lon="5.542480">
						<ele>225</ele>
						<time>2022-06-30T19:30:49Z</time>
					</trkpt>
					<trkpt lat="50.550680" lon="5.542130">
						<ele>227</ele>
						<time>2022-06-30T19:31:15Z</time>
					</trkpt>
					<trkpt lat="50.550490" lon="5.541650">
						<ele>231</ele>
						<time>2022-06-30T19:31:43Z</time>
					</trkpt>
					<trkpt lat="50.550380" lon="5.541370">
						<ele>232</ele>
						<time>2022-06-30T19:32:00Z</time>
					</trkpt>
					<trkpt lat="50.550160" lon="5.540950">
						<ele>233</ele>
						<time>2022-06-30T19:32:28Z</time>
					</trkpt>
					<trkpt lat="50.549680" lon="5.540690">
						<ele>232</ele>
						<time>2022-06-30T19:33:09Z</time>
					</trkpt>
					<trkpt lat="50.549630" lon="5.540380">
						<ele>231</ele>
						<time>2022-06-30T19:33:25Z</time>
					</trkpt>
					<trkpt lat="50.549600" lon="5.539990">
						<ele>231</ele>
						<time>2022-06-30T19:33:45Z</time>
					</trkpt>
					<trkpt lat="50.549650" lon="5.539230">
						<ele>231</ele>
						<time>2022-06-30T19:34:24Z</time>
					</trkpt>
					<trkpt lat="50.549220" lon="5.539300">
						<ele>230</ele>
						<time>2022-06-30T19:34:58Z</time>
					</trkpt>
					<trkpt lat="50.549080" lon="5.539360">
						<ele>230</ele>
						<time>2022-06-30T19:35:10Z</time>
					</trkpt>
					<trkpt lat="50.548820" lon="5.539560">
						<ele>229</ele>
						<time>2022-06-30T19:35:33Z</time>
					</trkpt>
					<trkpt lat="50.548290" lon="5.539940">
						<ele>229</ele>
						<time>2022-06-30T19:36:20Z</time>
					</trkpt>
					<trkpt lat="50.547950" lon="5.540210">
						<ele>232</ele>
						<time>2022-06-30T19:36:50Z</time>
					</trkpt>
					<trkpt lat="50.547560" lon="5.540550">
						<ele>235</ele>
						<time>2022-06-30T19:37:26Z</time>
					</trkpt>
					<trkpt lat="50.547450" lon="5.540730">
						<ele>235</ele>
						<time>2022-06-30T19:37:39Z</time>
					</trkpt>
					<trkpt lat="50.547370" lon="5.540820">
						<ele>235</ele>
						<time>2022-06-30T19:37:46Z</time>
					</trkpt>
					<trkpt lat="50.547270" lon="5.540840">
						<ele>234</ele>
						<time>2022-06-30T19:37:55Z</time>
					</trkpt>
					<trkpt lat="50.547110" lon="5.540810">
						<ele>232</ele>
						<time>2022-06-30T19:38:07Z</time>
					</trkpt>
					<trkpt lat="50.546870" lon="5.540820">
						<ele>230</ele>
						<time>2022-06-30T19:38:27Z</time>
					</trkpt>
					<trkpt lat="50.546600" lon="5.540890">
						<ele>228</ele>
						<time>2022-06-30T19:38:49Z</time>
					</trkpt>
					<trkpt lat="50.546320" lon="5.540960">
						<ele>229</ele>
						<time>2022-06-30T19:39:11Z</time>
					</trkpt>
					<trkpt lat="50.546030" lon="5.541020">
						<ele>231</ele>
						<time>2022-06-30T19:39:35Z</time>
					</trkpt>
					<trkpt lat="50.545890" lon="5.541040">
						<ele>231</ele>
						<time>2022-06-30T19:39:46Z</time>
					</trkpt>
					<trkpt lat="50.545770" lon="5.541090">
						<ele>232</ele>
						<time>2022-06-30T19:39:56Z</time>
					</trkpt>
					<trkpt lat="50.545660" lon="5.541080">
						<ele>232</ele>
						<time>2022-06-30T19:40:05Z</time>
					</trkpt>
					<trkpt lat="50.545540" lon="5.541050">
						<ele>233</ele>
						<time>2022-06-30T19:40:14Z</time>
					</trkpt>
					<trkpt lat="50.545420" lon="5.541050">
						<ele>233</ele>
						<time>2022-06-30T19:40:24Z</time>
					</trkpt>
					<trkpt lat="50.545150" lon="5.541320">
						<ele>233</ele>
						<time>2022-06-30T19:40:50Z</time>
					</trkpt>
					<trkpt lat="50.544840" lon="5.541440">
						<ele>230</ele>
						<time>2022-06-30T19:41:15Z</time>
					</trkpt>
					<trkpt lat="50.544650" lon="5.541650">
						<ele>227</ele>
						<time>2022-06-30T19:41:34Z</time>
					</trkpt>
					<trkpt lat="50.544450" lon="5.541790">
						<ele>224</ele>
						<time>2022-06-30T19:41:51Z</time>
					</trkpt>
					<trkpt lat="50.544300" lon="5.541990">
						<ele>220</ele>
						<time>2022-06-30T19:42:07Z</time>
					</trkpt>
					<trkpt lat="50.544230" lon="5.542250">
						<ele>216</ele>
						<time>2022-06-30T19:42:21Z</time>
					</trkpt>
					<trkpt lat="50.544150" lon="5.542410">
						<ele>214</ele>
						<time>2022-06-30T19:42:32Z</time>
					</trkpt>
					<trkpt lat="50.544060" lon="5.542520">
						<ele>212</ele>
						<time>2022-06-30T19:42:41Z</time>
					</trkpt>
					<trkpt lat="50.543990" lon="5.542750">
						<ele>206</ele>
						<time>2022-06-30T19:42:54Z</time>
					</trkpt>
					<trkpt lat="50.543870" lon="5.542910">
						<ele>202</ele>
						<time>2022-06-30T19:43:07Z</time>
					</trkpt>
					<trkpt lat="50.543680" lon="5.543000">
						<ele>199</ele>
						<time>2022-06-30T19:43:22Z</time>
					</trkpt>
					<trkpt lat="50.543520" lon="5.543130">
						<ele>196</ele>
						<time>2022-06-30T19:43:37Z</time>
					</trkpt>
					<trkpt lat="50.543430" lon="5.543300">
						<ele>193</ele>
						<time>2022-06-30T19:43:48Z</time>
					</trkpt>
					<trkpt lat="50.543050" lon="5.543410">
						<ele>184</ele>
						<time>2022-06-30T19:44:19Z</time>
					</trkpt>
					<trkpt lat="50.542850" lon="5.543370">
						<ele>181</ele>
						<time>2022-06-30T19:44:35Z</time>
					</trkpt>
					<trkpt lat="50.542620" lon="5.543450">
						<ele>175</ele>
						<time>2022-06-30T19:44:54Z</time>
					</trkpt>
					<trkpt lat="50.542430" lon="5.543540">
						<ele>170</ele>
						<time>2022-06-30T19:45:10Z</time>
					</trkpt>
					<trkpt lat="50.542320" lon="5.543770">
						<ele>165</ele>
						<time>2022-06-30T19:45:25Z</time>
					</trkpt>
					<trkpt lat="50.542370" lon="5.543960">
						<ele>164</ele>
						<time>2022-06-30T19:45:35Z</time>
					</trkpt>
					<trkpt lat="50.542300" lon="5.544290">
						<ele>158</ele>
						<time>2022-06-30T19:45:53Z</time>
					</trkpt>
					<trkpt lat="50.542220" lon="5.544480">
						<ele>153</ele>
						<time>2022-06-30T19:46:04Z</time>
					</trkpt>
					<trkpt lat="50.542120" lon="5.544600">
						<ele>150</ele>
						<time>2022-06-30T19:46:14Z</time>
					</trkpt>
					<trkpt lat="50.542040" lon="5.544900">
						<ele>144</ele>
						<time>2022-06-30T19:46:31Z</time>
					</trkpt>
					<trkpt lat="50.542040" lon="5.545120">
						<ele>141</ele>
						<time>2022-06-30T19:46:42Z</time>
					</trkpt>
					<trkpt lat="50.542000" lon="5.545270">
						<ele>139</ele>
						<time>2022-06-30T19:46:50Z</time>
					</trkpt>
					<trkpt lat="50.541990" lon="5.545500">
						<ele>135</ele>
						<time>2022-06-30T19:47:02Z</time>
					</trkpt>
					<trkpt lat="50.542050" lon="5.545800">
						<ele>131</ele>
						<time>2022-06-30T19:47:18Z</time>
					</trkpt>
					<trkpt lat="50.542070" lon="5.546130">
						<ele>127</ele>
						<time>2022-06-30T19:47:35Z</time>
					</trkpt>
					<trkpt lat="50.542050" lon="5.546370">
						<ele>125</ele>
						<time>2022-06-30T19:47:47Z</time>
					</trkpt>
					<trkpt lat="50.541910" lon="5.546500">
						<ele>124</ele>
						<time>2022-06-30T19:48:00Z</time>
					</trkpt>
					<trkpt lat="50.541840" lon="5.546730">
						<ele>123</ele>
						<time>2022-06-30T19:48:13Z</time>
					</trkpt>
					<trkpt lat="50.541810" lon="5.547170">
						<ele>118</ele>
						<time>2022-06-30T19:48:36Z</time>
					</trkpt>
					<trkpt lat="50.541910" lon="5.547810">
						<ele>106</ele>
						<time>2022-06-30T19:49:09Z</time>
					</trkpt>
					<trkpt lat="50.541740" lon="5.547630">
						<ele>112</ele>
						<time>2022-06-30T19:49:26Z</time>
					</trkpt>
					<trkpt lat="50.542000" lon="5.548530">
						<ele>92</ele>
						<time>2022-06-30T19:50:16Z</time>
					</trkpt>
					<trkpt lat="50.541460" lon="5.548890">
						<ele>93</ele>
						<time>2022-06-30T19:51:03Z</time>
					</trkpt>
					<trkpt lat="50.540890" lon="5.549290">
						<ele>94</ele>
						<time>2022-06-30T19:51:53Z</time>
					</trkpt>
					<trkpt lat="50.540820" lon="5.549370">
						<ele>94</ele>
						<time>2022-06-30T19:52:00Z</time>
					</trkpt>
					<trkpt lat="50.540860" lon="5.549550">
						<ele>91</ele>
						<time>2022-06-30T19:52:10Z</time>
					</trkpt>
					<trkpt lat="50.540850" lon="5.549710">
						<ele>89</ele>
						<time>2022-06-30T19:52:18Z</time>
					</trkpt>
					<trkpt lat="50.540780" lon="5.549830">
						<ele>88</ele>
						<time>2022-06-30T19:52:26Z</time>
					</trkpt>
					<trkpt lat="50.540620" lon="5.549950">
						<ele>88</ele>
						<time>2022-06-30T19:52:40Z</time>
					</trkpt>
					<trkpt lat="50.540490" lon="5.550040">
						<ele>88</ele>
						<time>2022-06-30T19:52:52Z</time>
					</trkpt>
					<trkpt lat="50.540350" lon="5.550090">
						<ele>88</ele>
						<time>2022-06-30T19:53:03Z</time>
					</trkpt>
					<trkpt lat="50.540190" lon="5.550190">
						<ele>88</ele>
						<time>2022-06-30T19:53:17Z</time>
					</trkpt>
					<trkpt lat="50.539990" lon="5.550270">
						<ele>88</ele>
						<time>2022-06-30T19:53:33Z</time>
					</trkpt>
					<trkpt lat="50.539890" lon="5.550320">
						<ele>89</ele>
						<time>2022-06-30T19:53:42Z</time>
					</trkpt>
					<trkpt lat="50.539650" lon="5.550520">
						<ele>89</ele>
						<time>2022-06-30T19:54:04Z</time>
					</trkpt>
					<trkpt lat="50.539390" lon="5.550740">
						<ele>88</ele>
						<time>2022-06-30T19:54:27Z</time>
					</trkpt>
					<trkpt lat="50.539280" lon="5.550830">
						<ele>88</ele>
						<time>2022-06-30T19:54:37Z</time>
					</trkpt>
					<trkpt lat="50.539080" lon="5.550960">
						<ele>90</ele>
						<time>2022-06-30T19:54:55Z</time>
					</trkpt>
					<trkpt lat="50.538850" lon="5.551290">
						<ele>93</ele>
						<time>2022-06-30T19:55:19Z</time>
					</trkpt>
					<trkpt lat="50.538740" lon="5.551400">
						<ele>93</ele>
						<time>2022-06-30T19:55:30Z</time>
					</trkpt>
					<trkpt lat="50.538530" lon="5.551540">
						<ele>95</ele>
						<time>2022-06-30T19:55:48Z</time>
					</trkpt>
					<trkpt lat="50.538160" lon="5.551710">
						<ele>100</ele>
						<time>2022-06-30T19:56:19Z</time>
					</trkpt>
					<trkpt lat="50.537850" lon="5.551900">
						<ele>103</ele>
						<time>2022-06-30T19:56:46Z</time>
					</trkpt>
					<trkpt lat="50.537560" lon="5.552120">
						<ele>104</ele>
						<time>2022-06-30T19:57:11Z</time>
					</trkpt>
					<trkpt lat="50.537300" lon="5.552320">
						<ele>103</ele>
						<time>2022-06-30T19:57:35Z</time>
					</trkpt>
					<trkpt lat="50.537230" lon="5.552450">
						<ele>101</ele>
						<time>2022-06-30T19:57:43Z</time>
					</trkpt>
					<trkpt lat="50.537020" lon="5.552620">
						<ele>100</ele>
						<time>2022-06-30T19:58:02Z</time>
					</trkpt>
					<trkpt lat="50.536830" lon="5.552790">
						<ele>99</ele>
						<time>2022-06-30T19:58:20Z</time>
					</trkpt>
					<trkpt lat="50.536750" lon="5.552830">
						<ele>99</ele>
						<time>2022-06-30T19:58:26Z</time>
					</trkpt>
					<trkpt lat="50.536700" lon="5.552910">
						<ele>97</ele>
						<time>2022-06-30T19:58:32Z</time>
					</trkpt>
					<trkpt lat="50.536620" lon="5.552940">
						<ele>98</ele>
						<time>2022-06-30T19:58:39Z</time>
					</trkpt>
					<trkpt lat="50.536510" lon="5.553060">
						<ele>97</ele>
						<time>2022-06-30T19:58:49Z</time>
					</trkpt>
					<trkpt lat="50.536310" lon="5.553220">
						<ele>96</ele>
						<time>2022-06-30T19:59:07Z</time>
					</trkpt>
					<trkpt lat="50.536150" lon="5.553280">
						<ele>96</ele>
						<time>2022-06-30T19:59:21Z</time>
					</trkpt>
					<trkpt lat="50.535990" lon="5.553390">
						<ele>95</ele>
						<time>2022-06-30T19:59:35Z</time>
					</trkpt>
					<trkpt lat="50.535810" lon="5.553500">
						<ele>96</ele>
						<time>2022-06-30T19:59:50Z</time>
					</trkpt>
					<trkpt lat="50.535620" lon="5.553600">
						<ele>97</ele>
						<time>2022-06-30T20:00:06Z</time>
					</trkpt>
					<trkpt lat="50.535510" lon="5.553630">
						<ele>98</ele>
						<time>2022-06-30T20:00:15Z</time>
					</trkpt>
					<trkpt lat="50.535230" lon="5.553800">
						<ele>98</ele>
						<time>2022-06-30T20:00:39Z</time>
					</trkpt>
					<trkpt lat="50.535090" lon="5.553850">
						<ele>99</ele>
						<time>2022-06-30T20:00:50Z</time>
					</trkpt>
					<trkpt lat="50.534920" lon="5.553980">
						<ele>96</ele>
						<time>2022-06-30T20:01:06Z</time>
					</trkpt>
					<trkpt lat="50.534620" lon="5.554040">
						<ele>94</ele>
						<time>2022-06-30T20:01:30Z</time>
					</trkpt>
					<trkpt lat="50.534360" lon="5.553970">
						<ele>96</ele>
						<time>2022-06-30T20:01:51Z</time>
					</trkpt>
					<trkpt lat="50.533920" lon="5.554000">
						<ele>93</ele>
						<time>2022-06-30T20:02:26Z</time>
					</trkpt>
					<trkpt lat="50.533820" lon="5.553580">
						<ele>99</ele>
						<time>2022-06-30T20:02:49Z</time>
					</trkpt>
					<trkpt lat="50.533780" lon="5.553320">
						<ele>102</ele>
						<time>2022-06-30T20:03:03Z</time>
					</trkpt>
					<trkpt lat="50.533740" lon="5.553000">
						<ele>106</ele>
						<time>2022-06-30T20:03:19Z</time>
					</trkpt>
					<trkpt lat="50.533650" lon="5.552870">
						<ele>106</ele>
						<time>2022-06-30T20:03:29Z</time>
					</trkpt>
					<trkpt lat="50.533550" lon="5.552680">
						<ele>105</ele>
						<time>2022-06-30T20:03:42Z</time>
					</trkpt>
					<trkpt lat="50.533520" lon="5.552520">
						<ele>106</ele>
						<time>2022-06-30T20:03:50Z</time>
					</trkpt>
					<trkpt lat="50.533410" lon="5.552420">
						<ele>104</ele>
						<time>2022-06-30T20:04:00Z</time>
					</trkpt>
					<trkpt lat="50.533280" lon="5.552280">
						<ele>102</ele>
						<time>2022-06-30T20:04:13Z</time>
					</trkpt>
					<trkpt lat="50.533200" lon="5.552270">
						<ele>102</ele>
						<time>2022-06-30T20:04:19Z</time>
					</trkpt>
					<trkpt lat="50.533100" lon="5.552240">
						<ele>101</ele>
						<time>2022-06-30T20:04:27Z</time>
					</trkpt>
					<trkpt lat="50.533030" lon="5.552720">
						<ele>98</ele>
						<time>2022-06-30T20:04:53Z</time>
					</trkpt>
					<trkpt lat="50.532990" lon="5.553110">
						<ele>96</ele>
						<time>2022-06-30T20:05:13Z</time>
					</trkpt>
					<trkpt lat="50.532940" lon="5.553580">
						<ele>95</ele>
						<time>2022-06-30T20:05:37Z</time>
					</trkpt>
					<trkpt lat="50.532840" lon="5.554140">
						<ele>95</ele>
						<time>2022-06-30T20:06:06Z</time>
					</trkpt>
					<trkpt lat="50.532750" lon="5.554420">
						<ele>95</ele>
						<time>2022-06-30T20:06:22Z</time>
					</trkpt>
					<trkpt lat="50.532590" lon="5.554750">
						<ele>95</ele>
						<time>2022-06-30T20:06:44Z</time>
					</trkpt>
					<trkpt lat="50.532400" lon="5.555100">
						<ele>98</ele>
						<time>2022-06-30T20:07:07Z</time>
					</trkpt>
					<trkpt lat="50.532220" lon="5.555420">
						<ele>103</ele>
						<time>2022-06-30T20:07:29Z</time>
					</trkpt>
					<trkpt lat="50.532120" lon="5.555630">
						<ele>106</ele>
						<time>2022-06-30T20:07:42Z</time>
					</trkpt>
					<trkpt lat="50.532040" lon="5.555880">
						<ele>107</ele>
						<time>2022-06-30T20:07:56Z</time>
					</trkpt>
					<trkpt lat="50.531960" lon="5.556180">
						<ele>108</ele>
						<time>2022-06-30T20:08:13Z</time>
					</trkpt>
					<trkpt lat="50.531910" lon="5.556730">
						<ele>108</ele>
						<time>2022-06-30T20:08:41Z</time>
					</trkpt>
					<trkpt lat="50.531850" lon="5.557270">
						<ele>108</ele>
						<time>2022-06-30T20:09:09Z</time>
					</trkpt>
					<trkpt lat="50.531800" lon="5.557720">
						<ele>108</ele>
						<time>2022-06-30T20:09:32Z</time>
					</trkpt>
					<trkpt lat="50.531730" lon="5.558260">
						<ele>108</ele>
						<time>2022-06-30T20:10:00Z</time>
					</trkpt>
					<trkpt lat="50.531680" lon="5.558800">
						<ele>105</ele>
						<time>2022-06-30T20:10:28Z</time>
					</trkpt>
					<trkpt lat="50.531630" lon="5.559170">
						<ele>104</ele>
						<time>2022-06-30T20:10:47Z</time>
					</trkpt>
					<trkpt lat="50.531570" lon="5.559850">
						<ele>103</ele>
						<time>2022-06-30T20:11:22Z</time>
					</trkpt>
					<trkpt lat="50.531480" lon="5.561480">
						<ele>92</ele>
						<time>2022-06-30T20:12:46Z</time>
					</trkpt>
					<trkpt lat="50.531110" lon="5.560990">
						<ele>101</ele>
						<time>2022-06-30T20:13:24Z</time>
					</trkpt>
					<trkpt lat="50.531010" lon="5.560870">
						<ele>103</ele>
						<time>2022-06-30T20:13:34Z</time>
					</trkpt>
					<trkpt lat="50.530850" lon="5.560760">
						<ele>107</ele>
						<time>2022-06-30T20:13:48Z</time>
					</trkpt>
					<trkpt lat="50.530490" lon="5.560630">
						<ele>111</ele>
						<time>2022-06-30T20:14:18Z</time>
					</trkpt>
					<trkpt lat="50.530380" lon="5.560680">
						<ele>111</ele>
						<time>2022-06-30T20:14:27Z</time>
					</trkpt>
					<trkpt lat="50.530290" lon="5.560620">
						<ele>112</ele>
						<time>2022-06-30T20:14:35Z</time>
					</trkpt>
					<trkpt lat="50.530170" lon="5.560520">
						<ele>113</ele>
						<time>2022-06-30T20:14:46Z</time>
					</trkpt>
					<trkpt lat="50.529990" lon="5.560350">
						<ele>114</ele>
						<time>2022-06-30T20:15:03Z</time>
					</trkpt>
					<trkpt lat="50.529810" lon="5.560040">
						<ele>118</ele>
						<time>2022-06-30T20:15:24Z</time>
					</trkpt>
					<trkpt lat="50.529530" lon="5.559180">
						<ele>121</ele>
						<time>2022-06-30T20:16:13Z</time>
					</trkpt>
					<trkpt lat="50.529340" lon="5.558770">
						<ele>122</ele>
						<time>2022-06-30T20:16:39Z</time>
					</trkpt>
					<trkpt lat="50.529210" lon="5.558330">
						<ele>121</ele>
						<time>2022-06-30T20:17:04Z</time>
					</trkpt>
					<trkpt lat="50.528610" lon="5.557060">
						<ele>125</ele>
						<time>2022-06-30T20:18:24Z</time>
					</trkpt>
					<trkpt lat="50.528390" lon="5.556800">
						<ele>125</ele>
						<time>2022-06-30T20:18:46Z</time>
					</trkpt>
					<trkpt lat="50.528380" lon="5.556630">
						<ele>127</ele>
						<time>2022-06-30T20:18:55Z</time>
					</trkpt>
					<trkpt lat="50.528280" lon="5.556510">
						<ele>129</ele>
						<time>2022-06-30T20:19:05Z</time>
					</trkpt>
					<trkpt lat="50.528190" lon="5.556370">
						<ele>131</ele>
						<time>2022-06-30T20:19:15Z</time>
					</trkpt>
					<trkpt lat="50.528100" lon="5.556250">
						<ele>133</ele>
						<time>2022-06-30T20:19:25Z</time>
					</trkpt>
					<trkpt lat="50.527910" lon="5.556000">
						<ele>137</ele>
						<time>2022-06-30T20:19:44Z</time>
					</trkpt>
					<trkpt lat="50.527790" lon="5.555840">
						<ele>140</ele>
						<time>2022-06-30T20:19:57Z</time>
					</trkpt>
					<trkpt lat="50.527630" lon="5.555690">
						<ele>141</ele>
						<time>2022-06-30T20:20:12Z</time>
					</trkpt>
					<trkpt lat="50.527420" lon="5.555620">
						<ele>141</ele>
						<time>2022-06-30T20:20:29Z</time>
					</trkpt>
					<trkpt lat="50.527230" lon="5.555600">
						<ele>139</ele>
						<time>2022-06-30T20:20:44Z</time>
					</trkpt>
					<trkpt lat="50.527110" lon="5.555500">
						<ele>138</ele>
						<time>2022-06-30T20:20:55Z</time>
					</trkpt>
					<trkpt lat="50.526990" lon="5.555220">
						<ele>138</ele>
						<time>2022-06-30T20:21:12Z</time>
					</trkpt>
					<trkpt lat="50.526980" lon="5.555010">
						<ele>139</ele>
						<time>2022-06-30T20:21:23Z</time>
					</trkpt>
					<trkpt lat="50.526870" lon="5.554590">
						<ele>138</ele>
						<time>2022-06-30T20:21:46Z</time>
					</trkpt>
					<trkpt lat="50.526870" lon="5.553930">
						<ele>141</ele>
						<time>2022-06-30T20:22:20Z</time>
					</trkpt>
					<trkpt lat="50.526860" lon="5.553590">
						<ele>143</ele>
						<time>2022-06-30T20:22:37Z</time>
					</trkpt>
					<trkpt lat="50.526740" lon="5.552760">
						<ele>146</ele>
						<time>2022-06-30T20:23:21Z</time>
					</trkpt>
					<trkpt lat="50.526670" lon="5.552300">
						<ele>147</ele>
						<time>2022-06-30T20:23:45Z</time>
					</trkpt>
					<trkpt lat="50.526570" lon="5.551600">
						<ele>149</ele>
						<time>2022-06-30T20:24:21Z</time>
					</trkpt>
					<trkpt lat="50.526550" lon="5.551020">
						<ele>152</ele>
						<time>2022-06-30T20:24:51Z</time>
					</trkpt>
					<trkpt lat="50.526500" lon="5.550150">
						<ele>155</ele>
						<time>2022-06-30T20:25:35Z</time>
					</trkpt>
					<trkpt lat="50.526380" lon="5.549730">
						<ele>156</ele>
						<time>2022-06-30T20:25:59Z</time>
					</trkpt>
					<trkpt lat="50.526160" lon="5.549150">
						<ele>158</ele>
						<time>2022-06-30T20:26:33Z</time>
					</trkpt>
					<trkpt lat="50.526020" lon="5.548630">
						<ele>161</ele>
						<time>2022-06-30T20:27:02Z</time>
					</trkpt>
					<trkpt lat="50.525820" lon="5.548500">
						<ele>162</ele>
						<time>2022-06-30T20:27:19Z</time>
					</trkpt>
					<trkpt lat="50.525490" lon="5.548330">
						<ele>163</ele>
						<time>2022-06-30T20:27:47Z</time>
					</trkpt>
					<trkpt lat="50.525390" lon="5.548130">
						<ele>163</ele>
						<time>2022-06-30T20:28:00Z</time>
					</trkpt>
					<trkpt lat="50.525330" lon="5.547890">
						<ele>164</ele>
						<time>2022-06-30T20:28:13Z</time>
					</trkpt>
					<trkpt lat="50.525230" lon="5.547590">
						<ele>166</ele>
						<time>2022-06-30T20:28:30Z</time>
					</trkpt>
					<trkpt lat="50.525090" lon="5.547270">
						<ele>167</ele>
						<time>2022-06-30T20:28:50Z</time>
					</trkpt>
					<trkpt lat="50.524920" lon="5.546840">
						<ele>169</ele>
						<time>2022-06-30T20:29:16Z</time>
					</trkpt>
					<trkpt lat="50.524810" lon="5.546600">
						<ele>169</ele>
						<time>2022-06-30T20:29:31Z</time>
					</trkpt>
					<trkpt lat="50.524720" lon="5.546170">
						<ele>170</ele>
						<time>2022-06-30T20:29:54Z</time>
					</trkpt>
					<trkpt lat="50.524720" lon="5.545820">
						<ele>170</ele>
						<time>2022-06-30T20:30:12Z</time>
					</trkpt>
					<trkpt lat="50.524660" lon="5.545810">
						<ele>170</ele>
						<time>2022-06-30T20:30:16Z</time>
					</trkpt>
					<trkpt lat="50.524500" lon="5.545600">
						<ele>170</ele>
						<time>2022-06-30T20:30:33Z</time>
					</trkpt>
					<trkpt lat="50.524310" lon="5.545270">
						<ele>171</ele>
						<time>2022-06-30T20:30:56Z</time>
					</trkpt>
					<trkpt lat="50.524110" lon="5.545010">
						<ele>172</ele>
						<time>2022-06-30T20:31:17Z</time>
					</trkpt>
					<trkpt lat="50.524020" lon="5.544780">
						<ele>173</ele>
						<time>2022-06-30T20:31:30Z</time>
					</trkpt>
					<trkpt lat="50.523600" lon="5.544180">
						<ele>175</ele>
						<time>2022-06-30T20:32:16Z</time>
					</trkpt>
					<trkpt lat="50.523230" lon="5.543580">
						<ele>178</ele>
						<time>2022-06-30T20:32:58Z</time>
					</trkpt>
					<trkpt lat="50.522970" lon="5.543070">
						<ele>183</ele>
						<time>2022-06-30T20:33:32Z</time>
					</trkpt>
					<trkpt lat="50.522790" lon="5.542610">
						<ele>183</ele>
						<time>2022-06-30T20:33:59Z</time>
					</trkpt>
					<trkpt lat="50.522490" lon="5.541690">
						<ele>184</ele>
						<time>2022-06-30T20:34:52Z</time>
					</trkpt>
					<trkpt lat="50.522320" lon="5.541180">
						<ele>188</ele>
						<time>2022-06-30T20:35:21Z</time>
					</trkpt>
					<trkpt lat="50.522240" lon="5.540810">
						<ele>189</ele>
						<time>2022-06-30T20:35:41Z</time>
					</trkpt>
					<trkpt lat="50.522010" lon="5.540380">
						<ele>191</ele>
						<time>2022-06-30T20:36:10Z</time>
					</trkpt>
					<trkpt lat="50.521630" lon="5.539390">
						<ele>193</ele>
						<time>2022-06-30T20:37:08Z</time>
					</trkpt>
					<trkpt lat="50.521360" lon="5.538480">
						<ele>199</ele>
						<time>2022-06-30T20:38:00Z</time>
					</trkpt>
					<trkpt lat="50.521260" lon="5.538100">
						<ele>201</ele>
						<time>2022-06-30T20:38:20Z</time>
					</trkpt>
					<trkpt lat="50.520460" lon="5.536290">
						<ele>211</ele>
						<time>2022-06-30T20:40:13Z</time>
					</trkpt>
					<trkpt lat="50.519800" lon="5.534860">
						<ele>218</ele>
						<time>2022-06-30T20:41:43Z</time>
					</trkpt>
					<trkpt lat="50.519100" lon="5.533710">
						<ele>222</ele>
						<time>2022-06-30T20:43:04Z</time>
					</trkpt>
					<trkpt lat="50.518470" lon="5.532680">
						<ele>232</ele>
						<time>2022-06-30T20:44:16Z</time>
					</trkpt>
					<trkpt lat="50.518850" lon="5.532990">
						<ele>230</ele>
						<time>2022-06-30T20:44:51Z</time>
					</trkpt>
					<trkpt lat="50.519530" lon="5.533740">
						<ele>226</ele>
						<time>2022-06-30T20:45:57Z</time>
					</trkpt>
					<trkpt lat="50.519850" lon="5.534080">
						<ele>226</ele>
						<time>2022-06-30T20:46:28Z</time>
					</trkpt>
					<trkpt lat="50.520500" lon="5.534530">
						<ele>231</ele>
						<time>2022-06-30T20:47:25Z</time>
					</trkpt>
					<trkpt lat="50.520690" lon="5.534560">
						<ele>234</ele>
						<time>2022-06-30T20:47:40Z</time>
					</trkpt>
					<trkpt lat="50.520260" lon="5.533710">
						<ele>235</ele>
						<time>2022-06-30T20:48:36Z</time>
					</trkpt>
					<trkpt lat="50.520110" lon="5.533560">
						<ele>235</ele>
						<time>2022-06-30T20:48:50Z</time>
					</trkpt>
					<trkpt lat="50.519930" lon="5.533180">
						<ele>237</ele>
						<time>2022-06-30T20:49:14Z</time>
					</trkpt>
					<trkpt lat="50.519830" lon="5.532880">
						<ele>238</ele>
						<time>2022-06-30T20:49:31Z</time>
					</trkpt>
					<trkpt lat="50.519760" lon="5.532460">
						<ele>240</ele>
						<time>2022-06-30T20:49:53Z</time>
					</trkpt>
					<trkpt lat="50.519610" lon="5.531950">
						<ele>241</ele>
						<time>2022-06-30T20:50:22Z</time>
					</trkpt>
					<trkpt lat="50.519280" lon="5.531350">
						<ele>243</ele>
						<time>2022-06-30T20:51:02Z</time>
					</trkpt>
					<trkpt lat="50.518980" lon="5.530830">
						<ele>245</ele>
						<time>2022-06-30T20:51:38Z</time>
					</trkpt>
					<trkpt lat="50.518770" lon="5.530350">
						<ele>244</ele>
						<time>2022-06-30T20:52:08Z</time>
					</trkpt>
					<trkpt lat="50.518600" lon="5.529790">
						<ele>242</ele>
						<time>2022-06-30T20:52:39Z</time>
					</trkpt>
					<trkpt lat="50.518520" lon="5.529550">
						<ele>242</ele>
						<time>2022-06-30T20:52:53Z</time>
					</trkpt>
					<trkpt lat="50.518140" lon="5.528640">
						<ele>238</ele>
						<time>2022-06-30T20:53:49Z</time>
					</trkpt>
					<trkpt lat="50.517920" lon="5.528200">
						<ele>236</ele>
						<time>2022-06-30T20:54:17Z</time>
					</trkpt>
					<trkpt lat="50.517710" lon="5.527750">
						<ele>232</ele>
						<time>2022-06-30T20:54:45Z</time>
					</trkpt>
					<trkpt lat="50.517480" lon="5.527210">
						<ele>228</ele>
						<time>2022-06-30T20:55:19Z</time>
					</trkpt>
					<trkpt lat="50.517090" lon="5.526860">
						<ele>228</ele>
						<time>2022-06-30T20:55:54Z</time>
					</trkpt>
					<trkpt lat="50.517090" lon="5.526660">
						<ele>227</ele>
						<time>2022-06-30T20:56:05Z</time>
					</trkpt>
					<trkpt lat="50.517210" lon="5.526200">
						<ele>227</ele>
						<time>2022-06-30T20:56:30Z</time>
					</trkpt>
					<trkpt lat="50.517220" lon="5.525930">
						<ele>228</ele>
						<time>2022-06-30T20:56:44Z</time>
					</trkpt>
					<trkpt lat="50.517140" lon="5.525740">
						<ele>230</ele>
						<time>2022-06-30T20:56:55Z</time>
					</trkpt>
					<trkpt lat="50.516960" lon="5.525420">
						<ele>235</ele>
						<time>2022-06-30T20:57:17Z</time>
					</trkpt>
					<trkpt lat="50.516850" lon="5.524970">
						<ele>239</ele>
						<time>2022-06-30T20:57:42Z</time>
					</trkpt>
					<trkpt lat="50.516750" lon="5.524830">
						<ele>240</ele>
						<time>2022-06-30T20:57:52Z</time>
					</trkpt>
					<trkpt lat="50.516530" lon="5.523870">
						<ele>243</ele>
						<time>2022-06-30T20:58:44Z</time>
					</trkpt>
					<trkpt lat="50.516460" lon="5.523550">
						<ele>243</ele>
						<time>2022-06-30T20:59:02Z</time>
					</trkpt>
					<trkpt lat="50.516290" lon="5.523000">
						<ele>241</ele>
						<time>2022-06-30T20:59:33Z</time>
					</trkpt>
					<trkpt lat="50.516180" lon="5.522690">
						<ele>240</ele>
						<time>2022-06-30T20:59:51Z</time>
					</trkpt>
					<trkpt lat="50.516160" lon="5.522410">
						<ele>239</ele>
						<time>2022-06-30T21:00:05Z</time>
					</trkpt>
					<trkpt lat="50.516260" lon="5.522250">
						<ele>239</ele>
						<time>2022-06-30T21:00:17Z</time>
					</trkpt>
					<trkpt lat="50.516620" lon="5.521990">
						<ele>239</ele>
						<time>2022-06-30T21:00:48Z</time>
					</trkpt>
					<trkpt lat="50.516820" lon="5.521960">
						<ele>239</ele>
						<time>2022-06-30T21:01:04Z</time>
					</trkpt>
					<trkpt lat="50.516920" lon="5.521680">
						<ele>241</ele>
						<time>2022-06-30T21:01:21Z</time>
					</trkpt>
					<trkpt lat="50.516810" lon="5.521070">
						<ele>247</ele>
						<time>2022-06-30T21:01:53Z</time>
					</trkpt>
					<trkpt lat="50.516710" lon="5.520500">
						<ele>251</ele>
						<time>2022-06-30T21:02:23Z</time>
					</trkpt>
					<trkpt lat="50.516660" lon="5.519760">
						<ele>255</ele>
						<time>2022-06-30T21:03:01Z</time>
					</trkpt>
					<trkpt lat="50.516660" lon="5.518820">
						<ele>257</ele>
						<time>2022-06-30T21:03:49Z</time>
					</trkpt>
					<trkpt lat="50.516590" lon="5.518310">
						<ele>260</ele>
						<time>2022-06-30T21:04:15Z</time>
					</trkpt>
					<trkpt lat="50.516360" lon="5.517780">
						<ele>262</ele>
						<time>2022-06-30T21:04:48Z</time>
					</trkpt>
					<trkpt lat="50.515920" lon="5.516410">
						<ele>263</ele>
						<time>2022-06-30T21:06:06Z</time>
					</trkpt>
					<trkpt lat="50.515740" lon="5.515820">
						<ele>262</ele>
						<time>2022-06-30T21:06:39Z</time>
					</trkpt>
					<trkpt lat="50.515360" lon="5.514530">
						<ele>260</ele>
						<time>2022-06-30T21:07:52Z</time>
					</trkpt>
					<trkpt lat="50.515320" lon="5.513760">
						<ele>258</ele>
						<time>2022-06-30T21:08:31Z</time>
					</trkpt>
					<trkpt lat="50.515260" lon="5.513360">
						<ele>256</ele>
						<time>2022-06-30T21:08:52Z</time>
					</trkpt>
					<trkpt lat="50.515590" lon="5.513390">
						<ele>257</ele>
						<time>2022-06-30T21:09:19Z</time>
					</trkpt>
					<trkpt lat="50.515840" lon="5.513310">
						<ele>257</ele>
						<time>2022-06-30T21:09:39Z</time>
					</trkpt>
					<trkpt lat="50.516320" lon="5.513010">
						<ele>261</ele>
						<time>2022-06-30T21:10:20Z</time>
					</trkpt>
					<trkpt lat="50.516510" lon="5.512730">
						<ele>263</ele>
						<time>2022-06-30T21:10:41Z</time>
					</trkpt>
					<trkpt lat="50.516820" lon="5.512530">
						<ele>264</ele>
						<time>2022-06-30T21:11:08Z</time>
					</trkpt>
					<trkpt lat="50.517290" lon="5.512320">
						<ele>263</ele>
						<time>2022-06-30T21:11:47Z</time>
					</trkpt>
					<trkpt lat="50.517820" lon="5.512160">
						<ele>259</ele>
						<time>2022-06-30T21:12:30Z</time>
					</trkpt>
					<trkpt lat="50.518160" lon="5.512020">
						<ele>254</ele>
						<time>2022-06-30T21:12:59Z</time>
					</trkpt>
					<trkpt lat="50.518330" lon="5.512030">
						<ele>252</ele>
						<time>2022-06-30T21:13:12Z</time>
					</trkpt>
					<trkpt lat="50.518460" lon="5.512140">
						<ele>251</ele>
						<time>2022-06-30T21:13:24Z</time>
					</trkpt>
					<trkpt lat="50.518560" lon="5.512250">
						<ele>251</ele>
						<time>2022-06-30T21:13:34Z</time>
					</trkpt>
					<trkpt lat="50.518970" lon="5.511870">
						<ele>243</ele>
						<time>2022-06-30T21:14:12Z</time>
					</trkpt>
					<trkpt lat="50.519110" lon="5.511730">
						<ele>240</ele>
						<time>2022-06-30T21:14:25Z</time>
					</trkpt>
					<trkpt lat="50.519220" lon="5.511510">
						<ele>237</ele>
						<time>2022-06-30T21:14:39Z</time>
					</trkpt>
					<trkpt lat="50.519250" lon="5.511320">
						<ele>236</ele>
						<time>2022-06-30T21:14:49Z</time>
					</trkpt>
					<trkpt lat="50.519230" lon="5.511100">
						<ele>235</ele>
						<time>2022-06-30T21:15:01Z</time>
					</trkpt>
					<trkpt lat="50.519170" lon="5.510850">
						<ele>234</ele>
						<time>2022-06-30T21:15:14Z</time>
					</trkpt>
					<trkpt lat="50.519120" lon="5.510570">
						<ele>233</ele>
						<time>2022-06-30T21:15:29Z</time>
					</trkpt>
					<trkpt lat="50.519150" lon="5.510280">
						<ele>231</ele>
						<time>2022-06-30T21:15:44Z</time>
					</trkpt>
					<trkpt lat="50.519200" lon="5.509980">
						<ele>228</ele>
						<time>2022-06-30T21:16:00Z</time>
					</trkpt>
					<trkpt lat="50.519390" lon="5.509560">
						<ele>220</ele>
						<time>2022-06-30T21:16:26Z</time>
					</trkpt>
					<trkpt lat="50.519580" lon="5.509320">
						<ele>215</ele>
						<time>2022-06-30T21:16:46Z</time>
					</trkpt>
					<trkpt lat="50.519660" lon="5.509160">
						<ele>212</ele>
						<time>2022-06-30T21:16:56Z</time>
					</trkpt>
					<trkpt lat="50.519680" lon="5.508920">
						<ele>209</ele>
						<time>2022-06-30T21:17:08Z</time>
					</trkpt>
					<trkpt lat="50.519630" lon="5.508630">
						<ele>208</ele>
						<time>2022-06-30T21:17:24Z</time>
					</trkpt>
					<trkpt lat="50.519580" lon="5.508440">
						<ele>207</ele>
						<time>2022-06-30T21:17:34Z</time>
					</trkpt>
					<trkpt lat="50.519570" lon="5.508140">
						<ele>206</ele>
						<time>2022-06-30T21:17:49Z</time>
					</trkpt>
					<trkpt lat="50.519710" lon="5.507810">
						<ele>203</ele>
						<time>2022-06-30T21:18:10Z</time>
					</trkpt>
					<trkpt lat="50.519740" lon="5.507590">
						<ele>202</ele>
						<time>2022-06-30T21:18:21Z</time>
					</trkpt>
					<trkpt lat="50.520260" lon="5.507390">
						<ele>192</ele>
						<time>2022-06-30T21:19:04Z</time>
					</trkpt>
					<trkpt lat="50.520640" lon="5.507250">
						<ele>186</ele>
						<time>2022-06-30T21:19:35Z</time>
					</trkpt>
					<trkpt lat="50.520670" lon="5.507000">
						<ele>186</ele>
						<time>2022-06-30T21:19:48Z</time>
					</trkpt>
					<trkpt lat="50.520790" lon="5.506610">
						<ele>185</ele>
						<time>2022-06-30T21:20:10Z</time>
					</trkpt>
					<trkpt lat="50.520850" lon="5.506420">
						<ele>184</ele>
						<time>2022-06-30T21:20:21Z</time>
					</trkpt>
					<trkpt lat="50.520880" lon="5.506200">
						<ele>185</ele>
						<time>2022-06-30T21:20:32Z</time>
					</trkpt>
					<trkpt lat="50.520860" lon="5.505870">
						<ele>186</ele>
						<time>2022-06-30T21:20:49Z</time>
					</trkpt>
					<trkpt lat="50.520580" lon="5.505290">
						<ele>187</ele>
						<time>2022-06-30T21:21:26Z</time>
					</trkpt>
					<trkpt lat="50.520410" lon="5.504620">
						<ele>186</ele>
						<time>2022-06-30T21:22:03Z</time>
					</trkpt>
					<trkpt lat="50.520210" lon="5.503710">
						<ele>186</ele>
						<time>2022-06-30T21:22:52Z</time>
					</trkpt>
					<trkpt lat="50.520160" lon="5.503450">
						<ele>187</ele>
						<time>2022-06-30T21:23:06Z</time>
					</trkpt>
					<trkpt lat="50.520070" lon="5.503130">
						<ele>186</ele>
						<time>2022-06-30T21:23:24Z</time>
					</trkpt>
					<trkpt lat="50.519940" lon="5.502820">
						<ele>186</ele>
						<time>2022-06-30T21:23:43Z</time>
					</trkpt>
					<trkpt lat="50.519670" lon="5.502470">
						<ele>185</ele>
						<time>2022-06-30T21:24:11Z</time>
					</trkpt>
					<trkpt lat="50.519610" lon="5.501990">
						<ele>184</ele>
						<time>2022-06-30T21:24:35Z</time>
					</trkpt>
					<trkpt lat="50.519620" lon="5.501290">
						<ele>182</ele>
						<time>2022-06-30T21:25:11Z</time>
					</trkpt>
					<trkpt lat="50.519630" lon="5.500770">
						<ele>181</ele>
						<time>2022-06-30T21:25:38Z</time>
					</trkpt>
					<trkpt lat="50.519540" lon="5.500270">
						<ele>179</ele>
						<time>2022-06-30T21:26:04Z</time>
					</trkpt>
					<trkpt lat="50.519450" lon="5.499700">
						<ele>173</ele>
						<time>2022-06-30T21:26:34Z</time>
					</trkpt>
					<trkpt lat="50.519410" lon="5.499300">
						<ele>167</ele>
						<time>2022-06-30T21:26:55Z</time>
					</trkpt>
					<trkpt lat="50.519450" lon="5.499080">
						<ele>163</ele>
						<time>2022-06-30T21:27:06Z</time>
					</trkpt>
					<trkpt lat="50.519690" lon="5.498880">
						<ele>161</ele>
						<time>2022-06-30T21:27:28Z</time>
					</trkpt>
					<trkpt lat="50.519980" lon="5.498720">
						<ele>158</ele>
						<time>2022-06-30T21:27:53Z</time>
					</trkpt>
					<trkpt lat="50.520270" lon="5.498910">
						<ele>159</ele>
						<time>2022-06-30T21:28:18Z</time>
					</trkpt>
					<trkpt lat="50.520530" lon="5.499240">
						<ele>160</ele>
						<time>2022-06-30T21:28:44Z</time>
					</trkpt>
					<trkpt lat="50.521020" lon="5.499960">
						<ele>161</ele>
						<time>2022-06-30T21:29:38Z</time>
					</trkpt>
					<trkpt lat="50.521510" lon="5.500670">
						<ele>158</ele>
						<time>2022-06-30T21:30:32Z</time>
					</trkpt>
					<trkpt lat="50.521870" lon="5.501160">
						<ele>158</ele>
						<time>2022-06-30T21:31:10Z</time>
					</trkpt>
					<trkpt lat="50.522050" lon="5.501350">
						<ele>157</ele>
						<time>2022-06-30T21:31:27Z</time>
					</trkpt>
					<trkpt lat="50.522340" lon="5.501800">
						<ele>155</ele>
						<time>2022-06-30T21:32:00Z</time>
					</trkpt>
					<trkpt lat="50.522680" lon="5.502430">
						<ele>156</ele>
						<time>2022-06-30T21:32:42Z</time>
					</trkpt>
					<trkpt lat="50.522690" lon="5.502120">
						<ele>155</ele>
						<time>2022-06-30T21:32:57Z</time>
					</trkpt>
					<trkpt lat="50.522560" lon="5.501830">
						<ele>153</ele>
						<time>2022-06-30T21:33:16Z</time>
					</trkpt>
					<trkpt lat="50.522470" lon="5.501600">
						<ele>151</ele>
						<time>2022-06-30T21:33:29Z</time>
					</trkpt>
					<trkpt lat="50.522430" lon="5.501350">
						<ele>152</ele>
						<time>2022-06-30T21:33:42Z</time>
					</trkpt>
					<trkpt lat="50.522410" lon="5.501000">
						<ele>151</ele>
						<time>2022-06-30T21:34:00Z</time>
					</trkpt>
					<trkpt lat="50.522420" lon="5.500610">
						<ele>151</ele>
						<time>2022-06-30T21:34:20Z</time>
					</trkpt>
					<trkpt lat="50.522390" lon="5.500210">
						<ele>151</ele>
						<time>2022-06-30T21:34:41Z</time>
					</trkpt>
					<trkpt lat="50.522280" lon="5.499880">
						<ele>151</ele>
						<time>2022-06-30T21:35:00Z</time>
					</trkpt>
					<trkpt lat="50.522140" lon="5.499650">
						<ele>152</ele>
						<time>2022-06-30T21:35:16Z</time>
					</trkpt>
					<trkpt lat="50.522030" lon="5.499390">
						<ele>153</ele>
						<time>2022-06-30T21:35:32Z</time>
					</trkpt>
					<trkpt lat="50.521780" lon="5.498630">
						<ele>160</ele>
						<time>2022-06-30T21:36:15Z</time>
					</trkpt>
					<trkpt lat="50.521700" lon="5.498060">
						<ele>166</ele>
						<time>2022-06-30T21:36:45Z</time>
					</trkpt>
					<trkpt lat="50.521400" lon="5.497270">
						<ele>171</ele>
						<time>2022-06-30T21:37:32Z</time>
					</trkpt>
					<trkpt lat="50.521070" lon="5.496440">
						<ele>171</ele>
						<time>2022-06-30T21:38:22Z</time>
					</trkpt>
					<trkpt lat="50.520820" lon="5.495800">
						<ele>173</ele>
						<time>2022-06-30T21:39:00Z</time>
					</trkpt>
					<trkpt lat="50.520620" lon="5.495120">
						<ele>174</ele>
						<time>2022-06-30T21:39:38Z</time>
					</trkpt>
					<trkpt lat="50.520450" lon="5.494560">
						<ele>175</ele>
						<time>2022-06-30T21:40:10Z</time>
					</trkpt>
					<trkpt lat="50.520290" lon="5.493810">
						<ele>177</ele>
						<time>2022-06-30T21:40:50Z</time>
					</trkpt>
					<trkpt lat="50.520100" lon="5.492980">
						<ele>179</ele>
						<time>2022-06-30T21:41:35Z</time>
					</trkpt>
					<trkpt lat="50.519960" lon="5.492330">
						<ele>181</ele>
						<time>2022-06-30T21:42:10Z</time>
					</trkpt>
					<trkpt lat="50.519600" lon="5.491380">
						<ele>181</ele>
						<time>2022-06-30T21:43:06Z</time>
					</trkpt>
					<trkpt lat="50.519310" lon="5.490630">
						<ele>183</ele>
						<time>2022-06-30T21:43:51Z</time>
					</trkpt>
					<trkpt lat="50.518930" lon="5.489710">
						<ele>185</ele>
						<time>2022-06-30T21:44:47Z</time>
					</trkpt>
					<trkpt lat="50.518580" lon="5.488940">
						<ele>185</ele>
						<time>2022-06-30T21:45:35Z</time>
					</trkpt>
					<trkpt lat="50.518490" lon="5.488660">
						<ele>186</ele>
						<time>2022-06-30T21:45:51Z</time>
					</trkpt>
					<trkpt lat="50.518420" lon="5.488380">
						<ele>186</ele>
						<time>2022-06-30T21:46:06Z</time>
					</trkpt>
					<trkpt lat="50.518160" lon="5.487850">
						<ele>186</ele>
						<time>2022-06-30T21:46:40Z</time>
					</trkpt>
					<trkpt lat="50.518300" lon="5.487480">
						<ele>187</ele>
						<time>2022-06-30T21:47:02Z</time>
					</trkpt>
					<trkpt lat="50.518390" lon="5.487270">
						<ele>187</ele>
						<time>2022-06-30T21:47:15Z</time>
					</trkpt>
					<trkpt lat="50.518510" lon="5.487120">
						<ele>187</ele>
						<time>2022-06-30T21:47:27Z</time>
					</trkpt>
					<trkpt lat="50.519010" lon="5.486900">
						<ele>189</ele>
						<time>2022-06-30T21:48:09Z</time>
					</trkpt>
					<trkpt lat="50.519540" lon="5.486640">
						<ele>190</ele>
						<time>2022-06-30T21:48:53Z</time>
					</trkpt>
					<trkpt lat="50.519450" lon="5.485860">
						<ele>190</ele>
						<time>2022-06-30T21:49:34Z</time>
					</trkpt>
					<trkpt lat="50.519360" lon="5.485560">
						<ele>189</ele>
						<time>2022-06-30T21:49:51Z</time>
					</trkpt>
					<trkpt lat="50.519190" lon="5.485130">
						<ele>189</ele>
						<time>2022-06-30T21:50:16Z</time>
					</trkpt>
					<trkpt lat="50.519010" lon="5.484700">
						<ele>189</ele>
						<time>2022-06-30T21:50:43Z</time>
					</trkpt>
					<trkpt lat="50.518880" lon="5.484340">
						<ele>188</ele>
						<time>2022-06-30T21:51:04Z</time>
					</trkpt>
					<trkpt lat="50.518580" lon="5.484070">
						<ele>189</ele>
						<time>2022-06-30T21:51:31Z</time>
					</trkpt>
					<trkpt lat="50.518220" lon="5.483820">
						<ele>189</ele>
						<time>2022-06-30T21:52:03Z</time>
					</trkpt>
					<trkpt lat="50.517860" lon="5.483550">
						<ele>189</ele>
						<time>2022-06-30T21:52:35Z</time>
					</trkpt>
					<trkpt lat="50.517480" lon="5.483180">
						<ele>188</ele>
						<time>2022-06-30T21:53:11Z</time>
					</trkpt>
					<trkpt lat="50.517180" lon="5.482800">
						<ele>190</ele>
						<time>2022-06-30T21:53:41Z</time>
					</trkpt>
					<trkpt lat="50.516810" lon="5.482320">
						<ele>192</ele>
						<time>2022-06-30T21:54:20Z</time>
					</trkpt>
					<trkpt lat="50.516550" lon="5.482240">
						<ele>192</ele>
						<time>2022-06-30T21:54:41Z</time>
					</trkpt>
					<trkpt lat="50.516340" lon="5.482160">
						<ele>191</ele>
						<time>2022-06-30T21:54:58Z</time>
					</trkpt>
					<trkpt lat="50.516080" lon="5.481820">
						<ele>191</ele>
						<time>2022-06-30T21:55:25Z</time>
					</trkpt>
					<trkpt lat="50.515680" lon="5.480910">
						<ele>193</ele>
						<time>2022-06-30T21:56:22Z</time>
					</trkpt>
					<trkpt lat="50.515410" lon="5.480290">
						<ele>194</ele>
						<time>2022-06-30T21:57:00Z</time>
					</trkpt>
					<trkpt lat="50.515270" lon="5.479770">
						<ele>194</ele>
						<time>2022-06-30T21:57:29Z</time>
					</trkpt>
					<trkpt lat="50.515710" lon="5.479530">
						<ele>196</ele>
						<time>2022-06-30T21:58:06Z</time>
					</trkpt>
					<trkpt lat="50.516080" lon="5.479330">
						<ele>196</ele>
						<time>2022-06-30T21:58:37Z</time>
					</trkpt>
					<trkpt lat="50.516320" lon="5.479210">
						<ele>196</ele>
						<time>2022-06-30T21:58:57Z</time>
					</trkpt>
					<trkpt lat="50.516520" lon="5.479180">
						<ele>195</ele>
						<time>2022-06-30T21:59:14Z</time>
					</trkpt>
					<trkpt lat="50.516700" lon="5.479090">
						<ele>195</ele>
						<time>2022-06-30T21:59:29Z</time>
					</trkpt>
					<trkpt lat="50.516850" lon="5.478960">
						<ele>195</ele>
						<time>2022-06-30T21:59:42Z</time>
					</trkpt>
					<trkpt lat="50.517050" lon="5.478880">
						<ele>196</ele>
						<time>2022-06-30T21:59:59Z</time>
					</trkpt>
					<trkpt lat="50.517340" lon="5.478700">
						<ele>197</ele>
						<time>2022-06-30T22:00:24Z</time>
					</trkpt>
					<trkpt lat="50.517520" lon="5.478630">
						<ele>198</ele>
						<time>2022-06-30T22:00:39Z</time>
					</trkpt>
					<trkpt lat="50.517330" lon="5.478190">
						<ele>199</ele>
						<time>2022-06-30T22:01:06Z</time>
					</trkpt>
					<trkpt lat="50.517010" lon="5.477630">
						<ele>199</ele>
						<time>2022-06-30T22:01:44Z</time>
					</trkpt>
					<trkpt lat="50.516900" lon="5.477350">
						<ele>199</ele>
						<time>2022-06-30T22:02:01Z</time>
					</trkpt>
					<trkpt lat="50.516810" lon="5.476870">
						<ele>200</ele>
						<time>2022-06-30T22:02:26Z</time>
					</trkpt>
					<trkpt lat="50.516680" lon="5.476210">
						<ele>201</ele>
						<time>2022-06-30T22:03:02Z</time>
					</trkpt>
					<trkpt lat="50.516520" lon="5.475430">
						<ele>201</ele>
						<time>2022-06-30T22:03:43Z</time>
					</trkpt>
					<trkpt lat="50.516180" lon="5.474460">
						<ele>202</ele>
						<time>2022-06-30T22:04:40Z</time>
					</trkpt>
					<trkpt lat="50.515750" lon="5.473310">
						<ele>202</ele>
						<time>2022-06-30T22:05:48Z</time>
					</trkpt>
					<trkpt lat="50.515330" lon="5.472170">
						<ele>200</ele>
						<time>2022-06-30T22:06:55Z</time>
					</trkpt>
					<trkpt lat="50.514870" lon="5.470930">
						<ele>200</ele>
						<time>2022-06-30T22:08:08Z</time>
					</trkpt>
					<trkpt lat="50.515080" lon="5.470660">
						<ele>199</ele>
						<time>2022-06-30T22:08:29Z</time>
					</trkpt>
					<trkpt lat="50.515160" lon="5.470520">
						<ele>197</ele>
						<time>2022-06-30T22:08:39Z</time>
					</trkpt>
					<trkpt lat="50.515550" lon="5.470020">
						<ele>189</ele>
						<time>2022-06-30T22:09:19Z</time>
					</trkpt>
					<trkpt lat="50.515560" lon="5.469440">
						<ele>190</ele>
						<time>2022-06-30T22:09:49Z</time>
					</trkpt>
					<trkpt lat="50.515900" lon="5.469080">
						<ele>185</ele>
						<time>2022-06-30T22:10:22Z</time>
					</trkpt>
					<trkpt lat="50.516150" lon="5.468810">
						<ele>184</ele>
						<time>2022-06-30T22:10:46Z</time>
					</trkpt>
					<trkpt lat="50.516310" lon="5.468710">
						<ele>184</ele>
						<time>2022-06-30T22:11:00Z</time>
					</trkpt>
					<trkpt lat="50.516390" lon="5.468190">
						<ele>186</ele>
						<time>2022-06-30T22:11:27Z</time>
					</trkpt>
					<trkpt lat="50.516530" lon="5.468110">
						<ele>185</ele>
						<time>2022-06-30T22:11:39Z</time>
					</trkpt>
					<trkpt lat="50.516540" lon="5.468010">
						<ele>186</ele>
						<time>2022-06-30T22:11:44Z</time>
					</trkpt>
					<trkpt lat="50.516630" lon="5.467980">
						<ele>185</ele>
						<time>2022-06-30T22:11:51Z</time>
					</trkpt>
					<trkpt lat="50.516810" lon="5.467680">
						<ele>188</ele>
						<time>2022-06-30T22:12:12Z</time>
					</trkpt>
					<trkpt lat="50.516980" lon="5.467400">
						<ele>191</ele>
						<time>2022-06-30T22:12:32Z</time>
					</trkpt>
					<trkpt lat="50.517230" lon="5.467180">
						<ele>194</ele>
						<time>2022-06-30T22:12:55Z</time>
					</trkpt>
					<trkpt lat="50.517550" lon="5.467060">
						<ele>198</ele>
						<time>2022-06-30T22:13:21Z</time>
					</trkpt>
					<trkpt lat="50.517720" lon="5.467050">
						<ele>200</ele>
						<time>2022-06-30T22:13:35Z</time>
					</trkpt>
					<trkpt lat="50.517960" lon="5.467120">
						<ele>204</ele>
						<time>2022-06-30T22:13:55Z</time>
					</trkpt>
					<trkpt lat="50.518150" lon="5.467320">
						<ele>206</ele>
						<time>2022-06-30T22:14:13Z</time>
					</trkpt>
					<trkpt lat="50.518280" lon="5.467530">
						<ele>208</ele>
						<time>2022-06-30T22:14:28Z</time>
					</trkpt>
					<trkpt lat="50.518690" lon="5.467160">
						<ele>209</ele>
						<time>2022-06-30T22:15:06Z</time>
					</trkpt>
					<trkpt lat="50.518830" lon="5.467030">
						<ele>210</ele>
						<time>2022-06-30T22:15:19Z</time>
					</trkpt>
					<trkpt lat="50.519140" lon="5.466800">
						<ele>210</ele>
						<time>2022-06-30T22:15:46Z</time>
					</trkpt>
					<trkpt lat="50.519410" lon="5.466590">
						<ele>212</ele>
						<time>2022-06-30T22:16:10Z</time>
					</trkpt>
					<trkpt lat="50.519700" lon="5.466310">
						<ele>214</ele>
						<time>2022-06-30T22:16:37Z</time>
					</trkpt>
					<trkpt lat="50.520010" lon="5.465990">
						<ele>216</ele>
						<time>2022-06-30T22:17:07Z</time>
					</trkpt>
					<trkpt lat="50.520170" lon="5.465800">
						<ele>217</ele>
						<time>2022-06-30T22:17:23Z</time>
					</trkpt>
					<trkpt lat="50.520410" lon="5.465500">
						<ele>218</ele>
						<time>2022-06-30T22:17:48Z</time>
					</trkpt>
					<trkpt lat="50.520630" lon="5.465220">
						<ele>219</ele>
						<time>2022-06-30T22:18:10Z</time>
					</trkpt>
					<trkpt lat="50.520830" lon="5.464890">
						<ele>220</ele>
						<time>2022-06-30T22:18:34Z</time>
					</trkpt>
					<trkpt lat="50.521210" lon="5.464360">
						<ele>225</ele>
						<time>2022-06-30T22:19:14Z</time>
					</trkpt>
					<trkpt lat="50.521420" lon="5.464060">
						<ele>227</ele>
						<time>2022-06-30T22:19:37Z</time>
					</trkpt>
					<trkpt lat="50.521710" lon="5.463760">
						<ele>230</ele>
						<time>2022-06-30T22:20:05Z</time>
					</trkpt>
					<trkpt lat="50.521870" lon="5.463290">
						<ele>231</ele>
						<time>2022-06-30T22:20:32Z</time>
					</trkpt>
					<trkpt lat="50.522040" lon="5.462770">
						<ele>233</ele>
						<time>2022-06-30T22:21:02Z</time>
					</trkpt>
					<trkpt lat="50.522130" lon="5.462200">
						<ele>233</ele>
						<time>2022-06-30T22:21:32Z</time>
					</trkpt>
					<trkpt lat="50.522240" lon="5.461940">
						<ele>234</ele>
						<time>2022-06-30T22:21:48Z</time>
					</trkpt>
					<trkpt lat="50.522500" lon="5.461500">
						<ele>235</ele>
						<time>2022-06-30T22:22:18Z</time>
					</trkpt>
					<trkpt lat="50.522640" lon="5.461140">
						<ele>237</ele>
						<time>2022-06-30T22:22:40Z</time>
					</trkpt>
					<trkpt lat="50.522870" lon="5.460760">
						<ele>239</ele>
						<time>2022-06-30T22:23:06Z</time>
					</trkpt>
					<trkpt lat="50.522750" lon="5.460440">
						<ele>240</ele>
						<time>2022-06-30T22:23:25Z</time>
					</trkpt>
					<trkpt lat="50.522520" lon="5.459900">
						<ele>240</ele>
						<time>2022-06-30T22:23:58Z</time>
					</trkpt>
					<trkpt lat="50.522290" lon="5.459250">
						<ele>240</ele>
						<time>2022-06-30T22:24:36Z</time>
					</trkpt>
					<trkpt lat="50.522180" lon="5.458810">
						<ele>241</ele>
						<time>2022-06-30T22:25:00Z</time>
					</trkpt>
					<trkpt lat="50.522140" lon="5.458380">
						<ele>242</ele>
						<time>2022-06-30T22:25:22Z</time>
					</trkpt>
					<trkpt lat="50.521920" lon="5.457730">
						<ele>243</ele>
						<time>2022-06-30T22:26:00Z</time>
					</trkpt>
					<trkpt lat="50.521630" lon="5.456950">
						<ele>242</ele>
						<time>2022-06-30T22:26:46Z</time>
					</trkpt>
					<trkpt lat="50.521350" lon="5.456290">
						<ele>241</ele>
						<time>2022-06-30T22:27:26Z</time>
					</trkpt>
					<trkpt lat="50.520940" lon="5.455620">
						<ele>238</ele>
						<time>2022-06-30T22:28:14Z</time>
					</trkpt>
					<trkpt lat="50.520530" lon="5.454950">
						<ele>235</ele>
						<time>2022-06-30T22:29:01Z</time>
					</trkpt>
					<trkpt lat="50.520120" lon="5.454270">
						<ele>235</ele>
						<time>2022-06-30T22:29:49Z</time>
					</trkpt>
					<trkpt lat="50.519820" lon="5.453800">
						<ele>235</ele>
						<time>2022-06-30T22:30:23Z</time>
					</trkpt>
					<trkpt lat="50.519340" lon="5.453030">
						<ele>237</ele>
						<time>2022-06-30T22:31:17Z</time>
					</trkpt>
					<trkpt lat="50.518830" lon="5.452230">
						<ele>238</ele>
						<time>2022-06-30T22:32:15Z</time>
					</trkpt>
					<trkpt lat="50.518320" lon="5.451430">
						<ele>238</ele>
						<time>2022-06-30T22:33:13Z</time>
					</trkpt>
					<trkpt lat="50.517870" lon="5.450750">
						<ele>237</ele>
						<time>2022-06-30T22:34:03Z</time>
					</trkpt>
					<trkpt lat="50.517600" lon="5.450150">
						<ele>237</ele>
						<time>2022-06-30T22:34:40Z</time>
					</trkpt>
					<trkpt lat="50.517260" lon="5.449450">
						<ele>236</ele>
						<time>2022-06-30T22:35:25Z</time>
					</trkpt>
					<trkpt lat="50.517660" lon="5.448860">
						<ele>241</ele>
						<time>2022-06-30T22:36:09Z</time>
					</trkpt>
					<trkpt lat="50.517480" lon="5.448260">
						<ele>241</ele>
						<time>2022-06-30T22:36:43Z</time>
					</trkpt>
					<trkpt lat="50.517510" lon="5.448060">
						<ele>241</ele>
						<time>2022-06-30T22:36:53Z</time>
					</trkpt>
					<trkpt lat="50.517660" lon="5.447990">
						<ele>242</ele>
						<time>2022-06-30T22:37:06Z</time>
					</trkpt>
					<trkpt lat="50.517770" lon="5.447810">
						<ele>242</ele>
						<time>2022-06-30T22:37:18Z</time>
					</trkpt>
					<trkpt lat="50.517840" lon="5.447620">
						<ele>243</ele>
						<time>2022-06-30T22:37:30Z</time>
					</trkpt>
					<trkpt lat="50.518020" lon="5.447960">
						<ele>243</ele>
						<time>2022-06-30T22:37:52Z</time>
					</trkpt>
					<trkpt lat="50.518140" lon="5.448150">
						<ele>244</ele>
						<time>2022-06-30T22:38:06Z</time>
					</trkpt>
					<trkpt lat="50.518620" lon="5.447720">
						<ele>245</ele>
						<time>2022-06-30T22:38:50Z</time>
					</trkpt>
					<trkpt lat="50.518880" lon="5.447540">
						<ele>246</ele>
						<time>2022-06-30T22:39:13Z</time>
					</trkpt>
					<trkpt lat="50.519080" lon="5.447430">
						<ele>246</ele>
						<time>2022-06-30T22:39:30Z</time>
					</trkpt>
					<trkpt lat="50.519240" lon="5.447430">
						<ele>245</ele>
						<time>2022-06-30T22:39:42Z</time>
					</trkpt>
					<trkpt lat="50.519650" lon="5.447650">
						<ele>244</ele>
						<time>2022-06-30T22:40:17Z</time>
					</trkpt>
					<trkpt lat="50.519860" lon="5.447900">
						<ele>243</ele>
						<time>2022-06-30T22:40:38Z</time>
					</trkpt>
					<trkpt lat="50.520190" lon="5.448390">
						<ele>244</ele>
						<time>2022-06-30T22:41:15Z</time>
					</trkpt>
					<trkpt lat="50.520520" lon="5.448880">
						<ele>244</ele>
						<time>2022-06-30T22:41:51Z</time>
					</trkpt>
					<trkpt lat="50.520840" lon="5.447980">
						<ele>237</ele>
						<time>2022-06-30T22:42:43Z</time>
					</trkpt>
					<trkpt lat="50.521140" lon="5.447450">
						<ele>233</ele>
						<time>2022-06-30T22:43:20Z</time>
					</trkpt>
					<trkpt lat="50.521490" lon="5.447230">
						<ele>232</ele>
						<time>2022-06-30T22:43:50Z</time>
					</trkpt>
					<trkpt lat="50.521730" lon="5.447190">
						<ele>232</ele>
						<time>2022-06-30T22:44:09Z</time>
					</trkpt>
					<trkpt lat="50.521890" lon="5.447070">
						<ele>233</ele>
						<time>2022-06-30T22:44:23Z</time>
					</trkpt>
					<trkpt lat="50.522250" lon="5.446580">
						<ele>235</ele>
						<time>2022-06-30T22:45:01Z</time>
					</trkpt>
					<trkpt lat="50.522640" lon="5.446020">
						<ele>237</ele>
						<time>2022-06-30T22:45:44Z</time>
					</trkpt>
					<trkpt lat="50.522970" lon="5.445550">
						<ele>241</ele>
						<time>2022-06-30T22:46:19Z</time>
					</trkpt>
					<trkpt lat="50.523040" lon="5.445360">
						<ele>242</ele>
						<time>2022-06-30T22:46:30Z</time>
					</trkpt>
					<trkpt lat="50.523030" lon="5.444730">
						<ele>244</ele>
						<time>2022-06-30T22:47:03Z</time>
					</trkpt>
					<trkpt lat="50.523010" lon="5.444130">
						<ele>246</ele>
						<time>2022-06-30T22:47:33Z</time>
					</trkpt>
					<trkpt lat="50.522960" lon="5.442860">
						<ele>250</ele>
						<time>2022-06-30T22:48:38Z</time>
					</trkpt>
					<trkpt lat="50.522900" lon="5.442460">
						<ele>250</ele>
						<time>2022-06-30T22:48:59Z</time>
					</trkpt>
					<trkpt lat="50.522700" lon="5.441670">
						<ele>251</ele>
						<time>2022-06-30T22:49:42Z</time>
					</trkpt>
					<trkpt lat="50.522210" lon="5.440790">
						<ele>248</ele>
						<time>2022-06-30T22:50:42Z</time>
					</trkpt>
					<trkpt lat="50.521710" lon="5.439860">
						<ele>248</ele>
						<time>2022-06-30T22:51:44Z</time>
					</trkpt>
					<trkpt lat="50.521450" lon="5.439400">
						<ele>247</ele>
						<time>2022-06-30T22:52:15Z</time>
					</trkpt>
					<trkpt lat="50.521360" lon="5.439160">
						<ele>248</ele>
						<time>2022-06-30T22:52:29Z</time>
					</trkpt>
					<trkpt lat="50.521550" lon="5.439010">
						<ele>250</ele>
						<time>2022-06-30T22:52:46Z</time>
					</trkpt>
					<trkpt lat="50.522190" lon="5.438700">
						<ele>253</ele>
						<time>2022-06-30T22:53:40Z</time>
					</trkpt>
					<trkpt lat="50.522300" lon="5.438600">
						<ele>254</ele>
						<time>2022-06-30T22:53:50Z</time>
					</trkpt>
					<trkpt lat="50.522750" lon="5.438240">
						<ele>257</ele>
						<time>2022-06-30T22:54:30Z</time>
					</trkpt>
					<trkpt lat="50.523250" lon="5.437830">
						<ele>261</ele>
						<time>2022-06-30T22:55:16Z</time>
					</trkpt>
					<trkpt lat="50.523760" lon="5.437420">
						<ele>263</ele>
						<time>2022-06-30T22:56:01Z</time>
					</trkpt>
					<trkpt lat="50.524280" lon="5.437000">
						<ele>265</ele>
						<time>2022-06-30T22:56:48Z</time>
					</trkpt>
					<trkpt lat="50.524820" lon="5.436560">
						<ele>265</ele>
						<time>2022-06-30T22:57:37Z</time>
					</trkpt>
					<trkpt lat="50.525370" lon="5.436100">
						<ele>264</ele>
						<time>2022-06-30T22:58:27Z</time>
					</trkpt>
					<trkpt lat="50.525930" lon="5.435640">
						<ele>262</ele>
						<time>2022-06-30T22:59:17Z</time>
					</trkpt>
					<trkpt lat="50.526720" lon="5.434980">
						<ele>261</ele>
						<time>2022-06-30T23:00:29Z</time>
					</trkpt>
					<trkpt lat="50.527600" lon="5.434250">
						<ele>261</ele>
						<time>2022-06-30T23:01:49Z</time>
					</trkpt>
					<trkpt lat="50.528510" lon="5.433490">
						<ele>258</ele>
						<time>2022-06-30T23:03:11Z</time>
					</trkpt>
					<trkpt lat="50.529460" lon="5.432710">
						<ele>259</ele>
						<time>2022-06-30T23:04:37Z</time>
					</trkpt>
					<trkpt lat="50.529730" lon="5.432480">
						<ele>260</ele>
						<time>2022-06-30T23:05:02Z</time>
					</trkpt>
					<trkpt lat="50.529910" lon="5.432300">
						<ele>260</ele>
						<time>2022-06-30T23:05:19Z</time>
					</trkpt>
					<trkpt lat="50.530070" lon="5.432100">
						<ele>260</ele>
						<time>2022-06-30T23:05:35Z</time>
					</trkpt>
					<trkpt lat="50.530140" lon="5.431990">
						<ele>260</ele>
						<time>2022-06-30T23:05:43Z</time>
					</trkpt>
					<trkpt lat="50.529970" lon="5.431720">
						<ele>260</ele>
						<time>2022-06-30T23:06:02Z</time>
					</trkpt>
					<trkpt lat="50.529750" lon="5.431360">
						<ele>260</ele>
						<time>2022-06-30T23:06:28Z</time>
					</trkpt>
					<trkpt lat="50.529970" lon="5.431110">
						<ele>260</ele>
						<time>2022-06-30T23:06:49Z</time>
					</trkpt>
					<trkpt lat="50.530270" lon="5.430870">
						<ele>259</ele>
						<time>2022-06-30T23:07:16Z</time>
					</trkpt>
					<trkpt lat="50.530720" lon="5.430590">
						<ele>258</ele>
						<time>2022-06-30T23:07:55Z</time>
					</trkpt>
					<trkpt lat="50.531120" lon="5.430290">
						<ele>257</ele>
						<time>2022-06-30T23:08:31Z</time>
					</trkpt>
					<trkpt lat="50.531330" lon="5.429980">
						<ele>257</ele>
						<time>2022-06-30T23:08:54Z</time>
					</trkpt>
					<trkpt lat="50.531620" lon="5.429520">
						<ele>256</ele>
						<time>2022-06-30T23:09:27Z</time>
					</trkpt>
					<trkpt lat="50.531870" lon="5.429120">
						<ele>254</ele>
						<time>2022-06-30T23:09:55Z</time>
					</trkpt>
					<trkpt lat="50.531980" lon="5.428490">
						<ele>254</ele>
						<time>2022-06-30T23:10:28Z</time>
					</trkpt>
					<trkpt lat="50.532020" lon="5.428020">
						<ele>253</ele>
						<time>2022-06-30T23:10:53Z</time>
					</trkpt>
					<trkpt lat="50.532010" lon="5.427490">
						<ele>252</ele>
						<time>2022-06-30T23:11:19Z</time>
					</trkpt>
					<trkpt lat="50.531970" lon="5.427120">
						<ele>252</ele>
						<time>2022-06-30T23:11:39Z</time>
					</trkpt>
					<trkpt lat="50.531790" lon="5.426600">
						<ele>252</ele>
						<time>2022-06-30T23:12:09Z</time>
					</trkpt>
					<trkpt lat="50.531500" lon="5.425980">
						<ele>253</ele>
						<time>2022-06-30T23:12:48Z</time>
					</trkpt>
					<trkpt lat="50.531170" lon="5.425320">
						<ele>253</ele>
						<time>2022-06-30T23:13:31Z</time>
					</trkpt>
					<trkpt lat="50.530840" lon="5.424580">
						<ele>252</ele>
						<time>2022-06-30T23:14:17Z</time>
					</trkpt>
					<trkpt lat="50.530610" lon="5.424040">
						<ele>252</ele>
						<time>2022-06-30T23:14:50Z</time>
					</trkpt>
					<trkpt lat="50.530350" lon="5.423080">
						<ele>252</ele>
						<time>2022-06-30T23:15:43Z</time>
					</trkpt>
					<trkpt lat="50.530090" lon="5.422240">
						<ele>251</ele>
						<time>2022-06-30T23:16:30Z</time>
					</trkpt>
					<trkpt lat="50.529900" lon="5.421840">
						<ele>252</ele>
						<time>2022-06-30T23:16:56Z</time>
					</trkpt>
					<trkpt lat="50.529480" lon="5.421160">
						<ele>252</ele>
						<time>2022-06-30T23:17:44Z</time>
					</trkpt>
					<trkpt lat="50.528970" lon="5.420220">
						<ele>251</ele>
						<time>2022-06-30T23:18:47Z</time>
					</trkpt>
					<trkpt lat="50.528580" lon="5.419480">
						<ele>251</ele>
						<time>2022-06-30T23:19:36Z</time>
					</trkpt>
					<trkpt lat="50.527930" lon="5.418320">
						<ele>251</ele>
						<time>2022-06-30T23:20:55Z</time>
					</trkpt>
					<trkpt lat="50.527910" lon="5.418070">
						<ele>250</ele>
						<time>2022-06-30T23:21:07Z</time>
					</trkpt>
					<trkpt lat="50.527800" lon="5.417660">
						<ele>249</ele>
						<time>2022-06-30T23:21:30Z</time>
					</trkpt>
					<trkpt lat="50.528340" lon="5.416090">
						<ele>241</ele>
						<time>2022-06-30T23:23:01Z</time>
					</trkpt>
					<trkpt lat="50.528890" lon="5.414500">
						<ele>240</ele>
						<time>2022-06-30T23:24:33Z</time>
					</trkpt>
					<trkpt lat="50.529470" lon="5.414050">
						<ele>239</ele>
						<time>2022-06-30T23:25:25Z</time>
					</trkpt>
					<trkpt lat="50.529830" lon="5.413790">
						<ele>238</ele>
						<time>2022-06-30T23:25:57Z</time>
					</trkpt>
					<trkpt lat="50.529990" lon="5.413530">
						<ele>237</ele>
						<time>2022-06-30T23:26:15Z</time>
					</trkpt>
					<trkpt lat="50.530020" lon="5.413330">
						<ele>237</ele>
						<time>2022-06-30T23:26:25Z</time>
					</trkpt>
					<trkpt lat="50.530240" lon="5.412790">
						<ele>237</ele>
						<time>2022-06-30T23:26:58Z</time>
					</trkpt>
					<trkpt lat="50.530260" lon="5.412540">
						<ele>237</ele>
						<time>2022-06-30T23:27:11Z</time>
					</trkpt>
					<trkpt lat="50.530180" lon="5.412070">
						<ele>236</ele>
						<time>2022-06-30T23:27:36Z</time>
					</trkpt>
					</trkseg>
				
						<name>14435129-Tronçon_B1</name>
						<trkseg>
					<trkpt lat="50.530180" lon="5.412070">
						<ele>236</ele>
						<time>2022-06-27T11:46:43Z</time>
					</trkpt>
					<trkpt lat="50.529590" lon="5.412050">
						<ele>237</ele>
						<time>2022-06-27T11:47:30Z</time>
					</trkpt>
					<trkpt lat="50.529310" lon="5.411530">
						<ele>238</ele>
						<time>2022-06-27T11:48:05Z</time>
					</trkpt>
					<trkpt lat="50.528960" lon="5.412070">
						<ele>239</ele>
						<time>2022-06-27T11:48:44Z</time>
					</trkpt>
					<trkpt lat="50.528570" lon="5.412700">
						<ele>241</ele>
						<time>2022-06-27T11:49:29Z</time>
					</trkpt>
					<trkpt lat="50.528200" lon="5.413250">
						<ele>242</ele>
						<time>2022-06-27T11:50:10Z</time>
					</trkpt>
					<trkpt lat="50.527740" lon="5.413720">
						<ele>241</ele>
						<time>2022-06-27T11:50:54Z</time>
					</trkpt>
					<trkpt lat="50.527340" lon="5.414300">
						<ele>241</ele>
						<time>2022-06-27T11:51:37Z</time>
					</trkpt>
					<trkpt lat="50.527190" lon="5.414440">
						<ele>241</ele>
						<time>2022-06-27T11:51:51Z</time>
					</trkpt>
					<trkpt lat="50.526910" lon="5.414560">
						<ele>242</ele>
						<time>2022-06-27T11:52:14Z</time>
					</trkpt>
					<trkpt lat="50.526730" lon="5.414740">
						<ele>243</ele>
						<time>2022-06-27T11:52:31Z</time>
					</trkpt>
					<trkpt lat="50.526550" lon="5.414930">
						<ele>244</ele>
						<time>2022-06-27T11:52:49Z</time>
					</trkpt>
					<trkpt lat="50.526160" lon="5.415280">
						<ele>247</ele>
						<time>2022-06-27T11:53:25Z</time>
					</trkpt>
					<trkpt lat="50.525870" lon="5.415520">
						<ele>249</ele>
						<time>2022-06-27T11:53:51Z</time>
					</trkpt>
					<trkpt lat="50.525680" lon="5.415710">
						<ele>250</ele>
						<time>2022-06-27T11:54:09Z</time>
					</trkpt>
					<trkpt lat="50.525600" lon="5.415700">
						<ele>250</ele>
						<time>2022-06-27T11:54:15Z</time>
					</trkpt>
					<trkpt lat="50.525500" lon="5.415730">
						<ele>251</ele>
						<time>2022-06-27T11:54:24Z</time>
					</trkpt>
					<trkpt lat="50.525240" lon="5.415850">
						<ele>252</ele>
						<time>2022-06-27T11:54:45Z</time>
					</trkpt>
					<trkpt lat="50.525160" lon="5.415860">
						<ele>252</ele>
						<time>2022-06-27T11:54:52Z</time>
					</trkpt>
					<trkpt lat="50.525110" lon="5.415860">
						<ele>252</ele>
						<time>2022-06-27T11:54:56Z</time>
					</trkpt>
					<trkpt lat="50.525010" lon="5.415780">
						<ele>253</ele>
						<time>2022-06-27T11:55:05Z</time>
					</trkpt>
					<trkpt lat="50.524910" lon="5.415660">
						<ele>254</ele>
						<time>2022-06-27T11:55:15Z</time>
					</trkpt>
					<trkpt lat="50.524630" lon="5.415090">
						<ele>255</ele>
						<time>2022-06-27T11:55:51Z</time>
					</trkpt>
					<trkpt lat="50.524270" lon="5.414340">
						<ele>256</ele>
						<time>2022-06-27T11:56:39Z</time>
					</trkpt>
					<trkpt lat="50.524160" lon="5.414040">
						<ele>256</ele>
						<time>2022-06-27T11:56:57Z</time>
					</trkpt>
					<trkpt lat="50.523960" lon="5.413400">
						<ele>254</ele>
						<time>2022-06-27T11:57:33Z</time>
					</trkpt>
					<trkpt lat="50.523750" lon="5.412720">
						<ele>254</ele>
						<time>2022-06-27T11:58:12Z</time>
					</trkpt>
					<trkpt lat="50.523540" lon="5.412030">
						<ele>254</ele>
						<time>2022-06-27T11:58:51Z</time>
					</trkpt>
					<trkpt lat="50.523340" lon="5.411390">
						<ele>253</ele>
						<time>2022-06-27T11:59:27Z</time>
					</trkpt>
					<trkpt lat="50.523130" lon="5.410730">
						<ele>252</ele>
						<time>2022-06-27T12:00:05Z</time>
					</trkpt>
					<trkpt lat="50.523040" lon="5.410440">
						<ele>251</ele>
						<time>2022-06-27T12:00:21Z</time>
					</trkpt>
					<trkpt lat="50.522850" lon="5.410020">
						<ele>251</ele>
						<time>2022-06-27T12:00:47Z</time>
					</trkpt>
					<trkpt lat="50.522640" lon="5.409570">
						<ele>251</ele>
						<time>2022-06-27T12:01:16Z</time>
					</trkpt>
					<trkpt lat="50.522430" lon="5.409100">
						<ele>250</ele>
						<time>2022-06-27T12:01:45Z</time>
					</trkpt>
					<trkpt lat="50.522000" lon="5.408330">
						<ele>251</ele>
						<time>2022-06-27T12:02:37Z</time>
					</trkpt>
					<trkpt lat="50.521640" lon="5.407790">
						<ele>251</ele>
						<time>2022-06-27T12:03:17Z</time>
					</trkpt>
					<trkpt lat="50.521230" lon="5.407170">
						<ele>251</ele>
						<time>2022-06-27T12:04:02Z</time>
					</trkpt>
					<trkpt lat="50.520920" lon="5.406560">
						<ele>249</ele>
						<time>2022-06-27T12:04:42Z</time>
					</trkpt>
					<trkpt lat="50.520700" lon="5.406140">
						<ele>249</ele>
						<time>2022-06-27T12:05:10Z</time>
					</trkpt>
					<trkpt lat="50.520480" lon="5.405920">
						<ele>249</ele>
						<time>2022-06-27T12:05:31Z</time>
					</trkpt>
					<trkpt lat="50.520130" lon="5.405630">
						<ele>251</ele>
						<time>2022-06-27T12:06:02Z</time>
					</trkpt>
					<trkpt lat="50.519790" lon="5.405350">
						<ele>252</ele>
						<time>2022-06-27T12:06:33Z</time>
					</trkpt>
					<trkpt lat="50.519470" lon="5.405080">
						<ele>253</ele>
						<time>2022-06-27T12:07:02Z</time>
					</trkpt>
					<trkpt lat="50.519140" lon="5.404810">
						<ele>254</ele>
						<time>2022-06-27T12:07:32Z</time>
					</trkpt>
					<trkpt lat="50.518880" lon="5.404600">
						<ele>254</ele>
						<time>2022-06-27T12:07:55Z</time>
					</trkpt>
					<trkpt lat="50.518520" lon="5.404360">
						<ele>255</ele>
						<time>2022-06-27T12:08:27Z</time>
					</trkpt>
					<trkpt lat="50.518180" lon="5.404140">
						<ele>255</ele>
						<time>2022-06-27T12:08:56Z</time>
					</trkpt>
					<trkpt lat="50.517830" lon="5.403920">
						<ele>256</ele>
						<time>2022-06-27T12:09:26Z</time>
					</trkpt>
					<trkpt lat="50.517470" lon="5.403710">
						<ele>257</ele>
						<time>2022-06-27T12:09:57Z</time>
					</trkpt>
					<trkpt lat="50.517110" lon="5.403490">
						<ele>258</ele>
						<time>2022-06-27T12:10:28Z</time>
					</trkpt>
					<trkpt lat="50.516760" lon="5.403280">
						<ele>259</ele>
						<time>2022-06-27T12:10:58Z</time>
					</trkpt>
					<trkpt lat="50.516640" lon="5.403170">
						<ele>260</ele>
						<time>2022-06-27T12:11:09Z</time>
					</trkpt>
					<trkpt lat="50.516610" lon="5.403070">
						<ele>260</ele>
						<time>2022-06-27T12:11:15Z</time>
					</trkpt>
					<trkpt lat="50.516550" lon="5.403120">
						<ele>260</ele>
						<time>2022-06-27T12:11:20Z</time>
					</trkpt>
					<trkpt lat="50.516430" lon="5.403120">
						<ele>261</ele>
						<time>2022-06-27T12:11:30Z</time>
					</trkpt>
					<trkpt lat="50.516220" lon="5.403070">
						<ele>261</ele>
						<time>2022-06-27T12:11:47Z</time>
					</trkpt>
					<trkpt lat="50.515960" lon="5.402960">
						<ele>262</ele>
						<time>2022-06-27T12:12:08Z</time>
					</trkpt>
					<trkpt lat="50.515710" lon="5.402860">
						<ele>263</ele>
						<time>2022-06-27T12:12:29Z</time>
					</trkpt>
					<trkpt lat="50.515510" lon="5.402750">
						<ele>263</ele>
						<time>2022-06-27T12:12:46Z</time>
					</trkpt>
					<trkpt lat="50.515280" lon="5.402590">
						<ele>264</ele>
						<time>2022-06-27T12:13:06Z</time>
					</trkpt>
					<trkpt lat="50.515040" lon="5.402430">
						<ele>265</ele>
						<time>2022-06-27T12:13:27Z</time>
					</trkpt>
					<trkpt lat="50.514840" lon="5.402290">
						<ele>265</ele>
						<time>2022-06-27T12:13:44Z</time>
					</trkpt>
					<trkpt lat="50.514820" lon="5.402060">
						<ele>265</ele>
						<time>2022-06-27T12:13:56Z</time>
					</trkpt>
					<trkpt lat="50.514780" lon="5.401820">
						<ele>264</ele>
						<time>2022-06-27T12:14:09Z</time>
					</trkpt>
					<trkpt lat="50.514630" lon="5.401390">
						<ele>264</ele>
						<time>2022-06-27T12:14:34Z</time>
					</trkpt>
					<trkpt lat="50.514520" lon="5.400970">
						<ele>265</ele>
						<time>2022-06-27T12:14:57Z</time>
					</trkpt>
					<trkpt lat="50.514190" lon="5.400140">
						<ele>265</ele>
						<time>2022-06-27T12:15:47Z</time>
					</trkpt>
					<trkpt lat="50.514080" lon="5.399910">
						<ele>265</ele>
						<time>2022-06-27T12:16:02Z</time>
					</trkpt>
					<trkpt lat="50.514010" lon="5.399750">
						<ele>265</ele>
						<time>2022-06-27T12:16:11Z</time>
					</trkpt>
					<trkpt lat="50.513890" lon="5.399360">
						<ele>265</ele>
						<time>2022-06-27T12:16:33Z</time>
					</trkpt>
					<trkpt lat="50.513800" lon="5.398870">
						<ele>264</ele>
						<time>2022-06-27T12:16:59Z</time>
					</trkpt>
					<trkpt lat="50.513800" lon="5.398570">
						<ele>265</ele>
						<time>2022-06-27T12:17:15Z</time>
					</trkpt>
					<trkpt lat="50.513840" lon="5.398020">
						<ele>265</ele>
						<time>2022-06-27T12:17:43Z</time>
					</trkpt>
					<trkpt lat="50.513870" lon="5.397660">
						<ele>266</ele>
						<time>2022-06-27T12:18:01Z</time>
					</trkpt>
					<trkpt lat="50.513940" lon="5.397120">
						<ele>267</ele>
						<time>2022-06-27T12:18:29Z</time>
					</trkpt>
					<trkpt lat="50.514000" lon="5.396530">
						<ele>267</ele>
						<time>2022-06-27T12:19:00Z</time>
					</trkpt>
					<trkpt lat="50.514080" lon="5.395860">
						<ele>267</ele>
						<time>2022-06-27T12:19:35Z</time>
					</trkpt>
					<trkpt lat="50.514080" lon="5.395300">
						<ele>265</ele>
						<time>2022-06-27T12:20:03Z</time>
					</trkpt>
					<trkpt lat="50.514080" lon="5.394560">
						<ele>263</ele>
						<time>2022-06-27T12:20:41Z</time>
					</trkpt>
					<trkpt lat="50.514110" lon="5.394220">
						<ele>262</ele>
						<time>2022-06-27T12:20:58Z</time>
					</trkpt>
					<trkpt lat="50.514200" lon="5.393520">
						<ele>261</ele>
						<time>2022-06-27T12:21:35Z</time>
					</trkpt>
					<trkpt lat="50.514260" lon="5.392990">
						<ele>261</ele>
						<time>2022-06-27T12:22:02Z</time>
					</trkpt>
					<trkpt lat="50.514270" lon="5.392600">
						<ele>261</ele>
						<time>2022-06-27T12:22:22Z</time>
					</trkpt>
					<trkpt lat="50.514270" lon="5.392210">
						<ele>261</ele>
						<time>2022-06-27T12:22:42Z</time>
					</trkpt>
					<trkpt lat="50.514260" lon="5.391910">
						<ele>261</ele>
						<time>2022-06-27T12:22:57Z</time>
					</trkpt>
					<trkpt lat="50.514250" lon="5.391630">
						<ele>260</ele>
						<time>2022-06-27T12:23:11Z</time>
					</trkpt>
					<trkpt lat="50.514140" lon="5.390760">
						<ele>258</ele>
						<time>2022-06-27T12:23:56Z</time>
					</trkpt>
					<trkpt lat="50.514090" lon="5.390550">
						<ele>257</ele>
						<time>2022-06-27T12:24:08Z</time>
					</trkpt>
					<trkpt lat="50.513920" lon="5.390090">
						<ele>257</ele>
						<time>2022-06-27T12:24:35Z</time>
					</trkpt>
					<trkpt lat="50.513730" lon="5.389620">
						<ele>256</ele>
						<time>2022-06-27T12:25:03Z</time>
					</trkpt>
					<trkpt lat="50.513620" lon="5.389350">
						<ele>255</ele>
						<time>2022-06-27T12:25:20Z</time>
					</trkpt>
					<trkpt lat="50.513510" lon="5.388870">
						<ele>255</ele>
						<time>2022-06-27T12:25:46Z</time>
					</trkpt>
					<trkpt lat="50.513460" lon="5.388360">
						<ele>253</ele>
						<time>2022-06-27T12:26:12Z</time>
					</trkpt>
					<trkpt lat="50.513400" lon="5.387740">
						<ele>253</ele>
						<time>2022-06-27T12:26:44Z</time>
					</trkpt>
					<trkpt lat="50.513330" lon="5.387030">
						<ele>252</ele>
						<time>2022-06-27T12:27:20Z</time>
					</trkpt>
					<trkpt lat="50.513250" lon="5.386300">
						<ele>251</ele>
						<time>2022-06-27T12:27:58Z</time>
					</trkpt>
					<trkpt lat="50.513190" lon="5.385810">
						<ele>251</ele>
						<time>2022-06-27T12:28:24Z</time>
					</trkpt>
					<trkpt lat="50.513140" lon="5.385330">
						<ele>249</ele>
						<time>2022-06-27T12:28:48Z</time>
					</trkpt>
					<trkpt lat="50.513050" lon="5.384790">
						<ele>248</ele>
						<time>2022-06-27T12:29:17Z</time>
					</trkpt>
					<trkpt lat="50.512920" lon="5.384180">
						<ele>248</ele>
						<time>2022-06-27T12:29:49Z</time>
					</trkpt>
					<trkpt lat="50.512760" lon="5.383600">
						<ele>248</ele>
						<time>2022-06-27T12:30:22Z</time>
					</trkpt>
					<trkpt lat="50.512580" lon="5.382960">
						<ele>249</ele>
						<time>2022-06-27T12:30:57Z</time>
					</trkpt>
					<trkpt lat="50.512460" lon="5.382540">
						<ele>249</ele>
						<time>2022-06-27T12:31:21Z</time>
					</trkpt>
					<trkpt lat="50.512360" lon="5.382060">
						<ele>248</ele>
						<time>2022-06-27T12:31:46Z</time>
					</trkpt>
					<trkpt lat="50.512250" lon="5.381570">
						<ele>247</ele>
						<time>2022-06-27T12:32:13Z</time>
					</trkpt>
					<trkpt lat="50.512150" lon="5.381070">
						<ele>248</ele>
						<time>2022-06-27T12:32:40Z</time>
					</trkpt>
					<trkpt lat="50.512090" lon="5.380570">
						<ele>250</ele>
						<time>2022-06-27T12:33:06Z</time>
					</trkpt>
					<trkpt lat="50.512040" lon="5.380060">
						<ele>252</ele>
						<time>2022-06-27T12:33:32Z</time>
					</trkpt>
					<trkpt lat="50.511980" lon="5.379490">
						<ele>250</ele>
						<time>2022-06-27T12:34:01Z</time>
					</trkpt>
					<trkpt lat="50.511900" lon="5.378610">
						<ele>246</ele>
						<time>2022-06-27T12:34:46Z</time>
					</trkpt>
					<trkpt lat="50.511840" lon="5.378150">
						<ele>245</ele>
						<time>2022-06-27T12:35:10Z</time>
					</trkpt>
					<trkpt lat="50.511710" lon="5.377560">
						<ele>244</ele>
						<time>2022-06-27T12:35:42Z</time>
					</trkpt>
					<trkpt lat="50.511570" lon="5.376900">
						<ele>243</ele>
						<time>2022-06-27T12:36:18Z</time>
					</trkpt>
					<trkpt lat="50.511380" lon="5.376270">
						<ele>243</ele>
						<time>2022-06-27T12:36:53Z</time>
					</trkpt>
					<trkpt lat="50.511190" lon="5.375650">
						<ele>243</ele>
						<time>2022-06-27T12:37:28Z</time>
					</trkpt>
					<trkpt lat="50.510990" lon="5.375030">
						<ele>241</ele>
						<time>2022-06-27T12:38:04Z</time>
					</trkpt>
					<trkpt lat="50.510800" lon="5.374410">
						<ele>241</ele>
						<time>2022-06-27T12:38:39Z</time>
					</trkpt>
					<trkpt lat="50.510600" lon="5.373790">
						<ele>240</ele>
						<time>2022-06-27T12:39:14Z</time>
					</trkpt>
					<trkpt lat="50.510400" lon="5.373170">
						<ele>240</ele>
						<time>2022-06-27T12:39:49Z</time>
					</trkpt>
					<trkpt lat="50.510240" lon="5.372690">
						<ele>239</ele>
						<time>2022-06-27T12:40:17Z</time>
					</trkpt>
					<trkpt lat="50.510220" lon="5.372550">
						<ele>239</ele>
						<time>2022-06-27T12:40:24Z</time>
					</trkpt>
					<trkpt lat="50.509940" lon="5.372430">
						<ele>239</ele>
						<time>2022-06-27T12:40:48Z</time>
					</trkpt>
					<trkpt lat="50.509700" lon="5.372320">
						<ele>238</ele>
						<time>2022-06-27T12:41:08Z</time>
					</trkpt>
					<trkpt lat="50.509610" lon="5.372310">
						<ele>238</ele>
						<time>2022-06-27T12:41:15Z</time>
					</trkpt>
					<trkpt lat="50.509540" lon="5.372310">
						<ele>238</ele>
						<time>2022-06-27T12:41:20Z</time>
					</trkpt>
					<trkpt lat="50.509430" lon="5.372350">
						<ele>238</ele>
						<time>2022-06-27T12:41:29Z</time>
					</trkpt>
					<trkpt lat="50.509140" lon="5.372530">
						<ele>238</ele>
						<time>2022-06-27T12:41:54Z</time>
					</trkpt>
					<trkpt lat="50.509000" lon="5.372590">
						<ele>238</ele>
						<time>2022-06-27T12:42:06Z</time>
					</trkpt>
					<trkpt lat="50.508930" lon="5.372570">
						<ele>238</ele>
						<time>2022-06-27T12:42:12Z</time>
					</trkpt>
					<trkpt lat="50.508780" lon="5.372350">
						<ele>237</ele>
						<time>2022-06-27T12:42:28Z</time>
					</trkpt>
					<trkpt lat="50.508580" lon="5.371890">
						<ele>237</ele>
						<time>2022-06-27T12:42:56Z</time>
					</trkpt>
					<trkpt lat="50.508420" lon="5.371260">
						<ele>235</ele>
						<time>2022-06-27T12:43:31Z</time>
					</trkpt>
					<trkpt lat="50.508370" lon="5.370860">
						<ele>233</ele>
						<time>2022-06-27T12:43:52Z</time>
					</trkpt>
					<trkpt lat="50.508430" lon="5.370540">
						<ele>232</ele>
						<time>2022-06-27T12:44:09Z</time>
					</trkpt>
					<trkpt lat="50.508380" lon="5.370260">
						<ele>231</ele>
						<time>2022-06-27T12:44:24Z</time>
					</trkpt>
					<trkpt lat="50.508310" lon="5.369930">
						<ele>230</ele>
						<time>2022-06-27T12:44:41Z</time>
					</trkpt>
					<trkpt lat="50.508230" lon="5.369570">
						<ele>229</ele>
						<time>2022-06-27T12:45:01Z</time>
					</trkpt>
					<trkpt lat="50.508110" lon="5.369190">
						<ele>228</ele>
						<time>2022-06-27T12:45:22Z</time>
					</trkpt>
					<trkpt lat="50.508020" lon="5.369020">
						<ele>227</ele>
						<time>2022-06-27T12:45:34Z</time>
					</trkpt>
					<trkpt lat="50.507870" lon="5.368860">
						<ele>227</ele>
						<time>2022-06-27T12:45:48Z</time>
					</trkpt>
					<trkpt lat="50.507760" lon="5.368720">
						<ele>226</ele>
						<time>2022-06-27T12:45:59Z</time>
					</trkpt>
					<trkpt lat="50.507630" lon="5.368540">
						<ele>225</ele>
						<time>2022-06-27T12:46:13Z</time>
					</trkpt>
					<trkpt lat="50.507400" lon="5.368240">
						<ele>223</ele>
						<time>2022-06-27T12:46:37Z</time>
					</trkpt>
					<trkpt lat="50.507340" lon="5.368000">
						<ele>222</ele>
						<time>2022-06-27T12:46:50Z</time>
					</trkpt>
					<trkpt lat="50.507290" lon="5.367840">
						<ele>221</ele>
						<time>2022-06-27T12:46:59Z</time>
					</trkpt>
					<trkpt lat="50.507270" lon="5.367680">
						<ele>221</ele>
						<time>2022-06-27T12:47:08Z</time>
					</trkpt>
					<trkpt lat="50.507630" lon="5.367180">
						<ele>224</ele>
						<time>2022-06-27T12:47:46Z</time>
					</trkpt>
					<trkpt lat="50.507870" lon="5.366950">
						<ele>224</ele>
						<time>2022-06-27T12:48:09Z</time>
					</trkpt>
					<trkpt lat="50.508010" lon="5.366880">
						<ele>224</ele>
						<time>2022-06-27T12:48:20Z</time>
					</trkpt>
					<trkpt lat="50.508250" lon="5.366750">
						<ele>223</ele>
						<time>2022-06-27T12:48:41Z</time>
					</trkpt>
					<trkpt lat="50.508500" lon="5.366610">
						<ele>223</ele>
						<time>2022-06-27T12:49:02Z</time>
					</trkpt>
					<trkpt lat="50.508610" lon="5.366400">
						<ele>222</ele>
						<time>2022-06-27T12:49:16Z</time>
					</trkpt>
					<trkpt lat="50.508730" lon="5.366220">
						<ele>222</ele>
						<time>2022-06-27T12:49:29Z</time>
					</trkpt>
					<trkpt lat="50.508930" lon="5.366050">
						<ele>221</ele>
						<time>2022-06-27T12:49:47Z</time>
					</trkpt>
					<trkpt lat="50.509020" lon="5.365970">
						<ele>221</ele>
						<time>2022-06-27T12:49:56Z</time>
					</trkpt>
					<trkpt lat="50.509230" lon="5.365840">
						<ele>219</ele>
						<time>2022-06-27T12:50:14Z</time>
					</trkpt>
					<trkpt lat="50.509500" lon="5.365660">
						<ele>217</ele>
						<time>2022-06-27T12:50:37Z</time>
					</trkpt>
					<trkpt lat="50.509680" lon="5.365540">
						<ele>216</ele>
						<time>2022-06-27T12:50:53Z</time>
					</trkpt>
					<trkpt lat="50.509860" lon="5.365380">
						<ele>215</ele>
						<time>2022-06-27T12:51:09Z</time>
					</trkpt>
					<trkpt lat="50.510150" lon="5.365090">
						<ele>213</ele>
						<time>2022-06-27T12:51:37Z</time>
					</trkpt>
					<trkpt lat="50.510470" lon="5.364810">
						<ele>211</ele>
						<time>2022-06-27T12:52:06Z</time>
					</trkpt>
					<trkpt lat="50.510660" lon="5.364650">
						<ele>209</ele>
						<time>2022-06-27T12:52:24Z</time>
					</trkpt>
					<trkpt lat="50.510840" lon="5.364500">
						<ele>207</ele>
						<time>2022-06-27T12:52:40Z</time>
					</trkpt>
					<trkpt lat="50.511040" lon="5.364330">
						<ele>208</ele>
						<time>2022-06-27T12:52:58Z</time>
					</trkpt>
					<trkpt lat="50.511300" lon="5.364160">
						<ele>209</ele>
						<time>2022-06-27T12:53:21Z</time>
					</trkpt>
					<trkpt lat="50.511470" lon="5.364120">
						<ele>210</ele>
						<time>2022-06-27T12:53:34Z</time>
					</trkpt>
					<trkpt lat="50.511280" lon="5.363790">
						<ele>211</ele>
						<time>2022-06-27T12:53:57Z</time>
					</trkpt>
					<trkpt lat="50.511250" lon="5.363720">
						<ele>211</ele>
						<time>2022-06-27T12:54:01Z</time>
					</trkpt>
					<trkpt lat="50.511230" lon="5.363580">
						<ele>212</ele>
						<time>2022-06-27T12:54:09Z</time>
					</trkpt>
					<trkpt lat="50.511220" lon="5.363380">
						<ele>212</ele>
						<time>2022-06-27T12:54:19Z</time>
					</trkpt>
					<trkpt lat="50.511230" lon="5.363240">
						<ele>213</ele>
						<time>2022-06-27T12:54:26Z</time>
					</trkpt>
					<trkpt lat="50.511250" lon="5.363110">
						<ele>214</ele>
						<time>2022-06-27T12:54:33Z</time>
					</trkpt>
					<trkpt lat="50.511270" lon="5.363010">
						<ele>215</ele>
						<time>2022-06-27T12:54:38Z</time>
					</trkpt>
					<trkpt lat="50.511350" lon="5.362810">
						<ele>217</ele>
						<time>2022-06-27T12:54:50Z</time>
					</trkpt>
					<trkpt lat="50.511440" lon="5.362600">
						<ele>220</ele>
						<time>2022-06-27T12:55:03Z</time>
					</trkpt>
					<trkpt lat="50.511520" lon="5.362430">
						<ele>222</ele>
						<time>2022-06-27T12:55:14Z</time>
					</trkpt>
					<trkpt lat="50.511640" lon="5.362230">
						<ele>225</ele>
						<time>2022-06-27T12:55:28Z</time>
					</trkpt>
					<trkpt lat="50.511560" lon="5.361950">
						<ele>224</ele>
						<time>2022-06-27T12:55:43Z</time>
					</trkpt>
					<trkpt lat="50.511470" lon="5.361650">
						<ele>223</ele>
						<time>2022-06-27T12:56:00Z</time>
					</trkpt>
					<trkpt lat="50.511430" lon="5.361550">
						<ele>223</ele>
						<time>2022-06-27T12:56:06Z</time>
					</trkpt>
					<trkpt lat="50.511400" lon="5.361460">
						<ele>222</ele>
						<time>2022-06-27T12:56:12Z</time>
					</trkpt>
					<trkpt lat="50.511350" lon="5.361150">
						<ele>222</ele>
						<time>2022-06-27T12:56:28Z</time>
					</trkpt>
					<trkpt lat="50.511310" lon="5.360840">
						<ele>222</ele>
						<time>2022-06-27T12:56:44Z</time>
					</trkpt>
					<trkpt lat="50.511270" lon="5.360430">
						<ele>223</ele>
						<time>2022-06-27T12:57:05Z</time>
					</trkpt>
					<trkpt lat="50.511240" lon="5.360040">
						<ele>224</ele>
						<time>2022-06-27T12:57:25Z</time>
					</trkpt>
					<trkpt lat="50.511290" lon="5.359950">
						<ele>225</ele>
						<time>2022-06-27T12:57:31Z</time>
					</trkpt>
					<trkpt lat="50.511080" lon="5.359490">
						<ele>224</ele>
						<time>2022-06-27T12:58:00Z</time>
					</trkpt>
					<trkpt lat="50.510930" lon="5.359200">
						<ele>223</ele>
						<time>2022-06-27T12:58:19Z</time>
					</trkpt>
					<trkpt lat="50.510680" lon="5.358770">
						<ele>221</ele>
						<time>2022-06-27T12:58:49Z</time>
					</trkpt>
					<trkpt lat="50.510560" lon="5.358520">
						<ele>220</ele>
						<time>2022-06-27T12:59:05Z</time>
					</trkpt>
					<trkpt lat="50.510390" lon="5.358190">
						<ele>218</ele>
						<time>2022-06-27T12:59:26Z</time>
					</trkpt>
					<trkpt lat="50.510160" lon="5.357940">
						<ele>217</ele>
						<time>2022-06-27T12:59:49Z</time>
					</trkpt>
					<trkpt lat="50.509900" lon="5.357720">
						<ele>214</ele>
						<time>2022-06-27T13:00:12Z</time>
					</trkpt>
					<trkpt lat="50.509770" lon="5.357540">
						<ele>212</ele>
						<time>2022-06-27T13:00:26Z</time>
					</trkpt>
					<trkpt lat="50.509680" lon="5.357200">
						<ele>210</ele>
						<time>2022-06-27T13:00:45Z</time>
					</trkpt>
					<trkpt lat="50.509530" lon="5.356780">
						<ele>206</ele>
						<time>2022-06-27T13:01:09Z</time>
					</trkpt>
					<trkpt lat="50.509380" lon="5.356320">
						<ele>203</ele>
						<time>2022-06-27T13:01:36Z</time>
					</trkpt>
					<trkpt lat="50.509330" lon="5.356270">
						<ele>201</ele>
						<time>2022-06-27T13:01:40Z</time>
					</trkpt>
					<trkpt lat="50.509020" lon="5.356040">
						<ele>197</ele>
						<time>2022-06-27T13:02:08Z</time>
					</trkpt>
					<trkpt lat="50.509150" lon="5.355720">
						<ele>196</ele>
						<time>2022-06-27T13:02:27Z</time>
					</trkpt>
					<trkpt lat="50.509220" lon="5.355330">
						<ele>196</ele>
						<time>2022-06-27T13:02:48Z</time>
					</trkpt>
					<trkpt lat="50.509350" lon="5.354970">
						<ele>198</ele>
						<time>2022-06-27T13:03:09Z</time>
					</trkpt>
					<trkpt lat="50.509460" lon="5.354750">
						<ele>200</ele>
						<time>2022-06-27T13:03:23Z</time>
					</trkpt>
					<trkpt lat="50.509590" lon="5.354280">
						<ele>202</ele>
						<time>2022-06-27T13:03:49Z</time>
					</trkpt>
					<trkpt lat="50.509390" lon="5.354140">
						<ele>196</ele>
						<time>2022-06-27T13:04:07Z</time>
					</trkpt>
					<trkpt lat="50.509280" lon="5.354040">
						<ele>194</ele>
						<time>2022-06-27T13:04:17Z</time>
					</trkpt>
					<trkpt lat="50.509140" lon="5.353960">
						<ele>192</ele>
						<time>2022-06-27T13:04:29Z</time>
					</trkpt>
					<trkpt lat="50.509040" lon="5.353910">
						<ele>192</ele>
						<time>2022-06-27T13:04:37Z</time>
					</trkpt>
					<trkpt lat="50.508960" lon="5.353810">
						<ele>192</ele>
						<time>2022-06-27T13:04:46Z</time>
					</trkpt>
					<trkpt lat="50.508870" lon="5.353600">
						<ele>194</ele>
						<time>2022-06-27T13:04:58Z</time>
					</trkpt>
					<trkpt lat="50.508820" lon="5.353420">
						<ele>194</ele>
						<time>2022-06-27T13:05:08Z</time>
					</trkpt>
					<trkpt lat="50.508680" lon="5.353110">
						<ele>196</ele>
						<time>2022-06-27T13:05:28Z</time>
					</trkpt>
					<trkpt lat="50.508540" lon="5.352920">
						<ele>198</ele>
						<time>2022-06-27T13:05:43Z</time>
					</trkpt>
					<trkpt lat="50.508400" lon="5.352740">
						<ele>200</ele>
						<time>2022-06-27T13:05:57Z</time>
					</trkpt>
					<trkpt lat="50.508200" lon="5.352530">
						<ele>202</ele>
						<time>2022-06-27T13:06:16Z</time>
					</trkpt>
					<trkpt lat="50.508130" lon="5.352500">
						<ele>202</ele>
						<time>2022-06-27T13:06:22Z</time>
					</trkpt>
					<trkpt lat="50.508100" lon="5.352430">
						<ele>203</ele>
						<time>2022-06-27T13:06:26Z</time>
					</trkpt>
					<trkpt lat="50.508020" lon="5.352270">
						<ele>204</ele>
						<time>2022-06-27T13:06:37Z</time>
					</trkpt>
					<trkpt lat="50.507940" lon="5.352120">
						<ele>205</ele>
						<time>2022-06-27T13:06:47Z</time>
					</trkpt>
					<trkpt lat="50.507850" lon="5.351900">
						<ele>206</ele>
						<time>2022-06-27T13:07:00Z</time>
					</trkpt>
					<trkpt lat="50.507770" lon="5.351600">
						<ele>207</ele>
						<time>2022-06-27T13:07:17Z</time>
					</trkpt>
					<trkpt lat="50.507670" lon="5.351230">
						<ele>209</ele>
						<time>2022-06-27T13:07:37Z</time>
					</trkpt>
					<trkpt lat="50.507620" lon="5.351030">
						<ele>210</ele>
						<time>2022-06-27T13:07:48Z</time>
					</trkpt>
					<trkpt lat="50.507470" lon="5.350560">
						<ele>211</ele>
						<time>2022-06-27T13:08:15Z</time>
					</trkpt>
					<trkpt lat="50.507360" lon="5.350210">
						<ele>212</ele>
						<time>2022-06-27T13:08:35Z</time>
					</trkpt>
					<trkpt lat="50.507290" lon="5.349720">
						<ele>214</ele>
						<time>2022-06-27T13:09:00Z</time>
					</trkpt>
					<trkpt lat="50.507210" lon="5.349220">
						<ele>216</ele>
						<time>2022-06-27T13:09:27Z</time>
					</trkpt>
					<trkpt lat="50.507130" lon="5.348700">
						<ele>218</ele>
						<time>2022-06-27T13:09:54Z</time>
					</trkpt>
					<trkpt lat="50.507050" lon="5.348170">
						<ele>221</ele>
						<time>2022-06-27T13:10:22Z</time>
					</trkpt>
					<trkpt lat="50.506950" lon="5.347580">
						<ele>221</ele>
						<time>2022-06-27T13:10:53Z</time>
					</trkpt>
					<trkpt lat="50.506850" lon="5.346980">
						<ele>223</ele>
						<time>2022-06-27T13:11:24Z</time>
					</trkpt>
					<trkpt lat="50.506750" lon="5.346370">
						<ele>226</ele>
						<time>2022-06-27T13:11:56Z</time>
					</trkpt>
					<trkpt lat="50.506660" lon="5.345730">
						<ele>227</ele>
						<time>2022-06-27T13:12:30Z</time>
					</trkpt>
					<trkpt lat="50.506620" lon="5.345350">
						<ele>228</ele>
						<time>2022-06-27T13:12:49Z</time>
					</trkpt>
					<trkpt lat="50.506580" lon="5.344980">
						<ele>229</ele>
						<time>2022-06-27T13:13:08Z</time>
					</trkpt>
					<trkpt lat="50.506530" lon="5.344620">
						<ele>229</ele>
						<time>2022-06-27T13:13:27Z</time>
					</trkpt>
					<trkpt lat="50.506620" lon="5.344650">
						<ele>230</ele>
						<time>2022-06-27T13:13:35Z</time>
					</trkpt>
					<trkpt lat="50.506700" lon="5.344690">
						<ele>231</ele>
						<time>2022-06-27T13:13:41Z</time>
					</trkpt>
					<trkpt lat="50.506820" lon="5.344680">
						<ele>231</ele>
						<time>2022-06-27T13:13:51Z</time>
					</trkpt>
					<trkpt lat="50.506900" lon="5.344680">
						<ele>232</ele>
						<time>2022-06-27T13:13:57Z</time>
					</trkpt>
					<trkpt lat="50.506970" lon="5.344640">
						<ele>232</ele>
						<time>2022-06-27T13:14:03Z</time>
					</trkpt>
					<trkpt lat="50.506920" lon="5.344470">
						<ele>232</ele>
						<time>2022-06-27T13:14:13Z</time>
					</trkpt>
					<trkpt lat="50.506890" lon="5.344250">
						<ele>232</ele>
						<time>2022-06-27T13:14:24Z</time>
					</trkpt>
					<trkpt lat="50.506900" lon="5.344030">
						<ele>233</ele>
						<time>2022-06-27T13:14:35Z</time>
					</trkpt>
					<trkpt lat="50.506880" lon="5.343740">
						<ele>233</ele>
						<time>2022-06-27T13:14:50Z</time>
					</trkpt>
					<trkpt lat="50.506820" lon="5.343490">
						<ele>233</ele>
						<time>2022-06-27T13:15:04Z</time>
					</trkpt>
					<trkpt lat="50.506750" lon="5.343210">
						<ele>233</ele>
						<time>2022-06-27T13:15:19Z</time>
					</trkpt>
					<trkpt lat="50.506690" lon="5.342990">
						<ele>233</ele>
						<time>2022-06-27T13:15:31Z</time>
					</trkpt>
					<trkpt lat="50.506660" lon="5.342860">
						<ele>234</ele>
						<time>2022-06-27T13:15:38Z</time>
					</trkpt>
					<trkpt lat="50.506650" lon="5.342570">
						<ele>234</ele>
						<time>2022-06-27T13:15:53Z</time>
					</trkpt>
					<trkpt lat="50.506640" lon="5.342320">
						<ele>234</ele>
						<time>2022-06-27T13:16:06Z</time>
					</trkpt>
					<trkpt lat="50.506640" lon="5.341990">
						<ele>235</ele>
						<time>2022-06-27T13:16:23Z</time>
					</trkpt>
					<trkpt lat="50.506640" lon="5.341740">
						<ele>235</ele>
						<time>2022-06-27T13:16:36Z</time>
					</trkpt>
					<trkpt lat="50.506650" lon="5.341390">
						<ele>235</ele>
						<time>2022-06-27T13:16:53Z</time>
					</trkpt>
					<trkpt lat="50.506670" lon="5.340760">
						<ele>235</ele>
						<time>2022-06-27T13:17:26Z</time>
					</trkpt>
					<trkpt lat="50.506680" lon="5.340400">
						<ele>234</ele>
						<time>2022-06-27T13:17:44Z</time>
					</trkpt>
					<trkpt lat="50.506630" lon="5.339690">
						<ele>233</ele>
						<time>2022-06-27T13:18:20Z</time>
					</trkpt>
					<trkpt lat="50.506570" lon="5.339390">
						<ele>232</ele>
						<time>2022-06-27T13:18:36Z</time>
					</trkpt>
					<trkpt lat="50.506480" lon="5.339020">
						<ele>231</ele>
						<time>2022-06-27T13:18:56Z</time>
					</trkpt>
					<trkpt lat="50.506380" lon="5.338620">
						<ele>230</ele>
						<time>2022-06-27T13:19:18Z</time>
					</trkpt>
					<trkpt lat="50.506290" lon="5.338290">
						<ele>229</ele>
						<time>2022-06-27T13:19:37Z</time>
					</trkpt>
					<trkpt lat="50.506200" lon="5.338010">
						<ele>229</ele>
						<time>2022-06-27T13:19:53Z</time>
					</trkpt>
					<trkpt lat="50.506110" lon="5.337730">
						<ele>229</ele>
						<time>2022-06-27T13:20:09Z</time>
					</trkpt>
					<trkpt lat="50.506000" lon="5.337380">
						<ele>229</ele>
						<time>2022-06-27T13:20:28Z</time>
					</trkpt>
					<trkpt lat="50.505880" lon="5.336990">
						<ele>228</ele>
						<time>2022-06-27T13:20:51Z</time>
					</trkpt>
					<trkpt lat="50.505760" lon="5.336590">
						<ele>227</ele>
						<time>2022-06-27T13:21:13Z</time>
					</trkpt>
					<trkpt lat="50.505700" lon="5.336370">
						<ele>227</ele>
						<time>2022-06-27T13:21:25Z</time>
					</trkpt>
					<trkpt lat="50.505640" lon="5.336290">
						<ele>227</ele>
						<time>2022-06-27T13:21:32Z</time>
					</trkpt>
					<trkpt lat="50.505580" lon="5.336220">
						<ele>228</ele>
						<time>2022-06-27T13:21:37Z</time>
					</trkpt>
					<trkpt lat="50.505490" lon="5.336210">
						<ele>229</ele>
						<time>2022-06-27T13:21:45Z</time>
					</trkpt>
					<trkpt lat="50.505400" lon="5.336210">
						<ele>230</ele>
						<time>2022-06-27T13:21:52Z</time>
					</trkpt>
					<trkpt lat="50.505190" lon="5.336240">
						<ele>232</ele>
						<time>2022-06-27T13:22:09Z</time>
					</trkpt>
					<trkpt lat="50.505030" lon="5.336260">
						<ele>233</ele>
						<time>2022-06-27T13:22:22Z</time>
					</trkpt>
					<trkpt lat="50.505000" lon="5.336030">
						<ele>233</ele>
						<time>2022-06-27T13:22:34Z</time>
					</trkpt>
					<trkpt lat="50.504930" lon="5.335610">
						<ele>233</ele>
						<time>2022-06-27T13:22:56Z</time>
					</trkpt>
					<trkpt lat="50.504840" lon="5.335150">
						<ele>233</ele>
						<time>2022-06-27T13:23:20Z</time>
					</trkpt>
					<trkpt lat="50.504770" lon="5.334660">
						<ele>233</ele>
						<time>2022-06-27T13:23:46Z</time>
					</trkpt>
					<trkpt lat="50.504710" lon="5.334040">
						<ele>234</ele>
						<time>2022-06-27T13:24:18Z</time>
					</trkpt>
					<trkpt lat="50.504670" lon="5.333470">
						<ele>234</ele>
						<time>2022-06-27T13:24:47Z</time>
					</trkpt>
					<trkpt lat="50.504630" lon="5.332990">
						<ele>234</ele>
						<time>2022-06-27T13:25:12Z</time>
					</trkpt>
					<trkpt lat="50.504680" lon="5.332610">
						<ele>233</ele>
						<time>2022-06-27T13:25:31Z</time>
					</trkpt>
					<trkpt lat="50.504740" lon="5.332380">
						<ele>232</ele>
						<time>2022-06-27T13:25:44Z</time>
					</trkpt>
					<trkpt lat="50.504870" lon="5.332040">
						<ele>230</ele>
						<time>2022-06-27T13:26:04Z</time>
					</trkpt>
					<trkpt lat="50.505010" lon="5.331580">
						<ele>228</ele>
						<time>2022-06-27T13:26:30Z</time>
					</trkpt>
					<trkpt lat="50.505070" lon="5.330810">
						<ele>226</ele>
						<time>2022-06-27T13:27:10Z</time>
					</trkpt>
					<trkpt lat="50.505090" lon="5.330360">
						<ele>225</ele>
						<time>2022-06-27T13:27:33Z</time>
					</trkpt>
					<trkpt lat="50.505090" lon="5.329700">
						<ele>225</ele>
						<time>2022-06-27T13:28:06Z</time>
					</trkpt>
					<trkpt lat="50.505030" lon="5.329290">
						<ele>225</ele>
						<time>2022-06-27T13:28:28Z</time>
					</trkpt>
					<trkpt lat="50.504990" lon="5.328890">
						<ele>225</ele>
						<time>2022-06-27T13:28:48Z</time>
					</trkpt>
					<trkpt lat="50.505020" lon="5.328740">
						<ele>224</ele>
						<time>2022-06-27T13:28:56Z</time>
					</trkpt>
					<trkpt lat="50.504950" lon="5.328280">
						<ele>224</ele>
						<time>2022-06-27T13:29:20Z</time>
					</trkpt>
					<trkpt lat="50.504940" lon="5.327740">
						<ele>223</ele>
						<time>2022-06-27T13:29:48Z</time>
					</trkpt>
					<trkpt lat="50.504990" lon="5.327270">
						<ele>222</ele>
						<time>2022-06-27T13:30:12Z</time>
					</trkpt>
					<trkpt lat="50.505030" lon="5.326910">
						<ele>221</ele>
						<time>2022-06-27T13:30:31Z</time>
					</trkpt>
					<trkpt lat="50.505140" lon="5.326520">
						<ele>221</ele>
						<time>2022-06-27T13:30:53Z</time>
					</trkpt>
					<trkpt lat="50.505220" lon="5.326070">
						<ele>222</ele>
						<time>2022-06-27T13:31:16Z</time>
					</trkpt>
					<trkpt lat="50.505300" lon="5.325640">
						<ele>223</ele>
						<time>2022-06-27T13:31:39Z</time>
					</trkpt>
					<trkpt lat="50.505420" lon="5.325110">
						<ele>226</ele>
						<time>2022-06-27T13:32:08Z</time>
					</trkpt>
					<trkpt lat="50.505490" lon="5.324860">
						<ele>228</ele>
						<time>2022-06-27T13:32:22Z</time>
					</trkpt>
					<trkpt lat="50.505570" lon="5.324600">
						<ele>229</ele>
						<time>2022-06-27T13:32:36Z</time>
					</trkpt>
					</trkseg>
				
						<name>14435245-Tronçon_09B2</name>
						<trkseg>
					<trkpt lat="50.505570" lon="5.324600">
						<ele>229</ele>
						<time>2022-06-27T12:12:57Z</time>
					</trkpt>
					<trkpt lat="50.505500" lon="5.324460">
						<ele>230</ele>
						<time>2022-06-27T12:13:06Z</time>
					</trkpt>
					<trkpt lat="50.505440" lon="5.324260">
						<ele>231</ele>
						<time>2022-06-27T12:13:17Z</time>
					</trkpt>
					<trkpt lat="50.505310" lon="5.323560">
						<ele>232</ele>
						<time>2022-06-27T12:13:54Z</time>
					</trkpt>
					<trkpt lat="50.505190" lon="5.322880">
						<ele>234</ele>
						<time>2022-06-27T12:14:30Z</time>
					</trkpt>
					<trkpt lat="50.505070" lon="5.322200">
						<ele>236</ele>
						<time>2022-06-27T12:15:06Z</time>
					</trkpt>
					<trkpt lat="50.504950" lon="5.321530">
						<ele>237</ele>
						<time>2022-06-27T12:15:42Z</time>
					</trkpt>
					<trkpt lat="50.504870" lon="5.321120">
						<ele>238</ele>
						<time>2022-06-27T12:16:04Z</time>
					</trkpt>
					<trkpt lat="50.504720" lon="5.320280">
						<ele>240</ele>
						<time>2022-06-27T12:16:48Z</time>
					</trkpt>
					<trkpt lat="50.504660" lon="5.319960">
						<ele>240</ele>
						<time>2022-06-27T12:17:05Z</time>
					</trkpt>
					<trkpt lat="50.504510" lon="5.319410">
						<ele>241</ele>
						<time>2022-06-27T12:17:36Z</time>
					</trkpt>
					<trkpt lat="50.504390" lon="5.319010">
						<ele>241</ele>
						<time>2022-06-27T12:17:58Z</time>
					</trkpt>
					<trkpt lat="50.504310" lon="5.318710">
						<ele>241</ele>
						<time>2022-06-27T12:18:15Z</time>
					</trkpt>
					<trkpt lat="50.504610" lon="5.318410">
						<ele>243</ele>
						<time>2022-06-27T12:18:43Z</time>
					</trkpt>
					<trkpt lat="50.504880" lon="5.318140">
						<ele>244</ele>
						<time>2022-06-27T12:19:09Z</time>
					</trkpt>
					<trkpt lat="50.505050" lon="5.317960">
						<ele>245</ele>
						<time>2022-06-27T12:19:25Z</time>
					</trkpt>
					<trkpt lat="50.505300" lon="5.317720">
						<ele>245</ele>
						<time>2022-06-27T12:19:49Z</time>
					</trkpt>
					<trkpt lat="50.505520" lon="5.317510">
						<ele>246</ele>
						<time>2022-06-27T12:20:09Z</time>
					</trkpt>
					<trkpt lat="50.505750" lon="5.317280">
						<ele>246</ele>
						<time>2022-06-27T12:20:31Z</time>
					</trkpt>
					<trkpt lat="50.505980" lon="5.317060">
						<ele>246</ele>
						<time>2022-06-27T12:20:53Z</time>
					</trkpt>
					<trkpt lat="50.506200" lon="5.316840">
						<ele>247</ele>
						<time>2022-06-27T12:21:13Z</time>
					</trkpt>
					<trkpt lat="50.506360" lon="5.316690">
						<ele>247</ele>
						<time>2022-06-27T12:21:28Z</time>
					</trkpt>
					<trkpt lat="50.506480" lon="5.316570">
						<ele>247</ele>
						<time>2022-06-27T12:21:40Z</time>
					</trkpt>
					<trkpt lat="50.506550" lon="5.316550">
						<ele>248</ele>
						<time>2022-06-27T12:21:45Z</time>
					</trkpt>
					<trkpt lat="50.506610" lon="5.316620">
						<ele>248</ele>
						<time>2022-06-27T12:21:51Z</time>
					</trkpt>
					<trkpt lat="50.506790" lon="5.316920">
						<ele>248</ele>
						<time>2022-06-27T12:22:12Z</time>
					</trkpt>
					<trkpt lat="50.506830" lon="5.316950">
						<ele>248</ele>
						<time>2022-06-27T12:22:16Z</time>
					</trkpt>
					<trkpt lat="50.506870" lon="5.316910">
						<ele>248</ele>
						<time>2022-06-27T12:22:20Z</time>
					</trkpt>
					<trkpt lat="50.507050" lon="5.316680">
						<ele>248</ele>
						<time>2022-06-27T12:22:38Z</time>
					</trkpt>
					<trkpt lat="50.507360" lon="5.316260">
						<ele>247</ele>
						<time>2022-06-27T12:23:11Z</time>
					</trkpt>
					<trkpt lat="50.507450" lon="5.316210">
						<ele>247</ele>
						<time>2022-06-27T12:23:19Z</time>
					</trkpt>
					<trkpt lat="50.507560" lon="5.316280">
						<ele>246</ele>
						<time>2022-06-27T12:23:28Z</time>
					</trkpt>
					<trkpt lat="50.507790" lon="5.316380">
						<ele>246</ele>
						<time>2022-06-27T12:23:47Z</time>
					</trkpt>
					<trkpt lat="50.507900" lon="5.316420">
						<ele>246</ele>
						<time>2022-06-27T12:23:56Z</time>
					</trkpt>
					<trkpt lat="50.507970" lon="5.316400">
						<ele>246</ele>
						<time>2022-06-27T12:24:02Z</time>
					</trkpt>
					<trkpt lat="50.508030" lon="5.316330">
						<ele>246</ele>
						<time>2022-06-27T12:24:08Z</time>
					</trkpt>
					<trkpt lat="50.508090" lon="5.316250">
						<ele>246</ele>
						<time>2022-06-27T12:24:14Z</time>
					</trkpt>
					<trkpt lat="50.508130" lon="5.316140">
						<ele>246</ele>
						<time>2022-06-27T12:24:21Z</time>
					</trkpt>
					<trkpt lat="50.508100" lon="5.316040">
						<ele>246</ele>
						<time>2022-06-27T12:24:26Z</time>
					</trkpt>
					<trkpt lat="50.508100" lon="5.315560">
						<ele>244</ele>
						<time>2022-06-27T12:24:51Z</time>
					</trkpt>
					<trkpt lat="50.508060" lon="5.315180">
						<ele>243</ele>
						<time>2022-06-27T12:25:10Z</time>
					</trkpt>
					<trkpt lat="50.507980" lon="5.314760">
						<ele>242</ele>
						<time>2022-06-27T12:25:33Z</time>
					</trkpt>
					<trkpt lat="50.507930" lon="5.314590">
						<ele>242</ele>
						<time>2022-06-27T12:25:42Z</time>
					</trkpt>
					<trkpt lat="50.507780" lon="5.314240">
						<ele>242</ele>
						<time>2022-06-27T12:26:04Z</time>
					</trkpt>
					<trkpt lat="50.507640" lon="5.313880">
						<ele>242</ele>
						<time>2022-06-27T12:26:25Z</time>
					</trkpt>
					<trkpt lat="50.507550" lon="5.313670">
						<ele>242</ele>
						<time>2022-06-27T12:26:38Z</time>
					</trkpt>
					<trkpt lat="50.507510" lon="5.313530">
						<ele>242</ele>
						<time>2022-06-27T12:26:46Z</time>
					</trkpt>
					<trkpt lat="50.507460" lon="5.313380">
						<ele>242</ele>
						<time>2022-06-27T12:26:55Z</time>
					</trkpt>
					<trkpt lat="50.507410" lon="5.312940">
						<ele>243</ele>
						<time>2022-06-27T12:27:17Z</time>
					</trkpt>
					<trkpt lat="50.507360" lon="5.312460">
						<ele>243</ele>
						<time>2022-06-27T12:27:42Z</time>
					</trkpt>
					<trkpt lat="50.507360" lon="5.312300">
						<ele>243</ele>
						<time>2022-06-27T12:27:50Z</time>
					</trkpt>
					<trkpt lat="50.507390" lon="5.311810">
						<ele>243</ele>
						<time>2022-06-27T12:28:15Z</time>
					</trkpt>
					<trkpt lat="50.507410" lon="5.311490">
						<ele>243</ele>
						<time>2022-06-27T12:28:32Z</time>
					</trkpt>
					<trkpt lat="50.507380" lon="5.311050">
						<ele>243</ele>
						<time>2022-06-27T12:28:54Z</time>
					</trkpt>
					<trkpt lat="50.507350" lon="5.310630">
						<ele>243</ele>
						<time>2022-06-27T12:29:16Z</time>
					</trkpt>
					<trkpt lat="50.507380" lon="5.310530">
						<ele>243</ele>
						<time>2022-06-27T12:29:21Z</time>
					</trkpt>
					<trkpt lat="50.507510" lon="5.310340">
						<ele>243</ele>
						<time>2022-06-27T12:29:36Z</time>
					</trkpt>
					<trkpt lat="50.507620" lon="5.310170">
						<ele>243</ele>
						<time>2022-06-27T12:29:48Z</time>
					</trkpt>
					<trkpt lat="50.507750" lon="5.310040">
						<ele>244</ele>
						<time>2022-06-27T12:30:00Z</time>
					</trkpt>
					<trkpt lat="50.507850" lon="5.309980">
						<ele>244</ele>
						<time>2022-06-27T12:30:09Z</time>
					</trkpt>
					<trkpt lat="50.507960" lon="5.309950">
						<ele>245</ele>
						<time>2022-06-27T12:30:18Z</time>
					</trkpt>
					<trkpt lat="50.508010" lon="5.309880">
						<ele>245</ele>
						<time>2022-06-27T12:30:23Z</time>
					</trkpt>
					<trkpt lat="50.508070" lon="5.309730">
						<ele>244</ele>
						<time>2022-06-27T12:30:32Z</time>
					</trkpt>
					<trkpt lat="50.508150" lon="5.309580">
						<ele>244</ele>
						<time>2022-06-27T12:30:42Z</time>
					</trkpt>
					<trkpt lat="50.508360" lon="5.309740">
						<ele>245</ele>
						<time>2022-06-27T12:31:01Z</time>
					</trkpt>
					<trkpt lat="50.508610" lon="5.309740">
						<ele>245</ele>
						<time>2022-06-27T12:31:21Z</time>
					</trkpt>
					<trkpt lat="50.508890" lon="5.309720">
						<ele>246</ele>
						<time>2022-06-27T12:31:43Z</time>
					</trkpt>
					<trkpt lat="50.509110" lon="5.309660">
						<ele>246</ele>
						<time>2022-06-27T12:32:01Z</time>
					</trkpt>
					<trkpt lat="50.509360" lon="5.309600">
						<ele>247</ele>
						<time>2022-06-27T12:32:21Z</time>
					</trkpt>
					<trkpt lat="50.509380" lon="5.309500">
						<ele>247</ele>
						<time>2022-06-27T12:32:27Z</time>
					</trkpt>
					<trkpt lat="50.509360" lon="5.309110">
						<ele>248</ele>
						<time>2022-06-27T12:32:47Z</time>
					</trkpt>
					<trkpt lat="50.509340" lon="5.308710">
						<ele>247</ele>
						<time>2022-06-27T12:33:07Z</time>
					</trkpt>
					<trkpt lat="50.509330" lon="5.308320">
						<ele>247</ele>
						<time>2022-06-27T12:33:27Z</time>
					</trkpt>
					<trkpt lat="50.509310" lon="5.307910">
						<ele>247</ele>
						<time>2022-06-27T12:33:48Z</time>
					</trkpt>
					<trkpt lat="50.509290" lon="5.307480">
						<ele>247</ele>
						<time>2022-06-27T12:34:10Z</time>
					</trkpt>
					<trkpt lat="50.509270" lon="5.306970">
						<ele>248</ele>
						<time>2022-06-27T12:34:36Z</time>
					</trkpt>
					<trkpt lat="50.509250" lon="5.306460">
						<ele>248</ele>
						<time>2022-06-27T12:35:02Z</time>
					</trkpt>
					<trkpt lat="50.509220" lon="5.305940">
						<ele>246</ele>
						<time>2022-06-27T12:35:29Z</time>
					</trkpt>
					<trkpt lat="50.509200" lon="5.305470">
						<ele>247</ele>
						<time>2022-06-27T12:35:53Z</time>
					</trkpt>
					<trkpt lat="50.509160" lon="5.304760">
						<ele>247</ele>
						<time>2022-06-27T12:36:29Z</time>
					</trkpt>
					<trkpt lat="50.509120" lon="5.304030">
						<ele>248</ele>
						<time>2022-06-27T12:37:06Z</time>
					</trkpt>
					<trkpt lat="50.509080" lon="5.303300">
						<ele>249</ele>
						<time>2022-06-27T12:37:43Z</time>
					</trkpt>
					<trkpt lat="50.509040" lon="5.302560">
						<ele>248</ele>
						<time>2022-06-27T12:38:21Z</time>
					</trkpt>
					<trkpt lat="50.509000" lon="5.301830">
						<ele>248</ele>
						<time>2022-06-27T12:38:59Z</time>
					</trkpt>
					<trkpt lat="50.508960" lon="5.301090">
						<ele>246</ele>
						<time>2022-06-27T12:39:36Z</time>
					</trkpt>
					<trkpt lat="50.508920" lon="5.300350">
						<ele>245</ele>
						<time>2022-06-27T12:40:14Z</time>
					</trkpt>
					<trkpt lat="50.508880" lon="5.299620">
						<ele>244</ele>
						<time>2022-06-27T12:40:52Z</time>
					</trkpt>
					<trkpt lat="50.508840" lon="5.298880">
						<ele>245</ele>
						<time>2022-06-27T12:41:29Z</time>
					</trkpt>
					<trkpt lat="50.508800" lon="5.298140">
						<ele>245</ele>
						<time>2022-06-27T12:42:07Z</time>
					</trkpt>
					<trkpt lat="50.508760" lon="5.297400">
						<ele>245</ele>
						<time>2022-06-27T12:42:45Z</time>
					</trkpt>
					<trkpt lat="50.508740" lon="5.297150">
						<ele>244</ele>
						<time>2022-06-27T12:42:58Z</time>
					</trkpt>
					<trkpt lat="50.508750" lon="5.296560">
						<ele>245</ele>
						<time>2022-06-27T12:43:28Z</time>
					</trkpt>
					<trkpt lat="50.508710" lon="5.296010">
						<ele>245</ele>
						<time>2022-06-27T12:43:56Z</time>
					</trkpt>
					<trkpt lat="50.508710" lon="5.295610">
						<ele>244</ele>
						<time>2022-06-27T12:44:16Z</time>
					</trkpt>
					<trkpt lat="50.508740" lon="5.295350">
						<ele>242</ele>
						<time>2022-06-27T12:44:30Z</time>
					</trkpt>
					<trkpt lat="50.508780" lon="5.295120">
						<ele>241</ele>
						<time>2022-06-27T12:44:42Z</time>
					</trkpt>
					<trkpt lat="50.508860" lon="5.294820">
						<ele>240</ele>
						<time>2022-06-27T12:44:59Z</time>
					</trkpt>
					<trkpt lat="50.508920" lon="5.294600">
						<ele>240</ele>
						<time>2022-06-27T12:45:11Z</time>
					</trkpt>
					<trkpt lat="50.508980" lon="5.294320">
						<ele>240</ele>
						<time>2022-06-27T12:45:26Z</time>
					</trkpt>
					<trkpt lat="50.509050" lon="5.294040">
						<ele>240</ele>
						<time>2022-06-27T12:45:41Z</time>
					</trkpt>
					<trkpt lat="50.509110" lon="5.293660">
						<ele>240</ele>
						<time>2022-06-27T12:46:01Z</time>
					</trkpt>
					<trkpt lat="50.509160" lon="5.293400">
						<ele>240</ele>
						<time>2022-06-27T12:46:15Z</time>
					</trkpt>
					<trkpt lat="50.509250" lon="5.293090">
						<ele>240</ele>
						<time>2022-06-27T12:46:32Z</time>
					</trkpt>
					<trkpt lat="50.509380" lon="5.292710">
						<ele>239</ele>
						<time>2022-06-27T12:46:54Z</time>
					</trkpt>
					<trkpt lat="50.509530" lon="5.292270">
						<ele>240</ele>
						<time>2022-06-27T12:47:20Z</time>
					</trkpt>
					<trkpt lat="50.509690" lon="5.291780">
						<ele>242</ele>
						<time>2022-06-27T12:47:48Z</time>
					</trkpt>
					<trkpt lat="50.509890" lon="5.291210">
						<ele>243</ele>
						<time>2022-06-27T12:48:21Z</time>
					</trkpt>
					<trkpt lat="50.510090" lon="5.290600">
						<ele>243</ele>
						<time>2022-06-27T12:48:56Z</time>
					</trkpt>
					<trkpt lat="50.510230" lon="5.290190">
						<ele>241</ele>
						<time>2022-06-27T12:49:19Z</time>
					</trkpt>
					<trkpt lat="50.510270" lon="5.289990">
						<ele>240</ele>
						<time>2022-06-27T12:49:30Z</time>
					</trkpt>
					<trkpt lat="50.510330" lon="5.289470">
						<ele>238</ele>
						<time>2022-06-27T12:49:57Z</time>
					</trkpt>
					<trkpt lat="50.510380" lon="5.288940">
						<ele>237</ele>
						<time>2022-06-27T12:50:24Z</time>
					</trkpt>
					<trkpt lat="50.510430" lon="5.288360">
						<ele>237</ele>
						<time>2022-06-27T12:50:54Z</time>
					</trkpt>
					<trkpt lat="50.510500" lon="5.287630">
						<ele>239</ele>
						<time>2022-06-27T12:51:32Z</time>
					</trkpt>
					<trkpt lat="50.510500" lon="5.287330">
						<ele>239</ele>
						<time>2022-06-27T12:51:47Z</time>
					</trkpt>
					<trkpt lat="50.510460" lon="5.286650">
						<ele>237</ele>
						<time>2022-06-27T12:52:22Z</time>
					</trkpt>
					<trkpt lat="50.510420" lon="5.285960">
						<ele>235</ele>
						<time>2022-06-27T12:52:57Z</time>
					</trkpt>
					<trkpt lat="50.510390" lon="5.285270">
						<ele>233</ele>
						<time>2022-06-27T12:53:32Z</time>
					</trkpt>
					<trkpt lat="50.510350" lon="5.284600">
						<ele>232</ele>
						<time>2022-06-27T12:54:07Z</time>
					</trkpt>
					<trkpt lat="50.510320" lon="5.283970">
						<ele>231</ele>
						<time>2022-06-27T12:54:39Z</time>
					</trkpt>
					<trkpt lat="50.510280" lon="5.283510">
						<ele>230</ele>
						<time>2022-06-27T12:55:02Z</time>
					</trkpt>
					<trkpt lat="50.510240" lon="5.283050">
						<ele>230</ele>
						<time>2022-06-27T12:55:26Z</time>
					</trkpt>
					<trkpt lat="50.510200" lon="5.282570">
						<ele>229</ele>
						<time>2022-06-27T12:55:51Z</time>
					</trkpt>
					<trkpt lat="50.510180" lon="5.282030">
						<ele>231</ele>
						<time>2022-06-27T12:56:18Z</time>
					</trkpt>
					<trkpt lat="50.510160" lon="5.281520">
						<ele>233</ele>
						<time>2022-06-27T12:56:44Z</time>
					</trkpt>
					<trkpt lat="50.510140" lon="5.281010">
						<ele>234</ele>
						<time>2022-06-27T12:57:10Z</time>
					</trkpt>
					<trkpt lat="50.510110" lon="5.280410">
						<ele>233</ele>
						<time>2022-06-27T12:57:41Z</time>
					</trkpt>
					<trkpt lat="50.510110" lon="5.279840">
						<ele>233</ele>
						<time>2022-06-27T12:58:10Z</time>
					</trkpt>
					<trkpt lat="50.510100" lon="5.279290">
						<ele>233</ele>
						<time>2022-06-27T12:58:38Z</time>
					</trkpt>
					<trkpt lat="50.510170" lon="5.278870">
						<ele>234</ele>
						<time>2022-06-27T12:59:00Z</time>
					</trkpt>
					<trkpt lat="50.510230" lon="5.278540">
						<ele>234</ele>
						<time>2022-06-27T12:59:18Z</time>
					</trkpt>
					<trkpt lat="50.510330" lon="5.278270">
						<ele>234</ele>
						<time>2022-06-27T12:59:33Z</time>
					</trkpt>
					<trkpt lat="50.510400" lon="5.278090">
						<ele>234</ele>
						<time>2022-06-27T12:59:44Z</time>
					</trkpt>
					<trkpt lat="50.510420" lon="5.277890">
						<ele>235</ele>
						<time>2022-06-27T12:59:54Z</time>
					</trkpt>
					<trkpt lat="50.510420" lon="5.277490">
						<ele>236</ele>
						<time>2022-06-27T13:00:15Z</time>
					</trkpt>
					<trkpt lat="50.510440" lon="5.277260">
						<ele>236</ele>
						<time>2022-06-27T13:00:27Z</time>
					</trkpt>
					<trkpt lat="50.510450" lon="5.276920">
						<ele>236</ele>
						<time>2022-06-27T13:00:44Z</time>
					</trkpt>
					<trkpt lat="50.510430" lon="5.276360">
						<ele>235</ele>
						<time>2022-06-27T13:01:13Z</time>
					</trkpt>
					<trkpt lat="50.510430" lon="5.275840">
						<ele>233</ele>
						<time>2022-06-27T13:01:39Z</time>
					</trkpt>
					<trkpt lat="50.510460" lon="5.275210">
						<ele>232</ele>
						<time>2022-06-27T13:02:11Z</time>
					</trkpt>
					<trkpt lat="50.510410" lon="5.274680">
						<ele>232</ele>
						<time>2022-06-27T13:02:38Z</time>
					</trkpt>
					<trkpt lat="50.510350" lon="5.274040">
						<ele>231</ele>
						<time>2022-06-27T13:03:11Z</time>
					</trkpt>
					<trkpt lat="50.510250" lon="5.273740">
						<ele>230</ele>
						<time>2022-06-27T13:03:29Z</time>
					</trkpt>
					<trkpt lat="50.510200" lon="5.273380">
						<ele>229</ele>
						<time>2022-06-27T13:03:47Z</time>
					</trkpt>
					<trkpt lat="50.510140" lon="5.272930">
						<ele>228</ele>
						<time>2022-06-27T13:04:11Z</time>
					</trkpt>
					<trkpt lat="50.510080" lon="5.272470">
						<ele>227</ele>
						<time>2022-06-27T13:04:35Z</time>
					</trkpt>
					<trkpt lat="50.510020" lon="5.272010">
						<ele>224</ele>
						<time>2022-06-27T13:04:59Z</time>
					</trkpt>
					<trkpt lat="50.509960" lon="5.271560">
						<ele>222</ele>
						<time>2022-06-27T13:05:22Z</time>
					</trkpt>
					<trkpt lat="50.509900" lon="5.271100">
						<ele>220</ele>
						<time>2022-06-27T13:05:46Z</time>
					</trkpt>
					<trkpt lat="50.509830" lon="5.270640">
						<ele>218</ele>
						<time>2022-06-27T13:06:10Z</time>
					</trkpt>
					<trkpt lat="50.509790" lon="5.270390">
						<ele>218</ele>
						<time>2022-06-27T13:06:23Z</time>
					</trkpt>
					<trkpt lat="50.509790" lon="5.270130">
						<ele>217</ele>
						<time>2022-06-27T13:06:36Z</time>
					</trkpt>
					<trkpt lat="50.509810" lon="5.269850">
						<ele>216</ele>
						<time>2022-06-27T13:06:51Z</time>
					</trkpt>
					<trkpt lat="50.509810" lon="5.269700">
						<ele>216</ele>
						<time>2022-06-27T13:06:58Z</time>
					</trkpt>
					<trkpt lat="50.509790" lon="5.269590">
						<ele>215</ele>
						<time>2022-06-27T13:07:04Z</time>
					</trkpt>
					<trkpt lat="50.509740" lon="5.269460">
						<ele>215</ele>
						<time>2022-06-27T13:07:12Z</time>
					</trkpt>
					<trkpt lat="50.509670" lon="5.269330">
						<ele>216</ele>
						<time>2022-06-27T13:07:21Z</time>
					</trkpt>
					<trkpt lat="50.509530" lon="5.269140">
						<ele>216</ele>
						<time>2022-06-27T13:07:35Z</time>
					</trkpt>
					<trkpt lat="50.509330" lon="5.268880">
						<ele>218</ele>
						<time>2022-06-27T13:07:56Z</time>
					</trkpt>
					<trkpt lat="50.509150" lon="5.268660">
						<ele>220</ele>
						<time>2022-06-27T13:08:14Z</time>
					</trkpt>
					<trkpt lat="50.508940" lon="5.268370">
						<ele>221</ele>
						<time>2022-06-27T13:08:37Z</time>
					</trkpt>
					<trkpt lat="50.508780" lon="5.268130">
						<ele>223</ele>
						<time>2022-06-27T13:08:55Z</time>
					</trkpt>
					<trkpt lat="50.508660" lon="5.267880">
						<ele>224</ele>
						<time>2022-06-27T13:09:11Z</time>
					</trkpt>
					<trkpt lat="50.508560" lon="5.267680">
						<ele>224</ele>
						<time>2022-06-27T13:09:23Z</time>
					</trkpt>
					<trkpt lat="50.508560" lon="5.267580">
						<ele>225</ele>
						<time>2022-06-27T13:09:29Z</time>
					</trkpt>
					<trkpt lat="50.508590" lon="5.267440">
						<ele>225</ele>
						<time>2022-06-27T13:09:36Z</time>
					</trkpt>
					<trkpt lat="50.508820" lon="5.267120">
						<ele>224</ele>
						<time>2022-06-27T13:10:01Z</time>
					</trkpt>
					<trkpt lat="50.508980" lon="5.266910">
						<ele>224</ele>
						<time>2022-06-27T13:10:17Z</time>
					</trkpt>
					<trkpt lat="50.509090" lon="5.266750">
						<ele>224</ele>
						<time>2022-06-27T13:10:29Z</time>
					</trkpt>
					<trkpt lat="50.509100" lon="5.266630">
						<ele>224</ele>
						<time>2022-06-27T13:10:36Z</time>
					</trkpt>
					<trkpt lat="50.509060" lon="5.266480">
						<ele>225</ele>
						<time>2022-06-27T13:10:44Z</time>
					</trkpt>
					<trkpt lat="50.508920" lon="5.266120">
						<ele>226</ele>
						<time>2022-06-27T13:11:05Z</time>
					</trkpt>
					<trkpt lat="50.508790" lon="5.265680">
						<ele>227</ele>
						<time>2022-06-27T13:11:30Z</time>
					</trkpt>
					<trkpt lat="50.508660" lon="5.265320">
						<ele>226</ele>
						<time>2022-06-27T13:11:51Z</time>
					</trkpt>
					<trkpt lat="50.508430" lon="5.264910">
						<ele>226</ele>
						<time>2022-06-27T13:12:19Z</time>
					</trkpt>
					<trkpt lat="50.508210" lon="5.265410">
						<ele>228</ele>
						<time>2022-06-27T13:12:50Z</time>
					</trkpt>
					<trkpt lat="50.507960" lon="5.265970">
						<ele>230</ele>
						<time>2022-06-27T13:13:25Z</time>
					</trkpt>
					<trkpt lat="50.507830" lon="5.265740">
						<ele>230</ele>
						<time>2022-06-27T13:13:40Z</time>
					</trkpt>
					<trkpt lat="50.507590" lon="5.265280">
						<ele>230</ele>
						<time>2022-06-27T13:14:11Z</time>
					</trkpt>
					<trkpt lat="50.507360" lon="5.264850">
						<ele>230</ele>
						<time>2022-06-27T13:14:39Z</time>
					</trkpt>
					<trkpt lat="50.507140" lon="5.264360">
						<ele>230</ele>
						<time>2022-06-27T13:15:10Z</time>
					</trkpt>
					<trkpt lat="50.506910" lon="5.263880">
						<ele>230</ele>
						<time>2022-06-27T13:15:40Z</time>
					</trkpt>
					<trkpt lat="50.506670" lon="5.263350">
						<ele>230</ele>
						<time>2022-06-27T13:16:14Z</time>
					</trkpt>
					<trkpt lat="50.506420" lon="5.262830">
						<ele>230</ele>
						<time>2022-06-27T13:16:47Z</time>
					</trkpt>
					<trkpt lat="50.506170" lon="5.262300">
						<ele>229</ele>
						<time>2022-06-27T13:17:20Z</time>
					</trkpt>
					<trkpt lat="50.505920" lon="5.261760">
						<ele>228</ele>
						<time>2022-06-27T13:17:54Z</time>
					</trkpt>
					<trkpt lat="50.505670" lon="5.261230">
						<ele>229</ele>
						<time>2022-06-27T13:18:28Z</time>
					</trkpt>
					<trkpt lat="50.505550" lon="5.260970">
						<ele>229</ele>
						<time>2022-06-27T13:18:44Z</time>
					</trkpt>
					<trkpt lat="50.505890" lon="5.260650">
						<ele>228</ele>
						<time>2022-06-27T13:19:16Z</time>
					</trkpt>
					<trkpt lat="50.506220" lon="5.260340">
						<ele>227</ele>
						<time>2022-06-27T13:19:47Z</time>
					</trkpt>
					<trkpt lat="50.506390" lon="5.260180">
						<ele>226</ele>
						<time>2022-06-27T13:20:03Z</time>
					</trkpt>
					<trkpt lat="50.506660" lon="5.259890">
						<ele>225</ele>
						<time>2022-06-27T13:20:29Z</time>
					</trkpt>
					<trkpt lat="50.506860" lon="5.259650">
						<ele>224</ele>
						<time>2022-06-27T13:20:49Z</time>
					</trkpt>
					<trkpt lat="50.507170" lon="5.259430">
						<ele>223</ele>
						<time>2022-06-27T13:21:16Z</time>
					</trkpt>
					<trkpt lat="50.507510" lon="5.259180">
						<ele>222</ele>
						<time>2022-06-27T13:21:46Z</time>
					</trkpt>
					<trkpt lat="50.507760" lon="5.258920">
						<ele>220</ele>
						<time>2022-06-27T13:22:10Z</time>
					</trkpt>
					<trkpt lat="50.508030" lon="5.258590">
						<ele>219</ele>
						<time>2022-06-27T13:22:38Z</time>
					</trkpt>
					<trkpt lat="50.508230" lon="5.258310">
						<ele>219</ele>
						<time>2022-06-27T13:22:59Z</time>
					</trkpt>
					<trkpt lat="50.508470" lon="5.257960">
						<ele>218</ele>
						<time>2022-06-27T13:23:25Z</time>
					</trkpt>
					<trkpt lat="50.508580" lon="5.257810">
						<ele>217</ele>
						<time>2022-06-27T13:23:37Z</time>
					</trkpt>
					<trkpt lat="50.508650" lon="5.257720">
						<ele>217</ele>
						<time>2022-06-27T13:23:44Z</time>
					</trkpt>
					<trkpt lat="50.508780" lon="5.257640">
						<ele>216</ele>
						<time>2022-06-27T13:23:55Z</time>
					</trkpt>
					<trkpt lat="50.508930" lon="5.257620">
						<ele>216</ele>
						<time>2022-06-27T13:24:07Z</time>
					</trkpt>
					<trkpt lat="50.509180" lon="5.257740">
						<ele>215</ele>
						<time>2022-06-27T13:24:28Z</time>
					</trkpt>
					<trkpt lat="50.509370" lon="5.257840">
						<ele>215</ele>
						<time>2022-06-27T13:24:44Z</time>
					</trkpt>
					<trkpt lat="50.509480" lon="5.257850">
						<ele>215</ele>
						<time>2022-06-27T13:24:53Z</time>
					</trkpt>
					<trkpt lat="50.509570" lon="5.257850">
						<ele>215</ele>
						<time>2022-06-27T13:25:00Z</time>
					</trkpt>
					<trkpt lat="50.509640" lon="5.257810">
						<ele>215</ele>
						<time>2022-06-27T13:25:06Z</time>
					</trkpt>
					<trkpt lat="50.509710" lon="5.257720">
						<ele>215</ele>
						<time>2022-06-27T13:25:14Z</time>
					</trkpt>
					<trkpt lat="50.509870" lon="5.257430">
						<ele>214</ele>
						<time>2022-06-27T13:25:33Z</time>
					</trkpt>
					<trkpt lat="50.510040" lon="5.257140">
						<ele>214</ele>
						<time>2022-06-27T13:25:53Z</time>
					</trkpt>
					<trkpt lat="50.510230" lon="5.256780">
						<ele>215</ele>
						<time>2022-06-27T13:26:17Z</time>
					</trkpt>
					<trkpt lat="50.510430" lon="5.256400">
						<ele>215</ele>
						<time>2022-06-27T13:26:42Z</time>
					</trkpt>
					<trkpt lat="50.510490" lon="5.256280">
						<ele>215</ele>
						<time>2022-06-27T13:26:50Z</time>
					</trkpt>
					<trkpt lat="50.510580" lon="5.256120">
						<ele>215</ele>
						<time>2022-06-27T13:27:01Z</time>
					</trkpt>
					<trkpt lat="50.510680" lon="5.256000">
						<ele>215</ele>
						<time>2022-06-27T13:27:11Z</time>
					</trkpt>
					<trkpt lat="50.510830" lon="5.255850">
						<ele>215</ele>
						<time>2022-06-27T13:27:25Z</time>
					</trkpt>
					<trkpt lat="50.510990" lon="5.255700">
						<ele>215</ele>
						<time>2022-06-27T13:27:40Z</time>
					</trkpt>
					<trkpt lat="50.511150" lon="5.255560">
						<ele>215</ele>
						<time>2022-06-27T13:27:55Z</time>
					</trkpt>
					<trkpt lat="50.511350" lon="5.255380">
						<ele>216</ele>
						<time>2022-06-27T13:28:13Z</time>
					</trkpt>
					<trkpt lat="50.511650" lon="5.255110">
						<ele>216</ele>
						<time>2022-06-27T13:28:41Z</time>
					</trkpt>
					<trkpt lat="50.511930" lon="5.254870">
						<ele>215</ele>
						<time>2022-06-27T13:29:06Z</time>
					</trkpt>
					<trkpt lat="50.512090" lon="5.254730">
						<ele>215</ele>
						<time>2022-06-27T13:29:21Z</time>
					</trkpt>
					<trkpt lat="50.512290" lon="5.254590">
						<ele>215</ele>
						<time>2022-06-27T13:29:39Z</time>
					</trkpt>
					<trkpt lat="50.512470" lon="5.254470">
						<ele>214</ele>
						<time>2022-06-27T13:29:54Z</time>
					</trkpt>
					<trkpt lat="50.512670" lon="5.254350">
						<ele>214</ele>
						<time>2022-06-27T13:30:11Z</time>
					</trkpt>
					<trkpt lat="50.512810" lon="5.254260">
						<ele>213</ele>
						<time>2022-06-27T13:30:24Z</time>
					</trkpt>
					<trkpt lat="50.513000" lon="5.253720">
						<ele>212</ele>
						<time>2022-06-27T13:30:55Z</time>
					</trkpt>
					<trkpt lat="50.513230" lon="5.253040">
						<ele>211</ele>
						<time>2022-06-27T13:31:34Z</time>
					</trkpt>
					<trkpt lat="50.513480" lon="5.252330">
						<ele>209</ele>
						<time>2022-06-27T13:32:15Z</time>
					</trkpt>
					<trkpt lat="50.513740" lon="5.251580">
						<ele>206</ele>
						<time>2022-06-27T13:32:59Z</time>
					</trkpt>
					<trkpt lat="50.513850" lon="5.251270">
						<ele>205</ele>
						<time>2022-06-27T13:33:17Z</time>
					</trkpt>
					<trkpt lat="50.514020" lon="5.250740">
						<ele>204</ele>
						<time>2022-06-27T13:33:47Z</time>
					</trkpt>
					<trkpt lat="50.514110" lon="5.250000">
						<ele>202</ele>
						<time>2022-06-27T13:34:26Z</time>
					</trkpt>
					<trkpt lat="50.514140" lon="5.249620">
						<ele>200</ele>
						<time>2022-06-27T13:34:45Z</time>
					</trkpt>
					<trkpt lat="50.514230" lon="5.248980">
						<ele>196</ele>
						<time>2022-06-27T13:35:19Z</time>
					</trkpt>
					<trkpt lat="50.514250" lon="5.248490">
						<ele>191</ele>
						<time>2022-06-27T13:35:44Z</time>
					</trkpt>
					<trkpt lat="50.514260" lon="5.248080">
						<ele>188</ele>
						<time>2022-06-27T13:36:04Z</time>
					</trkpt>
					<trkpt lat="50.514330" lon="5.247780">
						<ele>185</ele>
						<time>2022-06-27T13:36:21Z</time>
					</trkpt>
					<trkpt lat="50.514420" lon="5.247540">
						<ele>182</ele>
						<time>2022-06-27T13:36:35Z</time>
					</trkpt>
					<trkpt lat="50.514490" lon="5.247410">
						<ele>181</ele>
						<time>2022-06-27T13:36:44Z</time>
					</trkpt>
					<trkpt lat="50.514600" lon="5.247270">
						<ele>179</ele>
						<time>2022-06-27T13:36:55Z</time>
					</trkpt>
					<trkpt lat="50.514890" lon="5.247000">
						<ele>174</ele>
						<time>2022-06-27T13:37:22Z</time>
					</trkpt>
					<trkpt lat="50.515180" lon="5.246780">
						<ele>169</ele>
						<time>2022-06-27T13:37:48Z</time>
					</trkpt>
					<trkpt lat="50.515370" lon="5.246680">
						<ele>165</ele>
						<time>2022-06-27T13:38:04Z</time>
					</trkpt>
					<trkpt lat="50.515570" lon="5.246620">
						<ele>162</ele>
						<time>2022-06-27T13:38:20Z</time>
					</trkpt>
					<trkpt lat="50.515840" lon="5.246540">
						<ele>156</ele>
						<time>2022-06-27T13:38:42Z</time>
					</trkpt>
					<trkpt lat="50.515990" lon="5.246500">
						<ele>152</ele>
						<time>2022-06-27T13:38:54Z</time>
					</trkpt>
					<trkpt lat="50.516030" lon="5.246450">
						<ele>151</ele>
						<time>2022-06-27T13:38:58Z</time>
					</trkpt>
					<trkpt lat="50.516110" lon="5.246090">
						<ele>146</ele>
						<time>2022-06-27T13:39:18Z</time>
					</trkpt>
					<trkpt lat="50.516170" lon="5.246030">
						<ele>144</ele>
						<time>2022-06-27T13:39:23Z</time>
					</trkpt>
					<trkpt lat="50.516240" lon="5.246080">
						<ele>143</ele>
						<time>2022-06-27T13:39:30Z</time>
					</trkpt>
					<trkpt lat="50.516380" lon="5.246300">
						<ele>140</ele>
						<time>2022-06-27T13:39:45Z</time>
					</trkpt>
					<trkpt lat="50.516560" lon="5.246600">
						<ele>137</ele>
						<time>2022-06-27T13:40:06Z</time>
					</trkpt>
					<trkpt lat="50.516710" lon="5.246840">
						<ele>134</ele>
						<time>2022-06-27T13:40:23Z</time>
					</trkpt>
					<trkpt lat="50.516840" lon="5.247060">
						<ele>132</ele>
						<time>2022-06-27T13:40:39Z</time>
					</trkpt>
					<trkpt lat="50.516870" lon="5.247180">
						<ele>131</ele>
						<time>2022-06-27T13:40:45Z</time>
					</trkpt>
					<trkpt lat="50.516870" lon="5.247450">
						<ele>131</ele>
						<time>2022-06-27T13:40:59Z</time>
					</trkpt>
					<trkpt lat="50.516920" lon="5.247570">
						<ele>131</ele>
						<time>2022-06-27T13:41:06Z</time>
					</trkpt>
					<trkpt lat="50.517060" lon="5.247670">
						<ele>129</ele>
						<time>2022-06-27T13:41:19Z</time>
					</trkpt>
					<trkpt lat="50.517510" lon="5.247920">
						<ele>123</ele>
						<time>2022-06-27T13:41:57Z</time>
					</trkpt>
					<trkpt lat="50.517590" lon="5.247920">
						<ele>122</ele>
						<time>2022-06-27T13:42:03Z</time>
					</trkpt>
					<trkpt lat="50.517940" lon="5.247710">
						<ele>116</ele>
						<time>2022-06-27T13:42:33Z</time>
					</trkpt>
					<trkpt lat="50.518160" lon="5.247530">
						<ele>112</ele>
						<time>2022-06-27T13:42:53Z</time>
					</trkpt>
					<trkpt lat="50.518390" lon="5.247330">
						<ele>108</ele>
						<time>2022-06-27T13:43:14Z</time>
					</trkpt>
					<trkpt lat="50.518660" lon="5.247110">
						<ele>105</ele>
						<time>2022-06-27T13:43:39Z</time>
					</trkpt>
					<trkpt lat="50.518790" lon="5.246910">
						<ele>103</ele>
						<time>2022-06-27T13:43:53Z</time>
					</trkpt>
					<trkpt lat="50.519030" lon="5.246790">
						<ele>101</ele>
						<time>2022-06-27T13:44:13Z</time>
					</trkpt>
					<trkpt lat="50.519180" lon="5.246710">
						<ele>100</ele>
						<time>2022-06-27T13:44:26Z</time>
					</trkpt>
					<trkpt lat="50.519070" lon="5.246290">
						<ele>99</ele>
						<time>2022-06-27T13:44:49Z</time>
					</trkpt>
					<trkpt lat="50.519040" lon="5.245640">
						<ele>96</ele>
						<time>2022-06-27T13:45:22Z</time>
					</trkpt>
					<trkpt lat="50.519020" lon="5.245160">
						<ele>93</ele>
						<time>2022-06-27T13:45:47Z</time>
					</trkpt>
					<trkpt lat="50.519010" lon="5.244720">
						<ele>90</ele>
						<time>2022-06-27T13:46:09Z</time>
					</trkpt>
					<trkpt lat="50.519000" lon="5.244130">
						<ele>86</ele>
						<time>2022-06-27T13:46:39Z</time>
					</trkpt>
					<trkpt lat="50.518990" lon="5.243880">
						<ele>85</ele>
						<time>2022-06-27T13:46:52Z</time>
					</trkpt>
					<trkpt lat="50.518990" lon="5.243380">
						<ele>83</ele>
						<time>2022-06-27T13:47:17Z</time>
					</trkpt>
					<trkpt lat="50.518990" lon="5.243050">
						<ele>81</ele>
						<time>2022-06-27T13:47:34Z</time>
					</trkpt>
					<trkpt lat="50.518960" lon="5.243090">
						<ele>81</ele>
						<time>2022-06-27T13:47:37Z</time>
					</trkpt>
					<trkpt lat="50.518760" lon="5.243110">
						<ele>82</ele>
						<time>2022-06-27T13:47:53Z</time>
					</trkpt>
					<trkpt lat="50.518480" lon="5.242940">
						<ele>82</ele>
						<time>2022-06-27T13:48:17Z</time>
					</trkpt>
					<trkpt lat="50.518390" lon="5.242880">
						<ele>82</ele>
						<time>2022-06-27T13:48:25Z</time>
					</trkpt>
					<trkpt lat="50.518240" lon="5.242760">
						<ele>81</ele>
						<time>2022-06-27T13:48:39Z</time>
					</trkpt>
					<trkpt lat="50.518120" lon="5.242440">
						<ele>79</ele>
						<time>2022-06-27T13:48:58Z</time>
					</trkpt>
					<trkpt lat="50.518080" lon="5.242360">
						<ele>79</ele>
						<time>2022-06-27T13:49:03Z</time>
					</trkpt>
					<trkpt lat="50.518110" lon="5.242230">
						<ele>79</ele>
						<time>2022-06-27T13:49:10Z</time>
					</trkpt>
					<trkpt lat="50.518140" lon="5.242090">
						<ele>78</ele>
						<time>2022-06-27T13:49:17Z</time>
					</trkpt>
					<trkpt lat="50.518130" lon="5.241920">
						<ele>77</ele>
						<time>2022-06-27T13:49:26Z</time>
					</trkpt>
					<trkpt lat="50.518120" lon="5.241710">
						<ele>77</ele>
						<time>2022-06-27T13:49:37Z</time>
					</trkpt>
					<trkpt lat="50.518210" lon="5.241690">
						<ele>76</ele>
						<time>2022-06-27T13:49:44Z</time>
					</trkpt>
					<trkpt lat="50.518190" lon="5.241480">
						<ele>76</ele>
						<time>2022-06-27T13:49:55Z</time>
					</trkpt>
					<trkpt lat="50.518240" lon="5.241390">
						<ele>76</ele>
						<time>2022-06-27T13:50:01Z</time>
					</trkpt>
					<trkpt lat="50.518200" lon="5.241160">
						<ele>76</ele>
						<time>2022-06-27T13:50:13Z</time>
					</trkpt>
					<trkpt lat="50.518380" lon="5.241080">
						<ele>76</ele>
						<time>2022-06-27T13:50:28Z</time>
					</trkpt>
					<trkpt lat="50.518530" lon="5.240950">
						<ele>76</ele>
						<time>2022-06-27T13:50:42Z</time>
					</trkpt>
					<trkpt lat="50.518760" lon="5.240830">
						<ele>76</ele>
						<time>2022-06-27T13:51:01Z</time>
					</trkpt>
					<trkpt lat="50.519010" lon="5.240680">
						<ele>75</ele>
						<time>2022-06-27T13:51:23Z</time>
					</trkpt>
					<trkpt lat="50.518840" lon="5.240180">
						<ele>74</ele>
						<time>2022-06-27T13:51:52Z</time>
					</trkpt>
					<trkpt lat="50.518720" lon="5.240300">
						<ele>74</ele>
						<time>2022-06-27T13:52:03Z</time>
					</trkpt>
					<trkpt lat="50.518680" lon="5.240380">
						<ele>75</ele>
						<time>2022-06-27T13:52:08Z</time>
					</trkpt>
					<trkpt lat="50.518630" lon="5.240440">
						<ele>75</ele>
						<time>2022-06-27T13:52:13Z</time>
					</trkpt>
					<trkpt lat="50.518560" lon="5.240280">
						<ele>74</ele>
						<time>2022-06-27T13:52:23Z</time>
					</trkpt>
					<trkpt lat="50.518520" lon="5.240140">
						<ele>74</ele>
						<time>2022-06-27T13:52:31Z</time>
					</trkpt>
					<trkpt lat="50.518440" lon="5.239890">
						<ele>75</ele>
						<time>2022-06-27T13:52:45Z</time>
					</trkpt>
					<trkpt lat="50.518720" lon="5.239770">
						<ele>75</ele>
						<time>2022-06-27T13:53:08Z</time>
					</trkpt>
					<trkpt lat="50.518680" lon="5.239590">
						<ele>76</ele>
						<time>2022-06-27T13:53:18Z</time>
					</trkpt>
					<trkpt lat="50.518620" lon="5.239310">
						<ele>78</ele>
						<time>2022-06-27T13:53:33Z</time>
					</trkpt>
					<trkpt lat="50.518570" lon="5.238960">
						<ele>82</ele>
						<time>2022-06-27T13:53:51Z</time>
					</trkpt>
					<trkpt lat="50.518710" lon="5.238910">
						<ele>81</ele>
						<time>2022-06-27T13:54:03Z</time>
					</trkpt>
					<trkpt lat="50.518890" lon="5.238830">
						<ele>78</ele>
						<time>2022-06-27T13:54:18Z</time>
					</trkpt>
					<trkpt lat="50.518980" lon="5.238780">
						<ele>77</ele>
						<time>2022-06-27T13:54:25Z</time>
					</trkpt>
					<trkpt lat="50.518960" lon="5.238540">
						<ele>78</ele>
						<time>2022-06-27T13:54:38Z</time>
					</trkpt>
					<trkpt lat="50.519010" lon="5.238070">
						<ele>76</ele>
						<time>2022-06-27T13:55:02Z</time>
					</trkpt>
					<trkpt lat="50.519060" lon="5.237770">
						<ele>74</ele>
						<time>2022-06-27T13:55:18Z</time>
					</trkpt>
					<trkpt lat="50.518820" lon="5.237420">
						<ele>79</ele>
						<time>2022-06-27T13:55:44Z</time>
					</trkpt>
					</trkseg>
				
						<name>14435783-Troncon_12</name>
						<trkseg>
					<trkpt lat="50.518810" lon="5.237430">
						<ele>79</ele>
						<time>2022-06-27T18:38:51Z</time>
					</trkpt>
					<trkpt lat="50.518700" lon="5.237260">
						<ele>81</ele>
						<time>2022-06-27T18:39:03Z</time>
					</trkpt>
					<trkpt lat="50.518540" lon="5.237030">
						<ele>81</ele>
						<time>2022-06-27T18:39:21Z</time>
					</trkpt>
					<trkpt lat="50.518400" lon="5.236810">
						<ele>80</ele>
						<time>2022-06-27T18:39:37Z</time>
					</trkpt>
					<trkpt lat="50.518230" lon="5.236580">
						<ele>81</ele>
						<time>2022-06-27T18:39:55Z</time>
					</trkpt>
					<trkpt lat="50.518060" lon="5.236340">
						<ele>84</ele>
						<time>2022-06-27T18:40:13Z</time>
					</trkpt>
					<trkpt lat="50.517910" lon="5.236140">
						<ele>85</ele>
						<time>2022-06-27T18:40:29Z</time>
					</trkpt>
					<trkpt lat="50.517740" lon="5.235950">
						<ele>84</ele>
						<time>2022-06-27T18:40:45Z</time>
					</trkpt>
					<trkpt lat="50.517570" lon="5.235790">
						<ele>83</ele>
						<time>2022-06-27T18:41:01Z</time>
					</trkpt>
					<trkpt lat="50.517460" lon="5.235710">
						<ele>83</ele>
						<time>2022-06-27T18:41:11Z</time>
					</trkpt>
					<trkpt lat="50.517490" lon="5.235590">
						<ele>82</ele>
						<time>2022-06-27T18:41:17Z</time>
					</trkpt>
					<trkpt lat="50.517430" lon="5.235500">
						<ele>81</ele>
						<time>2022-06-27T18:41:24Z</time>
					</trkpt>
					<trkpt lat="50.517230" lon="5.235280">
						<ele>79</ele>
						<time>2022-06-27T18:41:44Z</time>
					</trkpt>
					<trkpt lat="50.517040" lon="5.235080">
						<ele>77</ele>
						<time>2022-06-27T18:42:02Z</time>
					</trkpt>
					<trkpt lat="50.516790" lon="5.234790">
						<ele>75</ele>
						<time>2022-06-27T18:42:27Z</time>
					</trkpt>
					<trkpt lat="50.516680" lon="5.234630">
						<ele>74</ele>
						<time>2022-06-27T18:42:39Z</time>
					</trkpt>
					<trkpt lat="50.516600" lon="5.234470">
						<ele>76</ele>
						<time>2022-06-27T18:42:49Z</time>
					</trkpt>
					<trkpt lat="50.516490" lon="5.234170">
						<ele>78</ele>
						<time>2022-06-27T18:43:07Z</time>
					</trkpt>
					<trkpt lat="50.516390" lon="5.233830">
						<ele>80</ele>
						<time>2022-06-27T18:43:26Z</time>
					</trkpt>
					<trkpt lat="50.516330" lon="5.233590">
						<ele>81</ele>
						<time>2022-06-27T18:43:39Z</time>
					</trkpt>
					<trkpt lat="50.516360" lon="5.233500">
						<ele>80</ele>
						<time>2022-06-27T18:43:44Z</time>
					</trkpt>
					<trkpt lat="50.516260" lon="5.232980">
						<ele>82</ele>
						<time>2022-06-27T18:44:12Z</time>
					</trkpt>
					<trkpt lat="50.516210" lon="5.232510">
						<ele>84</ele>
						<time>2022-06-27T18:44:36Z</time>
					</trkpt>
					<trkpt lat="50.516180" lon="5.232100">
						<ele>90</ele>
						<time>2022-06-27T18:44:57Z</time>
					</trkpt>
					<trkpt lat="50.516170" lon="5.231650">
						<ele>95</ele>
						<time>2022-06-27T18:45:20Z</time>
					</trkpt>
					<trkpt lat="50.516150" lon="5.231150">
						<ele>98</ele>
						<time>2022-06-27T18:45:45Z</time>
					</trkpt>
					<trkpt lat="50.516140" lon="5.230770">
						<ele>98</ele>
						<time>2022-06-27T18:46:05Z</time>
					</trkpt>
					<trkpt lat="50.516070" lon="5.229840">
						<ele>91</ele>
						<time>2022-06-27T18:46:52Z</time>
					</trkpt>
					<trkpt lat="50.516020" lon="5.229500">
						<ele>93</ele>
						<time>2022-06-27T18:47:10Z</time>
					</trkpt>
					<trkpt lat="50.516000" lon="5.229140">
						<ele>93</ele>
						<time>2022-06-27T18:47:29Z</time>
					</trkpt>
					<trkpt lat="50.515990" lon="5.228750">
						<ele>95</ele>
						<time>2022-06-27T18:47:49Z</time>
					</trkpt>
					<trkpt lat="50.515990" lon="5.228350">
						<ele>96</ele>
						<time>2022-06-27T18:48:09Z</time>
					</trkpt>
					<trkpt lat="50.516000" lon="5.228030">
						<ele>92</ele>
						<time>2022-06-27T18:48:25Z</time>
					</trkpt>
					<trkpt lat="50.516030" lon="5.227740">
						<ele>87</ele>
						<time>2022-06-27T18:48:40Z</time>
					</trkpt>
					<trkpt lat="50.516050" lon="5.227500">
						<ele>84</ele>
						<time>2022-06-27T18:48:52Z</time>
					</trkpt>
					<trkpt lat="50.516120" lon="5.227100">
						<ele>86</ele>
						<time>2022-06-27T18:49:14Z</time>
					</trkpt>
					<trkpt lat="50.516160" lon="5.226900">
						<ele>86</ele>
						<time>2022-06-27T18:49:24Z</time>
					</trkpt>
					<trkpt lat="50.516250" lon="5.226580">
						<ele>85</ele>
						<time>2022-06-27T18:49:42Z</time>
					</trkpt>
					<trkpt lat="50.516380" lon="5.226180">
						<ele>84</ele>
						<time>2022-06-27T18:50:05Z</time>
					</trkpt>
					<trkpt lat="50.516560" lon="5.225810">
						<ele>76</ele>
						<time>2022-06-27T18:50:29Z</time>
					</trkpt>
					<trkpt lat="50.516730" lon="5.225530">
						<ele>74</ele>
						<time>2022-06-27T18:50:48Z</time>
					</trkpt>
					<trkpt lat="50.516900" lon="5.225190">
						<ele>79</ele>
						<time>2022-06-27T18:51:10Z</time>
					</trkpt>
					<trkpt lat="50.516960" lon="5.225070">
						<ele>80</ele>
						<time>2022-06-27T18:51:18Z</time>
					</trkpt>
					<trkpt lat="50.516990" lon="5.224990">
						<ele>80</ele>
						<time>2022-06-27T18:51:23Z</time>
					</trkpt>
					<trkpt lat="50.516970" lon="5.224940">
						<ele>81</ele>
						<time>2022-06-27T18:51:26Z</time>
					</trkpt>
					<trkpt lat="50.517240" lon="5.224610">
						<ele>77</ele>
						<time>2022-06-27T18:51:53Z</time>
					</trkpt>
					<trkpt lat="50.517560" lon="5.224290">
						<ele>69</ele>
						<time>2022-06-27T18:52:24Z</time>
					</trkpt>
					<trkpt lat="50.517680" lon="5.224200">
						<ele>69</ele>
						<time>2022-06-27T18:52:34Z</time>
					</trkpt>
					<trkpt lat="50.518110" lon="5.223920">
						<ele>68</ele>
						<time>2022-06-27T18:53:12Z</time>
					</trkpt>
					<trkpt lat="50.518480" lon="5.223720">
						<ele>68</ele>
						<time>2022-06-27T18:53:43Z</time>
					</trkpt>
					<trkpt lat="50.518780" lon="5.223610">
						<ele>70</ele>
						<time>2022-06-27T18:54:08Z</time>
					</trkpt>
					<trkpt lat="50.519250" lon="5.223510">
						<ele>71</ele>
						<time>2022-06-27T18:54:46Z</time>
					</trkpt>
					<trkpt lat="50.519440" lon="5.223480">
						<ele>70</ele>
						<time>2022-06-27T18:55:01Z</time>
					</trkpt>
					<trkpt lat="50.519620" lon="5.223450">
						<ele>70</ele>
						<time>2022-06-27T18:55:15Z</time>
					</trkpt>
					<trkpt lat="50.519920" lon="5.223440">
						<ele>70</ele>
						<time>2022-06-27T18:55:39Z</time>
					</trkpt>
					<trkpt lat="50.519970" lon="5.223520">
						<ele>69</ele>
						<time>2022-06-27T18:55:45Z</time>
					</trkpt>
					<trkpt lat="50.520030" lon="5.223550">
						<ele>69</ele>
						<time>2022-06-27T18:55:50Z</time>
					</trkpt>
					<trkpt lat="50.520320" lon="5.223540">
						<ele>70</ele>
						<time>2022-06-27T18:56:13Z</time>
					</trkpt>
					<trkpt lat="50.520640" lon="5.223540">
						<ele>71</ele>
						<time>2022-06-27T18:56:39Z</time>
					</trkpt>
					<trkpt lat="50.520770" lon="5.223530">
						<ele>72</ele>
						<time>2022-06-27T18:56:49Z</time>
					</trkpt>
					<trkpt lat="50.520940" lon="5.223500">
						<ele>72</ele>
						<time>2022-06-27T18:57:03Z</time>
					</trkpt>
					<trkpt lat="50.521210" lon="5.223450">
						<ele>72</ele>
						<time>2022-06-27T18:57:25Z</time>
					</trkpt>
					<trkpt lat="50.521510" lon="5.223380">
						<ele>73</ele>
						<time>2022-06-27T18:57:49Z</time>
					</trkpt>
					<trkpt lat="50.521790" lon="5.223240">
						<ele>72</ele>
						<time>2022-06-27T18:58:13Z</time>
					</trkpt>
					<trkpt lat="50.522100" lon="5.223090">
						<ele>70</ele>
						<time>2022-06-27T18:58:39Z</time>
					</trkpt>
					<trkpt lat="50.522410" lon="5.222930">
						<ele>68</ele>
						<time>2022-06-27T18:59:05Z</time>
					</trkpt>
					<trkpt lat="50.522640" lon="5.222800">
						<ele>68</ele>
						<time>2022-06-27T18:59:24Z</time>
					</trkpt>
					<trkpt lat="50.522850" lon="5.222670">
						<ele>68</ele>
						<time>2022-06-27T18:59:42Z</time>
					</trkpt>
					<trkpt lat="50.523120" lon="5.222460">
						<ele>68</ele>
						<time>2022-06-27T19:00:06Z</time>
					</trkpt>
					<trkpt lat="50.523420" lon="5.222220">
						<ele>68</ele>
						<time>2022-06-27T19:00:33Z</time>
					</trkpt>
					<trkpt lat="50.523670" lon="5.222020">
						<ele>68</ele>
						<time>2022-06-27T19:00:56Z</time>
					</trkpt>
					<trkpt lat="50.523970" lon="5.221740">
						<ele>68</ele>
						<time>2022-06-27T19:01:24Z</time>
					</trkpt>
					<trkpt lat="50.524130" lon="5.221590">
						<ele>67</ele>
						<time>2022-06-27T19:01:39Z</time>
					</trkpt>
					<trkpt lat="50.524340" lon="5.221370">
						<ele>69</ele>
						<time>2022-06-27T19:01:59Z</time>
					</trkpt>
					<trkpt lat="50.524390" lon="5.221310">
						<ele>69</ele>
						<time>2022-06-27T19:02:04Z</time>
					</trkpt>
					<trkpt lat="50.524680" lon="5.220930">
						<ele>70</ele>
						<time>2022-06-27T19:02:34Z</time>
					</trkpt>
					<trkpt lat="50.524970" lon="5.220530">
						<ele>70</ele>
						<time>2022-06-27T19:03:05Z</time>
					</trkpt>
					<trkpt lat="50.525070" lon="5.220390">
						<ele>71</ele>
						<time>2022-06-27T19:03:16Z</time>
					</trkpt>
					<trkpt lat="50.525320" lon="5.220010">
						<ele>74</ele>
						<time>2022-06-27T19:03:44Z</time>
					</trkpt>
					<trkpt lat="50.525520" lon="5.219650">
						<ele>75</ele>
						<time>2022-06-27T19:04:08Z</time>
					</trkpt>
					<trkpt lat="50.525710" lon="5.219310">
						<ele>74</ele>
						<time>2022-06-27T19:04:31Z</time>
					</trkpt>
					<trkpt lat="50.525880" lon="5.218940">
						<ele>73</ele>
						<time>2022-06-27T19:04:54Z</time>
					</trkpt>
					<trkpt lat="50.526120" lon="5.218410">
						<ele>74</ele>
						<time>2022-06-27T19:05:27Z</time>
					</trkpt>
					<trkpt lat="50.526340" lon="5.217830">
						<ele>73</ele>
						<time>2022-06-27T19:06:02Z</time>
					</trkpt>
					<trkpt lat="50.526450" lon="5.217540">
						<ele>72</ele>
						<time>2022-06-27T19:06:19Z</time>
					</trkpt>
					<trkpt lat="50.526580" lon="5.217100">
						<ele>71</ele>
						<time>2022-06-27T19:06:44Z</time>
					</trkpt>
					<trkpt lat="50.526780" lon="5.216450">
						<ele>70</ele>
						<time>2022-06-27T19:07:20Z</time>
					</trkpt>
					<trkpt lat="50.526920" lon="5.215890">
						<ele>71</ele>
						<time>2022-06-27T19:07:51Z</time>
					</trkpt>
					<trkpt lat="50.527020" lon="5.215480">
						<ele>72</ele>
						<time>2022-06-27T19:08:13Z</time>
					</trkpt>
					<trkpt lat="50.527090" lon="5.214890">
						<ele>73</ele>
						<time>2022-06-27T19:08:44Z</time>
					</trkpt>
					<trkpt lat="50.527170" lon="5.214280">
						<ele>76</ele>
						<time>2022-06-27T19:09:16Z</time>
					</trkpt>
					<trkpt lat="50.527260" lon="5.213390">
						<ele>83</ele>
						<time>2022-06-27T19:10:02Z</time>
					</trkpt>
					<trkpt lat="50.527280" lon="5.212550">
						<ele>84</ele>
						<time>2022-06-27T19:10:44Z</time>
					</trkpt>
					<trkpt lat="50.527240" lon="5.211860">
						<ele>83</ele>
						<time>2022-06-27T19:11:20Z</time>
					</trkpt>
					<trkpt lat="50.527190" lon="5.211230">
						<ele>81</ele>
						<time>2022-06-27T19:11:52Z</time>
					</trkpt>
					<trkpt lat="50.527070" lon="5.210480">
						<ele>80</ele>
						<time>2022-06-27T19:12:31Z</time>
					</trkpt>
					<trkpt lat="50.526930" lon="5.209740">
						<ele>81</ele>
						<time>2022-06-27T19:13:11Z</time>
					</trkpt>
					<trkpt lat="50.526780" lon="5.209010">
						<ele>78</ele>
						<time>2022-06-27T19:13:50Z</time>
					</trkpt>
					<trkpt lat="50.526650" lon="5.208330">
						<ele>71</ele>
						<time>2022-06-27T19:14:26Z</time>
					</trkpt>
					<trkpt lat="50.526510" lon="5.207640">
						<ele>72</ele>
						<time>2022-06-27T19:15:03Z</time>
					</trkpt>
					<trkpt lat="50.526390" lon="5.206990">
						<ele>74</ele>
						<time>2022-06-27T19:15:37Z</time>
					</trkpt>
					<trkpt lat="50.526290" lon="5.206500">
						<ele>75</ele>
						<time>2022-06-27T19:16:03Z</time>
					</trkpt>
					<trkpt lat="50.526090" lon="5.205790">
						<ele>75</ele>
						<time>2022-06-27T19:16:43Z</time>
					</trkpt>
					<trkpt lat="50.525930" lon="5.205210">
						<ele>75</ele>
						<time>2022-06-27T19:17:15Z</time>
					</trkpt>
					<trkpt lat="50.525700" lon="5.204460">
						<ele>75</ele>
						<time>2022-06-27T19:17:57Z</time>
					</trkpt>
					<trkpt lat="50.525500" lon="5.203820">
						<ele>75</ele>
						<time>2022-06-27T19:18:34Z</time>
					</trkpt>
					<trkpt lat="50.525300" lon="5.203180">
						<ele>74</ele>
						<time>2022-06-27T19:19:10Z</time>
					</trkpt>
					<trkpt lat="50.525100" lon="5.202560">
						<ele>74</ele>
						<time>2022-06-27T19:19:45Z</time>
					</trkpt>
					<trkpt lat="50.524950" lon="5.202090">
						<ele>75</ele>
						<time>2022-06-27T19:20:12Z</time>
					</trkpt>
					<trkpt lat="50.524690" lon="5.201250">
						<ele>73</ele>
						<time>2022-06-27T19:21:00Z</time>
					</trkpt>
					<trkpt lat="50.524540" lon="5.200630">
						<ele>71</ele>
						<time>2022-06-27T19:21:33Z</time>
					</trkpt>
					<trkpt lat="50.524400" lon="5.200060">
						<ele>70</ele>
						<time>2022-06-27T19:22:05Z</time>
					</trkpt>
					<trkpt lat="50.524270" lon="5.199430">
						<ele>70</ele>
						<time>2022-06-27T19:22:38Z</time>
					</trkpt>
					<trkpt lat="50.524190" lon="5.199020">
						<ele>70</ele>
						<time>2022-06-27T19:23:00Z</time>
					</trkpt>
					<trkpt lat="50.524030" lon="5.198410">
						<ele>69</ele>
						<time>2022-06-27T19:23:34Z</time>
					</trkpt>
					<trkpt lat="50.523760" lon="5.197680">
						<ele>73</ele>
						<time>2022-06-27T19:24:17Z</time>
					</trkpt>
					<trkpt lat="50.523520" lon="5.197160">
						<ele>74</ele>
						<time>2022-06-27T19:24:49Z</time>
					</trkpt>
					<trkpt lat="50.523260" lon="5.196830">
						<ele>73</ele>
						<time>2022-06-27T19:25:16Z</time>
					</trkpt>
					<trkpt lat="50.523050" lon="5.196560">
						<ele>72</ele>
						<time>2022-06-27T19:25:38Z</time>
					</trkpt>
					<trkpt lat="50.522800" lon="5.196240">
						<ele>70</ele>
						<time>2022-06-27T19:26:04Z</time>
					</trkpt>
					<trkpt lat="50.522510" lon="5.195880">
						<ele>68</ele>
						<time>2022-06-27T19:26:33Z</time>
					</trkpt>
					<trkpt lat="50.522250" lon="5.195560">
						<ele>69</ele>
						<time>2022-06-27T19:27:00Z</time>
					</trkpt>
					<trkpt lat="50.521970" lon="5.195240">
						<ele>69</ele>
						<time>2022-06-27T19:27:27Z</time>
					</trkpt>
					<trkpt lat="50.521820" lon="5.195070">
						<ele>68</ele>
						<time>2022-06-27T19:27:42Z</time>
					</trkpt>
					<trkpt lat="50.521550" lon="5.194870">
						<ele>67</ele>
						<time>2022-06-27T19:28:06Z</time>
					</trkpt>
					<trkpt lat="50.521240" lon="5.194660">
						<ele>68</ele>
						<time>2022-06-27T19:28:33Z</time>
					</trkpt>
					<trkpt lat="50.520970" lon="5.194560">
						<ele>69</ele>
						<time>2022-06-27T19:28:55Z</time>
					</trkpt>
					<trkpt lat="50.520740" lon="5.194480">
						<ele>69</ele>
						<time>2022-06-27T19:29:14Z</time>
					</trkpt>
					<trkpt lat="50.520460" lon="5.194380">
						<ele>71</ele>
						<time>2022-06-27T19:29:37Z</time>
					</trkpt>
					<trkpt lat="50.520190" lon="5.194290">
						<ele>72</ele>
						<time>2022-06-27T19:29:59Z</time>
					</trkpt>
					<trkpt lat="50.520040" lon="5.194240">
						<ele>73</ele>
						<time>2022-06-27T19:30:12Z</time>
					</trkpt>
					<trkpt lat="50.519810" lon="5.194090">
						<ele>74</ele>
						<time>2022-06-27T19:30:31Z</time>
					</trkpt>
					<trkpt lat="50.519640" lon="5.193980">
						<ele>74</ele>
						<time>2022-06-27T19:30:46Z</time>
					</trkpt>
					<trkpt lat="50.519440" lon="5.193870">
						<ele>74</ele>
						<time>2022-06-27T19:31:03Z</time>
					</trkpt>
					<trkpt lat="50.519350" lon="5.193740">
						<ele>74</ele>
						<time>2022-06-27T19:31:13Z</time>
					</trkpt>
					<trkpt lat="50.519320" lon="5.193600">
						<ele>73</ele>
						<time>2022-06-27T19:31:20Z</time>
					</trkpt>
					<trkpt lat="50.519160" lon="5.193380">
						<ele>71</ele>
						<time>2022-06-27T19:31:37Z</time>
					</trkpt>
					<trkpt lat="50.518960" lon="5.193130">
						<ele>74</ele>
						<time>2022-06-27T19:31:58Z</time>
					</trkpt>
					<trkpt lat="50.518800" lon="5.192930">
						<ele>75</ele>
						<time>2022-06-27T19:32:14Z</time>
					</trkpt>
					<trkpt lat="50.518560" lon="5.192590">
						<ele>73</ele>
						<time>2022-06-27T19:32:40Z</time>
					</trkpt>
					<trkpt lat="50.518350" lon="5.192250">
						<ele>72</ele>
						<time>2022-06-27T19:33:04Z</time>
					</trkpt>
					<trkpt lat="50.518100" lon="5.191820">
						<ele>73</ele>
						<time>2022-06-27T19:33:34Z</time>
					</trkpt>
					<trkpt lat="50.517830" lon="5.191310">
						<ele>73</ele>
						<time>2022-06-27T19:34:08Z</time>
					</trkpt>
					<trkpt lat="50.517700" lon="5.190990">
						<ele>72</ele>
						<time>2022-06-27T19:34:27Z</time>
					</trkpt>
					<trkpt lat="50.517480" lon="5.190460">
						<ele>70</ele>
						<time>2022-06-27T19:34:59Z</time>
					</trkpt>
					<trkpt lat="50.517360" lon="5.190230">
						<ele>70</ele>
						<time>2022-06-27T19:35:14Z</time>
					</trkpt>
					<trkpt lat="50.517340" lon="5.190070">
						<ele>70</ele>
						<time>2022-06-27T19:35:23Z</time>
					</trkpt>
					<trkpt lat="50.517250" lon="5.189710">
						<ele>69</ele>
						<time>2022-06-27T19:35:42Z</time>
					</trkpt>
					<trkpt lat="50.517140" lon="5.189310">
						<ele>70</ele>
						<time>2022-06-27T19:36:05Z</time>
					</trkpt>
					<trkpt lat="50.517060" lon="5.188730">
						<ele>68</ele>
						<time>2022-06-27T19:36:35Z</time>
					</trkpt>
					<trkpt lat="50.516980" lon="5.188250">
						<ele>66</ele>
						<time>2022-06-27T19:37:00Z</time>
					</trkpt>
					<trkpt lat="50.516840" lon="5.187290">
						<ele>64</ele>
						<time>2022-06-27T19:37:50Z</time>
					</trkpt>
					<trkpt lat="50.516700" lon="5.186330">
						<ele>66</ele>
						<time>2022-06-27T19:38:40Z</time>
					</trkpt>
					<trkpt lat="50.516570" lon="5.185370">
						<ele>68</ele>
						<time>2022-06-27T19:39:30Z</time>
					</trkpt>
					<trkpt lat="50.516430" lon="5.184390">
						<ele>70</ele>
						<time>2022-06-27T19:40:21Z</time>
					</trkpt>
					<trkpt lat="50.516320" lon="5.183570">
						<ele>71</ele>
						<time>2022-06-27T19:41:04Z</time>
					</trkpt>
					<trkpt lat="50.516240" lon="5.183160">
						<ele>71</ele>
						<time>2022-06-27T19:41:26Z</time>
					</trkpt>
					<trkpt lat="50.516300" lon="5.183010">
						<ele>71</ele>
						<time>2022-06-27T19:41:35Z</time>
					</trkpt>
					<trkpt lat="50.516130" lon="5.181850">
						<ele>71</ele>
						<time>2022-06-27T19:42:36Z</time>
					</trkpt>
					<trkpt lat="50.515960" lon="5.180690">
						<ele>70</ele>
						<time>2022-06-27T19:43:36Z</time>
					</trkpt>
					<trkpt lat="50.515810" lon="5.179550">
						<ele>70</ele>
						<time>2022-06-27T19:44:35Z</time>
					</trkpt>
					<trkpt lat="50.515710" lon="5.178770">
						<ele>74</ele>
						<time>2022-06-27T19:45:16Z</time>
					</trkpt>
					<trkpt lat="50.515420" lon="5.177440">
						<ele>68</ele>
						<time>2022-06-27T19:46:28Z</time>
					</trkpt>
					<trkpt lat="50.515300" lon="5.176950">
						<ele>66</ele>
						<time>2022-06-27T19:46:54Z</time>
					</trkpt>
					<trkpt lat="50.515070" lon="5.176010">
						<ele>66</ele>
						<time>2022-06-27T19:47:46Z</time>
					</trkpt>
					<trkpt lat="50.514820" lon="5.175180">
						<ele>70</ele>
						<time>2022-06-27T19:48:32Z</time>
					</trkpt>
					<trkpt lat="50.514710" lon="5.174810">
						<ele>72</ele>
						<time>2022-06-27T19:48:53Z</time>
					</trkpt>
					<trkpt lat="50.514430" lon="5.173830">
						<ele>75</ele>
						<time>2022-06-27T19:49:48Z</time>
					</trkpt>
					<trkpt lat="50.514140" lon="5.172850">
						<ele>75</ele>
						<time>2022-06-27T19:50:43Z</time>
					</trkpt>
					<trkpt lat="50.513860" lon="5.171940">
						<ele>73</ele>
						<time>2022-06-27T19:51:34Z</time>
					</trkpt>
					<trkpt lat="50.513550" lon="5.170920">
						<ele>71</ele>
						<time>2022-06-27T19:52:32Z</time>
					</trkpt>
					<trkpt lat="50.513450" lon="5.170550">
						<ele>71</ele>
						<time>2022-06-27T19:52:52Z</time>
					</trkpt>
					<trkpt lat="50.513350" lon="5.170180">
						<ele>71</ele>
						<time>2022-06-27T19:53:13Z</time>
					</trkpt>
					<trkpt lat="50.513240" lon="5.169770">
						<ele>72</ele>
						<time>2022-06-27T19:53:36Z</time>
					</trkpt>
					<trkpt lat="50.513100" lon="5.169270">
						<ele>74</ele>
						<time>2022-06-27T19:54:03Z</time>
					</trkpt>
					<trkpt lat="50.512980" lon="5.168760">
						<ele>75</ele>
						<time>2022-06-27T19:54:31Z</time>
					</trkpt>
					<trkpt lat="50.512850" lon="5.168250">
						<ele>75</ele>
						<time>2022-06-27T19:54:59Z</time>
					</trkpt>
					<trkpt lat="50.512720" lon="5.167710">
						<ele>75</ele>
						<time>2022-06-27T19:55:28Z</time>
					</trkpt>
					<trkpt lat="50.512620" lon="5.167300">
						<ele>75</ele>
						<time>2022-06-27T19:55:51Z</time>
					</trkpt>
					<trkpt lat="50.512520" lon="5.166730">
						<ele>74</ele>
						<time>2022-06-27T19:56:21Z</time>
					</trkpt>
					<trkpt lat="50.512390" lon="5.166020">
						<ele>73</ele>
						<time>2022-06-27T19:56:58Z</time>
					</trkpt>
					<trkpt lat="50.512260" lon="5.165210">
						<ele>71</ele>
						<time>2022-06-27T19:57:41Z</time>
					</trkpt>
					<trkpt lat="50.512150" lon="5.164410">
						<ele>70</ele>
						<time>2022-06-27T19:58:23Z</time>
					</trkpt>
					<trkpt lat="50.512020" lon="5.163590">
						<ele>71</ele>
						<time>2022-06-27T19:59:06Z</time>
					</trkpt>
					<trkpt lat="50.511900" lon="5.162750">
						<ele>72</ele>
						<time>2022-06-27T19:59:50Z</time>
					</trkpt>
					<trkpt lat="50.511780" lon="5.161960">
						<ele>71</ele>
						<time>2022-06-27T20:00:31Z</time>
					</trkpt>
					<trkpt lat="50.511670" lon="5.161140">
						<ele>70</ele>
						<time>2022-06-27T20:01:14Z</time>
					</trkpt>
					<trkpt lat="50.511550" lon="5.160330">
						<ele>69</ele>
						<time>2022-06-27T20:01:56Z</time>
					</trkpt>
					<trkpt lat="50.511430" lon="5.159520">
						<ele>70</ele>
						<time>2022-06-27T20:02:38Z</time>
					</trkpt>
					<trkpt lat="50.511310" lon="5.158700">
						<ele>72</ele>
						<time>2022-06-27T20:03:21Z</time>
					</trkpt>
					<trkpt lat="50.511190" lon="5.157890">
						<ele>71</ele>
						<time>2022-06-27T20:04:03Z</time>
					</trkpt>
					<trkpt lat="50.511070" lon="5.157080">
						<ele>70</ele>
						<time>2022-06-27T20:04:46Z</time>
					</trkpt>
					<trkpt lat="50.510940" lon="5.156220">
						<ele>68</ele>
						<time>2022-06-27T20:05:31Z</time>
					</trkpt>
					<trkpt lat="50.510810" lon="5.155360">
						<ele>70</ele>
						<time>2022-06-27T20:06:16Z</time>
					</trkpt>
					<trkpt lat="50.510690" lon="5.154510">
						<ele>71</ele>
						<time>2022-06-27T20:07:00Z</time>
					</trkpt>
					<trkpt lat="50.510620" lon="5.154080">
						<ele>71</ele>
						<time>2022-06-27T20:07:23Z</time>
					</trkpt>
					<trkpt lat="50.510670" lon="5.154060">
						<ele>70</ele>
						<time>2022-06-27T20:07:27Z</time>
					</trkpt>
					<trkpt lat="50.510550" lon="5.153220">
						<ele>70</ele>
						<time>2022-06-27T20:08:11Z</time>
					</trkpt>
					<trkpt lat="50.510430" lon="5.152420">
						<ele>71</ele>
						<time>2022-06-27T20:08:53Z</time>
					</trkpt>
					<trkpt lat="50.510280" lon="5.151410">
						<ele>68</ele>
						<time>2022-06-27T20:09:45Z</time>
					</trkpt>
					<trkpt lat="50.510140" lon="5.150830">
						<ele>66</ele>
						<time>2022-06-27T20:10:17Z</time>
					</trkpt>
					<trkpt lat="50.509940" lon="5.150220">
						<ele>67</ele>
						<time>2022-06-27T20:10:52Z</time>
					</trkpt>
					<trkpt lat="50.509720" lon="5.149530">
						<ele>68</ele>
						<time>2022-06-27T20:11:31Z</time>
					</trkpt>
					<trkpt lat="50.509530" lon="5.149100">
						<ele>68</ele>
						<time>2022-06-27T20:11:58Z</time>
					</trkpt>
					<trkpt lat="50.509200" lon="5.148730">
						<ele>67</ele>
						<time>2022-06-27T20:12:30Z</time>
					</trkpt>
					<trkpt lat="50.509020" lon="5.148580">
						<ele>68</ele>
						<time>2022-06-27T20:12:47Z</time>
					</trkpt>
					<trkpt lat="50.508720" lon="5.148450">
						<ele>70</ele>
						<time>2022-06-27T20:13:12Z</time>
					</trkpt>
					<trkpt lat="50.508430" lon="5.148330">
						<ele>72</ele>
						<time>2022-06-27T20:13:36Z</time>
					</trkpt>
					<trkpt lat="50.508140" lon="5.148220">
						<ele>74</ele>
						<time>2022-06-27T20:13:59Z</time>
					</trkpt>
					<trkpt lat="50.507850" lon="5.148110">
						<ele>75</ele>
						<time>2022-06-27T20:14:23Z</time>
					</trkpt>
					<trkpt lat="50.507560" lon="5.147990">
						<ele>75</ele>
						<time>2022-06-27T20:14:47Z</time>
					</trkpt>
					<trkpt lat="50.507270" lon="5.147880">
						<ele>74</ele>
						<time>2022-06-27T20:15:11Z</time>
					</trkpt>
					<trkpt lat="50.506980" lon="5.147760">
						<ele>73</ele>
						<time>2022-06-27T20:15:35Z</time>
					</trkpt>
					<trkpt lat="50.506690" lon="5.147650">
						<ele>72</ele>
						<time>2022-06-27T20:15:59Z</time>
					</trkpt>
					<trkpt lat="50.506380" lon="5.147530">
						<ele>72</ele>
						<time>2022-06-27T20:16:25Z</time>
					</trkpt>
					<trkpt lat="50.506260" lon="5.147480">
						<ele>72</ele>
						<time>2022-06-27T20:16:35Z</time>
					</trkpt>
					<trkpt lat="50.505910" lon="5.147160">
						<ele>72</ele>
						<time>2022-06-27T20:17:07Z</time>
					</trkpt>
					<trkpt lat="50.505690" lon="5.146860">
						<ele>72</ele>
						<time>2022-06-27T20:17:30Z</time>
					</trkpt>
					<trkpt lat="50.505640" lon="5.146760">
						<ele>72</ele>
						<time>2022-06-27T20:17:37Z</time>
					</trkpt>
					<trkpt lat="50.505490" lon="5.146340">
						<ele>73</ele>
						<time>2022-06-27T20:18:01Z</time>
					</trkpt>
					<trkpt lat="50.505360" lon="5.145810">
						<ele>74</ele>
						<time>2022-06-27T20:18:30Z</time>
					</trkpt>
					<trkpt lat="50.505200" lon="5.145140">
						<ele>74</ele>
						<time>2022-06-27T20:19:07Z</time>
					</trkpt>
					<trkpt lat="50.505130" lon="5.144730">
						<ele>74</ele>
						<time>2022-06-27T20:19:28Z</time>
					</trkpt>
					<trkpt lat="50.505090" lon="5.144360">
						<ele>74</ele>
						<time>2022-06-27T20:19:47Z</time>
					</trkpt>
					<trkpt lat="50.505050" lon="5.143950">
						<ele>74</ele>
						<time>2022-06-27T20:20:09Z</time>
					</trkpt>
					<trkpt lat="50.505020" lon="5.143530">
						<ele>74</ele>
						<time>2022-06-27T20:20:30Z</time>
					</trkpt>
					<trkpt lat="50.504930" lon="5.142670">
						<ele>74</ele>
						<time>2022-06-27T20:21:15Z</time>
					</trkpt>
					<trkpt lat="50.504870" lon="5.141980">
						<ele>74</ele>
						<time>2022-06-27T20:21:50Z</time>
					</trkpt>
					<trkpt lat="50.504750" lon="5.141220">
						<ele>75</ele>
						<time>2022-06-27T20:22:30Z</time>
					</trkpt>
					<trkpt lat="50.504630" lon="5.140440">
						<ele>77</ele>
						<time>2022-06-27T20:23:11Z</time>
					</trkpt>
					<trkpt lat="50.504450" lon="5.139680">
						<ele>78</ele>
						<time>2022-06-27T20:23:52Z</time>
					</trkpt>
					<trkpt lat="50.504270" lon="5.138920">
						<ele>77</ele>
						<time>2022-06-27T20:24:33Z</time>
					</trkpt>
					<trkpt lat="50.504090" lon="5.138160">
						<ele>75</ele>
						<time>2022-06-27T20:25:15Z</time>
					</trkpt>
					<trkpt lat="50.503910" lon="5.137410">
						<ele>76</ele>
						<time>2022-06-27T20:25:55Z</time>
					</trkpt>
					<trkpt lat="50.503740" lon="5.136700">
						<ele>73</ele>
						<time>2022-06-27T20:26:34Z</time>
					</trkpt>
					<trkpt lat="50.503580" lon="5.136020">
						<ele>71</ele>
						<time>2022-06-27T20:27:11Z</time>
					</trkpt>
					<trkpt lat="50.503500" lon="5.135710">
						<ele>71</ele>
						<time>2022-06-27T20:27:28Z</time>
					</trkpt>
					<trkpt lat="50.503420" lon="5.135260">
						<ele>72</ele>
						<time>2022-06-27T20:27:52Z</time>
					</trkpt>
					<trkpt lat="50.503380" lon="5.134850">
						<ele>72</ele>
						<time>2022-06-27T20:28:13Z</time>
					</trkpt>
					<trkpt lat="50.503310" lon="5.134210">
						<ele>69</ele>
						<time>2022-06-27T20:28:46Z</time>
					</trkpt>
					<trkpt lat="50.503250" lon="5.133610">
						<ele>70</ele>
						<time>2022-06-27T20:29:17Z</time>
					</trkpt>
					<trkpt lat="50.503160" lon="5.133000">
						<ele>70</ele>
						<time>2022-06-27T20:29:49Z</time>
					</trkpt>
					<trkpt lat="50.503070" lon="5.132390">
						<ele>68</ele>
						<time>2022-06-27T20:30:21Z</time>
					</trkpt>
					<trkpt lat="50.503000" lon="5.131910">
						<ele>66</ele>
						<time>2022-06-27T20:30:46Z</time>
					</trkpt>
					<trkpt lat="50.502870" lon="5.131340">
						<ele>67</ele>
						<time>2022-06-27T20:31:17Z</time>
					</trkpt>
					<trkpt lat="50.502760" lon="5.130800">
						<ele>68</ele>
						<time>2022-06-27T20:31:46Z</time>
					</trkpt>
					<trkpt lat="50.502600" lon="5.130300">
						<ele>73</ele>
						<time>2022-06-27T20:32:14Z</time>
					</trkpt>
					<trkpt lat="50.502440" lon="5.129800">
						<ele>75</ele>
						<time>2022-06-27T20:32:43Z</time>
					</trkpt>
					<trkpt lat="50.502360" lon="5.129560">
						<ele>75</ele>
						<time>2022-06-27T20:32:56Z</time>
					</trkpt>
					<trkpt lat="50.502140" lon="5.128930">
						<ele>76</ele>
						<time>2022-06-27T20:33:33Z</time>
					</trkpt>
					<trkpt lat="50.501920" lon="5.128340">
						<ele>77</ele>
						<time>2022-06-27T20:34:08Z</time>
					</trkpt>
					<trkpt lat="50.501700" lon="5.127740">
						<ele>75</ele>
						<time>2022-06-27T20:34:43Z</time>
					</trkpt>
					<trkpt lat="50.501480" lon="5.127140">
						<ele>74</ele>
						<time>2022-06-27T20:35:18Z</time>
					</trkpt>
					<trkpt lat="50.501260" lon="5.126540">
						<ele>72</ele>
						<time>2022-06-27T20:35:54Z</time>
					</trkpt>
					<trkpt lat="50.501160" lon="5.126270">
						<ele>72</ele>
						<time>2022-06-27T20:36:10Z</time>
					</trkpt>
					<trkpt lat="50.500950" lon="5.125870">
						<ele>73</ele>
						<time>2022-06-27T20:36:36Z</time>
					</trkpt>
					<trkpt lat="50.500730" lon="5.125460">
						<ele>72</ele>
						<time>2022-06-27T20:37:03Z</time>
					</trkpt>
					<trkpt lat="50.500490" lon="5.124980">
						<ele>71</ele>
						<time>2022-06-27T20:37:34Z</time>
					</trkpt>
					<trkpt lat="50.500280" lon="5.124450">
						<ele>71</ele>
						<time>2022-06-27T20:38:06Z</time>
					</trkpt>
					<trkpt lat="50.500070" lon="5.123920">
						<ele>73</ele>
						<time>2022-06-27T20:38:38Z</time>
					</trkpt>
					<trkpt lat="50.499860" lon="5.123390">
						<ele>75</ele>
						<time>2022-06-27T20:39:10Z</time>
					</trkpt>
					<trkpt lat="50.499680" lon="5.122940">
						<ele>75</ele>
						<time>2022-06-27T20:39:37Z</time>
					</trkpt>
					<trkpt lat="50.499500" lon="5.122390">
						<ele>74</ele>
						<time>2022-06-27T20:40:08Z</time>
					</trkpt>
					<trkpt lat="50.499340" lon="5.121880">
						<ele>72</ele>
						<time>2022-06-27T20:40:37Z</time>
					</trkpt>
					<trkpt lat="50.499170" lon="5.121360">
						<ele>72</ele>
						<time>2022-06-27T20:41:07Z</time>
					</trkpt>
					<trkpt lat="50.499000" lon="5.120840">
						<ele>73</ele>
						<time>2022-06-27T20:41:37Z</time>
					</trkpt>
					<trkpt lat="50.498840" lon="5.120330">
						<ele>74</ele>
						<time>2022-06-27T20:42:06Z</time>
					</trkpt>
					<trkpt lat="50.498670" lon="5.119810">
						<ele>73</ele>
						<time>2022-06-27T20:42:36Z</time>
					</trkpt>
					<trkpt lat="50.498500" lon="5.119290">
						<ele>74</ele>
						<time>2022-06-27T20:43:05Z</time>
					</trkpt>
					<trkpt lat="50.498340" lon="5.118810">
						<ele>75</ele>
						<time>2022-06-27T20:43:33Z</time>
					</trkpt>
					<trkpt lat="50.498160" lon="5.118370">
						<ele>76</ele>
						<time>2022-06-27T20:44:00Z</time>
					</trkpt>
					<trkpt lat="50.498000" lon="5.117730">
						<ele>77</ele>
						<time>2022-06-27T20:44:35Z</time>
					</trkpt>
					<trkpt lat="50.497930" lon="5.117420">
						<ele>77</ele>
						<time>2022-06-27T20:44:51Z</time>
					</trkpt>
					<trkpt lat="50.497790" lon="5.116860">
						<ele>75</ele>
						<time>2022-06-27T20:45:22Z</time>
					</trkpt>
					<trkpt lat="50.497650" lon="5.116300">
						<ele>74</ele>
						<time>2022-06-27T20:45:53Z</time>
					</trkpt>
					<trkpt lat="50.497600" lon="5.116110">
						<ele>74</ele>
						<time>2022-06-27T20:46:03Z</time>
					</trkpt>
					<trkpt lat="50.497480" lon="5.115630">
						<ele>73</ele>
						<time>2022-06-27T20:46:29Z</time>
					</trkpt>
					<trkpt lat="50.497360" lon="5.115150">
						<ele>73</ele>
						<time>2022-06-27T20:46:56Z</time>
					</trkpt>
					<trkpt lat="50.497240" lon="5.114670">
						<ele>73</ele>
						<time>2022-06-27T20:47:22Z</time>
					</trkpt>
					<trkpt lat="50.497120" lon="5.114190">
						<ele>74</ele>
						<time>2022-06-27T20:47:48Z</time>
					</trkpt>
					<trkpt lat="50.497000" lon="5.113710">
						<ele>76</ele>
						<time>2022-06-27T20:48:14Z</time>
					</trkpt>
					<trkpt lat="50.496880" lon="5.113230">
						<ele>76</ele>
						<time>2022-06-27T20:48:41Z</time>
					</trkpt>
					<trkpt lat="50.496750" lon="5.112760">
						<ele>76</ele>
						<time>2022-06-27T20:49:07Z</time>
					</trkpt>
					<trkpt lat="50.496630" lon="5.112300">
						<ele>76</ele>
						<time>2022-06-27T20:49:32Z</time>
					</trkpt>
					<trkpt lat="50.496530" lon="5.111890">
						<ele>77</ele>
						<time>2022-06-27T20:49:55Z</time>
					</trkpt>
					<trkpt lat="50.496420" lon="5.111490">
						<ele>76</ele>
						<time>2022-06-27T20:50:17Z</time>
					</trkpt>
					<trkpt lat="50.496310" lon="5.111080">
						<ele>75</ele>
						<time>2022-06-27T20:50:39Z</time>
					</trkpt>
					</trkseg>
				
						<name>15036502-Troncon_14</name>
						<trkseg>
					<trkpt lat="50.496320" lon="5.111080">
						<ele>75</ele>
						<time>2022-06-27T18:49:41Z</time>
					</trkpt>
					<trkpt lat="50.496240" lon="5.110810">
						<ele>75</ele>
						<time>2022-06-27T18:49:56Z</time>
					</trkpt>
					<trkpt lat="50.496180" lon="5.110600">
						<ele>75</ele>
						<time>2022-06-27T18:50:08Z</time>
					</trkpt>
					<trkpt lat="50.495960" lon="5.109630">
						<ele>75</ele>
						<time>2022-06-27T18:51:00Z</time>
					</trkpt>
					<trkpt lat="50.495740" lon="5.108650">
						<ele>74</ele>
						<time>2022-06-27T18:51:53Z</time>
					</trkpt>
					<trkpt lat="50.495500" lon="5.107620">
						<ele>73</ele>
						<time>2022-06-27T18:52:49Z</time>
					</trkpt>
					<trkpt lat="50.495360" lon="5.106910">
						<ele>72</ele>
						<time>2022-06-27T18:53:27Z</time>
					</trkpt>
					<trkpt lat="50.495140" lon="5.105770">
						<ele>73</ele>
						<time>2022-06-27T18:54:28Z</time>
					</trkpt>
					<trkpt lat="50.494940" lon="5.104700">
						<ele>72</ele>
						<time>2022-06-27T18:55:24Z</time>
					</trkpt>
					<trkpt lat="50.494780" lon="5.103830">
						<ele>72</ele>
						<time>2022-06-27T18:56:11Z</time>
					</trkpt>
					<trkpt lat="50.494640" lon="5.103020">
						<ele>70</ele>
						<time>2022-06-27T18:56:53Z</time>
					</trkpt>
					<trkpt lat="50.494570" lon="5.102660">
						<ele>68</ele>
						<time>2022-06-27T18:57:13Z</time>
					</trkpt>
					<trkpt lat="50.494450" lon="5.101910">
						<ele>69</ele>
						<time>2022-06-27T18:57:52Z</time>
					</trkpt>
					<trkpt lat="50.494440" lon="5.101750">
						<ele>69</ele>
						<time>2022-06-27T18:58:00Z</time>
					</trkpt>
					<trkpt lat="50.494370" lon="5.101570">
						<ele>70</ele>
						<time>2022-06-27T18:58:11Z</time>
					</trkpt>
					<trkpt lat="50.494220" lon="5.100690">
						<ele>71</ele>
						<time>2022-06-27T18:58:57Z</time>
					</trkpt>
					<trkpt lat="50.494070" lon="5.099810">
						<ele>72</ele>
						<time>2022-06-27T18:59:44Z</time>
					</trkpt>
					<trkpt lat="50.493910" lon="5.098920">
						<ele>74</ele>
						<time>2022-06-27T19:00:31Z</time>
					</trkpt>
					<trkpt lat="50.493750" lon="5.097960">
						<ele>75</ele>
						<time>2022-06-27T19:01:21Z</time>
					</trkpt>
					<trkpt lat="50.493660" lon="5.097450">
						<ele>76</ele>
						<time>2022-06-27T19:01:48Z</time>
					</trkpt>
					<trkpt lat="50.493520" lon="5.096700">
						<ele>74</ele>
						<time>2022-06-27T19:02:28Z</time>
					</trkpt>
					<trkpt lat="50.493420" lon="5.096130">
						<ele>72</ele>
						<time>2022-06-27T19:02:58Z</time>
					</trkpt>
					<trkpt lat="50.493370" lon="5.095890">
						<ele>71</ele>
						<time>2022-06-27T19:03:11Z</time>
					</trkpt>
					<trkpt lat="50.493280" lon="5.095480">
						<ele>71</ele>
						<time>2022-06-27T19:03:33Z</time>
					</trkpt>
					<trkpt lat="50.493170" lon="5.094850">
						<ele>72</ele>
						<time>2022-06-27T19:04:06Z</time>
					</trkpt>
					<trkpt lat="50.493070" lon="5.094320">
						<ele>71</ele>
						<time>2022-06-27T19:04:35Z</time>
					</trkpt>
					<trkpt lat="50.493010" lon="5.093920">
						<ele>71</ele>
						<time>2022-06-27T19:04:56Z</time>
					</trkpt>
					<trkpt lat="50.492840" lon="5.093110">
						<ele>71</ele>
						<time>2022-06-27T19:05:39Z</time>
					</trkpt>
					<trkpt lat="50.492670" lon="5.092280">
						<ele>71</ele>
						<time>2022-06-27T19:06:23Z</time>
					</trkpt>
					<trkpt lat="50.492490" lon="5.091410">
						<ele>73</ele>
						<time>2022-06-27T19:07:10Z</time>
					</trkpt>
					<trkpt lat="50.492350" lon="5.090470">
						<ele>73</ele>
						<time>2022-06-27T19:07:59Z</time>
					</trkpt>
					<trkpt lat="50.492240" lon="5.089510">
						<ele>72</ele>
						<time>2022-06-27T19:08:49Z</time>
					</trkpt>
					<trkpt lat="50.492120" lon="5.088500">
						<ele>72</ele>
						<time>2022-06-27T19:09:41Z</time>
					</trkpt>
					<trkpt lat="50.492000" lon="5.087410">
						<ele>73</ele>
						<time>2022-06-27T19:10:38Z</time>
					</trkpt>
					<trkpt lat="50.491920" lon="5.086620">
						<ele>73</ele>
						<time>2022-06-27T19:11:18Z</time>
					</trkpt>
					<trkpt lat="50.491880" lon="5.086160">
						<ele>73</ele>
						<time>2022-06-27T19:11:42Z</time>
					</trkpt>
					<trkpt lat="50.491840" lon="5.085380">
						<ele>72</ele>
						<time>2022-06-27T19:12:22Z</time>
					</trkpt>
					<trkpt lat="50.491870" lon="5.084510">
						<ele>72</ele>
						<time>2022-06-27T19:13:06Z</time>
					</trkpt>
					<trkpt lat="50.491900" lon="5.083640">
						<ele>72</ele>
						<time>2022-06-27T19:13:51Z</time>
					</trkpt>
					<trkpt lat="50.491930" lon="5.082760">
						<ele>72</ele>
						<time>2022-06-27T19:14:35Z</time>
					</trkpt>
					<trkpt lat="50.491950" lon="5.082170">
						<ele>72</ele>
						<time>2022-06-27T19:15:06Z</time>
					</trkpt>
					<trkpt lat="50.491970" lon="5.080980">
						<ele>74</ele>
						<time>2022-06-27T19:16:06Z</time>
					</trkpt>
					<trkpt lat="50.491980" lon="5.079840">
						<ele>73</ele>
						<time>2022-06-27T19:17:04Z</time>
					</trkpt>
					<trkpt lat="50.491990" lon="5.078680">
						<ele>73</ele>
						<time>2022-06-27T19:18:03Z</time>
					</trkpt>
					<trkpt lat="50.492000" lon="5.077610">
						<ele>76</ele>
						<time>2022-06-27T19:18:58Z</time>
					</trkpt>
					<trkpt lat="50.492020" lon="5.076400">
						<ele>78</ele>
						<time>2022-06-27T19:20:00Z</time>
					</trkpt>
					<trkpt lat="50.492030" lon="5.075190">
						<ele>71</ele>
						<time>2022-06-27T19:21:01Z</time>
					</trkpt>
					<trkpt lat="50.492030" lon="5.074060">
						<ele>73</ele>
						<time>2022-06-27T19:21:59Z</time>
					</trkpt>
					<trkpt lat="50.492020" lon="5.072990">
						<ele>75</ele>
						<time>2022-06-27T19:22:53Z</time>
					</trkpt>
					<trkpt lat="50.492020" lon="5.072670">
						<ele>75</ele>
						<time>2022-06-27T19:23:10Z</time>
					</trkpt>
					<trkpt lat="50.491990" lon="5.071780">
						<ele>74</ele>
						<time>2022-06-27T19:23:55Z</time>
					</trkpt>
					<trkpt lat="50.491970" lon="5.071180">
						<ele>73</ele>
						<time>2022-06-27T19:24:26Z</time>
					</trkpt>
					<trkpt lat="50.491910" lon="5.070930">
						<ele>74</ele>
						<time>2022-06-27T19:24:39Z</time>
					</trkpt>
					<trkpt lat="50.491840" lon="5.070820">
						<ele>74</ele>
						<time>2022-06-27T19:24:47Z</time>
					</trkpt>
					<trkpt lat="50.491740" lon="5.070750">
						<ele>74</ele>
						<time>2022-06-27T19:24:56Z</time>
					</trkpt>
					<trkpt lat="50.491670" lon="5.070750">
						<ele>75</ele>
						<time>2022-06-27T19:25:01Z</time>
					</trkpt>
					</trkseg>
				
						<name>15036549-Troncon_15</name>
						<trkseg>
					<trkpt lat="50.491670" lon="5.070750">
						<ele>75</ele>
						<time>2022-06-27T18:58:02Z</time>
					</trkpt>
					<trkpt lat="50.491690" lon="5.069650">
						<ele>74</ele>
						<time>2022-06-27T18:58:58Z</time>
					</trkpt>
					<trkpt lat="50.491700" lon="5.068990">
						<ele>75</ele>
						<time>2022-06-27T18:59:32Z</time>
					</trkpt>
					<trkpt lat="50.491760" lon="5.069000">
						<ele>75</ele>
						<time>2022-06-27T18:59:37Z</time>
					</trkpt>
					<trkpt lat="50.491870" lon="5.068990">
						<ele>74</ele>
						<time>2022-06-27T18:59:45Z</time>
					</trkpt>
					<trkpt lat="50.491980" lon="5.068960">
						<ele>73</ele>
						<time>2022-06-27T18:59:54Z</time>
					</trkpt>
					<trkpt lat="50.492080" lon="5.068840">
						<ele>73</ele>
						<time>2022-06-27T19:00:04Z</time>
					</trkpt>
					<trkpt lat="50.492230" lon="5.068550">
						<ele>72</ele>
						<time>2022-06-27T19:00:23Z</time>
					</trkpt>
					<trkpt lat="50.492280" lon="5.068300">
						<ele>72</ele>
						<time>2022-06-27T19:00:37Z</time>
					</trkpt>
					<trkpt lat="50.492420" lon="5.067320">
						<ele>75</ele>
						<time>2022-06-27T19:01:28Z</time>
					</trkpt>
					<trkpt lat="50.492640" lon="5.066260">
						<ele>76</ele>
						<time>2022-06-27T19:02:25Z</time>
					</trkpt>
					<trkpt lat="50.492810" lon="5.065420">
						<ele>76</ele>
						<time>2022-06-27T19:03:10Z</time>
					</trkpt>
					<trkpt lat="50.492980" lon="5.064580">
						<ele>76</ele>
						<time>2022-06-27T19:03:54Z</time>
					</trkpt>
					<trkpt lat="50.493180" lon="5.063720">
						<ele>78</ele>
						<time>2022-06-27T19:04:41Z</time>
					</trkpt>
					<trkpt lat="50.493370" lon="5.062860">
						<ele>81</ele>
						<time>2022-06-27T19:05:28Z</time>
					</trkpt>
					<trkpt lat="50.493550" lon="5.062060">
						<ele>83</ele>
						<time>2022-06-27T19:06:11Z</time>
					</trkpt>
					<trkpt lat="50.493740" lon="5.061250">
						<ele>82</ele>
						<time>2022-06-27T19:06:55Z</time>
					</trkpt>
					<trkpt lat="50.493920" lon="5.060440">
						<ele>80</ele>
						<time>2022-06-27T19:07:38Z</time>
					</trkpt>
					<trkpt lat="50.494120" lon="5.059530">
						<ele>75</ele>
						<time>2022-06-27T19:08:27Z</time>
					</trkpt>
					<trkpt lat="50.494330" lon="5.058610">
						<ele>74</ele>
						<time>2022-06-27T19:09:17Z</time>
					</trkpt>
					<trkpt lat="50.494530" lon="5.057680">
						<ele>74</ele>
						<time>2022-06-27T19:10:07Z</time>
					</trkpt>
					<trkpt lat="50.494640" lon="5.057170">
						<ele>75</ele>
						<time>2022-06-27T19:10:35Z</time>
					</trkpt>
					<trkpt lat="50.494790" lon="5.056490">
						<ele>76</ele>
						<time>2022-06-27T19:11:11Z</time>
					</trkpt>
					<trkpt lat="50.494950" lon="5.055760">
						<ele>74</ele>
						<time>2022-06-27T19:11:51Z</time>
					</trkpt>
					<trkpt lat="50.495110" lon="5.055020">
						<ele>75</ele>
						<time>2022-06-27T19:12:30Z</time>
					</trkpt>
					<trkpt lat="50.495270" lon="5.054280">
						<ele>77</ele>
						<time>2022-06-27T19:13:10Z</time>
					</trkpt>
					<trkpt lat="50.495420" lon="5.053570">
						<ele>74</ele>
						<time>2022-06-27T19:13:48Z</time>
					</trkpt>
					<trkpt lat="50.495480" lon="5.053330">
						<ele>73</ele>
						<time>2022-06-27T19:14:02Z</time>
					</trkpt>
					<trkpt lat="50.495560" lon="5.052660">
						<ele>74</ele>
						<time>2022-06-27T19:14:36Z</time>
					</trkpt>
					<trkpt lat="50.495590" lon="5.051690">
						<ele>75</ele>
						<time>2022-06-27T19:15:26Z</time>
					</trkpt>
					<trkpt lat="50.495560" lon="5.050710">
						<ele>77</ele>
						<time>2022-06-27T19:16:16Z</time>
					</trkpt>
					<trkpt lat="50.495540" lon="5.049810">
						<ele>77</ele>
						<time>2022-06-27T19:17:02Z</time>
					</trkpt>
					<trkpt lat="50.495510" lon="5.048920">
						<ele>76</ele>
						<time>2022-06-27T19:17:47Z</time>
					</trkpt>
					<trkpt lat="50.495490" lon="5.048030">
						<ele>76</ele>
						<time>2022-06-27T19:18:32Z</time>
					</trkpt>
					<trkpt lat="50.495470" lon="5.047140">
						<ele>78</ele>
						<time>2022-06-27T19:19:18Z</time>
					</trkpt>
					<trkpt lat="50.495440" lon="5.046240">
						<ele>77</ele>
						<time>2022-06-27T19:20:04Z</time>
					</trkpt>
					<trkpt lat="50.495420" lon="5.045450">
						<ele>76</ele>
						<time>2022-06-27T19:20:44Z</time>
					</trkpt>
					<trkpt lat="50.495400" lon="5.044640">
						<ele>75</ele>
						<time>2022-06-27T19:21:25Z</time>
					</trkpt>
					<trkpt lat="50.495370" lon="5.043850">
						<ele>74</ele>
						<time>2022-06-27T19:22:05Z</time>
					</trkpt>
					<trkpt lat="50.495330" lon="5.043020">
						<ele>74</ele>
						<time>2022-06-27T19:22:48Z</time>
					</trkpt>
					<trkpt lat="50.495240" lon="5.042400">
						<ele>74</ele>
						<time>2022-06-27T19:23:20Z</time>
					</trkpt>
					<trkpt lat="50.495160" lon="5.041800">
						<ele>75</ele>
						<time>2022-06-27T19:23:51Z</time>
					</trkpt>
					<trkpt lat="50.495100" lon="5.041440">
						<ele>75</ele>
						<time>2022-06-27T19:24:10Z</time>
					</trkpt>
					<trkpt lat="50.494950" lon="5.040770">
						<ele>74</ele>
						<time>2022-06-27T19:24:47Z</time>
					</trkpt>
					<trkpt lat="50.494770" lon="5.040100">
						<ele>77</ele>
						<time>2022-06-27T19:25:24Z</time>
					</trkpt>
					<trkpt lat="50.494590" lon="5.039430">
						<ele>78</ele>
						<time>2022-06-27T19:26:01Z</time>
					</trkpt>
					<trkpt lat="50.494410" lon="5.038760">
						<ele>77</ele>
						<time>2022-06-27T19:26:38Z</time>
					</trkpt>
					<trkpt lat="50.494210" lon="5.038070">
						<ele>75</ele>
						<time>2022-06-27T19:27:16Z</time>
					</trkpt>
					<trkpt lat="50.493930" lon="5.037090">
						<ele>75</ele>
						<time>2022-06-27T19:28:11Z</time>
					</trkpt>
					<trkpt lat="50.493740" lon="5.036240">
						<ele>76</ele>
						<time>2022-06-27T19:28:57Z</time>
					</trkpt>
					<trkpt lat="50.493640" lon="5.035800">
						<ele>75</ele>
						<time>2022-06-27T19:29:21Z</time>
					</trkpt>
					<trkpt lat="50.493500" lon="5.035070">
						<ele>77</ele>
						<time>2022-06-27T19:30:00Z</time>
					</trkpt>
					<trkpt lat="50.493370" lon="5.034380">
						<ele>76</ele>
						<time>2022-06-27T19:30:36Z</time>
					</trkpt>
					<trkpt lat="50.493330" lon="5.034190">
						<ele>76</ele>
						<time>2022-06-27T19:30:46Z</time>
					</trkpt>
					<trkpt lat="50.493230" lon="5.033750">
						<ele>75</ele>
						<time>2022-06-27T19:31:10Z</time>
					</trkpt>
					<trkpt lat="50.493120" lon="5.033260">
						<ele>74</ele>
						<time>2022-06-27T19:31:37Z</time>
					</trkpt>
					<trkpt lat="50.493010" lon="5.032770">
						<ele>73</ele>
						<time>2022-06-27T19:32:03Z</time>
					</trkpt>
					<trkpt lat="50.492880" lon="5.032220">
						<ele>73</ele>
						<time>2022-06-27T19:32:33Z</time>
					</trkpt>
					<trkpt lat="50.492740" lon="5.031740">
						<ele>74</ele>
						<time>2022-06-27T19:33:00Z</time>
					</trkpt>
					<trkpt lat="50.492590" lon="5.031340">
						<ele>75</ele>
						<time>2022-06-27T19:33:24Z</time>
					</trkpt>
					<trkpt lat="50.492160" lon="5.030320">
						<ele>75</ele>
						<time>2022-06-27T19:34:26Z</time>
					</trkpt>
					<trkpt lat="50.491850" lon="5.029550">
						<ele>74</ele>
						<time>2022-06-27T19:35:12Z</time>
					</trkpt>
					<trkpt lat="50.491640" lon="5.029040">
						<ele>75</ele>
						<time>2022-06-27T19:35:43Z</time>
					</trkpt>
					<trkpt lat="50.491400" lon="5.028530">
						<ele>76</ele>
						<time>2022-06-27T19:36:16Z</time>
					</trkpt>
					</trkseg>
				
						<name>15041142-15036638-Troncon_17_arevoir</name>
						<trkseg>
					<trkpt lat="50.491410" lon="5.028540">
						<ele>76</ele>
						<time>2022-06-28T13:46:53Z</time>
					</trkpt>
					<trkpt lat="50.490630" lon="5.026980">
						<ele>75</ele>
						<time>2022-06-28T13:48:34Z</time>
					</trkpt>
					<trkpt lat="50.489790" lon="5.025050">
						<ele>72</ele>
						<time>2022-06-28T13:50:33Z</time>
					</trkpt>
					<trkpt lat="50.489250" lon="5.023920">
						<ele>76</ele>
						<time>2022-06-28T13:51:45Z</time>
					</trkpt>
					<trkpt lat="50.488750" lon="5.023120">
						<ele>77</ele>
						<time>2022-06-28T13:52:42Z</time>
					</trkpt>
					<trkpt lat="50.488480" lon="5.022750">
						<ele>77</ele>
						<time>2022-06-28T13:53:11Z</time>
					</trkpt>
					<trkpt lat="50.488200" lon="5.022380">
						<ele>76</ele>
						<time>2022-06-28T13:53:40Z</time>
					</trkpt>
					<trkpt lat="50.487630" lon="5.021750">
						<ele>72</ele>
						<time>2022-06-28T13:54:36Z</time>
					</trkpt>
					<trkpt lat="50.486880" lon="5.021110">
						<ele>72</ele>
						<time>2022-06-28T13:55:44Z</time>
					</trkpt>
					<trkpt lat="50.484250" lon="5.019190">
						<ele>72</ele>
						<time>2022-06-28T13:59:37Z</time>
					</trkpt>
					<trkpt lat="50.484140" lon="5.019620">
						<ele>74</ele>
						<time>2022-06-28T14:00:00Z</time>
					</trkpt>
					<trkpt lat="50.483780" lon="5.019690">
						<ele>80</ele>
						<time>2022-06-28T14:00:29Z</time>
					</trkpt>
					<trkpt lat="50.483730" lon="5.019770">
						<ele>81</ele>
						<time>2022-06-28T14:00:35Z</time>
					</trkpt>
					<trkpt lat="50.482480" lon="5.018530">
						<ele>80</ele>
						<time>2022-06-28T14:02:33Z</time>
					</trkpt>
					<trkpt lat="50.481610" lon="5.017810">
						<ele>82</ele>
						<time>2022-06-28T14:03:52Z</time>
					</trkpt>
					<trkpt lat="50.481450" lon="5.017590">
						<ele>79</ele>
						<time>2022-06-28T14:04:09Z</time>
					</trkpt>
					<trkpt lat="50.481320" lon="5.017380">
						<ele>78</ele>
						<time>2022-06-28T14:04:24Z</time>
					</trkpt>
					<trkpt lat="50.481300" lon="5.017220">
						<ele>77</ele>
						<time>2022-06-28T14:04:32Z</time>
					</trkpt>
					<trkpt lat="50.481330" lon="5.017130">
						<ele>77</ele>
						<time>2022-06-28T14:04:37Z</time>
					</trkpt>
					<trkpt lat="50.481300" lon="5.017050">
						<ele>76</ele>
						<time>2022-06-28T14:04:42Z</time>
					</trkpt>
					<trkpt lat="50.480290" lon="5.016280">
						<ele>79</ele>
						<time>2022-06-28T14:06:12Z</time>
					</trkpt>
					<trkpt lat="50.478320" lon="5.014750">
						<ele>78</ele>
						<time>2022-06-28T14:09:08Z</time>
					</trkpt>
					<trkpt lat="50.477510" lon="5.014100">
						<ele>76</ele>
						<time>2022-06-28T14:10:21Z</time>
					</trkpt>
					<trkpt lat="50.476730" lon="5.013400">
						<ele>76</ele>
						<time>2022-06-28T14:11:33Z</time>
					</trkpt>
					<trkpt lat="50.476240" lon="5.012820">
						<ele>77</ele>
						<time>2022-06-28T14:12:22Z</time>
					</trkpt>
					<trkpt lat="50.476100" lon="5.012680">
						<ele>76</ele>
						<time>2022-06-28T14:12:35Z</time>
					</trkpt>
					<trkpt lat="50.474020" lon="5.010020">
						<ele>74</ele>
						<time>2022-06-28T14:16:10Z</time>
					</trkpt>
					<trkpt lat="50.473750" lon="5.010390">
						<ele>77</ele>
						<time>2022-06-28T14:16:39Z</time>
					</trkpt>
					<trkpt lat="50.473200" lon="5.009670">
						<ele>81</ele>
						<time>2022-06-28T14:17:36Z</time>
					</trkpt>
					<trkpt lat="50.472000" lon="5.007870">
						<ele>87</ele>
						<time>2022-06-28T14:19:49Z</time>
					</trkpt>
					<trkpt lat="50.472120" lon="5.007690">
						<ele>83</ele>
						<time>2022-06-28T14:20:02Z</time>
					</trkpt>
					<trkpt lat="50.470680" lon="5.005920">
						<ele>92</ele>
						<time>2022-06-28T14:22:28Z</time>
					</trkpt>
					<trkpt lat="50.470110" lon="5.005120">
						<ele>83</ele>
						<time>2022-06-28T14:23:30Z</time>
					</trkpt>
					<trkpt lat="50.469530" lon="5.004120">
						<ele>81</ele>
						<time>2022-06-28T14:24:39Z</time>
					</trkpt>
					<trkpt lat="50.469020" lon="5.003070">
						<ele>81</ele>
						<time>2022-06-28T14:25:46Z</time>
					</trkpt>
					<trkpt lat="50.468890" lon="5.002700">
						<ele>82</ele>
						<time>2022-06-28T14:26:07Z</time>
					</trkpt>
					<trkpt lat="50.468150" lon="5.000570">
						<ele>96</ele>
						<time>2022-06-28T14:28:11Z</time>
					</trkpt>
					<trkpt lat="50.467900" lon="4.999450">
						<ele>95</ele>
						<time>2022-06-28T14:29:12Z</time>
					</trkpt>
					<trkpt lat="50.467830" lon="4.998930">
						<ele>90</ele>
						<time>2022-06-28T14:29:39Z</time>
					</trkpt>
					<trkpt lat="50.467770" lon="4.997730">
						<ele>80</ele>
						<time>2022-06-28T14:30:40Z</time>
					</trkpt>
					<trkpt lat="50.467700" lon="4.994320">
						<ele>79</ele>
						<time>2022-06-28T14:33:34Z</time>
					</trkpt>
					<trkpt lat="50.467780" lon="4.992760">
						<ele>78</ele>
						<time>2022-06-28T14:34:54Z</time>
					</trkpt>
					<trkpt lat="50.467930" lon="4.991390">
						<ele>81</ele>
						<time>2022-06-28T14:36:04Z</time>
					</trkpt>
					<trkpt lat="50.468150" lon="4.990330">
						<ele>78</ele>
						<time>2022-06-28T14:37:01Z</time>
					</trkpt>
					<trkpt lat="50.468310" lon="4.989730">
						<ele>77</ele>
						<time>2022-06-28T14:37:34Z</time>
					</trkpt>
					<trkpt lat="50.468480" lon="4.989230">
						<ele>78</ele>
						<time>2022-06-28T14:38:03Z</time>
					</trkpt>
					<trkpt lat="50.468660" lon="4.988800">
						<ele>78</ele>
						<time>2022-06-28T14:38:30Z</time>
					</trkpt>
					<trkpt lat="50.469200" lon="4.987680">
						<ele>74</ele>
						<time>2022-06-28T14:39:41Z</time>
					</trkpt>
					<trkpt lat="50.470060" lon="4.985990">
						<ele>77</ele>
						<time>2022-06-28T14:41:31Z</time>
					</trkpt>
					<trkpt lat="50.470700" lon="4.984940">
						<ele>78</ele>
						<time>2022-06-28T14:42:46Z</time>
					</trkpt>
					<trkpt lat="50.471050" lon="4.984410">
						<ele>77</ele>
						<time>2022-06-28T14:43:24Z</time>
					</trkpt>
					<trkpt lat="50.473710" lon="4.980770">
						<ele>78</ele>
						<time>2022-06-28T14:48:07Z</time>
					</trkpt>
					<trkpt lat="50.474240" lon="4.979860">
						<ele>80</ele>
						<time>2022-06-28T14:49:10Z</time>
					</trkpt>
					<trkpt lat="50.476480" lon="4.975030">
						<ele>76</ele>
						<time>2022-06-28T14:54:14Z</time>
					</trkpt>
					<trkpt lat="50.476990" lon="4.973890">
						<ele>78</ele>
						<time>2022-06-28T14:55:25Z</time>
					</trkpt>
					<trkpt lat="50.477090" lon="4.973650">
						<ele>78</ele>
						<time>2022-06-28T14:55:40Z</time>
					</trkpt>
					<trkpt lat="50.477180" lon="4.973350">
						<ele>79</ele>
						<time>2022-06-28T14:55:57Z</time>
					</trkpt>
					<trkpt lat="50.477630" lon="4.972070">
						<ele>78</ele>
						<time>2022-06-28T14:57:11Z</time>
					</trkpt>
					<trkpt lat="50.478190" lon="4.970080">
						<ele>79</ele>
						<time>2022-06-28T14:59:02Z</time>
					</trkpt>
					<trkpt lat="50.478360" lon="4.969420">
						<ele>77</ele>
						<time>2022-06-28T14:59:38Z</time>
					</trkpt>
					<trkpt lat="50.478690" lon="4.967950">
						<ele>80</ele>
						<time>2022-06-28T15:00:58Z</time>
					</trkpt>
					<trkpt lat="50.479330" lon="4.964870">
						<ele>82</ele>
						<time>2022-06-28T15:03:43Z</time>
					</trkpt>
					<trkpt lat="50.480120" lon="4.960550">
						<ele>80</ele>
						<time>2022-06-28T15:07:32Z</time>
					</trkpt>
					<trkpt lat="50.480820" lon="4.956240">
						<ele>80</ele>
						<time>2022-06-28T15:11:19Z</time>
					</trkpt>
					<trkpt lat="50.480910" lon="4.954640">
						<ele>80</ele>
						<time>2022-06-28T15:12:40Z</time>
					</trkpt>
					<trkpt lat="50.480930" lon="4.953030">
						<ele>81</ele>
						<time>2022-06-28T15:14:03Z</time>
					</trkpt>
					<trkpt lat="50.480870" lon="4.951770">
						<ele>78</ele>
						<time>2022-06-28T15:15:07Z</time>
					</trkpt>
					<trkpt lat="50.480540" lon="4.949550">
						<ele>77</ele>
						<time>2022-06-28T15:17:03Z</time>
					</trkpt>
					<trkpt lat="50.480120" lon="4.947080">
						<ele>80</ele>
						<time>2022-06-28T15:19:13Z</time>
					</trkpt>
					<trkpt lat="50.479760" lon="4.945600">
						<ele>79</ele>
						<time>2022-06-28T15:20:34Z</time>
					</trkpt>
					<trkpt lat="50.479350" lon="4.944290">
						<ele>78</ele>
						<time>2022-06-28T15:21:48Z</time>
					</trkpt>
					<trkpt lat="50.478590" lon="4.942480">
						<ele>76</ele>
						<time>2022-06-28T15:23:39Z</time>
					</trkpt>
					<trkpt lat="50.478120" lon="4.941670">
						<ele>82</ele>
						<time>2022-06-28T15:24:35Z</time>
					</trkpt>
					<trkpt lat="50.477650" lon="4.940900">
						<ele>81</ele>
						<time>2022-06-28T15:25:29Z</time>
					</trkpt>
					<trkpt lat="50.476670" lon="4.939380">
						<ele>80</ele>
						<time>2022-06-28T15:27:19Z</time>
					</trkpt>
					<trkpt lat="50.474080" lon="4.935450">
						<ele>83</ele>
						<time>2022-06-28T15:32:08Z</time>
					</trkpt>
					<trkpt lat="50.473630" lon="4.934740">
						<ele>91</ele>
						<time>2022-06-28T15:32:59Z</time>
					</trkpt>
					<trkpt lat="50.472930" lon="4.933700">
						<ele>97</ele>
						<time>2022-06-28T15:34:16Z</time>
					</trkpt>
					<trkpt lat="50.469880" lon="4.929300">
						<ele>99</ele>
						<time>2022-06-28T15:39:47Z</time>
					</trkpt>
					<trkpt lat="50.468300" lon="4.926990">
						<ele>83</ele>
						<time>2022-06-28T15:42:40Z</time>
					</trkpt>
					<trkpt lat="50.467830" lon="4.926330">
						<ele>79</ele>
						<time>2022-06-28T15:43:31Z</time>
					</trkpt>
					<trkpt lat="50.466740" lon="4.924740">
						<ele>77</ele>
						<time>2022-06-28T15:45:30Z</time>
					</trkpt>
					<trkpt lat="50.466160" lon="4.923470">
						<ele>75</ele>
						<time>2022-06-28T15:46:49Z</time>
					</trkpt>
					<trkpt lat="50.466050" lon="4.923340">
						<ele>75</ele>
						<time>2022-06-28T15:47:00Z</time>
					</trkpt>
					<trkpt lat="50.465900" lon="4.923400">
						<ele>75</ele>
						<time>2022-06-28T15:47:13Z</time>
					</trkpt>
					<trkpt lat="50.465800" lon="4.923210">
						<ele>75</ele>
						<time>2022-06-28T15:47:25Z</time>
					</trkpt>
					<trkpt lat="50.465530" lon="4.922510">
						<ele>75</ele>
						<time>2022-06-28T15:48:07Z</time>
					</trkpt>
					<trkpt lat="50.465360" lon="4.921920">
						<ele>78</ele>
						<time>2022-06-28T15:48:40Z</time>
					</trkpt>
					<trkpt lat="50.464790" lon="4.919600">
						<ele>84</ele>
						<time>2022-06-28T15:50:47Z</time>
					</trkpt>
					<trkpt lat="50.464570" lon="4.918610">
						<ele>90</ele>
						<time>2022-06-28T15:51:40Z</time>
					</trkpt>
					<trkpt lat="50.464290" lon="4.917190">
						<ele>86</ele>
						<time>2022-06-28T15:52:56Z</time>
					</trkpt>
					<trkpt lat="50.464180" lon="4.916540">
						<ele>82</ele>
						<time>2022-06-28T15:53:30Z</time>
					</trkpt>
					<trkpt lat="50.464100" lon="4.915990">
						<ele>79</ele>
						<time>2022-06-28T15:53:59Z</time>
					</trkpt>
					<trkpt lat="50.464040" lon="4.915360">
						<ele>80</ele>
						<time>2022-06-28T15:54:32Z</time>
					</trkpt>
					<trkpt lat="50.463880" lon="4.913270">
						<ele>86</ele>
						<time>2022-06-28T15:56:19Z</time>
					</trkpt>
					<trkpt lat="50.463850" lon="4.912490">
						<ele>89</ele>
						<time>2022-06-28T15:56:59Z</time>
					</trkpt>
					<trkpt lat="50.463880" lon="4.911250">
						<ele>88</ele>
						<time>2022-06-28T15:58:02Z</time>
					</trkpt>
					<trkpt lat="50.463980" lon="4.909800">
						<ele>79</ele>
						<time>2022-06-28T15:59:16Z</time>
					</trkpt>
					<trkpt lat="50.464250" lon="4.907350">
						<ele>78</ele>
						<time>2022-06-28T16:01:23Z</time>
					</trkpt>
					<trkpt lat="50.464390" lon="4.906420">
						<ele>79</ele>
						<time>2022-06-28T16:02:12Z</time>
					</trkpt>
					<trkpt lat="50.464600" lon="4.905450">
						<ele>76</ele>
						<time>2022-06-28T16:03:04Z</time>
					</trkpt>
					<trkpt lat="50.464830" lon="4.904270">
						<ele>76</ele>
						<time>2022-06-28T16:04:07Z</time>
					</trkpt>
					<trkpt lat="50.464960" lon="4.903030">
						<ele>74</ele>
						<time>2022-06-28T16:05:11Z</time>
					</trkpt>
					<trkpt lat="50.465030" lon="4.901370">
						<ele>74</ele>
						<time>2022-06-28T16:06:36Z</time>
					</trkpt>
					<trkpt lat="50.465150" lon="4.901120">
						<ele>74</ele>
						<time>2022-06-28T16:06:52Z</time>
					</trkpt>
					<trkpt lat="50.465210" lon="4.899920">
						<ele>76</ele>
						<time>2022-06-28T16:07:53Z</time>
					</trkpt>
					<trkpt lat="50.465440" lon="4.898840">
						<ele>79</ele>
						<time>2022-06-28T16:08:51Z</time>
					</trkpt>
					<trkpt lat="50.465490" lon="4.898400">
						<ele>78</ele>
						<time>2022-06-28T16:09:14Z</time>
					</trkpt>
					<trkpt lat="50.465510" lon="4.897850">
						<ele>77</ele>
						<time>2022-06-28T16:09:42Z</time>
					</trkpt>
					</trkseg>
				
						<name>15041245-15037266-Troncon_18_arevoir</name>
						<trkseg>
					<trkpt lat="50.465510" lon="4.897860">
						<ele>77</ele>
						<time>2022-06-28T14:01:06Z</time>
					</trkpt>
					<trkpt lat="50.465580" lon="4.895720">
						<ele>75</ele>
						<time>2022-06-28T14:02:55Z</time>
					</trkpt>
					<trkpt lat="50.465550" lon="4.895570">
						<ele>76</ele>
						<time>2022-06-28T14:03:03Z</time>
					</trkpt>
					<trkpt lat="50.465550" lon="4.895420">
						<ele>76</ele>
						<time>2022-06-28T14:03:11Z</time>
					</trkpt>
					<trkpt lat="50.465590" lon="4.895250">
						<ele>76</ele>
						<time>2022-06-28T14:03:20Z</time>
					</trkpt>
					<trkpt lat="50.465630" lon="4.894890">
						<ele>77</ele>
						<time>2022-06-28T14:03:39Z</time>
					</trkpt>
					<trkpt lat="50.465600" lon="4.894230">
						<ele>77</ele>
						<time>2022-06-28T14:04:12Z</time>
					</trkpt>
					<trkpt lat="50.465480" lon="4.893540">
						<ele>77</ele>
						<time>2022-06-28T14:04:49Z</time>
					</trkpt>
					<trkpt lat="50.465590" lon="4.890430">
						<ele>80</ele>
						<time>2022-06-28T14:07:28Z</time>
					</trkpt>
					<trkpt lat="50.465650" lon="4.889480">
						<ele>80</ele>
						<time>2022-06-28T14:08:16Z</time>
					</trkpt>
					<trkpt lat="50.465660" lon="4.888960">
						<ele>81</ele>
						<time>2022-06-28T14:08:43Z</time>
					</trkpt>
					<trkpt lat="50.465650" lon="4.888520">
						<ele>82</ele>
						<time>2022-06-28T14:09:05Z</time>
					</trkpt>
					<trkpt lat="50.465570" lon="4.887490">
						<ele>82</ele>
						<time>2022-06-28T14:09:58Z</time>
					</trkpt>
					<trkpt lat="50.465280" lon="4.884610">
						<ele>76</ele>
						<time>2022-06-28T14:12:27Z</time>
					</trkpt>
					<trkpt lat="50.465010" lon="4.882980">
						<ele>78</ele>
						<time>2022-06-28T14:13:53Z</time>
					</trkpt>
					<trkpt lat="50.464850" lon="4.882050">
						<ele>79</ele>
						<time>2022-06-28T14:14:42Z</time>
					</trkpt>
					<trkpt lat="50.464640" lon="4.881090">
						<ele>81</ele>
						<time>2022-06-28T14:15:33Z</time>
					</trkpt>
					<trkpt lat="50.463840" lon="4.878500">
						<ele>81</ele>
						<time>2022-06-28T14:18:00Z</time>
					</trkpt>
					<trkpt lat="50.463550" lon="4.877700">
						<ele>79</ele>
						<time>2022-06-28T14:18:47Z</time>
					</trkpt>
					<trkpt lat="50.462680" lon="4.875740">
						<ele>79</ele>
						<time>2022-06-28T14:20:49Z</time>
					</trkpt>
					<trkpt lat="50.462350" lon="4.875090">
						<ele>78</ele>
						<time>2022-06-28T14:21:31Z</time>
					</trkpt>
					<trkpt lat="50.461850" lon="4.875390">
						<ele>82</ele>
						<time>2022-06-28T14:22:14Z</time>
					</trkpt>
					<trkpt lat="50.461630" lon="4.875720">
						<ele>85</ele>
						<time>2022-06-28T14:22:38Z</time>
					</trkpt>
					<trkpt lat="50.461700" lon="4.875850">
						<ele>85</ele>
						<time>2022-06-28T14:22:47Z</time>
					</trkpt>
					<trkpt lat="50.463440" lon="4.873980">
						<ele>81</ele>
						<time>2022-06-28T14:25:36Z</time>
					</trkpt>
					<trkpt lat="50.463470" lon="4.873930">
						<ele>81</ele>
						<time>2022-06-28T14:25:39Z</time>
					</trkpt>
					<trkpt lat="50.463470" lon="4.873830">
						<ele>82</ele>
						<time>2022-06-28T14:25:45Z</time>
					</trkpt>
					<trkpt lat="50.463430" lon="4.873720">
						<ele>82</ele>
						<time>2022-06-28T14:25:51Z</time>
					</trkpt>
					<trkpt lat="50.463550" lon="4.873540">
						<ele>83</ele>
						<time>2022-06-28T14:26:04Z</time>
					</trkpt>
					<trkpt lat="50.463620" lon="4.873600">
						<ele>83</ele>
						<time>2022-06-28T14:26:11Z</time>
					</trkpt>
					<trkpt lat="50.463710" lon="4.873610">
						<ele>84</ele>
						<time>2022-06-28T14:26:18Z</time>
					</trkpt>
					<trkpt lat="50.464040" lon="4.873320">
						<ele>85</ele>
						<time>2022-06-28T14:26:48Z</time>
					</trkpt>
					<trkpt lat="50.464160" lon="4.873340">
						<ele>85</ele>
						<time>2022-06-28T14:26:58Z</time>
					</trkpt>
					<trkpt lat="50.464560" lon="4.872930">
						<ele>84</ele>
						<time>2022-06-28T14:27:36Z</time>
					</trkpt>
					<trkpt lat="50.464430" lon="4.872610">
						<ele>83</ele>
						<time>2022-06-28T14:27:55Z</time>
					</trkpt>
					<trkpt lat="50.464100" lon="4.871980">
						<ele>84</ele>
						<time>2022-06-28T14:28:37Z</time>
					</trkpt>
					<trkpt lat="50.463950" lon="4.871770">
						<ele>84</ele>
						<time>2022-06-28T14:28:53Z</time>
					</trkpt>
					<trkpt lat="50.463810" lon="4.871570">
						<ele>84</ele>
						<time>2022-06-28T14:29:08Z</time>
					</trkpt>
					<trkpt lat="50.463720" lon="4.871410">
						<ele>85</ele>
						<time>2022-06-28T14:29:19Z</time>
					</trkpt>
					<trkpt lat="50.463640" lon="4.871170">
						<ele>84</ele>
						<time>2022-06-28T14:29:33Z</time>
					</trkpt>
					<trkpt lat="50.463600" lon="4.871000">
						<ele>84</ele>
						<time>2022-06-28T14:29:42Z</time>
					</trkpt>
					<trkpt lat="50.463610" lon="4.870900">
						<ele>84</ele>
						<time>2022-06-28T14:29:47Z</time>
					</trkpt>
					<trkpt lat="50.463650" lon="4.870760">
						<ele>85</ele>
						<time>2022-06-28T14:29:55Z</time>
					</trkpt>
					<trkpt lat="50.463560" lon="4.870170">
						<ele>86</ele>
						<time>2022-06-28T14:30:26Z</time>
					</trkpt>
					<trkpt lat="50.463500" lon="4.870130">
						<ele>86</ele>
						<time>2022-06-28T14:30:31Z</time>
					</trkpt>
					<trkpt lat="50.463360" lon="4.869880">
						<ele>86</ele>
						<time>2022-06-28T14:30:48Z</time>
					</trkpt>
					<trkpt lat="50.463230" lon="4.869620">
						<ele>86</ele>
						<time>2022-06-28T14:31:05Z</time>
					</trkpt>
					<trkpt lat="50.463450" lon="4.869350">
						<ele>86</ele>
						<time>2022-06-28T14:31:27Z</time>
					</trkpt>
					<trkpt lat="50.463590" lon="4.868990">
						<ele>86</ele>
						<time>2022-06-28T14:31:49Z</time>
					</trkpt>
					<trkpt lat="50.463710" lon="4.868360">
						<ele>86</ele>
						<time>2022-06-28T14:32:22Z</time>
					</trkpt>
					<trkpt lat="50.463750" lon="4.868140">
						<ele>86</ele>
						<time>2022-06-28T14:32:34Z</time>
					</trkpt>
					<trkpt lat="50.463800" lon="4.867900">
						<ele>87</ele>
						<time>2022-06-28T14:32:47Z</time>
					</trkpt>
					<trkpt lat="50.464090" lon="4.867360">
						<ele>87</ele>
						<time>2022-06-28T14:33:23Z</time>
					</trkpt>
					<trkpt lat="50.463920" lon="4.867110">
						<ele>88</ele>
						<time>2022-06-28T14:33:42Z</time>
					</trkpt>
					<trkpt lat="50.463840" lon="4.866860">
						<ele>89</ele>
						<time>2022-06-28T14:33:56Z</time>
					</trkpt>
					<trkpt lat="50.463440" lon="4.867160">
						<ele>88</ele>
						<time>2022-06-28T14:34:31Z</time>
					</trkpt>
					<trkpt lat="50.463030" lon="4.866190">
						<ele>88</ele>
						<time>2022-06-28T14:35:31Z</time>
					</trkpt>
					<trkpt lat="50.463150" lon="4.866080">
						<ele>88</ele>
						<time>2022-06-28T14:35:42Z</time>
					</trkpt>
					<trkpt lat="50.463530" lon="4.865750">
						<ele>88</ele>
						<time>2022-06-28T14:36:17Z</time>
					</trkpt>
					<trkpt lat="50.463730" lon="4.865600">
						<ele>88</ele>
						<time>2022-06-28T14:36:34Z</time>
					</trkpt>
					<trkpt lat="50.463940" lon="4.865390">
						<ele>88</ele>
						<time>2022-06-28T14:36:54Z</time>
					</trkpt>
					<trkpt lat="50.464020" lon="4.865320">
						<ele>87</ele>
						<time>2022-06-28T14:37:02Z</time>
					</trkpt>
					<trkpt lat="50.464210" lon="4.865180">
						<ele>87</ele>
						<time>2022-06-28T14:37:18Z</time>
					</trkpt>
					<trkpt lat="50.464390" lon="4.865050">
						<ele>88</ele>
						<time>2022-06-28T14:37:34Z</time>
					</trkpt>
					<trkpt lat="50.464540" lon="4.864960">
						<ele>88</ele>
						<time>2022-06-28T14:37:47Z</time>
					</trkpt>
					<trkpt lat="50.464540" lon="4.864960">
						<ele>88</ele>
						<time>2022-06-28T14:37:47Z</time>
					</trkpt>
					<trkpt lat="50.464540" lon="4.864960">
						<ele>88</ele>
						<time>2022-06-28T14:37:47Z</time>
					</trkpt>
					<trkpt lat="50.464890" lon="4.865030">
						<ele>89</ele>
						<time>2022-06-28T14:38:15Z</time>
					</trkpt>
					<trkpt lat="50.464930" lon="4.865010">
						<ele>89</ele>
						<time>2022-06-28T14:38:19Z</time>
					</trkpt>
					<trkpt lat="50.464930" lon="4.865050">
						<ele>89</ele>
						<time>2022-06-28T14:38:21Z</time>
					</trkpt>
					<trkpt lat="50.464950" lon="4.864940">
						<ele>89</ele>
						<time>2022-06-28T14:38:27Z</time>
					</trkpt>
					<trkpt lat="50.465030" lon="4.864270">
						<ele>91</ele>
						<time>2022-06-28T14:39:01Z</time>
					</trkpt>
					<trkpt lat="50.465100" lon="4.864040">
						<ele>91</ele>
						<time>2022-06-28T14:39:14Z</time>
					</trkpt>
					</trkseg>
				</trk>
			</gpx>

