<?xml version="1.0" encoding="UTF-8" ?>
<gpx version="1.1" xmlns:xsi="http://www.w3.org/2001/XMLSchema-instance" 
    xmlns="http://www.topografix.com/GPX/1/1"
    xsi:schemaLocation="http://www.topografix.com/GPX/1/1 http://www.topografix.com/GPX/1/1/gpx.xsd" 
    creator="Openrunner - https://www.openrunner.com" >	<trk>
	                   <name>VM2NamurCouvin-22418894</name>
						<trkseg>
					<trkpt lat="50.465130" lon="4.864060">
						<ele>91</ele>
						<time>2025-09-07T10:48:05Z</time>
					</trkpt>
					<trkpt lat="50.465230" lon="4.863680">
						<ele>91</ele>
						<time>2025-09-07T10:48:40Z</time>
					</trkpt>
					<trkpt lat="50.464510" lon="4.863470">
						<ele>91</ele>
						<time>2025-09-07T10:50:18Z</time>
					</trkpt>
					<trkpt lat="50.464410" lon="4.863460">
						<ele>91</ele>
						<time>2025-09-07T10:50:31Z</time>
					</trkpt>
					<trkpt lat="50.463740" lon="4.863520">
						<ele>90</ele>
						<time>2025-09-07T10:52:01Z</time>
					</trkpt>
					<trkpt lat="50.463710" lon="4.863720">
						<ele>90</ele>
						<time>2025-09-07T10:52:18Z</time>
					</trkpt>
					<trkpt lat="50.463660" lon="4.863840">
						<ele>89</ele>
						<time>2025-09-07T10:52:30Z</time>
					</trkpt>
					<trkpt lat="50.463050" lon="4.863820">
						<ele>88</ele>
						<time>2025-09-07T10:53:52Z</time>
					</trkpt>
					<trkpt lat="50.463050" lon="4.864260">
						<ele>88</ele>
						<time>2025-09-07T10:54:29Z</time>
					</trkpt>
					<trkpt lat="50.463110" lon="4.864940">
						<ele>88</ele>
						<time>2025-09-07T10:55:27Z</time>
					</trkpt>
					<trkpt lat="50.463080" lon="4.865350">
						<ele>88</ele>
						<time>2025-09-07T10:56:02Z</time>
					</trkpt>
					<trkpt lat="50.463010" lon="4.865440">
						<ele>88</ele>
						<time>2025-09-07T10:56:14Z</time>
					</trkpt>
					<trkpt lat="50.462790" lon="4.865510">
						<ele>88</ele>
						<time>2025-09-07T10:56:44Z</time>
					</trkpt>
					<trkpt lat="50.462690" lon="4.865500">
						<ele>88</ele>
						<time>2025-09-07T10:56:58Z</time>
					</trkpt>
					<trkpt lat="50.462560" lon="4.865340">
						<ele>87</ele>
						<time>2025-09-07T10:57:20Z</time>
					</trkpt>
					<trkpt lat="50.462060" lon="4.865450">
						<ele>85</ele>
						<time>2025-09-07T10:58:27Z</time>
					</trkpt>
					<trkpt lat="50.462220" lon="4.866350">
						<ele>86</ele>
						<time>2025-09-07T10:59:47Z</time>
					</trkpt>
					<trkpt lat="50.462350" lon="4.867700">
						<ele>85</ele>
						<time>2025-09-07T11:01:43Z</time>
					</trkpt>
					<trkpt lat="50.461710" lon="4.867930">
						<ele>81</ele>
						<time>2025-09-07T11:03:10Z</time>
					</trkpt>
					<trkpt lat="50.461780" lon="4.868700">
						<ele>79</ele>
						<time>2025-09-07T11:04:16Z</time>
					</trkpt>
					<trkpt lat="50.461490" lon="4.868840">
						<ele>78</ele>
						<time>2025-09-07T11:04:57Z</time>
					</trkpt>
					<trkpt lat="50.461330" lon="4.868770">
						<ele>79</ele>
						<time>2025-09-07T11:05:19Z</time>
					</trkpt>
					<trkpt lat="50.460980" lon="4.868670">
						<ele>80</ele>
						<time>2025-09-07T11:06:06Z</time>
					</trkpt>
					<trkpt lat="50.460870" lon="4.868730">
						<ele>80</ele>
						<time>2025-09-07T11:06:22Z</time>
					</trkpt>
					<trkpt lat="50.460780" lon="4.868730">
						<ele>80</ele>
						<time>2025-09-07T11:06:34Z</time>
					</trkpt>
					<trkpt lat="50.460680" lon="4.868640">
						<ele>81</ele>
						<time>2025-09-07T11:06:49Z</time>
					</trkpt>
					<trkpt lat="50.460650" lon="4.868770">
						<ele>80</ele>
						<time>2025-09-07T11:07:01Z</time>
					</trkpt>
					<trkpt lat="50.459480" lon="4.866780">
						<ele>82</ele>
						<time>2025-09-07T11:10:51Z</time>
					</trkpt>
					<trkpt lat="50.458920" lon="4.865570">
						<ele>84</ele>
						<time>2025-09-07T11:12:58Z</time>
					</trkpt>
					<trkpt lat="50.458570" lon="4.865060">
						<ele>85</ele>
						<time>2025-09-07T11:14:02Z</time>
					</trkpt>
					<trkpt lat="50.458400" lon="4.864880">
						<ele>84</ele>
						<time>2025-09-07T11:14:29Z</time>
					</trkpt>
					<trkpt lat="50.457160" lon="4.863810">
						<ele>78</ele>
						<time>2025-09-07T11:17:38Z</time>
					</trkpt>
					<trkpt lat="50.456010" lon="4.862860">
						<ele>79</ele>
						<time>2025-09-07T11:20:32Z</time>
					</trkpt>
					<trkpt lat="50.455320" lon="4.862330">
						<ele>80</ele>
						<time>2025-09-07T11:22:14Z</time>
					</trkpt>
					<trkpt lat="50.454700" lon="4.861960">
						<ele>82</ele>
						<time>2025-09-07T11:23:43Z</time>
					</trkpt>
					<trkpt lat="50.454630" lon="4.861850">
						<ele>83</ele>
						<time>2025-09-07T11:23:56Z</time>
					</trkpt>
					<trkpt lat="50.452880" lon="4.860820">
						<ele>81</ele>
						<time>2025-09-07T11:28:05Z</time>
					</trkpt>
					<trkpt lat="50.452500" lon="4.860670">
						<ele>79</ele>
						<time>2025-09-07T11:28:57Z</time>
					</trkpt>
					<trkpt lat="50.452170" lon="4.860590">
						<ele>80</ele>
						<time>2025-09-07T11:29:42Z</time>
					</trkpt>
					<trkpt lat="50.451830" lon="4.860520">
						<ele>81</ele>
						<time>2025-09-07T11:30:28Z</time>
					</trkpt>
					<trkpt lat="50.451620" lon="4.860530">
						<ele>81</ele>
						<time>2025-09-07T11:30:56Z</time>
					</trkpt>
					<trkpt lat="50.451570" lon="4.860520">
						<ele>81</ele>
						<time>2025-09-07T11:31:03Z</time>
					</trkpt>
					<trkpt lat="50.451460" lon="4.860440">
						<ele>81</ele>
						<time>2025-09-07T11:31:19Z</time>
					</trkpt>
					<trkpt lat="50.451240" lon="4.860410">
						<ele>80</ele>
						<time>2025-09-07T11:31:48Z</time>
					</trkpt>
					<trkpt lat="50.451110" lon="4.860450">
						<ele>80</ele>
						<time>2025-09-07T11:32:06Z</time>
					</trkpt>
					<trkpt lat="50.447940" lon="4.859640">
						<ele>83</ele>
						<time>2025-09-07T11:39:14Z</time>
					</trkpt>
					<trkpt lat="50.446570" lon="4.859380">
						<ele>84</ele>
						<time>2025-09-07T11:42:19Z</time>
					</trkpt>
					<trkpt lat="50.445810" lon="4.859270">
						<ele>84</ele>
						<time>2025-09-07T11:44:00Z</time>
					</trkpt>
					<trkpt lat="50.445380" lon="4.859160">
						<ele>85</ele>
						<time>2025-09-07T11:44:59Z</time>
					</trkpt>
					<trkpt lat="50.443210" lon="4.858950">
						<ele>84</ele>
						<time>2025-09-07T11:49:49Z</time>
					</trkpt>
					<trkpt lat="50.442660" lon="4.859070">
						<ele>85</ele>
						<time>2025-09-07T11:51:03Z</time>
					</trkpt>
					<trkpt lat="50.442240" lon="4.859190">
						<ele>85</ele>
						<time>2025-09-07T11:52:00Z</time>
					</trkpt>
					<trkpt lat="50.441830" lon="4.859360">
						<ele>84</ele>
						<time>2025-09-07T11:52:56Z</time>
					</trkpt>
					<trkpt lat="50.441410" lon="4.859580">
						<ele>84</ele>
						<time>2025-09-07T11:53:55Z</time>
					</trkpt>
					<trkpt lat="50.440190" lon="4.860490">
						<ele>82</ele>
						<time>2025-09-07T11:56:56Z</time>
					</trkpt>
					<trkpt lat="50.437420" lon="4.862080">
						<ele>86</ele>
						<time>2025-09-07T12:03:29Z</time>
					</trkpt>
					<trkpt lat="50.436680" lon="4.862310">
						<ele>84</ele>
						<time>2025-09-07T12:05:10Z</time>
					</trkpt>
					<trkpt lat="50.436230" lon="4.862410">
						<ele>86</ele>
						<time>2025-09-07T12:06:11Z</time>
					</trkpt>
					<trkpt lat="50.436170" lon="4.862490">
						<ele>85</ele>
						<time>2025-09-07T12:06:21Z</time>
					</trkpt>
					<trkpt lat="50.433410" lon="4.863090">
						<ele>98</ele>
						<time>2025-09-07T12:12:33Z</time>
					</trkpt>
					<trkpt lat="50.433030" lon="4.863270">
						<ele>95</ele>
						<time>2025-09-07T12:13:26Z</time>
					</trkpt>
					<trkpt lat="50.432520" lon="4.863650">
						<ele>87</ele>
						<time>2025-09-07T12:14:41Z</time>
					</trkpt>
					<trkpt lat="50.432040" lon="4.864100">
						<ele>82</ele>
						<time>2025-09-07T12:15:56Z</time>
					</trkpt>
					<trkpt lat="50.430190" lon="4.866380">
						<ele>78</ele>
						<time>2025-09-07T12:21:10Z</time>
					</trkpt>
					<trkpt lat="50.429790" lon="4.866820">
						<ele>79</ele>
						<time>2025-09-07T12:22:15Z</time>
					</trkpt>
					<trkpt lat="50.429730" lon="4.866930">
						<ele>79</ele>
						<time>2025-09-07T12:22:27Z</time>
					</trkpt>
					<trkpt lat="50.427010" lon="4.869150">
						<ele>83</ele>
						<time>2025-09-07T12:29:16Z</time>
					</trkpt>
					<trkpt lat="50.426730" lon="4.869430">
						<ele>83</ele>
						<time>2025-09-07T12:30:01Z</time>
					</trkpt>
					<trkpt lat="50.426170" lon="4.870190">
						<ele>84</ele>
						<time>2025-09-07T12:31:39Z</time>
					</trkpt>
					<trkpt lat="50.426060" lon="4.870390">
						<ele>84</ele>
						<time>2025-09-07T12:32:02Z</time>
					</trkpt>
					<trkpt lat="50.425910" lon="4.870590">
						<ele>84</ele>
						<time>2025-09-07T12:32:28Z</time>
					</trkpt>
					<trkpt lat="50.425780" lon="4.870690">
						<ele>84</ele>
						<time>2025-09-07T12:32:47Z</time>
					</trkpt>
					<trkpt lat="50.424850" lon="4.871860">
						<ele>84</ele>
						<time>2025-09-07T12:35:26Z</time>
					</trkpt>
					<trkpt lat="50.424180" lon="4.873160">
						<ele>82</ele>
						<time>2025-09-07T12:37:49Z</time>
					</trkpt>
					<trkpt lat="50.423980" lon="4.873470">
						<ele>82</ele>
						<time>2025-09-07T12:38:26Z</time>
					</trkpt>
					<trkpt lat="50.423910" lon="4.873690">
						<ele>82</ele>
						<time>2025-09-07T12:38:47Z</time>
					</trkpt>
					<trkpt lat="50.423700" lon="4.874140">
						<ele>83</ele>
						<time>2025-09-07T12:39:34Z</time>
					</trkpt>
					<trkpt lat="50.423590" lon="4.874320">
						<ele>82</ele>
						<time>2025-09-07T12:39:56Z</time>
					</trkpt>
					<trkpt lat="50.422560" lon="4.876890">
						<ele>83</ele>
						<time>2025-09-07T12:44:14Z</time>
					</trkpt>
					<trkpt lat="50.422440" lon="4.877070">
						<ele>83</ele>
						<time>2025-09-07T12:44:36Z</time>
					</trkpt>
					<trkpt lat="50.421270" lon="4.877910">
						<ele>82</ele>
						<time>2025-09-07T12:47:28Z</time>
					</trkpt>
					<trkpt lat="50.421100" lon="4.877990">
						<ele>82</ele>
						<time>2025-09-07T12:47:51Z</time>
					</trkpt>
					<trkpt lat="50.420180" lon="4.878140">
						<ele>81</ele>
						<time>2025-09-07T12:49:55Z</time>
					</trkpt>
					<trkpt lat="50.419340" lon="4.878370">
						<ele>83</ele>
						<time>2025-09-07T12:51:49Z</time>
					</trkpt>
					<trkpt lat="50.418800" lon="4.878550">
						<ele>83</ele>
						<time>2025-09-07T12:53:02Z</time>
					</trkpt>
					<trkpt lat="50.418400" lon="4.878780">
						<ele>83</ele>
						<time>2025-09-07T12:53:59Z</time>
					</trkpt>
					<trkpt lat="50.418160" lon="4.878950">
						<ele>83</ele>
						<time>2025-09-07T12:54:34Z</time>
					</trkpt>
					<trkpt lat="50.417110" lon="4.880050">
						<ele>84</ele>
						<time>2025-09-07T12:57:23Z</time>
					</trkpt>
					<trkpt lat="50.416630" lon="4.880590">
						<ele>84</ele>
						<time>2025-09-07T12:58:41Z</time>
					</trkpt>
					<trkpt lat="50.416120" lon="4.881060">
						<ele>84</ele>
						<time>2025-09-07T13:00:00Z</time>
					</trkpt>
					<trkpt lat="50.415400" lon="4.881660">
						<ele>85</ele>
						<time>2025-09-07T13:01:49Z</time>
					</trkpt>
					<trkpt lat="50.414570" lon="4.882250">
						<ele>85</ele>
						<time>2025-09-07T13:03:51Z</time>
					</trkpt>
					<trkpt lat="50.413920" lon="4.882600">
						<ele>84</ele>
						<time>2025-09-07T13:05:22Z</time>
					</trkpt>
					<trkpt lat="50.412590" lon="4.882830">
						<ele>85</ele>
						<time>2025-09-07T13:08:21Z</time>
					</trkpt>
					<trkpt lat="50.411320" lon="4.883190">
						<ele>84</ele>
						<time>2025-09-07T13:11:13Z</time>
					</trkpt>
					<trkpt lat="50.410680" lon="4.883240">
						<ele>83</ele>
						<time>2025-09-07T13:12:39Z</time>
					</trkpt>
					<trkpt lat="50.409880" lon="4.883200">
						<ele>84</ele>
						<time>2025-09-07T13:14:26Z</time>
					</trkpt>
					<trkpt lat="50.409010" lon="4.883100">
						<ele>84</ele>
						<time>2025-09-07T13:16:22Z</time>
					</trkpt>
					<trkpt lat="50.407800" lon="4.882860">
						<ele>81</ele>
						<time>2025-09-07T13:19:05Z</time>
					</trkpt>
					<trkpt lat="50.407040" lon="4.882620">
						<ele>83</ele>
						<time>2025-09-07T13:20:48Z</time>
					</trkpt>
					<trkpt lat="50.406980" lon="4.882670">
						<ele>84</ele>
						<time>2025-09-07T13:20:57Z</time>
					</trkpt>
					<trkpt lat="50.406630" lon="4.882680">
						<ele>84</ele>
						<time>2025-09-07T13:21:44Z</time>
					</trkpt>
					<trkpt lat="50.405310" lon="4.882560">
						<ele>82</ele>
						<time>2025-09-07T13:24:40Z</time>
					</trkpt>
					<trkpt lat="50.404420" lon="4.882280">
						<ele>83</ele>
						<time>2025-09-07T13:26:42Z</time>
					</trkpt>
					<trkpt lat="50.402890" lon="4.881470">
						<ele>84</ele>
						<time>2025-09-07T13:30:17Z</time>
					</trkpt>
					<trkpt lat="50.402510" lon="4.881400">
						<ele>83</ele>
						<time>2025-09-07T13:31:08Z</time>
					</trkpt>
					<trkpt lat="50.400740" lon="4.881390">
						<ele>80</ele>
						<time>2025-09-07T13:35:04Z</time>
					</trkpt>
					<trkpt lat="50.399940" lon="4.881350">
						<ele>80</ele>
						<time>2025-09-07T13:36:51Z</time>
					</trkpt>
					<trkpt lat="50.398280" lon="4.881100">
						<ele>82</ele>
						<time>2025-09-07T13:40:34Z</time>
					</trkpt>
					<trkpt lat="50.397850" lon="4.880940">
						<ele>83</ele>
						<time>2025-09-07T13:41:33Z</time>
					</trkpt>
					<trkpt lat="50.396890" lon="4.880840">
						<ele>84</ele>
						<time>2025-09-07T13:43:41Z</time>
					</trkpt>
					<trkpt lat="50.393270" lon="4.880290">
						<ele>82</ele>
						<time>2025-09-07T13:51:46Z</time>
					</trkpt>
					<trkpt lat="50.392120" lon="4.879910">
						<ele>84</ele>
						<time>2025-09-07T13:54:23Z</time>
					</trkpt>
					<trkpt lat="50.391470" lon="4.879740">
						<ele>85</ele>
						<time>2025-09-07T13:55:51Z</time>
					</trkpt>
					<trkpt lat="50.390460" lon="4.879520">
						<ele>83</ele>
						<time>2025-09-07T13:58:07Z</time>
					</trkpt>
					<trkpt lat="50.390160" lon="4.879400">
						<ele>82</ele>
						<time>2025-09-07T13:58:49Z</time>
					</trkpt>
					<trkpt lat="50.389710" lon="4.879320">
						<ele>84</ele>
						<time>2025-09-07T13:59:49Z</time>
					</trkpt>
					<trkpt lat="50.388810" lon="4.879240">
						<ele>87</ele>
						<time>2025-09-07T14:01:49Z</time>
					</trkpt>
					<trkpt lat="50.387900" lon="4.879200">
						<ele>84</ele>
						<time>2025-09-07T14:03:51Z</time>
					</trkpt>
					<trkpt lat="50.386820" lon="4.879110">
						<ele>85</ele>
						<time>2025-09-07T14:06:15Z</time>
					</trkpt>
					<trkpt lat="50.386440" lon="4.878960">
						<ele>86</ele>
						<time>2025-09-07T14:07:07Z</time>
					</trkpt>
					<trkpt lat="50.386080" lon="4.878650">
						<ele>85</ele>
						<time>2025-09-07T14:08:02Z</time>
					</trkpt>
					<trkpt lat="50.385880" lon="4.878410">
						<ele>84</ele>
						<time>2025-09-07T14:08:36Z</time>
					</trkpt>
					<trkpt lat="50.385370" lon="4.877450">
						<ele>85</ele>
						<time>2025-09-07T14:10:22Z</time>
					</trkpt>
					<trkpt lat="50.385090" lon="4.876660">
						<ele>90</ele>
						<time>2025-09-07T14:11:39Z</time>
					</trkpt>
					<trkpt lat="50.384290" lon="4.874060">
						<ele>95</ele>
						<time>2025-09-07T14:15:45Z</time>
					</trkpt>
					<trkpt lat="50.384080" lon="4.873340">
						<ele>102</ele>
						<time>2025-09-07T14:16:52Z</time>
					</trkpt>
					<trkpt lat="50.383550" lon="4.870730">
						<ele>102</ele>
						<time>2025-09-07T14:20:45Z</time>
					</trkpt>
					<trkpt lat="50.383460" lon="4.870120">
						<ele>97</ele>
						<time>2025-09-07T14:21:38Z</time>
					</trkpt>
					<trkpt lat="50.383440" lon="4.868930">
						<ele>105</ele>
						<time>2025-09-07T14:23:20Z</time>
					</trkpt>
					<trkpt lat="50.383360" lon="4.868450">
						<ele>102</ele>
						<time>2025-09-07T14:24:02Z</time>
					</trkpt>
					<trkpt lat="50.383240" lon="4.868060">
						<ele>98</ele>
						<time>2025-09-07T14:24:39Z</time>
					</trkpt>
					<trkpt lat="50.383080" lon="4.867730">
						<ele>95</ele>
						<time>2025-09-07T14:25:14Z</time>
					</trkpt>
					<trkpt lat="50.382920" lon="4.867510">
						<ele>93</ele>
						<time>2025-09-07T14:25:42Z</time>
					</trkpt>
					<trkpt lat="50.382690" lon="4.867310">
						<ele>91</ele>
						<time>2025-09-07T14:26:17Z</time>
					</trkpt>
					<trkpt lat="50.381690" lon="4.866770">
						<ele>85</ele>
						<time>2025-09-07T14:28:39Z</time>
					</trkpt>
					<trkpt lat="50.380130" lon="4.867810">
						<ele>81</ele>
						<time>2025-09-07T14:32:25Z</time>
					</trkpt>
					<trkpt lat="50.379840" lon="4.868230">
						<ele>81</ele>
						<time>2025-09-07T14:33:17Z</time>
					</trkpt>
					<trkpt lat="50.379000" lon="4.870410">
						<ele>84</ele>
						<time>2025-09-07T14:36:54Z</time>
					</trkpt>
					<trkpt lat="50.378610" lon="4.871720">
						<ele>85</ele>
						<time>2025-09-07T14:38:57Z</time>
					</trkpt>
					<trkpt lat="50.377910" lon="4.874520">
						<ele>84</ele>
						<time>2025-09-07T14:43:13Z</time>
					</trkpt>
					<trkpt lat="50.377560" lon="4.875670">
						<ele>84</ele>
						<time>2025-09-07T14:45:02Z</time>
					</trkpt>
					<trkpt lat="50.377170" lon="4.876720">
						<ele>86</ele>
						<time>2025-09-07T14:46:45Z</time>
					</trkpt>
					<trkpt lat="50.377030" lon="4.876940">
						<ele>87</ele>
						<time>2025-09-07T14:47:12Z</time>
					</trkpt>
					<trkpt lat="50.376590" lon="4.877420">
						<ele>86</ele>
						<time>2025-09-07T14:48:23Z</time>
					</trkpt>
					<trkpt lat="50.376120" lon="4.877720">
						<ele>85</ele>
						<time>2025-09-07T14:49:31Z</time>
					</trkpt>
					<trkpt lat="50.375750" lon="4.877820">
						<ele>85</ele>
						<time>2025-09-07T14:50:21Z</time>
					</trkpt>
					<trkpt lat="50.375000" lon="4.877780">
						<ele>84</ele>
						<time>2025-09-07T14:52:01Z</time>
					</trkpt>
					<trkpt lat="50.374270" lon="4.877390">
						<ele>85</ele>
						<time>2025-09-07T14:53:44Z</time>
					</trkpt>
					<trkpt lat="50.374160" lon="4.877330">
						<ele>86</ele>
						<time>2025-09-07T14:53:59Z</time>
					</trkpt>
					<trkpt lat="50.373880" lon="4.877100">
						<ele>86</ele>
						<time>2025-09-07T14:54:42Z</time>
					</trkpt>
					<trkpt lat="50.373630" lon="4.876780">
						<ele>88</ele>
						<time>2025-09-07T14:55:25Z</time>
					</trkpt>
					<trkpt lat="50.372580" lon="4.876040">
						<ele>102</ele>
						<time>2025-09-07T14:57:58Z</time>
					</trkpt>
					<trkpt lat="50.371330" lon="4.875370">
						<ele>102</ele>
						<time>2025-09-07T15:00:55Z</time>
					</trkpt>
					<trkpt lat="50.369420" lon="4.874180">
						<ele>113</ele>
						<time>2025-09-07T15:05:29Z</time>
					</trkpt>
					<trkpt lat="50.367840" lon="4.873260">
						<ele>103</ele>
						<time>2025-09-07T15:09:14Z</time>
					</trkpt>
					<trkpt lat="50.367460" lon="4.873050">
						<ele>99</ele>
						<time>2025-09-07T15:10:08Z</time>
					</trkpt>
					<trkpt lat="50.367230" lon="4.872970">
						<ele>99</ele>
						<time>2025-09-07T15:10:39Z</time>
					</trkpt>
					<trkpt lat="50.366060" lon="4.872230">
						<ele>101</ele>
						<time>2025-09-07T15:13:27Z</time>
					</trkpt>
					<trkpt lat="50.365380" lon="4.871700">
						<ele>95</ele>
						<time>2025-09-07T15:15:09Z</time>
					</trkpt>
					<trkpt lat="50.364290" lon="4.870970">
						<ele>93</ele>
						<time>2025-09-07T15:17:47Z</time>
					</trkpt>
					<trkpt lat="50.363480" lon="4.870900">
						<ele>90</ele>
						<time>2025-09-07T15:19:35Z</time>
					</trkpt>
					<trkpt lat="50.363030" lon="4.870940">
						<ele>89</ele>
						<time>2025-09-07T15:20:35Z</time>
					</trkpt>
					<trkpt lat="50.362820" lon="4.871010">
						<ele>89</ele>
						<time>2025-09-07T15:21:04Z</time>
					</trkpt>
					<trkpt lat="50.362050" lon="4.871450">
						<ele>84</ele>
						<time>2025-09-07T15:22:53Z</time>
					</trkpt>
					<trkpt lat="50.360880" lon="4.871840">
						<ele>85</ele>
						<time>2025-09-07T15:25:33Z</time>
					</trkpt>
					<trkpt lat="50.360070" lon="4.872290">
						<ele>85</ele>
						<time>2025-09-07T15:27:28Z</time>
					</trkpt>
					<trkpt lat="50.358450" lon="4.873350">
						<ele>85</ele>
						<time>2025-09-07T15:31:22Z</time>
					</trkpt>
					<trkpt lat="50.357920" lon="4.873860">
						<ele>87</ele>
						<time>2025-09-07T15:32:45Z</time>
					</trkpt>
					<trkpt lat="50.357500" lon="4.874480">
						<ele>86</ele>
						<time>2025-09-07T15:34:02Z</time>
					</trkpt>
					<trkpt lat="50.356250" lon="4.876870">
						<ele>91</ele>
						<time>2025-09-07T15:38:25Z</time>
					</trkpt>
					<trkpt lat="50.356000" lon="4.877190">
						<ele>92</ele>
						<time>2025-09-07T15:39:08Z</time>
					</trkpt>
					<trkpt lat="50.355710" lon="4.877480">
						<ele>92</ele>
						<time>2025-09-07T15:39:54Z</time>
					</trkpt>
					<trkpt lat="50.355440" lon="4.877650">
						<ele>91</ele>
						<time>2025-09-07T15:40:33Z</time>
					</trkpt>
					<trkpt lat="50.355100" lon="4.877750">
						<ele>90</ele>
						<time>2025-09-07T15:41:19Z</time>
					</trkpt>
					<trkpt lat="50.354820" lon="4.877770">
						<ele>89</ele>
						<time>2025-09-07T15:41:56Z</time>
					</trkpt>
					<trkpt lat="50.354480" lon="4.877700">
						<ele>90</ele>
						<time>2025-09-07T15:42:42Z</time>
					</trkpt>
					<trkpt lat="50.354270" lon="4.877600">
						<ele>91</ele>
						<time>2025-09-07T15:43:11Z</time>
					</trkpt>
					<trkpt lat="50.354080" lon="4.877450">
						<ele>91</ele>
						<time>2025-09-07T15:43:40Z</time>
					</trkpt>
					<trkpt lat="50.353720" lon="4.877070">
						<ele>89</ele>
						<time>2025-09-07T15:44:38Z</time>
					</trkpt>
					<trkpt lat="50.353510" lon="4.876690">
						<ele>89</ele>
						<time>2025-09-07T15:45:21Z</time>
					</trkpt>
					<trkpt lat="50.353360" lon="4.876360">
						<ele>89</ele>
						<time>2025-09-07T15:45:55Z</time>
					</trkpt>
					<trkpt lat="50.353230" lon="4.875990">
						<ele>89</ele>
						<time>2025-09-07T15:46:31Z</time>
					</trkpt>
					<trkpt lat="50.353110" lon="4.875540">
						<ele>88</ele>
						<time>2025-09-07T15:47:13Z</time>
					</trkpt>
					<trkpt lat="50.352780" lon="4.873360">
						<ele>87</ele>
						<time>2025-09-07T15:50:23Z</time>
					</trkpt>
					<trkpt lat="50.352610" lon="4.871780">
						<ele>86</ele>
						<time>2025-09-07T15:52:40Z</time>
					</trkpt>
					<trkpt lat="50.352330" lon="4.870410">
						<ele>92</ele>
						<time>2025-09-07T15:54:42Z</time>
					</trkpt>
					<trkpt lat="50.351590" lon="4.867170">
						<ele>90</ele>
						<time>2025-09-07T15:59:35Z</time>
					</trkpt>
					<trkpt lat="50.351550" lon="4.866780">
						<ele>90</ele>
						<time>2025-09-07T16:00:09Z</time>
					</trkpt>
					<trkpt lat="50.351540" lon="4.866090">
						<ele>87</ele>
						<time>2025-09-07T16:01:08Z</time>
					</trkpt>
					<trkpt lat="50.351560" lon="4.857890">
						<ele>95</ele>
						<time>2025-09-07T16:12:46Z</time>
					</trkpt>
					<trkpt lat="50.351530" lon="4.857210">
						<ele>98</ele>
						<time>2025-09-07T16:13:44Z</time>
					</trkpt>
					<trkpt lat="50.351460" lon="4.856760">
						<ele>99</ele>
						<time>2025-09-07T16:14:23Z</time>
					</trkpt>
					<trkpt lat="50.351330" lon="4.856050">
						<ele>98</ele>
						<time>2025-09-07T16:15:26Z</time>
					</trkpt>
					<trkpt lat="50.351170" lon="4.855410">
						<ele>95</ele>
						<time>2025-09-07T16:16:25Z</time>
					</trkpt>
					<trkpt lat="50.351020" lon="4.854930">
						<ele>92</ele>
						<time>2025-09-07T16:17:10Z</time>
					</trkpt>
					<trkpt lat="50.350850" lon="4.854510">
						<ele>88</ele>
						<time>2025-09-07T16:17:53Z</time>
					</trkpt>
					<trkpt lat="50.350370" lon="4.853650">
						<ele>89</ele>
						<time>2025-09-07T16:19:30Z</time>
					</trkpt>
					<trkpt lat="50.349780" lon="4.853180">
						<ele>82</ele>
						<time>2025-09-07T16:20:58Z</time>
					</trkpt>
					<trkpt lat="50.349440" lon="4.853040">
						<ele>83</ele>
						<time>2025-09-07T16:21:45Z</time>
					</trkpt>
					<trkpt lat="50.348870" lon="4.853010">
						<ele>82</ele>
						<time>2025-09-07T16:23:01Z</time>
					</trkpt>
					<trkpt lat="50.348390" lon="4.853060">
						<ele>82</ele>
						<time>2025-09-07T16:24:05Z</time>
					</trkpt>
					<trkpt lat="50.348210" lon="4.853100">
						<ele>83</ele>
						<time>2025-09-07T16:24:30Z</time>
					</trkpt>
					<trkpt lat="50.347580" lon="4.853140">
						<ele>86</ele>
						<time>2025-09-07T16:25:54Z</time>
					</trkpt>
					<trkpt lat="50.347540" lon="4.853180">
						<ele>86</ele>
						<time>2025-09-07T16:26:00Z</time>
					</trkpt>
					<trkpt lat="50.347190" lon="4.853190">
						<ele>87</ele>
						<time>2025-09-07T16:26:47Z</time>
					</trkpt>
					<trkpt lat="50.346740" lon="4.853310">
						<ele>87</ele>
						<time>2025-09-07T16:27:48Z</time>
					</trkpt>
					<trkpt lat="50.345910" lon="4.853840">
						<ele>89</ele>
						<time>2025-09-07T16:29:47Z</time>
					</trkpt>
					<trkpt lat="50.345460" lon="4.854250">
						<ele>94</ele>
						<time>2025-09-07T16:30:57Z</time>
					</trkpt>
					<trkpt lat="50.344730" lon="4.855100">
						<ele>98</ele>
						<time>2025-09-07T16:32:58Z</time>
					</trkpt>
					<trkpt lat="50.344040" lon="4.855730">
						<ele>97</ele>
						<time>2025-09-07T16:34:45Z</time>
					</trkpt>
					<trkpt lat="50.342480" lon="4.857380">
						<ele>97</ele>
						<time>2025-09-07T16:38:56Z</time>
					</trkpt>
					<trkpt lat="50.342130" lon="4.857810">
						<ele>101</ele>
						<time>2025-09-07T16:39:55Z</time>
					</trkpt>
					<trkpt lat="50.340630" lon="4.859850">
						<ele>102</ele>
						<time>2025-09-07T16:44:20Z</time>
					</trkpt>
					<trkpt lat="50.340430" lon="4.860080">
						<ele>102</ele>
						<time>2025-09-07T16:44:53Z</time>
					</trkpt>
					<trkpt lat="50.339980" lon="4.860440">
						<ele>104</ele>
						<time>2025-09-07T16:46:01Z</time>
					</trkpt>
					<trkpt lat="50.339290" lon="4.861100">
						<ele>95</ele>
						<time>2025-09-07T16:47:49Z</time>
					</trkpt>
					<trkpt lat="50.339000" lon="4.861430">
						<ele>95</ele>
						<time>2025-09-07T16:48:37Z</time>
					</trkpt>
					<trkpt lat="50.338760" lon="4.861880">
						<ele>93</ele>
						<time>2025-09-07T16:49:27Z</time>
					</trkpt>
					<trkpt lat="50.338540" lon="4.862430">
						<ele>90</ele>
						<time>2025-09-07T16:50:22Z</time>
					</trkpt>
					<trkpt lat="50.338290" lon="4.863220">
						<ele>90</ele>
						<time>2025-09-07T16:51:37Z</time>
					</trkpt>
					<trkpt lat="50.338090" lon="4.864050">
						<ele>89</ele>
						<time>2025-09-07T16:52:53Z</time>
					</trkpt>
					<trkpt lat="50.337330" lon="4.867280">
						<ele>87</ele>
						<time>2025-09-07T16:57:46Z</time>
					</trkpt>
					<trkpt lat="50.337290" lon="4.867620">
						<ele>87</ele>
						<time>2025-09-07T16:58:15Z</time>
					</trkpt>
					<trkpt lat="50.337240" lon="4.868620">
						<ele>87</ele>
						<time>2025-09-07T16:59:41Z</time>
					</trkpt>
					<trkpt lat="50.337190" lon="4.868980">
						<ele>87</ele>
						<time>2025-09-07T17:00:12Z</time>
					</trkpt>
					<trkpt lat="50.337070" lon="4.869450">
						<ele>87</ele>
						<time>2025-09-07T17:00:55Z</time>
					</trkpt>
					<trkpt lat="50.336870" lon="4.869930">
						<ele>87</ele>
						<time>2025-09-07T17:01:44Z</time>
					</trkpt>
					<trkpt lat="50.336850" lon="4.869900">
						<ele>87</ele>
						<time>2025-09-07T17:01:48Z</time>
					</trkpt>
					<trkpt lat="50.336550" lon="4.870530">
						<ele>86</ele>
						<time>2025-09-07T17:02:55Z</time>
					</trkpt>
					<trkpt lat="50.335540" lon="4.871430">
						<ele>89</ele>
						<time>2025-09-07T17:05:30Z</time>
					</trkpt>
					<trkpt lat="50.335200" lon="4.871690">
						<ele>90</ele>
						<time>2025-09-07T17:06:20Z</time>
					</trkpt>
					<trkpt lat="50.334770" lon="4.871900">
						<ele>94</ele>
						<time>2025-09-07T17:07:20Z</time>
					</trkpt>
					<trkpt lat="50.334400" lon="4.871930">
						<ele>98</ele>
						<time>2025-09-07T17:08:10Z</time>
					</trkpt>
					<trkpt lat="50.333610" lon="4.871900">
						<ele>98</ele>
						<time>2025-09-07T17:09:55Z</time>
					</trkpt>
					<trkpt lat="50.333430" lon="4.871860">
						<ele>97</ele>
						<time>2025-09-07T17:10:19Z</time>
					</trkpt>
					<trkpt lat="50.332810" lon="4.871800">
						<ele>93</ele>
						<time>2025-09-07T17:11:42Z</time>
					</trkpt>
					<trkpt lat="50.331540" lon="4.871600">
						<ele>101</ele>
						<time>2025-09-07T17:14:33Z</time>
					</trkpt>
					<trkpt lat="50.330010" lon="4.871410">
						<ele>105</ele>
						<time>2025-09-07T17:17:57Z</time>
					</trkpt>
					<trkpt lat="50.328830" lon="4.871010">
						<ele>104</ele>
						<time>2025-09-07T17:20:39Z</time>
					</trkpt>
					<trkpt lat="50.328110" lon="4.870980">
						<ele>99</ele>
						<time>2025-09-07T17:22:15Z</time>
					</trkpt>
					<trkpt lat="50.327290" lon="4.871090">
						<ele>107</ele>
						<time>2025-09-07T17:24:04Z</time>
					</trkpt>
					<trkpt lat="50.326640" lon="4.871310">
						<ele>111</ele>
						<time>2025-09-07T17:25:33Z</time>
					</trkpt>
					<trkpt lat="50.325720" lon="4.871820">
						<ele>90</ele>
						<time>2025-09-07T17:27:43Z</time>
					</trkpt>
					<trkpt lat="50.325400" lon="4.872080">
						<ele>89</ele>
						<time>2025-09-07T17:28:32Z</time>
					</trkpt>
					<trkpt lat="50.324790" lon="4.872670">
						<ele>87</ele>
						<time>2025-09-07T17:30:07Z</time>
					</trkpt>
					<trkpt lat="50.324130" lon="4.873440">
						<ele>88</ele>
						<time>2025-09-07T17:31:57Z</time>
					</trkpt>
					<trkpt lat="50.323550" lon="4.874050">
						<ele>88</ele>
						<time>2025-09-07T17:33:30Z</time>
					</trkpt>
					<trkpt lat="50.323080" lon="4.874390">
						<ele>88</ele>
						<time>2025-09-07T17:34:39Z</time>
					</trkpt>
					<trkpt lat="50.321080" lon="4.875150">
						<ele>92</ele>
						<time>2025-09-07T17:39:14Z</time>
					</trkpt>
					<trkpt lat="50.320140" lon="4.875480">
						<ele>94</ele>
						<time>2025-09-07T17:41:23Z</time>
					</trkpt>
					<trkpt lat="50.319730" lon="4.875640">
						<ele>94</ele>
						<time>2025-09-07T17:42:19Z</time>
					</trkpt>
					<trkpt lat="50.319580" lon="4.875730">
						<ele>94</ele>
						<time>2025-09-07T17:42:40Z</time>
					</trkpt>
					<trkpt lat="50.318950" lon="4.875930">
						<ele>94</ele>
						<time>2025-09-07T17:44:06Z</time>
					</trkpt>
					<trkpt lat="50.318260" lon="4.876110">
						<ele>95</ele>
						<time>2025-09-07T17:45:39Z</time>
					</trkpt>
					<trkpt lat="50.317870" lon="4.876250">
						<ele>94</ele>
						<time>2025-09-07T17:46:33Z</time>
					</trkpt>
					<trkpt lat="50.316770" lon="4.876420">
						<ele>93</ele>
						<time>2025-09-07T17:49:00Z</time>
					</trkpt>
					<trkpt lat="50.316190" lon="4.876480">
						<ele>92</ele>
						<time>2025-09-07T17:50:18Z</time>
					</trkpt>
					<trkpt lat="50.315460" lon="4.876700">
						<ele>90</ele>
						<time>2025-09-07T17:51:57Z</time>
					</trkpt>
					<trkpt lat="50.314240" lon="4.877650">
						<ele>87</ele>
						<time>2025-09-07T17:54:59Z</time>
					</trkpt>
					<trkpt lat="50.313830" lon="4.878020">
						<ele>87</ele>
						<time>2025-09-07T17:56:02Z</time>
					</trkpt>
					<trkpt lat="50.313040" lon="4.878820">
						<ele>87</ele>
						<time>2025-09-07T17:58:08Z</time>
					</trkpt>
					<trkpt lat="50.312530" lon="4.879460">
						<ele>87</ele>
						<time>2025-09-07T17:59:35Z</time>
					</trkpt>
					<trkpt lat="50.311960" lon="4.880260">
						<ele>90</ele>
						<time>2025-09-07T18:01:17Z</time>
					</trkpt>
					<trkpt lat="50.309480" lon="4.884210">
						<ele>89</ele>
						<time>2025-09-07T18:09:09Z</time>
					</trkpt>
					<trkpt lat="50.309230" lon="4.884740">
						<ele>86</ele>
						<time>2025-09-07T18:10:05Z</time>
					</trkpt>
					<trkpt lat="50.308560" lon="4.886030">
						<ele>88</ele>
						<time>2025-09-07T18:12:27Z</time>
					</trkpt>
					<trkpt lat="50.306350" lon="4.889670">
						<ele>87</ele>
						<time>2025-09-07T18:19:35Z</time>
					</trkpt>
					<trkpt lat="50.305900" lon="4.890560">
						<ele>87</ele>
						<time>2025-09-07T18:21:12Z</time>
					</trkpt>
					<trkpt lat="50.305610" lon="4.891320">
						<ele>88</ele>
						<time>2025-09-07T18:22:27Z</time>
					</trkpt>
					<trkpt lat="50.304900" lon="4.892460">
						<ele>90</ele>
						<time>2025-09-07T18:24:43Z</time>
					</trkpt>
					<trkpt lat="50.304270" lon="4.893540">
						<ele>89</ele>
						<time>2025-09-07T18:26:48Z</time>
					</trkpt>
					<trkpt lat="50.303750" lon="4.894320">
						<ele>90</ele>
						<time>2025-09-07T18:28:24Z</time>
					</trkpt>
					<trkpt lat="50.303460" lon="4.894670">
						<ele>92</ele>
						<time>2025-09-07T18:29:13Z</time>
					</trkpt>
					<trkpt lat="50.302670" lon="4.895420">
						<ele>92</ele>
						<time>2025-09-07T18:31:16Z</time>
					</trkpt>
					<trkpt lat="50.302220" lon="4.895710">
						<ele>91</ele>
						<time>2025-09-07T18:32:21Z</time>
					</trkpt>
					<trkpt lat="50.302000" lon="4.895900">
						<ele>90</ele>
						<time>2025-09-07T18:32:54Z</time>
					</trkpt>
					<trkpt lat="50.301750" lon="4.896030">
						<ele>90</ele>
						<time>2025-09-07T18:33:29Z</time>
					</trkpt>
					<trkpt lat="50.301420" lon="4.896110">
						<ele>89</ele>
						<time>2025-09-07T18:34:14Z</time>
					</trkpt>
					<trkpt lat="50.301160" lon="4.896170">
						<ele>89</ele>
						<time>2025-09-07T18:34:49Z</time>
					</trkpt>
					<trkpt lat="50.300680" lon="4.896210">
						<ele>89</ele>
						<time>2025-09-07T18:35:53Z</time>
					</trkpt>
					<trkpt lat="50.299590" lon="4.896020">
						<ele>88</ele>
						<time>2025-09-07T18:38:20Z</time>
					</trkpt>
					<trkpt lat="50.298330" lon="4.895600">
						<ele>88</ele>
						<time>2025-09-07T18:41:12Z</time>
					</trkpt>
					<trkpt lat="50.297740" lon="4.895360">
						<ele>87</ele>
						<time>2025-09-07T18:42:33Z</time>
					</trkpt>
					<trkpt lat="50.297750" lon="4.895310">
						<ele>87</ele>
						<time>2025-09-07T18:42:37Z</time>
					</trkpt>
					<trkpt lat="50.297610" lon="4.895260">
						<ele>87</ele>
						<time>2025-09-07T18:42:56Z</time>
					</trkpt>
					<trkpt lat="50.296790" lon="4.895120">
						<ele>88</ele>
						<time>2025-09-07T18:44:47Z</time>
					</trkpt>
					<trkpt lat="50.296370" lon="4.894980">
						<ele>88</ele>
						<time>2025-09-07T18:45:44Z</time>
					</trkpt>
					<trkpt lat="50.295980" lon="4.894770">
						<ele>89</ele>
						<time>2025-09-07T18:46:39Z</time>
					</trkpt>
					<trkpt lat="50.295670" lon="4.894710">
						<ele>90</ele>
						<time>2025-09-07T18:47:21Z</time>
					</trkpt>
					<trkpt lat="50.294600" lon="4.894620">
						<ele>91</ele>
						<time>2025-09-07T18:49:44Z</time>
					</trkpt>
					<trkpt lat="50.293800" lon="4.894490">
						<ele>94</ele>
						<time>2025-09-07T18:51:31Z</time>
					</trkpt>
					<trkpt lat="50.292380" lon="4.894030">
						<ele>97</ele>
						<time>2025-09-07T18:54:44Z</time>
					</trkpt>
					<trkpt lat="50.292130" lon="4.893900">
						<ele>98</ele>
						<time>2025-09-07T18:55:20Z</time>
					</trkpt>
					<trkpt lat="50.291230" lon="4.893250">
						<ele>93</ele>
						<time>2025-09-07T18:57:32Z</time>
					</trkpt>
					<trkpt lat="50.290570" lon="4.892690">
						<ele>92</ele>
						<time>2025-09-07T18:59:12Z</time>
					</trkpt>
					<trkpt lat="50.290180" lon="4.892410">
						<ele>94</ele>
						<time>2025-09-07T19:00:09Z</time>
					</trkpt>
					<trkpt lat="50.288940" lon="4.891430">
						<ele>99</ele>
						<time>2025-09-07T19:03:15Z</time>
					</trkpt>
					<trkpt lat="50.288330" lon="4.891110">
						<ele>102</ele>
						<time>2025-09-07T19:04:41Z</time>
					</trkpt>
					<trkpt lat="50.287890" lon="4.890990">
						<ele>103</ele>
						<time>2025-09-07T19:05:40Z</time>
					</trkpt>
					<trkpt lat="50.287060" lon="4.890860">
						<ele>102</ele>
						<time>2025-09-07T19:07:31Z</time>
					</trkpt>
					<trkpt lat="50.286560" lon="4.890840">
						<ele>99</ele>
						<time>2025-09-07T19:08:38Z</time>
					</trkpt>
					<trkpt lat="50.285980" lon="4.890910">
						<ele>102</ele>
						<time>2025-09-07T19:09:56Z</time>
					</trkpt>
					<trkpt lat="50.283300" lon="4.891530">
						<ele>110</ele>
						<time>2025-09-07T19:15:57Z</time>
					</trkpt>
					<trkpt lat="50.282770" lon="4.891690">
						<ele>108</ele>
						<time>2025-09-07T19:17:09Z</time>
					</trkpt>
					<trkpt lat="50.281910" lon="4.892120">
						<ele>110</ele>
						<time>2025-09-07T19:19:10Z</time>
					</trkpt>
					<trkpt lat="50.281220" lon="4.892530">
						<ele>102</ele>
						<time>2025-09-07T19:20:48Z</time>
					</trkpt>
					<trkpt lat="50.279720" lon="4.893220">
						<ele>104</ele>
						<time>2025-09-07T19:24:17Z</time>
					</trkpt>
					<trkpt lat="50.278810" lon="4.893590">
						<ele>106</ele>
						<time>2025-09-07T19:26:22Z</time>
					</trkpt>
					<trkpt lat="50.278200" lon="4.893970">
						<ele>104</ele>
						<time>2025-09-07T19:27:50Z</time>
					</trkpt>
					<trkpt lat="50.277510" lon="4.894460">
						<ele>96</ele>
						<time>2025-09-07T19:29:31Z</time>
					</trkpt>
					<trkpt lat="50.277010" lon="4.894880">
						<ele>94</ele>
						<time>2025-09-07T19:30:47Z</time>
					</trkpt>
					<trkpt lat="50.275950" lon="4.896000">
						<ele>93</ele>
						<time>2025-09-07T19:33:38Z</time>
					</trkpt>
					<trkpt lat="50.274230" lon="4.898230">
						<ele>92</ele>
						<time>2025-09-07T19:38:36Z</time>
					</trkpt>
					<trkpt lat="50.273770" lon="4.898790">
						<ele>93</ele>
						<time>2025-09-07T19:39:53Z</time>
					</trkpt>
					<trkpt lat="50.272060" lon="4.900530">
						<ele>96</ele>
						<time>2025-09-07T19:44:26Z</time>
					</trkpt>
					<trkpt lat="50.271420" lon="4.901150">
						<ele>95</ele>
						<time>2025-09-07T19:46:06Z</time>
					</trkpt>
					<trkpt lat="50.270090" lon="4.902400">
						<ele>94</ele>
						<time>2025-09-07T19:49:33Z</time>
					</trkpt>
					<trkpt lat="50.269550" lon="4.902860">
						<ele>94</ele>
						<time>2025-09-07T19:50:55Z</time>
					</trkpt>
					<trkpt lat="50.268860" lon="4.903330">
						<ele>93</ele>
						<time>2025-09-07T19:52:36Z</time>
					</trkpt>
					<trkpt lat="50.268590" lon="4.903440">
						<ele>93</ele>
						<time>2025-09-07T19:53:13Z</time>
					</trkpt>
					<trkpt lat="50.267390" lon="4.904180">
						<ele>90</ele>
						<time>2025-09-07T19:56:05Z</time>
					</trkpt>
					<trkpt lat="50.267440" lon="4.904440">
						<ele>89</ele>
						<time>2025-09-07T19:56:28Z</time>
					</trkpt>
					<trkpt lat="50.267480" lon="4.904530">
						<ele>89</ele>
						<time>2025-09-07T19:56:37Z</time>
					</trkpt>
					<trkpt lat="50.267170" lon="4.904720">
						<ele>90</ele>
						<time>2025-09-07T19:57:22Z</time>
					</trkpt>
					<trkpt lat="50.267540" lon="4.906150">
						<ele>90</ele>
						<time>2025-09-07T19:59:34Z</time>
					</trkpt>
					<trkpt lat="50.267440" lon="4.906210">
						<ele>90</ele>
						<time>2025-09-07T19:59:48Z</time>
					</trkpt>
					<trkpt lat="50.267460" lon="4.906310">
						<ele>90</ele>
						<time>2025-09-07T19:59:57Z</time>
					</trkpt>
					<trkpt lat="50.266780" lon="4.906590">
						<ele>91</ele>
						<time>2025-09-07T20:01:31Z</time>
					</trkpt>
					<trkpt lat="50.264690" lon="4.907540">
						<ele>94</ele>
						<time>2025-09-07T20:06:21Z</time>
					</trkpt>
					<trkpt lat="50.264590" lon="4.907620">
						<ele>94</ele>
						<time>2025-09-07T20:06:36Z</time>
					</trkpt>
					<trkpt lat="50.263650" lon="4.908100">
						<ele>93</ele>
						<time>2025-09-07T20:08:48Z</time>
					</trkpt>
					<trkpt lat="50.262870" lon="4.908800">
						<ele>92</ele>
						<time>2025-09-07T20:10:48Z</time>
					</trkpt>
					<trkpt lat="50.262540" lon="4.909200">
						<ele>90</ele>
						<time>2025-09-07T20:11:44Z</time>
					</trkpt>
					<trkpt lat="50.261790" lon="4.910470">
						<ele>94</ele>
						<time>2025-09-07T20:14:11Z</time>
					</trkpt>
					<trkpt lat="50.261140" lon="4.911370">
						<ele>99</ele>
						<time>2025-09-07T20:16:07Z</time>
					</trkpt>
					<trkpt lat="50.260850" lon="4.911720">
						<ele>100</ele>
						<time>2025-09-07T20:16:56Z</time>
					</trkpt>
					<trkpt lat="50.260970" lon="4.911970">
						<ele>102</ele>
						<time>2025-09-07T20:17:23Z</time>
					</trkpt>
					<trkpt lat="50.260870" lon="4.912060">
						<ele>101</ele>
						<time>2025-09-07T20:17:38Z</time>
					</trkpt>
					<trkpt lat="50.260790" lon="4.912120">
						<ele>101</ele>
						<time>2025-09-07T20:17:50Z</time>
					</trkpt>
					<trkpt lat="50.260650" lon="4.912120">
						<ele>100</ele>
						<time>2025-09-07T20:18:08Z</time>
					</trkpt>
					<trkpt lat="50.260550" lon="4.912040">
						<ele>99</ele>
						<time>2025-09-07T20:18:23Z</time>
					</trkpt>
					<trkpt lat="50.260490" lon="4.911940">
						<ele>99</ele>
						<time>2025-09-07T20:18:35Z</time>
					</trkpt>
					<trkpt lat="50.260140" lon="4.910140">
						<ele>100</ele>
						<time>2025-09-07T20:21:16Z</time>
					</trkpt>
					<trkpt lat="50.260100" lon="4.909980">
						<ele>100</ele>
						<time>2025-09-07T20:21:30Z</time>
					</trkpt>
					<trkpt lat="50.260040" lon="4.909970">
						<ele>101</ele>
						<time>2025-09-07T20:21:38Z</time>
					</trkpt>
					<trkpt lat="50.260020" lon="4.909910">
						<ele>101</ele>
						<time>2025-09-07T20:21:44Z</time>
					</trkpt>
					<trkpt lat="50.259940" lon="4.909930">
						<ele>101</ele>
						<time>2025-09-07T20:21:55Z</time>
					</trkpt>
					<trkpt lat="50.259370" lon="4.910440">
						<ele>100</ele>
						<time>2025-09-07T20:23:23Z</time>
					</trkpt>
					<trkpt lat="50.259260" lon="4.910500">
						<ele>100</ele>
						<time>2025-09-07T20:23:38Z</time>
					</trkpt>
					<trkpt lat="50.259080" lon="4.910520">
						<ele>100</ele>
						<time>2025-09-07T20:24:02Z</time>
					</trkpt>
					<trkpt lat="50.258880" lon="4.910460">
						<ele>101</ele>
						<time>2025-09-07T20:24:29Z</time>
					</trkpt>
					<trkpt lat="50.258750" lon="4.910380">
						<ele>103</ele>
						<time>2025-09-07T20:24:48Z</time>
					</trkpt>
					<trkpt lat="50.258590" lon="4.910200">
						<ele>105</ele>
						<time>2025-09-07T20:25:14Z</time>
					</trkpt>
					<trkpt lat="50.258300" lon="4.910480">
						<ele>105</ele>
						<time>2025-09-07T20:26:00Z</time>
					</trkpt>
					<trkpt lat="50.257320" lon="4.910950">
						<ele>116</ele>
						<time>2025-09-07T20:28:17Z</time>
					</trkpt>
					<trkpt lat="50.257270" lon="4.910970">
						<ele>116</ele>
						<time>2025-09-07T20:28:23Z</time>
					</trkpt>
					<trkpt lat="50.257220" lon="4.910950">
						<ele>117</ele>
						<time>2025-09-07T20:28:30Z</time>
					</trkpt>
					<trkpt lat="50.257150" lon="4.910870">
						<ele>120</ele>
						<time>2025-09-07T20:28:42Z</time>
					</trkpt>
					<trkpt lat="50.257080" lon="4.910530">
						<ele>126</ele>
						<time>2025-09-07T20:29:12Z</time>
					</trkpt>
					<trkpt lat="50.257030" lon="4.910430">
						<ele>127</ele>
						<time>2025-09-07T20:29:23Z</time>
					</trkpt>
					<trkpt lat="50.256850" lon="4.910180">
						<ele>132</ele>
						<time>2025-09-07T20:29:55Z</time>
					</trkpt>
					<trkpt lat="50.256530" lon="4.909880">
						<ele>139</ele>
						<time>2025-09-07T20:30:45Z</time>
					</trkpt>
					<trkpt lat="50.256500" lon="4.909800">
						<ele>140</ele>
						<time>2025-09-07T20:30:53Z</time>
					</trkpt>
					<trkpt lat="50.256590" lon="4.909670">
						<ele>142</ele>
						<time>2025-09-07T20:31:09Z</time>
					</trkpt>
					<trkpt lat="50.256920" lon="4.909320">
						<ele>142</ele>
						<time>2025-09-07T20:32:03Z</time>
					</trkpt>
					<trkpt lat="50.257040" lon="4.908990">
						<ele>141</ele>
						<time>2025-09-07T20:32:35Z</time>
					</trkpt>
					<trkpt lat="50.257060" lon="4.908780">
						<ele>142</ele>
						<time>2025-09-07T20:32:53Z</time>
					</trkpt>
					<trkpt lat="50.256980" lon="4.908600">
						<ele>145</ele>
						<time>2025-09-07T20:33:12Z</time>
					</trkpt>
					<trkpt lat="50.256440" lon="4.907840">
						<ele>159</ele>
						<time>2025-09-07T20:34:49Z</time>
					</trkpt>
					<trkpt lat="50.256190" lon="4.907440">
						<ele>164</ele>
						<time>2025-09-07T20:35:36Z</time>
					</trkpt>
					<trkpt lat="50.255550" lon="4.907300">
						<ele>177</ele>
						<time>2025-09-07T20:37:03Z</time>
					</trkpt>
					<trkpt lat="50.255090" lon="4.907070">
						<ele>180</ele>
						<time>2025-09-07T20:38:07Z</time>
					</trkpt>
					<trkpt lat="50.254230" lon="4.906370">
						<ele>183</ele>
						<time>2025-09-07T20:40:17Z</time>
					</trkpt>
					<trkpt lat="50.253600" lon="4.905800">
						<ele>186</ele>
						<time>2025-09-07T20:41:54Z</time>
					</trkpt>
					<trkpt lat="50.252650" lon="4.905110">
						<ele>190</ele>
						<time>2025-09-07T20:44:13Z</time>
					</trkpt>
					<trkpt lat="50.251850" lon="4.904570">
						<ele>193</ele>
						<time>2025-09-07T20:46:10Z</time>
					</trkpt>
					<trkpt lat="50.249970" lon="4.902840">
						<ele>198</ele>
						<time>2025-09-07T20:51:01Z</time>
					</trkpt>
					<trkpt lat="50.249460" lon="4.902280">
						<ele>198</ele>
						<time>2025-09-07T20:52:24Z</time>
					</trkpt>
					<trkpt lat="50.248700" lon="4.901430">
						<ele>199</ele>
						<time>2025-09-07T20:54:29Z</time>
					</trkpt>
					<trkpt lat="50.247750" lon="4.900270">
						<ele>203</ele>
						<time>2025-09-07T20:57:10Z</time>
					</trkpt>
					<trkpt lat="50.247330" lon="4.899620">
						<ele>204</ele>
						<time>2025-09-07T20:58:28Z</time>
					</trkpt>
					<trkpt lat="50.247180" lon="4.899290">
						<ele>205</ele>
						<time>2025-09-07T20:59:03Z</time>
					</trkpt>
					<trkpt lat="50.247010" lon="4.899030">
						<ele>204</ele>
						<time>2025-09-07T20:59:35Z</time>
					</trkpt>
					<trkpt lat="50.246720" lon="4.898790">
						<ele>204</ele>
						<time>2025-09-07T21:00:18Z</time>
					</trkpt>
					<trkpt lat="50.246580" lon="4.898710">
						<ele>204</ele>
						<time>2025-09-07T21:00:38Z</time>
					</trkpt>
					<trkpt lat="50.246620" lon="4.898400">
						<ele>205</ele>
						<time>2025-09-07T21:01:05Z</time>
					</trkpt>
					<trkpt lat="50.246590" lon="4.898070">
						<ele>205</ele>
						<time>2025-09-07T21:01:34Z</time>
					</trkpt>
					<trkpt lat="50.245730" lon="4.893880">
						<ele>205</ele>
						<time>2025-09-07T21:07:49Z</time>
					</trkpt>
					<trkpt lat="50.245680" lon="4.893550">
						<ele>205</ele>
						<time>2025-09-07T21:08:18Z</time>
					</trkpt>
					<trkpt lat="50.245600" lon="4.893300">
						<ele>205</ele>
						<time>2025-09-07T21:08:42Z</time>
					</trkpt>
					<trkpt lat="50.245110" lon="4.890980">
						<ele>201</ele>
						<time>2025-09-07T21:12:11Z</time>
					</trkpt>
					<trkpt lat="50.244830" lon="4.889450">
						<ele>198</ele>
						<time>2025-09-07T21:14:26Z</time>
					</trkpt>
					<trkpt lat="50.244750" lon="4.889220">
						<ele>198</ele>
						<time>2025-09-07T21:14:49Z</time>
					</trkpt>
					<trkpt lat="50.244610" lon="4.888580">
						<ele>200</ele>
						<time>2025-09-07T21:15:46Z</time>
					</trkpt>
					<trkpt lat="50.244430" lon="4.888020">
						<ele>201</ele>
						<time>2025-09-07T21:16:40Z</time>
					</trkpt>
					<trkpt lat="50.244330" lon="4.887590">
						<ele>201</ele>
						<time>2025-09-07T21:17:19Z</time>
					</trkpt>
					<trkpt lat="50.244100" lon="4.885640">
						<ele>204</ele>
						<time>2025-09-07T21:20:08Z</time>
					</trkpt>
					<trkpt lat="50.243980" lon="4.885410">
						<ele>204</ele>
						<time>2025-09-07T21:20:34Z</time>
					</trkpt>
					<trkpt lat="50.243910" lon="4.885470">
						<ele>203</ele>
						<time>2025-09-07T21:20:44Z</time>
					</trkpt>
					<trkpt lat="50.243480" lon="4.885590">
						<ele>198</ele>
						<time>2025-09-07T21:21:42Z</time>
					</trkpt>
					<trkpt lat="50.243360" lon="4.885570">
						<ele>197</ele>
						<time>2025-09-07T21:21:59Z</time>
					</trkpt>
					<trkpt lat="50.243290" lon="4.885370">
						<ele>198</ele>
						<time>2025-09-07T21:22:18Z</time>
					</trkpt>
					<trkpt lat="50.243140" lon="4.884420">
						<ele>203</ele>
						<time>2025-09-07T21:23:42Z</time>
					</trkpt>
					<trkpt lat="50.243140" lon="4.884000">
						<ele>206</ele>
						<time>2025-09-07T21:24:17Z</time>
					</trkpt>
					<trkpt lat="50.243190" lon="4.883470">
						<ele>209</ele>
						<time>2025-09-07T21:25:03Z</time>
					</trkpt>
					<trkpt lat="50.243080" lon="4.882320">
						<ele>217</ele>
						<time>2025-09-07T21:26:42Z</time>
					</trkpt>
					<trkpt lat="50.242970" lon="4.881840">
						<ele>220</ele>
						<time>2025-09-07T21:27:26Z</time>
					</trkpt>
					<trkpt lat="50.242560" lon="4.881210">
						<ele>222</ele>
						<time>2025-09-07T21:28:43Z</time>
					</trkpt>
					<trkpt lat="50.242070" lon="4.880330">
						<ele>231</ele>
						<time>2025-09-07T21:30:22Z</time>
					</trkpt>
					<trkpt lat="50.241380" lon="4.879740">
						<ele>242</ele>
						<time>2025-09-07T21:32:07Z</time>
					</trkpt>
					<trkpt lat="50.240370" lon="4.878810">
						<ele>248</ele>
						<time>2025-09-07T21:34:44Z</time>
					</trkpt>
					<trkpt lat="50.239540" lon="4.877920">
						<ele>242</ele>
						<time>2025-09-07T21:36:58Z</time>
					</trkpt>
					<trkpt lat="50.238690" lon="4.876880">
						<ele>234</ele>
						<time>2025-09-07T21:39:22Z</time>
					</trkpt>
					<trkpt lat="50.237490" lon="4.875220">
						<ele>225</ele>
						<time>2025-09-07T21:42:56Z</time>
					</trkpt>
					<trkpt lat="50.237180" lon="4.874250">
						<ele>222</ele>
						<time>2025-09-07T21:44:28Z</time>
					</trkpt>
					<trkpt lat="50.236880" lon="4.872970">
						<ele>217</ele>
						<time>2025-09-07T21:46:25Z</time>
					</trkpt>
					<trkpt lat="50.236700" lon="4.872070">
						<ele>209</ele>
						<time>2025-09-07T21:47:45Z</time>
					</trkpt>
					<trkpt lat="50.236540" lon="4.871110">
						<ele>204</ele>
						<time>2025-09-07T21:49:10Z</time>
					</trkpt>
					<trkpt lat="50.236140" lon="4.869900">
						<ele>203</ele>
						<time>2025-09-07T21:51:06Z</time>
					</trkpt>
					<trkpt lat="50.235820" lon="4.869370">
						<ele>202</ele>
						<time>2025-09-07T21:52:08Z</time>
					</trkpt>
					<trkpt lat="50.235720" lon="4.869050">
						<ele>202</ele>
						<time>2025-09-07T21:52:39Z</time>
					</trkpt>
					<trkpt lat="50.235490" lon="4.868530">
						<ele>205</ele>
						<time>2025-09-07T21:53:33Z</time>
					</trkpt>
					<trkpt lat="50.235370" lon="4.868340">
						<ele>206</ele>
						<time>2025-09-07T21:53:55Z</time>
					</trkpt>
					<trkpt lat="50.235230" lon="4.868220">
						<ele>207</ele>
						<time>2025-09-07T21:54:17Z</time>
					</trkpt>
					<trkpt lat="50.235170" lon="4.868130">
						<ele>207</ele>
						<time>2025-09-07T21:54:28Z</time>
					</trkpt>
					<trkpt lat="50.235040" lon="4.867790">
						<ele>210</ele>
						<time>2025-09-07T21:55:02Z</time>
					</trkpt>
					<trkpt lat="50.233780" lon="4.865560">
						<ele>217</ele>
						<time>2025-09-07T21:59:16Z</time>
					</trkpt>
					<trkpt lat="50.233700" lon="4.865350">
						<ele>218</ele>
						<time>2025-09-07T21:59:36Z</time>
					</trkpt>
					<trkpt lat="50.233590" lon="4.864950">
						<ele>219</ele>
						<time>2025-09-07T22:00:14Z</time>
					</trkpt>
					<trkpt lat="50.233540" lon="4.863880">
						<ele>224</ele>
						<time>2025-09-07T22:01:45Z</time>
					</trkpt>
					<trkpt lat="50.233590" lon="4.863310">
						<ele>225</ele>
						<time>2025-09-07T22:02:34Z</time>
					</trkpt>
					<trkpt lat="50.233730" lon="4.862740">
						<ele>228</ele>
						<time>2025-09-07T22:03:26Z</time>
					</trkpt>
					<trkpt lat="50.233710" lon="4.862290">
						<ele>228</ele>
						<time>2025-09-07T22:04:05Z</time>
					</trkpt>
					<trkpt lat="50.233410" lon="4.860900">
						<ele>222</ele>
						<time>2025-09-07T22:06:10Z</time>
					</trkpt>
					<trkpt lat="50.233230" lon="4.860500">
						<ele>219</ele>
						<time>2025-09-07T22:06:52Z</time>
					</trkpt>
					<trkpt lat="50.232620" lon="4.859510">
						<ele>217</ele>
						<time>2025-09-07T22:08:49Z</time>
					</trkpt>
					<trkpt lat="50.231400" lon="4.857260">
						<ele>212</ele>
						<time>2025-09-07T22:13:01Z</time>
					</trkpt>
					<trkpt lat="50.230510" lon="4.855720">
						<ele>213</ele>
						<time>2025-09-07T22:15:58Z</time>
					</trkpt>
					<trkpt lat="50.230110" lon="4.854820">
						<ele>215</ele>
						<time>2025-09-07T22:17:32Z</time>
					</trkpt>
					<trkpt lat="50.229350" lon="4.853510">
						<ele>218</ele>
						<time>2025-09-07T22:20:03Z</time>
					</trkpt>
					<trkpt lat="50.228250" lon="4.851720">
						<ele>221</ele>
						<time>2025-09-07T22:23:35Z</time>
					</trkpt>
					<trkpt lat="50.227620" lon="4.850570">
						<ele>222</ele>
						<time>2025-09-07T22:25:44Z</time>
					</trkpt>
					<trkpt lat="50.226830" lon="4.848610">
						<ele>222</ele>
						<time>2025-09-07T22:29:02Z</time>
					</trkpt>
					<trkpt lat="50.225950" lon="4.846070">
						<ele>218</ele>
						<time>2025-09-07T22:33:08Z</time>
					</trkpt>
					<trkpt lat="50.222660" lon="4.837390">
						<ele>207</ele>
						<time>2025-09-07T22:47:30Z</time>
					</trkpt>
					<trkpt lat="50.221360" lon="4.833210">
						<ele>204</ele>
						<time>2025-09-07T22:54:06Z</time>
					</trkpt>
					<trkpt lat="50.221130" lon="4.832780">
						<ele>201</ele>
						<time>2025-09-07T22:54:54Z</time>
					</trkpt>
					<trkpt lat="50.220760" lon="4.832220">
						<ele>197</ele>
						<time>2025-09-07T22:56:03Z</time>
					</trkpt>
					<trkpt lat="50.220660" lon="4.831970">
						<ele>196</ele>
						<time>2025-09-07T22:56:28Z</time>
					</trkpt>
					<trkpt lat="50.220530" lon="4.831500">
						<ele>193</ele>
						<time>2025-09-07T22:57:12Z</time>
					</trkpt>
					<trkpt lat="50.220390" lon="4.831330">
						<ele>191</ele>
						<time>2025-09-07T22:57:36Z</time>
					</trkpt>
					<trkpt lat="50.219550" lon="4.831010">
						<ele>180</ele>
						<time>2025-09-07T22:59:31Z</time>
					</trkpt>
					<trkpt lat="50.219960" lon="4.828980">
						<ele>175</ele>
						<time>2025-09-07T23:02:33Z</time>
					</trkpt>
					<trkpt lat="50.219910" lon="4.827520">
						<ele>168</ele>
						<time>2025-09-07T23:04:38Z</time>
					</trkpt>
					<trkpt lat="50.219720" lon="4.826360">
						<ele>165</ele>
						<time>2025-09-07T23:06:20Z</time>
					</trkpt>
					<trkpt lat="50.219700" lon="4.825910">
						<ele>161</ele>
						<time>2025-09-07T23:06:58Z</time>
					</trkpt>
					<trkpt lat="50.219730" lon="4.825570">
						<ele>155</ele>
						<time>2025-09-07T23:07:28Z</time>
					</trkpt>
					<trkpt lat="50.219800" lon="4.825340">
						<ele>151</ele>
						<time>2025-09-07T23:07:49Z</time>
					</trkpt>
					<trkpt lat="50.219910" lon="4.824800">
						<ele>141</ele>
						<time>2025-09-07T23:08:38Z</time>
					</trkpt>
					<trkpt lat="50.220020" lon="4.824690">
						<ele>140</ele>
						<time>2025-09-07T23:08:55Z</time>
					</trkpt>
					<trkpt lat="50.220400" lon="4.824610">
						<ele>140</ele>
						<time>2025-09-07T23:09:46Z</time>
					</trkpt>
					<trkpt lat="50.220930" lon="4.824350">
						<ele>134</ele>
						<time>2025-09-07T23:11:00Z</time>
					</trkpt>
					<trkpt lat="50.221220" lon="4.824060">
						<ele>132</ele>
						<time>2025-09-07T23:11:46Z</time>
					</trkpt>
					<trkpt lat="50.221470" lon="4.823640">
						<ele>127</ele>
						<time>2025-09-07T23:12:35Z</time>
					</trkpt>
					<trkpt lat="50.221120" lon="4.823890">
						<ele>128</ele>
						<time>2025-09-07T23:13:27Z</time>
					</trkpt>
					<trkpt lat="50.220710" lon="4.824080">
						<ele>126</ele>
						<time>2025-09-07T23:14:24Z</time>
					</trkpt>
					<trkpt lat="50.220270" lon="4.823960">
						<ele>125</ele>
						<time>2025-09-07T23:15:23Z</time>
					</trkpt>
					<trkpt lat="50.219950" lon="4.823720">
						<ele>121</ele>
						<time>2025-09-07T23:16:11Z</time>
					</trkpt>
					<trkpt lat="50.219700" lon="4.823680">
						<ele>120</ele>
						<time>2025-09-07T23:16:44Z</time>
					</trkpt>
					<trkpt lat="50.219290" lon="4.823740">
						<ele>118</ele>
						<time>2025-09-07T23:17:39Z</time>
					</trkpt>
					<trkpt lat="50.219150" lon="4.823840">
						<ele>118</ele>
						<time>2025-09-07T23:18:00Z</time>
					</trkpt>
					<trkpt lat="50.218420" lon="4.824530">
						<ele>116</ele>
						<time>2025-09-07T23:19:54Z</time>
					</trkpt>
					<trkpt lat="50.218260" lon="4.824650">
						<ele>116</ele>
						<time>2025-09-07T23:20:17Z</time>
					</trkpt>
					<trkpt lat="50.218100" lon="4.824720">
						<ele>116</ele>
						<time>2025-09-07T23:20:39Z</time>
					</trkpt>
					<trkpt lat="50.217310" lon="4.824860">
						<ele>112</ele>
						<time>2025-09-07T23:22:26Z</time>
					</trkpt>
					<trkpt lat="50.217130" lon="4.824960">
						<ele>109</ele>
						<time>2025-09-07T23:22:51Z</time>
					</trkpt>
					<trkpt lat="50.217040" lon="4.824820">
						<ele>108</ele>
						<time>2025-09-07T23:23:08Z</time>
					</trkpt>
					<trkpt lat="50.216570" lon="4.824760">
						<ele>103</ele>
						<time>2025-09-07T23:24:11Z</time>
					</trkpt>
					<trkpt lat="50.216460" lon="4.824780">
						<ele>102</ele>
						<time>2025-09-07T23:24:26Z</time>
					</trkpt>
					<trkpt lat="50.216420" lon="4.824710">
						<ele>102</ele>
						<time>2025-09-07T23:24:34Z</time>
					</trkpt>
					<trkpt lat="50.216360" lon="4.824730">
						<ele>102</ele>
						<time>2025-09-07T23:24:42Z</time>
					</trkpt>
					<trkpt lat="50.216210" lon="4.824540">
						<ele>101</ele>
						<time>2025-09-07T23:25:08Z</time>
					</trkpt>
					<trkpt lat="50.215850" lon="4.823660">
						<ele>104</ele>
						<time>2025-09-07T23:26:37Z</time>
					</trkpt>
					<trkpt lat="50.215190" lon="4.822330">
						<ele>110</ele>
						<time>2025-09-07T23:29:01Z</time>
					</trkpt>
					<trkpt lat="50.214500" lon="4.821470">
						<ele>112</ele>
						<time>2025-09-07T23:30:58Z</time>
					</trkpt>
					<trkpt lat="50.214290" lon="4.821250">
						<ele>111</ele>
						<time>2025-09-07T23:31:32Z</time>
					</trkpt>
					<trkpt lat="50.212400" lon="4.819740">
						<ele>113</ele>
						<time>2025-09-07T23:36:15Z</time>
					</trkpt>
					<trkpt lat="50.211280" lon="4.818930">
						<ele>113</ele>
						<time>2025-09-07T23:39:00Z</time>
					</trkpt>
					<trkpt lat="50.210520" lon="4.818280">
						<ele>116</ele>
						<time>2025-09-07T23:40:56Z</time>
					</trkpt>
					<trkpt lat="50.209750" lon="4.817750">
						<ele>124</ele>
						<time>2025-09-07T23:42:48Z</time>
					</trkpt>
					<trkpt lat="50.209410" lon="4.817550">
						<ele>122</ele>
						<time>2025-09-07T23:43:36Z</time>
					</trkpt>
					<trkpt lat="50.208400" lon="4.820480">
						<ele>100</ele>
						<time>2025-09-07T23:48:21Z</time>
					</trkpt>
					<trkpt lat="50.206790" lon="4.819590">
						<ele>100</ele>
						<time>2025-09-07T23:52:09Z</time>
					</trkpt>
					<trkpt lat="50.206070" lon="4.819230">
						<ele>98</ele>
						<time>2025-09-07T23:53:49Z</time>
					</trkpt>
					<trkpt lat="50.205140" lon="4.818880">
						<ele>98</ele>
						<time>2025-09-07T23:55:57Z</time>
					</trkpt>
					<trkpt lat="50.203460" lon="4.818450">
						<ele>97</ele>
						<time>2025-09-07T23:59:44Z</time>
					</trkpt>
					<trkpt lat="50.203230" lon="4.818410">
						<ele>97</ele>
						<time>2025-09-08T00:00:15Z</time>
					</trkpt>
					<trkpt lat="50.202590" lon="4.818370">
						<ele>98</ele>
						<time>2025-09-08T00:01:41Z</time>
					</trkpt>
					<trkpt lat="50.200740" lon="4.818350">
						<ele>95</ele>
						<time>2025-09-08T00:05:48Z</time>
					</trkpt>
					<trkpt lat="50.199600" lon="4.818520">
						<ele>96</ele>
						<time>2025-09-08T00:08:20Z</time>
					</trkpt>
					<trkpt lat="50.198670" lon="4.818800">
						<ele>97</ele>
						<time>2025-09-08T00:10:27Z</time>
					</trkpt>
					<trkpt lat="50.198150" lon="4.819150">
						<ele>98</ele>
						<time>2025-09-08T00:11:42Z</time>
					</trkpt>
					<trkpt lat="50.198030" lon="4.819020">
						<ele>99</ele>
						<time>2025-09-08T00:12:02Z</time>
					</trkpt>
					<trkpt lat="50.197890" lon="4.818770">
						<ele>99</ele>
						<time>2025-09-08T00:12:30Z</time>
					</trkpt>
					<trkpt lat="50.197590" lon="4.818000">
						<ele>102</ele>
						<time>2025-09-08T00:13:47Z</time>
					</trkpt>
					<trkpt lat="50.197450" lon="4.817880">
						<ele>103</ele>
						<time>2025-09-08T00:14:08Z</time>
					</trkpt>
					<trkpt lat="50.197120" lon="4.818170">
						<ele>104</ele>
						<time>2025-09-08T00:14:59Z</time>
					</trkpt>
					<trkpt lat="50.197000" lon="4.818160">
						<ele>104</ele>
						<time>2025-09-08T00:15:15Z</time>
					</trkpt>
					<trkpt lat="50.197050" lon="4.817860">
						<ele>105</ele>
						<time>2025-09-08T00:15:42Z</time>
					</trkpt>
					<trkpt lat="50.196740" lon="4.817920">
						<ele>107</ele>
						<time>2025-09-08T00:16:23Z</time>
					</trkpt>
					<trkpt lat="50.196650" lon="4.818030">
						<ele>107</ele>
						<time>2025-09-08T00:16:38Z</time>
					</trkpt>
					<trkpt lat="50.195650" lon="4.818770">
						<ele>108</ele>
						<time>2025-09-08T00:19:06Z</time>
					</trkpt>
					<trkpt lat="50.193850" lon="4.820070">
						<ele>109</ele>
						<time>2025-09-08T00:23:31Z</time>
					</trkpt>
					<trkpt lat="50.192880" lon="4.820720">
						<ele>106</ele>
						<time>2025-09-08T00:25:52Z</time>
					</trkpt>
					<trkpt lat="50.191600" lon="4.821690">
						<ele>106</ele>
						<time>2025-09-08T00:29:01Z</time>
					</trkpt>
					<trkpt lat="50.190370" lon="4.822560">
						<ele>105</ele>
						<time>2025-09-08T00:32:02Z</time>
					</trkpt>
					<trkpt lat="50.189410" lon="4.823030">
						<ele>105</ele>
						<time>2025-09-08T00:34:16Z</time>
					</trkpt>
					<trkpt lat="50.188910" lon="4.823220">
						<ele>103</ele>
						<time>2025-09-08T00:35:25Z</time>
					</trkpt>
					<trkpt lat="50.188590" lon="4.823290">
						<ele>103</ele>
						<time>2025-09-08T00:36:08Z</time>
					</trkpt>
					<trkpt lat="50.187120" lon="4.823430">
						<ele>104</ele>
						<time>2025-09-08T00:39:24Z</time>
					</trkpt>
					<trkpt lat="50.186370" lon="4.823350">
						<ele>108</ele>
						<time>2025-09-08T00:41:05Z</time>
					</trkpt>
					<trkpt lat="50.185710" lon="4.823230">
						<ele>109</ele>
						<time>2025-09-08T00:42:33Z</time>
					</trkpt>
					<trkpt lat="50.185410" lon="4.823090">
						<ele>109</ele>
						<time>2025-09-08T00:43:15Z</time>
					</trkpt>
					<trkpt lat="50.185100" lon="4.823000">
						<ele>108</ele>
						<time>2025-09-08T00:43:57Z</time>
					</trkpt>
					<trkpt lat="50.185080" lon="4.823110">
						<ele>108</ele>
						<time>2025-09-08T00:44:07Z</time>
					</trkpt>
					<trkpt lat="50.184160" lon="4.822830">
						<ele>110</ele>
						<time>2025-09-08T00:46:12Z</time>
					</trkpt>
					<trkpt lat="50.180180" lon="4.821000">
						<ele>119</ele>
						<time>2025-09-08T00:55:26Z</time>
					</trkpt>
					<trkpt lat="50.179270" lon="4.820790">
						<ele>117</ele>
						<time>2025-09-08T00:57:28Z</time>
					</trkpt>
					<trkpt lat="50.178330" lon="4.820720">
						<ele>117</ele>
						<time>2025-09-08T00:59:34Z</time>
					</trkpt>
					<trkpt lat="50.177710" lon="4.820700">
						<ele>122</ele>
						<time>2025-09-08T01:00:57Z</time>
					</trkpt>
					<trkpt lat="50.176670" lon="4.820820">
						<ele>125</ele>
						<time>2025-09-08T01:03:16Z</time>
					</trkpt>
					<trkpt lat="50.175660" lon="4.820970">
						<ele>127</ele>
						<time>2025-09-08T01:05:31Z</time>
					</trkpt>
					<trkpt lat="50.172630" lon="4.821530">
						<ele>128</ele>
						<time>2025-09-08T01:12:18Z</time>
					</trkpt>
					<trkpt lat="50.170890" lon="4.821450">
						<ele>124</ele>
						<time>2025-09-08T01:16:11Z</time>
					</trkpt>
					<trkpt lat="50.169740" lon="4.821120">
						<ele>124</ele>
						<time>2025-09-08T01:18:47Z</time>
					</trkpt>
					<trkpt lat="50.168990" lon="4.820770">
						<ele>125</ele>
						<time>2025-09-08T01:20:31Z</time>
					</trkpt>
					<trkpt lat="50.168710" lon="4.820790">
						<ele>125</ele>
						<time>2025-09-08T01:21:09Z</time>
					</trkpt>
					<trkpt lat="50.168210" lon="4.820680">
						<ele>124</ele>
						<time>2025-09-08T01:22:16Z</time>
					</trkpt>
					<trkpt lat="50.167170" lon="4.820350">
						<ele>125</ele>
						<time>2025-09-08T01:24:38Z</time>
					</trkpt>
					<trkpt lat="50.165690" lon="4.819440">
						<ele>130</ele>
						<time>2025-09-08T01:28:10Z</time>
					</trkpt>
					<trkpt lat="50.165050" lon="4.818920">
						<ele>131</ele>
						<time>2025-09-08T01:29:46Z</time>
					</trkpt>
					<trkpt lat="50.164130" lon="4.818020">
						<ele>132</ele>
						<time>2025-09-08T01:32:11Z</time>
					</trkpt>
					<trkpt lat="50.162190" lon="4.815990">
						<ele>133</ele>
						<time>2025-09-08T01:37:23Z</time>
					</trkpt>
					<trkpt lat="50.161850" lon="4.815530">
						<ele>132</ele>
						<time>2025-09-08T01:38:23Z</time>
					</trkpt>
					<trkpt lat="50.161300" lon="4.814580">
						<ele>131</ele>
						<time>2025-09-08T01:40:12Z</time>
					</trkpt>
					<trkpt lat="50.160680" lon="4.813230">
						<ele>129</ele>
						<time>2025-09-08T01:42:34Z</time>
					</trkpt>
					<trkpt lat="50.160350" lon="4.812150">
						<ele>129</ele>
						<time>2025-09-08T01:44:16Z</time>
					</trkpt>
					<trkpt lat="50.160030" lon="4.810700">
						<ele>132</ele>
						<time>2025-09-08T01:46:28Z</time>
					</trkpt>
					<trkpt lat="50.159890" lon="4.809570">
						<ele>133</ele>
						<time>2025-09-08T01:48:06Z</time>
					</trkpt>
					<trkpt lat="50.159840" lon="4.808170">
						<ele>135</ele>
						<time>2025-09-08T01:50:06Z</time>
					</trkpt>
					<trkpt lat="50.159900" lon="4.801900">
						<ele>137</ele>
						<time>2025-09-08T01:59:02Z</time>
					</trkpt>
					<trkpt lat="50.159730" lon="4.800350">
						<ele>137</ele>
						<time>2025-09-08T02:01:16Z</time>
					</trkpt>
					<trkpt lat="50.159290" lon="4.798690">
						<ele>135</ele>
						<time>2025-09-08T02:03:50Z</time>
					</trkpt>
					<trkpt lat="50.158760" lon="4.797390">
						<ele>133</ele>
						<time>2025-09-08T02:06:02Z</time>
					</trkpt>
					<trkpt lat="50.158400" lon="4.796680">
						<ele>135</ele>
						<time>2025-09-08T02:07:19Z</time>
					</trkpt>
					<trkpt lat="50.150840" lon="4.782150">
						<ele>150</ele>
						<time>2025-09-08T02:34:00Z</time>
					</trkpt>
					<trkpt lat="50.149770" lon="4.780120">
						<ele>153</ele>
						<time>2025-09-08T02:37:44Z</time>
					</trkpt>
					<trkpt lat="50.148600" lon="4.777970">
						<ele>153</ele>
						<time>2025-09-08T02:41:45Z</time>
					</trkpt>
					<trkpt lat="50.147020" lon="4.774710">
						<ele>158</ele>
						<time>2025-09-08T02:47:35Z</time>
					</trkpt>
					<trkpt lat="50.146260" lon="4.772320">
						<ele>163</ele>
						<time>2025-09-08T02:51:23Z</time>
					</trkpt>
					<trkpt lat="50.145980" lon="4.770550">
						<ele>165</ele>
						<time>2025-09-08T02:53:59Z</time>
					</trkpt>
					<trkpt lat="50.145830" lon="4.768670">
						<ele>169</ele>
						<time>2025-09-08T02:56:41Z</time>
					</trkpt>
					<trkpt lat="50.145820" lon="4.767380">
						<ele>171</ele>
						<time>2025-09-08T02:58:31Z</time>
					</trkpt>
					<trkpt lat="50.145890" lon="4.764550">
						<ele>173</ele>
						<time>2025-09-08T03:02:34Z</time>
					</trkpt>
					<trkpt lat="50.145880" lon="4.762950">
						<ele>172</ele>
						<time>2025-09-08T03:04:50Z</time>
					</trkpt>
					<trkpt lat="50.145780" lon="4.762040">
						<ele>171</ele>
						<time>2025-09-08T03:06:09Z</time>
					</trkpt>
					<trkpt lat="50.145450" lon="4.760040">
						<ele>170</ele>
						<time>2025-09-08T03:09:06Z</time>
					</trkpt>
					<trkpt lat="50.145410" lon="4.759340">
						<ele>168</ele>
						<time>2025-09-08T03:10:06Z</time>
					</trkpt>
					<trkpt lat="50.145490" lon="4.756750">
						<ele>168</ele>
						<time>2025-09-08T03:13:48Z</time>
					</trkpt>
					<trkpt lat="50.145210" lon="4.756550">
						<ele>169</ele>
						<time>2025-09-08T03:14:29Z</time>
					</trkpt>
					<trkpt lat="50.142660" lon="4.754930">
						<ele>168</ele>
						<time>2025-09-08T03:20:36Z</time>
					</trkpt>
					<trkpt lat="50.142370" lon="4.754790">
						<ele>168</ele>
						<time>2025-09-08T03:21:17Z</time>
					</trkpt>
					<trkpt lat="50.140220" lon="4.754170">
						<ele>166</ele>
						<time>2025-09-08T03:26:09Z</time>
					</trkpt>
					<trkpt lat="50.140070" lon="4.754100">
						<ele>166</ele>
						<time>2025-09-08T03:26:30Z</time>
					</trkpt>
					<trkpt lat="50.139870" lon="4.753940">
						<ele>167</ele>
						<time>2025-09-08T03:27:00Z</time>
					</trkpt>
					<trkpt lat="50.139360" lon="4.753430">
						<ele>169</ele>
						<time>2025-09-08T03:28:20Z</time>
					</trkpt>
					<trkpt lat="50.139180" lon="4.753180">
						<ele>170</ele>
						<time>2025-09-08T03:28:53Z</time>
					</trkpt>
					<trkpt lat="50.138980" lon="4.752750">
						<ele>171</ele>
						<time>2025-09-08T03:29:38Z</time>
					</trkpt>
					<trkpt lat="50.138080" lon="4.750560">
						<ele>174</ele>
						<time>2025-09-08T03:33:20Z</time>
					</trkpt>
					<trkpt lat="50.137960" lon="4.750170">
						<ele>174</ele>
						<time>2025-09-08T03:33:57Z</time>
					</trkpt>
					<trkpt lat="50.137650" lon="4.747840">
						<ele>170</ele>
						<time>2025-09-08T03:37:21Z</time>
					</trkpt>
					<trkpt lat="50.137490" lon="4.747060">
						<ele>170</ele>
						<time>2025-09-08T03:38:31Z</time>
					</trkpt>
					<trkpt lat="50.137390" lon="4.746760">
						<ele>170</ele>
						<time>2025-09-08T03:39:00Z</time>
					</trkpt>
					<trkpt lat="50.137290" lon="4.746620">
						<ele>170</ele>
						<time>2025-09-08T03:39:18Z</time>
					</trkpt>
					<trkpt lat="50.137220" lon="4.746580">
						<ele>169</ele>
						<time>2025-09-08T03:39:28Z</time>
					</trkpt>
					<trkpt lat="50.136720" lon="4.746520">
						<ele>169</ele>
						<time>2025-09-08T03:40:35Z</time>
					</trkpt>
					<trkpt lat="50.136590" lon="4.746430">
						<ele>169</ele>
						<time>2025-09-08T03:40:54Z</time>
					</trkpt>
					<trkpt lat="50.136430" lon="4.746200">
						<ele>169</ele>
						<time>2025-09-08T03:41:23Z</time>
					</trkpt>
					<trkpt lat="50.136090" lon="4.745820">
						<ele>168</ele>
						<time>2025-09-08T03:42:19Z</time>
					</trkpt>
					<trkpt lat="50.135690" lon="4.745470">
						<ele>168</ele>
						<time>2025-09-08T03:43:20Z</time>
					</trkpt>
					<trkpt lat="50.135570" lon="4.745330">
						<ele>167</ele>
						<time>2025-09-08T03:43:40Z</time>
					</trkpt>
					<trkpt lat="50.135510" lon="4.745220">
						<ele>167</ele>
						<time>2025-09-08T03:43:52Z</time>
					</trkpt>
					<trkpt lat="50.135400" lon="4.745600">
						<ele>169</ele>
						<time>2025-09-08T03:44:28Z</time>
					</trkpt>
					<trkpt lat="50.135180" lon="4.746010">
						<ele>171</ele>
						<time>2025-09-08T03:45:14Z</time>
					</trkpt>
					<trkpt lat="50.135080" lon="4.745970">
						<ele>171</ele>
						<time>2025-09-08T03:45:27Z</time>
					</trkpt>
					<trkpt lat="50.134980" lon="4.745880">
						<ele>172</ele>
						<time>2025-09-08T03:45:43Z</time>
					</trkpt>
					<trkpt lat="50.134900" lon="4.745860">
						<ele>173</ele>
						<time>2025-09-08T03:45:54Z</time>
					</trkpt>
					<trkpt lat="50.134860" lon="4.745970">
						<ele>174</ele>
						<time>2025-09-08T03:46:04Z</time>
					</trkpt>
					<trkpt lat="50.134780" lon="4.746490">
						<ele>177</ele>
						<time>2025-09-08T03:46:50Z</time>
					</trkpt>
					<trkpt lat="50.134700" lon="4.746670">
						<ele>179</ele>
						<time>2025-09-08T03:47:09Z</time>
					</trkpt>
					<trkpt lat="50.134610" lon="4.746180">
						<ele>180</ele>
						<time>2025-09-08T03:47:52Z</time>
					</trkpt>
					<trkpt lat="50.134450" lon="4.745990">
						<ele>183</ele>
						<time>2025-09-08T03:48:19Z</time>
					</trkpt>
					<trkpt lat="50.134160" lon="4.745700">
						<ele>189</ele>
						<time>2025-09-08T03:49:05Z</time>
					</trkpt>
					<trkpt lat="50.133690" lon="4.745490">
						<ele>200</ele>
						<time>2025-09-08T03:50:11Z</time>
					</trkpt>
					<trkpt lat="50.132440" lon="4.745210">
						<ele>222</ele>
						<time>2025-09-08T03:52:59Z</time>
					</trkpt>
					<trkpt lat="50.131650" lon="4.745370">
						<ele>221</ele>
						<time>2025-09-08T03:54:45Z</time>
					</trkpt>
					<trkpt lat="50.131340" lon="4.745350">
						<ele>220</ele>
						<time>2025-09-08T03:55:27Z</time>
					</trkpt>
					<trkpt lat="50.130910" lon="4.745210">
						<ele>220</ele>
						<time>2025-09-08T03:56:25Z</time>
					</trkpt>
					<trkpt lat="50.130630" lon="4.745230">
						<ele>220</ele>
						<time>2025-09-08T03:57:03Z</time>
					</trkpt>
					<trkpt lat="50.130080" lon="4.745590">
						<ele>220</ele>
						<time>2025-09-08T03:58:22Z</time>
					</trkpt>
					<trkpt lat="50.129670" lon="4.745930">
						<ele>220</ele>
						<time>2025-09-08T03:59:24Z</time>
					</trkpt>
					<trkpt lat="50.129560" lon="4.746030">
						<ele>220</ele>
						<time>2025-09-08T03:59:41Z</time>
					</trkpt>
					<trkpt lat="50.129120" lon="4.746550">
						<ele>220</ele>
						<time>2025-09-08T04:00:55Z</time>
					</trkpt>
					<trkpt lat="50.128360" lon="4.746980">
						<ele>214</ele>
						<time>2025-09-08T04:02:43Z</time>
					</trkpt>
					<trkpt lat="50.128200" lon="4.747030">
						<ele>213</ele>
						<time>2025-09-08T04:03:05Z</time>
					</trkpt>
					<trkpt lat="50.127510" lon="4.747070">
						<ele>207</ele>
						<time>2025-09-08T04:04:37Z</time>
					</trkpt>
					<trkpt lat="50.127090" lon="4.746790">
						<ele>206</ele>
						<time>2025-09-08T04:05:38Z</time>
					</trkpt>
					<trkpt lat="50.126620" lon="4.746640">
						<ele>205</ele>
						<time>2025-09-08T04:06:42Z</time>
					</trkpt>
					<trkpt lat="50.126310" lon="4.746720">
						<ele>206</ele>
						<time>2025-09-08T04:07:24Z</time>
					</trkpt>
					<trkpt lat="50.126140" lon="4.746870">
						<ele>208</ele>
						<time>2025-09-08T04:07:50Z</time>
					</trkpt>
					<trkpt lat="50.124620" lon="4.747510">
						<ele>216</ele>
						<time>2025-09-08T04:11:20Z</time>
					</trkpt>
					<trkpt lat="50.123530" lon="4.747850">
						<ele>225</ele>
						<time>2025-09-08T04:13:48Z</time>
					</trkpt>
					<trkpt lat="50.122310" lon="4.747050">
						<ele>231</ele>
						<time>2025-09-08T04:16:45Z</time>
					</trkpt>
					<trkpt lat="50.118890" lon="4.746180">
						<ele>225</ele>
						<time>2025-09-08T04:24:27Z</time>
					</trkpt>
					<trkpt lat="50.118090" lon="4.745870">
						<ele>221</ele>
						<time>2025-09-08T04:26:17Z</time>
					</trkpt>
					<trkpt lat="50.117870" lon="4.745670">
						<ele>221</ele>
						<time>2025-09-08T04:26:51Z</time>
					</trkpt>
					<trkpt lat="50.117320" lon="4.744740">
						<ele>220</ele>
						<time>2025-09-08T04:28:39Z</time>
					</trkpt>
					<trkpt lat="50.117330" lon="4.742170">
						<ele>207</ele>
						<time>2025-09-08T04:32:19Z</time>
					</trkpt>
					<trkpt lat="50.116890" lon="4.741070">
						<ele>194</ele>
						<time>2025-09-08T04:34:10Z</time>
					</trkpt>
					<trkpt lat="50.116750" lon="4.740880">
						<ele>189</ele>
						<time>2025-09-08T04:34:35Z</time>
					</trkpt>
					<trkpt lat="50.116540" lon="4.740440">
						<ele>187</ele>
						<time>2025-09-08T04:35:22Z</time>
					</trkpt>
					<trkpt lat="50.116290" lon="4.739780">
						<ele>186</ele>
						<time>2025-09-08T04:36:28Z</time>
					</trkpt>
					<trkpt lat="50.116100" lon="4.739110">
						<ele>180</ele>
						<time>2025-09-08T04:37:30Z</time>
					</trkpt>
					<trkpt lat="50.116100" lon="4.738710">
						<ele>177</ele>
						<time>2025-09-08T04:38:05Z</time>
					</trkpt>
					<trkpt lat="50.116060" lon="4.738520">
						<ele>174</ele>
						<time>2025-09-08T04:38:22Z</time>
					</trkpt>
					<trkpt lat="50.115910" lon="4.738690">
						<ele>172</ele>
						<time>2025-09-08T04:38:46Z</time>
					</trkpt>
					<trkpt lat="50.115780" lon="4.738430">
						<ele>166</ele>
						<time>2025-09-08T04:39:15Z</time>
					</trkpt>
					<trkpt lat="50.115200" lon="4.738360">
						<ele>156</ele>
						<time>2025-09-08T04:40:32Z</time>
					</trkpt>
					<trkpt lat="50.114920" lon="4.738550">
						<ele>153</ele>
						<time>2025-09-08T04:41:13Z</time>
					</trkpt>
					<trkpt lat="50.114780" lon="4.738770">
						<ele>153</ele>
						<time>2025-09-08T04:41:39Z</time>
					</trkpt>
					<trkpt lat="50.114360" lon="4.739460">
						<ele>149</ele>
						<time>2025-09-08T04:43:01Z</time>
					</trkpt>
					<trkpt lat="50.113860" lon="4.741530">
						<ele>145</ele>
						<time>2025-09-08T04:46:10Z</time>
					</trkpt>
					<trkpt lat="50.113690" lon="4.741740">
						<ele>143</ele>
						<time>2025-09-08T04:46:39Z</time>
					</trkpt>
					<trkpt lat="50.113580" lon="4.742130">
						<ele>141</ele>
						<time>2025-09-08T04:47:16Z</time>
					</trkpt>
					<trkpt lat="50.113480" lon="4.742700">
						<ele>139</ele>
						<time>2025-09-08T04:48:06Z</time>
					</trkpt>
					<trkpt lat="50.113160" lon="4.743210">
						<ele>137</ele>
						<time>2025-09-08T04:49:07Z</time>
					</trkpt>
					<trkpt lat="50.113040" lon="4.742620">
						<ele>135</ele>
						<time>2025-09-08T04:50:00Z</time>
					</trkpt>
					<trkpt lat="50.112420" lon="4.740130">
						<ele>134</ele>
						<time>2025-09-08T04:53:49Z</time>
					</trkpt>
					<trkpt lat="50.111440" lon="4.737280">
						<ele>140</ele>
						<time>2025-09-08T04:58:26Z</time>
					</trkpt>
					<trkpt lat="50.111380" lon="4.737360">
						<ele>140</ele>
						<time>2025-09-08T04:58:36Z</time>
					</trkpt>
					<trkpt lat="50.110980" lon="4.737490">
						<ele>140</ele>
						<time>2025-09-08T04:59:31Z</time>
					</trkpt>
					<trkpt lat="50.110430" lon="4.737480">
						<ele>141</ele>
						<time>2025-09-08T05:00:44Z</time>
					</trkpt>
					<trkpt lat="50.109700" lon="4.737320">
						<ele>142</ele>
						<time>2025-09-08T05:02:22Z</time>
					</trkpt>
					<trkpt lat="50.108740" lon="4.736970">
						<ele>145</ele>
						<time>2025-09-08T05:04:34Z</time>
					</trkpt>
					<trkpt lat="50.108220" lon="4.736560">
						<ele>147</ele>
						<time>2025-09-08T05:05:52Z</time>
					</trkpt>
					<trkpt lat="50.107570" lon="4.736000">
						<ele>149</ele>
						<time>2025-09-08T05:07:31Z</time>
					</trkpt>
					<trkpt lat="50.107230" lon="4.735750">
						<ele>151</ele>
						<time>2025-09-08T05:08:21Z</time>
					</trkpt>
					<trkpt lat="50.107020" lon="4.735660">
						<ele>151</ele>
						<time>2025-09-08T05:08:50Z</time>
					</trkpt>
					<trkpt lat="50.105450" lon="4.735650">
						<ele>147</ele>
						<time>2025-09-08T05:12:20Z</time>
					</trkpt>
					<trkpt lat="50.105250" lon="4.735730">
						<ele>145</ele>
						<time>2025-09-08T05:12:47Z</time>
					</trkpt>
					<trkpt lat="50.104720" lon="4.735660">
						<ele>151</ele>
						<time>2025-09-08T05:13:58Z</time>
					</trkpt>
					<trkpt lat="50.104490" lon="4.735700">
						<ele>154</ele>
						<time>2025-09-08T05:14:29Z</time>
					</trkpt>
					<trkpt lat="50.104430" lon="4.735750">
						<ele>153</ele>
						<time>2025-09-08T05:14:38Z</time>
					</trkpt>
					<trkpt lat="50.104590" lon="4.735560">
						<ele>156</ele>
						<time>2025-09-08T05:15:05Z</time>
					</trkpt>
					<trkpt lat="50.105080" lon="4.735230">
						<ele>159</ele>
						<time>2025-09-08T05:16:16Z</time>
					</trkpt>
					<trkpt lat="50.104760" lon="4.735170">
						<ele>165</ele>
						<time>2025-09-08T05:16:59Z</time>
					</trkpt>
					<trkpt lat="50.104550" lon="4.735160">
						<ele>168</ele>
						<time>2025-09-08T05:17:27Z</time>
					</trkpt>
					<trkpt lat="50.104430" lon="4.735210">
						<ele>169</ele>
						<time>2025-09-08T05:17:44Z</time>
					</trkpt>
					<trkpt lat="50.104200" lon="4.735370">
						<ele>168</ele>
						<time>2025-09-08T05:18:17Z</time>
					</trkpt>
					<trkpt lat="50.104120" lon="4.735380">
						<ele>168</ele>
						<time>2025-09-08T05:18:28Z</time>
					</trkpt>
					<trkpt lat="50.104010" lon="4.735350">
						<ele>167</ele>
						<time>2025-09-08T05:18:43Z</time>
					</trkpt>
					<trkpt lat="50.103880" lon="4.735230">
						<ele>169</ele>
						<time>2025-09-08T05:19:03Z</time>
					</trkpt>
					<trkpt lat="50.103570" lon="4.734690">
						<ele>176</ele>
						<time>2025-09-08T05:20:05Z</time>
					</trkpt>
					<trkpt lat="50.100080" lon="4.726960">
						<ele>198</ele>
						<time>2025-09-08T05:33:34Z</time>
					</trkpt>
					<trkpt lat="50.099400" lon="4.725080">
						<ele>198</ele>
						<time>2025-09-08T05:36:39Z</time>
					</trkpt>
					<trkpt lat="50.099100" lon="4.724390">
						<ele>197</ele>
						<time>2025-09-08T05:37:50Z</time>
					</trkpt>
					<trkpt lat="50.098950" lon="4.723840">
						<ele>198</ele>
						<time>2025-09-08T05:38:41Z</time>
					</trkpt>
					<trkpt lat="50.098540" lon="4.722750">
						<ele>196</ele>
						<time>2025-09-08T05:40:30Z</time>
					</trkpt>
					<trkpt lat="50.097380" lon="4.721260">
						<ele>180</ele>
						<time>2025-09-08T05:43:50Z</time>
					</trkpt>
					<trkpt lat="50.096830" lon="4.720440">
						<ele>173</ele>
						<time>2025-09-08T05:45:32Z</time>
					</trkpt>
					<trkpt lat="50.096460" lon="4.719660">
						<ele>170</ele>
						<time>2025-09-08T05:46:55Z</time>
					</trkpt>
					<trkpt lat="50.096240" lon="4.718810">
						<ele>170</ele>
						<time>2025-09-08T05:48:13Z</time>
					</trkpt>
					<trkpt lat="50.095990" lon="4.718090">
						<ele>166</ele>
						<time>2025-09-08T05:49:23Z</time>
					</trkpt>
					<trkpt lat="50.095730" lon="4.717950">
						<ele>161</ele>
						<time>2025-09-08T05:50:00Z</time>
					</trkpt>
					<trkpt lat="50.095630" lon="4.717750">
						<ele>160</ele>
						<time>2025-09-08T05:50:22Z</time>
					</trkpt>
					<trkpt lat="50.095570" lon="4.717520">
						<ele>160</ele>
						<time>2025-09-08T05:50:43Z</time>
					</trkpt>
					<trkpt lat="50.095500" lon="4.716820">
						<ele>161</ele>
						<time>2025-09-08T05:51:44Z</time>
					</trkpt>
					<trkpt lat="50.095350" lon="4.716250">
						<ele>159</ele>
						<time>2025-09-08T05:52:36Z</time>
					</trkpt>
					<trkpt lat="50.095090" lon="4.715310">
						<ele>153</ele>
						<time>2025-09-08T05:54:04Z</time>
					</trkpt>
					<trkpt lat="50.094800" lon="4.714720">
						<ele>147</ele>
						<time>2025-09-08T05:55:08Z</time>
					</trkpt>
					<trkpt lat="50.094580" lon="4.713990">
						<ele>142</ele>
						<time>2025-09-08T05:56:17Z</time>
					</trkpt>
					<trkpt lat="50.094510" lon="4.713580">
						<ele>141</ele>
						<time>2025-09-08T05:56:53Z</time>
					</trkpt>
					<trkpt lat="50.094500" lon="4.711850">
						<ele>141</ele>
						<time>2025-09-08T05:59:21Z</time>
					</trkpt>
					<trkpt lat="50.094400" lon="4.710010">
						<ele>139</ele>
						<time>2025-09-08T06:01:59Z</time>
					</trkpt>
					<trkpt lat="50.094300" lon="4.709480">
						<ele>135</ele>
						<time>2025-09-08T06:02:47Z</time>
					</trkpt>
					<trkpt lat="50.094190" lon="4.709370">
						<ele>132</ele>
						<time>2025-09-08T06:03:04Z</time>
					</trkpt>
					<trkpt lat="50.094340" lon="4.708840">
						<ele>137</ele>
						<time>2025-09-08T06:03:54Z</time>
					</trkpt>
					<trkpt lat="50.094410" lon="4.708400">
						<ele>140</ele>
						<time>2025-09-08T06:04:32Z</time>
					</trkpt>
					<trkpt lat="50.094430" lon="4.707970">
						<ele>143</ele>
						<time>2025-09-08T06:05:09Z</time>
					</trkpt>
					<trkpt lat="50.094370" lon="4.707520">
						<ele>144</ele>
						<time>2025-09-08T06:05:49Z</time>
					</trkpt>
					<trkpt lat="50.094330" lon="4.707390">
						<ele>144</ele>
						<time>2025-09-08T06:06:01Z</time>
					</trkpt>
					<trkpt lat="50.093780" lon="4.705890">
						<ele>141</ele>
						<time>2025-09-08T06:08:29Z</time>
					</trkpt>
					<trkpt lat="50.093670" lon="4.705530">
						<ele>141</ele>
						<time>2025-09-08T06:09:03Z</time>
					</trkpt>
					<trkpt lat="50.093610" lon="4.705070">
						<ele>142</ele>
						<time>2025-09-08T06:09:43Z</time>
					</trkpt>
					<trkpt lat="50.093800" lon="4.700450">
						<ele>135</ele>
						<time>2025-09-08T06:16:20Z</time>
					</trkpt>
					<trkpt lat="50.093890" lon="4.697470">
						<ele>130</ele>
						<time>2025-09-08T06:20:35Z</time>
					</trkpt>
					<trkpt lat="50.093950" lon="4.697000">
						<ele>129</ele>
						<time>2025-09-08T06:21:16Z</time>
					</trkpt>
					<trkpt lat="50.094100" lon="4.696420">
						<ele>128</ele>
						<time>2025-09-08T06:22:10Z</time>
					</trkpt>
					<trkpt lat="50.094440" lon="4.695300">
						<ele>134</ele>
						<time>2025-09-08T06:23:56Z</time>
					</trkpt>
					<trkpt lat="50.094490" lon="4.694920">
						<ele>135</ele>
						<time>2025-09-08T06:24:29Z</time>
					</trkpt>
					<trkpt lat="50.094510" lon="4.693950">
						<ele>134</ele>
						<time>2025-09-08T06:25:52Z</time>
					</trkpt>
					<trkpt lat="50.094420" lon="4.692130">
						<ele>127</ele>
						<time>2025-09-08T06:28:28Z</time>
					</trkpt>
					<trkpt lat="50.094450" lon="4.691500">
						<ele>126</ele>
						<time>2025-09-08T06:29:22Z</time>
					</trkpt>
					<trkpt lat="50.094440" lon="4.691020">
						<ele>127</ele>
						<time>2025-09-08T06:30:03Z</time>
					</trkpt>
					<trkpt lat="50.094300" lon="4.690420">
						<ele>130</ele>
						<time>2025-09-08T06:30:58Z</time>
					</trkpt>
					<trkpt lat="50.093970" lon="4.688450">
						<ele>136</ele>
						<time>2025-09-08T06:33:52Z</time>
					</trkpt>
					<trkpt lat="50.093380" lon="4.686510">
						<ele>133</ele>
						<time>2025-09-08T06:36:56Z</time>
					</trkpt>
					<trkpt lat="50.093190" lon="4.686030">
						<ele>133</ele>
						<time>2025-09-08T06:37:44Z</time>
					</trkpt>
					<trkpt lat="50.092360" lon="4.684730">
						<ele>127</ele>
						<time>2025-09-08T06:40:21Z</time>
					</trkpt>
					<trkpt lat="50.092120" lon="4.684200">
						<ele>126</ele>
						<time>2025-09-08T06:41:17Z</time>
					</trkpt>
					<trkpt lat="50.091950" lon="4.683710">
						<ele>127</ele>
						<time>2025-09-08T06:42:05Z</time>
					</trkpt>
					<trkpt lat="50.090930" lon="4.679460">
						<ele>133</ele>
						<time>2025-09-08T06:48:33Z</time>
					</trkpt>
					<trkpt lat="50.090860" lon="4.679050">
						<ele>132</ele>
						<time>2025-09-08T06:49:09Z</time>
					</trkpt>
					<trkpt lat="50.090840" lon="4.678760">
						<ele>132</ele>
						<time>2025-09-08T06:49:34Z</time>
					</trkpt>
					<trkpt lat="50.091030" lon="4.677310">
						<ele>135</ele>
						<time>2025-09-08T06:51:41Z</time>
					</trkpt>
					<trkpt lat="50.091100" lon="4.676420">
						<ele>137</ele>
						<time>2025-09-08T06:52:58Z</time>
					</trkpt>
					<trkpt lat="50.091100" lon="4.675950">
						<ele>138</ele>
						<time>2025-09-08T06:53:38Z</time>
					</trkpt>
					<trkpt lat="50.091060" lon="4.675430">
						<ele>137</ele>
						<time>2025-09-08T06:54:23Z</time>
					</trkpt>
					<trkpt lat="50.090930" lon="4.674530">
						<ele>133</ele>
						<time>2025-09-08T06:55:42Z</time>
					</trkpt>
					<trkpt lat="50.091050" lon="4.673200">
						<ele>130</ele>
						<time>2025-09-08T06:57:37Z</time>
					</trkpt>
					<trkpt lat="50.091120" lon="4.672110">
						<ele>127</ele>
						<time>2025-09-08T06:59:11Z</time>
					</trkpt>
					<trkpt lat="50.091330" lon="4.671730">
						<ele>127</ele>
						<time>2025-09-08T06:59:54Z</time>
					</trkpt>
					<trkpt lat="50.091570" lon="4.671460">
						<ele>127</ele>
						<time>2025-09-08T07:00:33Z</time>
					</trkpt>
					<trkpt lat="50.091700" lon="4.671230">
						<ele>127</ele>
						<time>2025-09-08T07:00:59Z</time>
					</trkpt>
					<trkpt lat="50.091780" lon="4.670850">
						<ele>127</ele>
						<time>2025-09-08T07:01:34Z</time>
					</trkpt>
					<trkpt lat="50.091870" lon="4.670740">
						<ele>128</ele>
						<time>2025-09-08T07:01:49Z</time>
					</trkpt>
					<trkpt lat="50.091980" lon="4.670690">
						<ele>129</ele>
						<time>2025-09-08T07:02:04Z</time>
					</trkpt>
					<trkpt lat="50.092100" lon="4.670690">
						<ele>129</ele>
						<time>2025-09-08T07:02:20Z</time>
					</trkpt>
					<trkpt lat="50.092150" lon="4.670630">
						<ele>130</ele>
						<time>2025-09-08T07:02:29Z</time>
					</trkpt>
					<trkpt lat="50.092280" lon="4.670660">
						<ele>131</ele>
						<time>2025-09-08T07:02:46Z</time>
					</trkpt>
					<trkpt lat="50.092360" lon="4.670620">
						<ele>132</ele>
						<time>2025-09-08T07:02:57Z</time>
					</trkpt>
					<trkpt lat="50.092830" lon="4.670140">
						<ele>135</ele>
						<time>2025-09-08T07:04:12Z</time>
					</trkpt>
					<trkpt lat="50.092810" lon="4.669470">
						<ele>138</ele>
						<time>2025-09-08T07:05:10Z</time>
					</trkpt>
					<trkpt lat="50.092650" lon="4.668940">
						<ele>140</ele>
						<time>2025-09-08T07:06:00Z</time>
					</trkpt>
					<trkpt lat="50.092500" lon="4.668880">
						<ele>140</ele>
						<time>2025-09-08T07:06:21Z</time>
					</trkpt>
					<trkpt lat="50.092200" lon="4.668860">
						<ele>136</ele>
						<time>2025-09-08T07:07:01Z</time>
					</trkpt>
					<trkpt lat="50.092050" lon="4.668680">
						<ele>135</ele>
						<time>2025-09-08T07:07:26Z</time>
					</trkpt>
					<trkpt lat="50.092010" lon="4.668500">
						<ele>136</ele>
						<time>2025-09-08T07:07:42Z</time>
					</trkpt>
					<trkpt lat="50.091880" lon="4.668180">
						<ele>136</ele>
						<time>2025-09-08T07:08:15Z</time>
					</trkpt>
					<trkpt lat="50.091620" lon="4.667690">
						<ele>135</ele>
						<time>2025-09-08T07:09:09Z</time>
					</trkpt>
					<trkpt lat="50.091650" lon="4.665990">
						<ele>141</ele>
						<time>2025-09-08T07:11:35Z</time>
					</trkpt>
					<trkpt lat="50.091670" lon="4.665830">
						<ele>142</ele>
						<time>2025-09-08T07:11:49Z</time>
					</trkpt>
					<trkpt lat="50.092150" lon="4.663570">
						<ele>151</ele>
						<time>2025-09-08T07:15:13Z</time>
					</trkpt>
					<trkpt lat="50.089890" lon="4.662230">
						<ele>151</ele>
						<time>2025-09-08T07:20:35Z</time>
					</trkpt>
					<trkpt lat="50.089380" lon="4.661870">
						<ele>152</ele>
						<time>2025-09-08T07:21:50Z</time>
					</trkpt>
					<trkpt lat="50.088400" lon="4.660840">
						<ele>156</ele>
						<time>2025-09-08T07:24:28Z</time>
					</trkpt>
					<trkpt lat="50.087810" lon="4.660020">
						<ele>158</ele>
						<time>2025-09-08T07:26:13Z</time>
					</trkpt>
					<trkpt lat="50.087390" lon="4.658970">
						<ele>161</ele>
						<time>2025-09-08T07:27:59Z</time>
					</trkpt>
					<trkpt lat="50.087040" lon="4.657740">
						<ele>165</ele>
						<time>2025-09-08T07:29:54Z</time>
					</trkpt>
					<trkpt lat="50.086950" lon="4.657200">
						<ele>165</ele>
						<time>2025-09-08T07:30:42Z</time>
					</trkpt>
					<trkpt lat="50.086840" lon="4.656760">
						<ele>164</ele>
						<time>2025-09-08T07:31:22Z</time>
					</trkpt>
					<trkpt lat="50.086710" lon="4.655800">
						<ele>165</ele>
						<time>2025-09-08T07:32:46Z</time>
					</trkpt>
					<trkpt lat="50.086580" lon="4.655200">
						<ele>167</ele>
						<time>2025-09-08T07:33:41Z</time>
					</trkpt>
					<trkpt lat="50.085750" lon="4.651980">
						<ele>163</ele>
						<time>2025-09-08T07:38:38Z</time>
					</trkpt>
					<trkpt lat="50.085640" lon="4.651460">
						<ele>162</ele>
						<time>2025-09-08T07:39:25Z</time>
					</trkpt>
					<trkpt lat="50.085440" lon="4.649380">
						<ele>163</ele>
						<time>2025-09-08T07:42:25Z</time>
					</trkpt>
					<trkpt lat="50.085380" lon="4.648970">
						<ele>163</ele>
						<time>2025-09-08T07:43:01Z</time>
					</trkpt>
					<trkpt lat="50.084790" lon="4.646560">
						<ele>165</ele>
						<time>2025-09-08T07:46:42Z</time>
					</trkpt>
					<trkpt lat="50.084420" lon="4.645740">
						<ele>167</ele>
						<time>2025-09-08T07:48:08Z</time>
					</trkpt>
					<trkpt lat="50.083950" lon="4.644880">
						<ele>169</ele>
						<time>2025-09-08T07:49:44Z</time>
					</trkpt>
					<trkpt lat="50.083390" lon="4.643490">
						<ele>175</ele>
						<time>2025-09-08T07:52:05Z</time>
					</trkpt>
					<trkpt lat="50.083050" lon="4.642910">
						<ele>177</ele>
						<time>2025-09-08T07:53:12Z</time>
					</trkpt>
					<trkpt lat="50.082640" lon="4.642100">
						<ele>177</ele>
						<time>2025-09-08T07:54:40Z</time>
					</trkpt>
					<trkpt lat="50.082280" lon="4.641160">
						<ele>175</ele>
						<time>2025-09-08T07:56:14Z</time>
					</trkpt>
					<trkpt lat="50.081600" lon="4.638540">
						<ele>169</ele>
						<time>2025-09-08T08:00:16Z</time>
					</trkpt>
					<trkpt lat="50.081430" lon="4.638580">
						<ele>166</ele>
						<time>2025-09-08T08:00:39Z</time>
					</trkpt>
					<trkpt lat="50.080870" lon="4.639000">
						<ele>154</ele>
						<time>2025-09-08T08:02:02Z</time>
					</trkpt>
					<trkpt lat="50.080830" lon="4.639000">
						<ele>154</ele>
						<time>2025-09-08T08:02:07Z</time>
					</trkpt>
					<trkpt lat="50.080690" lon="4.638820">
						<ele>152</ele>
						<time>2025-09-08T08:02:32Z</time>
					</trkpt>
					<trkpt lat="50.080470" lon="4.638690">
						<ele>150</ele>
						<time>2025-09-08T08:03:03Z</time>
					</trkpt>
					<trkpt lat="50.080410" lon="4.638690">
						<ele>150</ele>
						<time>2025-09-08T08:03:11Z</time>
					</trkpt>
					<trkpt lat="50.080030" lon="4.638930">
						<ele>144</ele>
						<time>2025-09-08T08:04:06Z</time>
					</trkpt>
					<trkpt lat="50.079800" lon="4.638960">
						<ele>141</ele>
						<time>2025-09-08T08:04:36Z</time>
					</trkpt>
					<trkpt lat="50.079720" lon="4.638920">
						<ele>141</ele>
						<time>2025-09-08T08:04:48Z</time>
					</trkpt>
					<trkpt lat="50.079580" lon="4.638800">
						<ele>140</ele>
						<time>2025-09-08T08:05:09Z</time>
					</trkpt>
					<trkpt lat="50.079500" lon="4.638590">
						<ele>140</ele>
						<time>2025-09-08T08:05:30Z</time>
					</trkpt>
					<trkpt lat="50.079450" lon="4.638570">
						<ele>140</ele>
						<time>2025-09-08T08:05:37Z</time>
					</trkpt>
					<trkpt lat="50.079390" lon="4.638590">
						<ele>139</ele>
						<time>2025-09-08T08:05:45Z</time>
					</trkpt>
					<trkpt lat="50.079240" lon="4.638390">
						<ele>139</ele>
						<time>2025-09-08T08:06:11Z</time>
					</trkpt>
					<trkpt lat="50.079170" lon="4.638240">
						<ele>138</ele>
						<time>2025-09-08T08:06:27Z</time>
					</trkpt>
					<trkpt lat="50.079100" lon="4.637990">
						<ele>137</ele>
						<time>2025-09-08T08:06:51Z</time>
					</trkpt>
					<trkpt lat="50.078980" lon="4.637110">
						<ele>134</ele>
						<time>2025-09-08T08:08:08Z</time>
					</trkpt>
					<trkpt lat="50.078950" lon="4.636660">
						<ele>133</ele>
						<time>2025-09-08T08:08:46Z</time>
					</trkpt>
					<trkpt lat="50.078960" lon="4.636110">
						<ele>135</ele>
						<time>2025-09-08T08:09:34Z</time>
					</trkpt>
					<trkpt lat="50.078910" lon="4.635960">
						<ele>135</ele>
						<time>2025-09-08T08:09:48Z</time>
					</trkpt>
					<trkpt lat="50.078860" lon="4.635930">
						<ele>134</ele>
						<time>2025-09-08T08:09:55Z</time>
					</trkpt>
					<trkpt lat="50.078100" lon="4.635830">
						<ele>131</ele>
						<time>2025-09-08T08:11:37Z</time>
					</trkpt>
					<trkpt lat="50.077870" lon="4.635850">
						<ele>133</ele>
						<time>2025-09-08T08:12:08Z</time>
					</trkpt>
					<trkpt lat="50.077440" lon="4.635710">
						<ele>137</ele>
						<time>2025-09-08T08:13:06Z</time>
					</trkpt>
					<trkpt lat="50.077520" lon="4.634830">
						<ele>136</ele>
						<time>2025-09-08T08:14:22Z</time>
					</trkpt>
					<trkpt lat="50.077660" lon="4.633740">
						<ele>137</ele>
						<time>2025-09-08T08:15:58Z</time>
					</trkpt>
					<trkpt lat="50.077670" lon="4.633440">
						<ele>136</ele>
						<time>2025-09-08T08:16:23Z</time>
					</trkpt>
					<trkpt lat="50.077390" lon="4.631800">
						<ele>137</ele>
						<time>2025-09-08T08:18:49Z</time>
					</trkpt>
					<trkpt lat="50.077280" lon="4.631310">
						<ele>136</ele>
						<time>2025-09-08T08:19:33Z</time>
					</trkpt>
					<trkpt lat="50.077070" lon="4.630600">
						<ele>137</ele>
						<time>2025-09-08T08:20:40Z</time>
					</trkpt>
					<trkpt lat="50.077090" lon="4.630490">
						<ele>136</ele>
						<time>2025-09-08T08:20:50Z</time>
					</trkpt>
					<trkpt lat="50.076930" lon="4.630020">
						<ele>137</ele>
						<time>2025-09-08T08:21:35Z</time>
					</trkpt>
					<trkpt lat="50.076630" lon="4.629520">
						<ele>137</ele>
						<time>2025-09-08T08:22:34Z</time>
					</trkpt>
					<trkpt lat="50.076020" lon="4.629120">
						<ele>144</ele>
						<time>2025-09-08T08:24:02Z</time>
					</trkpt>
					<trkpt lat="50.075640" lon="4.628830">
						<ele>146</ele>
						<time>2025-09-08T08:24:59Z</time>
					</trkpt>
					<trkpt lat="50.075480" lon="4.628680">
						<ele>146</ele>
						<time>2025-09-08T08:25:24Z</time>
					</trkpt>
					<trkpt lat="50.075260" lon="4.628550">
						<ele>146</ele>
						<time>2025-09-08T08:25:55Z</time>
					</trkpt>
					<trkpt lat="50.074880" lon="4.628460">
						<ele>147</ele>
						<time>2025-09-08T08:26:46Z</time>
					</trkpt>
					<trkpt lat="50.073970" lon="4.628340">
						<ele>145</ele>
						<time>2025-09-08T08:28:48Z</time>
					</trkpt>
					<trkpt lat="50.073300" lon="4.628160">
						<ele>144</ele>
						<time>2025-09-08T08:30:19Z</time>
					</trkpt>
					<trkpt lat="50.073220" lon="4.628160">
						<ele>146</ele>
						<time>2025-09-08T08:30:30Z</time>
					</trkpt>
					<trkpt lat="50.072810" lon="4.627910">
						<ele>148</ele>
						<time>2025-09-08T08:31:28Z</time>
					</trkpt>
					<trkpt lat="50.072470" lon="4.627740">
						<ele>148</ele>
						<time>2025-09-08T08:32:16Z</time>
					</trkpt>
					<trkpt lat="50.072260" lon="4.627530">
						<ele>146</ele>
						<time>2025-09-08T08:32:49Z</time>
					</trkpt>
					<trkpt lat="50.071730" lon="4.627130">
						<ele>150</ele>
						<time>2025-09-08T08:34:08Z</time>
					</trkpt>
					<trkpt lat="50.071480" lon="4.626830">
						<ele>147</ele>
						<time>2025-09-08T08:34:50Z</time>
					</trkpt>
					<trkpt lat="50.071320" lon="4.626720">
						<ele>147</ele>
						<time>2025-09-08T08:35:13Z</time>
					</trkpt>
					<trkpt lat="50.070900" lon="4.626560">
						<ele>151</ele>
						<time>2025-09-08T08:36:11Z</time>
					</trkpt>
					<trkpt lat="50.070740" lon="4.626420">
						<ele>152</ele>
						<time>2025-09-08T08:36:36Z</time>
					</trkpt>
					<trkpt lat="50.070500" lon="4.625740">
						<ele>155</ele>
						<time>2025-09-08T08:37:42Z</time>
					</trkpt>
					<trkpt lat="50.070370" lon="4.625080">
						<ele>155</ele>
						<time>2025-09-08T08:38:41Z</time>
					</trkpt>
					<trkpt lat="50.070280" lon="4.624460">
						<ele>152</ele>
						<time>2025-09-08T08:39:36Z</time>
					</trkpt>
					<trkpt lat="50.070080" lon="4.623910">
						<ele>152</ele>
						<time>2025-09-08T08:40:30Z</time>
					</trkpt>
					<trkpt lat="50.069810" lon="4.623380">
						<ele>156</ele>
						<time>2025-09-08T08:41:28Z</time>
					</trkpt>
					<trkpt lat="50.069630" lon="4.622670">
						<ele>161</ele>
						<time>2025-09-08T08:42:33Z</time>
					</trkpt>
					<trkpt lat="50.069580" lon="4.622360">
						<ele>162</ele>
						<time>2025-09-08T08:43:01Z</time>
					</trkpt>
					<trkpt lat="50.069550" lon="4.621780">
						<ele>162</ele>
						<time>2025-09-08T08:43:50Z</time>
					</trkpt>
					<trkpt lat="50.069480" lon="4.621170">
						<ele>162</ele>
						<time>2025-09-08T08:44:43Z</time>
					</trkpt>
					<trkpt lat="50.069370" lon="4.620820">
						<ele>164</ele>
						<time>2025-09-08T08:45:17Z</time>
					</trkpt>
					<trkpt lat="50.069330" lon="4.620370">
						<ele>164</ele>
						<time>2025-09-08T08:45:56Z</time>
					</trkpt>
					<trkpt lat="50.069060" lon="4.619490">
						<ele>168</ele>
						<time>2025-09-08T08:47:19Z</time>
					</trkpt>
					<trkpt lat="50.068970" lon="4.618850">
						<ele>167</ele>
						<time>2025-09-08T08:48:15Z</time>
					</trkpt>
					<trkpt lat="50.068960" lon="4.618390">
						<ele>165</ele>
						<time>2025-09-08T08:48:55Z</time>
					</trkpt>
					<trkpt lat="50.069010" lon="4.617490">
						<ele>162</ele>
						<time>2025-09-08T08:50:12Z</time>
					</trkpt>
					<trkpt lat="50.069130" lon="4.617120">
						<ele>161</ele>
						<time>2025-09-08T08:50:48Z</time>
					</trkpt>
					<trkpt lat="50.069460" lon="4.616400">
						<ele>156</ele>
						<time>2025-09-08T08:52:03Z</time>
					</trkpt>
					<trkpt lat="50.069750" lon="4.615860">
						<ele>154</ele>
						<time>2025-09-08T08:53:04Z</time>
					</trkpt>
					<trkpt lat="50.070020" lon="4.615610">
						<ele>152</ele>
						<time>2025-09-08T08:53:46Z</time>
					</trkpt>
					<trkpt lat="50.070260" lon="4.615280">
						<ele>151</ele>
						<time>2025-09-08T08:54:28Z</time>
					</trkpt>
					<trkpt lat="50.070380" lon="4.615030">
						<ele>152</ele>
						<time>2025-09-08T08:54:55Z</time>
					</trkpt>
					<trkpt lat="50.070420" lon="4.614850">
						<ele>152</ele>
						<time>2025-09-08T08:55:11Z</time>
					</trkpt>
					<trkpt lat="50.070420" lon="4.614700">
						<ele>152</ele>
						<time>2025-09-08T08:55:24Z</time>
					</trkpt>
					<trkpt lat="50.070380" lon="4.614510">
						<ele>152</ele>
						<time>2025-09-08T08:55:41Z</time>
					</trkpt>
					<trkpt lat="50.071190" lon="4.614540">
						<ele>148</ele>
						<time>2025-09-08T08:57:30Z</time>
					</trkpt>
					<trkpt lat="50.071470" lon="4.614470">
						<ele>147</ele>
						<time>2025-09-08T08:58:07Z</time>
					</trkpt>
					<trkpt lat="50.071690" lon="4.614480">
						<ele>146</ele>
						<time>2025-09-08T08:58:37Z</time>
					</trkpt>
					<trkpt lat="50.073120" lon="4.614790">
						<ele>138</ele>
						<time>2025-09-08T09:01:49Z</time>
					</trkpt>
					<trkpt lat="50.073300" lon="4.614840">
						<ele>138</ele>
						<time>2025-09-08T09:02:14Z</time>
					</trkpt>
					<trkpt lat="50.073500" lon="4.614970">
						<ele>137</ele>
						<time>2025-09-08T09:02:43Z</time>
					</trkpt>
					<trkpt lat="50.073970" lon="4.615360">
						<ele>138</ele>
						<time>2025-09-08T09:03:54Z</time>
					</trkpt>
					<trkpt lat="50.074040" lon="4.615370">
						<ele>138</ele>
						<time>2025-09-08T09:04:03Z</time>
					</trkpt>
					<trkpt lat="50.074210" lon="4.615210">
						<ele>138</ele>
						<time>2025-09-08T09:04:30Z</time>
					</trkpt>
					<trkpt lat="50.074430" lon="4.614850">
						<ele>137</ele>
						<time>2025-09-08T09:05:12Z</time>
					</trkpt>
					<trkpt lat="50.074530" lon="4.614530">
						<ele>137</ele>
						<time>2025-09-08T09:05:43Z</time>
					</trkpt>
					<trkpt lat="50.074640" lon="4.613850">
						<ele>137</ele>
						<time>2025-09-08T09:06:43Z</time>
					</trkpt>
					<trkpt lat="50.074680" lon="4.612970">
						<ele>140</ele>
						<time>2025-09-08T09:07:58Z</time>
					</trkpt>
					<trkpt lat="50.074630" lon="4.612010">
						<ele>142</ele>
						<time>2025-09-08T09:09:21Z</time>
					</trkpt>
					<trkpt lat="50.074440" lon="4.610780">
						<ele>144</ele>
						<time>2025-09-08T09:11:09Z</time>
					</trkpt>
					<trkpt lat="50.074290" lon="4.610230">
						<ele>143</ele>
						<time>2025-09-08T09:12:00Z</time>
					</trkpt>
					<trkpt lat="50.074190" lon="4.610000">
						<ele>143</ele>
						<time>2025-09-08T09:12:24Z</time>
					</trkpt>
					<trkpt lat="50.074060" lon="4.609860">
						<ele>143</ele>
						<time>2025-09-08T09:12:45Z</time>
					</trkpt>
					<trkpt lat="50.073890" lon="4.608740">
						<ele>141</ele>
						<time>2025-09-08T09:14:24Z</time>
					</trkpt>
					<trkpt lat="50.073750" lon="4.608780">
						<ele>141</ele>
						<time>2025-09-08T09:14:43Z</time>
					</trkpt>
					<trkpt lat="50.073300" lon="4.608820">
						<ele>141</ele>
						<time>2025-09-08T09:15:43Z</time>
					</trkpt>
					<trkpt lat="50.073340" lon="4.608190">
						<ele>140</ele>
						<time>2025-09-08T09:16:37Z</time>
					</trkpt>
					<trkpt lat="50.073310" lon="4.608030">
						<ele>140</ele>
						<time>2025-09-08T09:16:52Z</time>
					</trkpt>
					<trkpt lat="50.073230" lon="4.607980">
						<ele>140</ele>
						<time>2025-09-08T09:17:03Z</time>
					</trkpt>
					<trkpt lat="50.072980" lon="4.607960">
						<ele>140</ele>
						<time>2025-09-08T09:17:36Z</time>
					</trkpt>
					<trkpt lat="50.072870" lon="4.607860">
						<ele>141</ele>
						<time>2025-09-08T09:17:53Z</time>
					</trkpt>
					<trkpt lat="50.072830" lon="4.607620">
						<ele>140</ele>
						<time>2025-09-08T09:18:15Z</time>
					</trkpt>
					<trkpt lat="50.072870" lon="4.607560">
						<ele>140</ele>
						<time>2025-09-08T09:18:22Z</time>
					</trkpt>
					<trkpt lat="50.073390" lon="4.607510">
						<ele>139</ele>
						<time>2025-09-08T09:19:32Z</time>
					</trkpt>
					<trkpt lat="50.073460" lon="4.607450">
						<ele>139</ele>
						<time>2025-09-08T09:19:42Z</time>
					</trkpt>
					<trkpt lat="50.073440" lon="4.607260">
						<ele>139</ele>
						<time>2025-09-08T09:19:59Z</time>
					</trkpt>
					<trkpt lat="50.073560" lon="4.607290">
						<ele>139</ele>
						<time>2025-09-08T09:20:15Z</time>
					</trkpt>
					<trkpt lat="50.073710" lon="4.607240">
						<ele>139</ele>
						<time>2025-09-08T09:20:35Z</time>
					</trkpt>
					<trkpt lat="50.074020" lon="4.607030">
						<ele>138</ele>
						<time>2025-09-08T09:21:21Z</time>
					</trkpt>
					<trkpt lat="50.074100" lon="4.606910">
						<ele>138</ele>
						<time>2025-09-08T09:21:35Z</time>
					</trkpt>
					<trkpt lat="50.074840" lon="4.606450">
						<ele>138</ele>
						<time>2025-09-08T09:23:22Z</time>
					</trkpt>
					<trkpt lat="50.075090" lon="4.606260">
						<ele>139</ele>
						<time>2025-09-08T09:23:59Z</time>
					</trkpt>
					<trkpt lat="50.075370" lon="4.606100">
						<ele>142</ele>
						<time>2025-09-08T09:24:39Z</time>
					</trkpt>
					<trkpt lat="50.075510" lon="4.606060">
						<ele>143</ele>
						<time>2025-09-08T09:24:58Z</time>
					</trkpt>
					<trkpt lat="50.075660" lon="4.605950">
						<ele>145</ele>
						<time>2025-09-08T09:25:20Z</time>
					</trkpt>
					<trkpt lat="50.075720" lon="4.605810">
						<ele>147</ele>
						<time>2025-09-08T09:25:34Z</time>
					</trkpt>
					<trkpt lat="50.075710" lon="4.605530">
						<ele>150</ele>
						<time>2025-09-08T09:25:58Z</time>
					</trkpt>
					<trkpt lat="50.075610" lon="4.605290">
						<ele>151</ele>
						<time>2025-09-08T09:26:23Z</time>
					</trkpt>
					<trkpt lat="50.075360" lon="4.604890">
						<ele>149</ele>
						<time>2025-09-08T09:27:10Z</time>
					</trkpt>
					<trkpt lat="50.074960" lon="4.603750">
						<ele>147</ele>
						<time>2025-09-08T09:29:02Z</time>
					</trkpt>
					<trkpt lat="50.074870" lon="4.603240">
						<ele>148</ele>
						<time>2025-09-08T09:29:47Z</time>
					</trkpt>
					<trkpt lat="50.074810" lon="4.602310">
						<ele>149</ele>
						<time>2025-09-08T09:31:07Z</time>
					</trkpt>
					<trkpt lat="50.074820" lon="4.602070">
						<ele>148</ele>
						<time>2025-09-08T09:31:28Z</time>
					</trkpt>
					<trkpt lat="50.074860" lon="4.601840">
						<ele>147</ele>
						<time>2025-09-08T09:31:48Z</time>
					</trkpt>
					<trkpt lat="50.075040" lon="4.601340">
						<ele>145</ele>
						<time>2025-09-08T09:32:37Z</time>
					</trkpt>
					<trkpt lat="50.075490" lon="4.600740">
						<ele>149</ele>
						<time>2025-09-08T09:33:56Z</time>
					</trkpt>
					<trkpt lat="50.075600" lon="4.600530">
						<ele>150</ele>
						<time>2025-09-08T09:34:19Z</time>
					</trkpt>
					<trkpt lat="50.075730" lon="4.600200">
						<ele>150</ele>
						<time>2025-09-08T09:34:53Z</time>
					</trkpt>
					<trkpt lat="50.075790" lon="4.599850">
						<ele>150</ele>
						<time>2025-09-08T09:35:24Z</time>
					</trkpt>
					<trkpt lat="50.075840" lon="4.598550">
						<ele>146</ele>
						<time>2025-09-08T09:37:15Z</time>
					</trkpt>
					<trkpt lat="50.075900" lon="4.598260">
						<ele>146</ele>
						<time>2025-09-08T09:37:41Z</time>
					</trkpt>
					<trkpt lat="50.075940" lon="4.598220">
						<ele>146</ele>
						<time>2025-09-08T09:37:48Z</time>
					</trkpt>
					<trkpt lat="50.075990" lon="4.598250">
						<ele>147</ele>
						<time>2025-09-08T09:37:55Z</time>
					</trkpt>
					<trkpt lat="50.076000" lon="4.598310">
						<ele>147</ele>
						<time>2025-09-08T09:38:00Z</time>
					</trkpt>
					<trkpt lat="50.075960" lon="4.598480">
						<ele>147</ele>
						<time>2025-09-08T09:38:16Z</time>
					</trkpt>
					<trkpt lat="50.076000" lon="4.599030">
						<ele>148</ele>
						<time>2025-09-08T09:39:03Z</time>
					</trkpt>
					<trkpt lat="50.076610" lon="4.602230">
						<ele>177</ele>
						<time>2025-09-08T09:43:49Z</time>
					</trkpt>
					<trkpt lat="50.076720" lon="4.602650">
						<ele>178</ele>
						<time>2025-09-08T09:44:28Z</time>
					</trkpt>
					<trkpt lat="50.077160" lon="4.603880">
						<ele>183</ele>
						<time>2025-09-08T09:46:28Z</time>
					</trkpt>
					<trkpt lat="50.077650" lon="4.605390">
						<ele>185</ele>
						<time>2025-09-08T09:48:53Z</time>
					</trkpt>
					<trkpt lat="50.077850" lon="4.605880">
						<ele>183</ele>
						<time>2025-09-08T09:49:43Z</time>
					</trkpt>
					<trkpt lat="50.077970" lon="4.606310">
						<ele>183</ele>
						<time>2025-09-08T09:50:23Z</time>
					</trkpt>
					<trkpt lat="50.078010" lon="4.606630">
						<ele>183</ele>
						<time>2025-09-08T09:50:51Z</time>
					</trkpt>
					<trkpt lat="50.078210" lon="4.606540">
						<ele>184</ele>
						<time>2025-09-08T09:51:19Z</time>
					</trkpt>
					<trkpt lat="50.078440" lon="4.606520">
						<ele>186</ele>
						<time>2025-09-08T09:51:50Z</time>
					</trkpt>
					<trkpt lat="50.078940" lon="4.606280">
						<ele>191</ele>
						<time>2025-09-08T09:52:59Z</time>
					</trkpt>
					<trkpt lat="50.079140" lon="4.606080">
						<ele>193</ele>
						<time>2025-09-08T09:53:31Z</time>
					</trkpt>
					<trkpt lat="50.079170" lon="4.605990">
						<ele>193</ele>
						<time>2025-09-08T09:53:40Z</time>
					</trkpt>
					<trkpt lat="50.079250" lon="4.605570">
						<ele>196</ele>
						<time>2025-09-08T09:54:17Z</time>
					</trkpt>
					<trkpt lat="50.079350" lon="4.604580">
						<ele>202</ele>
						<time>2025-09-08T09:55:43Z</time>
					</trkpt>
					<trkpt lat="50.079380" lon="4.603730">
						<ele>205</ele>
						<time>2025-09-08T09:56:56Z</time>
					</trkpt>
					<trkpt lat="50.079440" lon="4.603270">
						<ele>208</ele>
						<time>2025-09-08T09:57:36Z</time>
					</trkpt>
					<trkpt lat="50.079500" lon="4.603010">
						<ele>209</ele>
						<time>2025-09-08T09:58:00Z</time>
					</trkpt>
					<trkpt lat="50.079580" lon="4.602790">
						<ele>210</ele>
						<time>2025-09-08T09:58:22Z</time>
					</trkpt>
					<trkpt lat="50.079630" lon="4.602510">
						<ele>210</ele>
						<time>2025-09-08T09:58:46Z</time>
					</trkpt>
					<trkpt lat="50.079620" lon="4.601060">
						<ele>211</ele>
						<time>2025-09-08T10:00:51Z</time>
					</trkpt>
					<trkpt lat="50.079540" lon="4.600150">
						<ele>212</ele>
						<time>2025-09-08T10:02:09Z</time>
					</trkpt>
					<trkpt lat="50.080290" lon="4.598690">
						<ele>202</ele>
						<time>2025-09-08T10:04:49Z</time>
					</trkpt>
					<trkpt lat="50.080730" lon="4.598570">
						<ele>194</ele>
						<time>2025-09-08T10:05:49Z</time>
					</trkpt>
					<trkpt lat="50.080990" lon="4.598530">
						<ele>188</ele>
						<time>2025-09-08T10:06:24Z</time>
					</trkpt>
					<trkpt lat="50.081340" lon="4.598280">
						<ele>179</ele>
						<time>2025-09-08T10:07:15Z</time>
					</trkpt>
					<trkpt lat="50.081530" lon="4.597760">
						<ele>168</ele>
						<time>2025-09-08T10:08:06Z</time>
					</trkpt>
					<trkpt lat="50.081710" lon="4.597480">
						<ele>162</ele>
						<time>2025-09-08T10:08:40Z</time>
					</trkpt>
					<trkpt lat="50.082030" lon="4.597170">
						<ele>156</ele>
						<time>2025-09-08T10:09:31Z</time>
					</trkpt>
					<trkpt lat="50.082460" lon="4.596880">
						<ele>151</ele>
						<time>2025-09-08T10:10:33Z</time>
					</trkpt>
					<trkpt lat="50.082680" lon="4.596770">
						<ele>149</ele>
						<time>2025-09-08T10:11:04Z</time>
					</trkpt>
					<trkpt lat="50.082780" lon="4.596770">
						<ele>149</ele>
						<time>2025-09-08T10:11:17Z</time>
					</trkpt>
					<trkpt lat="50.082860" lon="4.596810">
						<ele>149</ele>
						<time>2025-09-08T10:11:29Z</time>
					</trkpt>
					<trkpt lat="50.083050" lon="4.596970">
						<ele>150</ele>
						<time>2025-09-08T10:11:57Z</time>
					</trkpt>
					<trkpt lat="50.083510" lon="4.597480">
						<ele>155</ele>
						<time>2025-09-08T10:13:13Z</time>
					</trkpt>
					<trkpt lat="50.084040" lon="4.597890">
						<ele>160</ele>
						<time>2025-09-08T10:14:32Z</time>
					</trkpt>
					<trkpt lat="50.084150" lon="4.597530">
						<ele>151</ele>
						<time>2025-09-08T10:15:06Z</time>
					</trkpt>
					<trkpt lat="50.084290" lon="4.596900">
						<ele>150</ele>
						<time>2025-09-08T10:16:03Z</time>
					</trkpt>
					<trkpt lat="50.084290" lon="4.596810">
						<ele>150</ele>
						<time>2025-09-08T10:16:11Z</time>
					</trkpt>
					<trkpt lat="50.084340" lon="4.596780">
						<ele>150</ele>
						<time>2025-09-08T10:16:18Z</time>
					</trkpt>
					<trkpt lat="50.085070" lon="4.597300">
						<ele>148</ele>
						<time>2025-09-08T10:18:05Z</time>
					</trkpt>
					<trkpt lat="50.085730" lon="4.597520">
						<ele>149</ele>
						<time>2025-09-08T10:19:35Z</time>
					</trkpt>
					<trkpt lat="50.086160" lon="4.597570">
						<ele>150</ele>
						<time>2025-09-08T10:20:33Z</time>
					</trkpt>
					<trkpt lat="50.086610" lon="4.597480">
						<ele>150</ele>
						<time>2025-09-08T10:21:33Z</time>
					</trkpt>
					<trkpt lat="50.086890" lon="4.597340">
						<ele>151</ele>
						<time>2025-09-08T10:22:12Z</time>
					</trkpt>
					<trkpt lat="50.086990" lon="4.597190">
						<ele>152</ele>
						<time>2025-09-08T10:22:31Z</time>
					</trkpt>
					<trkpt lat="50.087040" lon="4.596950">
						<ele>154</ele>
						<time>2025-09-08T10:22:52Z</time>
					</trkpt>
					<trkpt lat="50.086380" lon="4.597110">
						<ele>155</ele>
						<time>2025-09-08T10:24:22Z</time>
					</trkpt>
					<trkpt lat="50.086240" lon="4.596550">
						<ele>161</ele>
						<time>2025-09-08T10:25:13Z</time>
					</trkpt>
					<trkpt lat="50.086060" lon="4.595960">
						<ele>170</ele>
						<time>2025-09-08T10:26:09Z</time>
					</trkpt>
					<trkpt lat="50.085960" lon="4.595250">
						<ele>180</ele>
						<time>2025-09-08T10:27:11Z</time>
					</trkpt>
					<trkpt lat="50.086000" lon="4.595020">
						<ele>182</ele>
						<time>2025-09-08T10:27:32Z</time>
					</trkpt>
					<trkpt lat="50.085960" lon="4.594800">
						<ele>185</ele>
						<time>2025-09-08T10:27:51Z</time>
					</trkpt>
					<trkpt lat="50.085680" lon="4.594090">
						<ele>196</ele>
						<time>2025-09-08T10:29:03Z</time>
					</trkpt>
					<trkpt lat="50.085550" lon="4.593690">
						<ele>197</ele>
						<time>2025-09-08T10:29:41Z</time>
					</trkpt>
					<trkpt lat="50.085390" lon="4.593650">
						<ele>200</ele>
						<time>2025-09-08T10:30:03Z</time>
					</trkpt>
					<trkpt lat="50.085220" lon="4.593660">
						<ele>202</ele>
						<time>2025-09-08T10:30:25Z</time>
					</trkpt>
					<trkpt lat="50.084630" lon="4.592910">
						<ele>213</ele>
						<time>2025-09-08T10:32:07Z</time>
					</trkpt>
					<trkpt lat="50.084490" lon="4.592350">
						<ele>217</ele>
						<time>2025-09-08T10:32:58Z</time>
					</trkpt>
					<trkpt lat="50.084070" lon="4.591220">
						<ele>221</ele>
						<time>2025-09-08T10:34:50Z</time>
					</trkpt>
					<trkpt lat="50.084040" lon="4.590430">
						<ele>218</ele>
						<time>2025-09-08T10:35:58Z</time>
					</trkpt>
					<trkpt lat="50.083750" lon="4.588840">
						<ele>219</ele>
						<time>2025-09-08T10:38:19Z</time>
					</trkpt>
					<trkpt lat="50.083520" lon="4.588490">
						<ele>220</ele>
						<time>2025-09-08T10:39:02Z</time>
					</trkpt>
					<trkpt lat="50.083330" lon="4.587590">
						<ele>221</ele>
						<time>2025-09-08T10:40:23Z</time>
					</trkpt>
					<trkpt lat="50.083380" lon="4.587100">
						<ele>222</ele>
						<time>2025-09-08T10:41:06Z</time>
					</trkpt>
					<trkpt lat="50.082900" lon="4.584510">
						<ele>224</ele>
						<time>2025-09-08T10:44:57Z</time>
					</trkpt>
					<trkpt lat="50.082590" lon="4.583900">
						<ele>226</ele>
						<time>2025-09-08T10:46:03Z</time>
					</trkpt>
					<trkpt lat="50.081630" lon="4.581330">
						<ele>230</ele>
						<time>2025-09-08T10:50:18Z</time>
					</trkpt>
					<trkpt lat="50.081560" lon="4.580510">
						<ele>230</ele>
						<time>2025-09-08T10:51:29Z</time>
					</trkpt>
					<trkpt lat="50.081410" lon="4.579760">
						<ele>226</ele>
						<time>2025-09-08T10:52:36Z</time>
					</trkpt>
					<trkpt lat="50.081180" lon="4.579460">
						<ele>225</ele>
						<time>2025-09-08T10:53:16Z</time>
					</trkpt>
					<trkpt lat="50.080200" lon="4.576950">
						<ele>225</ele>
						<time>2025-09-08T10:57:28Z</time>
					</trkpt>
					<trkpt lat="50.080060" lon="4.576280">
						<ele>222</ele>
						<time>2025-09-08T10:58:28Z</time>
					</trkpt>
					<trkpt lat="50.079620" lon="4.575000">
						<ele>215</ele>
						<time>2025-09-08T11:00:33Z</time>
					</trkpt>
					<trkpt lat="50.078500" lon="4.573870">
						<ele>224</ele>
						<time>2025-09-08T11:03:31Z</time>
					</trkpt>
					<trkpt lat="50.078310" lon="4.573340">
						<ele>227</ele>
						<time>2025-09-08T11:04:23Z</time>
					</trkpt>
					<trkpt lat="50.077230" lon="4.572040">
						<ele>223</ele>
						<time>2025-09-08T11:07:25Z</time>
					</trkpt>
					<trkpt lat="50.076490" lon="4.570670">
						<ele>216</ele>
						<time>2025-09-08T11:09:58Z</time>
					</trkpt>
					<trkpt lat="50.076050" lon="4.569550">
						<ele>215</ele>
						<time>2025-09-08T11:11:50Z</time>
					</trkpt>
					<trkpt lat="50.075810" lon="4.569350">
						<ele>214</ele>
						<time>2025-09-08T11:12:27Z</time>
					</trkpt>
					<trkpt lat="50.075620" lon="4.568710">
						<ele>215</ele>
						<time>2025-09-08T11:13:27Z</time>
					</trkpt>
					<trkpt lat="50.075530" lon="4.568130">
						<ele>215</ele>
						<time>2025-09-08T11:14:18Z</time>
					</trkpt>
					<trkpt lat="50.075380" lon="4.567470">
						<ele>215</ele>
						<time>2025-09-08T11:15:18Z</time>
					</trkpt>
					<trkpt lat="50.075300" lon="4.566830">
						<ele>217</ele>
						<time>2025-09-08T11:16:14Z</time>
					</trkpt>
					<trkpt lat="50.074870" lon="4.565520">
						<ele>219</ele>
						<time>2025-09-08T11:18:20Z</time>
					</trkpt>
					<trkpt lat="50.074610" lon="4.564390">
						<ele>218</ele>
						<time>2025-09-08T11:20:03Z</time>
					</trkpt>
					<trkpt lat="50.074150" lon="4.562820">
						<ele>216</ele>
						<time>2025-09-08T11:22:31Z</time>
					</trkpt>
					<trkpt lat="50.074030" lon="4.562060">
						<ele>216</ele>
						<time>2025-09-08T11:23:38Z</time>
					</trkpt>
					<trkpt lat="50.073910" lon="4.561550">
						<ele>216</ele>
						<time>2025-09-08T11:24:24Z</time>
					</trkpt>
					<trkpt lat="50.073800" lon="4.561180">
						<ele>215</ele>
						<time>2025-09-08T11:24:59Z</time>
					</trkpt>
					<trkpt lat="50.073710" lon="4.561010">
						<ele>214</ele>
						<time>2025-09-08T11:25:18Z</time>
					</trkpt>
					<trkpt lat="50.073560" lon="4.560850">
						<ele>213</ele>
						<time>2025-09-08T11:25:42Z</time>
					</trkpt>
					<trkpt lat="50.073450" lon="4.560670">
						<ele>212</ele>
						<time>2025-09-08T11:26:04Z</time>
					</trkpt>
					<trkpt lat="50.073370" lon="4.560390">
						<ele>211</ele>
						<time>2025-09-08T11:26:30Z</time>
					</trkpt>
					<trkpt lat="50.073130" lon="4.559210">
						<ele>208</ele>
						<time>2025-09-08T11:28:16Z</time>
					</trkpt>
					<trkpt lat="50.072950" lon="4.558120">
						<ele>205</ele>
						<time>2025-09-08T11:29:52Z</time>
					</trkpt>
					<trkpt lat="50.072830" lon="4.557610">
						<ele>204</ele>
						<time>2025-09-08T11:30:39Z</time>
					</trkpt>
					<trkpt lat="50.072470" lon="4.556620">
						<ele>202</ele>
						<time>2025-09-08T11:32:16Z</time>
					</trkpt>
					<trkpt lat="50.072360" lon="4.556040">
						<ele>201</ele>
						<time>2025-09-08T11:33:08Z</time>
					</trkpt>
					<trkpt lat="50.071920" lon="4.554760">
						<ele>198</ele>
						<time>2025-09-08T11:35:12Z</time>
					</trkpt>
					<trkpt lat="50.071780" lon="4.554200">
						<ele>194</ele>
						<time>2025-09-08T11:36:04Z</time>
					</trkpt>
					<trkpt lat="50.071550" lon="4.553540">
						<ele>191</ele>
						<time>2025-09-08T11:37:08Z</time>
					</trkpt>
					<trkpt lat="50.071430" lon="4.553090">
						<ele>189</ele>
						<time>2025-09-08T11:37:50Z</time>
					</trkpt>
					<trkpt lat="50.071270" lon="4.552120">
						<ele>184</ele>
						<time>2025-09-08T11:39:16Z</time>
					</trkpt>
					<trkpt lat="50.071240" lon="4.550330">
						<ele>162</ele>
						<time>2025-09-08T11:41:49Z</time>
					</trkpt>
					<trkpt lat="50.071560" lon="4.550260">
						<ele>162</ele>
						<time>2025-09-08T11:42:32Z</time>
					</trkpt>
					<trkpt lat="50.071820" lon="4.550120">
						<ele>161</ele>
						<time>2025-09-08T11:43:09Z</time>
					</trkpt>
					<trkpt lat="50.072350" lon="4.549680">
						<ele>160</ele>
						<time>2025-09-08T11:44:29Z</time>
					</trkpt>
					<trkpt lat="50.072540" lon="4.549660">
						<ele>160</ele>
						<time>2025-09-08T11:44:55Z</time>
					</trkpt>
					<trkpt lat="50.074210" lon="4.549160">
						<ele>155</ele>
						<time>2025-09-08T11:48:41Z</time>
					</trkpt>
					<trkpt lat="50.074470" lon="4.549130">
						<ele>155</ele>
						<time>2025-09-08T11:49:16Z</time>
					</trkpt>
					<trkpt lat="50.074540" lon="4.549020">
						<ele>156</ele>
						<time>2025-09-08T11:49:30Z</time>
					</trkpt>
					<trkpt lat="50.074770" lon="4.548320">
						<ele>156</ele>
						<time>2025-09-08T11:50:37Z</time>
					</trkpt>
					<trkpt lat="50.074590" lon="4.548220">
						<ele>156</ele>
						<time>2025-09-08T11:51:02Z</time>
					</trkpt>
					<trkpt lat="50.074410" lon="4.548050">
						<ele>157</ele>
						<time>2025-09-08T11:51:30Z</time>
					</trkpt>
					<trkpt lat="50.074320" lon="4.547920">
						<ele>157</ele>
						<time>2025-09-08T11:51:47Z</time>
					</trkpt>
					<trkpt lat="50.074290" lon="4.547810">
						<ele>157</ele>
						<time>2025-09-08T11:51:57Z</time>
					</trkpt>
					<trkpt lat="50.074230" lon="4.547820">
						<ele>157</ele>
						<time>2025-09-08T11:52:05Z</time>
					</trkpt>
					<trkpt lat="50.074140" lon="4.547910">
						<ele>157</ele>
						<time>2025-09-08T11:52:19Z</time>
					</trkpt>
					<trkpt lat="50.074030" lon="4.547950">
						<ele>157</ele>
						<time>2025-09-08T11:52:34Z</time>
					</trkpt>
					<trkpt lat="50.073960" lon="4.548090">
						<ele>157</ele>
						<time>2025-09-08T11:52:50Z</time>
					</trkpt>
					<trkpt lat="50.073470" lon="4.548390">
						<ele>157</ele>
						<time>2025-09-08T11:54:00Z</time>
					</trkpt>
					<trkpt lat="50.072470" lon="4.548830">
						<ele>159</ele>
						<time>2025-09-08T11:56:19Z</time>
					</trkpt>
					<trkpt lat="50.071830" lon="4.549010">
						<ele>159</ele>
						<time>2025-09-08T11:57:45Z</time>
					</trkpt>
					<trkpt lat="50.071480" lon="4.549090">
						<ele>158</ele>
						<time>2025-09-08T11:58:33Z</time>
					</trkpt>
					<trkpt lat="50.071040" lon="4.549000">
						<ele>159</ele>
						<time>2025-09-08T11:59:32Z</time>
					</trkpt>
					<trkpt lat="50.070610" lon="4.548840">
						<ele>160</ele>
						<time>2025-09-08T12:00:31Z</time>
					</trkpt>
					<trkpt lat="50.070450" lon="4.548870">
						<ele>160</ele>
						<time>2025-09-08T12:00:52Z</time>
					</trkpt>
					<trkpt lat="50.070370" lon="4.548390">
						<ele>163</ele>
						<time>2025-09-08T12:01:35Z</time>
					</trkpt>
					<trkpt lat="50.070310" lon="4.548260">
						<ele>165</ele>
						<time>2025-09-08T12:01:48Z</time>
					</trkpt>
					<trkpt lat="50.070220" lon="4.548160">
						<ele>167</ele>
						<time>2025-09-08T12:02:03Z</time>
					</trkpt>
					<trkpt lat="50.069930" lon="4.547950">
						<ele>169</ele>
						<time>2025-09-08T12:02:46Z</time>
					</trkpt>
					<trkpt lat="50.069510" lon="4.547740">
						<ele>167</ele>
						<time>2025-09-08T12:03:45Z</time>
					</trkpt>
					<trkpt lat="50.069100" lon="4.547380">
						<ele>167</ele>
						<time>2025-09-08T12:04:48Z</time>
					</trkpt>
					<trkpt lat="50.068390" lon="4.546920">
						<ele>169</ele>
						<time>2025-09-08T12:06:30Z</time>
					</trkpt>
					<trkpt lat="50.068100" lon="4.546740">
						<ele>169</ele>
						<time>2025-09-08T12:07:12Z</time>
					</trkpt>
					<trkpt lat="50.067730" lon="4.546570">
						<ele>168</ele>
						<time>2025-09-08T12:08:03Z</time>
					</trkpt>
					<trkpt lat="50.067110" lon="4.546110">
						<ele>168</ele>
						<time>2025-09-08T12:09:35Z</time>
					</trkpt>
					<trkpt lat="50.066800" lon="4.545760">
						<ele>170</ele>
						<time>2025-09-08T12:10:26Z</time>
					</trkpt>
					<trkpt lat="50.066250" lon="4.545020">
						<ele>175</ele>
						<time>2025-09-08T12:12:03Z</time>
					</trkpt>
					<trkpt lat="50.065510" lon="4.543800">
						<ele>176</ele>
						<time>2025-09-08T12:14:27Z</time>
					</trkpt>
					<trkpt lat="50.064990" lon="4.542490">
						<ele>175</ele>
						<time>2025-09-08T12:16:39Z</time>
					</trkpt>
					<trkpt lat="50.064550" lon="4.540890">
						<ele>176</ele>
						<time>2025-09-08T12:19:08Z</time>
					</trkpt>
					<trkpt lat="50.064280" lon="4.538490">
						<ele>178</ele>
						<time>2025-09-08T12:22:37Z</time>
					</trkpt>
					<trkpt lat="50.063940" lon="4.536650">
						<ele>183</ele>
						<time>2025-09-08T12:25:21Z</time>
					</trkpt>
					<trkpt lat="50.063560" lon="4.534400">
						<ele>181</ele>
						<time>2025-09-08T12:28:40Z</time>
					</trkpt>
					<trkpt lat="50.063350" lon="4.534060">
						<ele>174</ele>
						<time>2025-09-08T12:29:20Z</time>
					</trkpt>
					<trkpt lat="50.063090" lon="4.534070">
						<ele>171</ele>
						<time>2025-09-08T12:29:55Z</time>
					</trkpt>
					<trkpt lat="50.062890" lon="4.533880">
						<ele>169</ele>
						<time>2025-09-08T12:30:26Z</time>
					</trkpt>
					<trkpt lat="50.062430" lon="4.533280">
						<ele>164</ele>
						<time>2025-09-08T12:31:46Z</time>
					</trkpt>
					<trkpt lat="50.062030" lon="4.532620">
						<ele>165</ele>
						<time>2025-09-08T12:33:04Z</time>
					</trkpt>
					<trkpt lat="50.061500" lon="4.531550">
						<ele>167</ele>
						<time>2025-09-08T12:35:00Z</time>
					</trkpt>
					<trkpt lat="50.060400" lon="4.530240">
						<ele>165</ele>
						<time>2025-09-08T12:38:05Z</time>
					</trkpt>
					<trkpt lat="50.060320" lon="4.530750">
						<ele>164</ele>
						<time>2025-09-08T12:38:50Z</time>
					</trkpt>
					<trkpt lat="50.060270" lon="4.530830">
						<ele>164</ele>
						<time>2025-09-08T12:38:59Z</time>
					</trkpt>
					<trkpt lat="50.059450" lon="4.530720">
						<ele>164</ele>
						<time>2025-09-08T12:40:49Z</time>
					</trkpt>
					<trkpt lat="50.059510" lon="4.531320">
						<ele>164</ele>
						<time>2025-09-08T12:41:41Z</time>
					</trkpt>
					<trkpt lat="50.058640" lon="4.531840">
						<ele>167</ele>
						<time>2025-09-08T12:43:45Z</time>
					</trkpt>
					<trkpt lat="50.058550" lon="4.531730">
						<ele>167</ele>
						<time>2025-09-08T12:44:01Z</time>
					</trkpt>
					<trkpt lat="50.058430" lon="4.531980">
						<ele>167</ele>
						<time>2025-09-08T12:44:27Z</time>
					</trkpt>
					<trkpt lat="50.057970" lon="4.532510">
						<ele>169</ele>
						<time>2025-09-08T12:45:44Z</time>
					</trkpt>
					<trkpt lat="50.057510" lon="4.532770">
						<ele>171</ele>
						<time>2025-09-08T12:46:49Z</time>
					</trkpt>
					<trkpt lat="50.056510" lon="4.533460">
						<ele>178</ele>
						<time>2025-09-08T12:49:15Z</time>
					</trkpt>
					<trkpt lat="50.055860" lon="4.533650">
						<ele>181</ele>
						<time>2025-09-08T12:50:43Z</time>
					</trkpt>
					<trkpt lat="50.055410" lon="4.533110">
						<ele>190</ele>
						<time>2025-09-08T12:51:59Z</time>
					</trkpt>
					<trkpt lat="50.054950" lon="4.532170">
						<ele>195</ele>
						<time>2025-09-08T12:53:40Z</time>
					</trkpt>
					<trkpt lat="50.053940" lon="4.531150">
						<ele>209</ele>
						<time>2025-09-08T12:56:21Z</time>
					</trkpt>
					<trkpt lat="50.053640" lon="4.530750">
						<ele>213</ele>
						<time>2025-09-08T12:57:14Z</time>
					</trkpt>
					<trkpt lat="50.052990" lon="4.529790">
						<ele>216</ele>
						<time>2025-09-08T12:59:13Z</time>
					</trkpt>
					<trkpt lat="50.052100" lon="4.528690">
						<ele>221</ele>
						<time>2025-09-08T13:01:45Z</time>
					</trkpt>
					<trkpt lat="50.051620" lon="4.528350">
						<ele>222</ele>
						<time>2025-09-08T13:02:55Z</time>
					</trkpt>
					<trkpt lat="50.051460" lon="4.528090">
						<ele>224</ele>
						<time>2025-09-08T13:03:26Z</time>
					</trkpt>
					<trkpt lat="50.051380" lon="4.527810">
						<ele>225</ele>
						<time>2025-09-08T13:03:52Z</time>
					</trkpt>
					<trkpt lat="50.051300" lon="4.527000">
						<ele>228</ele>
						<time>2025-09-08T13:05:03Z</time>
					</trkpt>
					<trkpt lat="50.050930" lon="4.525890">
						<ele>231</ele>
						<time>2025-09-08T13:06:50Z</time>
					</trkpt>
					<trkpt lat="50.050660" lon="4.525420">
						<ele>231</ele>
						<time>2025-09-08T13:07:44Z</time>
					</trkpt>
					<trkpt lat="50.050470" lon="4.525220">
						<ele>233</ele>
						<time>2025-09-08T13:08:14Z</time>
					</trkpt>
					<trkpt lat="50.050230" lon="4.525050">
						<ele>235</ele>
						<time>2025-09-08T13:08:50Z</time>
					</trkpt>
					<trkpt lat="50.049460" lon="4.525450">
						<ele>247</ele>
						<time>2025-09-08T13:10:38Z</time>
					</trkpt>
					<trkpt lat="50.049310" lon="4.525430">
						<ele>250</ele>
						<time>2025-09-08T13:10:58Z</time>
					</trkpt>
					<trkpt lat="50.048800" lon="4.524500">
						<ele>257</ele>
						<time>2025-09-08T13:12:43Z</time>
					</trkpt>
					<trkpt lat="50.048540" lon="4.524440">
						<ele>261</ele>
						<time>2025-09-08T13:13:18Z</time>
					</trkpt>
					<trkpt lat="50.048050" lon="4.524620">
						<ele>269</ele>
						<time>2025-09-08T13:14:25Z</time>
					</trkpt>
					<trkpt lat="50.046870" lon="4.524270">
						<ele>283</ele>
						<time>2025-09-08T13:17:05Z</time>
					</trkpt>
					<trkpt lat="50.046470" lon="4.523680">
						<ele>289</ele>
						<time>2025-09-08T13:18:19Z</time>
					</trkpt>
					<trkpt lat="50.046200" lon="4.522610">
						<ele>290</ele>
						<time>2025-09-08T13:19:57Z</time>
					</trkpt>
					<trkpt lat="50.045850" lon="4.521450">
						<ele>288</ele>
						<time>2025-09-08T13:21:47Z</time>
					</trkpt>
					<trkpt lat="50.045230" lon="4.520810">
						<ele>290</ele>
						<time>2025-09-08T13:23:26Z</time>
					</trkpt>
					<trkpt lat="50.044930" lon="4.519950">
						<ele>288</ele>
						<time>2025-09-08T13:24:50Z</time>
					</trkpt>
					<trkpt lat="50.044890" lon="4.519670">
						<ele>288</ele>
						<time>2025-09-08T13:25:15Z</time>
					</trkpt>
					<trkpt lat="50.045020" lon="4.518610">
						<ele>284</ele>
						<time>2025-09-08T13:26:47Z</time>
					</trkpt>
					<trkpt lat="50.045110" lon="4.518190">
						<ele>282</ele>
						<time>2025-09-08T13:27:25Z</time>
					</trkpt>
					<trkpt lat="50.044930" lon="4.517690">
						<ele>284</ele>
						<time>2025-09-08T13:28:14Z</time>
					</trkpt>
					<trkpt lat="50.044640" lon="4.517580">
						<ele>283</ele>
						<time>2025-09-08T13:28:54Z</time>
					</trkpt>
					<trkpt lat="50.044640" lon="4.516870">
						<ele>280</ele>
						<time>2025-09-08T13:29:55Z</time>
					</trkpt>
					<trkpt lat="50.044570" lon="4.516280">
						<ele>277</ele>
						<time>2025-09-08T13:30:47Z</time>
					</trkpt>
					<trkpt lat="50.044360" lon="4.515170">
						<ele>271</ele>
						<time>2025-09-08T13:32:26Z</time>
					</trkpt>
					<trkpt lat="50.044350" lon="4.513980">
						<ele>267</ele>
						<time>2025-09-08T13:34:08Z</time>
					</trkpt>
					<trkpt lat="50.044420" lon="4.513520">
						<ele>264</ele>
						<time>2025-09-08T13:34:48Z</time>
					</trkpt>
					<trkpt lat="50.044560" lon="4.513240">
						<ele>261</ele>
						<time>2025-09-08T13:35:19Z</time>
					</trkpt>
					<trkpt lat="50.045020" lon="4.512810">
						<ele>254</ele>
						<time>2025-09-08T13:36:30Z</time>
					</trkpt>
					<trkpt lat="50.045320" lon="4.512770">
						<ele>249</ele>
						<time>2025-09-08T13:37:10Z</time>
					</trkpt>
					<trkpt lat="50.045970" lon="4.512950">
						<ele>239</ele>
						<time>2025-09-08T13:38:39Z</time>
					</trkpt>
					<trkpt lat="50.046130" lon="4.512880">
						<ele>238</ele>
						<time>2025-09-08T13:39:01Z</time>
					</trkpt>
					<trkpt lat="50.046230" lon="4.512770">
						<ele>237</ele>
						<time>2025-09-08T13:39:17Z</time>
					</trkpt>
					<trkpt lat="50.046310" lon="4.512550">
						<ele>236</ele>
						<time>2025-09-08T13:39:39Z</time>
					</trkpt>
					<trkpt lat="50.046390" lon="4.511450">
						<ele>235</ele>
						<time>2025-09-08T13:41:14Z</time>
					</trkpt>
					<trkpt lat="50.046490" lon="4.510920">
						<ele>234</ele>
						<time>2025-09-08T13:42:01Z</time>
					</trkpt>
					<trkpt lat="50.046720" lon="4.509960">
						<ele>233</ele>
						<time>2025-09-08T13:43:29Z</time>
					</trkpt>
					<trkpt lat="50.046740" lon="4.509740">
						<ele>232</ele>
						<time>2025-09-08T13:43:48Z</time>
					</trkpt>
					<trkpt lat="50.046720" lon="4.509410">
						<ele>231</ele>
						<time>2025-09-08T13:44:16Z</time>
					</trkpt>
					<trkpt lat="50.046580" lon="4.508710">
						<ele>230</ele>
						<time>2025-09-08T13:45:19Z</time>
					</trkpt>
					<trkpt lat="50.046580" lon="4.508520">
						<ele>229</ele>
						<time>2025-09-08T13:45:35Z</time>
					</trkpt>
					<trkpt lat="50.046660" lon="4.507940">
						<ele>227</ele>
						<time>2025-09-08T13:46:26Z</time>
					</trkpt>
					<trkpt lat="50.047030" lon="4.507380">
						<ele>225</ele>
						<time>2025-09-08T13:47:35Z</time>
					</trkpt>
					<trkpt lat="50.047190" lon="4.506940">
						<ele>225</ele>
						<time>2025-09-08T13:48:18Z</time>
					</trkpt>
					<trkpt lat="50.047570" lon="4.505150">
						<ele>222</ele>
						<time>2025-09-08T13:51:00Z</time>
					</trkpt>
					<trkpt lat="50.047840" lon="4.504800">
						<ele>221</ele>
						<time>2025-09-08T13:51:47Z</time>
					</trkpt>
					<trkpt lat="50.048290" lon="4.504120">
						<ele>218</ele>
						<time>2025-09-08T13:53:10Z</time>
					</trkpt>
					<trkpt lat="50.049010" lon="4.503140">
						<ele>214</ele>
						<time>2025-09-08T13:55:18Z</time>
					</trkpt>
					<trkpt lat="50.049410" lon="4.502440">
						<ele>213</ele>
						<time>2025-09-08T13:56:38Z</time>
					</trkpt>
					<trkpt lat="50.049690" lon="4.502220">
						<ele>214</ele>
						<time>2025-09-08T13:57:20Z</time>
					</trkpt>
					<trkpt lat="50.049940" lon="4.502100">
						<ele>214</ele>
						<time>2025-09-08T13:57:55Z</time>
					</trkpt>
					<trkpt lat="50.050140" lon="4.501830">
						<ele>214</ele>
						<time>2025-09-08T13:58:30Z</time>
					</trkpt>
					<trkpt lat="50.050320" lon="4.502030">
						<ele>214</ele>
						<time>2025-09-08T13:59:00Z</time>
					</trkpt>
					<trkpt lat="50.050430" lon="4.502320">
						<ele>214</ele>
						<time>2025-09-08T13:59:29Z</time>
					</trkpt>
					<trkpt lat="50.050570" lon="4.502370">
						<ele>213</ele>
						<time>2025-09-08T13:59:48Z</time>
					</trkpt>
					<trkpt lat="50.050650" lon="4.502270">
						<ele>213</ele>
						<time>2025-09-08T14:00:02Z</time>
					</trkpt>
					<trkpt lat="50.050720" lon="4.501560">
						<ele>212</ele>
						<time>2025-09-08T14:01:03Z</time>
					</trkpt>
					<trkpt lat="50.050750" lon="4.500740">
						<ele>209</ele>
						<time>2025-09-08T14:02:14Z</time>
					</trkpt>
					<trkpt lat="50.050810" lon="4.500070">
						<ele>209</ele>
						<time>2025-09-08T14:03:12Z</time>
					</trkpt>
					<trkpt lat="50.050760" lon="4.499450">
						<ele>208</ele>
						<time>2025-09-08T14:04:05Z</time>
					</trkpt>
					<trkpt lat="50.050690" lon="4.499370">
						<ele>208</ele>
						<time>2025-09-08T14:04:17Z</time>
					</trkpt>
					<trkpt lat="50.050710" lon="4.499270">
						<ele>208</ele>
						<time>2025-09-08T14:04:26Z</time>
					</trkpt>
					<trkpt lat="50.050980" lon="4.498840">
						<ele>206</ele>
						<time>2025-09-08T14:05:17Z</time>
					</trkpt>
					<trkpt lat="50.051180" lon="4.498120">
						<ele>201</ele>
						<time>2025-09-08T14:06:24Z</time>
					</trkpt>
					<trkpt lat="50.051080" lon="4.498020">
						<ele>201</ele>
						<time>2025-09-08T14:06:40Z</time>
					</trkpt>
					<trkpt lat="50.051000" lon="4.497860">
						<ele>199</ele>
						<time>2025-09-08T14:06:58Z</time>
					</trkpt>
					<trkpt lat="50.051160" lon="4.497460">
						<ele>196</ele>
						<time>2025-09-08T14:07:38Z</time>
					</trkpt>
					<trkpt lat="50.051270" lon="4.497320">
						<ele>196</ele>
						<time>2025-09-08T14:07:57Z</time>
					</trkpt>
					<trkpt lat="50.051360" lon="4.497340">
						<ele>196</ele>
						<time>2025-09-08T14:08:09Z</time>
					</trkpt>
					<trkpt lat="50.051360" lon="4.497250">
						<ele>195</ele>
						<time>2025-09-08T14:08:17Z</time>
					</trkpt>
					<trkpt lat="50.051430" lon="4.497110">
						<ele>195</ele>
						<time>2025-09-08T14:08:32Z</time>
					</trkpt>
					<trkpt lat="50.051620" lon="4.496940">
						<ele>194</ele>
						<time>2025-09-08T14:09:01Z</time>
					</trkpt>
					<trkpt lat="50.051680" lon="4.496850">
						<ele>193</ele>
						<time>2025-09-08T14:09:12Z</time>
					</trkpt>
					<trkpt lat="50.051520" lon="4.496580">
						<ele>191</ele>
						<time>2025-09-08T14:09:44Z</time>
					</trkpt>
					<trkpt lat="50.051430" lon="4.496580">
						<ele>190</ele>
						<time>2025-09-08T14:09:56Z</time>
					</trkpt>
					<trkpt lat="50.051360" lon="4.496420">
						<ele>189</ele>
						<time>2025-09-08T14:10:12Z</time>
					</trkpt>
					</trkseg>
				</trk>
			</gpx>