<?xml version="1.0" encoding="UTF-8" standalone="no" ?> <gpx xmlns="http://www.topografix.com/GPX/1/1" creator="http://www.traildino.com" version="1.1" xmlns:xsi="http://www.w3.org/2001/XMLSchema-instance" xsi:schemaLocation="http://www.topografix.com/GPX/1/1 http://www.topografix.com/GPX/1/1/gpx.xsd"><metadata> <name>Via Mosana</name> <copyright author="OpenStreetMap and Contributors"> <license>http://www.opendatacommons.org/licenses/odbl/</license> </copyright> <link href="http://www.traildino.com"> <text>Traildino</text> </link> </metadata><trk><name>JW-1 (0) Via Mosana</name><cmt>Via Mosana</cmt><trkseg><trkpt lat="50.7747629" lon="6.083385"/><trkpt lat="50.774758" lon="6.0828057"/><trkpt lat="50.7747553" lon="6.0826749"/><trkpt lat="50.7746124" lon="6.082676"/><trkpt lat="50.7745473" lon="6.0827122"/><trkpt lat="50.7745273" lon="6.0825892"/><trkpt lat="50.7745089" lon="6.0825216"/><trkpt lat="50.7743744" lon="6.0822427"/><trkpt lat="50.7743449" lon="6.0821991"/><trkpt lat="50.7743053" lon="6.0821431"/><trkpt lat="50.7739676" lon="6.0817569"/><trkpt lat="50.7737712" lon="6.0815363"/><trkpt lat="50.7736182" lon="6.0813242"/><trkpt lat="50.7735376" lon="6.0811969"/><trkpt lat="50.773573" lon="6.0811515"/><trkpt lat="50.77358" lon="6.0811426"/><trkpt lat="50.7736418" lon="6.0810585"/><trkpt lat="50.7737564" lon="6.0808903"/><trkpt lat="50.7738032" lon="6.0807845"/><trkpt lat="50.7738013" lon="6.0807459"/><trkpt lat="50.7734651" lon="6.0802028"/><trkpt lat="50.7733967" lon="6.0800131"/><trkpt lat="50.7733063" lon="6.0798866"/><trkpt lat="50.7732511" lon="6.0798846"/><trkpt lat="50.773116" lon="6.0798735"/><trkpt lat="50.7730473" lon="6.0797713"/><trkpt lat="50.7730463" lon="6.0795738"/><trkpt lat="50.7729743" lon="6.0794544"/><trkpt lat="50.7729759" lon="6.0793559"/><trkpt lat="50.7729768" lon="6.0793363"/><trkpt lat="50.7729482" lon="6.0791943"/><trkpt lat="50.772876" lon="6.0790478"/><trkpt lat="50.7728978" lon="6.07857"/><trkpt lat="50.7729108" lon="6.0785536"/><trkpt lat="50.772976" lon="6.0784714"/><trkpt lat="50.7730199" lon="6.0784161"/><trkpt lat="50.7732482" lon="6.0781188"/><trkpt lat="50.7734492" lon="6.0778568"/><trkpt lat="50.7733349" lon="6.0776812"/><trkpt lat="50.7731524" lon="6.07748"/><trkpt lat="50.7729017" lon="6.0772818"/><trkpt lat="50.7728718" lon="6.0772631"/><trkpt lat="50.7727858" lon="6.0772244"/><trkpt lat="50.7726562" lon="6.0771642"/><trkpt lat="50.7726013" lon="6.0771401"/><trkpt lat="50.7725834" lon="6.0771303"/><trkpt lat="50.7725682" lon="6.0771225"/><trkpt lat="50.7724806" lon="6.0770799"/><trkpt lat="50.7724483" lon="6.0770647"/><trkpt lat="50.7721792" lon="6.0769334"/><trkpt lat="50.7721245" lon="6.0769012"/><trkpt lat="50.7720424" lon="6.0768421"/><trkpt lat="50.7719641" lon="6.076777"/><trkpt lat="50.7718558" lon="6.0766761"/><trkpt lat="50.7717449" lon="6.0765529"/><trkpt lat="50.7716288" lon="6.0764027"/><trkpt lat="50.7713982" lon="6.0760832"/><trkpt lat="50.7711668" lon="6.0757355"/><trkpt lat="50.7711331" lon="6.0756827"/><trkpt lat="50.7710957" lon="6.0756209"/><trkpt lat="50.7708771" lon="6.0754241"/><trkpt lat="50.770824" lon="6.0753776"/><trkpt lat="50.770746" lon="6.0753081"/><trkpt lat="50.7706691" lon="6.0752453"/><trkpt lat="50.7706237" lon="6.075208"/><trkpt lat="50.7705954" lon="6.0751867"/><trkpt lat="50.7704896" lon="6.0751136"/><trkpt lat="50.7700266" lon="6.0747724"/><trkpt lat="50.7697191" lon="6.0745462"/><trkpt lat="50.7695382" lon="6.0744098"/><trkpt lat="50.7694678" lon="6.0743567"/><trkpt lat="50.7694324" lon="6.07433"/><trkpt lat="50.7693795" lon="6.0742916"/><trkpt lat="50.7693464" lon="6.0742683"/><trkpt lat="50.7692375" lon="6.0741885"/><trkpt lat="50.7692129" lon="6.0741692"/><trkpt lat="50.7691679" lon="6.0741338"/><trkpt lat="50.7691146" lon="6.0740851"/><trkpt lat="50.7690443" lon="6.074022"/><trkpt lat="50.7690184" lon="6.0739999"/><trkpt lat="50.7689449" lon="6.0739404"/><trkpt lat="50.7689305" lon="6.0739279"/><trkpt lat="50.7686782" lon="6.0737232"/><trkpt lat="50.7681205" lon="6.0732829"/><trkpt lat="50.7679744" lon="6.0731721"/><trkpt lat="50.7678849" lon="6.073099"/><trkpt lat="50.7678708" lon="6.0730862"/><trkpt lat="50.7678365" lon="6.0730594"/><trkpt lat="50.7676576" lon="6.0729182"/><trkpt lat="50.7674547" lon="6.0727601"/><trkpt lat="50.7674202" lon="6.0725704"/><trkpt lat="50.7673959" lon="6.072506"/><trkpt lat="50.7664362" lon="6.0717416"/><trkpt lat="50.766406" lon="6.0717171"/><trkpt lat="50.7661759" lon="6.07153"/><trkpt lat="50.7660975" lon="6.0714654"/><trkpt lat="50.7657908" lon="6.0712267"/><trkpt lat="50.765734" lon="6.0712355"/><trkpt lat="50.7657044" lon="6.0712095"/><trkpt lat="50.7653456" lon="6.0708939"/><trkpt lat="50.7651235" lon="6.0706609"/><trkpt lat="50.7649772" lon="6.0704955"/><trkpt lat="50.7644781" lon="6.069931"/><trkpt lat="50.7640264" lon="6.0694012"/><trkpt lat="50.7637038" lon="6.0690167"/><trkpt lat="50.7633532" lon="6.0686146"/><trkpt lat="50.7617919" lon="6.06679"/><trkpt lat="50.7612296" lon="6.0661264"/><trkpt lat="50.7610991" lon="6.0658752"/><trkpt lat="50.7610453" lon="6.0657934"/><trkpt lat="50.7609476" lon="6.065658"/><trkpt lat="50.7609008" lon="6.0656016"/><trkpt lat="50.7608643" lon="6.0655405"/><trkpt lat="50.7608311" lon="6.0654894"/><trkpt lat="50.7607893" lon="6.065447"/><trkpt lat="50.760796" lon="6.0653946"/><trkpt lat="50.7608858" lon="6.0650948"/><trkpt lat="50.7608439" lon="6.0650558"/><trkpt lat="50.7604161" lon="6.0646026"/><trkpt lat="50.760295" lon="6.0644624"/><trkpt lat="50.760043" lon="6.0640452"/><trkpt lat="50.759859" lon="6.063555"/><trkpt lat="50.7596543" lon="6.0627536"/><trkpt lat="50.7594468" lon="6.0622088"/><trkpt lat="50.7593147" lon="6.061973"/><trkpt lat="50.7591397" lon="6.0616934"/><trkpt lat="50.7589418" lon="6.0614626"/><trkpt lat="50.7588592" lon="6.0613586"/><trkpt lat="50.7587892" lon="6.0612706"/><trkpt lat="50.7579733" lon="6.0602873"/><trkpt lat="50.7579373" lon="6.0602419"/><trkpt lat="50.7576593" lon="6.0599059"/><trkpt lat="50.7571197" lon="6.0592499"/><trkpt lat="50.7568558" lon="6.0589426"/><trkpt lat="50.756668" lon="6.0586987"/><trkpt lat="50.7563385" lon="6.0582384"/><trkpt lat="50.7560473" lon="6.0577991"/><trkpt lat="50.7558694" lon="6.0576262"/><trkpt lat="50.7556854" lon="6.0574486"/><trkpt lat="50.7548806" lon="6.0568486"/><trkpt lat="50.7543404" lon="6.0563628"/><trkpt lat="50.7542335" lon="6.0562673"/><trkpt lat="50.7540782" lon="6.0561302"/><trkpt lat="50.7538829" lon="6.0559532"/><trkpt lat="50.7529228" lon="6.0549688"/><trkpt lat="50.7526932" lon="6.0547254"/><trkpt lat="50.7525234" lon="6.054487"/><trkpt lat="50.752433" lon="6.0543412"/><trkpt lat="50.7522495" lon="6.0539803"/><trkpt lat="50.7520809" lon="6.0536381"/><trkpt lat="50.7519621" lon="6.0533966"/><trkpt lat="50.7519351" lon="6.053327"/><trkpt lat="50.7516965" lon="6.0527118"/><trkpt lat="50.7516636" lon="6.052614"/><trkpt lat="50.7515794" lon="6.0523699"/><trkpt lat="50.7514917" lon="6.0520657"/><trkpt lat="50.7514448" lon="6.0518635"/><trkpt lat="50.7514177" lon="6.0517141"/><trkpt lat="50.7513966" lon="6.0516308"/><trkpt lat="50.7513666" lon="6.0515471"/><trkpt lat="50.75133" lon="6.0514934"/><trkpt lat="50.7513011" lon="6.0514681"/><trkpt lat="50.7512719" lon="6.0514545"/><trkpt lat="50.7512447" lon="6.05145"/><trkpt lat="50.751173" lon="6.0514478"/><trkpt lat="50.7510881" lon="6.0514578"/><trkpt lat="50.7509899" lon="6.05151"/><trkpt lat="50.7508598" lon="6.0516016"/><trkpt lat="50.7507246" lon="6.0516996"/><trkpt lat="50.7505638" lon="6.0518504"/><trkpt lat="50.75044" lon="6.051949"/><trkpt lat="50.7503394" lon="6.0520444"/><trkpt lat="50.7501667" lon="6.0522181"/><trkpt lat="50.7501043" lon="6.0522826"/><trkpt lat="50.75005" lon="6.0523289"/><trkpt lat="50.7499991" lon="6.052366"/><trkpt lat="50.750036" lon="6.0522484"/><trkpt lat="50.7500551" lon="6.0521733"/><trkpt lat="50.7500812" lon="6.0520612"/><trkpt lat="50.7502825" lon="6.0511748"/><trkpt lat="50.7503525" lon="6.0509777"/><trkpt lat="50.7504448" lon="6.0508243"/><trkpt lat="50.7504905" lon="6.0507523"/><trkpt lat="50.750713" lon="6.0504315"/><trkpt lat="50.7507905" lon="6.0502576"/><trkpt lat="50.7508236" lon="6.0500917"/><trkpt lat="50.7508209" lon="6.0499665"/><trkpt lat="50.7507877" lon="6.0498606"/><trkpt lat="50.7507464" lon="6.0497421"/><trkpt lat="50.7507048" lon="6.0495461"/><trkpt lat="50.7506671" lon="6.0492036"/><trkpt lat="50.7506464" lon="6.0488191"/><trkpt lat="50.7506431" lon="6.0484609"/><trkpt lat="50.750639" lon="6.0480665"/><trkpt lat="50.7506054" lon="6.0478771"/><trkpt lat="50.7505662" lon="6.0477252"/><trkpt lat="50.750467" lon="6.0474007"/><trkpt lat="50.7502638" lon="6.0467682"/><trkpt lat="50.7500778" lon="6.0460774"/><trkpt lat="50.7499384" lon="6.0455355"/><trkpt lat="50.7498066" lon="6.0452158"/><trkpt lat="50.7495635" lon="6.0447652"/><trkpt lat="50.7493802" lon="6.0443716"/><trkpt lat="50.7493103" lon="6.0442347"/><trkpt lat="50.7490853" lon="6.0438119"/><trkpt lat="50.7490554" lon="6.0437554"/><trkpt lat="50.7489728" lon="6.0435979"/><trkpt lat="50.7488715" lon="6.0433886"/><trkpt lat="50.748712" lon="6.0430563"/><trkpt lat="50.7483484" lon="6.0424504"/><trkpt lat="50.748228" lon="6.0422691"/><trkpt lat="50.7480572" lon="6.0420258"/><trkpt lat="50.7479104" lon="6.0418475"/><trkpt lat="50.7477445" lon="6.0416764"/><trkpt lat="50.7475555" lon="6.0414735"/><trkpt lat="50.7474233" lon="6.0413218"/><trkpt lat="50.747297" lon="6.0411629"/><trkpt lat="50.7471102" lon="6.0408966"/><trkpt lat="50.7469202" lon="6.0406016"/><trkpt lat="50.7467827" lon="6.0403553"/><trkpt lat="50.7466528" lon="6.0400799"/><trkpt lat="50.7465264" lon="6.0397701"/><trkpt lat="50.7464256" lon="6.0394455"/><trkpt lat="50.746336" lon="6.0390938"/><trkpt lat="50.746261" lon="6.0387772"/><trkpt lat="50.7460099" lon="6.0378981"/><trkpt lat="50.7457237" lon="6.0368866"/><trkpt lat="50.7456273" lon="6.0365293"/><trkpt lat="50.7455427" lon="6.0361807"/><trkpt lat="50.7454843" lon="6.0358252"/><trkpt lat="50.745421" lon="6.0353036"/><trkpt lat="50.7454109" lon="6.0352459"/><trkpt lat="50.7453655" lon="6.0348931"/><trkpt lat="50.7453256" lon="6.0346095"/><trkpt lat="50.7452883" lon="6.0344247"/><trkpt lat="50.7452331" lon="6.0342246"/><trkpt lat="50.7451686" lon="6.0340224"/><trkpt lat="50.7449149" lon="6.0332681"/><trkpt lat="50.7444445" lon="6.0318202"/><trkpt lat="50.7441905" lon="6.0310132"/><trkpt lat="50.7439783" lon="6.0304161"/><trkpt lat="50.7436216" lon="6.0293242"/><trkpt lat="50.743485" lon="6.0289386"/><trkpt lat="50.7434141" lon="6.0287914"/><trkpt lat="50.7433408" lon="6.0286898"/><trkpt lat="50.7430506" lon="6.0283703"/><trkpt lat="50.7426377" lon="6.0279206"/><trkpt lat="50.7423439" lon="6.027595"/><trkpt lat="50.7422856" lon="6.0275347"/><trkpt lat="50.7422341" lon="6.0274802"/><trkpt lat="50.7421848" lon="6.0274393"/><trkpt lat="50.7421232" lon="6.0273971"/><trkpt lat="50.7420831" lon="6.0273698"/><trkpt lat="50.7419737" lon="6.0273022"/><trkpt lat="50.7417974" lon="6.0271803"/><trkpt lat="50.7416952" lon="6.0271061"/><trkpt lat="50.7416065" lon="6.0270304"/><trkpt lat="50.7415455" lon="6.0269594"/><trkpt lat="50.7414912" lon="6.0268553"/><trkpt lat="50.741454" lon="6.0267343"/><trkpt lat="50.741427" lon="6.0265978"/><trkpt lat="50.7414066" lon="6.0264328"/><trkpt lat="50.7413949" lon="6.0261697"/><trkpt lat="50.7413725" lon="6.0260028"/><trkpt lat="50.7413147" lon="6.0258271"/><trkpt lat="50.7412223" lon="6.0255383"/><trkpt lat="50.7411709" lon="6.0253388"/><trkpt lat="50.7411384" lon="6.0252218"/><trkpt lat="50.7410836" lon="6.0250813"/><trkpt lat="50.7410209" lon="6.024952"/><trkpt lat="50.740978" lon="6.0248744"/><trkpt lat="50.7409442" lon="6.0247633"/><trkpt lat="50.7409373" lon="6.0246187"/><trkpt lat="50.7409645" lon="6.0244869"/><trkpt lat="50.7410092" lon="6.0243608"/><trkpt lat="50.7410907" lon="6.0241445"/><trkpt lat="50.7411393" lon="6.0239489"/><trkpt lat="50.7411918" lon="6.0236997"/><trkpt lat="50.7412067" lon="6.0234187"/><trkpt lat="50.7411932" lon="6.0232613"/><trkpt lat="50.7411372" lon="6.0231184"/><trkpt lat="50.7410531" lon="6.0229889"/><trkpt lat="50.7409319" lon="6.0228559"/><trkpt lat="50.7407113" lon="6.0226073"/><trkpt lat="50.7405567" lon="6.022417"/><trkpt lat="50.74046" lon="6.0222684"/><trkpt lat="50.7403746" lon="6.0220809"/><trkpt lat="50.7402794" lon="6.0217929"/><trkpt lat="50.7401121" lon="6.0211821"/><trkpt lat="50.7400608" lon="6.0210216"/><trkpt lat="50.7400012" lon="6.020882"/><trkpt lat="50.7399411" lon="6.0207576"/><trkpt lat="50.739902" lon="6.0206993"/><trkpt lat="50.7398339" lon="6.0206463"/><trkpt lat="50.739764" lon="6.0205998"/><trkpt lat="50.7396811" lon="6.0205587"/><trkpt lat="50.7395837" lon="6.0205309"/><trkpt lat="50.739465" lon="6.0205034"/><trkpt lat="50.7391505" lon="6.0204374"/><trkpt lat="50.7387354" lon="6.0203801"/><trkpt lat="50.7385299" lon="6.0203327"/><trkpt lat="50.7383332" lon="6.0202768"/><trkpt lat="50.7381756" lon="6.0201833"/><trkpt lat="50.7380436" lon="6.0200828"/><trkpt lat="50.7379192" lon="6.0199365"/><trkpt lat="50.7377951" lon="6.0198257"/><trkpt lat="50.7375472" lon="6.019667"/><trkpt lat="50.737298" lon="6.0194537"/><trkpt lat="50.7371721" lon="6.0193018"/><trkpt lat="50.7370753" lon="6.019165"/><trkpt lat="50.7369877" lon="6.0190432"/><trkpt lat="50.7369158" lon="6.0189126"/><trkpt lat="50.7368074" lon="6.0187148"/><trkpt lat="50.7365875" lon="6.0182645"/><trkpt lat="50.7364484" lon="6.0180528"/><trkpt lat="50.7362636" lon="6.0177846"/><trkpt lat="50.7360725" lon="6.0175018"/><trkpt lat="50.7359265" lon="6.0172901"/><trkpt lat="50.7357604" lon="6.0170922"/><trkpt lat="50.7357082" lon="6.0169753"/><trkpt lat="50.7356743" lon="6.016868"/><trkpt lat="50.7356123" lon="6.0165341"/><trkpt lat="50.7355525" lon="6.01616"/><trkpt lat="50.7354047" lon="6.0153312"/><trkpt lat="50.7350781" lon="6.0135441"/><trkpt lat="50.7347052" lon="6.0114447"/><trkpt lat="50.7345318" lon="6.0107526"/><trkpt lat="50.7344132" lon="6.0103852"/><trkpt lat="50.7343437" lon="6.010185"/><trkpt lat="50.7339611" lon="6.0091146"/><trkpt lat="50.7336148" lon="6.0082143"/><trkpt lat="50.7335003" lon="6.0078716"/><trkpt lat="50.7333894" lon="6.0075438"/><trkpt lat="50.7332727" lon="6.0072516"/><trkpt lat="50.7331253" lon="6.0068571"/><trkpt lat="50.7329804" lon="6.006445"/><trkpt lat="50.7328978" lon="6.0062224"/><trkpt lat="50.7328707" lon="6.0061496"/><trkpt lat="50.7327753" lon="6.0058608"/><trkpt lat="50.7327398" lon="6.0057448"/><trkpt lat="50.7325517" lon="6.0050946"/><trkpt lat="50.7322043" lon="6.0039217"/><trkpt lat="50.7316175" lon="6.0019352"/><trkpt lat="50.7314399" lon="6.0013411"/><trkpt lat="50.7312774" lon="6.0008669"/><trkpt lat="50.7309692" lon="5.9999713"/><trkpt lat="50.7311155" lon="5.9998008"/><trkpt lat="50.7310677" lon="5.9996805"/><trkpt lat="50.731075" lon="5.9995353"/><trkpt lat="50.7311274" lon="5.9986341"/><trkpt lat="50.7311669" lon="5.997987"/><trkpt lat="50.7311653" lon="5.9977895"/><trkpt lat="50.7311511" lon="5.9975814"/><trkpt lat="50.7311254" lon="5.9973966"/><trkpt lat="50.7311117" lon="5.9972807"/><trkpt lat="50.7311166" lon="5.99707"/><trkpt lat="50.7311237" lon="5.9969024"/><trkpt lat="50.7311263" lon="5.996836"/><trkpt lat="50.7311222" lon="5.996745"/><trkpt lat="50.7310934" lon="5.996574"/><trkpt lat="50.7310829" lon="5.9965202"/><trkpt lat="50.7310462" lon="5.9963333"/><trkpt lat="50.7310401" lon="5.9963022"/><trkpt lat="50.7310342" lon="5.9962686"/><trkpt lat="50.7309943" lon="5.9960563"/><trkpt lat="50.7309609" lon="5.9958722"/><trkpt lat="50.730968" lon="5.9958226"/><trkpt lat="50.7309933" lon="5.995753"/><trkpt lat="50.7309675" lon="5.9956397"/><trkpt lat="50.7309002" lon="5.9956957"/><trkpt lat="50.7308516" lon="5.9955577"/><trkpt lat="50.7307558" lon="5.9952596"/><trkpt lat="50.7305664" lon="5.9948084"/><trkpt lat="50.7305552" lon="5.9947816"/><trkpt lat="50.7304135" lon="5.9943533"/><trkpt lat="50.7302245" lon="5.9938375"/><trkpt lat="50.7301849" lon="5.9937565"/><trkpt lat="50.7301671" lon="5.9937201"/><trkpt lat="50.7301465" lon="5.9936778"/><trkpt lat="50.7300416" lon="5.9933659"/><trkpt lat="50.7300254" lon="5.9932787"/><trkpt lat="50.7299747" lon="5.9930114"/><trkpt lat="50.7299336" lon="5.9927998"/><trkpt lat="50.7299222" lon="5.992741"/><trkpt lat="50.7297779" lon="5.992351"/><trkpt lat="50.7296424" lon="5.9919973"/><trkpt lat="50.7295168" lon="5.9916928"/><trkpt lat="50.7294668" lon="5.9915988"/><trkpt lat="50.7294" lon="5.9915078"/><trkpt lat="50.7292458" lon="5.9913951"/><trkpt lat="50.7291402" lon="5.9913397"/><trkpt lat="50.7290607" lon="5.9913022"/><trkpt lat="50.7289956" lon="5.9912934"/><trkpt lat="50.728858" lon="5.9913268"/><trkpt lat="50.7287374" lon="5.9913422"/><trkpt lat="50.7286824" lon="5.9913297"/><trkpt lat="50.7286396" lon="5.9912857"/><trkpt lat="50.7285971" lon="5.9912331"/><trkpt lat="50.7285281" lon="5.9911203"/><trkpt lat="50.7284729" lon="5.991025"/><trkpt lat="50.728045" lon="5.990264"/><trkpt lat="50.7275447" lon="5.989436"/><trkpt lat="50.7273429" lon="5.9891108"/><trkpt lat="50.7269979" lon="5.9885188"/><trkpt lat="50.7265388" lon="5.9877941"/><trkpt lat="50.7263969" lon="5.9875439"/><trkpt lat="50.7260896" lon="5.9869549"/><trkpt lat="50.7259031" lon="5.9865691"/><trkpt lat="50.7257588" lon="5.9862209"/><trkpt lat="50.7256124" lon="5.9858334"/><trkpt lat="50.7254778" lon="5.9859152"/><trkpt lat="50.7252846" lon="5.986108"/><trkpt lat="50.7246645" lon="5.9867252"/><trkpt lat="50.7246199" lon="5.9867651"/><trkpt lat="50.7243768" lon="5.9869655"/><trkpt lat="50.7242265" lon="5.9870957"/><trkpt lat="50.7240923" lon="5.987203"/><trkpt lat="50.7240038" lon="5.9872239"/><trkpt lat="50.7239055" lon="5.9872052"/><trkpt lat="50.7238065" lon="5.9871446"/><trkpt lat="50.7237244" lon="5.9870338"/><trkpt lat="50.7236101" lon="5.9868795"/><trkpt lat="50.723457" lon="5.9867468"/><trkpt lat="50.7232961" lon="5.9866909"/><trkpt lat="50.7230172" lon="5.9866235"/><trkpt lat="50.722816" lon="5.9866409"/><trkpt lat="50.7226716" lon="5.9866758"/><trkpt lat="50.722511" lon="5.9867338"/><trkpt lat="50.7224464" lon="5.9867713"/><trkpt lat="50.7223972" lon="5.9867898"/><trkpt lat="50.7222232" lon="5.9868551"/><trkpt lat="50.722062" lon="5.9868622"/><trkpt lat="50.7218878" lon="5.9868699"/><trkpt lat="50.7217612" lon="5.9868661"/><trkpt lat="50.7214511" lon="5.9868568"/><trkpt lat="50.7213856" lon="5.9868671"/><trkpt lat="50.7213247" lon="5.986881"/><trkpt lat="50.7212776" lon="5.9868993"/><trkpt lat="50.7208666" lon="5.9871941"/><trkpt lat="50.7206261" lon="5.9866993"/><trkpt lat="50.7206023" lon="5.9866547"/><trkpt lat="50.7205826" lon="5.9866075"/><trkpt lat="50.7204885" lon="5.9864166"/><trkpt lat="50.7201294" lon="5.9856792"/><trkpt lat="50.7200208" lon="5.9854687"/><trkpt lat="50.719968" lon="5.9853662"/><trkpt lat="50.7195338" lon="5.9844698"/><trkpt lat="50.7194931" lon="5.9843706"/><trkpt lat="50.7192694" lon="5.9839255"/><trkpt lat="50.7190509" lon="5.9833868"/><trkpt lat="50.7189965" lon="5.9832028"/><trkpt lat="50.718936" lon="5.982922"/><trkpt lat="50.7189213" lon="5.9828419"/><trkpt lat="50.7186434" lon="5.9828195"/><trkpt lat="50.7184826" lon="5.9827935"/><trkpt lat="50.718267" lon="5.9827587"/><trkpt lat="50.7179473" lon="5.9826132"/><trkpt lat="50.7177931" lon="5.9825227"/><trkpt lat="50.7176544" lon="5.982443"/><trkpt lat="50.7175058" lon="5.9823265"/><trkpt lat="50.7172216" lon="5.9820529"/><trkpt lat="50.7170346" lon="5.9818877"/><trkpt lat="50.7170151" lon="5.9817802"/><trkpt lat="50.7169777" lon="5.9816925"/><trkpt lat="50.7169015" lon="5.9815666"/><trkpt lat="50.7168612" lon="5.9813792"/><trkpt lat="50.7167326" lon="5.9812023"/><trkpt lat="50.7163744" lon="5.9808013"/><trkpt lat="50.7141274" lon="5.9784251"/><trkpt lat="50.7137489" lon="5.9779945"/><trkpt lat="50.7134263" lon="5.9777153"/><trkpt lat="50.7126892" lon="5.977291"/><trkpt lat="50.7124784" lon="5.9771711"/><trkpt lat="50.711992" lon="5.9769172"/><trkpt lat="50.7116903" lon="5.9766695"/><trkpt lat="50.7114087" lon="5.9764865"/><trkpt lat="50.7110716" lon="5.9763642"/><trkpt lat="50.7108777" lon="5.9762627"/><trkpt lat="50.7097676" lon="5.9756253"/><trkpt lat="50.7088909" lon="5.9751202"/><trkpt lat="50.707976" lon="5.9745629"/><trkpt lat="50.7076631" lon="5.9743906"/><trkpt lat="50.7071326" lon="5.9740527"/><trkpt lat="50.7062901" lon="5.9735673"/><trkpt lat="50.706006" lon="5.9734029"/><trkpt lat="50.7057361" lon="5.9732435"/><trkpt lat="50.7053999" lon="5.9730065"/><trkpt lat="50.70487" lon="5.972554"/><trkpt lat="50.7044798" lon="5.9721009"/><trkpt lat="50.7041228" lon="5.9716301"/><trkpt lat="50.7038388" lon="5.971165"/><trkpt lat="50.7036101" lon="5.9707483"/><trkpt lat="50.703076" lon="5.9694793"/><trkpt lat="50.7025919" lon="5.9681796"/><trkpt lat="50.7016199" lon="5.965691"/><trkpt lat="50.7015823" lon="5.9655947"/><trkpt lat="50.7020522" lon="5.9650868"/><trkpt lat="50.7030137" lon="5.9641518"/><trkpt lat="50.7033313" lon="5.9638554"/><trkpt lat="50.7032321" lon="5.9637878"/><trkpt lat="50.7025857" lon="5.9634834"/><trkpt lat="50.7023242" lon="5.9631829"/><trkpt lat="50.701755" lon="5.9623983"/><trkpt lat="50.7012436" lon="5.9617819"/><trkpt lat="50.7006964" lon="5.9611871"/><trkpt lat="50.7004109" lon="5.9609135"/><trkpt lat="50.7001398" lon="5.9604342"/><trkpt lat="50.6998782" lon="5.9598698"/><trkpt lat="50.6998426" lon="5.95979"/><trkpt lat="50.6996737" lon="5.9594113"/><trkpt lat="50.6994726" lon="5.9587699"/><trkpt lat="50.6993116" lon="5.9584107"/><trkpt lat="50.6989317" lon="5.9577736"/><trkpt lat="50.698637" lon="5.9574077"/><trkpt lat="50.6985891" lon="5.9573634"/><trkpt lat="50.6984359" lon="5.9570956"/><trkpt lat="50.6982738" lon="5.9568346"/><trkpt lat="50.6981738" lon="5.9566186"/><trkpt lat="50.6980761" lon="5.9563545"/><trkpt lat="50.6980041" lon="5.9560758"/><trkpt lat="50.6979088" lon="5.955488"/><trkpt lat="50.6978837" lon="5.9550893"/><trkpt lat="50.6978464" lon="5.9548941"/><trkpt lat="50.6975081" lon="5.9536213"/><trkpt lat="50.6972036" lon="5.9522758"/><trkpt lat="50.697095" lon="5.9518422"/><trkpt lat="50.6970176" lon="5.9515861"/><trkpt lat="50.6968777" lon="5.951123"/><trkpt lat="50.6967228" lon="5.9506989"/><trkpt lat="50.6965565" lon="5.9503379"/><trkpt lat="50.6962591" lon="5.9497074"/><trkpt lat="50.6959259" lon="5.9486785"/><trkpt lat="50.6955454" lon="5.9476137"/><trkpt lat="50.6951743" lon="5.9463729"/><trkpt lat="50.6949146" lon="5.9454212"/><trkpt lat="50.6947931" lon="5.9448385"/><trkpt lat="50.6947007" lon="5.9441876"/><trkpt lat="50.6945205" lon="5.9431871"/><trkpt lat="50.6942646" lon="5.9424696"/><trkpt lat="50.6938423" lon="5.9412858"/><trkpt lat="50.6935004" lon="5.9403273"/><trkpt lat="50.6932233" lon="5.9398324"/><trkpt lat="50.6927563" lon="5.9393674"/><trkpt lat="50.6924964" lon="5.9391449"/><trkpt lat="50.6922309" lon="5.9388292"/><trkpt lat="50.6918313" lon="5.9383025"/><trkpt lat="50.6917888" lon="5.9381557"/><trkpt lat="50.6915248" lon="5.9374531"/><trkpt lat="50.6913851" lon="5.9372283"/><trkpt lat="50.6912654" lon="5.9371431"/><trkpt lat="50.6910578" lon="5.936895"/><trkpt lat="50.6909295" lon="5.9367389"/><trkpt lat="50.6907516" lon="5.9364987"/><trkpt lat="50.6905567" lon="5.9361954"/><trkpt lat="50.6902925" lon="5.9357409"/><trkpt lat="50.6899434" lon="5.935178"/><trkpt lat="50.6897609" lon="5.9349095"/><trkpt lat="50.6896051" lon="5.9346432"/><trkpt lat="50.6895646" lon="5.934477"/><trkpt lat="50.6895283" lon="5.934186"/><trkpt lat="50.6895071" lon="5.9339864"/><trkpt lat="50.6894354" lon="5.933731"/><trkpt lat="50.6894023" lon="5.9335307"/><trkpt lat="50.689366" lon="5.9332143"/><trkpt lat="50.6893221" lon="5.9329057"/><trkpt lat="50.6893104" lon="5.9328031"/><trkpt lat="50.6892832" lon="5.9327042"/><trkpt lat="50.6892373" lon="5.9326418"/><trkpt lat="50.6891072" lon="5.9325409"/><trkpt lat="50.6889407" lon="5.9324442"/><trkpt lat="50.6887456" lon="5.9323496"/><trkpt lat="50.6884981" lon="5.9322443"/><trkpt lat="50.6881363" lon="5.9321081"/><trkpt lat="50.6879914" lon="5.9320374"/><trkpt lat="50.6878099" lon="5.9319331"/><trkpt lat="50.6875279" lon="5.9317465"/><trkpt lat="50.6870849" lon="5.9314456"/><trkpt lat="50.68677" lon="5.9312776"/><trkpt lat="50.6865685" lon="5.9311333"/><trkpt lat="50.6864175" lon="5.9309811"/><trkpt lat="50.6861964" lon="5.9307411"/><trkpt lat="50.6859222" lon="5.9303396"/><trkpt lat="50.6856426" lon="5.9298611"/><trkpt lat="50.6854325" lon="5.9295155"/><trkpt lat="50.6850324" lon="5.9290081"/><trkpt lat="50.6848006" lon="5.9287807"/><trkpt lat="50.6846216" lon="5.9286086"/><trkpt lat="50.684117" lon="5.928124"/><trkpt lat="50.6835316" lon="5.9275996"/><trkpt lat="50.6833146" lon="5.9273893"/><trkpt lat="50.6828213" lon="5.9269532"/><trkpt lat="50.6826149" lon="5.9267895"/><trkpt lat="50.6823479" lon="5.9266312"/><trkpt lat="50.682058" lon="5.9264754"/><trkpt lat="50.6818199" lon="5.9263629"/><trkpt lat="50.6815662" lon="5.9262594"/><trkpt lat="50.6809143" lon="5.9261723"/><trkpt lat="50.6807879" lon="5.9261265"/><trkpt lat="50.6806316" lon="5.9262061"/><trkpt lat="50.6804783" lon="5.9262668"/><trkpt lat="50.6801973" lon="5.926297"/><trkpt lat="50.6796426" lon="5.926355"/><trkpt lat="50.6784816" lon="5.9264739"/><trkpt lat="50.6777311" lon="5.9265545"/><trkpt lat="50.6775833" lon="5.9265694"/><trkpt lat="50.6775307" lon="5.9265747"/><trkpt lat="50.6774136" lon="5.9265801"/><trkpt lat="50.6773685" lon="5.926558"/><trkpt lat="50.677518" lon="5.9261552"/><trkpt lat="50.677677" lon="5.9257123"/><trkpt lat="50.6777395" lon="5.9255194"/><trkpt lat="50.6778376" lon="5.9250503"/><trkpt lat="50.6779582" lon="5.9244283"/><trkpt lat="50.6780516" lon="5.9239988"/><trkpt lat="50.6781242" lon="5.9237103"/><trkpt lat="50.6783612" lon="5.9228746"/><trkpt lat="50.6785178" lon="5.9223978"/><trkpt lat="50.6784793" lon="5.9222645"/><trkpt lat="50.6784471" lon="5.9220781"/><trkpt lat="50.678429" lon="5.9218022"/><trkpt lat="50.6783988" lon="5.921192"/><trkpt lat="50.6783807" lon="5.9210383"/><trkpt lat="50.6783328" lon="5.9209115"/><trkpt lat="50.6782544" lon="5.9207899"/><trkpt lat="50.6780809" lon="5.9208275"/><trkpt lat="50.6779182" lon="5.9208458"/><trkpt lat="50.6776873" lon="5.9208548"/><trkpt lat="50.677518" lon="5.9208431"/><trkpt lat="50.6773743" lon="5.920812"/><trkpt lat="50.6772588" lon="5.9207026"/><trkpt lat="50.6771453" lon="5.9205499"/><trkpt lat="50.6770274" lon="5.9205042"/><trkpt lat="50.676851" lon="5.9204834"/><trkpt lat="50.6767342" lon="5.9204892"/><trkpt lat="50.6765411" lon="5.9205169"/><trkpt lat="50.6763476" lon="5.9205556"/><trkpt lat="50.6761522" lon="5.9205737"/><trkpt lat="50.6758894" lon="5.9205825"/><trkpt lat="50.6755937" lon="5.9205848"/><trkpt lat="50.6755156" lon="5.9205972"/><trkpt lat="50.6754285" lon="5.9206385"/><trkpt lat="50.6751318" lon="5.9188664"/><trkpt lat="50.6749044" lon="5.9175379"/><trkpt lat="50.6745233" lon="5.9152783"/><trkpt lat="50.6743607" lon="5.9142932"/><trkpt lat="50.6741938" lon="5.9133425"/><trkpt lat="50.6737875" lon="5.9108875"/><trkpt lat="50.6742057" lon="5.9105036"/><trkpt lat="50.6743358" lon="5.9102046"/><trkpt lat="50.6743442" lon="5.9087007"/><trkpt lat="50.6744189" lon="5.9085217"/><trkpt lat="50.6745481" lon="5.908629"/><trkpt lat="50.6746504" lon="5.9086054"/><trkpt lat="50.6747317" lon="5.9085217"/><trkpt lat="50.6748065" lon="5.9083608"/><trkpt lat="50.6748159" lon="5.9081293"/><trkpt lat="50.674683" lon="5.9074743"/><trkpt lat="50.6745147" lon="5.9067592"/><trkpt lat="50.6744857" lon="5.9064247"/><trkpt lat="50.6745005" lon="5.906097"/><trkpt lat="50.674612" lon="5.90554"/><trkpt lat="50.6746912" lon="5.9053286"/><trkpt lat="50.6748108" lon="5.9051382"/><trkpt lat="50.6749488" lon="5.9050009"/><trkpt lat="50.6752458" lon="5.9048285"/><trkpt lat="50.6753886" lon="5.9047664"/><trkpt lat="50.6754804" lon="5.9047265"/><trkpt lat="50.6757802" lon="5.9045961"/><trkpt lat="50.6760625" lon="5.9043111"/><trkpt lat="50.6766725" lon="5.9033709"/><trkpt lat="50.6768263" lon="5.9032085"/><trkpt lat="50.6769927" lon="5.9031136"/><trkpt lat="50.6775209" lon="5.9029574"/><trkpt lat="50.6778782" lon="5.9028743"/><trkpt lat="50.6781176" lon="5.9028005"/><trkpt lat="50.6782189" lon="5.90261"/><trkpt lat="50.6782784" lon="5.9023909"/><trkpt lat="50.6782807" lon="5.901439"/><trkpt lat="50.6782672" lon="5.900977"/><trkpt lat="50.6782154" lon="5.8992052"/><trkpt lat="50.678171" lon="5.897962"/><trkpt lat="50.6781711" lon="5.8975113"/><trkpt lat="50.6782326" lon="5.8970518"/><trkpt lat="50.6789378" lon="5.8955463"/><trkpt lat="50.679547" lon="5.8947524"/><trkpt lat="50.6798282" lon="5.8944827"/><trkpt lat="50.6803979" lon="5.8942193"/><trkpt lat="50.6802426" lon="5.8941143"/><trkpt lat="50.6800884" lon="5.8940625"/><trkpt lat="50.6797291" lon="5.8939814"/><trkpt lat="50.679468" lon="5.8940112"/><trkpt lat="50.6792339" lon="5.8940594"/><trkpt lat="50.6791366" lon="5.8941049"/><trkpt lat="50.6790491" lon="5.8941575"/><trkpt lat="50.6787935" lon="5.8943755"/><trkpt lat="50.6784924" lon="5.8946073"/><trkpt lat="50.6782848" lon="5.894734"/><trkpt lat="50.6781274" lon="5.8947966"/><trkpt lat="50.677846" lon="5.8948686"/><trkpt lat="50.6776978" lon="5.8949261"/><trkpt lat="50.67752" lon="5.8950089"/><trkpt lat="50.6773171" lon="5.8951251"/><trkpt lat="50.6772486" lon="5.8951503"/><trkpt lat="50.677159" lon="5.8951334"/><trkpt lat="50.6770957" lon="5.89508"/><trkpt lat="50.6770452" lon="5.8949934"/><trkpt lat="50.6770027" lon="5.8948517"/><trkpt lat="50.6769714" lon="5.8946687"/><trkpt lat="50.6769776" lon="5.8945698"/><trkpt lat="50.676999" lon="5.8942722"/><trkpt lat="50.6769888" lon="5.8941017"/><trkpt lat="50.6769591" lon="5.8939719"/><trkpt lat="50.6769013" lon="5.893824"/><trkpt lat="50.6766306" lon="5.8932391"/><trkpt lat="50.6765168" lon="5.8930495"/><trkpt lat="50.6764376" lon="5.8929761"/><trkpt lat="50.6763516" lon="5.892939"/><trkpt lat="50.6757603" lon="5.8928223"/><trkpt lat="50.6756855" lon="5.8927759"/><trkpt lat="50.6756049" lon="5.8926854"/><trkpt lat="50.6755667" lon="5.8926"/><trkpt lat="50.675536" lon="5.8924521"/><trkpt lat="50.6755202" lon="5.8922559"/><trkpt lat="50.6755452" lon="5.8920721"/><trkpt lat="50.6755852" lon="5.8918616"/><trkpt lat="50.6756798" lon="5.891443"/><trkpt lat="50.6757479" lon="5.8910253"/><trkpt lat="50.6757718" lon="5.8906842"/><trkpt lat="50.6757884" lon="5.8902997"/><trkpt lat="50.6758744" lon="5.8897901"/><trkpt lat="50.6760377" lon="5.8889391"/><trkpt lat="50.6761418" lon="5.8877893"/><trkpt lat="50.6761482" lon="5.8875352"/><trkpt lat="50.6761635" lon="5.8869269"/><trkpt lat="50.6761408" lon="5.8855086"/><trkpt lat="50.6761557" lon="5.8853572"/><trkpt lat="50.6761814" lon="5.8852269"/><trkpt lat="50.6759781" lon="5.884578"/><trkpt lat="50.6759161" lon="5.8843471"/><trkpt lat="50.6758747" lon="5.8842564"/><trkpt lat="50.6758325" lon="5.8842301"/><trkpt lat="50.6757131" lon="5.8842517"/><trkpt lat="50.675005" lon="5.8845546"/><trkpt lat="50.6746115" lon="5.8846829"/><trkpt lat="50.6742573" lon="5.8847024"/><trkpt lat="50.6737818" lon="5.8845438"/><trkpt lat="50.6737121" lon="5.8844993"/><trkpt lat="50.6736518" lon="5.8844608"/><trkpt lat="50.6735639" lon="5.8844047"/><trkpt lat="50.6733883" lon="5.8842354"/><trkpt lat="50.6731102" lon="5.8837998"/><trkpt lat="50.6726644" lon="5.8829258"/><trkpt lat="50.6722567" lon="5.882048"/><trkpt lat="50.6717851" lon="5.8811395"/><trkpt lat="50.6714393" lon="5.8805505"/><trkpt lat="50.6712537" lon="5.8802342"/><trkpt lat="50.6699887" lon="5.8816336"/><trkpt lat="50.6696982" lon="5.881955"/><trkpt lat="50.6692592" lon="5.8824406"/><trkpt lat="50.6690628" lon="5.8827831"/><trkpt lat="50.6686777" lon="5.8838799"/><trkpt lat="50.6685119" lon="5.8843522"/><trkpt lat="50.6684892" lon="5.884417"/><trkpt lat="50.6684415" lon="5.884553"/><trkpt lat="50.6682646" lon="5.8849616"/><trkpt lat="50.6680436" lon="5.8853046"/><trkpt lat="50.6677437" lon="5.8855905"/><trkpt lat="50.6665949" lon="5.8865135"/><trkpt lat="50.6663105" lon="5.8869281"/><trkpt lat="50.665726" lon="5.8877614"/><trkpt lat="50.6652058" lon="5.8885383"/><trkpt lat="50.6650071" lon="5.888828"/><trkpt lat="50.6648393" lon="5.8890257"/><trkpt lat="50.6646888" lon="5.8891203"/><trkpt lat="50.6644958" lon="5.8891941"/><trkpt lat="50.6643438" lon="5.8891987"/><trkpt lat="50.663958" lon="5.8891087"/><trkpt lat="50.6625345" lon="5.8887117"/><trkpt lat="50.6610569" lon="5.8882995"/><trkpt lat="50.6608507" lon="5.8881557"/><trkpt lat="50.660737" lon="5.8880089"/><trkpt lat="50.6606646" lon="5.8878785"/><trkpt lat="50.6604792" lon="5.887477"/><trkpt lat="50.660269" lon="5.8870057"/><trkpt lat="50.659821" lon="5.8860063"/><trkpt lat="50.6596134" lon="5.8855282"/><trkpt lat="50.6594263" lon="5.8851042"/><trkpt lat="50.659227" lon="5.8848182"/><trkpt lat="50.6590714" lon="5.8846224"/><trkpt lat="50.6590164" lon="5.8845796"/><trkpt lat="50.6592732" lon="5.8840758"/><trkpt lat="50.6595003" lon="5.8836547"/><trkpt lat="50.6595368" lon="5.8835938"/><trkpt lat="50.6595684" lon="5.8835411"/><trkpt lat="50.6596257" lon="5.8834453"/><trkpt lat="50.6595745" lon="5.8834339"/><trkpt lat="50.6595542" lon="5.8834308"/><trkpt lat="50.6594202" lon="5.883392"/><trkpt lat="50.6593752" lon="5.8833904"/><trkpt lat="50.659327" lon="5.8833902"/><trkpt lat="50.6592352" lon="5.8834175"/><trkpt lat="50.6591229" lon="5.8834344"/><trkpt lat="50.6590304" lon="5.8834388"/><trkpt lat="50.6589932" lon="5.8834365"/><trkpt lat="50.6589494" lon="5.8834377"/><trkpt lat="50.6587547" lon="5.8834442"/><trkpt lat="50.658656" lon="5.8835509"/><trkpt lat="50.658582" lon="5.8836309"/><trkpt lat="50.6584632" lon="5.8838347"/><trkpt lat="50.6584449" lon="5.8838661"/><trkpt lat="50.6584141" lon="5.8839284"/><trkpt lat="50.6583655" lon="5.8840212"/><trkpt lat="50.6580221" lon="5.8837317"/><trkpt lat="50.65779" lon="5.8835522"/><trkpt lat="50.6577616" lon="5.8835263"/><trkpt lat="50.6573168" lon="5.8831885"/><trkpt lat="50.6571719" lon="5.883157"/><trkpt lat="50.6571119" lon="5.8831439"/><trkpt lat="50.6570428" lon="5.8831289"/><trkpt lat="50.6569446" lon="5.8830199"/><trkpt lat="50.6567986" lon="5.8829914"/><trkpt lat="50.6565439" lon="5.8829614"/><trkpt lat="50.656175" lon="5.882918"/><trkpt lat="50.6560351" lon="5.8828648"/><trkpt lat="50.6558095" lon="5.8827791"/><trkpt lat="50.6557751" lon="5.8827284"/><trkpt lat="50.6555662" lon="5.8824211"/><trkpt lat="50.6554024" lon="5.8817653"/><trkpt lat="50.6552754" lon="5.8810404"/><trkpt lat="50.6552241" lon="5.8807472"/><trkpt lat="50.654787" lon="5.8782494"/><trkpt lat="50.6546984" lon="5.8777628"/><trkpt lat="50.6545205" lon="5.8767532"/><trkpt lat="50.6544422" lon="5.8763155"/><trkpt lat="50.6544221" lon="5.8761171"/><trkpt lat="50.6544185" lon="5.8759992"/><trkpt lat="50.6544203" lon="5.8758768"/><trkpt lat="50.654434" lon="5.8757376"/><trkpt lat="50.654454" lon="5.875624"/><trkpt lat="50.6545072" lon="5.8753935"/><trkpt lat="50.6544661" lon="5.8753601"/><trkpt lat="50.6544409" lon="5.8753179"/><trkpt lat="50.6544132" lon="5.8752578"/><trkpt lat="50.6543919" lon="5.8752267"/><trkpt lat="50.6543317" lon="5.875157"/><trkpt lat="50.6541749" lon="5.8748656"/><trkpt lat="50.6540565" lon="5.8746085"/><trkpt lat="50.6539401" lon="5.8743216"/><trkpt lat="50.6538634" lon="5.8740909"/><trkpt lat="50.6537958" lon="5.8738538"/><trkpt lat="50.6537484" lon="5.873667"/><trkpt lat="50.6537055" lon="5.8734596"/><trkpt lat="50.6536698" lon="5.8732538"/><trkpt lat="50.6535964" lon="5.8728276"/><trkpt lat="50.6533303" lon="5.8712542"/><trkpt lat="50.6531542" lon="5.8701409"/><trkpt lat="50.6530645" lon="5.8695887"/><trkpt lat="50.6529423" lon="5.8688208"/><trkpt lat="50.652753" lon="5.8677495"/><trkpt lat="50.6525618" lon="5.8665162"/><trkpt lat="50.6525592" lon="5.8664243"/><trkpt lat="50.652554" lon="5.8663497"/><trkpt lat="50.6525379" lon="5.8662695"/><trkpt lat="50.6525169" lon="5.8661793"/><trkpt lat="50.6524939" lon="5.8661155"/><trkpt lat="50.6524701" lon="5.8660386"/><trkpt lat="50.6521401" lon="5.8639848"/><trkpt lat="50.6521098" lon="5.8637758"/><trkpt lat="50.6520473" lon="5.8634066"/><trkpt lat="50.6519721" lon="5.8629126"/><trkpt lat="50.6518772" lon="5.8624498"/><trkpt lat="50.6516845" lon="5.8617776"/><trkpt lat="50.6515238" lon="5.8613008"/><trkpt lat="50.6513237" lon="5.8608007"/><trkpt lat="50.6511902" lon="5.8605007"/><trkpt lat="50.650906" lon="5.8599723"/><trkpt lat="50.6505134" lon="5.8593929"/><trkpt lat="50.6500978" lon="5.8588648"/><trkpt lat="50.6490964" lon="5.8576211"/><trkpt lat="50.6478865" lon="5.8560916"/><trkpt lat="50.6474337" lon="5.8554611"/><trkpt lat="50.6473032" lon="5.8552425"/><trkpt lat="50.6470562" lon="5.8547962"/><trkpt lat="50.6468366" lon="5.8542222"/><trkpt lat="50.6467079" lon="5.8537828"/><trkpt lat="50.6466424" lon="5.8535327"/><trkpt lat="50.6464779" lon="5.8526272"/><trkpt lat="50.6464452" lon="5.8522345"/><trkpt lat="50.6464318" lon="5.8518892"/><trkpt lat="50.6464555" lon="5.8509389"/><trkpt lat="50.6464744" lon="5.8506922"/><trkpt lat="50.6465017" lon="5.8503797"/><trkpt lat="50.6465145" lon="5.8502337"/><trkpt lat="50.646584" lon="5.8498685"/><trkpt lat="50.6466546" lon="5.8494936"/><trkpt lat="50.6467616" lon="5.8490514"/><trkpt lat="50.6468209" lon="5.8488067"/><trkpt lat="50.6468661" lon="5.8486198"/><trkpt lat="50.6473927" lon="5.846566"/><trkpt lat="50.647479" lon="5.8461785"/><trkpt lat="50.6475401" lon="5.8457869"/><trkpt lat="50.6475823" lon="5.8453909"/><trkpt lat="50.6475934" lon="5.8450899"/><trkpt lat="50.6475992" lon="5.8449694"/><trkpt lat="50.6476011" lon="5.8449321"/><trkpt lat="50.6475992" lon="5.8447976"/><trkpt lat="50.6475846" lon="5.8442334"/><trkpt lat="50.647539" lon="5.8430465"/><trkpt lat="50.6475164" lon="5.8421996"/><trkpt lat="50.6474978" lon="5.8416889"/><trkpt lat="50.6474728" lon="5.8413558"/><trkpt lat="50.6474576" lon="5.840874"/><trkpt lat="50.6474796" lon="5.8401274"/><trkpt lat="50.6475261" lon="5.8396323"/><trkpt lat="50.6475318" lon="5.8395714"/><trkpt lat="50.6476453" lon="5.838832"/><trkpt lat="50.6477021" lon="5.83857"/><trkpt lat="50.6477477" lon="5.838367"/><trkpt lat="50.6478474" lon="5.8379764"/><trkpt lat="50.6480063" lon="5.8375099"/><trkpt lat="50.6482176" lon="5.8369294"/><trkpt lat="50.6484671" lon="5.8362536"/><trkpt lat="50.6488217" lon="5.83532"/><trkpt lat="50.6489879" lon="5.8348151"/><trkpt lat="50.6491277" lon="5.8342938"/><trkpt lat="50.6492457" lon="5.8336776"/><trkpt lat="50.6493735" lon="5.8327458"/><trkpt lat="50.6493771" lon="5.8325918"/><trkpt lat="50.6493764" lon="5.8325018"/><trkpt lat="50.649371" lon="5.8317772"/><trkpt lat="50.64936" lon="5.8317092"/><trkpt lat="50.6493365" lon="5.8316595"/><trkpt lat="50.6493135" lon="5.8316332"/><trkpt lat="50.6492891" lon="5.8316191"/><trkpt lat="50.6492657" lon="5.831591"/><trkpt lat="50.6492413" lon="5.8315392"/><trkpt lat="50.6492288" lon="5.8314809"/><trkpt lat="50.6492214" lon="5.8312147"/><trkpt lat="50.6492463" lon="5.8311337"/><trkpt lat="50.6492888" lon="5.8309895"/><trkpt lat="50.6493137" lon="5.8308835"/><trkpt lat="50.6493189" lon="5.8308451"/><trkpt lat="50.6493201" lon="5.8307983"/><trkpt lat="50.6493125" lon="5.830752"/><trkpt lat="50.6492984" lon="5.8307065"/><trkpt lat="50.6492919" lon="5.8306635"/><trkpt lat="50.649292" lon="5.8306214"/><trkpt lat="50.6492918" lon="5.8305655"/><trkpt lat="50.6492839" lon="5.8304782"/><trkpt lat="50.6491229" lon="5.8290104"/><trkpt lat="50.6490736" lon="5.8285173"/><trkpt lat="50.6490519" lon="5.8281264"/><trkpt lat="50.6490622" lon="5.827422"/><trkpt lat="50.649148" lon="5.826651"/><trkpt lat="50.649247" lon="5.8261221"/><trkpt lat="50.649394" lon="5.8256083"/><trkpt lat="50.649691" lon="5.8247303"/><trkpt lat="50.649926" lon="5.8240692"/><trkpt lat="50.6508487" lon="5.8216944"/><trkpt lat="50.6509842" lon="5.8212744"/><trkpt lat="50.6510801" lon="5.8210249"/><trkpt lat="50.6511145" lon="5.8209406"/><trkpt lat="50.6513786" lon="5.8202928"/><trkpt lat="50.6515648" lon="5.8197505"/><trkpt lat="50.6517473" lon="5.8191738"/><trkpt lat="50.6518961" lon="5.8186126"/><trkpt lat="50.6520013" lon="5.8180886"/><trkpt lat="50.652092" lon="5.8174728"/><trkpt lat="50.6521275" lon="5.817007"/><trkpt lat="50.6521407" lon="5.8165839"/><trkpt lat="50.6521447" lon="5.81571"/><trkpt lat="50.6520402" lon="5.8147535"/><trkpt lat="50.651903" lon="5.8140401"/><trkpt lat="50.6517574" lon="5.8134737"/><trkpt lat="50.6512768" lon="5.8118971"/><trkpt lat="50.6510461" lon="5.8110311"/><trkpt lat="50.651034" lon="5.8109859"/><trkpt lat="50.6507886" lon="5.8101006"/><trkpt lat="50.6507867" lon="5.8100554"/><trkpt lat="50.650801" lon="5.8100159"/><trkpt lat="50.6508137" lon="5.8099472"/><trkpt lat="50.6508071" lon="5.809896"/><trkpt lat="50.6507906" lon="5.8098636"/><trkpt lat="50.6507368" lon="5.8098087"/><trkpt lat="50.6506943" lon="5.8097719"/><trkpt lat="50.6506809" lon="5.809747"/><trkpt lat="50.650676" lon="5.8097123"/><trkpt lat="50.6506577" lon="5.8096458"/><trkpt lat="50.6504423" lon="5.8088958"/><trkpt lat="50.6488808" lon="5.8034892"/><trkpt lat="50.6475462" lon="5.7988666"/><trkpt lat="50.6471089" lon="5.797402"/><trkpt lat="50.6470886" lon="5.7973342"/><trkpt lat="50.6470801" lon="5.7972933"/><trkpt lat="50.6470808" lon="5.797234"/><trkpt lat="50.6470814" lon="5.7971635"/><trkpt lat="50.6470733" lon="5.7971262"/><trkpt lat="50.6470034" lon="5.7970498"/><trkpt lat="50.6469635" lon="5.7969575"/><trkpt lat="50.6467146" lon="5.79644"/><trkpt lat="50.6466169" lon="5.7962421"/><trkpt lat="50.6461853" lon="5.79549"/><trkpt lat="50.6458453" lon="5.7950461"/><trkpt lat="50.6455133" lon="5.7946861"/><trkpt lat="50.6452686" lon="5.7944647"/><trkpt lat="50.6446133" lon="5.7939515"/><trkpt lat="50.6437727" lon="5.7933219"/><trkpt lat="50.6437017" lon="5.7932736"/><trkpt lat="50.6436718" lon="5.793242"/><trkpt lat="50.6435676" lon="5.7931604"/><trkpt lat="50.6434635" lon="5.7930568"/><trkpt lat="50.6433663" lon="5.7929532"/><trkpt lat="50.6432714" lon="5.7928322"/><trkpt lat="50.6431035" lon="5.7925934"/><trkpt lat="50.6429795" lon="5.7923895"/><trkpt lat="50.6428637" lon="5.7921589"/><trkpt lat="50.6427478" lon="5.7919044"/><trkpt lat="50.6425527" lon="5.7913664"/><trkpt lat="50.6424982" lon="5.7912067"/><trkpt lat="50.6424718" lon="5.7911229"/><trkpt lat="50.642426" lon="5.7909676"/><trkpt lat="50.6424149" lon="5.7908956"/><trkpt lat="50.6424095" lon="5.7908599"/><trkpt lat="50.6423943" lon="5.7907779"/><trkpt lat="50.6423187" lon="5.7905873"/><trkpt lat="50.6422493" lon="5.7903765"/><trkpt lat="50.6421757" lon="5.7901274"/><trkpt lat="50.6412618" lon="5.7870823"/><trkpt lat="50.6408135" lon="5.7855443"/><trkpt lat="50.6405026" lon="5.78444"/><trkpt lat="50.6403965" lon="5.7840558"/><trkpt lat="50.6403806" lon="5.7840017"/><trkpt lat="50.6402514" lon="5.7834908"/><trkpt lat="50.6401448" lon="5.7830218"/><trkpt lat="50.6400832" lon="5.7827046"/><trkpt lat="50.6400487" lon="5.7824611"/><trkpt lat="50.6400364" lon="5.7823599"/><trkpt lat="50.6400215" lon="5.7822473"/><trkpt lat="50.6395362" lon="5.7778246"/><trkpt lat="50.6389443" lon="5.7724438"/><trkpt lat="50.6386184" lon="5.7694581"/><trkpt lat="50.6386062" lon="5.7693415"/><trkpt lat="50.6386005" lon="5.7693039"/><trkpt lat="50.6385885" lon="5.7692024"/><trkpt lat="50.6385738" lon="5.7690758"/><trkpt lat="50.6382986" lon="5.7666109"/><trkpt lat="50.6381234" lon="5.7650414"/><trkpt lat="50.6378675" lon="5.7626919"/><trkpt lat="50.6378323" lon="5.76232"/><trkpt lat="50.6378126" lon="5.7621064"/><trkpt lat="50.637722" lon="5.7614165"/><trkpt lat="50.6373723" lon="5.7583129"/><trkpt lat="50.637356" lon="5.7581611"/><trkpt lat="50.6373284" lon="5.7579105"/><trkpt lat="50.6372117" lon="5.7568689"/><trkpt lat="50.6370934" lon="5.7558098"/><trkpt lat="50.6370352" lon="5.7553044"/><trkpt lat="50.6370311" lon="5.7552744"/><trkpt lat="50.6368945" lon="5.7542779"/><trkpt lat="50.6366814" lon="5.7528574"/><trkpt lat="50.6362256" lon="5.7506798"/><trkpt lat="50.6360543" lon="5.7498949"/><trkpt lat="50.6359517" lon="5.7495276"/><trkpt lat="50.6359155" lon="5.7493881"/><trkpt lat="50.6357995" lon="5.7488463"/><trkpt lat="50.6356954" lon="5.7484265"/><trkpt lat="50.6354751" lon="5.7474302"/><trkpt lat="50.6353746" lon="5.7469904"/><trkpt lat="50.6351689" lon="5.7460903"/><trkpt lat="50.6351021" lon="5.7457821"/><trkpt lat="50.6351353" lon="5.7456419"/><trkpt lat="50.6351328" lon="5.7455331"/><trkpt lat="50.6351051" lon="5.7454434"/><trkpt lat="50.6350393" lon="5.7453556"/><trkpt lat="50.6349824" lon="5.7452879"/><trkpt lat="50.6344217" lon="5.742692"/><trkpt lat="50.6342297" lon="5.7418768"/><trkpt lat="50.6339673" lon="5.7407047"/><trkpt lat="50.6338198" lon="5.7400454"/><trkpt lat="50.633585" lon="5.7389964"/><trkpt lat="50.633507" lon="5.7386479"/><trkpt lat="50.6333417" lon="5.7379346"/><trkpt lat="50.6327372" lon="5.735316"/><trkpt lat="50.6326604" lon="5.7349978"/><trkpt lat="50.6326007" lon="5.7348574"/><trkpt lat="50.6325909" lon="5.7347916"/><trkpt lat="50.6325822" lon="5.7347208"/><trkpt lat="50.6325669" lon="5.734653"/><trkpt lat="50.6325431" lon="5.7345549"/><trkpt lat="50.6325335" lon="5.7345149"/><trkpt lat="50.6324665" lon="5.734238"/><trkpt lat="50.6324298" lon="5.7341181"/><trkpt lat="50.632298" lon="5.733553"/><trkpt lat="50.63209" lon="5.7326594"/><trkpt lat="50.6320689" lon="5.7325562"/><trkpt lat="50.6319717" lon="5.7321149"/><trkpt lat="50.6319477" lon="5.7318356"/><trkpt lat="50.6319495" lon="5.7314127"/><trkpt lat="50.6319414" lon="5.7311739"/><trkpt lat="50.6317925" lon="5.7305551"/><trkpt lat="50.6316985" lon="5.7301748"/><trkpt lat="50.6316704" lon="5.7300702"/><trkpt lat="50.6314689" lon="5.7296078"/><trkpt lat="50.6313962" lon="5.7293946"/><trkpt lat="50.6313292" lon="5.7291018"/><trkpt lat="50.630042" lon="5.7235355"/><trkpt lat="50.6298124" lon="5.7225667"/><trkpt lat="50.6294791" lon="5.7211151"/><trkpt lat="50.6292002" lon="5.7199181"/><trkpt lat="50.629117" lon="5.719698"/><trkpt lat="50.6292557" lon="5.7196327"/><trkpt lat="50.6296021" lon="5.719469"/><trkpt lat="50.62989" lon="5.7193297"/><trkpt lat="50.6304736" lon="5.7190497"/><trkpt lat="50.6309673" lon="5.7188089"/><trkpt lat="50.6311396" lon="5.7187086"/><trkpt lat="50.631586" lon="5.7184064"/><trkpt lat="50.6317059" lon="5.7183219"/><trkpt lat="50.6321325" lon="5.7180213"/><trkpt lat="50.6323954" lon="5.7178361"/><trkpt lat="50.6328267" lon="5.7175381"/><trkpt lat="50.6331159" lon="5.7173383"/><trkpt lat="50.6333898" lon="5.717149"/><trkpt lat="50.6338024" lon="5.716864"/><trkpt lat="50.6339027" lon="5.7167946"/><trkpt lat="50.6339825" lon="5.7167395"/><trkpt lat="50.6342021" lon="5.7165878"/><trkpt lat="50.6343417" lon="5.7164914"/><trkpt lat="50.6343664" lon="5.7164743"/><trkpt lat="50.6351515" lon="5.7159318"/><trkpt lat="50.6352971" lon="5.715899"/><trkpt lat="50.6353641" lon="5.7158926"/><trkpt lat="50.6359711" lon="5.7156117"/><trkpt lat="50.6364401" lon="5.7153726"/><trkpt lat="50.6365289" lon="5.7151568"/><trkpt lat="50.6365812" lon="5.71514"/><trkpt lat="50.6368719" lon="5.7150346"/><trkpt lat="50.6369575" lon="5.7149615"/><trkpt lat="50.6377036" lon="5.7142112"/><trkpt lat="50.6377904" lon="5.7141026"/><trkpt lat="50.6379091" lon="5.7139263"/><trkpt lat="50.6379816" lon="5.7137755"/><trkpt lat="50.6380249" lon="5.7135936"/><trkpt lat="50.6380353" lon="5.7134232"/><trkpt lat="50.6379907" lon="5.7132306"/><trkpt lat="50.6379286" lon="5.7131073"/><trkpt lat="50.6378973" lon="5.7130539"/><trkpt lat="50.6378584" lon="5.7129686"/><trkpt lat="50.6378213" lon="5.7128416"/><trkpt lat="50.6377503" lon="5.7124176"/><trkpt lat="50.6376293" lon="5.711436"/><trkpt lat="50.6376618" lon="5.7110898"/><trkpt lat="50.6377471" lon="5.7106428"/><trkpt lat="50.6378705" lon="5.7103992"/><trkpt lat="50.638194" lon="5.7100088"/><trkpt lat="50.6383986" lon="5.7097882"/><trkpt lat="50.6385665" lon="5.7096313"/><trkpt lat="50.6387021" lon="5.7095112"/><trkpt lat="50.6388864" lon="5.7094992"/><trkpt lat="50.6397005" lon="5.7094958"/><trkpt lat="50.6399752" lon="5.7095735"/><trkpt lat="50.6403549" lon="5.7096056"/><trkpt lat="50.6404228" lon="5.7095821"/><trkpt lat="50.6406722" lon="5.7094568"/><trkpt lat="50.6408725" lon="5.7094207"/><trkpt lat="50.6416682" lon="5.7092271"/><trkpt lat="50.6418462" lon="5.7091625"/><trkpt lat="50.6420224" lon="5.7090145"/><trkpt lat="50.6421544" lon="5.7088413"/><trkpt lat="50.6420629" lon="5.7085687"/><trkpt lat="50.6419601" lon="5.7079859"/><trkpt lat="50.6418316" lon="5.7076553"/><trkpt lat="50.6418336" lon="5.707619"/><trkpt lat="50.6418578" lon="5.7074797"/><trkpt lat="50.6419184" lon="5.7073418"/><trkpt lat="50.6421588" lon="5.7068279"/><trkpt lat="50.6422538" lon="5.7064235"/><trkpt lat="50.6423187" lon="5.7060959"/><trkpt lat="50.6422199" lon="5.7059849"/><trkpt lat="50.6419921" lon="5.7055588"/><trkpt lat="50.6418221" lon="5.7050038"/><trkpt lat="50.6417527" lon="5.7049044"/><trkpt lat="50.6416105" lon="5.704815"/><trkpt lat="50.6415946" lon="5.7046064"/><trkpt lat="50.6415643" lon="5.7043849"/><trkpt lat="50.6415171" lon="5.7041945"/><trkpt lat="50.6414724" lon="5.7040763"/><trkpt lat="50.6414589" lon="5.7038217"/><trkpt lat="50.6415032" lon="5.703636"/><trkpt lat="50.6420375" lon="5.7023919"/><trkpt lat="50.642094" lon="5.7022891"/><trkpt lat="50.6422379" lon="5.7021306"/><trkpt lat="50.6423475" lon="5.7017955"/><trkpt lat="50.6425194" lon="5.7008239"/><trkpt lat="50.6427835" lon="5.6989035"/><trkpt lat="50.642856" lon="5.6983634"/><trkpt lat="50.6430422" lon="5.6976115"/><trkpt lat="50.6433805" lon="5.6966005"/><trkpt lat="50.6434407" lon="5.6963813"/><trkpt lat="50.6436039" lon="5.6960228"/><trkpt lat="50.6437038" lon="5.6958244"/><trkpt lat="50.6439692" lon="5.6952211"/><trkpt lat="50.6440019" lon="5.6951462"/><trkpt lat="50.6441986" lon="5.6946963"/><trkpt lat="50.6444954" lon="5.6938023"/><trkpt lat="50.6448905" lon="5.6928186"/><trkpt lat="50.6452324" lon="5.6917819"/><trkpt lat="50.6457567" lon="5.6905258"/><trkpt lat="50.6469417" lon="5.688817"/><trkpt lat="50.6475168" lon="5.6884083"/><trkpt lat="50.6478356" lon="5.68816"/><trkpt lat="50.648175" lon="5.6878556"/><trkpt lat="50.6488811" lon="5.6875427"/><trkpt lat="50.6492546" lon="5.6876363"/><trkpt lat="50.6493764" lon="5.6876472"/><trkpt lat="50.6494534" lon="5.6875977"/><trkpt lat="50.6497815" lon="5.6869073"/><trkpt lat="50.6498796" lon="5.6867956"/><trkpt lat="50.6498987" lon="5.6867738"/><trkpt lat="50.6498696" lon="5.686622"/><trkpt lat="50.6497473" lon="5.6864323"/><trkpt lat="50.6491374" lon="5.6858663"/><trkpt lat="50.6489963" lon="5.6856722"/><trkpt lat="50.648707" lon="5.6852447"/><trkpt lat="50.648647" lon="5.6852012"/><trkpt lat="50.6486047" lon="5.6851395"/><trkpt lat="50.6485793" lon="5.685053"/><trkpt lat="50.6485227" lon="5.6847555"/><trkpt lat="50.6484808" lon="5.6845066"/><trkpt lat="50.6484841" lon="5.6842107"/><trkpt lat="50.6484924" lon="5.6837406"/><trkpt lat="50.6484953" lon="5.6833148"/><trkpt lat="50.6484959" lon="5.6832823"/><trkpt lat="50.6484795" lon="5.6828604"/><trkpt lat="50.6484747" lon="5.6827353"/><trkpt lat="50.6484679" lon="5.6822121"/><trkpt lat="50.6483606" lon="5.6821715"/><trkpt lat="50.6479289" lon="5.6819968"/><trkpt lat="50.6477492" lon="5.6819611"/><trkpt lat="50.6475891" lon="5.6819595"/><trkpt lat="50.6475898" lon="5.6817892"/><trkpt lat="50.6476132" lon="5.6815754"/><trkpt lat="50.6476271" lon="5.681474"/><trkpt lat="50.6476364" lon="5.6813438"/><trkpt lat="50.6476299" lon="5.681182"/><trkpt lat="50.6476179" lon="5.68106"/><trkpt lat="50.6475971" lon="5.6806027"/><trkpt lat="50.6475844" lon="5.6804123"/><trkpt lat="50.6475921" lon="5.6802191"/><trkpt lat="50.6476218" lon="5.6801689"/><trkpt lat="50.6475743" lon="5.6791996"/><trkpt lat="50.6475586" lon="5.678492"/><trkpt lat="50.6475222" lon="5.6778209"/><trkpt lat="50.6472492" lon="5.6777278"/><trkpt lat="50.6472266" lon="5.6775005"/><trkpt lat="50.6471597" lon="5.6771376"/><trkpt lat="50.6471182" lon="5.6769672"/><trkpt lat="50.6469506" lon="5.6764851"/><trkpt lat="50.6468367" lon="5.6761982"/><trkpt lat="50.6466479" lon="5.6758113"/><trkpt lat="50.6465748" lon="5.6756554"/><trkpt lat="50.6464873" lon="5.6755076"/><trkpt lat="50.6459937" lon="5.6748135"/><trkpt lat="50.6459138" lon="5.674666"/><trkpt lat="50.6458548" lon="5.6744769"/><trkpt lat="50.6457939" lon="5.6741068"/><trkpt lat="50.6457054" lon="5.6734792"/><trkpt lat="50.645603" lon="5.6726045"/><trkpt lat="50.6455707" lon="5.6724017"/><trkpt lat="50.6454999" lon="5.6721183"/><trkpt lat="50.6454454" lon="5.6718367"/><trkpt lat="50.6454228" lon="5.6716665"/><trkpt lat="50.6454135" lon="5.6715131"/><trkpt lat="50.6454215" lon="5.6713015"/><trkpt lat="50.6450407" lon="5.6712163"/><trkpt lat="50.6448609" lon="5.6711549"/><trkpt lat="50.6446452" lon="5.6709457"/><trkpt lat="50.6445944" lon="5.6708964"/><trkpt lat="50.6445719" lon="5.6708493"/><trkpt lat="50.6443906" lon="5.67047"/><trkpt lat="50.6443658" lon="5.6703271"/><trkpt lat="50.6443115" lon="5.6699201"/><trkpt lat="50.6443178" lon="5.6698645"/><trkpt lat="50.6443441" lon="5.6696327"/><trkpt lat="50.6444795" lon="5.6690886"/><trkpt lat="50.6447566" lon="5.668433"/><trkpt lat="50.6448204" lon="5.6682064"/><trkpt lat="50.6448818" lon="5.6682132"/><trkpt lat="50.6448767" lon="5.6678601"/><trkpt lat="50.6448685" lon="5.667299"/><trkpt lat="50.644878" lon="5.667188"/><trkpt lat="50.6449155" lon="5.666749"/><trkpt lat="50.6448886" lon="5.6666347"/><trkpt lat="50.6448739" lon="5.6665719"/><trkpt lat="50.6448908" lon="5.6662381"/><trkpt lat="50.6449008" lon="5.6660409"/><trkpt lat="50.6449658" lon="5.6654213"/><trkpt lat="50.6449898" lon="5.6649504"/><trkpt lat="50.6449837" lon="5.6647836"/><trkpt lat="50.6449846" lon="5.6647729"/><trkpt lat="50.6449961" lon="5.6641772"/><trkpt lat="50.6450626" lon="5.6641908"/><trkpt lat="50.6451274" lon="5.6641291"/><trkpt lat="50.6453303" lon="5.6638567"/><trkpt lat="50.6454513" lon="5.6635911"/><trkpt lat="50.6455608" lon="5.6632628"/><trkpt lat="50.6457036" lon="5.6624603"/><trkpt lat="50.6458595" lon="5.6617079"/><trkpt lat="50.6459812" lon="5.6610739"/><trkpt lat="50.6459901" lon="5.6608576"/><trkpt lat="50.6459688" lon="5.6606661"/><trkpt lat="50.6459083" lon="5.6604322"/><trkpt lat="50.6457482" lon="5.6599663"/><trkpt lat="50.6456569" lon="5.659714"/><trkpt lat="50.6455191" lon="5.6594006"/><trkpt lat="50.6454812" lon="5.6593477"/><trkpt lat="50.6454997" lon="5.6585651"/><trkpt lat="50.6454727" lon="5.6575348"/><trkpt lat="50.6454464" lon="5.6572632"/><trkpt lat="50.6454215" lon="5.6570683"/><trkpt lat="50.6453685" lon="5.6567734"/><trkpt lat="50.6453173" lon="5.6565794"/><trkpt lat="50.6450959" lon="5.6558945"/><trkpt lat="50.6448297" lon="5.6549325"/><trkpt lat="50.6447043" lon="5.6544951"/><trkpt lat="50.6446504" lon="5.6543072"/><trkpt lat="50.6443628" lon="5.6535597"/><trkpt lat="50.64415" lon="5.6529797"/><trkpt lat="50.6441065" lon="5.6528543"/><trkpt lat="50.6440799" lon="5.6527886"/><trkpt lat="50.6438519" lon="5.6522235"/><trkpt lat="50.6438326" lon="5.6520277"/><trkpt lat="50.6438068" lon="5.65184"/><trkpt lat="50.6437578" lon="5.6514264"/><trkpt lat="50.6437504" lon="5.651282"/><trkpt lat="50.6437913" lon="5.6510906"/><trkpt lat="50.6439714" lon="5.6508432"/><trkpt lat="50.6440188" lon="5.6507734"/><trkpt lat="50.6441073" lon="5.6506862"/><trkpt lat="50.6443847" lon="5.6500714"/><trkpt lat="50.6444203" lon="5.649921"/><trkpt lat="50.644423" lon="5.6498268"/><trkpt lat="50.6443945" lon="5.6497214"/><trkpt lat="50.6440246" lon="5.6491473"/><trkpt lat="50.64397" lon="5.6490765"/><trkpt lat="50.6439267" lon="5.6490962"/><trkpt lat="50.6438834" lon="5.6490817"/><trkpt lat="50.643804" lon="5.6490633"/><trkpt lat="50.6437474" lon="5.6490637"/><trkpt lat="50.6437243" lon="5.6490467"/><trkpt lat="50.64367" lon="5.6489458"/><trkpt lat="50.6436411" lon="5.6488506"/><trkpt lat="50.643579" lon="5.6487208"/><trkpt lat="50.6435303" lon="5.6485683"/><trkpt lat="50.6434861" lon="5.648528"/><trkpt lat="50.6434163" lon="5.6484363"/><trkpt lat="50.6433451" lon="5.6482765"/><trkpt lat="50.6432503" lon="5.6480286"/><trkpt lat="50.643376" lon="5.6472718"/><trkpt lat="50.6433701" lon="5.6469672"/><trkpt lat="50.6433161" lon="5.6466278"/><trkpt lat="50.6431935" lon="5.6462141"/><trkpt lat="50.6430108" lon="5.6455974"/><trkpt lat="50.643006" lon="5.6455828"/><trkpt lat="50.6426891" lon="5.6446277"/><trkpt lat="50.6426689" lon="5.6444894"/><trkpt lat="50.6427044" lon="5.6444549"/><trkpt lat="50.6427264" lon="5.644399"/><trkpt lat="50.642732" lon="5.6443588"/><trkpt lat="50.6427245" lon="5.6442998"/><trkpt lat="50.6427267" lon="5.6442831"/><trkpt lat="50.6426855" lon="5.6442294"/><trkpt lat="50.6426494" lon="5.6442112"/><trkpt lat="50.6426117" lon="5.6442179"/><trkpt lat="50.6425714" lon="5.6440935"/><trkpt lat="50.642464" lon="5.6438057"/><trkpt lat="50.6423184" lon="5.6433509"/><trkpt lat="50.6420256" lon="5.6423416"/><trkpt lat="50.6419301" lon="5.6418671"/><trkpt lat="50.6419028" lon="5.6414338"/><trkpt lat="50.6419751" lon="5.6403943"/><trkpt lat="50.6420108" lon="5.6401398"/><trkpt lat="50.6420705" lon="5.6398312"/><trkpt lat="50.6421011" lon="5.6396975"/><trkpt lat="50.6422406" lon="5.6392396"/><trkpt lat="50.6423821" lon="5.6388394"/><trkpt lat="50.6425096" lon="5.6380701"/><trkpt lat="50.6426508" lon="5.6376348"/><trkpt lat="50.6428004" lon="5.6374071"/><trkpt lat="50.6429008" lon="5.6372576"/><trkpt lat="50.642969" lon="5.6371834"/><trkpt lat="50.6432762" lon="5.6368156"/><trkpt lat="50.6434448" lon="5.6366515"/><trkpt lat="50.6436684" lon="5.6364378"/><trkpt lat="50.6438245" lon="5.6363185"/><trkpt lat="50.6442636" lon="5.6359867"/><trkpt lat="50.6444538" lon="5.635848"/><trkpt lat="50.6446855" lon="5.6356464"/><trkpt lat="50.6447742" lon="5.6355649"/><trkpt lat="50.6449336" lon="5.6353784"/><trkpt lat="50.6453005" lon="5.6350397"/><trkpt lat="50.6454242" lon="5.6349309"/><trkpt lat="50.6455069" lon="5.6348381"/><trkpt lat="50.6456345" lon="5.6345564"/><trkpt lat="50.6456964" lon="5.6343804"/><trkpt lat="50.6457103" lon="5.634341"/><trkpt lat="50.6457356" lon="5.6342614"/><trkpt lat="50.6457771" lon="5.6341662"/><trkpt lat="50.6459943" lon="5.6336477"/><trkpt lat="50.6461525" lon="5.6332758"/><trkpt lat="50.6462342" lon="5.6329975"/><trkpt lat="50.645662" lon="5.6322451"/><trkpt lat="50.645436" lon="5.6317128"/><trkpt lat="50.6451996" lon="5.6311968"/><trkpt lat="50.6451606" lon="5.6311138"/><trkpt lat="50.6450704" lon="5.6309174"/><trkpt lat="50.6450002" lon="5.6307818"/><trkpt lat="50.6449479" lon="5.6307"/><trkpt lat="50.6447855" lon="5.6304373"/><trkpt lat="50.6444387" lon="5.6299236"/><trkpt lat="50.6443544" lon="5.6296876"/><trkpt lat="50.6443071" lon="5.6295379"/><trkpt lat="50.6442988" lon="5.6295118"/><trkpt lat="50.6442916" lon="5.6294889"/><trkpt lat="50.6441481" lon="5.6289402"/><trkpt lat="50.6438935" lon="5.6278573"/><trkpt lat="50.6437267" lon="5.6270681"/><trkpt lat="50.6436126" lon="5.6266263"/><trkpt lat="50.6435077" lon="5.6265201"/><trkpt lat="50.6434872" lon="5.6265115"/><trkpt lat="50.6435118" lon="5.6262587"/><trkpt lat="50.643493" lon="5.6260892"/><trkpt lat="50.6434668" lon="5.6258954"/><trkpt lat="50.6434651" lon="5.6253934"/><trkpt lat="50.6434638" lon="5.6252289"/><trkpt lat="50.6434633" lon="5.6247217"/><trkpt lat="50.6436484" lon="5.6232773"/><trkpt lat="50.643908" lon="5.6226434"/><trkpt lat="50.643962" lon="5.6224974"/><trkpt lat="50.6439669" lon="5.6223417"/><trkpt lat="50.6439641" lon="5.6221981"/><trkpt lat="50.6439868" lon="5.6219169"/><trkpt lat="50.6439172" lon="5.6217028"/><trkpt lat="50.6438732" lon="5.6214933"/><trkpt lat="50.6438004" lon="5.6211007"/><trkpt lat="50.6437917" lon="5.6210586"/><trkpt lat="50.6436124" lon="5.6200415"/><trkpt lat="50.6435533" lon="5.6197085"/><trkpt lat="50.6433921" lon="5.6188018"/><trkpt lat="50.6432162" lon="5.6180212"/><trkpt lat="50.6431917" lon="5.6179155"/><trkpt lat="50.6431322" lon="5.6176815"/><trkpt lat="50.6430382" lon="5.6172839"/><trkpt lat="50.6429301" lon="5.6168443"/><trkpt lat="50.6428876" lon="5.6166374"/><trkpt lat="50.6428567" lon="5.6164693"/><trkpt lat="50.6427919" lon="5.6161138"/><trkpt lat="50.6427606" lon="5.6159165"/><trkpt lat="50.6427345" lon="5.615727"/><trkpt lat="50.6427317" lon="5.6152121"/><trkpt lat="50.6427475" lon="5.6139895"/><trkpt lat="50.6427502" lon="5.6136024"/><trkpt lat="50.6427398" lon="5.6127937"/><trkpt lat="50.6426691" lon="5.6116291"/><trkpt lat="50.6426569" lon="5.6114466"/><trkpt lat="50.6426533" lon="5.6114107"/><trkpt lat="50.6426311" lon="5.6111366"/><trkpt lat="50.6426143" lon="5.6109482"/><trkpt lat="50.6427201" lon="5.6109286"/><trkpt lat="50.6430188" lon="5.6108201"/><trkpt lat="50.6434015" lon="5.6106628"/><trkpt lat="50.6434878" lon="5.6106252"/><trkpt lat="50.6442887" lon="5.6102798"/><trkpt lat="50.6443545" lon="5.6102475"/><trkpt lat="50.6445428" lon="5.6101122"/><trkpt lat="50.6446906" lon="5.6099486"/><trkpt lat="50.6447881" lon="5.6098081"/><trkpt lat="50.6448897" lon="5.609632"/><trkpt lat="50.6449997" lon="5.6095255"/><trkpt lat="50.6449858" lon="5.609482"/><trkpt lat="50.6449812" lon="5.6094338"/><trkpt lat="50.6449862" lon="5.6093858"/><trkpt lat="50.6450003" lon="5.6093426"/><trkpt lat="50.6450224" lon="5.6093083"/><trkpt lat="50.6450498" lon="5.6092869"/><trkpt lat="50.6450813" lon="5.6092781"/><trkpt lat="50.6452093" lon="5.6091256"/><trkpt lat="50.6452498" lon="5.6090955"/><trkpt lat="50.6452691" lon="5.6090806"/><trkpt lat="50.6457899" lon="5.6086995"/><trkpt lat="50.6458577" lon="5.6086503"/><trkpt lat="50.6459611" lon="5.6085716"/><trkpt lat="50.6460952" lon="5.6084739"/><trkpt lat="50.6461485" lon="5.608461"/><trkpt lat="50.6461673" lon="5.60846"/><trkpt lat="50.6461801" lon="5.6084588"/><trkpt lat="50.646209" lon="5.6084576"/><trkpt lat="50.6462231" lon="5.6084567"/><trkpt lat="50.6462549" lon="5.6084549"/><trkpt lat="50.6462566" lon="5.6083309"/><trkpt lat="50.6462569" lon="5.6083106"/><trkpt lat="50.646273" lon="5.6073234"/><trkpt lat="50.6462756" lon="5.6071668"/><trkpt lat="50.646291" lon="5.6062211"/><trkpt lat="50.6462929" lon="5.6061022"/><trkpt lat="50.646306" lon="5.605302"/><trkpt lat="50.6463185" lon="5.6045494"/><trkpt lat="50.6463186" lon="5.6045417"/><trkpt lat="50.6463208" lon="5.6043929"/><trkpt lat="50.6464134" lon="5.6043256"/><trkpt lat="50.6466943" lon="5.6041214"/><trkpt lat="50.6468943" lon="5.603976"/><trkpt lat="50.6470481" lon="5.6038642"/><trkpt lat="50.6471137" lon="5.6038165"/><trkpt lat="50.6471441" lon="5.6037944"/><trkpt lat="50.6471696" lon="5.6037771"/><trkpt lat="50.6473556" lon="5.6036335"/><trkpt lat="50.6474133" lon="5.6035889"/><trkpt lat="50.647508" lon="5.6035264"/><trkpt lat="50.6475655" lon="5.6034815"/><trkpt lat="50.647547" lon="5.6034232"/><trkpt lat="50.6476421" lon="5.6033483"/><trkpt lat="50.6478687" lon="5.6031581"/><trkpt lat="50.6479132" lon="5.6031236"/><trkpt lat="50.6478747" lon="5.6029967"/><trkpt lat="50.647857" lon="5.6029369"/><trkpt lat="50.6478401" lon="5.6028823"/><trkpt lat="50.6478267" lon="5.6028421"/><trkpt lat="50.6478104" lon="5.6027937"/><trkpt lat="50.6477951" lon="5.6027477"/><trkpt lat="50.6478265" lon="5.6027319"/><trkpt lat="50.6484467" lon="5.6022246"/><trkpt lat="50.6484811" lon="5.6022006"/><trkpt lat="50.6485454" lon="5.6021556"/><trkpt lat="50.6486479" lon="5.602096"/><trkpt lat="50.6486173" lon="5.6020811"/><trkpt lat="50.6485832" lon="5.6019667"/><trkpt lat="50.6484414" lon="5.6014046"/><trkpt lat="50.648356" lon="5.6008649"/><trkpt lat="50.6483291" lon="5.6006858"/><trkpt lat="50.6482194" lon="5.5999318"/><trkpt lat="50.6481923" lon="5.5997512"/><trkpt lat="50.648196" lon="5.5995569"/><trkpt lat="50.6476965" lon="5.5966946"/><trkpt lat="50.6476442" lon="5.5963947"/><trkpt lat="50.6470395" lon="5.5929264"/><trkpt lat="50.6468721" lon="5.5919916"/><trkpt lat="50.6467129" lon="5.5911025"/><trkpt lat="50.646067" lon="5.5875364"/><trkpt lat="50.6460023" lon="5.5871505"/><trkpt lat="50.6459079" lon="5.5865973"/><trkpt lat="50.6458341" lon="5.5862118"/><trkpt lat="50.6457687" lon="5.585838"/><trkpt lat="50.645618" lon="5.5849584"/><trkpt lat="50.6455299" lon="5.5844408"/><trkpt lat="50.6454474" lon="5.5843204"/><trkpt lat="50.6453505" lon="5.5837168"/><trkpt lat="50.6452529" lon="5.5833252"/><trkpt lat="50.6451115" lon="5.5828533"/><trkpt lat="50.6449603" lon="5.5824153"/><trkpt lat="50.6449119" lon="5.5822864"/><trkpt lat="50.6446293" lon="5.581695"/><trkpt lat="50.6445925" lon="5.5816204"/><trkpt lat="50.6445457" lon="5.5815254"/><trkpt lat="50.6445082" lon="5.5813924"/><trkpt lat="50.6440338" lon="5.5804719"/><trkpt lat="50.6438828" lon="5.5801909"/><trkpt lat="50.6437049" lon="5.5799085"/><trkpt lat="50.643626" lon="5.5798209"/><trkpt lat="50.6434416" lon="5.5796263"/><trkpt lat="50.6432945" lon="5.5795237"/><trkpt lat="50.6430347" lon="5.5793389"/><trkpt lat="50.642701" lon="5.5791714"/><trkpt lat="50.6426743" lon="5.5791623"/><trkpt lat="50.6424614" lon="5.5790894"/><trkpt lat="50.6422514" lon="5.5790171"/><trkpt lat="50.6421584" lon="5.5790712"/><trkpt lat="50.6418156" lon="5.5789816"/><trkpt lat="50.6418091" lon="5.5789286"/><trkpt lat="50.641658" lon="5.5788919"/><trkpt lat="50.641602" lon="5.5788778"/><trkpt lat="50.6412018" lon="5.5787785"/><trkpt lat="50.6409041" lon="5.5787039"/><trkpt lat="50.6407096" lon="5.5786956"/><trkpt lat="50.6406081" lon="5.5786655"/><trkpt lat="50.6403251" lon="5.5785987"/><trkpt lat="50.640207" lon="5.5785708"/><trkpt lat="50.6400171" lon="5.5785231"/><trkpt lat="50.6397603" lon="5.5784585"/><trkpt lat="50.6392479" lon="5.5783371"/><trkpt lat="50.6392051" lon="5.5783411"/><trkpt lat="50.6391524" lon="5.5783618"/><trkpt lat="50.6390998" lon="5.5783787"/><trkpt lat="50.6390464" lon="5.5783955"/><trkpt lat="50.6389896" lon="5.5784033"/><trkpt lat="50.6389242" lon="5.5784058"/><trkpt lat="50.6388613" lon="5.5783953"/><trkpt lat="50.6387863" lon="5.5783666"/><trkpt lat="50.6387343" lon="5.5783227"/><trkpt lat="50.6386718" lon="5.5782522"/><trkpt lat="50.6385952" lon="5.5782999"/><trkpt lat="50.6385174" lon="5.5781669"/><trkpt lat="50.638307" lon="5.5781332"/><trkpt lat="50.6381967" lon="5.5780972"/><trkpt lat="50.638085" lon="5.5780424"/><trkpt lat="50.6379739" lon="5.5779453"/><trkpt lat="50.6379069" lon="5.5778375"/><trkpt lat="50.6378752" lon="5.5777406"/><trkpt lat="50.6378499" lon="5.5776443"/><trkpt lat="50.6379533" lon="5.5772609"/><trkpt lat="50.6380784" lon="5.5767873"/><trkpt lat="50.6381584" lon="5.5765775"/><trkpt lat="50.6382502" lon="5.576262"/><trkpt lat="50.6383177" lon="5.5760246"/><trkpt lat="50.6383343" lon="5.5759592"/><trkpt lat="50.638386" lon="5.5757622"/><trkpt lat="50.6383983" lon="5.5757084"/><trkpt lat="50.6384072" lon="5.5756444"/><trkpt lat="50.63841" lon="5.5755818"/><trkpt lat="50.6384323" lon="5.5754274"/><trkpt lat="50.638531" lon="5.5750593"/><trkpt lat="50.6385411" lon="5.5749792"/><trkpt lat="50.6385615" lon="5.5748443"/><trkpt lat="50.638612" lon="5.5746096"/><trkpt lat="50.6385863" lon="5.5745946"/><trkpt lat="50.6385994" lon="5.5745302"/><trkpt lat="50.6386068" lon="5.5744829"/><trkpt lat="50.6386075" lon="5.5744345"/><trkpt lat="50.6386038" lon="5.5743779"/><trkpt lat="50.6385957" lon="5.5743423"/><trkpt lat="50.6385872" lon="5.5743177"/><trkpt lat="50.6385664" lon="5.5742681"/><trkpt lat="50.6385453" lon="5.5742372"/><trkpt lat="50.638519" lon="5.5742004"/><trkpt lat="50.6384994" lon="5.5741666"/><trkpt lat="50.6384805" lon="5.5741397"/><trkpt lat="50.6384561" lon="5.5741216"/><trkpt lat="50.6384243" lon="5.5741169"/><trkpt lat="50.6384025" lon="5.5741173"/><trkpt lat="50.6384007" lon="5.5740642"/><trkpt lat="50.6383992" lon="5.5740268"/><trkpt lat="50.6383984" lon="5.5740064"/><trkpt lat="50.638434" lon="5.5740035"/><trkpt lat="50.6384335" lon="5.5739853"/><trkpt lat="50.6384325" lon="5.5739458"/><trkpt lat="50.6384299" lon="5.573873"/><trkpt lat="50.6384828" lon="5.5738514"/><trkpt lat="50.6385247" lon="5.5738181"/><trkpt lat="50.6385687" lon="5.5737668"/><trkpt lat="50.6385983" lon="5.5737364"/><trkpt lat="50.6386196" lon="5.5736877"/><trkpt lat="50.6386216" lon="5.5736378"/><trkpt lat="50.6384635" lon="5.5731856"/><trkpt lat="50.6382913" lon="5.5727399"/><trkpt lat="50.6382733" lon="5.5727012"/><trkpt lat="50.6378999" lon="5.5718976"/><trkpt lat="50.6378578" lon="5.5718053"/><trkpt lat="50.6375535" lon="5.5711015"/><trkpt lat="50.6374282" lon="5.5708403"/><trkpt lat="50.6373094" lon="5.5704514"/><trkpt lat="50.6372964" lon="5.5703598"/><trkpt lat="50.637295" lon="5.5702468"/><trkpt lat="50.63728" lon="5.5701572"/><trkpt lat="50.63717" lon="5.5696351"/><trkpt lat="50.636943" lon="5.5696167"/><trkpt lat="50.6366306" lon="5.5697939"/><trkpt lat="50.6363296" lon="5.5699785"/><trkpt lat="50.6363075" lon="5.5699924"/><trkpt lat="50.6361892" lon="5.5700713"/><trkpt lat="50.6358978" lon="5.5702262"/><trkpt lat="50.6358189" lon="5.5702668"/><trkpt lat="50.6358899" lon="5.5706496"/><trkpt lat="50.6359" lon="5.5707041"/><trkpt lat="50.6359845" lon="5.5711601"/><trkpt lat="50.6358201" lon="5.5712378"/><trkpt lat="50.6358784" lon="5.5715572"/><trkpt lat="50.6358584" lon="5.5715727"/><trkpt lat="50.635843" lon="5.5715979"/><trkpt lat="50.6358339" lon="5.57163"/><trkpt lat="50.6358324" lon="5.5716651"/><trkpt lat="50.6358386" lon="5.5716988"/><trkpt lat="50.6358517" lon="5.5717272"/><trkpt lat="50.6358701" lon="5.5717468"/><trkpt lat="50.6358918" lon="5.5717553"/><trkpt lat="50.6359139" lon="5.5717516"/><trkpt lat="50.6359851" lon="5.5721418"/><trkpt lat="50.6360181" lon="5.5723221"/><trkpt lat="50.6360591" lon="5.5725291"/><trkpt lat="50.6361058" lon="5.5727889"/><trkpt lat="50.6359332" lon="5.5726912"/><trkpt lat="50.6359136" lon="5.5726969"/><trkpt lat="50.6358791" lon="5.5727095"/><trkpt lat="50.6358444" lon="5.5727031"/><trkpt lat="50.6358368" lon="5.5726408"/><trkpt lat="50.6358258" lon="5.5725818"/><trkpt lat="50.6355297" lon="5.5723931"/><trkpt lat="50.63492" lon="5.5720018"/><trkpt lat="50.6348328" lon="5.5719453"/><trkpt lat="50.6347804" lon="5.5719132"/><trkpt lat="50.6346798" lon="5.571854"/><trkpt lat="50.6345109" lon="5.5717436"/><trkpt lat="50.6343422" lon="5.5716402"/><trkpt lat="50.6341015" lon="5.5714982"/><trkpt lat="50.6338199" lon="5.5713489"/><trkpt lat="50.6335221" lon="5.5712177"/><trkpt lat="50.6333062" lon="5.5711287"/><trkpt lat="50.6333312" lon="5.5709456"/><trkpt lat="50.6333386" lon="5.5708912"/><trkpt lat="50.6333165" lon="5.5708673"/><trkpt lat="50.6330888" lon="5.5707924"/><trkpt lat="50.6329211" lon="5.5707373"/><trkpt lat="50.6328844" lon="5.5707399"/><trkpt lat="50.6328577" lon="5.5707481"/><trkpt lat="50.632854" lon="5.5707881"/><trkpt lat="50.6328488" lon="5.5708453"/><trkpt lat="50.632838" lon="5.5709622"/><trkpt lat="50.6328218" lon="5.5711247"/><trkpt lat="50.632817" lon="5.57118"/><trkpt lat="50.6327871" lon="5.5714837"/><trkpt lat="50.632776" lon="5.5716015"/><trkpt lat="50.6327515" lon="5.5716273"/><trkpt lat="50.6327309" lon="5.5716572"/><trkpt lat="50.632659" lon="5.5716379"/><trkpt lat="50.6325756" lon="5.5716178"/><trkpt lat="50.6325565" lon="5.5718298"/><trkpt lat="50.6325385" lon="5.5720158"/><trkpt lat="50.6325264" lon="5.5721406"/><trkpt lat="50.632368" lon="5.5738232"/><trkpt lat="50.6323494" lon="5.5739075"/><trkpt lat="50.63232" lon="5.5739758"/><trkpt lat="50.6322795" lon="5.5740199"/><trkpt lat="50.6322301" lon="5.5740492"/><trkpt lat="50.6321758" lon="5.5740478"/><trkpt lat="50.6321496" lon="5.5740404"/><trkpt lat="50.6321034" lon="5.5740274"/><trkpt lat="50.6319611" lon="5.5738929"/><trkpt lat="50.6319756" lon="5.5738506"/><trkpt lat="50.6318915" lon="5.5737741"/><trkpt lat="50.6312473" lon="5.5737742"/><trkpt lat="50.6310041" lon="5.5737902"/><trkpt lat="50.6307875" lon="5.5738246"/><trkpt lat="50.630407" lon="5.5739106"/><trkpt lat="50.6303725" lon="5.5739595"/><trkpt lat="50.630312" lon="5.5739809"/><trkpt lat="50.6302751" lon="5.5739525"/><trkpt lat="50.6300264" lon="5.5740354"/><trkpt lat="50.6298174" lon="5.5741468"/><trkpt lat="50.6294861" lon="5.574345"/><trkpt lat="50.6291841" lon="5.5745583"/><trkpt lat="50.6289971" lon="5.5746934"/><trkpt lat="50.6287834" lon="5.5748477"/><trkpt lat="50.6287585" lon="5.5748971"/><trkpt lat="50.6287191" lon="5.5750034"/><trkpt lat="50.6287096" lon="5.5751424"/><trkpt lat="50.628698" lon="5.5753025"/><trkpt lat="50.6287331" lon="5.5755901"/><trkpt lat="50.628536" lon="5.5755795"/><trkpt lat="50.6279759" lon="5.5759325"/><trkpt lat="50.6278992" lon="5.5760089"/><trkpt lat="50.6277524" lon="5.5758979"/><trkpt lat="50.6277349" lon="5.575885"/><trkpt lat="50.6275897" lon="5.5758561"/><trkpt lat="50.627287" lon="5.5760275"/><trkpt lat="50.627021" lon="5.5762321"/><trkpt lat="50.6256067" lon="5.57732"/><trkpt lat="50.625463" lon="5.577615"/><trkpt lat="50.6252921" lon="5.5777104"/><trkpt lat="50.6249806" lon="5.5779333"/><trkpt lat="50.6249251" lon="5.5780198"/><trkpt lat="50.6248771" lon="5.5781256"/><trkpt lat="50.6248404" lon="5.5782604"/><trkpt lat="50.6248624" lon="5.5785079"/><trkpt lat="50.624885" lon="5.5786765"/><trkpt lat="50.6249894" lon="5.5797368"/><trkpt lat="50.6249241" lon="5.57979"/><trkpt lat="50.6242362" lon="5.579854"/><trkpt lat="50.6240455" lon="5.5799112"/><trkpt lat="50.6238835" lon="5.5799893"/><trkpt lat="50.6237473" lon="5.5800636"/><trkpt lat="50.6233686" lon="5.5803374"/><trkpt lat="50.6232813" lon="5.5804091"/><trkpt lat="50.6231068" lon="5.5805806"/><trkpt lat="50.6229099" lon="5.5808285"/><trkpt lat="50.6228233" lon="5.5809536"/><trkpt lat="50.6227927" lon="5.5810404"/><trkpt lat="50.6226426" lon="5.5813528"/><trkpt lat="50.6222361" lon="5.5821567"/><trkpt lat="50.6222277" lon="5.582163"/><trkpt lat="50.6221823" lon="5.5821867"/><trkpt lat="50.622127" lon="5.5822265"/><trkpt lat="50.6221061" lon="5.5822265"/><trkpt lat="50.6220561" lon="5.5823065"/><trkpt lat="50.6220084" lon="5.5822463"/><trkpt lat="50.6215334" lon="5.5816254"/><trkpt lat="50.6214876" lon="5.5816688"/><trkpt lat="50.6214447" lon="5.5817095"/><trkpt lat="50.621426" lon="5.5817426"/><trkpt lat="50.6213888" lon="5.5817213"/><trkpt lat="50.6213566" lon="5.5817179"/><trkpt lat="50.6213227" lon="5.5817352"/><trkpt lat="50.621298" lon="5.5817641"/><trkpt lat="50.6212064" lon="5.5819547"/><trkpt lat="50.6211637" lon="5.5820506"/><trkpt lat="50.6210719" lon="5.5822209"/><trkpt lat="50.6209486" lon="5.5824519"/><trkpt lat="50.6208508" lon="5.5826727"/><trkpt lat="50.6209134" lon="5.5827347"/><trkpt lat="50.6208534" lon="5.5828868"/><trkpt lat="50.620745" lon="5.5831788"/><trkpt lat="50.6205893" lon="5.5836825"/><trkpt lat="50.6205361" lon="5.5838967"/><trkpt lat="50.620467" lon="5.5841738"/><trkpt lat="50.6204099" lon="5.584402"/><trkpt lat="50.6202664" lon="5.5850642"/><trkpt lat="50.6202224" lon="5.58525"/><trkpt lat="50.6201345" lon="5.5855569"/><trkpt lat="50.6199761" lon="5.5860637"/><trkpt lat="50.6199308" lon="5.5862144"/><trkpt lat="50.6198439" lon="5.5864703"/><trkpt lat="50.619736" lon="5.5867688"/><trkpt lat="50.6195695" lon="5.5871926"/><trkpt lat="50.6193917" lon="5.5876433"/><trkpt lat="50.6193299" lon="5.5878016"/><trkpt lat="50.6192654" lon="5.5879334"/><trkpt lat="50.6191498" lon="5.5881179"/><trkpt lat="50.6191029" lon="5.5880301"/><trkpt lat="50.6189755" lon="5.5881335"/><trkpt lat="50.6189395" lon="5.588147"/><trkpt lat="50.6187022" lon="5.5882778"/><trkpt lat="50.6185011" lon="5.5883722"/><trkpt lat="50.6183443" lon="5.5884448"/><trkpt lat="50.6175797" lon="5.5888093"/><trkpt lat="50.6172711" lon="5.588391"/><trkpt lat="50.6170142" lon="5.5880419"/><trkpt lat="50.6169599" lon="5.5879745"/><trkpt lat="50.6168889" lon="5.587971"/><trkpt lat="50.6167197" lon="5.5881072"/><trkpt lat="50.6166132" lon="5.5882297"/><trkpt lat="50.6164747" lon="5.588235"/><trkpt lat="50.6164351" lon="5.5882787"/><trkpt lat="50.6164058" lon="5.5882224"/><trkpt lat="50.6163813" lon="5.5881753"/><trkpt lat="50.616342" lon="5.5881077"/><trkpt lat="50.6163008" lon="5.5880469"/><trkpt lat="50.6162004" lon="5.5881898"/><trkpt lat="50.6160821" lon="5.5883413"/><trkpt lat="50.6160123" lon="5.588386"/><trkpt lat="50.6158041" lon="5.5884045"/><trkpt lat="50.6157027" lon="5.5884594"/><trkpt lat="50.6155998" lon="5.5885387"/><trkpt lat="50.6154279" lon="5.5888656"/><trkpt lat="50.6153799" lon="5.5891657"/><trkpt lat="50.6152546" lon="5.5895402"/><trkpt lat="50.6151348" lon="5.5902024"/><trkpt lat="50.6150423" lon="5.5907004"/><trkpt lat="50.6147184" lon="5.5925627"/><trkpt lat="50.6144028" lon="5.594788"/><trkpt lat="50.6142519" lon="5.5959836"/><trkpt lat="50.6140917" lon="5.597026"/><trkpt lat="50.6137419" lon="5.5994745"/><trkpt lat="50.6137479" lon="5.5996515"/><trkpt lat="50.6137898" lon="5.5997879"/><trkpt lat="50.6137887" lon="5.5998595"/><trkpt lat="50.6137797" lon="5.5999329"/><trkpt lat="50.6137696" lon="5.600014"/><trkpt lat="50.613683" lon="5.6000417"/><trkpt lat="50.6136332" lon="5.6001105"/><trkpt lat="50.6136092" lon="5.6002239"/><trkpt lat="50.6135725" lon="5.6002069"/><trkpt lat="50.6134631" lon="5.6001631"/><trkpt lat="50.6134254" lon="5.6001616"/><trkpt lat="50.6133087" lon="5.6001319"/><trkpt lat="50.6132215" lon="5.6002096"/><trkpt lat="50.6131841" lon="5.6002429"/><trkpt lat="50.6131601" lon="5.6002336"/><trkpt lat="50.6131137" lon="5.6002144"/><trkpt lat="50.6130739" lon="5.6003054"/><trkpt lat="50.6130502" lon="5.6003017"/><trkpt lat="50.6129987" lon="5.6002437"/><trkpt lat="50.6127699" lon="5.6007287"/><trkpt lat="50.6126214" lon="5.6010436"/><trkpt lat="50.6126042" lon="5.6012651"/><trkpt lat="50.6122711" lon="5.6010161"/><trkpt lat="50.6121651" lon="5.6008296"/><trkpt lat="50.6120822" lon="5.6006761"/><trkpt lat="50.6117222" lon="5.5998736"/><trkpt lat="50.6115583" lon="5.5996463"/><trkpt lat="50.6115165" lon="5.5995853"/><trkpt lat="50.6114273" lon="5.59951"/><trkpt lat="50.6113569" lon="5.5994637"/><trkpt lat="50.6112923" lon="5.5994753"/><trkpt lat="50.6112271" lon="5.5995544"/><trkpt lat="50.6111652" lon="5.5994678"/><trkpt lat="50.6110073" lon="5.5992445"/><trkpt lat="50.6105575" lon="5.598641"/><trkpt lat="50.6103747" lon="5.5984204"/><trkpt lat="50.6102992" lon="5.5982452"/><trkpt lat="50.6102622" lon="5.5981542"/><trkpt lat="50.6102121" lon="5.5981059"/><trkpt lat="50.610083" lon="5.5979816"/><trkpt lat="50.6101915" lon="5.5978007"/><trkpt lat="50.6102874" lon="5.5976286"/><trkpt lat="50.6102808" lon="5.5974723"/><trkpt lat="50.6103437" lon="5.5972638"/><trkpt lat="50.6103558" lon="5.5971006"/><trkpt lat="50.6103966" lon="5.5970362"/><trkpt lat="50.6104511" lon="5.596929"/><trkpt lat="50.6105464" lon="5.5968109"/><trkpt lat="50.6106077" lon="5.5966929"/><trkpt lat="50.6106894" lon="5.5964783"/><trkpt lat="50.6107438" lon="5.596253"/><trkpt lat="50.6107809" lon="5.5960682"/><trkpt lat="50.6107847" lon="5.5960492"/><trkpt lat="50.6108323" lon="5.5958346"/><trkpt lat="50.6111319" lon="5.594987"/><trkpt lat="50.6111479" lon="5.5948093"/><trkpt lat="50.6113089" lon="5.5944291"/><trkpt lat="50.6114723" lon="5.5938176"/><trkpt lat="50.6114653" lon="5.5937294"/><trkpt lat="50.6114451" lon="5.5934743"/><trkpt lat="50.6113225" lon="5.5929593"/><trkpt lat="50.6112749" lon="5.5927876"/><trkpt lat="50.6112691" lon="5.5925186"/><trkpt lat="50.6112454" lon="5.5924798"/><trkpt lat="50.6112" lon="5.5927554"/><trkpt lat="50.6111251" lon="5.5929593"/><trkpt lat="50.6110843" lon="5.5932275"/><trkpt lat="50.6110502" lon="5.5934957"/><trkpt lat="50.6109481" lon="5.5937639"/><trkpt lat="50.6108065" lon="5.59414"/><trkpt lat="50.6105895" lon="5.5945873"/><trkpt lat="50.6103799" lon="5.5949757"/><trkpt lat="50.6101415" lon="5.5953801"/><trkpt lat="50.6099162" lon="5.5958004"/><trkpt lat="50.6097429" lon="5.5960322"/><trkpt lat="50.6096602" lon="5.5959784"/><trkpt lat="50.6095894" lon="5.5958841"/><trkpt lat="50.6094668" lon="5.5957529"/><trkpt lat="50.6093437" lon="5.5958585"/><trkpt lat="50.609209" lon="5.5957551"/><trkpt lat="50.6091294" lon="5.5961285"/><trkpt lat="50.6090417" lon="5.5963174"/><trkpt lat="50.6090262" lon="5.5966404"/><trkpt lat="50.6087649" lon="5.5970606"/><trkpt lat="50.6088875" lon="5.5974153"/><trkpt lat="50.6087794" lon="5.5977046"/><trkpt lat="50.6086192" lon="5.5980548"/><trkpt lat="50.6085418" lon="5.5982069"/><trkpt lat="50.6084297" lon="5.5985029"/><trkpt lat="50.6081921" lon="5.5989001"/><trkpt lat="50.6079796" lon="5.5988816"/><trkpt lat="50.6078434" lon="5.598946"/><trkpt lat="50.6077612" lon="5.5990811"/><trkpt lat="50.6076868" lon="5.5992249"/><trkpt lat="50.6075506" lon="5.5992678"/><trkpt lat="50.6072578" lon="5.5996863"/><trkpt lat="50.6068357" lon="5.599815"/><trkpt lat="50.6067549" lon="5.5998272"/><trkpt lat="50.6066583" lon="5.5997596"/><trkpt lat="50.6065363" lon="5.5997472"/><trkpt lat="50.606339" lon="5.599777"/><trkpt lat="50.6058907" lon="5.5992864"/><trkpt lat="50.605644" lon="5.5990393"/><trkpt lat="50.6054428" lon="5.5988378"/><trkpt lat="50.6045075" lon="5.59784"/><trkpt lat="50.6038155" lon="5.5971548"/><trkpt lat="50.6035881" lon="5.5967915"/><trkpt lat="50.6035422" lon="5.5967181"/><trkpt lat="50.6032873" lon="5.5966522"/><trkpt lat="50.6031356" lon="5.5965659"/><trkpt lat="50.602967" lon="5.5963913"/><trkpt lat="50.6027844" lon="5.5960762"/><trkpt lat="50.6027202" lon="5.595857"/><trkpt lat="50.6025901" lon="5.5954821"/><trkpt lat="50.6025517" lon="5.5952001"/><trkpt lat="50.6025518" lon="5.5951073"/><trkpt lat="50.6025475" lon="5.5936984"/><trkpt lat="50.6025655" lon="5.5932623"/><trkpt lat="50.6026557" lon="5.592684"/><trkpt lat="50.6026056" lon="5.5923569"/><trkpt lat="50.6024816" lon="5.5919471"/><trkpt lat="50.6022565" lon="5.5911853"/><trkpt lat="50.6019638" lon="5.5903181"/><trkpt lat="50.6019332" lon="5.5901299"/><trkpt lat="50.601707" lon="5.5894553"/><trkpt lat="50.6011851" lon="5.5878986"/><trkpt lat="50.601016" lon="5.5875102"/><trkpt lat="50.6007888" lon="5.5871904"/><trkpt lat="50.6006245" lon="5.5869699"/><trkpt lat="50.6005159" lon="5.5867533"/><trkpt lat="50.6003665" lon="5.5863058"/><trkpt lat="50.599883" lon="5.5850548"/><trkpt lat="50.5997298" lon="5.5847046"/><trkpt lat="50.5996351" lon="5.584546"/><trkpt lat="50.5995572" lon="5.5844221"/><trkpt lat="50.599462" lon="5.5843119"/><trkpt lat="50.5993382" lon="5.5842012"/><trkpt lat="50.5992063" lon="5.5841096"/><trkpt lat="50.598999" lon="5.5840102"/><trkpt lat="50.5985832" lon="5.5838698"/><trkpt lat="50.5983209" lon="5.5838324"/><trkpt lat="50.5976396" lon="5.5838483"/><trkpt lat="50.5972927" lon="5.5840254"/><trkpt lat="50.5971363" lon="5.5841455"/><trkpt lat="50.5969327" lon="5.5843433"/><trkpt lat="50.5966665" lon="5.5844799"/><trkpt lat="50.5965229" lon="5.5844855"/><trkpt lat="50.5962953" lon="5.584407"/><trkpt lat="50.5960719" lon="5.584099"/><trkpt lat="50.5959115" lon="5.5837814"/><trkpt lat="50.5957676" lon="5.5836231"/><trkpt lat="50.5956082" lon="5.5835462"/><trkpt lat="50.5951608" lon="5.5833161"/><trkpt lat="50.594657" lon="5.5830851"/><trkpt lat="50.5944198" lon="5.5829397"/><trkpt lat="50.5942082" lon="5.5827965"/><trkpt lat="50.594005" lon="5.582605"/><trkpt lat="50.5938311" lon="5.5823987"/><trkpt lat="50.5934851" lon="5.5819123"/><trkpt lat="50.5931928" lon="5.5814028"/><trkpt lat="50.5929076" lon="5.5808916"/><trkpt lat="50.5926792" lon="5.5803938"/><trkpt lat="50.5925113" lon="5.5803621"/><trkpt lat="50.5922454" lon="5.5800204"/><trkpt lat="50.5920053" lon="5.5796299"/><trkpt lat="50.5918384" lon="5.5792153"/><trkpt lat="50.5915813" lon="5.5789011"/><trkpt lat="50.5913391" lon="5.5780343"/><trkpt lat="50.5912398" lon="5.5778247"/><trkpt lat="50.5910637" lon="5.5776216"/><trkpt lat="50.5909742" lon="5.5772758"/><trkpt lat="50.5904094" lon="5.5776148"/><trkpt lat="50.5903953" lon="5.5776409"/><trkpt lat="50.5903641" lon="5.5777634"/><trkpt lat="50.5904545" lon="5.5785739"/><trkpt lat="50.5903299" lon="5.579284"/><trkpt lat="50.5900253" lon="5.5806124"/><trkpt lat="50.5898869" lon="5.5808859"/><trkpt lat="50.5896076" lon="5.5811916"/><trkpt lat="50.5894537" lon="5.5811235"/><trkpt lat="50.5891845" lon="5.5806909"/><trkpt lat="50.5891279" lon="5.5805999"/><trkpt lat="50.5882756" lon="5.5804469"/><trkpt lat="50.5880909" lon="5.5800712"/><trkpt lat="50.587965" lon="5.5801216"/><trkpt lat="50.5875835" lon="5.5804993"/><trkpt lat="50.5874165" lon="5.5818355"/><trkpt lat="50.5874165" lon="5.5828756"/><trkpt lat="50.5874506" lon="5.5840671"/><trkpt lat="50.5872434" lon="5.5847948"/><trkpt lat="50.5870267" lon="5.5845121"/><trkpt lat="50.5866642" lon="5.5800765"/><trkpt lat="50.5863992" lon="5.5787674"/><trkpt lat="50.585913" lon="5.5769303"/><trkpt lat="50.585332" lon="5.575038"/><trkpt lat="50.5850193" lon="5.5739712"/><trkpt lat="50.5846403" lon="5.5726947"/><trkpt lat="50.5841322" lon="5.5720066"/><trkpt lat="50.5837379" lon="5.571182"/><trkpt lat="50.5833406" lon="5.5704827"/><trkpt lat="50.5831123" lon="5.5701401"/><trkpt lat="50.5820012" lon="5.5689808"/><trkpt lat="50.5812947" lon="5.5680729"/><trkpt lat="50.5809313" lon="5.5676988"/><trkpt lat="50.5801241" lon="5.5668926"/><trkpt lat="50.5800356" lon="5.5667907"/><trkpt lat="50.5799649" lon="5.5666767"/><trkpt lat="50.5798371" lon="5.566442"/><trkpt lat="50.5797247" lon="5.5661067"/><trkpt lat="50.5795229" lon="5.5652525"/><trkpt lat="50.5794479" lon="5.5647509"/><trkpt lat="50.5794284" lon="5.5644988"/><trkpt lat="50.5794177" lon="5.5641601"/><trkpt lat="50.5794141" lon="5.5640588"/><trkpt lat="50.5793242" lon="5.56407"/><trkpt lat="50.5792403" lon="5.5641133"/><trkpt lat="50.5791687" lon="5.5641762"/><trkpt lat="50.5791189" lon="5.5642632"/><trkpt lat="50.578785" lon="5.5649834"/><trkpt lat="50.5786796" lon="5.5651772"/><trkpt lat="50.5786425" lon="5.5652831"/><trkpt lat="50.5786041" lon="5.5654285"/><trkpt lat="50.5785885" lon="5.5655589"/><trkpt lat="50.5785943" lon="5.5660824"/><trkpt lat="50.5786145" lon="5.5664234"/><trkpt lat="50.5786469" lon="5.5671272"/><trkpt lat="50.5786493" lon="5.5671712"/><trkpt lat="50.5786515" lon="5.5672104"/><trkpt lat="50.5786793" lon="5.5676493"/><trkpt lat="50.5786831" lon="5.5677091"/><trkpt lat="50.5787823" lon="5.5691954"/><trkpt lat="50.5788327" lon="5.5700533"/><trkpt lat="50.5788925" lon="5.5703711"/><trkpt lat="50.5789885" lon="5.5709092"/><trkpt lat="50.579129" lon="5.5716256"/><trkpt lat="50.5792437" lon="5.5722228"/><trkpt lat="50.579195" lon="5.5730541"/><trkpt lat="50.5790425" lon="5.5736028"/><trkpt lat="50.5786129" lon="5.574086"/><trkpt lat="50.5785587" lon="5.574147"/><trkpt lat="50.5785037" lon="5.5741927"/><trkpt lat="50.577703" lon="5.5750804"/><trkpt lat="50.5776238" lon="5.5751505"/><trkpt lat="50.5776033" lon="5.5749071"/><trkpt lat="50.5775837" lon="5.5747756"/><trkpt lat="50.5775383" lon="5.5746425"/><trkpt lat="50.577452" lon="5.5744945"/><trkpt lat="50.5774084" lon="5.5743492"/><trkpt lat="50.5773831" lon="5.5741347"/><trkpt lat="50.577346" lon="5.5739701"/><trkpt lat="50.5772406" lon="5.5737698"/><trkpt lat="50.5769422" lon="5.5734362"/><trkpt lat="50.5768634" lon="5.5731227"/><trkpt lat="50.5768099" lon="5.5728435"/><trkpt lat="50.5766988" lon="5.572455"/><trkpt lat="50.5766396" lon="5.5723398"/><trkpt lat="50.5764981" lon="5.572226"/><trkpt lat="50.5764391" lon="5.5720119"/><trkpt lat="50.5763041" lon="5.5714837"/><trkpt lat="50.5762126" lon="5.5710896"/><trkpt lat="50.5761232" lon="5.5706092"/><trkpt lat="50.576101" lon="5.5704684"/><trkpt lat="50.5759213" lon="5.5694775"/><trkpt lat="50.5757804" lon="5.5690399"/><trkpt lat="50.5757719" lon="5.5688479"/><trkpt lat="50.575767" lon="5.5686639"/><trkpt lat="50.5757663" lon="5.568459"/><trkpt lat="50.5757533" lon="5.5682331"/><trkpt lat="50.5757186" lon="5.5679771"/><trkpt lat="50.5757083" lon="5.5678857"/><trkpt lat="50.5755449" lon="5.5679414"/><trkpt lat="50.575435" lon="5.567881"/><trkpt lat="50.5753481" lon="5.5677442"/><trkpt lat="50.5752895" lon="5.5675915"/><trkpt lat="50.5752545" lon="5.5675741"/><trkpt lat="50.5750484" lon="5.5675153"/><trkpt lat="50.5750605" lon="5.5674155"/><trkpt lat="50.5750757" lon="5.5672886"/><trkpt lat="50.5750243" lon="5.5672582"/><trkpt lat="50.5749551" lon="5.5670597"/><trkpt lat="50.5749279" lon="5.5669732"/><trkpt lat="50.5747483" lon="5.5668519"/><trkpt lat="50.5747311" lon="5.5668403"/><trkpt lat="50.5745417" lon="5.5665839"/><trkpt lat="50.5742456" lon="5.5660045"/><trkpt lat="50.5740392" lon="5.5653892"/><trkpt lat="50.5739637" lon="5.5649403"/><trkpt lat="50.5738501" lon="5.5644944"/><trkpt lat="50.5736161" lon="5.5639303"/><trkpt lat="50.573009" lon="5.5627362"/><trkpt lat="50.5729348" lon="5.5625902"/><trkpt lat="50.5728008" lon="5.5623267"/><trkpt lat="50.5722379" lon="5.5627295"/><trkpt lat="50.5715139" lon="5.561969"/><trkpt lat="50.5708518" lon="5.5626271"/><trkpt lat="50.5707345" lon="5.5627184"/><trkpt lat="50.570364" lon="5.562987"/><trkpt lat="50.5695432" lon="5.5636819"/><trkpt lat="50.5685869" lon="5.5647576"/><trkpt lat="50.5681038" lon="5.5641714"/><trkpt lat="50.5678261" lon="5.5638595"/><trkpt lat="50.5676615" lon="5.5635924"/><trkpt lat="50.5677654" lon="5.5630073"/><trkpt lat="50.5679544" lon="5.5623579"/><trkpt lat="50.5679119" lon="5.5619294"/><trkpt lat="50.5680702" lon="5.5613385"/><trkpt lat="50.5681508" lon="5.560939"/><trkpt lat="50.5680972" lon="5.5603125"/><trkpt lat="50.5679929" lon="5.5596485"/><trkpt lat="50.5678703" lon="5.5589722"/><trkpt lat="50.5673239" lon="5.5590369"/><trkpt lat="50.5668829" lon="5.5590434"/><trkpt lat="50.5657477" lon="5.5597238"/><trkpt lat="50.5654347" lon="5.5598924"/><trkpt lat="50.5641974" lon="5.560458"/><trkpt lat="50.5620994" lon="5.5614125"/><trkpt lat="50.5619858" lon="5.5614531"/><trkpt lat="50.5618732" lon="5.5614991"/><trkpt lat="50.5616321" lon="5.5616033"/><trkpt lat="50.561476" lon="5.5616289"/><trkpt lat="50.5612798" lon="5.5615715"/><trkpt lat="50.5611395" lon="5.5614845"/><trkpt lat="50.5611109" lon="5.5617186"/><trkpt lat="50.5610599" lon="5.5618663"/><trkpt lat="50.5604667" lon="5.562141"/><trkpt lat="50.559116" lon="5.5627625"/><trkpt lat="50.5589123" lon="5.5628366"/><trkpt lat="50.5587897" lon="5.5627599"/><trkpt lat="50.5577547" lon="5.5614286"/><trkpt lat="50.5575186" lon="5.56107"/><trkpt lat="50.5573243" lon="5.5608776"/><trkpt lat="50.5571587" lon="5.5607981"/><trkpt lat="50.5569407" lon="5.560838"/><trkpt lat="50.5568047" lon="5.5608533"/><trkpt lat="50.5567175" lon="5.5608277"/><trkpt lat="50.556594" lon="5.5607194"/><trkpt lat="50.5563482" lon="5.5603603"/><trkpt lat="50.5561814" lon="5.5602157"/><trkpt lat="50.5559559" lon="5.5601684"/><trkpt lat="50.5556946" lon="5.5599813"/><trkpt lat="50.5554201" lon="5.5597245"/><trkpt lat="50.5551209" lon="5.5595208"/><trkpt lat="50.5544307" lon="5.5591542"/><trkpt lat="50.5543709" lon="5.5591"/><trkpt lat="50.5541818" lon="5.558933"/><trkpt lat="50.553785" lon="5.5584749"/><trkpt lat="50.5536664" lon="5.5583452"/><trkpt lat="50.5536152" lon="5.5584992"/><trkpt lat="50.5535842" lon="5.5586603"/><trkpt lat="50.5535156" lon="5.5587113"/><trkpt lat="50.5534636" lon="5.5587802"/><trkpt lat="50.5534452" lon="5.5589851"/><trkpt lat="50.5534214" lon="5.5591172"/><trkpt lat="50.5533769" lon="5.5592004"/><trkpt lat="50.553315" lon="5.5592065"/><trkpt lat="50.5531301" lon="5.5592693"/><trkpt lat="50.5531" lon="5.559142"/><trkpt lat="50.5530671" lon="5.5589243"/><trkpt lat="50.5529708" lon="5.5588196"/><trkpt lat="50.5529266" lon="5.5587088"/><trkpt lat="50.5529101" lon="5.5585235"/><trkpt lat="50.55295" lon="5.5583394"/><trkpt lat="50.5529905" lon="5.5581565"/><trkpt lat="50.552986" lon="5.557741"/><trkpt lat="50.5529347" lon="5.5572498"/><trkpt lat="50.5528261" lon="5.5567492"/><trkpt lat="50.5527842" lon="5.5562717"/><trkpt lat="50.5527697" lon="5.5557597"/><trkpt lat="50.5526454" lon="5.5552249"/><trkpt lat="50.552565" lon="5.5546144"/><trkpt lat="50.5524071" lon="5.5537518"/><trkpt lat="50.5524102" lon="5.5532686"/><trkpt lat="50.5523926" lon="5.5529273"/><trkpt lat="50.5523022" lon="5.5523638"/><trkpt lat="50.552279" lon="5.5520686"/><trkpt lat="50.5522438" lon="5.5518368"/><trkpt lat="50.5522113" lon="5.551597"/><trkpt lat="50.5521811" lon="5.5513008"/><trkpt lat="50.5521139" lon="5.5506538"/><trkpt lat="50.5520727" lon="5.5504244"/><trkpt lat="50.5520282" lon="5.5503406"/><trkpt lat="50.5519878" lon="5.5501584"/><trkpt lat="50.5519601" lon="5.5498767"/><trkpt lat="50.5518876" lon="5.5494088"/><trkpt lat="50.5514601" lon="5.5475559"/><trkpt lat="50.5513028" lon="5.5465832"/><trkpt lat="50.5512455" lon="5.546229"/><trkpt lat="50.5513384" lon="5.5461553"/><trkpt lat="50.5514075" lon="5.5461005"/><trkpt lat="50.5513006" lon="5.5457101"/><trkpt lat="50.5511763" lon="5.5453741"/><trkpt lat="50.5507764" lon="5.5441548"/><trkpt lat="50.550797" lon="5.5440109"/><trkpt lat="50.5509297" lon="5.5435446"/><trkpt lat="50.5509608" lon="5.543238"/><trkpt lat="50.5509644" lon="5.5429902"/><trkpt lat="50.5509628" lon="5.5427684"/><trkpt lat="50.5509212" lon="5.5424769"/><trkpt lat="50.550681" lon="5.5421324"/><trkpt lat="50.5503783" lon="5.5413657"/><trkpt lat="50.5501505" lon="5.5409454"/><trkpt lat="50.5499235" lon="5.5408219"/><trkpt lat="50.5497174" lon="5.5407024"/><trkpt lat="50.5496771" lon="5.5406835"/><trkpt lat="50.5496363" lon="5.5404199"/><trkpt lat="50.5496138" lon="5.5402066"/><trkpt lat="50.5496" lon="5.53998"/><trkpt lat="50.549618" lon="5.5396767"/><trkpt lat="50.549639" lon="5.5393636"/><trkpt lat="50.5496722" lon="5.5392289"/><trkpt lat="50.5493061" lon="5.5392821"/><trkpt lat="50.54919" lon="5.5393114"/><trkpt lat="50.5490837" lon="5.5393545"/><trkpt lat="50.5487652" lon="5.5396049"/><trkpt lat="50.5484564" lon="5.5398202"/><trkpt lat="50.5477979" lon="5.5403312"/><trkpt lat="50.5475566" lon="5.5405509"/><trkpt lat="50.5474465" lon="5.5407379"/><trkpt lat="50.5473716" lon="5.5408214"/><trkpt lat="50.5472742" lon="5.5408507"/><trkpt lat="50.5471125" lon="5.5408116"/><trkpt lat="50.5468725" lon="5.5408194"/><trkpt lat="50.5463976" lon="5.5409486"/><trkpt lat="50.5458986" lon="5.5410423"/><trkpt lat="50.5457981" lon="5.541071"/><trkpt lat="50.5456647" lon="5.5410806"/><trkpt lat="50.5455387" lon="5.5410441"/><trkpt lat="50.54543" lon="5.5410602"/><trkpt lat="50.5453396" lon="5.5411434"/><trkpt lat="50.5451189" lon="5.5413204"/><trkpt lat="50.5448453" lon="5.5414345"/><trkpt lat="50.5446273" lon="5.5416591"/><trkpt lat="50.5444329" lon="5.541803"/><trkpt lat="50.5443056" lon="5.5419859"/><trkpt lat="50.5442286" lon="5.5422437"/><trkpt lat="50.5441427" lon="5.5424162"/><trkpt lat="50.544057" lon="5.5425233"/><trkpt lat="50.543988" lon="5.5427592"/><trkpt lat="50.5438733" lon="5.5429021"/><trkpt lat="50.5436629" lon="5.5430126"/><trkpt lat="50.5435148" lon="5.5431434"/><trkpt lat="50.5434339" lon="5.5432869"/><trkpt lat="50.5432629" lon="5.5433475"/><trkpt lat="50.5430443" lon="5.5434141"/><trkpt lat="50.5428474" lon="5.5433717"/><trkpt lat="50.5426428" lon="5.5434413"/><trkpt lat="50.5424388" lon="5.5435321"/><trkpt lat="50.5423795" lon="5.5436392"/><trkpt lat="50.5423293" lon="5.5437604"/><trkpt lat="50.5423744" lon="5.5439474"/><trkpt lat="50.5422937" lon="5.5443004"/><trkpt lat="50.5422221" lon="5.544472"/><trkpt lat="50.5421249" lon="5.5445954"/><trkpt lat="50.5420366" lon="5.5448997"/><trkpt lat="50.542038" lon="5.5451104"/><trkpt lat="50.5419954" lon="5.5452713"/><trkpt lat="50.5419868" lon="5.5454886"/><trkpt lat="50.5420554" lon="5.5457812"/><trkpt lat="50.542072" lon="5.5461311"/><trkpt lat="50.5420474" lon="5.5463591"/><trkpt lat="50.5419122" lon="5.5465047"/><trkpt lat="50.5418379" lon="5.5467294"/><trkpt lat="50.5418104" lon="5.5471724"/><trkpt lat="50.5418617" lon="5.5474934"/><trkpt lat="50.5419196" lon="5.5478136"/><trkpt lat="50.5418382" lon="5.5477281"/><trkpt lat="50.5417335" lon="5.5475975"/><trkpt lat="50.5419993" lon="5.5485325"/><trkpt lat="50.5416687" lon="5.5487455"/><trkpt lat="50.5415386" lon="5.5488295"/><trkpt lat="50.5408826" lon="5.5492986"/><trkpt lat="50.540823" lon="5.5493714"/><trkpt lat="50.5408567" lon="5.54956"/><trkpt lat="50.5408557" lon="5.5496986"/><trkpt lat="50.5407847" lon="5.5498145"/><trkpt lat="50.5407149" lon="5.5498726"/><trkpt lat="50.5406546" lon="5.5499236"/><trkpt lat="50.5405214" lon="5.5500128"/><trkpt lat="50.5403676" lon="5.5500834"/><trkpt lat="50.5401706" lon="5.5501976"/><trkpt lat="50.5400753" lon="5.5502302"/><trkpt lat="50.5399437" lon="5.5502856"/><trkpt lat="50.5398445" lon="5.5503516"/><trkpt lat="50.5392822" lon="5.5508173"/><trkpt lat="50.5390775" lon="5.550948"/><trkpt lat="50.5389169" lon="5.551185"/><trkpt lat="50.5388503" lon="5.5512901"/><trkpt lat="50.5387187" lon="5.5514124"/><trkpt lat="50.5385245" lon="5.5515462"/><trkpt lat="50.5381829" lon="5.5516978"/><trkpt lat="50.5378534" lon="5.5518983"/><trkpt lat="50.5372978" lon="5.5523305"/><trkpt lat="50.5372201" lon="5.5524462"/><trkpt lat="50.536846" lon="5.5527822"/><trkpt lat="50.536761" lon="5.5528294"/><trkpt lat="50.5367064" lon="5.552898"/><trkpt lat="50.5366169" lon="5.552942"/><trkpt lat="50.5365123" lon="5.5530561"/><trkpt lat="50.5362965" lon="5.5532255"/><trkpt lat="50.5361631" lon="5.5532835"/><trkpt lat="50.5358837" lon="5.5534603"/><trkpt lat="50.5357526" lon="5.553529"/><trkpt lat="50.5356095" lon="5.553604"/><trkpt lat="50.5355173" lon="5.5536187"/><trkpt lat="50.535393" lon="5.5536806"/><trkpt lat="50.5352198" lon="5.5537997"/><trkpt lat="50.5350908" lon="5.5538452"/><trkpt lat="50.5349151" lon="5.5539797"/><trkpt lat="50.5346458" lon="5.5540241"/><trkpt lat="50.5346126" lon="5.5540296"/><trkpt lat="50.5343575" lon="5.5539595"/><trkpt lat="50.5341241" lon="5.5539817"/><trkpt lat="50.5339409" lon="5.5539997"/><trkpt lat="50.5339195" lon="5.5540071"/><trkpt lat="50.5338761" lon="5.5539309"/><trkpt lat="50.5338365" lon="5.5538789"/><trkpt lat="50.5337195" lon="5.5538034"/><trkpt lat="50.5336482" lon="5.5538708"/><trkpt lat="50.5334226" lon="5.5540971"/><trkpt lat="50.53335" lon="5.5541927"/><trkpt lat="50.5332894" lon="5.5543024"/><trkpt lat="50.5332748" lon="5.5543288"/><trkpt lat="50.5332251" lon="5.554397"/><trkpt lat="50.5330251" lon="5.5542628"/><trkpt lat="50.5328323" lon="5.5541484"/><trkpt lat="50.53278" lon="5.5543231"/><trkpt lat="50.5327091" lon="5.5544973"/><trkpt lat="50.5325604" lon="5.5547945"/><trkpt lat="50.5322139" lon="5.5554136"/><trkpt lat="50.5321394" lon="5.5555722"/><trkpt lat="50.5320822" lon="5.5557238"/><trkpt lat="50.5320392" lon="5.555869"/><trkpt lat="50.532014" lon="5.5559538"/><trkpt lat="50.5319662" lon="5.5561648"/><trkpt lat="50.5319307" lon="5.5564867"/><trkpt lat="50.5316455" lon="5.5592189"/><trkpt lat="50.5315829" lon="5.5598494"/><trkpt lat="50.5315566" lon="5.5601374"/><trkpt lat="50.5315362" lon="5.5604623"/><trkpt lat="50.5314782" lon="5.5614991"/><trkpt lat="50.5313134" lon="5.5612643"/><trkpt lat="50.5310035" lon="5.5608709"/><trkpt lat="50.5308672" lon="5.5607795"/><trkpt lat="50.5306051" lon="5.5606684"/><trkpt lat="50.5304951" lon="5.5606355"/><trkpt lat="50.5303733" lon="5.5606738"/><trkpt lat="50.5301937" lon="5.5605467"/><trkpt lat="50.5299713" lon="5.5603377"/><trkpt lat="50.5298217" lon="5.5600625"/><trkpt lat="50.5295203" lon="5.5591654"/><trkpt lat="50.5294998" lon="5.5591198"/><trkpt lat="50.5293767" lon="5.5587874"/><trkpt lat="50.5292635" lon="5.5584532"/><trkpt lat="50.529162" lon="5.5582158"/><trkpt lat="50.5286996" lon="5.5572369"/><trkpt lat="50.52858" lon="5.5570192"/><trkpt lat="50.5284032" lon="5.5567894"/><trkpt lat="50.5281948" lon="5.5566058"/><trkpt lat="50.527795" lon="5.5563311"/><trkpt lat="50.5276843" lon="5.5562711"/><trkpt lat="50.5275091" lon="5.5561761"/><trkpt lat="50.5271197" lon="5.5560727"/><trkpt lat="50.5268934" lon="5.5559521"/><trkpt lat="50.526773" lon="5.5557574"/><trkpt lat="50.5266441" lon="5.555467"/><trkpt lat="50.5265727" lon="5.555271"/><trkpt lat="50.5265237" lon="5.554829"/><trkpt lat="50.5265818" lon="5.5536435"/><trkpt lat="50.5264864" lon="5.5527679"/><trkpt lat="50.5262057" lon="5.5519483"/><trkpt lat="50.5261297" lon="5.5513962"/><trkpt lat="50.5261062" lon="5.5510515"/><trkpt lat="50.5261185" lon="5.5507374"/><trkpt lat="50.5261409" lon="5.5503529"/><trkpt lat="50.5261144" lon="5.5500298"/><trkpt lat="50.5260521" lon="5.5498075"/><trkpt lat="50.5259189" lon="5.5496331"/><trkpt lat="50.5257814" lon="5.5495026"/><trkpt lat="50.5254872" lon="5.5491962"/><trkpt lat="50.5252928" lon="5.5489922"/><trkpt lat="50.5251793" lon="5.5487244"/><trkpt lat="50.5251594" lon="5.5486616"/><trkpt lat="50.5250076" lon="5.5481826"/><trkpt lat="50.524458" lon="5.5466504"/><trkpt lat="50.5242688" lon="5.5459225"/><trkpt lat="50.5241105" lon="5.5450099"/><trkpt lat="50.5240067" lon="5.5447413"/><trkpt lat="50.5239459" lon="5.5446565"/><trkpt lat="50.5237766" lon="5.5444202"/><trkpt lat="50.5232313" lon="5.543592"/><trkpt lat="50.5229977" lon="5.5431349"/><trkpt lat="50.5227936" lon="5.5426236"/><trkpt lat="50.5223376" lon="5.5412251"/><trkpt lat="50.5222426" lon="5.5408321"/><trkpt lat="50.522029" lon="5.5404114"/><trkpt lat="50.5215988" lon="5.5393069"/><trkpt lat="50.5213842" lon="5.5385122"/><trkpt lat="50.5212359" lon="5.5380672"/><trkpt lat="50.5207703" lon="5.5369913"/><trkpt lat="50.5198075" lon="5.5348615"/><trkpt lat="50.5188738" lon="5.5333161"/><trkpt lat="50.5184535" lon="5.5326506"/><trkpt lat="50.518799" lon="5.5329281"/><trkpt lat="50.5198373" lon="5.5340528"/><trkpt lat="50.5200907" lon="5.5342595"/><trkpt lat="50.5204282" lon="5.5344722"/><trkpt lat="50.5205406" lon="5.5345429"/><trkpt lat="50.5206838" lon="5.534574"/><trkpt lat="50.5206042" lon="5.5343911"/><trkpt lat="50.5203574" lon="5.533889"/><trkpt lat="50.5202404" lon="5.5336874"/><trkpt lat="50.5201024" lon="5.5335399"/><trkpt lat="50.5199253" lon="5.5331453"/><trkpt lat="50.5198461" lon="5.5328449"/><trkpt lat="50.519779" lon="5.5324879"/><trkpt lat="50.5196057" lon="5.531933"/><trkpt lat="50.5192845" lon="5.5313732"/><trkpt lat="50.5190027" lon="5.5308784"/><trkpt lat="50.5187789" lon="5.5303646"/><trkpt lat="50.5185968" lon="5.5297914"/><trkpt lat="50.5185355" lon="5.529587"/><trkpt lat="50.51813" lon="5.5286723"/><trkpt lat="50.517747" lon="5.5280495"/><trkpt lat="50.5176265" lon="5.5275878"/><trkpt lat="50.5174753" lon="5.5271991"/><trkpt lat="50.5170977" lon="5.5268445"/><trkpt lat="50.5170502" lon="5.5266354"/><trkpt lat="50.5171447" lon="5.5264555"/><trkpt lat="50.517173" lon="5.5263443"/><trkpt lat="50.5172175" lon="5.5261706"/><trkpt lat="50.5172203" lon="5.5259696"/><trkpt lat="50.5171722" lon="5.5258034"/><trkpt lat="50.5169538" lon="5.5253903"/><trkpt lat="50.5168501" lon="5.5249825"/><trkpt lat="50.5167404" lon="5.5248058"/><trkpt lat="50.5164718" lon="5.5236084"/><trkpt lat="50.5161894" lon="5.5226565"/><trkpt lat="50.5161641" lon="5.522423"/><trkpt lat="50.5162245" lon="5.522296"/><trkpt lat="50.5164523" lon="5.522103"/><trkpt lat="50.5166302" lon="5.5219823"/><trkpt lat="50.5167128" lon="5.5219533"/><trkpt lat="50.5168236" lon="5.5219442"/><trkpt lat="50.5170556" lon="5.521983"/><trkpt lat="50.5173019" lon="5.5221533"/><trkpt lat="50.5174848" lon="5.5224221"/><trkpt lat="50.5176903" lon="5.522784"/><trkpt lat="50.5178659" lon="5.5230679"/><trkpt lat="50.517997" lon="5.5235071"/><trkpt lat="50.5181626" lon="5.5241096"/><trkpt lat="50.5182503" lon="5.5244364"/><trkpt lat="50.5183472" lon="5.5246025"/><trkpt lat="50.5184259" lon="5.5246956"/><trkpt lat="50.518489" lon="5.5247531"/><trkpt lat="50.5185998" lon="5.5248068"/><trkpt lat="50.5187828" lon="5.5248096"/><trkpt lat="50.5189426" lon="5.5247674"/><trkpt lat="50.5190546" lon="5.52473"/><trkpt lat="50.5190819" lon="5.5247209"/><trkpt lat="50.5193782" lon="5.5245268"/><trkpt lat="50.5194767" lon="5.524512"/></trkseg></trk><trk><name>JW-1 (1) Via Mosana</name><cmt>Via Mosana</cmt><trkseg><trkpt lat="50.5168236" lon="5.5219442"/><trkpt lat="50.5169089" lon="5.5217007"/><trkpt lat="50.5168912" lon="5.5215213"/><trkpt lat="50.5167193" lon="5.5205199"/><trkpt lat="50.5166642" lon="5.519745"/><trkpt lat="50.5166487" lon="5.518698"/><trkpt lat="50.5165835" lon="5.5182785"/><trkpt lat="50.5163371" lon="5.517721"/><trkpt lat="50.5160904" lon="5.5169391"/><trkpt lat="50.5158285" lon="5.5160856"/><trkpt lat="50.5155434" lon="5.5151228"/><trkpt lat="50.5153424" lon="5.5144272"/><trkpt lat="50.5153314" lon="5.5141417"/><trkpt lat="50.5153166" lon="5.5138227"/><trkpt lat="50.5152972" lon="5.5135689"/><trkpt lat="50.5152527" lon="5.5133665"/><trkpt lat="50.5156031" lon="5.513383"/><trkpt lat="50.5157726" lon="5.5133437"/><trkpt lat="50.5159643" lon="5.5132301"/><trkpt lat="50.5163259" lon="5.513007"/><trkpt lat="50.516522" lon="5.5127214"/><trkpt lat="50.5168661" lon="5.5124994"/><trkpt lat="50.517288" lon="5.5123151"/><trkpt lat="50.517428" lon="5.5122718"/><trkpt lat="50.5174528" lon="5.5120449"/><trkpt lat="50.5173734" lon="5.5118403"/><trkpt lat="50.5172238" lon="5.5116575"/><trkpt lat="50.5169126" lon="5.5112948"/><trkpt lat="50.5167176" lon="5.5108376"/><trkpt lat="50.5165374" lon="5.510207"/><trkpt lat="50.5164328" lon="5.5098133"/><trkpt lat="50.5163963" lon="5.5090964"/><trkpt lat="50.5162382" lon="5.5088177"/><trkpt lat="50.5160103" lon="5.5086212"/><trkpt lat="50.5158184" lon="5.5083263"/><trkpt lat="50.515664" lon="5.5079309"/><trkpt lat="50.5155642" lon="5.5076993"/><trkpt lat="50.5157528" lon="5.5075614"/><trkpt lat="50.5160631" lon="5.5075638"/><trkpt lat="50.5163444" lon="5.5075272"/><trkpt lat="50.5165577" lon="5.5072009"/><trkpt lat="50.5169707" lon="5.5067575"/><trkpt lat="50.5179592" lon="5.5051577"/><trkpt lat="50.5196792" lon="5.5024623"/><trkpt lat="50.5196173" lon="5.5019421"/><trkpt lat="50.5196208" lon="5.5015215"/><trkpt lat="50.5196382" lon="5.5007787"/><trkpt lat="50.51956" lon="5.5002968"/><trkpt lat="50.5194505" lon="5.4996589"/><trkpt lat="50.519415" lon="5.4992549"/><trkpt lat="50.5194633" lon="5.499076"/><trkpt lat="50.5196992" lon="5.4988536"/><trkpt lat="50.5199713" lon="5.4987276"/><trkpt lat="50.5202527" lon="5.4988971"/><trkpt lat="50.5204825" lon="5.4991621"/><trkpt lat="50.5215872" lon="5.5007843"/><trkpt lat="50.5219136" lon="5.5012042"/><trkpt lat="50.5223165" lon="5.5017288"/><trkpt lat="50.5224216" lon="5.5019089"/><trkpt lat="50.522694" lon="5.5024474"/><trkpt lat="50.5226831" lon="5.5021105"/><trkpt lat="50.5224853" lon="5.501636"/><trkpt lat="50.522433" lon="5.5013991"/><trkpt lat="50.5224089" lon="5.5010993"/><trkpt lat="50.5224127" lon="5.5008936"/><trkpt lat="50.5224202" lon="5.5005092"/><trkpt lat="50.5223827" lon="5.5001329"/><trkpt lat="50.5222923" lon="5.4998742"/><trkpt lat="50.52218" lon="5.4997088"/><trkpt lat="50.5220643" lon="5.4994724"/><trkpt lat="50.5217812" lon="5.4986199"/><trkpt lat="50.5217062" lon="5.4980635"/><trkpt lat="50.5208227" lon="5.4957883"/><trkpt lat="50.5204338" lon="5.4944346"/><trkpt lat="50.5199644" lon="5.492321"/><trkpt lat="50.5192071" lon="5.4903437"/><trkpt lat="50.5187408" lon="5.4892804"/><trkpt lat="50.518601" lon="5.48898"/><trkpt lat="50.5185123" lon="5.4887065"/><trkpt lat="50.5184955" lon="5.4886392"/><trkpt lat="50.5184304" lon="5.4883792"/><trkpt lat="50.5183076" lon="5.4881593"/><trkpt lat="50.5181534" lon="5.4878403"/><trkpt lat="50.5182292" lon="5.487711"/><trkpt lat="50.5183042" lon="5.4874887"/><trkpt lat="50.51841" lon="5.487242"/><trkpt lat="50.5185021" lon="5.4871347"/><trkpt lat="50.5185903" lon="5.4870914"/><trkpt lat="50.5189284" lon="5.4869255"/><trkpt lat="50.5194296" lon="5.4866894"/><trkpt lat="50.5195398" lon="5.4866416"/><trkpt lat="50.5195155" lon="5.4862273"/><trkpt lat="50.5194923" lon="5.485946"/><trkpt lat="50.5194618" lon="5.4857897"/><trkpt lat="50.5194015" lon="5.485606"/><trkpt lat="50.5193548" lon="5.4854989"/><trkpt lat="50.5192336" lon="5.4852171"/><trkpt lat="50.5190668" lon="5.4848324"/><trkpt lat="50.5188987" lon="5.4843483"/><trkpt lat="50.5185578" lon="5.484034"/><trkpt lat="50.517964" lon="5.4836263"/><trkpt lat="50.5174769" lon="5.4831765"/><trkpt lat="50.5168157" lon="5.4823339"/><trkpt lat="50.5166676" lon="5.4821935"/><trkpt lat="50.5162423" lon="5.4820267"/><trkpt lat="50.5160844" lon="5.4818321"/><trkpt lat="50.5154196" lon="5.4802955"/><trkpt lat="50.5152676" lon="5.4797703"/><trkpt lat="50.5160735" lon="5.4793187"/><trkpt lat="50.5162201" lon="5.4792383"/><trkpt lat="50.5163429" lon="5.47919"/><trkpt lat="50.5164691" lon="5.4791953"/><trkpt lat="50.5166261" lon="5.4791256"/><trkpt lat="50.5168307" lon="5.47897"/><trkpt lat="50.5170695" lon="5.4788681"/><trkpt lat="50.5173731" lon="5.4786911"/><trkpt lat="50.5175258" lon="5.4786308"/><trkpt lat="50.5174279" lon="5.4783361"/><trkpt lat="50.5173206" lon="5.4781397"/><trkpt lat="50.5170924" lon="5.4777448"/><trkpt lat="50.5169894" lon="5.4775589"/><trkpt lat="50.5169175" lon="5.4773583"/><trkpt lat="50.5167342" lon="5.476465"/><trkpt lat="50.5165727" lon="5.4756777"/><trkpt lat="50.5165226" lon="5.4754334"/><trkpt lat="50.5162766" lon="5.4747393"/><trkpt lat="50.5158906" lon="5.4736901"/><trkpt lat="50.5148711" lon="5.4709374"/><trkpt lat="50.5150979" lon="5.4706464"/><trkpt lat="50.5151513" lon="5.470535"/><trkpt lat="50.5153306" lon="5.4703056"/><trkpt lat="50.5155287" lon="5.4700397"/><trkpt lat="50.5155549" lon="5.4700046"/><trkpt lat="50.5155629" lon="5.469438"/><trkpt lat="50.5161374" lon="5.4688235"/><trkpt lat="50.516305" lon="5.4686959"/><trkpt lat="50.5164008" lon="5.4681931"/><trkpt lat="50.5165364" lon="5.4681133"/><trkpt lat="50.5165364" lon="5.4680176"/><trkpt lat="50.5166322" lon="5.4679777"/><trkpt lat="50.5169753" lon="5.4674031"/><trkpt lat="50.5172387" lon="5.4671717"/><trkpt lat="50.5175579" lon="5.4670599"/><trkpt lat="50.5177175" lon="5.467052"/><trkpt lat="50.5179649" lon="5.4671158"/><trkpt lat="50.5181564" lon="5.4673233"/><trkpt lat="50.5182761" lon="5.4675387"/><trkpt lat="50.518526" lon="5.4673052"/><trkpt lat="50.5187629" lon="5.4670839"/><trkpt lat="50.5194571" lon="5.4665572"/><trkpt lat="50.5200867" lon="5.4659016"/><trkpt lat="50.5204946" lon="5.4653992"/><trkpt lat="50.5206246" lon="5.4652171"/><trkpt lat="50.5208275" lon="5.4648973"/><trkpt lat="50.5214176" lon="5.4640676"/><trkpt lat="50.5216629" lon="5.4638134"/><trkpt lat="50.5217211" lon="5.463748"/><trkpt lat="50.5219086" lon="5.4631851"/><trkpt lat="50.5220279" lon="5.4627871"/><trkpt lat="50.5221077" lon="5.462341"/><trkpt lat="50.5221332" lon="5.4622171"/><trkpt lat="50.5221404" lon="5.4621818"/><trkpt lat="50.5222277" lon="5.4619797"/><trkpt lat="50.5225079" lon="5.4614843"/><trkpt lat="50.5226485" lon="5.4611257"/><trkpt lat="50.5228806" lon="5.4607556"/><trkpt lat="50.5225125" lon="5.4598833"/><trkpt lat="50.5222957" lon="5.4592563"/><trkpt lat="50.5221883" lon="5.4588224"/><trkpt lat="50.5221482" lon="5.4583689"/><trkpt lat="50.5216272" lon="5.4569282"/><trkpt lat="50.5213482" lon="5.4562709"/><trkpt lat="50.5207875" lon="5.4553712"/><trkpt lat="50.5206259" lon="5.4551117"/><trkpt lat="50.5201808" lon="5.4543596"/><trkpt lat="50.5197979" lon="5.4537528"/><trkpt lat="50.5193722" lon="5.4530782"/><trkpt lat="50.5185599" lon="5.451791"/><trkpt lat="50.5178805" lon="5.4507561"/><trkpt lat="50.5176096" lon="5.4501744"/><trkpt lat="50.5172756" lon="5.4494593"/><trkpt lat="50.5176658" lon="5.4488527"/><trkpt lat="50.517488" lon="5.4482541"/><trkpt lat="50.5175112" lon="5.4480628"/><trkpt lat="50.5176545" lon="5.4479884"/><trkpt lat="50.517777" lon="5.4478126"/><trkpt lat="50.5178447" lon="5.4475937"/><trkpt lat="50.5180213" lon="5.4479456"/><trkpt lat="50.5181367" lon="5.4481485"/><trkpt lat="50.5186175" lon="5.4477291"/><trkpt lat="50.5188772" lon="5.4475333"/><trkpt lat="50.5190838" lon="5.4474249"/><trkpt lat="50.5192375" lon="5.4474333"/><trkpt lat="50.519627" lon="5.4476416"/><trkpt lat="50.5198321" lon="5.4478742"/><trkpt lat="50.5205219" lon="5.4488865"/><trkpt lat="50.5206688" lon="5.448474"/><trkpt lat="50.5208465" lon="5.4479751"/><trkpt lat="50.5211512" lon="5.447446"/><trkpt lat="50.5214346" lon="5.4472668"/><trkpt lat="50.5217419" lon="5.4471959"/><trkpt lat="50.5218903" lon="5.4470709"/><trkpt lat="50.5223301" lon="5.4464709"/><trkpt lat="50.5229844" lon="5.4455334"/><trkpt lat="50.52304" lon="5.4453834"/><trkpt lat="50.5230347" lon="5.4449208"/><trkpt lat="50.5229573" lon="5.4428303"/><trkpt lat="50.522897" lon="5.4424749"/><trkpt lat="50.5227009" lon="5.4416624"/><trkpt lat="50.5225528" lon="5.4413925"/><trkpt lat="50.5218698" lon="5.4401477"/><trkpt lat="50.5218157" lon="5.4400498"/><trkpt lat="50.5214641" lon="5.4394137"/><trkpt lat="50.5213555" lon="5.4391663"/><trkpt lat="50.5215025" lon="5.4390626"/><trkpt lat="50.5215621" lon="5.4390164"/><trkpt lat="50.5219325" lon="5.4388301"/><trkpt lat="50.5221148" lon="5.4387384"/><trkpt lat="50.5222115" lon="5.4386873"/><trkpt lat="50.5223015" lon="5.4386007"/><trkpt lat="50.5228058" lon="5.4381978"/><trkpt lat="50.5232904" lon="5.4377996"/><trkpt lat="50.5244759" lon="5.4368265"/><trkpt lat="50.5256513" lon="5.4358573"/><trkpt lat="50.5262404" lon="5.4353599"/><trkpt lat="50.5266052" lon="5.4350699"/><trkpt lat="50.5277719" lon="5.4341167"/><trkpt lat="50.5294906" lon="5.4326898"/><trkpt lat="50.5298602" lon="5.43236"/><trkpt lat="50.5299659" lon="5.4322175"/><trkpt lat="50.5300659" lon="5.4320991"/><trkpt lat="50.5301782" lon="5.4320727"/><trkpt lat="50.5297404" lon="5.4313618"/><trkpt lat="50.5299404" lon="5.4311469"/><trkpt lat="50.5301924" lon="5.430933"/><trkpt lat="50.5308162" lon="5.430518"/><trkpt lat="50.5311489" lon="5.4302587"/><trkpt lat="50.531291" lon="5.4300513"/><trkpt lat="50.5318084" lon="5.4292295"/><trkpt lat="50.5318748" lon="5.4291299"/><trkpt lat="50.5331162" lon="5.428133"/><trkpt lat="50.5336349" lon="5.4270457"/><trkpt lat="50.5342533" lon="5.4260581"/><trkpt lat="50.5345196" lon="5.4253718"/><trkpt lat="50.5350788" lon="5.423377"/><trkpt lat="50.535829" lon="5.4213276"/><trkpt lat="50.5346823" lon="5.4201628"/><trkpt lat="50.5341436" lon="5.4198037"/><trkpt lat="50.5338344" lon="5.419674"/><trkpt lat="50.5322683" lon="5.4178785"/><trkpt lat="50.5319799" lon="5.4173681"/><trkpt lat="50.5315923" lon="5.416455"/><trkpt lat="50.5313174" lon="5.4159394"/><trkpt lat="50.5311153" lon="5.4156397"/><trkpt lat="50.5309032" lon="5.4154413"/><trkpt lat="50.5304712" lon="5.4151532"/><trkpt lat="50.530381" lon="5.41502"/><trkpt lat="50.5302429" lon="5.4148163"/><trkpt lat="50.5301622" lon="5.4146171"/><trkpt lat="50.5301002" lon="5.4144482"/><trkpt lat="50.5300813" lon="5.4143556"/><trkpt lat="50.5299373" lon="5.4138622"/><trkpt lat="50.5299562" lon="5.4136033"/><trkpt lat="50.5300172" lon="5.4133424"/><trkpt lat="50.5302372" lon="5.4127987"/><trkpt lat="50.530269" lon="5.4125576"/><trkpt lat="50.5301557" lon="5.4119938"/><trkpt lat="50.5301284" lon="5.4117529"/><trkpt lat="50.5301056" lon="5.4115514"/><trkpt lat="50.5301085" lon="5.4114315"/><trkpt lat="50.5301131" lon="5.4112433"/><trkpt lat="50.5300108" lon="5.4110891"/><trkpt lat="50.5299349" lon="5.411071"/><trkpt lat="50.5296833" lon="5.4112327"/><trkpt lat="50.5296758" lon="5.4112375"/><trkpt lat="50.5295026" lon="5.411347"/><trkpt lat="50.5294647" lon="5.4113753"/><trkpt lat="50.5293566" lon="5.4114689"/><trkpt lat="50.5293008" lon="5.4115438"/><trkpt lat="50.5290156" lon="5.4119729"/><trkpt lat="50.528954" lon="5.4120743"/><trkpt lat="50.5286555" lon="5.4125655"/><trkpt lat="50.5285938" lon="5.412667"/><trkpt lat="50.5282106" lon="5.4132363"/><trkpt lat="50.5279464" lon="5.4135049"/><trkpt lat="50.5278243" lon="5.413629"/><trkpt lat="50.5277446" lon="5.41371"/><trkpt lat="50.5275675" lon="5.413962"/><trkpt lat="50.5274621" lon="5.4141143"/><trkpt lat="50.5273209" lon="5.4143128"/><trkpt lat="50.5271842" lon="5.4144245"/><trkpt lat="50.5269917" lon="5.4145216"/><trkpt lat="50.5268909" lon="5.4145725"/><trkpt lat="50.5267242" lon="5.4147384"/><trkpt lat="50.5265688" lon="5.4149135"/><trkpt lat="50.5261508" lon="5.4152882"/><trkpt lat="50.52584" lon="5.4155338"/><trkpt lat="50.5257438" lon="5.4156207"/><trkpt lat="50.5256713" lon="5.4157134"/><trkpt lat="50.5255983" lon="5.4157026"/><trkpt lat="50.5255144" lon="5.4157223"/><trkpt lat="50.5252263" lon="5.4158523"/><trkpt lat="50.5251662" lon="5.4158602"/><trkpt lat="50.5251517" lon="5.415858"/><trkpt lat="50.5251136" lon="5.4158523"/><trkpt lat="50.5250185" lon="5.4157853"/><trkpt lat="50.5249133" lon="5.4156711"/><trkpt lat="50.5247156" lon="5.4152585"/><trkpt lat="50.5246342" lon="5.4150886"/><trkpt lat="50.5242771" lon="5.4143435"/><trkpt lat="50.5241568" lon="5.4140434"/><trkpt lat="50.5240064" lon="5.4135541"/><trkpt lat="50.5235424" lon="5.4120441"/><trkpt lat="50.5230394" lon="5.4104396"/><trkpt lat="50.5224231" lon="5.4090913"/><trkpt lat="50.5219981" lon="5.4083336"/><trkpt lat="50.52141" lon="5.4074422"/><trkpt lat="50.5212259" lon="5.4071636"/><trkpt lat="50.5207068" lon="5.4061447"/><trkpt lat="50.5204749" lon="5.4059156"/><trkpt lat="50.5200181" lon="5.4055378"/><trkpt lat="50.5194329" lon="5.4050539"/><trkpt lat="50.5188971" lon="5.4046056"/><trkpt lat="50.5180805" lon="5.4040777"/><trkpt lat="50.5167579" lon="5.4032858"/><trkpt lat="50.516682" lon="5.4032193"/><trkpt lat="50.5166096" lon="5.4030732"/><trkpt lat="50.5165212" lon="5.4031192"/><trkpt lat="50.516421" lon="5.4031223"/><trkpt lat="50.5155064" lon="5.4027535"/><trkpt lat="50.514847" lon="5.402291"/><trkpt lat="50.5148267" lon="5.402055"/><trkpt lat="50.5145263" lon="5.4009626"/><trkpt lat="50.5140951" lon="5.3998926"/><trkpt lat="50.5140424" lon="5.3997435"/><trkpt lat="50.5137947" lon="5.3988671"/><trkpt lat="50.5138146" lon="5.3983785"/><trkpt lat="50.5138751" lon="5.3976589"/><trkpt lat="50.513937" lon="5.3971136"/><trkpt lat="50.5140746" lon="5.395853"/><trkpt lat="50.5140746" lon="5.395299"/><trkpt lat="50.5141093" lon="5.3942221"/><trkpt lat="50.5142593" lon="5.3929062"/><trkpt lat="50.5142652" lon="5.3927932"/><trkpt lat="50.5142684" lon="5.3922049"/><trkpt lat="50.5141384" lon="5.3907497"/><trkpt lat="50.5136211" lon="5.3893568"/><trkpt lat="50.5135042" lon="5.388861"/><trkpt lat="50.5132226" lon="5.3860386"/><trkpt lat="50.5131373" lon="5.3853343"/><trkpt lat="50.5130505" lon="5.3847966"/><trkpt lat="50.5129141" lon="5.3841699"/><trkpt lat="50.5126962" lon="5.3833815"/><trkpt lat="50.5124632" lon="5.3825501"/><trkpt lat="50.5122526" lon="5.3816"/><trkpt lat="50.5121501" lon="5.3810709"/><trkpt lat="50.5120931" lon="5.3805966"/><trkpt lat="50.5118944" lon="5.3786059"/><trkpt lat="50.5118368" lon="5.3781568"/><trkpt lat="50.5115745" lon="5.3769024"/><trkpt lat="50.5111916" lon="5.3756489"/><trkpt lat="50.5102385" lon="5.3726812"/><trkpt lat="50.5102202" lon="5.3725454"/><trkpt lat="50.5100773" lon="5.372481"/><trkpt lat="50.5096974" lon="5.3723212"/><trkpt lat="50.5096173" lon="5.3723011"/><trkpt lat="50.5095438" lon="5.3723062"/><trkpt lat="50.5094418" lon="5.3723463"/><trkpt lat="50.5091405" lon="5.3725316"/><trkpt lat="50.5089991" lon="5.3725957"/><trkpt lat="50.5089292" lon="5.3725709"/><trkpt lat="50.5087819" lon="5.3723458"/><trkpt lat="50.5085816" lon="5.3719013"/><trkpt lat="50.5084241" lon="5.3712561"/><trkpt lat="50.5083699" lon="5.3708602"/><trkpt lat="50.5083924" lon="5.3707517"/><trkpt lat="50.5084328" lon="5.3705342"/><trkpt lat="50.5083688" lon="5.370188"/><trkpt lat="50.5083359" lon="5.3700358"/><trkpt lat="50.5083093" lon="5.3699193"/><trkpt lat="50.5082623" lon="5.3696985"/><trkpt lat="50.5082262" lon="5.3695523"/><trkpt lat="50.5081091" lon="5.3691826"/><trkpt lat="50.5080195" lon="5.3690078"/><trkpt lat="50.5078598" lon="5.3688508"/><trkpt lat="50.5073962" lon="5.3682387"/><trkpt lat="50.5073386" lon="5.3680036"/><trkpt lat="50.5072941" lon="5.3678296"/><trkpt lat="50.5072726" lon="5.3676834"/><trkpt lat="50.5072344" lon="5.3675329"/><trkpt lat="50.507005" lon="5.3661277"/><trkpt lat="50.5069712" lon="5.36471"/><trkpt lat="50.5070053" lon="5.3644689"/><trkpt lat="50.5070604" lon="5.3641577"/><trkpt lat="50.5072502" lon="5.3633661"/><trkpt lat="50.5074648" lon="5.3624357"/><trkpt lat="50.5075609" lon="5.3620679"/><trkpt lat="50.5076452" lon="5.3616911"/><trkpt lat="50.5076602" lon="5.3614784"/><trkpt lat="50.5076677" lon="5.3613208"/><trkpt lat="50.5076602" lon="5.3611199"/><trkpt lat="50.5076386" lon="5.3609354"/><trkpt lat="50.5076332" lon="5.3609078"/><trkpt lat="50.5076079" lon="5.3607779"/><trkpt lat="50.5075123" lon="5.3600849"/><trkpt lat="50.5074722" lon="5.3597224"/><trkpt lat="50.5074697" lon="5.3594624"/><trkpt lat="50.5074923" lon="5.3586942"/><trkpt lat="50.5074955" lon="5.3584948"/><trkpt lat="50.5075028" lon="5.3580429"/><trkpt lat="50.5075002" lon="5.3576339"/><trkpt lat="50.5074807" lon="5.3575162"/><trkpt lat="50.5072817" lon="5.3563167"/><trkpt lat="50.5070878" lon="5.3556773"/><trkpt lat="50.5070447" lon="5.3555453"/><trkpt lat="50.506875" lon="5.3551183"/><trkpt lat="50.50681" lon="5.3547583"/><trkpt lat="50.5068024" lon="5.3544101"/><trkpt lat="50.5067942" lon="5.3540709"/><trkpt lat="50.5067977" lon="5.3538326"/><trkpt lat="50.5068056" lon="5.3531691"/><trkpt lat="50.5069247" lon="5.3517534"/><trkpt lat="50.5069507" lon="5.3516579"/><trkpt lat="50.506984" lon="5.3515858"/><trkpt lat="50.5070303" lon="5.3515471"/><trkpt lat="50.5070605" lon="5.3515464"/><trkpt lat="50.5070985" lon="5.351568"/><trkpt lat="50.5073663" lon="5.3520064"/><trkpt lat="50.5075105" lon="5.352183"/><trkpt lat="50.5077542" lon="5.3524449"/><trkpt lat="50.5080155" lon="5.3526733"/><trkpt lat="50.5080695" lon="5.3526552"/><trkpt lat="50.5081005" lon="5.3526106"/><trkpt lat="50.5081236" lon="5.3525716"/><trkpt lat="50.5081244" lon="5.3525006"/><trkpt lat="50.508105" lon="5.3524309"/><trkpt lat="50.5079319" lon="5.3521173"/><trkpt lat="50.5078888" lon="5.352013"/><trkpt lat="50.5078418" lon="5.3518822"/><trkpt lat="50.5077659" lon="5.3515929"/><trkpt lat="50.5076166" lon="5.3510242"/><trkpt lat="50.5075443" lon="5.3507947"/><trkpt lat="50.5073628" lon="5.3502191"/><trkpt lat="50.5073049" lon="5.3498414"/><trkpt lat="50.5071888" lon="5.3490847"/><trkpt lat="50.5070208" lon="5.3479896"/><trkpt lat="50.5068415" lon="5.3468958"/><trkpt lat="50.5067473" lon="5.3463687"/><trkpt lat="50.506725" lon="5.3462036"/><trkpt lat="50.5066609" lon="5.3457075"/><trkpt lat="50.5065333" lon="5.3446141"/><trkpt lat="50.5066995" lon="5.3446845"/><trkpt lat="50.5067955" lon="5.3446873"/><trkpt lat="50.5068816" lon="5.3446835"/><trkpt lat="50.5069635" lon="5.3446464"/><trkpt lat="50.5069176" lon="5.3444597"/><trkpt lat="50.506886" lon="5.3442364"/><trkpt lat="50.5069001" lon="5.3440362"/><trkpt lat="50.5068782" lon="5.3437303"/><trkpt lat="50.5067254" lon="5.3431128"/><trkpt lat="50.5066628" lon="5.3428659"/><trkpt lat="50.5066387" lon="5.3423005"/><trkpt lat="50.5066447" lon="5.3419793"/><trkpt lat="50.5066408" lon="5.3417213"/><trkpt lat="50.506658" lon="5.3410065"/><trkpt lat="50.506671" lon="5.3405886"/><trkpt lat="50.5066744" lon="5.3404175"/><trkpt lat="50.5066475" lon="5.3399648"/><trkpt lat="50.5066234" lon="5.3396805"/><trkpt lat="50.5065739" lon="5.3394252"/><trkpt lat="50.5064672" lon="5.3389651"/><trkpt lat="50.5062869" lon="5.3382934"/><trkpt lat="50.5061393" lon="5.3378128"/><trkpt lat="50.5060041" lon="5.337409"/><trkpt lat="50.5059094" lon="5.3370878"/><trkpt lat="50.5058268" lon="5.3368188"/><trkpt lat="50.505698" lon="5.33638"/><trkpt lat="50.5056496" lon="5.3362882"/><trkpt lat="50.5055872" lon="5.3362336"/><trkpt lat="50.5055067" lon="5.336213"/><trkpt lat="50.5054376" lon="5.336209"/><trkpt lat="50.5051517" lon="5.3362456"/><trkpt lat="50.5050263" lon="5.3362617"/><trkpt lat="50.5050021" lon="5.3360251"/><trkpt lat="50.504835" lon="5.3351219"/><trkpt lat="50.5047702" lon="5.33467"/><trkpt lat="50.5047047" lon="5.3340304"/><trkpt lat="50.5046735" lon="5.333554"/><trkpt lat="50.5046408" lon="5.3331828"/><trkpt lat="50.5046305" lon="5.3329866"/><trkpt lat="50.5046587" lon="5.3327718"/><trkpt lat="50.5046839" lon="5.3325943"/><trkpt lat="50.5047339" lon="5.3323996"/><trkpt lat="50.5048794" lon="5.3319958"/><trkpt lat="50.5049501" lon="5.3317732"/><trkpt lat="50.5050107" lon="5.331568"/><trkpt lat="50.5050269" lon="5.3314004"/><trkpt lat="50.5050704" lon="5.330825"/><trkpt lat="50.5050934" lon="5.330361"/><trkpt lat="50.5050926" lon="5.3299198"/><trkpt lat="50.5050867" lon="5.329695"/><trkpt lat="50.5049852" lon="5.32888"/><trkpt lat="50.5050169" lon="5.328727"/><trkpt lat="50.50495" lon="5.3282733"/><trkpt lat="50.5049406" lon="5.3277374"/><trkpt lat="50.504995" lon="5.3271667"/><trkpt lat="50.5050293" lon="5.3269043"/><trkpt lat="50.5051471" lon="5.3265123"/><trkpt lat="50.5053039" lon="5.3256248"/><trkpt lat="50.5054197" lon="5.3250984"/><trkpt lat="50.505566" lon="5.3245948"/><trkpt lat="50.5054973" lon="5.3244595"/><trkpt lat="50.5054368" lon="5.3242475"/><trkpt lat="50.5054028" lon="5.3240567"/><trkpt lat="50.505314" lon="5.3235591"/><trkpt lat="50.505169" lon="5.3227464"/><trkpt lat="50.5050045" lon="5.3218445"/><trkpt lat="50.5049918" lon="5.321775"/><trkpt lat="50.5048704" lon="5.3211088"/><trkpt lat="50.5047199" lon="5.3202824"/><trkpt lat="50.5046621" lon="5.3199557"/><trkpt lat="50.5046513" lon="5.3199058"/><trkpt lat="50.5046202" lon="5.3197976"/><trkpt lat="50.5043063" lon="5.3187118"/><trkpt lat="50.5050561" lon="5.3179645"/><trkpt lat="50.5064834" lon="5.3165655"/><trkpt lat="50.5065502" lon="5.3165488"/><trkpt lat="50.5066061" lon="5.3166219"/><trkpt lat="50.5067968" lon="5.3169362"/><trkpt lat="50.5068302" lon="5.316949"/><trkpt lat="50.5068617" lon="5.3169233"/><trkpt lat="50.5070522" lon="5.3166746"/><trkpt lat="50.507371" lon="5.3162541"/><trkpt lat="50.5074529" lon="5.3162083"/><trkpt lat="50.507555" lon="5.3162788"/><trkpt lat="50.5078964" lon="5.3164221"/><trkpt lat="50.5079308" lon="5.3164185"/><trkpt lat="50.507971" lon="5.3163969"/><trkpt lat="50.5080366" lon="5.3163353"/><trkpt lat="50.5080885" lon="5.3162444"/><trkpt lat="50.5081285" lon="5.3161428"/><trkpt lat="50.5081062" lon="5.3160442"/><trkpt lat="50.5080999" lon="5.3155572"/><trkpt lat="50.5080589" lon="5.3151871"/><trkpt lat="50.5079797" lon="5.3147472"/><trkpt lat="50.5079339" lon="5.3146096"/><trkpt lat="50.5075507" lon="5.3136681"/><trkpt lat="50.50746" lon="5.3133731"/><trkpt lat="50.5074364" lon="5.3131768"/><trkpt lat="50.5074089" lon="5.3129047"/><trkpt lat="50.5073531" lon="5.312442"/><trkpt lat="50.5073591" lon="5.3123029"/><trkpt lat="50.5073764" lon="5.3120052"/><trkpt lat="50.507406" lon="5.3115036"/><trkpt lat="50.5073531" lon="5.3107179"/><trkpt lat="50.507352" lon="5.3106259"/><trkpt lat="50.5073778" lon="5.3105321"/><trkpt lat="50.5076108" lon="5.3101888"/><trkpt lat="50.5076963" lon="5.3100915"/><trkpt lat="50.5077549" lon="5.3100384"/><trkpt lat="50.5078235" lon="5.3099942"/><trkpt lat="50.5079012" lon="5.3099694"/><trkpt lat="50.5079678" lon="5.3099404"/><trkpt lat="50.5080136" lon="5.3098828"/><trkpt lat="50.5080787" lon="5.3097227"/><trkpt lat="50.508148" lon="5.3095851"/><trkpt lat="50.5083556" lon="5.3097371"/><trkpt lat="50.5085409" lon="5.3097419"/><trkpt lat="50.5089043" lon="5.3097147"/><trkpt lat="50.5092831" lon="5.309619"/><trkpt lat="50.5093588" lon="5.3096008"/><trkpt lat="50.5093768" lon="5.3094967"/><trkpt lat="50.5093436" lon="5.3086412"/><trkpt lat="50.5092038" lon="5.3055267"/><trkpt lat="50.5090789" lon="5.3032285"/><trkpt lat="50.5089262" lon="5.3004252"/><trkpt lat="50.5088063" lon="5.2982195"/><trkpt lat="50.5087453" lon="5.2971353"/><trkpt lat="50.5087491" lon="5.296549"/><trkpt lat="50.5087261" lon="5.2961863"/><trkpt lat="50.5087091" lon="5.2959967"/><trkpt lat="50.5087098" lon="5.2956207"/><trkpt lat="50.5087411" lon="5.2953518"/><trkpt lat="50.5087801" lon="5.2951285"/><trkpt lat="50.5089175" lon="5.2946051"/><trkpt lat="50.5090489" lon="5.2940332"/><trkpt lat="50.5091559" lon="5.2934015"/><trkpt lat="50.5093817" lon="5.2927093"/><trkpt lat="50.5102336" lon="5.290191"/><trkpt lat="50.5102728" lon="5.2899823"/><trkpt lat="50.5103679" lon="5.2890641"/><trkpt lat="50.5105025" lon="5.2876166"/><trkpt lat="50.5105014" lon="5.2873416"/><trkpt lat="50.5103304" lon="5.2842135"/><trkpt lat="50.5103181" lon="5.2839643"/><trkpt lat="50.5102671" lon="5.2833318"/><trkpt lat="50.510255" lon="5.2831818"/><trkpt lat="50.5102039" lon="5.2825455"/><trkpt lat="50.5101112" lon="5.2804097"/><trkpt lat="50.5100969" lon="5.2792869"/><trkpt lat="50.5102364" lon="5.2785263"/><trkpt lat="50.5103069" lon="5.2783239"/><trkpt lat="50.5104015" lon="5.2780843"/><trkpt lat="50.5104255" lon="5.2778964"/><trkpt lat="50.5104172" lon="5.2774988"/><trkpt lat="50.5104382" lon="5.2772641"/><trkpt lat="50.5104482" lon="5.2769178"/><trkpt lat="50.5104285" lon="5.2763257"/><trkpt lat="50.510431" lon="5.2758519"/><trkpt lat="50.5104598" lon="5.2751967"/><trkpt lat="50.5103497" lon="5.2740324"/><trkpt lat="50.5102713" lon="5.2738263"/><trkpt lat="50.5102528" lon="5.2737623"/><trkpt lat="50.5102194" lon="5.2735097"/><trkpt lat="50.5099694" lon="5.2716472"/><trkpt lat="50.509792" lon="5.2703758"/><trkpt lat="50.5097887" lon="5.2701332"/><trkpt lat="50.5098083" lon="5.269815"/><trkpt lat="50.509803" lon="5.2697043"/><trkpt lat="50.5097923" lon="5.2696091"/><trkpt lat="50.5097722" lon="5.2695349"/><trkpt lat="50.5097473" lon="5.269467"/><trkpt lat="50.5097193" lon="5.269407"/><trkpt lat="50.5096708" lon="5.2693287"/><trkpt lat="50.5091731" lon="5.2686909"/><trkpt lat="50.5087773" lon="5.2681271"/><trkpt lat="50.5085609" lon="5.2676779"/><trkpt lat="50.5085593" lon="5.2675713"/><trkpt lat="50.508597" lon="5.267429"/><trkpt lat="50.5089847" lon="5.2669063"/><trkpt lat="50.5090867" lon="5.2667448"/><trkpt lat="50.5090962" lon="5.2666371"/><trkpt lat="50.509055" lon="5.2664704"/><trkpt lat="50.5089219" lon="5.2661141"/><trkpt lat="50.5087654" lon="5.2656148"/><trkpt lat="50.5086545" lon="5.2653118"/><trkpt lat="50.508433" lon="5.2649131"/><trkpt lat="50.5079639" lon="5.2659699"/><trkpt lat="50.5078829" lon="5.2658339"/><trkpt lat="50.5078286" lon="5.265737"/><trkpt lat="50.5075425" lon="5.2651903"/><trkpt lat="50.5073503" lon="5.2648207"/><trkpt lat="50.5065478" lon="5.2631172"/><trkpt lat="50.50555" lon="5.2609689"/><trkpt lat="50.5055872" lon="5.260935"/><trkpt lat="50.505899" lon="5.2606434"/><trkpt lat="50.5061276" lon="5.2604303"/><trkpt lat="50.5063847" lon="5.2601799"/><trkpt lat="50.5066655" lon="5.2598869"/><trkpt lat="50.5068539" lon="5.2596689"/><trkpt lat="50.5069029" lon="5.2596222"/><trkpt lat="50.5075209" lon="5.2591745"/><trkpt lat="50.5077624" lon="5.2589218"/><trkpt lat="50.5080285" lon="5.2585864"/><trkpt lat="50.5084606" lon="5.2579789"/><trkpt lat="50.5085644" lon="5.257833"/><trkpt lat="50.5086508" lon="5.2577278"/><trkpt lat="50.5087847" lon="5.2576429"/><trkpt lat="50.5088578" lon="5.257627"/><trkpt lat="50.5089253" lon="5.2576252"/><trkpt lat="50.5092258" lon="5.2577632"/><trkpt lat="50.5093778" lon="5.2578358"/><trkpt lat="50.5094655" lon="5.2578517"/><trkpt lat="50.5095752" lon="5.2578444"/><trkpt lat="50.5096388" lon="5.257811"/><trkpt lat="50.5097103" lon="5.2577154"/><trkpt lat="50.509831" lon="5.2574994"/><trkpt lat="50.5101087" lon="5.2570157"/><trkpt lat="50.510491" lon="5.2562858"/><trkpt lat="50.5105023" lon="5.2562641"/><trkpt lat="50.5105862" lon="5.2561168"/><trkpt lat="50.5105999" lon="5.2560927"/><trkpt lat="50.510673" lon="5.2560042"/><trkpt lat="50.5108025" lon="5.2558733"/><trkpt lat="50.5108335" lon="5.2558453"/><trkpt lat="50.5108504" lon="5.2558301"/><trkpt lat="50.511143" lon="5.2555664"/><trkpt lat="50.5116465" lon="5.2551124"/><trkpt lat="50.5120933" lon="5.2547259"/><trkpt lat="50.5124704" lon="5.2544733"/><trkpt lat="50.5128116" lon="5.2542605"/><trkpt lat="50.513175" lon="5.2532155"/><trkpt lat="50.5134708" lon="5.252365"/><trkpt lat="50.5136343" lon="5.2518948"/><trkpt lat="50.5138514" lon="5.2512705"/><trkpt lat="50.5138982" lon="5.2511239"/><trkpt lat="50.5140217" lon="5.2507369"/><trkpt lat="50.5141102" lon="5.2499694"/><trkpt lat="50.514122" lon="5.249871"/><trkpt lat="50.5141961" lon="5.2492574"/><trkpt lat="50.514231" lon="5.2489833"/><trkpt lat="50.5142551" lon="5.2487446"/><trkpt lat="50.5142547" lon="5.2486003"/><trkpt lat="50.5142555" lon="5.2483126"/><trkpt lat="50.5142679" lon="5.2480653"/><trkpt lat="50.5143285" lon="5.2477665"/><trkpt lat="50.5144086" lon="5.2475652"/><trkpt lat="50.5144215" lon="5.2475327"/><trkpt lat="50.5144926" lon="5.2474088"/><trkpt lat="50.514609" lon="5.2472583"/><trkpt lat="50.5149011" lon="5.246992"/><trkpt lat="50.5151854" lon="5.2467766"/><trkpt lat="50.5153773" lon="5.2466846"/><trkpt lat="50.515467" lon="5.2466509"/><trkpt lat="50.5155534" lon="5.246626"/><trkpt lat="50.5159963" lon="5.2464981"/><trkpt lat="50.5160298" lon="5.2464504"/><trkpt lat="50.5161119" lon="5.2460861"/><trkpt lat="50.516168" lon="5.2460351"/><trkpt lat="50.5162335" lon="5.2460802"/><trkpt lat="50.5165669" lon="5.2466027"/><trkpt lat="50.516841" lon="5.2470713"/><trkpt lat="50.5168678" lon="5.2471756"/><trkpt lat="50.5168719" lon="5.2472165"/><trkpt lat="50.5168683" lon="5.2474544"/><trkpt lat="50.5169211" lon="5.2475724"/><trkpt lat="50.5170612" lon="5.2476738"/><trkpt lat="50.5175115" lon="5.2479181"/><trkpt lat="50.5175867" lon="5.2479132"/><trkpt lat="50.5176537" lon="5.2478813"/><trkpt lat="50.5179394" lon="5.2477063"/><trkpt lat="50.5186695" lon="5.2471042"/><trkpt lat="50.5186995" lon="5.2470597"/><trkpt lat="50.5187907" lon="5.2469158"/><trkpt lat="50.5188578" lon="5.2466039"/><trkpt lat="50.5188693" lon="5.2465191"/><trkpt lat="50.5188634" lon="5.2461845"/><trkpt lat="50.5188576" lon="5.2458637"/><trkpt lat="50.5189059" lon="5.2457374"/><trkpt lat="50.5190395" lon="5.2456365"/><trkpt lat="50.5190219" lon="5.245155"/><trkpt lat="50.5190121" lon="5.2447207"/><trkpt lat="50.5190083" lon="5.2444793"/><trkpt lat="50.5189974" lon="5.243789"/><trkpt lat="50.5189969" lon="5.2436702"/><trkpt lat="50.5189944" lon="5.2430779"/><trkpt lat="50.518961" lon="5.2430938"/><trkpt lat="50.518734" lon="5.2431106"/><trkpt lat="50.5187075" lon="5.2430944"/><trkpt lat="50.5185481" lon="5.2429856"/><trkpt lat="50.5184113" lon="5.242894"/><trkpt lat="50.518232" lon="5.2427592"/><trkpt lat="50.5181519" lon="5.2425308"/><trkpt lat="50.5180784" lon="5.2423629"/><trkpt lat="50.5181157" lon="5.2422181"/><trkpt lat="50.5181415" lon="5.2420988"/><trkpt lat="50.5181306" lon="5.2417126"/><trkpt lat="50.5181906" lon="5.2417006"/><trkpt lat="50.5182117" lon="5.2416966"/><trkpt lat="50.5182935" lon="5.2416391"/><trkpt lat="50.5184539" lon="5.2414087"/><trkpt lat="50.5184313" lon="5.2413042"/><trkpt lat="50.5183852" lon="5.241091"/><trkpt lat="50.5183723" lon="5.2410319"/><trkpt lat="50.5183842" lon="5.2410272"/><trkpt lat="50.5186534" lon="5.2408807"/><trkpt lat="50.5186852" lon="5.2408634"/><trkpt lat="50.5190067" lon="5.2407075"/><trkpt lat="50.5189805" lon="5.2406251"/><trkpt lat="50.5188395" lon="5.2401815"/><trkpt lat="50.5188139" lon="5.2402062"/><trkpt lat="50.5187357" lon="5.2402815"/><trkpt lat="50.5187193" lon="5.2403016"/><trkpt lat="50.5187039" lon="5.240326"/><trkpt lat="50.5186943" lon="5.2403602"/><trkpt lat="50.5186437" lon="5.2404206"/><trkpt lat="50.5186276" lon="5.2404374"/><trkpt lat="50.5185582" lon="5.2402565"/><trkpt lat="50.5185004" lon="5.2400872"/><trkpt lat="50.518453" lon="5.2399269"/><trkpt lat="50.5184421" lon="5.2398902"/><trkpt lat="50.5187074" lon="5.2397619"/><trkpt lat="50.5187203" lon="5.2397563"/><trkpt lat="50.5188073" lon="5.2397159"/><trkpt lat="50.518782" lon="5.2395497"/><trkpt lat="50.5187742" lon="5.239492"/><trkpt lat="50.5187694" lon="5.2394566"/><trkpt lat="50.5186957" lon="5.2394852"/><trkpt lat="50.5186723" lon="5.2394767"/><trkpt lat="50.5186364" lon="5.2394635"/><trkpt lat="50.5186397" lon="5.2394016"/><trkpt lat="50.5185988" lon="5.239077"/><trkpt lat="50.5185968" lon="5.2390615"/><trkpt lat="50.51859" lon="5.2389868"/><trkpt lat="50.5185441" lon="5.2389826"/><trkpt lat="50.5182008" lon="5.2391814"/><trkpt lat="50.5181156" lon="5.2391875"/><trkpt lat="50.5180304" lon="5.2391831"/><trkpt lat="50.5179449" lon="5.2391665"/><trkpt lat="50.5177353" lon="5.2391196"/><trkpt lat="50.517531" lon="5.2390705"/><trkpt lat="50.5173876" lon="5.2390089"/><trkpt lat="50.5170696" lon="5.2388137"/><trkpt lat="50.516706" lon="5.2385677"/><trkpt lat="50.5166373" lon="5.2385217"/><trkpt lat="50.5164332" lon="5.238351"/><trkpt lat="50.5160738" lon="5.2380493"/><trkpt lat="50.515707" lon="5.2376663"/><trkpt lat="50.5155589" lon="5.2375066"/><trkpt lat="50.5153944" lon="5.2373483"/><trkpt lat="50.5152774" lon="5.2372462"/><trkpt lat="50.5152648" lon="5.2372352"/><trkpt lat="50.5151603" lon="5.2371765"/><trkpt lat="50.5150572" lon="5.2371663"/><trkpt lat="50.5150213" lon="5.2371711"/><trkpt lat="50.5149874" lon="5.2370849"/><trkpt lat="50.5149489" lon="5.2370162"/><trkpt lat="50.5148124" lon="5.2368091"/><trkpt lat="50.5146183" lon="5.2365578"/><trkpt lat="50.5145418" lon="5.2363466"/><trkpt lat="50.514532" lon="5.236314"/><trkpt lat="50.5145215" lon="5.236275"/><trkpt lat="50.5145046" lon="5.2362106"/><trkpt lat="50.5144788" lon="5.2361094"/><trkpt lat="50.5143118" lon="5.2355633"/><trkpt lat="50.5142606" lon="5.2353585"/><trkpt lat="50.5141571" lon="5.2348624"/><trkpt lat="50.5141128" lon="5.2346791"/><trkpt lat="50.5140039" lon="5.2342401"/><trkpt lat="50.5138222" lon="5.2334696"/><trkpt lat="50.5137076" lon="5.2335105"/><trkpt lat="50.5136603" lon="5.2333622"/><trkpt lat="50.5134885" lon="5.2329101"/><trkpt lat="50.5133851" lon="5.2324519"/><trkpt lat="50.5133484" lon="5.2323367"/><trkpt lat="50.5131852" lon="5.2320909"/><trkpt lat="50.5130095" lon="5.2318273"/><trkpt lat="50.5128663" lon="5.2317097"/><trkpt lat="50.5128213" lon="5.2316362"/><trkpt lat="50.5128262" lon="5.2313773"/><trkpt lat="50.512756" lon="5.2300536"/><trkpt lat="50.5126451" lon="5.2297321"/><trkpt lat="50.5125396" lon="5.2294802"/><trkpt lat="50.5125092" lon="5.2293275"/><trkpt lat="50.5125535" lon="5.2291918"/><trkpt lat="50.5125892" lon="5.2290642"/><trkpt lat="50.5125869" lon="5.2289166"/><trkpt lat="50.5125615" lon="5.2288298"/><trkpt lat="50.5125281" lon="5.2287345"/><trkpt lat="50.5124312" lon="5.2285678"/><trkpt lat="50.5122047" lon="5.2281637"/><trkpt lat="50.5121387" lon="5.2280732"/><trkpt lat="50.5119913" lon="5.2279047"/><trkpt lat="50.5118598" lon="5.2278238"/><trkpt lat="50.5116748" lon="5.2277248"/><trkpt lat="50.5114865" lon="5.2275975"/><trkpt lat="50.5113562" lon="5.2274967"/><trkpt lat="50.5110647" lon="5.2272086"/><trkpt lat="50.5109363" lon="5.2271252"/><trkpt lat="50.5108865" lon="5.2270373"/><trkpt lat="50.5108043" lon="5.2268156"/><trkpt lat="50.5107253" lon="5.2266895"/><trkpt lat="50.5105451" lon="5.2265683"/><trkpt lat="50.5104168" lon="5.2264977"/><trkpt lat="50.5103661" lon="5.2264466"/><trkpt lat="50.5103153" lon="5.2263686"/><trkpt lat="50.510378" lon="5.2263157"/><trkpt lat="50.5104401" lon="5.2262243"/><trkpt lat="50.5105647" lon="5.2259271"/><trkpt lat="50.5106358" lon="5.2257227"/><trkpt lat="50.5107195" lon="5.225419"/><trkpt lat="50.5107857" lon="5.2251153"/><trkpt lat="50.5108044" lon="5.2249136"/><trkpt lat="50.5108125" lon="5.2248269"/><trkpt lat="50.510816" lon="5.2247895"/><trkpt lat="50.5108125" lon="5.2244942"/><trkpt lat="50.5108372" lon="5.2240201"/><trkpt lat="50.5108756" lon="5.2236521"/><trkpt lat="50.5109038" lon="5.2234382"/><trkpt lat="50.510973" lon="5.2232112"/><trkpt lat="50.511086" lon="5.2230682"/><trkpt lat="50.5112037" lon="5.2229564"/><trkpt lat="50.5116057" lon="5.2225946"/><trkpt lat="50.5116908" lon="5.2224559"/><trkpt lat="50.5117841" lon="5.2223039"/><trkpt lat="50.5118976" lon="5.2222893"/><trkpt lat="50.5123503" lon="5.2225235"/><trkpt lat="50.5124167" lon="5.2225007"/><trkpt lat="50.5124725" lon="5.2225327"/><trkpt lat="50.5126707" lon="5.2226464"/><trkpt lat="50.5127187" lon="5.2226615"/><trkpt lat="50.5132387" lon="5.2228256"/><trkpt lat="50.5133132" lon="5.2228578"/><trkpt lat="50.5133886" lon="5.2229189"/><trkpt lat="50.5134588" lon="5.2228242"/><trkpt lat="50.5134918" lon="5.2228446"/><trkpt lat="50.5135104" lon="5.222851"/><trkpt lat="50.5135395" lon="5.2228611"/><trkpt lat="50.5136069" lon="5.2228222"/><trkpt lat="50.5137295" lon="5.2227163"/><trkpt lat="50.5138709" lon="5.2226081"/><trkpt lat="50.5140351" lon="5.2224779"/><trkpt lat="50.514065" lon="5.2224325"/><trkpt lat="50.5140767" lon="5.2224147"/><trkpt lat="50.5140833" lon="5.2223494"/><trkpt lat="50.5140789" lon="5.2222592"/><trkpt lat="50.5139329" lon="5.2217445"/><trkpt lat="50.5138921" lon="5.2214347"/><trkpt lat="50.5137916" lon="5.2210078"/><trkpt lat="50.5137368" lon="5.2207367"/><trkpt lat="50.5137235" lon="5.2206487"/><trkpt lat="50.5137075" lon="5.220543"/><trkpt lat="50.513678" lon="5.2203485"/><trkpt lat="50.5136218" lon="5.2199751"/><trkpt lat="50.5136094" lon="5.2198925"/><trkpt lat="50.5135742" lon="5.2195782"/><trkpt lat="50.5135369" lon="5.2191962"/><trkpt lat="50.5135036" lon="5.2187864"/><trkpt lat="50.5134903" lon="5.218591"/><trkpt lat="50.513506" lon="5.2184955"/><trkpt lat="50.5134902" lon="5.2182586"/><trkpt lat="50.5134638" lon="5.2179888"/><trkpt lat="50.5134498" lon="5.2178685"/><trkpt lat="50.5134443" lon="5.2177353"/><trkpt lat="50.5134259" lon="5.2174612"/><trkpt lat="50.5134312" lon="5.217247"/><trkpt lat="50.5134382" lon="5.2171246"/><trkpt lat="50.5134797" lon="5.2170227"/><trkpt lat="50.5134308" lon="5.2168789"/><trkpt lat="50.5132924" lon="5.2162377"/><trkpt lat="50.5132199" lon="5.2158733"/><trkpt lat="50.5131599" lon="5.2156637"/><trkpt lat="50.5130641" lon="5.2153875"/><trkpt lat="50.5130528" lon="5.2153514"/><trkpt lat="50.5129334" lon="5.2150322"/><trkpt lat="50.5128364" lon="5.2148122"/><trkpt lat="50.5126776" lon="5.2144904"/><trkpt lat="50.5125105" lon="5.2141938"/><trkpt lat="50.5122921" lon="5.2138852"/><trkpt lat="50.5122723" lon="5.2138405"/><trkpt lat="50.5122354" lon="5.2137571"/><trkpt lat="50.5122154" lon="5.2137045"/><trkpt lat="50.5121403" lon="5.2134282"/><trkpt lat="50.5121001" lon="5.2132274"/><trkpt lat="50.5120578" lon="5.213016"/><trkpt lat="50.5119885" lon="5.2126611"/><trkpt lat="50.5119663" lon="5.2124412"/><trkpt lat="50.511961" lon="5.2122059"/><trkpt lat="50.5120129" lon="5.2120047"/><trkpt lat="50.5120852" lon="5.2115569"/><trkpt lat="50.5121356" lon="5.2112008"/><trkpt lat="50.5121731" lon="5.2107161"/><trkpt lat="50.5121878" lon="5.210101"/><trkpt lat="50.5121651" lon="5.2096961"/><trkpt lat="50.5120676" lon="5.2091607"/><trkpt lat="50.512029" lon="5.2088436"/><trkpt lat="50.5120062" lon="5.2085706"/><trkpt lat="50.511984" lon="5.2080755"/><trkpt lat="50.5119952" lon="5.2075561"/><trkpt lat="50.512002" lon="5.2074594"/><trkpt lat="50.51202" lon="5.2073674"/><trkpt lat="50.5120325" lon="5.2072758"/><trkpt lat="50.5119508" lon="5.2071567"/><trkpt lat="50.5117703" lon="5.2069423"/><trkpt lat="50.5115838" lon="5.2066995"/><trkpt lat="50.5114635" lon="5.2065134"/><trkpt lat="50.5113051" lon="5.2063369"/><trkpt lat="50.5110625" lon="5.2062013"/><trkpt lat="50.5109803" lon="5.2061004"/><trkpt lat="50.5108945" lon="5.205883"/><trkpt lat="50.510837" lon="5.2054648"/><trkpt lat="50.510857" lon="5.2052777"/><trkpt lat="50.5108861" lon="5.205145"/><trkpt lat="50.510882" lon="5.20494"/><trkpt lat="50.5108172" lon="5.2046616"/><trkpt lat="50.510504" lon="5.2041042"/><trkpt lat="50.5102569" lon="5.2037305"/><trkpt lat="50.5102103" lon="5.2034864"/><trkpt lat="50.5101842" lon="5.2028558"/><trkpt lat="50.5101786" lon="5.2027674"/><trkpt lat="50.5094268" lon="5.2014847"/><trkpt lat="50.5091343" lon="5.2009638"/><trkpt lat="50.5090689" lon="5.2008304"/><trkpt lat="50.5085495" lon="5.2001243"/><trkpt lat="50.5083026" lon="5.1997585"/><trkpt lat="50.507934" lon="5.1991364"/><trkpt lat="50.5078617" lon="5.1989728"/><trkpt lat="50.5076149" lon="5.1988019"/><trkpt lat="50.5073848" lon="5.198495"/><trkpt lat="50.5069856" lon="5.1977529"/><trkpt lat="50.5067276" lon="5.1972947"/><trkpt lat="50.5061635" lon="5.1967173"/><trkpt lat="50.5061445" lon="5.1967111"/><trkpt lat="50.5060751" lon="5.1966883"/><trkpt lat="50.5060525" lon="5.1966809"/><trkpt lat="50.5060419" lon="5.1966774"/><trkpt lat="50.5058276" lon="5.1966295"/><trkpt lat="50.5055592" lon="5.1967071"/><trkpt lat="50.5053835" lon="5.1966658"/><trkpt lat="50.5052127" lon="5.1965419"/><trkpt lat="50.5050402" lon="5.1963036"/><trkpt lat="50.5048685" lon="5.1960158"/><trkpt lat="50.5048476" lon="5.1959822"/><trkpt lat="50.5042773" lon="5.1950319"/><trkpt lat="50.5036924" lon="5.1940275"/><trkpt lat="50.5029853" lon="5.1927432"/><trkpt lat="50.502863" lon="5.1925172"/><trkpt lat="50.5028296" lon="5.1924175"/><trkpt lat="50.502846" lon="5.1923439"/><trkpt lat="50.5028164" lon="5.1922443"/><trkpt lat="50.5026748" lon="5.1920217"/><trkpt lat="50.5025185" lon="5.1919005"/><trkpt lat="50.5023572" lon="5.1918038"/><trkpt lat="50.502076" lon="5.1914853"/><trkpt lat="50.5018525" lon="5.1912627"/><trkpt lat="50.5016103" lon="5.1910454"/><trkpt lat="50.5012674" lon="5.1907557"/><trkpt lat="50.5007812" lon="5.1904204"/><trkpt lat="50.5002216" lon="5.1900288"/><trkpt lat="50.4998786" lon="5.1898786"/><trkpt lat="50.4995076" lon="5.1897901"/><trkpt lat="50.4992966" lon="5.189767"/><trkpt lat="50.4990557" lon="5.1897618"/><trkpt lat="50.4987675" lon="5.1898218"/><trkpt lat="50.4985191" lon="5.1899129"/><trkpt lat="50.4982339" lon="5.1900852"/><trkpt lat="50.4979657" lon="5.1902926"/><trkpt lat="50.4976973" lon="5.1905563"/><trkpt lat="50.4973689" lon="5.1908684"/><trkpt lat="50.4971863" lon="5.1909757"/><trkpt lat="50.4969472" lon="5.1910013"/><trkpt lat="50.4967492" lon="5.1909505"/><trkpt lat="50.4965977" lon="5.1908228"/><trkpt lat="50.4964305" lon="5.1905572"/><trkpt lat="50.4961455" lon="5.1898706"/><trkpt lat="50.4958794" lon="5.1892269"/><trkpt lat="50.4957872" lon="5.1889318"/><trkpt lat="50.4955538" lon="5.1875886"/><trkpt lat="50.4954948" lon="5.1872812"/><trkpt lat="50.4953741" lon="5.1867949"/><trkpt lat="50.4951787" lon="5.1861724"/><trkpt lat="50.4949273" lon="5.1854503"/><trkpt lat="50.4941526" lon="5.1832992"/><trkpt lat="50.4938257" lon="5.1822789"/><trkpt lat="50.4935968" lon="5.1816114"/><trkpt lat="50.4934124" lon="5.1811219"/><trkpt lat="50.4932471" lon="5.1807553"/><trkpt lat="50.4931066" lon="5.1805553"/><trkpt lat="50.4929548" lon="5.1804239"/><trkpt lat="50.4927722" lon="5.1803005"/><trkpt lat="50.4924633" lon="5.1802388"/><trkpt lat="50.4916989" lon="5.1803085"/><trkpt lat="50.4913178" lon="5.1802586"/><trkpt lat="50.4911666" lon="5.1803946"/><trkpt lat="50.4910527" lon="5.1804801"/><trkpt lat="50.4910224" lon="5.1805416"/><trkpt lat="50.4909952" lon="5.1806064"/><trkpt lat="50.4909849" lon="5.1806311"/><trkpt lat="50.4907386" lon="5.1806091"/><trkpt lat="50.4906122" lon="5.1806435"/><trkpt lat="50.4904735" lon="5.1808368"/><trkpt lat="50.4902578" lon="5.1809809"/><trkpt lat="50.4901497" lon="5.181074"/><trkpt lat="50.4900049" lon="5.1812681"/><trkpt lat="50.4897593" lon="5.181806"/><trkpt lat="50.4895692" lon="5.1820679"/><trkpt lat="50.4894772" lon="5.1821709"/><trkpt lat="50.4892483" lon="5.1824442"/><trkpt lat="50.4890817" lon="5.1827026"/><trkpt lat="50.4887545" lon="5.1826725"/><trkpt lat="50.4885114" lon="5.1826604"/><trkpt lat="50.4884282" lon="5.1826454"/><trkpt lat="50.4882275" lon="5.1825877"/><trkpt lat="50.4880112" lon="5.1824724"/><trkpt lat="50.4877564" lon="5.1822464"/><trkpt lat="50.4874697" lon="5.1819693"/><trkpt lat="50.4871868" lon="5.1816702"/><trkpt lat="50.4870098" lon="5.1814922"/><trkpt lat="50.4866695" lon="5.181104"/><trkpt lat="50.486561" lon="5.1809968"/><trkpt lat="50.4864399" lon="5.1809079"/><trkpt lat="50.4863762" lon="5.1808585"/><trkpt lat="50.4863255" lon="5.1808249"/><trkpt lat="50.4862017" lon="5.1807541"/><trkpt lat="50.4859607" lon="5.1805948"/><trkpt lat="50.4857828" lon="5.1804267"/><trkpt lat="50.485632" lon="5.1802232"/><trkpt lat="50.4855036" lon="5.1800498"/><trkpt lat="50.4853798" lon="5.1798587"/><trkpt lat="50.4853603" lon="5.1798099"/><trkpt lat="50.4853077" lon="5.1796782"/><trkpt lat="50.4852604" lon="5.1794127"/><trkpt lat="50.4852491" lon="5.1792641"/><trkpt lat="50.4852559" lon="5.179119"/><trkpt lat="50.4852717" lon="5.1789951"/><trkpt lat="50.4853167" lon="5.1788854"/><trkpt lat="50.4853865" lon="5.1787686"/><trkpt lat="50.4855802" lon="5.1785916"/><trkpt lat="50.4857917" lon="5.1784232"/><trkpt lat="50.4859935" lon="5.1782532"/><trkpt lat="50.4861942" lon="5.1780494"/><trkpt lat="50.4863585" lon="5.1778537"/><trkpt lat="50.4865038" lon="5.1776211"/><trkpt lat="50.4865893" lon="5.17745"/><trkpt lat="50.4866409" lon="5.1772683"/><trkpt lat="50.4866976" lon="5.1769397"/><trkpt lat="50.4867662" lon="5.1764542"/><trkpt lat="50.4868034" lon="5.1760921"/><trkpt lat="50.4868264" lon="5.1759991"/><trkpt lat="50.486917" lon="5.1755363"/><trkpt lat="50.4871135" lon="5.1744125"/><trkpt lat="50.4872539" lon="5.1737944"/><trkpt lat="50.4873008" lon="5.1733298"/><trkpt lat="50.4873149" lon="5.1728823"/><trkpt lat="50.4873266" lon="5.1723926"/><trkpt lat="50.4873331" lon="5.1722828"/><trkpt lat="50.4873654" lon="5.1720389"/><trkpt lat="50.4873853" lon="5.1719588"/><trkpt lat="50.4874301" lon="5.1717787"/><trkpt lat="50.4874607" lon="5.1716683"/><trkpt lat="50.4874963" lon="5.1715399"/><trkpt lat="50.4876797" lon="5.1708782"/><trkpt lat="50.4880777" lon="5.1694637"/><trkpt lat="50.4882398" lon="5.1688925"/><trkpt lat="50.4883011" lon="5.1686458"/><trkpt lat="50.4883838" lon="5.168432"/><trkpt lat="50.4884949" lon="5.1683247"/><trkpt lat="50.4886203" lon="5.1682036"/><trkpt lat="50.4887759" lon="5.1680057"/><trkpt lat="50.4889219" lon="5.1677569"/><trkpt lat="50.4890461" lon="5.167473"/><trkpt lat="50.4892077" lon="5.1670814"/><trkpt lat="50.4894458" lon="5.1662316"/><trkpt lat="50.4895793" lon="5.1658005"/><trkpt lat="50.489813" lon="5.1650474"/><trkpt lat="50.4899041" lon="5.1644999"/><trkpt lat="50.4899221" lon="5.1640586"/><trkpt lat="50.4898761" lon="5.1636544"/><trkpt lat="50.4897811" lon="5.1632248"/><trkpt lat="50.4895715" lon="5.1625495"/><trkpt lat="50.4891821" lon="5.1613553"/><trkpt lat="50.4887866" lon="5.1601424"/><trkpt lat="50.4883321" lon="5.1586816"/><trkpt lat="50.488125" lon="5.1579727"/><trkpt lat="50.4879417" lon="5.1574266"/><trkpt lat="50.4876916" lon="5.1566228"/><trkpt lat="50.4866319" lon="5.1532166"/><trkpt lat="50.4864617" lon="5.1525721"/><trkpt lat="50.4861886" lon="5.1517728"/><trkpt lat="50.4860706" lon="5.151477"/><trkpt lat="50.4860013" lon="5.1513033"/><trkpt lat="50.4856573" lon="5.1504413"/><trkpt lat="50.4854036" lon="5.149965"/><trkpt lat="50.4852739" lon="5.1497236"/><trkpt lat="50.4850655" lon="5.1494071"/><trkpt lat="50.4847915" lon="5.1491737"/><trkpt lat="50.4845288" lon="5.1490258"/><trkpt lat="50.4842583" lon="5.1490135"/><trkpt lat="50.4841871" lon="5.1489778"/><trkpt lat="50.484106" lon="5.1488433"/><trkpt lat="50.4839855" lon="5.1484404"/><trkpt lat="50.4846404" lon="5.1477734"/><trkpt lat="50.4855328" lon="5.1469994"/><trkpt lat="50.4857188" lon="5.1468296"/><trkpt lat="50.4857797" lon="5.146751"/><trkpt lat="50.4858442" lon="5.1466305"/><trkpt lat="50.4858822" lon="5.1464549"/><trkpt lat="50.4858957" lon="5.1462742"/><trkpt lat="50.4859212" lon="5.1461611"/><trkpt lat="50.4859589" lon="5.1450087"/><trkpt lat="50.4859718" lon="5.1448196"/><trkpt lat="50.4860908" lon="5.1430806"/><trkpt lat="50.4861197" lon="5.1425177"/><trkpt lat="50.486168" lon="5.1413909"/><trkpt lat="50.4861796" lon="5.1411203"/><trkpt lat="50.4861588" lon="5.1408882"/><trkpt lat="50.4860998" lon="5.1402294"/><trkpt lat="50.486082" lon="5.1399676"/><trkpt lat="50.4860754" lon="5.1398715"/><trkpt lat="50.4860899" lon="5.1396065"/><trkpt lat="50.4862202" lon="5.1380362"/><trkpt lat="50.4864115" lon="5.1371322"/><trkpt lat="50.4875424" lon="5.1339255"/><trkpt lat="50.4875726" lon="5.1334208"/><trkpt lat="50.4872382" lon="5.1319832"/><trkpt lat="50.4871748" lon="5.1308409"/><trkpt lat="50.4873337" lon="5.1304758"/><trkpt lat="50.487557" lon="5.13014"/><trkpt lat="50.4881221" lon="5.1294213"/><trkpt lat="50.4882807" lon="5.1291909"/><trkpt lat="50.4884972" lon="5.1294873"/><trkpt lat="50.4887467" lon="5.1300657"/><trkpt lat="50.4890363" lon="5.1307717"/><trkpt lat="50.4893617" lon="5.1311197"/><trkpt lat="50.4897379" lon="5.1313295"/><trkpt lat="50.4905754" lon="5.1312847"/><trkpt lat="50.4917671" lon="5.1313276"/><trkpt lat="50.4925977" lon="5.1313575"/><trkpt lat="50.4936291" lon="5.1314459"/><trkpt lat="50.4937527" lon="5.1314202"/><trkpt lat="50.4939963" lon="5.1313697"/><trkpt lat="50.4944102" lon="5.1314775"/><trkpt lat="50.4944376" lon="5.1315795"/><trkpt lat="50.4944365" lon="5.1317619"/><trkpt lat="50.4948407" lon="5.1321947"/><trkpt lat="50.495008" lon="5.132374"/><trkpt lat="50.4954893" lon="5.1326356"/><trkpt lat="50.49587" lon="5.1323748"/><trkpt lat="50.4962865" lon="5.1322057"/><trkpt lat="50.4968374" lon="5.1320314"/><trkpt lat="50.4974216" lon="5.1318965"/><trkpt lat="50.4975552" lon="5.1319452"/><trkpt lat="50.4977106" lon="5.1323542"/><trkpt lat="50.4978324" lon="5.1327903"/><trkpt lat="50.4978817" lon="5.1329182"/><trkpt lat="50.4979676" lon="5.1328715"/><trkpt lat="50.4986688" lon="5.1320137"/><trkpt lat="50.4990525" lon="5.1317586"/><trkpt lat="50.4993483" lon="5.1315414"/><trkpt lat="50.5002303" lon="5.1306164"/><trkpt lat="50.5003133" lon="5.1307752"/><trkpt lat="50.5006464" lon="5.1314121"/><trkpt lat="50.5006572" lon="5.1314327"/><trkpt lat="50.5006993" lon="5.1313939"/><trkpt lat="50.5012527" lon="5.1308838"/><trkpt lat="50.5015671" lon="5.130413"/><trkpt lat="50.5019162" lon="5.1300723"/><trkpt lat="50.5020707" lon="5.1298643"/><trkpt lat="50.5023614" lon="5.1295655"/><trkpt lat="50.5016446" lon="5.1275667"/><trkpt lat="50.5013064" lon="5.1266721"/><trkpt lat="50.5011546" lon="5.1262706"/><trkpt lat="50.5004856" lon="5.1249812"/><trkpt lat="50.5001057" lon="5.124035"/><trkpt lat="50.4996795" lon="5.1229456"/><trkpt lat="50.4989738" lon="5.120757"/><trkpt lat="50.4985483" lon="5.1194511"/><trkpt lat="50.4983382" lon="5.1188141"/><trkpt lat="50.4981665" lon="5.1183656"/><trkpt lat="50.4979916" lon="5.1177032"/><trkpt lat="50.497926" lon="5.1174107"/><trkpt lat="50.4970526" lon="5.1138384"/><trkpt lat="50.4967339" lon="5.1140043"/><trkpt lat="50.4967508" lon="5.1137148"/><trkpt lat="50.4967458" lon="5.113346"/><trkpt lat="50.4966919" lon="5.1129949"/><trkpt lat="50.4965397" lon="5.1123159"/><trkpt lat="50.4962501" lon="5.1113468"/><trkpt lat="50.4961743" lon="5.1111956"/><trkpt lat="50.4960747" lon="5.1113159"/><trkpt lat="50.495857" lon="5.1114212"/><trkpt lat="50.4954425" lon="5.1116744"/><trkpt lat="50.4953772" lon="5.1116328"/><trkpt lat="50.4953221" lon="5.1115933"/><trkpt lat="50.4951102" lon="5.1116746"/><trkpt lat="50.4950662" lon="5.1117476"/><trkpt lat="50.494789" lon="5.1118205"/><trkpt lat="50.4946641" lon="5.1117865"/><trkpt lat="50.4944509" lon="5.1117966"/><trkpt lat="50.4943135" lon="5.1117742"/><trkpt lat="50.4942198" lon="5.1117157"/><trkpt lat="50.4941359" lon="5.1116282"/><trkpt lat="50.4940842" lon="5.1115325"/><trkpt lat="50.4939923" lon="5.1113741"/><trkpt lat="50.4940088" lon="5.1112824"/><trkpt lat="50.4940178" lon="5.1111463"/><trkpt lat="50.4940087" lon="5.110814"/><trkpt lat="50.4940156" lon="5.1104438"/><trkpt lat="50.4940317" lon="5.1103109"/><trkpt lat="50.4940526" lon="5.1102896"/><trkpt lat="50.4940982" lon="5.1102651"/><trkpt lat="50.4939515" lon="5.1094714"/><trkpt lat="50.493911" lon="5.1094312"/><trkpt lat="50.4937869" lon="5.1089823"/><trkpt lat="50.493727" lon="5.1087406"/><trkpt lat="50.4936583" lon="5.1085081"/><trkpt lat="50.4933265" lon="5.1078909"/><trkpt lat="50.4929079" lon="5.1071923"/><trkpt lat="50.4926809" lon="5.1068496"/><trkpt lat="50.4923768" lon="5.1063903"/><trkpt lat="50.4923031" lon="5.106283"/><trkpt lat="50.4919703" lon="5.1057855"/><trkpt lat="50.4917591" lon="5.1053296"/><trkpt lat="50.4916338" lon="5.1050466"/><trkpt lat="50.491407" lon="5.1045341"/><trkpt lat="50.4911716" lon="5.1040591"/><trkpt lat="50.4909774" lon="5.1036408"/><trkpt lat="50.4908795" lon="5.1034344"/><trkpt lat="50.4907401" lon="5.103268"/><trkpt lat="50.4903542" lon="5.1028441"/><trkpt lat="50.4900936" lon="5.1025306"/><trkpt lat="50.4898726" lon="5.1022452"/><trkpt lat="50.4898099" lon="5.1021642"/><trkpt lat="50.4897055" lon="5.1021416"/><trkpt lat="50.4896894" lon="5.1021843"/><trkpt lat="50.4896649" lon="5.1022155"/><trkpt lat="50.489635" lon="5.1022313"/><trkpt lat="50.4896034" lon="5.1022296"/><trkpt lat="50.4895743" lon="5.1022108"/><trkpt lat="50.4895511" lon="5.1021771"/><trkpt lat="50.4895392" lon="5.1021433"/><trkpt lat="50.4894256" lon="5.1021282"/><trkpt lat="50.4890523" lon="5.1019652"/><trkpt lat="50.488493" lon="5.1017153"/><trkpt lat="50.4881651" lon="5.1015763"/><trkpt lat="50.4878398" lon="5.1014218"/><trkpt lat="50.4874368" lon="5.1012291"/><trkpt lat="50.487418" lon="5.1012084"/><trkpt lat="50.4872825" lon="5.1011636"/><trkpt lat="50.4870584" lon="5.1011633"/><trkpt lat="50.4869768" lon="5.1011887"/><trkpt lat="50.4868163" lon="5.1011825"/><trkpt lat="50.4867564" lon="5.1011782"/><trkpt lat="50.4866851" lon="5.1011688"/><trkpt lat="50.4866756" lon="5.1011553"/><trkpt lat="50.4866379" lon="5.1011041"/><trkpt lat="50.4865773" lon="5.1010157"/><trkpt lat="50.4865591" lon="5.1009504"/><trkpt lat="50.4865432" lon="5.1007785"/><trkpt lat="50.4865518" lon="5.1006699"/><trkpt lat="50.4865606" lon="5.1006411"/><trkpt lat="50.4865817" lon="5.1005933"/><trkpt lat="50.4866272" lon="5.100562"/><trkpt lat="50.486625" lon="5.1002854"/><trkpt lat="50.4865585" lon="5.1002255"/><trkpt lat="50.4864545" lon="5.0996743"/><trkpt lat="50.4864476" lon="5.0996291"/><trkpt lat="50.4862185" lon="5.0983851"/><trkpt lat="50.4861852" lon="5.0981722"/><trkpt lat="50.4864067" lon="5.0982364"/><trkpt lat="50.4864457" lon="5.0982183"/><trkpt lat="50.4866772" lon="5.098073"/><trkpt lat="50.4875483" lon="5.0975669"/><trkpt lat="50.4878064" lon="5.0975554"/><trkpt lat="50.4891316" lon="5.0971295"/><trkpt lat="50.4892081" lon="5.0971049"/><trkpt lat="50.4891963" lon="5.0969876"/><trkpt lat="50.489084" lon="5.096111"/><trkpt lat="50.4890023" lon="5.095531"/><trkpt lat="50.4889483" lon="5.0951254"/><trkpt lat="50.4889186" lon="5.0948897"/><trkpt lat="50.4889052" lon="5.0947747"/><trkpt lat="50.4888047" lon="5.0939607"/><trkpt lat="50.4887444" lon="5.0934723"/><trkpt lat="50.4886467" lon="5.092737"/><trkpt lat="50.4885325" lon="5.0917853"/><trkpt lat="50.4884603" lon="5.0912931"/><trkpt lat="50.4884527" lon="5.091119"/><trkpt lat="50.4884948" lon="5.090877"/><trkpt lat="50.4885171" lon="5.0907487"/><trkpt lat="50.4885668" lon="5.0904632"/><trkpt lat="50.4886344" lon="5.0900743"/><trkpt lat="50.4885199" lon="5.0900344"/><trkpt lat="50.4883029" lon="5.0899589"/><trkpt lat="50.4882523" lon="5.0897264"/><trkpt lat="50.4878977" lon="5.0873856"/><trkpt lat="50.4878172" lon="5.0872419"/><trkpt lat="50.4877701" lon="5.0869921"/><trkpt lat="50.4877261" lon="5.0865919"/><trkpt lat="50.4877564" lon="5.0864794"/><trkpt lat="50.4877806" lon="5.0862895"/><trkpt lat="50.4878845" lon="5.0854743"/><trkpt lat="50.488261" lon="5.0829433"/><trkpt lat="50.488254" lon="5.0828253"/><trkpt lat="50.4882382" lon="5.0826993"/><trkpt lat="50.4881983" lon="5.0824413"/><trkpt lat="50.4883028" lon="5.0820788"/><trkpt lat="50.4883307" lon="5.0814513"/><trkpt lat="50.4885748" lon="5.0806425"/><trkpt lat="50.488884" lon="5.0795219"/><trkpt lat="50.4890419" lon="5.0791783"/><trkpt lat="50.4891763" lon="5.0784697"/><trkpt lat="50.4893164" lon="5.078035"/><trkpt lat="50.4893224" lon="5.0780164"/><trkpt lat="50.4896527" lon="5.0773585"/><trkpt lat="50.4900459" lon="5.0765567"/><trkpt lat="50.4900809" lon="5.076429"/><trkpt lat="50.4903924" lon="5.0752938"/><trkpt lat="50.490405" lon="5.0751066"/><trkpt lat="50.4904958" lon="5.0744805"/><trkpt lat="50.4904999" lon="5.0744528"/><trkpt lat="50.4905507" lon="5.0740739"/><trkpt lat="50.4906161" lon="5.0739795"/><trkpt lat="50.4906598" lon="5.0737821"/><trkpt lat="50.4907995" lon="5.0728864"/><trkpt lat="50.4908287" lon="5.0725834"/><trkpt lat="50.4908704" lon="5.0722161"/><trkpt lat="50.4908839" lon="5.0720973"/><trkpt lat="50.4911138" lon="5.0706296"/><trkpt lat="50.4915078" lon="5.0707551"/><trkpt lat="50.4915849" lon="5.0707393"/><trkpt lat="50.4916676" lon="5.0707373"/><trkpt lat="50.4916844" lon="5.0696481"/><trkpt lat="50.4916997" lon="5.0689923"/><trkpt lat="50.4917548" lon="5.0690014"/><trkpt lat="50.4918865" lon="5.068988"/><trkpt lat="50.4919938" lon="5.0689438"/><trkpt lat="50.4920916" lon="5.0688369"/><trkpt lat="50.4922297" lon="5.0685502"/><trkpt lat="50.4922822" lon="5.0682842"/><trkpt lat="50.4924175" lon="5.067308"/><trkpt lat="50.4927347" lon="5.0657827"/><trkpt lat="50.4929837" lon="5.0645813"/><trkpt lat="50.4935497" lon="5.0620554"/><trkpt lat="50.4936227" lon="5.0617566"/><trkpt lat="50.4937747" lon="5.0610825"/><trkpt lat="50.4941873" lon="5.0592345"/><trkpt lat="50.4947082" lon="5.0568852"/><trkpt lat="50.4950876" lon="5.0551771"/><trkpt lat="50.4954497" lon="5.0535889"/><trkpt lat="50.4955337" lon="5.0530672"/><trkpt lat="50.4955799" lon="5.0526651"/><trkpt lat="50.4956057" lon="5.0521809"/><trkpt lat="50.4956094" lon="5.0516712"/><trkpt lat="50.4956021" lon="5.0509647"/><trkpt lat="50.4954217" lon="5.045449"/><trkpt lat="50.4953786" lon="5.0439868"/><trkpt lat="50.4953447" lon="5.0433142"/><trkpt lat="50.4952896" lon="5.0427088"/><trkpt lat="50.4952071" lon="5.0420907"/><trkpt lat="50.4951623" lon="5.0418084"/><trkpt lat="50.495098" lon="5.0414303"/><trkpt lat="50.4949275" lon="5.0406735"/><trkpt lat="50.4945309" lon="5.0391919"/><trkpt lat="50.4939311" lon="5.0370821"/><trkpt lat="50.4936559" lon="5.0358712"/><trkpt lat="50.4935264" lon="5.0352027"/><trkpt lat="50.4933189" lon="5.0341607"/><trkpt lat="50.4932316" lon="5.0337201"/><trkpt lat="50.4928659" lon="5.032228"/><trkpt lat="50.4927285" lon="5.0317397"/><trkpt lat="50.4925847" lon="5.0313405"/><trkpt lat="50.4918495" lon="5.0295558"/><trkpt lat="50.4916414" lon="5.0290414"/><trkpt lat="50.4914047" lon="5.0285429"/><trkpt lat="50.491286" lon="5.0284629"/><trkpt lat="50.4911552" lon="5.0282908"/><trkpt lat="50.4910142" lon="5.0280844"/><trkpt lat="50.4906449" lon="5.027682"/><trkpt lat="50.490625" lon="5.0275816"/><trkpt lat="50.4904565" lon="5.0270447"/><trkpt lat="50.4903981" lon="5.0267551"/><trkpt lat="50.4902947" lon="5.0265712"/><trkpt lat="50.4902302" lon="5.0265151"/><trkpt lat="50.4901787" lon="5.0265307"/><trkpt lat="50.4900639" lon="5.0268205"/><trkpt lat="50.4898872" lon="5.0272789"/><trkpt lat="50.4898716" lon="5.0274141"/><trkpt lat="50.4899416" lon="5.0273275"/><trkpt lat="50.490323" lon="5.0268612"/><trkpt lat="50.4903478" lon="5.0268327"/><trkpt lat="50.4914314" lon="5.0255718"/><trkpt lat="50.4914665" lon="5.02553"/><trkpt lat="50.4914873" lon="5.0254479"/><trkpt lat="50.4914805" lon="5.0253158"/><trkpt lat="50.491379" lon="5.0251159"/><trkpt lat="50.4909834" lon="5.0244537"/><trkpt lat="50.4909328" lon="5.0243195"/><trkpt lat="50.490908" lon="5.0241934"/><trkpt lat="50.4909029" lon="5.0240306"/><trkpt lat="50.49091" lon="5.0239019"/><trkpt lat="50.4909423" lon="5.0237442"/><trkpt lat="50.4909483" lon="5.0237158"/><trkpt lat="50.4910414" lon="5.0235221"/><trkpt lat="50.4911095" lon="5.0234603"/><trkpt lat="50.4911994" lon="5.0233948"/><trkpt lat="50.4913042" lon="5.0233513"/><trkpt lat="50.4914169" lon="5.0233357"/><trkpt lat="50.4916615" lon="5.0234452"/><trkpt lat="50.4917391" lon="5.0234668"/><trkpt lat="50.4918423" lon="5.0234396"/><trkpt lat="50.4919258" lon="5.0233708"/><trkpt lat="50.4921085" lon="5.0231864"/><trkpt lat="50.4923647" lon="5.0227933"/><trkpt lat="50.4925928" lon="5.0224422"/><trkpt lat="50.4929257" lon="5.0222221"/><trkpt lat="50.4935768" lon="5.021798"/><trkpt lat="50.4937113" lon="5.0216276"/><trkpt lat="50.4937371" lon="5.0215821"/><trkpt lat="50.4938279" lon="5.0214218"/><trkpt lat="50.4940093" lon="5.020725"/><trkpt lat="50.4942524" lon="5.0187144"/><trkpt lat="50.4943892" lon="5.0180658"/><trkpt lat="50.4944539" lon="5.0177594"/><trkpt lat="50.4945396" lon="5.0168222"/><trkpt lat="50.4947819" lon="5.0158558"/><trkpt lat="50.4948531" lon="5.0156903"/><trkpt lat="50.4948622" lon="5.0156571"/><trkpt lat="50.49497" lon="5.015266"/><trkpt lat="50.4954279" lon="5.0142721"/><trkpt lat="50.495604" lon="5.014173"/><trkpt lat="50.4957744" lon="5.0141018"/><trkpt lat="50.4961833" lon="5.0139309"/><trkpt lat="50.4964373" lon="5.0138248"/><trkpt lat="50.4965277" lon="5.0136726"/><trkpt lat="50.4966589" lon="5.0135353"/><trkpt lat="50.4967449" lon="5.0134551"/><trkpt lat="50.4968816" lon="5.0133277"/><trkpt lat="50.496957" lon="5.0132623"/><trkpt lat="50.4973155" lon="5.013025"/><trkpt lat="50.4976786" lon="5.0128093"/><trkpt lat="50.4975896" lon="5.0122473"/><trkpt lat="50.4976817" lon="5.0118212"/><trkpt lat="50.497766" lon="5.0115368"/><trkpt lat="50.4978097" lon="5.0111969"/><trkpt lat="50.4978088" lon="5.0109659"/><trkpt lat="50.4977747" lon="5.0106432"/><trkpt lat="50.4977579" lon="5.0104934"/><trkpt lat="50.4977427" lon="5.0102721"/><trkpt lat="50.4976713" lon="5.0099685"/><trkpt lat="50.4976121" lon="5.0097704"/><trkpt lat="50.4975538" lon="5.00969"/><trkpt lat="50.4975749" lon="5.0095296"/><trkpt lat="50.4976141" lon="5.0092401"/><trkpt lat="50.4975314" lon="5.0090917"/><trkpt lat="50.4973893" lon="5.0088366"/><trkpt lat="50.497278" lon="5.0086671"/><trkpt lat="50.4970345" lon="5.008414"/><trkpt lat="50.4972122" lon="5.0080089"/><trkpt lat="50.4972485" lon="5.0079262"/><trkpt lat="50.4971159" lon="5.0077273"/><trkpt lat="50.4968021" lon="5.0070596"/><trkpt lat="50.4967737" lon="5.0068277"/><trkpt lat="50.4968125" lon="5.0068182"/><trkpt lat="50.4969985" lon="5.0053283"/><trkpt lat="50.497028" lon="5.0050923"/><trkpt lat="50.4973463" lon="5.0024178"/><trkpt lat="50.4974089" lon="5.0020583"/><trkpt lat="50.4975562" lon="5.0014355"/><trkpt lat="50.4980408" lon="4.9998413"/><trkpt lat="50.498173" lon="4.999523"/><trkpt lat="50.4982189" lon="4.9994039"/><trkpt lat="50.4970459" lon="4.9948028"/><trkpt lat="50.4969648" lon="4.99472"/><trkpt lat="50.4968609" lon="4.9947203"/><trkpt lat="50.4950629" lon="4.9954061"/><trkpt lat="50.4948822" lon="4.995399"/><trkpt lat="50.4948406" lon="4.9953384"/><trkpt lat="50.4948044" lon="4.9952858"/><trkpt lat="50.4941006" lon="4.9928755"/><trkpt lat="50.4939084" lon="4.9923067"/><trkpt lat="50.4938529" lon="4.9921904"/><trkpt lat="50.493588" lon="4.9916358"/><trkpt lat="50.4928928" lon="4.9893743"/><trkpt lat="50.4918821" lon="4.9878833"/><trkpt lat="50.4918023" lon="4.9876673"/><trkpt lat="50.491771" lon="4.9874687"/><trkpt lat="50.4917833" lon="4.9871214"/><trkpt lat="50.4916687" lon="4.9866267"/><trkpt lat="50.4912986" lon="4.9851756"/><trkpt lat="50.4909189" lon="4.9841706"/><trkpt lat="50.4907002" lon="4.9837413"/><trkpt lat="50.4905847" lon="4.9836608"/><trkpt lat="50.4903374" lon="4.9836744"/><trkpt lat="50.4906279" lon="4.9831081"/><trkpt lat="50.4909928" lon="4.9826582"/><trkpt lat="50.4916827" lon="4.982176"/><trkpt lat="50.4920872" lon="4.9819258"/><trkpt lat="50.4927254" lon="4.981612"/><trkpt lat="50.4930766" lon="4.9814888"/><trkpt lat="50.4931411" lon="4.9814708"/><trkpt lat="50.4931511" lon="4.9813309"/><trkpt lat="50.4931863" lon="4.9812"/><trkpt lat="50.4933203" lon="4.9810225"/><trkpt lat="50.4934992" lon="4.9808427"/><trkpt lat="50.4935445" lon="4.9805646"/><trkpt lat="50.4935447" lon="4.9803324"/><trkpt lat="50.4934853" lon="4.9793736"/><trkpt lat="50.4934887" lon="4.9793354"/><trkpt lat="50.493512" lon="4.9791861"/><trkpt lat="50.4937706" lon="4.9781777"/><trkpt lat="50.4937181" lon="4.9777262"/><trkpt lat="50.4936165" lon="4.9772526"/><trkpt lat="50.4934453" lon="4.9765565"/><trkpt lat="50.4933522" lon="4.9760156"/><trkpt lat="50.4933163" lon="4.9757005"/><trkpt lat="50.4932741" lon="4.9753966"/><trkpt lat="50.4931193" lon="4.9748717"/><trkpt lat="50.4929343" lon="4.9741635"/><trkpt lat="50.4928605" lon="4.9736288"/><trkpt lat="50.4927728" lon="4.9733499"/><trkpt lat="50.4925181" lon="4.9729664"/><trkpt lat="50.4918724" lon="4.9732881"/><trkpt lat="50.4916833" lon="4.9732636"/><trkpt lat="50.4912591" lon="4.9730257"/><trkpt lat="50.4910095" lon="4.9724334"/><trkpt lat="50.4909523" lon="4.9722609"/><trkpt lat="50.4906731" lon="4.9723194"/><trkpt lat="50.4904839" lon="4.9724172"/><trkpt lat="50.490217" lon="4.9723645"/><trkpt lat="50.4899843" lon="4.9720461"/><trkpt lat="50.4898167" lon="4.9715039"/><trkpt lat="50.4896068" lon="4.9709621"/><trkpt lat="50.4893116" lon="4.9702835"/><trkpt lat="50.4889071" lon="4.9691544"/><trkpt lat="50.488704" lon="4.9685475"/><trkpt lat="50.4884587" lon="4.9676718"/><trkpt lat="50.4884438" lon="4.9676191"/><trkpt lat="50.4882189" lon="4.9670257"/><trkpt lat="50.4878041" lon="4.9660462"/><trkpt lat="50.4877419" lon="4.9658919"/><trkpt lat="50.4876438" lon="4.9656564"/><trkpt lat="50.4875126" lon="4.9653419"/><trkpt lat="50.4871225" lon="4.9643375"/><trkpt lat="50.4868243" lon="4.9628685"/><trkpt lat="50.4867084" lon="4.962227"/><trkpt lat="50.4864305" lon="4.9607742"/><trkpt lat="50.4863566" lon="4.9605248"/><trkpt lat="50.48625" lon="4.960374"/><trkpt lat="50.4861501" lon="4.9603168"/><trkpt lat="50.4860085" lon="4.9603103"/><trkpt lat="50.4856562" lon="4.9603202"/><trkpt lat="50.4855561" lon="4.9603098"/><trkpt lat="50.4854601" lon="4.9602507"/><trkpt lat="50.4857517" lon="4.9601746"/><trkpt lat="50.4860422" lon="4.9600959"/><trkpt lat="50.486119" lon="4.9600666"/><trkpt lat="50.48624" lon="4.9600208"/><trkpt lat="50.4864773" lon="4.9599243"/><trkpt lat="50.4866452" lon="4.9598211"/><trkpt lat="50.4873263" lon="4.959126"/><trkpt lat="50.4876059" lon="4.9588576"/><trkpt lat="50.487608" lon="4.9588318"/><trkpt lat="50.4876143" lon="4.9587564"/><trkpt lat="50.4876305" lon="4.9585626"/><trkpt lat="50.4875899" lon="4.958355"/><trkpt lat="50.4875105" lon="4.9582008"/><trkpt lat="50.487368" lon="4.9580074"/><trkpt lat="50.4871728" lon="4.9580114"/><trkpt lat="50.4870248" lon="4.9580815"/><trkpt lat="50.4868934" lon="4.9581518"/><trkpt lat="50.4868392" lon="4.9582"/><trkpt lat="50.4867763" lon="4.9582057"/><trkpt lat="50.4866473" lon="4.9582079"/><trkpt lat="50.4865974" lon="4.9581871"/><trkpt lat="50.4865811" lon="4.9581754"/><trkpt lat="50.4865279" lon="4.958103"/><trkpt lat="50.4864972" lon="4.957681"/><trkpt lat="50.4864814" lon="4.9574681"/><trkpt lat="50.4864608" lon="4.9571943"/><trkpt lat="50.4864958" lon="4.9569677"/><trkpt lat="50.4865522" lon="4.9567685"/><trkpt lat="50.4865616" lon="4.956746"/><trkpt lat="50.486663" lon="4.9563763"/><trkpt lat="50.4866829" lon="4.9560339"/><trkpt lat="50.4866306" lon="4.9554777"/><trkpt lat="50.4865231" lon="4.9546704"/><trkpt lat="50.4864787" lon="4.9539757"/><trkpt lat="50.4864543" lon="4.9533212"/><trkpt lat="50.4864583" lon="4.9530771"/><trkpt lat="50.486477" lon="4.9528599"/><trkpt lat="50.4865948" lon="4.9523395"/><trkpt lat="50.486619" lon="4.9520187"/><trkpt lat="50.486576" lon="4.9517602"/><trkpt lat="50.4864958" lon="4.9515268"/><trkpt lat="50.4863183" lon="4.9511754"/><trkpt lat="50.4862603" lon="4.9509931"/><trkpt lat="50.4861767" lon="4.950639"/><trkpt lat="50.4860811" lon="4.9501964"/><trkpt lat="50.4859631" lon="4.9499091"/><trkpt lat="50.4857561" lon="4.9495317"/><trkpt lat="50.4855996" lon="4.9492022"/><trkpt lat="50.4855415" lon="4.9489375"/><trkpt lat="50.4854347" lon="4.9482335"/><trkpt lat="50.4853422" lon="4.9481053"/><trkpt lat="50.4853778" lon="4.9479722"/><trkpt lat="50.4863772" lon="4.9430557"/><trkpt lat="50.4867902" lon="4.9409074"/><trkpt lat="50.4866185" lon="4.9402178"/><trkpt lat="50.4862167" lon="4.939161"/><trkpt lat="50.4858642" lon="4.9383974"/><trkpt lat="50.4857711" lon="4.9381445"/><trkpt lat="50.4857139" lon="4.9379304"/><trkpt lat="50.4856043" lon="4.9376808"/><trkpt lat="50.4853948" lon="4.9374124"/><trkpt lat="50.4852141" lon="4.9373309"/><trkpt lat="50.484778" lon="4.9373465"/><trkpt lat="50.4845193" lon="4.9372911"/><trkpt lat="50.4844024" lon="4.93732"/><trkpt lat="50.4843069" lon="4.9373558"/><trkpt lat="50.4841551" lon="4.9373364"/><trkpt lat="50.483754" lon="4.9372009"/><trkpt lat="50.4835443" lon="4.937165"/><trkpt lat="50.4833278" lon="4.9369897"/><trkpt lat="50.4830132" lon="4.9366665"/><trkpt lat="50.4827661" lon="4.9362939"/><trkpt lat="50.4826505" lon="4.9362275"/><trkpt lat="50.4825538" lon="4.9362179"/><trkpt lat="50.4823639" lon="4.9363302"/><trkpt lat="50.4820109" lon="4.9363858"/><trkpt lat="50.4818005" lon="4.9363585"/><trkpt lat="50.4815642" lon="4.936258"/><trkpt lat="50.4812784" lon="4.9361204"/><trkpt lat="50.480935" lon="4.9358142"/><trkpt lat="50.4807498" lon="4.9356328"/><trkpt lat="50.480422" lon="4.9354374"/><trkpt lat="50.480265" lon="4.9352603"/><trkpt lat="50.4800788" lon="4.9349561"/><trkpt lat="50.4799038" lon="4.9344154"/><trkpt lat="50.4796106" lon="4.9334685"/><trkpt lat="50.4794381" lon="4.9329846"/><trkpt lat="50.4794078" lon="4.9327862"/><trkpt lat="50.4794986" lon="4.9325568"/><trkpt lat="50.4795834" lon="4.9324719"/><trkpt lat="50.4800904" lon="4.9321478"/><trkpt lat="50.4802527" lon="4.9321184"/><trkpt lat="50.4807343" lon="4.9319165"/><trkpt lat="50.4808035" lon="4.9318752"/><trkpt lat="50.4810209" lon="4.9317312"/><trkpt lat="50.4810771" lon="4.9315551"/><trkpt lat="50.4810471" lon="4.9313121"/><trkpt lat="50.4810845" lon="4.9310571"/><trkpt lat="50.4810686" lon="4.930729"/><trkpt lat="50.4809517" lon="4.9304087"/><trkpt lat="50.4805011" lon="4.9297155"/><trkpt lat="50.4800418" lon="4.9291795"/><trkpt lat="50.4796702" lon="4.9290602"/><trkpt lat="50.4794199" lon="4.9290071"/><trkpt lat="50.4793505" lon="4.929025"/><trkpt lat="50.4792681" lon="4.9289955"/><trkpt lat="50.4789473" lon="4.929124"/><trkpt lat="50.4786802" lon="4.9292575"/><trkpt lat="50.478336" lon="4.9295772"/><trkpt lat="50.4781164" lon="4.9298462"/><trkpt lat="50.4778062" lon="4.9301501"/><trkpt lat="50.477724" lon="4.9302442"/><trkpt lat="50.4773577" lon="4.9305131"/><trkpt lat="50.4771736" lon="4.9306807"/><trkpt lat="50.47689" lon="4.9309738"/><trkpt lat="50.4767747" lon="4.9310526"/><trkpt lat="50.4765959" lon="4.9310645"/><trkpt lat="50.4764464" lon="4.931225"/><trkpt lat="50.4762389" lon="4.9311392"/><trkpt lat="50.4753977" lon="4.9304354"/><trkpt lat="50.4740511" lon="4.9284379"/><trkpt lat="50.4737914" lon="4.9280527"/><trkpt lat="50.4736395" lon="4.9279893"/><trkpt lat="50.4735197" lon="4.927919"/><trkpt lat="50.473351" lon="4.9278825"/><trkpt lat="50.4730022" lon="4.9277673"/><trkpt lat="50.4723543" lon="4.927587"/><trkpt lat="50.4722416" lon="4.9276169"/><trkpt lat="50.4721106" lon="4.9276966"/><trkpt lat="50.4720131" lon="4.9278086"/><trkpt lat="50.4717796" lon="4.9277131"/><trkpt lat="50.4716176" lon="4.9275808"/><trkpt lat="50.4715961" lon="4.9276456"/><trkpt lat="50.4713461" lon="4.9284006"/><trkpt lat="50.4713282" lon="4.9284998"/><trkpt lat="50.4711002" lon="4.9288703"/><trkpt lat="50.4701119" lon="4.9274259"/><trkpt lat="50.4695908" lon="4.926679"/><trkpt lat="50.468125" lon="4.9245584"/><trkpt lat="50.4678183" lon="4.9240789"/><trkpt lat="50.4675249" lon="4.9235686"/><trkpt lat="50.4672396" lon="4.9230082"/><trkpt lat="50.4668931" lon="4.9222304"/><trkpt lat="50.4666536" lon="4.9215791"/><trkpt lat="50.4665396" lon="4.9212935"/><trkpt lat="50.4664115" lon="4.9209243"/><trkpt lat="50.4663715" lon="4.9207826"/><trkpt lat="50.4663365" lon="4.9206636"/><trkpt lat="50.4667445" lon="4.9203149"/><trkpt lat="50.4667326" lon="4.9202553"/><trkpt lat="50.4667294" lon="4.9201522"/><trkpt lat="50.4667403" lon="4.9200802"/><trkpt lat="50.4668214" lon="4.9199715"/><trkpt lat="50.4669476" lon="4.9199245"/><trkpt lat="50.4672425" lon="4.9197855"/><trkpt lat="50.4672803" lon="4.9197605"/><trkpt lat="50.4674882" lon="4.9196234"/><trkpt lat="50.4676307" lon="4.9194666"/><trkpt lat="50.4676875" lon="4.9193688"/><trkpt lat="50.4677332" lon="4.9192667"/><trkpt lat="50.4677831" lon="4.9191377"/><trkpt lat="50.4678043" lon="4.9190349"/><trkpt lat="50.4678162" lon="4.9189256"/><trkpt lat="50.4678158" lon="4.9188674"/><trkpt lat="50.4678076" lon="4.918671"/><trkpt lat="50.4677913" lon="4.9184832"/><trkpt lat="50.4676792" lon="4.9181748"/><trkpt lat="50.4675034" lon="4.9177533"/><trkpt lat="50.4673763" lon="4.9174056"/><trkpt lat="50.46727" lon="4.9170251"/><trkpt lat="50.4671347" lon="4.91648"/><trkpt lat="50.4670886" lon="4.9162798"/><trkpt lat="50.4670014" lon="4.9159011"/><trkpt lat="50.4667462" lon="4.9147434"/><trkpt lat="50.4663108" lon="4.9127354"/><trkpt lat="50.4660284" lon="4.9113161"/><trkpt lat="50.4659847" lon="4.9109233"/><trkpt lat="50.4659634" lon="4.9106511"/><trkpt lat="50.4659367" lon="4.9101753"/><trkpt lat="50.4659198" lon="4.9098621"/><trkpt lat="50.4658972" lon="4.9093696"/><trkpt lat="50.4658923" lon="4.9091084"/><trkpt lat="50.4658939" lon="4.9086409"/><trkpt lat="50.4659038" lon="4.9077899"/><trkpt lat="50.4659396" lon="4.9071151"/><trkpt lat="50.4659487" lon="4.9069427"/><trkpt lat="50.4659706" lon="4.906706"/><trkpt lat="50.4660471" lon="4.9059694"/><trkpt lat="50.466077" lon="4.9056915"/><trkpt lat="50.4661622" lon="4.9050264"/><trkpt lat="50.4662302" lon="4.9046183"/><trkpt lat="50.4662875" lon="4.9043004"/><trkpt lat="50.4664001" lon="4.9037671"/><trkpt lat="50.4665525" lon="4.9031558"/><trkpt lat="50.4668454" lon="4.9022325"/><trkpt lat="50.4670204" lon="4.9017382"/><trkpt lat="50.4671135" lon="4.9014608"/><trkpt lat="50.4672025" lon="4.9012614"/><trkpt lat="50.4674777" lon="4.9006532"/><trkpt lat="50.4674952" lon="4.9005259"/><trkpt lat="50.4675257" lon="4.9004297"/><trkpt lat="50.4675497" lon="4.9003204"/><trkpt lat="50.4675668" lon="4.9001897"/><trkpt lat="50.4675683" lon="4.9000707"/><trkpt lat="50.4675433" lon="4.8999114"/><trkpt lat="50.4674946" lon="4.8997408"/><trkpt lat="50.4674638" lon="4.899684"/><trkpt lat="50.4674185" lon="4.8996149"/><trkpt lat="50.4673301" lon="4.8995341"/><trkpt lat="50.4672623" lon="4.8994825"/><trkpt lat="50.4672024" lon="4.8994458"/><trkpt lat="50.466325" lon="4.8991379"/><trkpt lat="50.4660504" lon="4.8990339"/><trkpt lat="50.4653042" lon="4.8985736"/><trkpt lat="50.4651827" lon="4.8985118"/><trkpt lat="50.4650011" lon="4.8984533"/><trkpt lat="50.4648475" lon="4.89844"/><trkpt lat="50.4647342" lon="4.8984044"/><trkpt lat="50.4647929" lon="4.8984996"/><trkpt lat="50.4649823" lon="4.8986245"/><trkpt lat="50.4651758" lon="4.898644"/><trkpt lat="50.465287" lon="4.8985157"/><trkpt lat="50.4653562" lon="4.8983844"/><trkpt lat="50.4653836" lon="4.8983428"/><trkpt lat="50.465401" lon="4.8982845"/><trkpt lat="50.4654199" lon="4.8981749"/><trkpt lat="50.4654272" lon="4.8980527"/><trkpt lat="50.4654524" lon="4.897901"/><trkpt lat="50.4654751" lon="4.8978624"/><trkpt lat="50.4655114" lon="4.8978523"/><trkpt lat="50.4655565" lon="4.8965854"/><trkpt lat="50.4655669" lon="4.8962916"/><trkpt lat="50.4655819" lon="4.8957022"/><trkpt lat="50.4655489" lon="4.8955698"/><trkpt lat="50.4655473" lon="4.8954217"/><trkpt lat="50.4655877" lon="4.8952397"/><trkpt lat="50.4656319" lon="4.8948996"/><trkpt lat="50.4656378" lon="4.8947352"/><trkpt lat="50.4656248" lon="4.8944671"/><trkpt lat="50.4655959" lon="4.8941825"/><trkpt lat="50.4654875" lon="4.8935412"/><trkpt lat="50.4654987" lon="4.8931984"/><trkpt lat="50.465531" lon="4.8923696"/><trkpt lat="50.4655677" lon="4.8914296"/><trkpt lat="50.4656077" lon="4.8904275"/><trkpt lat="50.4656486" lon="4.8894878"/><trkpt lat="50.4656618" lon="4.8889727"/><trkpt lat="50.4656587" lon="4.8885632"/><trkpt lat="50.4656342" lon="4.8881117"/><trkpt lat="50.465575" lon="4.887489"/><trkpt lat="50.4654333" lon="4.8861939"/><trkpt lat="50.4653205" lon="4.8850976"/><trkpt lat="50.4652809" lon="4.8847124"/><trkpt lat="50.4652563" lon="4.8845048"/><trkpt lat="50.4652244" lon="4.8842565"/><trkpt lat="50.4651906" lon="4.8839833"/><trkpt lat="50.4648463" lon="4.8820349"/><trkpt lat="50.4646398" lon="4.8810886"/><trkpt lat="50.4643727" lon="4.8802138"/><trkpt lat="50.4640886" lon="4.8792967"/><trkpt lat="50.4638316" lon="4.87848"/><trkpt lat="50.4635452" lon="4.877683"/><trkpt lat="50.4630645" lon="4.8766041"/><trkpt lat="50.462684" lon="4.8757559"/><trkpt lat="50.4625237" lon="4.8754284"/><trkpt lat="50.4623537" lon="4.8750928"/><trkpt lat="50.4620804" lon="4.8752549"/><trkpt lat="50.4619226" lon="4.8753558"/><trkpt lat="50.4618437" lon="4.8753868"/><trkpt lat="50.4616341" lon="4.8757069"/><trkpt lat="50.4616979" lon="4.8758341"/><trkpt lat="50.4619073" lon="4.8756162"/><trkpt lat="50.4634447" lon="4.8739761"/><trkpt lat="50.4634532" lon="4.8739603"/><trkpt lat="50.4634668" lon="4.8739232"/><trkpt lat="50.4634742" lon="4.8738781"/><trkpt lat="50.4634771" lon="4.8738216"/><trkpt lat="50.46346" lon="4.8737539"/><trkpt lat="50.4634378" lon="4.8737063"/><trkpt lat="50.4634623" lon="4.8736712"/><trkpt lat="50.4635302" lon="4.8735776"/><trkpt lat="50.4635547" lon="4.8735333"/><trkpt lat="50.4636043" lon="4.8735912"/><trkpt lat="50.4636527" lon="4.8736098"/><trkpt lat="50.4637123" lon="4.8736073"/><trkpt lat="50.4637658" lon="4.8735758"/><trkpt lat="50.4640353" lon="4.8733185"/><trkpt lat="50.4641578" lon="4.8733449"/><trkpt lat="50.4644723" lon="4.8729993"/><trkpt lat="50.4644892" lon="4.8729807"/><trkpt lat="50.4645046" lon="4.8729637"/><trkpt lat="50.464553" lon="4.8729105"/><trkpt lat="50.4645228" lon="4.8728388"/><trkpt lat="50.4645021" lon="4.8727874"/><trkpt lat="50.4644274" lon="4.8726022"/><trkpt lat="50.4642044" lon="4.8721724"/><trkpt lat="50.4641157" lon="4.8720359"/><trkpt lat="50.4639395" lon="4.8718048"/><trkpt lat="50.4638092" lon="4.8716234"/><trkpt lat="50.4637593" lon="4.8715163"/><trkpt lat="50.4637066" lon="4.8713936"/><trkpt lat="50.4636552" lon="4.8712445"/><trkpt lat="50.463612" lon="4.871057"/><trkpt lat="50.4636138" lon="4.8709902"/><trkpt lat="50.4636338" lon="4.8709019"/><trkpt lat="50.4636637" lon="4.8708024"/><trkpt lat="50.46366" lon="4.8706818"/><trkpt lat="50.4636308" lon="4.8704409"/><trkpt lat="50.4636048" lon="4.870305"/><trkpt lat="50.4635642" lon="4.8701774"/><trkpt lat="50.4635451" lon="4.8701673"/><trkpt lat="50.4635259" lon="4.8701504"/><trkpt lat="50.4633516" lon="4.8699057"/><trkpt lat="50.4633218" lon="4.8698528"/><trkpt lat="50.4632865" lon="4.8697714"/><trkpt lat="50.4632674" lon="4.8696813"/><trkpt lat="50.4632738" lon="4.8696236"/><trkpt lat="50.4632968" lon="4.8695816"/><trkpt lat="50.4634939" lon="4.8693126"/><trkpt lat="50.4636013" lon="4.8690102"/><trkpt lat="50.4636611" lon="4.8687248"/><trkpt lat="50.4637344" lon="4.8683041"/><trkpt lat="50.4637431" lon="4.8682354"/><trkpt lat="50.4637529" lon="4.8680809"/><trkpt lat="50.4637871" lon="4.8679883"/><trkpt lat="50.4638174" lon="4.8679368"/><trkpt lat="50.4638571" lon="4.8678578"/><trkpt lat="50.4640493" lon="4.8674641"/><trkpt lat="50.4641012" lon="4.8673518"/><trkpt lat="50.4642182" lon="4.867119"/><trkpt lat="50.4644256" lon="4.8666946"/><trkpt lat="50.4645076" lon="4.8665101"/><trkpt lat="50.4645922" lon="4.8663202"/><trkpt lat="50.4646982" lon="4.8660999"/><trkpt lat="50.4647811" lon="4.8659008"/><trkpt lat="50.4648498" lon="4.8656285"/><trkpt lat="50.4649122" lon="4.8651654"/><trkpt lat="50.464911" lon="4.8650971"/><trkpt lat="50.4649411" lon="4.8650598"/><trkpt lat="50.4649563" lon="4.8650204"/><trkpt lat="50.464946" lon="4.8649866"/><trkpt lat="50.4649426" lon="4.8649547"/><trkpt lat="50.464952" lon="4.8648811"/><trkpt lat="50.4650003" lon="4.8645681"/><trkpt lat="50.465046" lon="4.864259"/><trkpt lat="50.4650785" lon="4.8641048"/><trkpt lat="50.4651919" lon="4.8637401"/><trkpt lat="50.4652185" lon="4.8636685"/></trkseg></trk></gpx>